step,fold1/train_loss,fold1/val_mae,fold1/val_rmse,fold1/val_mard,fold1/val_mape,fold1/val_r2,fold1/val_pearson,fold1/val_ega_zone_a_pct,fold1/val_ega_zone_a_count,fold1/val_ega_zone_b_pct,fold1/val_ega_zone_b_count,fold1/val_ega_zone_c_pct,fold1/val_ega_zone_c_count,fold1/val_ega_zone_d_pct,fold1/val_ega_zone_d_count,fold1/val_ega_zone_e_pct,fold1/val_ega_zone_e_count,fold1/val_horizon_15_mae,fold1/val_horizon_15_rmse,fold1/val_horizon_15_mard,fold1/val_horizon_15_mape,fold1/val_horizon_15_r2,fold1/val_horizon_15_pearson,fold1/val_horizon_15_ega_zone_a_pct,fold1/val_horizon_15_ega_zone_a_count,fold1/val_horizon_15_ega_zone_b_pct,fold1/val_horizon_15_ega_zone_b_count,fold1/val_horizon_15_ega_zone_c_pct,fold1/val_horizon_15_ega_zone_c_count,fold1/val_horizon_15_ega_zone_d_pct,fold1/val_horizon_15_ega_zone_d_count,fold1/val_horizon_15_ega_zone_e_pct,fold1/val_horizon_15_ega_zone_e_count,fold1/val_horizon_30_mae,fold1/val_horizon_30_rmse,fold1/val_horizon_30_mard,fold1/val_horizon_30_mape,fold1/val_horizon_30_r2,fold1/val_horizon_30_pearson,fold1/val_horizon_30_ega_zone_a_pct,fold1/val_horizon_30_ega_zone_a_count,fold1/val_horizon_30_ega_zone_b_pct,fold1/val_horizon_30_ega_zone_b_count,fold1/val_horizon_30_ega_zone_c_pct,fold1/val_horizon_30_ega_zone_c_count,fold1/val_horizon_30_ega_zone_d_pct,fold1/val_horizon_30_ega_zone_d_count,fold1/val_horizon_30_ega_zone_e_pct,fold1/val_horizon_30_ega_zone_e_count,fold1/val_horizon_45_mae,fold1/val_horizon_45_rmse,fold1/val_horizon_45_mard,fold1/val_horizon_45_mape,fold1/val_horizon_45_r2,fold1/val_horizon_45_pearson,fold1/val_horizon_45_ega_zone_a_pct,fold1/val_horizon_45_ega_zone_a_count,fold1/val_horizon_45_ega_zone_b_pct,fold1/val_horizon_45_ega_zone_b_count,fold1/val_horizon_45_ega_zone_c_pct,fold1/val_horizon_45_ega_zone_c_count,fold1/val_horizon_45_ega_zone_d_pct,fold1/val_horizon_45_ega_zone_d_count,fold1/val_horizon_45_ega_zone_e_pct,fold1/val_horizon_45_ega_zone_e_count,fold1/val_horizon_60_mae,fold1/val_horizon_60_rmse,fold1/val_horizon_60_mard,fold1/val_horizon_60_mape,fold1/val_horizon_60_r2,fold1/val_horizon_60_pearson,fold1/val_horizon_60_ega_zone_a_pct,fold1/val_horizon_60_ega_zone_a_count,fold1/val_horizon_60_ega_zone_b_pct,fold1/val_horizon_60_ega_zone_b_count,fold1/val_horizon_60_ega_zone_c_pct,fold1/val_horizon_60_ega_zone_c_count,fold1/val_horizon_60_ega_zone_d_pct,fold1/val_horizon_60_ega_zone_d_count,fold1/val_horizon_60_ega_zone_e_pct,fold1/val_horizon_60_ega_zone_e_count,fold1/diag_horizon_curriculum_progress,fold1/diag_loss_horizon_weight_0,fold1/diag_loss_horizon_weight_1,fold1/diag_loss_horizon_weight_2,fold1/diag_loss_horizon_weight_3
1,0.2521472257109694,11.873549461364746,18.30790138244629,9.060880661010742,9.060880661010742,0.3530791997909546,0.6268030405044556,87.99149322509766,18619.0,12.008506774902344,2541.0,0.0,0.0,0.0,0.0,0.0,0.0,6.887818336486816,10.444050788879395,5.345498561859131,5.345498561859131,0.7894248366355896,0.890213131904602,96.88090515136719,5125.0,3.1190927028656006,165.0,0.0,0.0,0.0,0.0,0.0,0.0,11.30519962310791,17.11899757385254,8.679656028747559,8.679656028747559,0.4342651963233948,0.6746315360069275,89.67864227294922,4744.0,10.32136058807373,546.0,0.0,0.0,0.0,0.0,0.0,0.0,13.927850723266602,20.819721221923828,10.505719184875488,10.505719184875488,0.1634674072265625,0.5076152682304382,84.38563537597656,4464.0,15.61436653137207,826.0,0.0,0.0,0.0,0.0,0.0,0.0,15.373330116271973,22.474828720092773,11.712651252746582,11.712651252746582,0.02539050579071045,0.39741501212120056,81.02079772949219,4286.0,18.979206085205078,1004.0,0.0,0.0,0.0,0.0,0.0,0.0,0.0,0.3333333432674408,0.28333333134651184,0.21666665375232697,0.1666666716337204
2,0.2285336100499241,11.13815689086914,17.537296295166016,8.496820449829102,8.496820449829102,0.4063926935195923,0.6689174175262451,89.10208129882812,18854.0,10.897920608520508,2306.0,0.0,0.0,0.0,0.0,0.0,0.0,5.502663612365723,8.389692306518555,4.301724433898926,4.301724433898926,0.864118218421936,0.9306207895278931,98.43099975585938,5207.0,1.5689979791641235,83.0,0.0,0.0,0.0,0.0,0.0,0.0,10.462270736694336,16.0626220703125,8.011659622192383,8.011659622192383,0.5019314289093018,0.7260183095932007,90.62381744384766,4794.0,9.376181602478027,496.0,0.0,0.0,0.0,0.0,0.0,0.0,13.478621482849121,20.21900177001953,10.227174758911133,10.227174758911133,0.21104460954666138,0.5410802960395813,85.40642547607422,4518.0,14.593572616577148,772.0,0.0,0.0,0.0,0.0,0.0,0.0,15.109070777893066,22.204147338867188,11.446721076965332,11.446721076965332,0.048725128173828125,0.423348993062973,81.94706726074219,4335.0,18.052928924560547,955.0,0.0,0.0,0.0,0.0,0.0,0.0,0.07142857142857142,0.3245614171028137,0.2788847088813782,0.21998745203018188,0.17656642198562622
3,0.22807732793938396,10.949710845947266,17.288637161254883,8.372634887695312,8.372634887695312,0.42310672998428345,0.6804124712944031,89.42816925048828,18923.0,10.571833610534668,2237.0,0.0,0.0,0.0,0.0,0.0,0.0,5.191727638244629,7.828891277313232,4.079577445983887,4.079577445983887,0.8816768527030945,0.9397188425064087,98.88468933105469,5231.0,1.115311861038208,59.0,0.0,0.0,0.0,0.0,0.0,0.0,10.247559547424316,15.712943077087402,7.865215301513672,7.865215301513672,0.5233809947967529,0.7406361699104309,91.09640502929688,4819.0,8.90359115600586,471.0,0.0,0.0,0.0,0.0,0.0,0.0,13.342726707458496,20.005733489990234,10.151239395141602,10.151239395141602,0.22760045528411865,0.5524001717567444,85.68997955322266,4533.0,14.310018539428711,757.0,0.0,0.0,0.0,0.0,0.0,0.0,15.016828536987305,22.07193374633789,11.394506454467773,11.394506454467773,0.06001996994018555,0.4312936067581177,82.04158782958984,4340.0,17.958412170410156,950.0,0.0,0.0,0.0,0.0,0.0,0.0,0.14285714285714285,0.31578949093818665,0.2744360864162445,0.223308265209198,0.18646617233753204
4,0.22792041789187475,10.910317420959473,17.22185516357422,8.34835433959961,8.34835433959961,0.4275549054145813,0.6839578747749329,89.41398620605469,18920.0,10.58601188659668,2240.0,0.0,0.0,0.0,0.0,0.0,0.0,5.103360652923584,7.63668155670166,4.014276027679443,4.014276027679443,0.8874154686927795,0.9427995085716248,98.97920227050781,5236.0,1.0207940340042114,54.0,0.0,0.0,0.0,0.0,0.0,0.0,10.199710845947266,15.594718933105469,7.839809894561768,7.839809894561768,0.5305261611938477,0.7457241415977478,90.86956024169922,4807.0,9.1304349899292,483.0,0.0,0.0,0.0,0.0,0.0,0.0,13.324458122253418,19.962020874023438,10.143348693847656,10.143348693847656,0.23097223043441772,0.556049644947052,85.74669647216797,4536.0,14.253308296203613,754.0,0.0,0.0,0.0,0.0,0.0,0.0,15.013738632202148,22.053861618041992,11.39598274230957,11.39598274230957,0.06155872344970703,0.432585209608078,82.06049346923828,4341.0,17.93950843811035,949.0,0.0,0.0,0.0,0.0,0.0,0.0,0.21428571428571427,0.30701756477355957,0.26998746395111084,0.22662906348705292,0.19636592268943787
5,0.22643417591633744,10.86377239227295,17.123537063598633,8.324728965759277,8.324728965759277,0.4340723752975464,0.6863160729408264,89.54158782958984,18947.0,10.458412170410156,2213.0,0.0,0.0,0.0,0.0,0.0,0.0,5.047770023345947,7.504983425140381,3.9763505458831787,3.9763505458831787,0.8912651538848877,0.9447322487831116,99.05481719970703,5240.0,0.9451796412467957,50.0,0.0,0.0,0.0,0.0,0.0,0.0,10.13949203491211,15.44672679901123,7.8110032081604,7.8110032081604,0.5393944382667542,0.7495228052139282,91.13421630859375,4821.0,8.865784645080566,469.0,0.0,0.0,0.0,0.0,0.0,0.0,13.280248641967773,19.86003875732422,10.127469062805176,10.127469062805176,0.23880982398986816,0.5579200983047485,85.86011505126953,4542.0,14.139885902404785,748.0,0.0,0.0,0.0,0.0,0.0,0.0,14.987581253051758,21.988967895507812,11.3840970993042,11.3840970993042,0.06707322597503662,0.43304961919784546,82.11720275878906,4344.0,17.882797241210938,946.0,0.0,0.0,0.0,0.0,0.0,0.0,0.2857142857142857,0.2982456088066101,0.2655388414859772,0.22994986176490784,0.2062656730413437
6,0.22722705509329086,10.826303482055664,17.069257736206055,8.300082206726074,8.300082206726074,0.4376545548439026,0.6886506676673889,89.54158782958984,18947.0,10.458412170410156,2213.0,0.0,0.0,0.0,0.0,0.0,0.0,4.988641738891602,7.401392459869385,3.934566020965576,3.934566020965576,0.8942461609840393,0.9462742805480957,99.13043212890625,5244.0,0.8695651888847351,46.0,0.0,0.0,0.0,0.0,0.0,0.0,10.104569435119629,15.371291160583496,7.790874004364014,7.790874004364014,0.5438822507858276,0.752143383026123,91.34215545654297,4832.0,8.657845497131348,458.0,0.0,0.0,0.0,0.0,0.0,0.0,13.25295352935791,19.806514739990234,10.117197036743164,10.117197036743164,0.24290722608566284,0.5604612827301025,85.78450012207031,4538.0,14.215500831604004,752.0,0.0,0.0,0.0,0.0,0.0,0.0,14.959044456481934,21.95638656616211,11.357697486877441,11.357697486877441,0.06983596086502075,0.43559738993644714,81.90926361083984,4333.0,18.090736389160156,957.0,0.0,0.0,0.0,0.0,0.0,0.0,0.35714285714285715,0.28947368264198303,0.2610902190208435,0.23327067494392395,0.2161654233932495
7,0.22918627785035442,10.803234100341797,17.038522720336914,8.2787504196167,8.2787504196167,0.43967777490615845,0.6902725100517273,89.56049346923828,18951.0,10.439508438110352,2209.0,0.0,0.0,0.0,0.0,0.0,0.0,4.969169616699219,7.337141513824463,3.9186060428619385,3.9186060428619385,0.8960742950439453,0.9472897052764893,99.13043212890625,5244.0,0.8695651888847351,46.0,0.0,0.0,0.0,0.0,0.0,0.0,10.074688911437988,15.325106620788574,7.765212535858154,7.765212535858154,0.5466190576553345,0.7541293501853943,91.37996673583984,4834.0,8.620038032531738,456.0,0.0,0.0,0.0,0.0,0.0,0.0,13.2279052734375,19.779695510864258,10.090863227844238,10.090863227844238,0.2449561357498169,0.5628421902656555,85.727783203125,4535.0,14.272211074829102,755.0,0.0,0.0,0.0,0.0,0.0,0.0,14.941171646118164,21.938919067382812,11.340317726135254,11.340317726135254,0.07131528854370117,0.43775928020477295,82.00377655029297,4338.0,17.996219635009766,952.0,0.0,0.0,0.0,0.0,0.0,0.0,0.42857142857142855,0.28070175647735596,0.25664159655570984,0.23659147322177887,0.22606515884399414
8,0.23104451141336665,10.770467758178711,16.986713409423828,8.26230525970459,8.26230525970459,0.4430801272392273,0.6927312612533569,89.59357452392578,18958.0,10.406427383422852,2202.0,0.0,0.0,0.0,0.0,0.0,0.0,4.911880970001221,7.2621893882751465,3.8830313682556152,3.8830313682556152,0.8981867432594299,0.9484904408454895,99.13043212890625,5244.0,0.8695651888847351,46.0,0.0,0.0,0.0,0.0,0.0,0.0,10.033425331115723,15.24705982208252,7.740970134735107,7.740970134735107,0.5512251853942871,0.7571709156036377,91.47447967529297,4839.0,8.525519371032715,451.0,0.0,0.0,0.0,0.0,0.0,0.0,13.206393241882324,19.72834014892578,10.083208084106445,10.083208084106445,0.24887174367904663,0.5652613043785095,85.68997955322266,4533.0,14.310018539428711,757.0,0.0,0.0,0.0,0.0,0.0,0.0,14.930167198181152,21.90374755859375,11.342016220092773,11.342016220092773,0.07429057359695435,0.43919646739959717,82.07939147949219,4342.0,17.920604705810547,948.0,0.0,0.0,0.0,0.0,0.0,0.0,0.5,0.2719298303127289,0.25219297409057617,0.2399122714996338,0.23596492409706116
9,0.23290335042458998,10.786469459533691,17.011499404907227,8.270094871520996,8.270094871520996,0.4414536952972412,0.691552996635437,89.5557632446289,18950.0,10.444233894348145,2210.0,0.0,0.0,0.0,0.0,0.0,0.0,4.924705982208252,7.283071994781494,3.886932849884033,3.886932849884033,0.8976003527641296,0.9482295513153076,99.18714904785156,5247.0,0.8128544092178345,43.0,0.0,0.0,0.0,0.0,0.0,0.0,10.055100440979004,15.276716232299805,7.75608491897583,7.75608491897583,0.5494776964187622,0.755776047706604,91.41777038574219,4836.0,8.582230567932129,454.0,0.0,0.0,0.0,0.0,0.0,0.0,13.225330352783203,19.749879837036133,10.094890594482422,10.094890594482422,0.24723070859909058,0.5634946823120117,85.61436462402344,4529.0,14.38563346862793,761.0,0.0,0.0,0.0,0.0,0.0,0.0,14.940743446350098,21.93366050720215,11.342473030090332,11.342473030090332,0.07176035642623901,0.43787866830825806,82.00377655029297,4338.0,17.996219635009766,952.0,0.0,0.0,0.0,0.0,0.0,0.0,0.5714285714285714,0.2631579041481018,0.2477443516254425,0.2432330846786499,0.24586467444896698
10,0.2338569121107043,10.771665573120117,16.9923095703125,8.264118194580078,8.264118194580078,0.44271308183670044,0.6921818852424622,89.54158782958984,18947.0,10.458412170410156,2213.0,0.0,0.0,0.0,0.0,0.0,0.0,4.8973822593688965,7.23370885848999,3.866572618484497,3.866572618484497,0.8989837169647217,0.9488539695739746,99.20604705810547,5248.0,0.7939507961273193,42.0,0.0,0.0,0.0,0.0,0.0,0.0,10.05325984954834,15.26138687133789,7.7614521980285645,7.7614521980285645,0.5503813624382019,0.7562634348869324,91.3610610961914,4833.0,8.638941764831543,457.0,0.0,0.0,0.0,0.0,0.0,0.0,13.20895004272461,19.737091064453125,10.08932113647461,10.08932113647461,0.2482052445411682,0.5639402270317078,85.67108154296875,4532.0,14.328922271728516,758.0,0.0,0.0,0.0,0.0,0.0,0.0,14.927067756652832,21.912673950195312,11.339127540588379,11.339127540588379,0.07353591918945312,0.4382210075855255,81.92816162109375,4334.0,18.07183265686035,956.0,0.0,0.0,0.0,0.0,0.0,0.0,0.6428571428571429,0.25438597798347473,0.24329572916030884,0.24655388295650482,0.2557644248008728
11,0.23621581912780326,10.755375862121582,16.967065811157227,8.255051612854004,8.255051612854004,0.4443676471710205,0.6933208107948303,89.52741241455078,18944.0,10.472589492797852,2216.0,0.0,0.0,0.0,0.0,0.0,0.0,4.880561828613281,7.182703018188477,3.857156753540039,3.857156753540039,0.9004032611846924,0.9496121406555176,99.18714904785156,5247.0,0.8128544092178345,43.0,0.0,0.0,0.0,0.0,0.0,0.0,10.03968620300293,15.232139587402344,7.756847858428955,7.756847858428955,0.5521030426025391,0.7573533058166504,91.45558166503906,4838.0,8.54442310333252,452.0,0.0,0.0,0.0,0.0,0.0,0.0,13.189827919006348,19.719684600830078,10.077239036560059,10.077239036560059,0.2495306134223938,0.5652108788490295,85.59546661376953,4528.0,14.404537200927734,762.0,0.0,0.0,0.0,0.0,0.0,0.0,14.91142463684082,21.8872127532959,11.328961372375488,11.328961372375488,0.07568764686584473,0.4398408532142639,81.87145233154297,4331.0,18.128543853759766,959.0,0.0,0.0,0.0,0.0,0.0,0.0,0.7142857142857143,0.24561403691768646,0.23884710669517517,0.24987469613552094,0.26566416025161743
12,0.23804872831424578,10.760003089904785,16.951154708862305,8.258477210998535,8.258477210998535,0.4454094171524048,0.6933548450469971,89.52741241455078,18944.0,10.472589492797852,2216.0,0.0,0.0,0.0,0.0,0.0,0.0,4.876352310180664,7.161258220672607,3.8552422523498535,3.8552422523498535,0.9009971022605896,0.949923574924469,99.18714904785156,5247.0,0.8128544092178345,43.0,0.0,0.0,0.0,0.0,0.0,0.0,10.043928146362305,15.199243545532227,7.760515213012695,7.760515213012695,0.5540355443954468,0.7580416202545166,91.32324981689453,4831.0,8.676748275756836,459.0,0.0,0.0,0.0,0.0,0.0,0.0,13.200255393981934,19.709108352661133,10.081619262695312,10.081619262695312,0.2503353953361511,0.5644648671150208,85.463134765625,4521.0,14.53686237335205,769.0,0.0,0.0,0.0,0.0,0.0,0.0,14.919478416442871,21.8773136138916,11.336532592773438,11.336532592773438,0.07652360200881958,0.43842145800590515,82.1361083984375,4345.0,17.863893508911133,945.0,0.0,0.0,0.0,0.0,0.0,0.0,0.7857142857142857,0.23684212565422058,0.2343984991312027,0.25319552421569824,0.27556392550468445
13,0.23929964090794112,10.761451721191406,16.953886032104492,8.263235092163086,8.263235092163086,0.4452306032180786,0.6939964890480042,89.55104064941406,18949.0,10.448960304260254,2211.0,0.0,0.0,0.0,0.0,0.0,0.0,4.88567590713501,7.163504600524902,3.8622632026672363,3.8622632026672363,0.9009349942207336,0.9499017000198364,99.16824340820312,5246.0,0.8317580223083496,44.0,0.0,0.0,0.0,0.0,0.0,0.0,10.039515495300293,15.18662166595459,7.762929916381836,7.762929916381836,0.5547759532928467,0.7590750455856323,91.37996673583984,4834.0,8.620038032531738,456.0,0.0,0.0,0.0,0.0,0.0,0.0,13.197431564331055,19.713533401489258,10.085830688476562,10.085830688476562,0.24999874830245972,0.5659059286117554,85.55765533447266,4526.0,14.442343711853027,764.0,0.0,0.0,0.0,0.0,0.0,0.0,14.923181533813477,21.88982391357422,11.341915130615234,11.341915130615234,0.07546710968017578,0.43989744782447815,82.09829711914062,4343.0,17.901700973510742,947.0,0.0,0.0,0.0,0.0,0.0,0.0,0.8571428571428571,0.22807016968727112,0.22994986176490784,0.25651630759239197,0.2854636609554291
14,0.24063445284275228,10.749045372009277,16.946533203125,8.253399848937988,8.253399848937988,0.44571173191070557,0.6947940587997437,89.56521606445312,18952.0,10.434782028198242,2208.0,0.0,0.0,0.0,0.0,0.0,0.0,4.876101970672607,7.150871753692627,3.849391222000122,3.849391222000122,0.9012840986251831,0.9501965641975403,99.24385833740234,5250.0,0.7561436891555786,40.0,0.0,0.0,0.0,0.0,0.0,0.0,10.035799026489258,15.184978485107422,7.758127212524414,7.758127212524414,0.5548723340034485,0.7597141861915588,91.4933853149414,4840.0,8.506616592407227,450.0,0.0,0.0,0.0,0.0,0.0,0.0,13.179194450378418,19.70492172241211,10.075629234313965,10.075629234313965,0.25065386295318604,0.5670368075370789,85.65217590332031,4531.0,14.34782600402832,759.0,0.0,0.0,0.0,0.0,0.0,0.0,14.9050874710083,21.880069732666016,11.330452919006348,11.330452919006348,0.07629090547561646,0.44096097350120544,81.87145233154297,4331.0,18.128543853759766,959.0,0.0,0.0,0.0,0.0,0.0,0.0,0.9285714285714286,0.21929824352264404,0.22550123929977417,0.2598370909690857,0.2953633964061737
15,0.24443896501483972,10.759057998657227,16.95009422302246,8.264182090759277,8.264182090759277,0.44547879695892334,0.6941983699798584,89.55104064941406,18949.0,10.448960304260254,2211.0,0.0,0.0,0.0,0.0,0.0,0.0,4.878835201263428,7.1541924476623535,3.8537356853485107,3.8537356853485107,0.9011923670768738,0.9500705003738403,99.20604705810547,5248.0,0.7939507961273193,42.0,0.0,0.0,0.0,0.0,0.0,0.0,10.040369033813477,15.179132461547852,7.764577865600586,7.764577865600586,0.5552150011062622,0.759524941444397,91.41777038574219,4836.0,8.582230567932129,454.0,0.0,0.0,0.0,0.0,0.0,0.0,13.190478324890137,19.704296112060547,10.087376594543457,10.087376594543457,0.25070154666900635,0.5664659142494202,85.68997955322266,4533.0,14.310018539428711,757.0,0.0,0.0,0.0,0.0,0.0,0.0,14.92655086517334,21.89463233947754,11.35103702545166,11.35103702545166,0.0750609040260315,0.4390372335910797,81.8903579711914,4332.0,18.10964012145996,958.0,0.0,0.0,0.0,0.0,0.0,0.0,1.0,0.21052631735801697,0.2210526168346405,0.2631579041481018,0.3052631616592407
16,0.2435174156485479,10.766106605529785,16.972326278686523,8.26116943359375,8.26116943359375,0.44402313232421875,0.6934618353843689,89.5037841796875,18939.0,10.496219635009766,2221.0,0.0,0.0,0.0,0.0,0.0,0.0,4.881131172180176,7.157051086425781,3.8546643257141113,3.8546643257141113,0.9011133909225464,0.9499943852424622,99.20604705810547,5248.0,0.7939507961273193,42.0,0.0,0.0,0.0,0.0,0.0,0.0,10.052909851074219,15.19920825958252,7.767922401428223,7.767922401428223,0.5540376901626587,0.758732259273529,91.3610610961914,4833.0,8.638941764831543,457.0,0.0,0.0,0.0,0.0,0.0,0.0,13.205351829528809,19.740863800048828,10.08777141571045,10.08777141571045,0.2479177713394165,0.5648007988929749,85.63327026367188,4530.0,14.366729736328125,760.0,0.0,0.0,0.0,0.0,0.0,0.0,14.925037384033203,21.915714263916016,11.334321975708008,11.334321975708008,0.07327878475189209,0.43866077065467834,81.81474304199219,4328.0,18.18525505065918,962.0,0.0,0.0,0.0,0.0,0.0,0.0,1.0,0.21052631735801697,0.2210526168346405,0.2631579041481018,0.3052631616592407
17,0.24118140509694497,10.7733736038208,16.953243255615234,8.274539947509766,8.274539947509766,0.44527262449264526,0.6943967938423157,89.52741241455078,18944.0,10.472589492797852,2216.0,0.0,0.0,0.0,0.0,0.0,0.0,4.875215530395508,7.134987831115723,3.852729082107544,3.852729082107544,0.9017221331596375,0.9504820704460144,99.2249526977539,5249.0,0.775047242641449,41.0,0.0,0.0,0.0,0.0,0.0,0.0,10.065229415893555,15.180851936340332,7.783026218414307,7.783026218414307,0.5551142692565918,0.7597652077674866,91.41777038574219,4836.0,8.582230567932129,454.0,0.0,0.0,0.0,0.0,0.0,0.0,13.210442543029785,19.718889236450195,10.100791931152344,10.100791931152344,0.24959123134613037,0.5656440854072571,85.76559448242188,4537.0,14.234404563903809,753.0,0.0,0.0,0.0,0.0,0.0,0.0,14.942611694335938,21.896324157714844,11.361614227294922,11.361614227294922,0.07491791248321533,0.4385853707790375,81.7013168334961,4322.0,18.298677444458008,968.0,0.0,0.0,0.0,0.0,0.0,0.0,1.0,0.21052631735801697,0.2210526168346405,0.2631579041481018,0.3052631616592407
18,0.23979076912223452,10.7974853515625,16.991701126098633,8.288956642150879,8.288956642150879,0.4427530765533447,0.692930281162262,89.4896011352539,18936.0,10.510396957397461,2224.0,0.0,0.0,0.0,0.0,0.0,0.0,4.906505584716797,7.180100917816162,3.87194561958313,3.87194561958313,0.9004754424095154,0.9498445391654968,99.26276397705078,5251.0,0.7372400760650635,39.0,0.0,0.0,0.0,0.0,0.0,0.0,10.094562530517578,15.237757682800293,7.801430702209473,7.801430702209473,0.5517725944519043,0.7579659223556519,91.26654052734375,4828.0,8.73345947265625,462.0,0.0,0.0,0.0,0.0,0.0,0.0,13.24030590057373,19.770687103271484,10.119671821594238,10.119671821594238,0.24564367532730103,0.5632001757621765,85.61436462402344,4529.0,14.38563346862793,761.0,0.0,0.0,0.0,0.0,0.0,0.0,14.948570251464844,21.914573669433594,11.362777709960938,11.362777709960938,0.07337528467178345,0.437680184841156,81.81474304199219,4328.0,18.18525505065918,962.0,0.0,0.0,0.0,0.0,0.0,0.0,1.0,0.21052631735801697,0.2210526168346405,0.2631579041481018,0.3052631616592407
19,0.23953767041508456,10.788908958435059,16.96051788330078,8.29036808013916,8.29036808013916,0.44479650259017944,0.6936830878257751,89.4896011352539,18936.0,10.510396957397461,2224.0,0.0,0.0,0.0,0.0,0.0,0.0,4.894887447357178,7.13341760635376,3.8705520629882812,3.8705520629882812,0.9017654061317444,0.950422465801239,99.2249526977539,5249.0,0.775047242641449,41.0,0.0,0.0,0.0,0.0,0.0,0.0,10.088363647460938,15.191988945007324,7.807715892791748,7.807715892791748,0.5544612407684326,0.7589130401611328,91.43667602539062,4837.0,8.563326835632324,453.0,0.0,0.0,0.0,0.0,0.0,0.0,13.221296310424805,19.730510711669922,10.113656044006348,10.113656044006348,0.24870645999908447,0.5643342137336731,85.4442367553711,4520.0,14.555766105651855,770.0,0.0,0.0,0.0,0.0,0.0,0.0,14.951089859008789,21.901172637939453,11.369550704956055,11.369550704956055,0.07450813055038452,0.43818721175193787,81.85254669189453,4330.0,18.14744758605957,960.0,0.0,0.0,0.0,0.0,0.0,0.0,1.0,0.21052631735801697,0.2210526168346405,0.2631579041481018,0.3052631616592407
20,0.23926325387903058,10.803811073303223,16.97531509399414,8.300143241882324,8.300143241882324,0.4438272714614868,0.6931760311126709,89.49433135986328,18937.0,10.505671501159668,2223.0,0.0,0.0,0.0,0.0,0.0,0.0,4.902985572814941,7.145700454711914,3.8741390705108643,3.8741390705108643,0.9014267921447754,0.9502487182617188,99.2249526977539,5249.0,0.775047242641449,41.0,0.0,0.0,0.0,0.0,0.0,0.0,10.107675552368164,15.208311080932617,7.817236423492432,7.817236423492432,0.5535032749176025,0.7584512829780579,91.41777038574219,4836.0,8.582230567932129,454.0,0.0,0.0,0.0,0.0,0.0,0.0,13.235795974731445,19.750829696655273,10.123601913452148,10.123601913452148,0.2471582293510437,0.5636852383613586,85.5765609741211,4527.0,14.423439979553223,763.0,0.0,0.0,0.0,0.0,0.0,0.0,14.968785285949707,21.913381576538086,11.385595321655273,11.385595321655273,0.07347601652145386,0.43770405650138855,81.7580337524414,4325.0,18.241966247558594,965.0,0.0,0.0,0.0,0.0,0.0,0.0,1.0,0.21052631735801697,0.2210526168346405,0.2631579041481018,0.3052631616592407
21,0.23700568131095212,10.812026023864746,16.990140914916992,8.304780006408691,8.304780006408691,0.4428554177284241,0.6930475234985352,89.43761444091797,18925.0,10.562381744384766,2235.0,0.0,0.0,0.0,0.0,0.0,0.0,4.901820659637451,7.139403820037842,3.8746531009674072,3.8746531009674072,0.9016004204750061,0.9503450393676758,99.2249526977539,5249.0,0.775047242641449,41.0,0.0,0.0,0.0,0.0,0.0,0.0,10.107185363769531,15.206884384155273,7.818962574005127,7.818962574005127,0.5535870790481567,0.7588077187538147,91.34215545654297,4832.0,8.657845497131348,458.0,0.0,0.0,0.0,0.0,0.0,0.0,13.241484642028809,19.763172149658203,10.124775886535645,10.124775886535645,0.24621707201004028,0.5639162063598633,85.48204040527344,4522.0,14.517958641052246,768.0,0.0,0.0,0.0,0.0,0.0,0.0,14.997612953186035,21.95121955871582,11.400729179382324,11.400729179382324,0.07027363777160645,0.43646687269210815,81.7013168334961,4322.0,18.298677444458008,968.0,0.0,0.0,0.0,0.0,0.0,0.0,1.0,0.21052631735801697,0.2210526168346405,0.2631579041481018,0.3052631616592407
22,0.2355905912826217,10.822948455810547,17.000642776489258,8.316786766052246,8.316786766052246,0.44216638803482056,0.6923454999923706,89.48487854003906,18935.0,10.515122413635254,2225.0,0.0,0.0,0.0,0.0,0.0,0.0,4.912506103515625,7.1578168869018555,3.880467176437378,3.880467176437378,0.9010922312736511,0.9500724673271179,99.28166198730469,5252.0,0.7183365225791931,38.0,0.0,0.0,0.0,0.0,0.0,0.0,10.117512702941895,15.221979141235352,7.830065727233887,7.830065727233887,0.552700400352478,0.7580081820487976,91.39886474609375,4835.0,8.601134300231934,455.0,0.0,0.0,0.0,0.0,0.0,0.0,13.251143455505371,19.772539138793945,10.137066841125488,10.137066841125488,0.2455022931098938,0.5630232691764832,85.36862182617188,4516.0,14.631380081176758,774.0,0.0,0.0,0.0,0.0,0.0,0.0,15.010634422302246,21.958850860595703,11.419546127319336,11.419546127319336,0.06962710618972778,0.4357817471027374,81.8903579711914,4332.0,18.10964012145996,958.0,0.0,0.0,0.0,0.0,0.0,0.0,1.0,0.21052631735801697,0.2210526168346405,0.2631579041481018,0.3052631616592407
step,fold1/test_loss,fold1/test_mae,fold1/test_rmse,fold1/test_mard,fold1/test_mape,fold1/test_r2,fold1/test_pearson,fold1/test_ega_zone_a_pct,fold1/test_ega_zone_a_count,fold1/test_ega_zone_b_pct,fold1/test_ega_zone_b_count,fold1/test_ega_zone_c_pct,fold1/test_ega_zone_c_count,fold1/test_ega_zone_d_pct,fold1/test_ega_zone_d_count,fold1/test_ega_zone_e_pct,fold1/test_ega_zone_e_count,fold1/test_horizon_15_mae,fold1/test_horizon_15_rmse,fold1/test_horizon_15_mard,fold1/test_horizon_15_mape,fold1/test_horizon_15_r2,fold1/test_horizon_15_pearson,fold1/test_horizon_15_ega_zone_a_pct,fold1/test_horizon_15_ega_zone_a_count,fold1/test_horizon_15_ega_zone_b_pct,fold1/test_horizon_15_ega_zone_b_count,fold1/test_horizon_15_ega_zone_c_pct,fold1/test_horizon_15_ega_zone_c_count,fold1/test_horizon_15_ega_zone_d_pct,fold1/test_horizon_15_ega_zone_d_count,fold1/test_horizon_15_ega_zone_e_pct,fold1/test_horizon_15_ega_zone_e_count,fold1/test_horizon_30_mae,fold1/test_horizon_30_rmse,fold1/test_horizon_30_mard,fold1/test_horizon_30_mape,fold1/test_horizon_30_r2,fold1/test_horizon_30_pearson,fold1/test_horizon_30_ega_zone_a_pct,fold1/test_horizon_30_ega_zone_a_count,fold1/test_horizon_30_ega_zone_b_pct,fold1/test_horizon_30_ega_zone_b_count,fold1/test_horizon_30_ega_zone_c_pct,fold1/test_horizon_30_ega_zone_c_count,fold1/test_horizon_30_ega_zone_d_pct,fold1/test_horizon_30_ega_zone_d_count,fold1/test_horizon_30_ega_zone_e_pct,fold1/test_horizon_30_ega_zone_e_count,fold1/test_horizon_45_mae,fold1/test_horizon_45_rmse,fold1/test_horizon_45_mard,fold1/test_horizon_45_mape,fold1/test_horizon_45_r2,fold1/test_horizon_45_pearson,fold1/test_horizon_45_ega_zone_a_pct,fold1/test_horizon_45_ega_zone_a_count,fold1/test_horizon_45_ega_zone_b_pct,fold1/test_horizon_45_ega_zone_b_count,fold1/test_horizon_45_ega_zone_c_pct,fold1/test_horizon_45_ega_zone_c_count,fold1/test_horizon_45_ega_zone_d_pct,fold1/test_horizon_45_ega_zone_d_count,fold1/test_horizon_45_ega_zone_e_pct,fold1/test_horizon_45_ega_zone_e_count,fold1/test_horizon_60_mae,fold1/test_horizon_60_rmse,fold1/test_horizon_60_mard,fold1/test_horizon_60_mape,fold1/test_horizon_60_r2,fold1/test_horizon_60_pearson,fold1/test_horizon_60_ega_zone_a_pct,fold1/test_horizon_60_ega_zone_a_count,fold1/test_horizon_60_ega_zone_b_pct,fold1/test_horizon_60_ega_zone_b_count,fold1/test_horizon_60_ega_zone_c_pct,fold1/test_horizon_60_ega_zone_c_count,fold1/test_horizon_60_ega_zone_d_pct,fold1/test_horizon_60_ega_zone_d_count,fold1/test_horizon_60_ega_zone_e_pct,fold1/test_horizon_60_ega_zone_e_count
0,0.2020695442201787,7.9284491539001465,11.728742599487305,7.288760185241699,7.288760185241699,0.4659380316734314,0.7055023312568665,92.69356536865234,6800.0,7.197382926940918,528.0,0.0,0.0,0.10905124992132187,8.0,0.0,0.0,4.3445844650268555,6.239675998687744,4.072362899780273,4.072362899780273,0.847191572189331,0.9224334955215454,99.12759399414062,1818.0,0.7633587718009949,14.0,0.0,0.0,0.10905124992132187,2.0,0.0,0.0,7.834397792816162,11.455723762512207,7.247549057006836,7.247549057006836,0.48862677812576294,0.722510039806366,93.40239715576172,1713.0,6.488549709320068,119.0,0.0,0.0,0.10905124992132187,2.0,0.0,0.0,9.31247329711914,13.379413604736328,8.544095993041992,8.544095993041992,0.3075207471847534,0.6028603315353394,90.18538665771484,1654.0,9.705561637878418,178.0,0.0,0.0,0.10905124992132187,2.0,0.0,0.0,10.22234058380127,14.180187225341797,9.291027069091797,9.291027069091797,0.22779840230941772,0.5421990752220154,88.05889129638672,1615.0,11.832061767578125,217.0,0.0,0.0,0.10905124992132187,2.0,0.0,0.0
step,fold2/train_loss,fold2/val_mae,fold2/val_rmse,fold2/val_mard,fold2/val_mape,fold2/val_r2,fold2/val_pearson,fold2/val_ega_zone_a_pct,fold2/val_ega_zone_a_count,fold2/val_ega_zone_b_pct,fold2/val_ega_zone_b_count,fold2/val_ega_zone_c_pct,fold2/val_ega_zone_c_count,fold2/val_ega_zone_d_pct,fold2/val_ega_zone_d_count,fold2/val_ega_zone_e_pct,fold2/val_ega_zone_e_count,fold2/val_horizon_15_mae,fold2/val_horizon_15_rmse,fold2/val_horizon_15_mard,fold2/val_horizon_15_mape,fold2/val_horizon_15_r2,fold2/val_horizon_15_pearson,fold2/val_horizon_15_ega_zone_a_pct,fold2/val_horizon_15_ega_zone_a_count,fold2/val_horizon_15_ega_zone_b_pct,fold2/val_horizon_15_ega_zone_b_count,fold2/val_horizon_15_ega_zone_c_pct,fold2/val_horizon_15_ega_zone_c_count,fold2/val_horizon_15_ega_zone_d_pct,fold2/val_horizon_15_ega_zone_d_count,fold2/val_horizon_15_ega_zone_e_pct,fold2/val_horizon_15_ega_zone_e_count,fold2/val_horizon_30_mae,fold2/val_horizon_30_rmse,fold2/val_horizon_30_mard,fold2/val_horizon_30_mape,fold2/val_horizon_30_r2,fold2/val_horizon_30_pearson,fold2/val_horizon_30_ega_zone_a_pct,fold2/val_horizon_30_ega_zone_a_count,fold2/val_horizon_30_ega_zone_b_pct,fold2/val_horizon_30_ega_zone_b_count,fold2/val_horizon_30_ega_zone_c_pct,fold2/val_horizon_30_ega_zone_c_count,fold2/val_horizon_30_ega_zone_d_pct,fold2/val_horizon_30_ega_zone_d_count,fold2/val_horizon_30_ega_zone_e_pct,fold2/val_horizon_30_ega_zone_e_count,fold2/val_horizon_45_mae,fold2/val_horizon_45_rmse,fold2/val_horizon_45_mard,fold2/val_horizon_45_mape,fold2/val_horizon_45_r2,fold2/val_horizon_45_pearson,fold2/val_horizon_45_ega_zone_a_pct,fold2/val_horizon_45_ega_zone_a_count,fold2/val_horizon_45_ega_zone_b_pct,fold2/val_horizon_45_ega_zone_b_count,fold2/val_horizon_45_ega_zone_c_pct,fold2/val_horizon_45_ega_zone_c_count,fold2/val_horizon_45_ega_zone_d_pct,fold2/val_horizon_45_ega_zone_d_count,fold2/val_horizon_45_ega_zone_e_pct,fold2/val_horizon_45_ega_zone_e_count,fold2/val_horizon_60_mae,fold2/val_horizon_60_rmse,fold2/val_horizon_60_mard,fold2/val_horizon_60_mape,fold2/val_horizon_60_r2,fold2/val_horizon_60_pearson,fold2/val_horizon_60_ega_zone_a_pct,fold2/val_horizon_60_ega_zone_a_count,fold2/val_horizon_60_ega_zone_b_pct,fold2/val_horizon_60_ega_zone_b_count,fold2/val_horizon_60_ega_zone_c_pct,fold2/val_horizon_60_ega_zone_c_count,fold2/val_horizon_60_ega_zone_d_pct,fold2/val_horizon_60_ega_zone_d_count,fold2/val_horizon_60_ega_zone_e_pct,fold2/val_horizon_60_ega_zone_e_count,fold2/diag_horizon_curriculum_progress,fold2/diag_loss_horizon_weight_0,fold2/diag_loss_horizon_weight_1,fold2/diag_loss_horizon_weight_2,fold2/diag_loss_horizon_weight_3
1,0.2382575232457843,11.869524955749512,19.147157669067383,10.599092483520508,10.599092483520508,0.35028165578842163,0.6269842982292175,85.22267150878906,14314.0,13.527029991149902,2272.0,0.0,0.0,1.2502976655960083,210.0,0.0,0.0,7.1801605224609375,10.832998275756836,6.493918418884277,6.493918418884277,0.7933027744293213,0.8917607069015503,94.59394836425781,3972.0,4.739223957061768,199.0,0.0,0.0,0.6668254137039185,28.0,0.0,0.0,11.57370662689209,17.795631408691406,10.338522911071777,10.338522911071777,0.4405779242515564,0.6789995431900024,85.87759399414062,3606.0,12.764944076538086,536.0,0.0,0.0,1.3574661016464233,57.0,0.0,0.0,13.61573600769043,21.412334442138672,12.145018577575684,12.145018577575684,0.18484050035476685,0.5156949162483215,81.0669174194336,3404.0,17.432722091674805,732.0,0.0,0.0,1.5003572702407837,63.0,0.0,0.0,15.10849666595459,23.95680046081543,13.418910026550293,13.418910026550293,-0.02348911762237549,0.374942421913147,79.35222625732422,3332.0,19.171232223510742,805.0,0.0,0.0,1.4765419960021973,62.0,0.0,0.0,0.0,0.3333333432674408,0.28333333134651184,0.21666665375232697,0.1666666716337204
2,0.21586156012437374,11.380155563354492,18.30830192565918,10.14395809173584,10.14395809173584,0.405964195728302,0.6677424907684326,86.05620574951172,14454.0,12.878066062927246,2163.0,0.0,0.0,1.0657299757003784,179.0,0.0,0.0,6.272007465362549,9.247650146484375,5.712159156799316,5.712159156799316,0.8493739366531372,0.922704815864563,96.4991683959961,4052.0,3.1912360191345215,134.0,0.0,0.0,0.30959752202033997,13.0,0.0,0.0,11.020094871520996,16.689590454101562,9.828240394592285,9.828240394592285,0.50795578956604,0.7287465333938599,86.49678039550781,3632.0,12.431530952453613,522.0,0.0,0.0,1.071683645248413,45.0,0.0,0.0,13.382582664489746,20.780811309814453,11.897886276245117,11.897886276245117,0.23221510648727417,0.5510175824165344,81.59085845947266,3426.0,17.00404930114746,714.0,0.0,0.0,1.405096411705017,59.0,0.0,0.0,14.845935821533203,23.342500686645508,13.13754653930664,13.13754653930664,0.028326570987701416,0.40803250670433044,79.63800811767578,3344.0,18.885448455810547,793.0,0.0,0.0,1.4765419960021973,62.0,0.0,0.0,0.07142857142857142,0.3245614171028137,0.2788847088813782,0.21998745203018188,0.17656642198562622
3,0.21408409966576483,11.25828742980957,18.09602928161621,10.068464279174805,10.068464279174805,0.4196593165397644,0.676770031452179,86.35388946533203,14504.0,12.604191780090332,2117.0,0.0,0.0,1.041914701461792,175.0,0.0,0.0,6.0406928062438965,8.844643592834473,5.523645877838135,5.523645877838135,0.8622162342071533,0.9296063184738159,96.85639190673828,4067.0,2.857823371887207,120.0,0.0,0.0,0.2857823371887207,12.0,0.0,0.0,10.885903358459473,16.41021156311035,9.752346992492676,9.752346992492676,0.5242912173271179,0.7397188544273376,86.90164184570312,3649.0,12.121933937072754,509.0,0.0,0.0,0.9764229655265808,41.0,0.0,0.0,13.304434776306152,20.578569412231445,11.86080265045166,11.86080265045166,0.24708682298660278,0.5610458850860596,81.92426300048828,3440.0,16.670635223388672,700.0,0.0,0.0,1.405096411705017,59.0,0.0,0.0,14.802122116088867,23.213457107543945,13.137062072753906,13.137062072753906,0.03904008865356445,0.41397199034690857,79.73326873779297,3348.0,18.766372680664062,788.0,0.0,0.0,1.5003572702407837,63.0,0.0,0.0,0.14285714285714285,0.31578949093818665,0.2744360864162445,0.223308265209198,0.18646617233753204
4,0.21140517460101016,11.225642204284668,18.026676177978516,10.051276206970215,10.051276206970215,0.42409902811050415,0.6810007095336914,86.28840637207031,14493.0,12.705406188964844,2134.0,0.0,0.0,1.0061919689178467,169.0,0.0,0.0,5.921075344085693,8.670494079589844,5.411688327789307,5.411688327789307,0.8675887584686279,0.93297278881073,97.09455108642578,4077.0,2.643486499786377,111.0,0.0,0.0,0.26196715235710144,11.0,0.0,0.0,10.841405868530273,16.302095413208008,9.730435371398926,9.730435371398926,0.5305388569831848,0.7446944117546082,87.09217071533203,3657.0,11.955227851867676,502.0,0.0,0.0,0.9526077508926392,40.0,0.0,0.0,13.30784797668457,20.521785736083984,11.873461723327637,11.873461723327637,0.2512362003326416,0.5655444264411926,81.66230010986328,3429.0,17.027864456176758,715.0,0.0,0.0,1.30983567237854,55.0,0.0,0.0,14.832243919372559,23.189756393432617,13.189515113830566,13.189515113830566,0.04100143909454346,0.4167201519012451,79.30459594726562,3330.0,19.19504737854004,806.0,0.0,0.0,1.5003572702407837,63.0,0.0,0.0,0.21428571428571427,0.30701756477355957,0.26998746395111084,0.22662906348705292,0.19636592268943787
5,0.2116142394533646,11.188937187194824,17.936939239501953,10.021361351013184,10.021361351013184,0.4298185110092163,0.6842780709266663,86.17527770996094,14474.0,12.830436706542969,2155.0,0.0,0.0,0.9942843317985535,167.0,0.0,0.0,5.859408855438232,8.577128410339355,5.354898929595947,5.354898929595947,0.8704250454902649,0.9343110918998718,97.14218139648438,4079.0,2.595856189727783,109.0,0.0,0.0,0.26196715235710144,11.0,0.0,0.0,10.78296184539795,16.1741886138916,9.669960975646973,9.669960975646973,0.5378767251968384,0.7491574287414551,86.94927215576172,3651.0,12.121933937072754,509.0,0.0,0.0,0.9287925362586975,39.0,0.0,0.0,13.28287410736084,20.42696189880371,11.849098205566406,11.849098205566406,0.2581397294998169,0.5704932808876038,81.63848876953125,3428.0,17.123123168945312,719.0,0.0,0.0,1.2383900880813599,52.0,0.0,0.0,14.83050537109375,23.11931610107422,13.211485862731934,13.211485862731934,0.046818673610687256,0.420084685087204,78.97118377685547,3316.0,19.4808292388916,818.0,0.0,0.0,1.5479875802993774,65.0,0.0,0.0,0.2857142857142857,0.2982456088066101,0.2655388414859772,0.22994986176490784,0.2062656730413437
6,0.21381087080351088,11.168753623962402,17.936878204345703,10.002930641174316,10.002930641174316,0.42982232570648193,0.6853694915771484,86.23481750488281,14484.0,12.782806396484375,2147.0,0.0,0.0,0.982376754283905,165.0,0.0,0.0,5.841826915740967,8.553372383117676,5.341316223144531,5.341316223144531,0.871141791343689,0.9350792169570923,97.28506469726562,4085.0,2.4767801761627197,104.0,0.0,0.0,0.2381519377231598,10.0,0.0,0.0,10.762530326843262,16.16376495361328,9.659987449645996,9.659987449645996,0.5384722948074341,0.7506155967712402,86.99691009521484,3653.0,12.07430362701416,507.0,0.0,0.0,0.9287925362586975,39.0,0.0,0.0,13.262632369995117,20.41917610168457,11.830078125,11.830078125,0.258705198764801,0.5718062520027161,81.61466979980469,3427.0,17.123123168945312,719.0,0.0,0.0,1.2622052431106567,53.0,0.0,0.0,14.808027267456055,23.14208984375,13.180337905883789,13.180337905883789,0.04493981599807739,0.41958799958229065,79.04263305664062,3319.0,19.457014083862305,817.0,0.0,0.0,1.5003572702407837,63.0,0.0,0.0,0.35714285714285715,0.28947368264198303,0.2610902190208435,0.23327067494392395,0.2161654233932495
7,0.21472805110734147,11.169105529785156,17.916828155517578,9.99504280090332,9.99504280090332,0.43109631538391113,0.6855745315551758,86.18123626708984,14475.0,12.836389541625977,2156.0,0.0,0.0,0.982376754283905,165.0,0.0,0.0,5.829997539520264,8.534307479858398,5.332003116607666,5.332003116607666,0.8717156052589417,0.9351221323013306,97.28506469726562,4085.0,2.4767801761627197,104.0,0.0,0.0,0.2381519377231598,10.0,0.0,0.0,10.754371643066406,16.143482208251953,9.652207374572754,9.652207374572754,0.5396298170089722,0.7506950497627258,86.97309112548828,3652.0,12.121933937072754,509.0,0.0,0.0,0.9049774408340454,38.0,0.0,0.0,13.262697219848633,20.40061378479004,11.812461853027344,11.812461853027344,0.26005226373672485,0.5721102356910706,81.66230010986328,3429.0,17.07549476623535,717.0,0.0,0.0,1.2622052431106567,53.0,0.0,0.0,14.829361915588379,23.117515563964844,13.183500289916992,13.183500289916992,0.04696696996688843,0.4205858111381531,78.80447387695312,3309.0,19.671350479125977,826.0,0.0,0.0,1.5241724252700806,64.0,0.0,0.0,0.42857142857142855,0.28070175647735596,0.25664159655570984,0.23659147322177887,0.22606515884399414
8,0.21482185801699671,11.172307014465332,17.885059356689453,10.003599166870117,10.003599166870117,0.43311208486557007,0.687806248664856,86.0621566772461,14455.0,12.985234260559082,2181.0,0.0,0.0,0.9526077508926392,160.0,0.0,0.0,5.82382345199585,8.51463794708252,5.324685573577881,5.324685573577881,0.872306227684021,0.9357675313949585,97.30888366699219,4086.0,2.5244104862213135,106.0,0.0,0.0,0.16670635342597961,7.0,0.0,0.0,10.75760555267334,16.128170013427734,9.654638290405273,9.654638290405273,0.540502667427063,0.7521634697914124,86.94927215576172,3651.0,12.14574909210205,510.0,0.0,0.0,0.9049774408340454,38.0,0.0,0.0,13.271269798278809,20.35721778869629,11.827648162841797,11.827648162841797,0.2631968855857849,0.5756734013557434,81.16217803955078,3408.0,17.599428176879883,739.0,0.0,0.0,1.2383900880813599,52.0,0.0,0.0,14.836528778076172,23.07526969909668,13.207427024841309,13.207427024841309,0.050447046756744385,0.42438995838165283,78.82829284667969,3310.0,19.671350479125977,826.0,0.0,0.0,1.5003572702407837,63.0,0.0,0.0,0.5,0.2719298303127289,0.25219297409057617,0.2399122714996338,0.23596492409706116
9,0.21746820892283314,11.170982360839844,17.88153839111328,10.004500389099121,10.004500389099121,0.43333524465560913,0.6871817708015442,86.16336822509766,14472.0,12.878066062927246,2163.0,0.0,0.0,0.9585615396499634,161.0,0.0,0.0,5.810703754425049,8.499214172363281,5.31434440612793,5.31434440612793,0.8727684020996094,0.9359108209609985,97.4279556274414,4091.0,2.405334711074829,101.0,0.0,0.0,0.16670635342597961,7.0,0.0,0.0,10.753763198852539,16.116470336914062,9.653637886047363,9.653637886047363,0.5411690473556519,0.7519519329071045,86.99691009521484,3653.0,12.098118782043457,508.0,0.0,0.0,0.9049774408340454,38.0,0.0,0.0,13.278938293457031,20.361392974853516,11.83860969543457,11.83860969543457,0.2628946900367737,0.5739560127258301,81.42414855957031,3419.0,17.31364631652832,727.0,0.0,0.0,1.2622052431106567,53.0,0.0,0.0,14.84052562713623,23.07452964782715,13.211411476135254,13.211411476135254,0.05050802230834961,0.42259153723716736,78.80447387695312,3309.0,19.695165634155273,827.0,0.0,0.0,1.5003572702407837,63.0,0.0,0.0,0.5714285714285714,0.2631579041481018,0.2477443516254425,0.2432330846786499,0.24586467444896698
10,0.2190487548284784,11.177067756652832,17.873151779174805,10.005586624145508,10.005586624145508,0.4338666796684265,0.6876439452171326,86.05620574951172,14454.0,12.985234260559082,2181.0,0.0,0.0,0.9585615396499634,161.0,0.0,0.0,5.819977760314941,8.507216453552246,5.322665214538574,5.322665214538574,0.8725287318229675,0.9357333779335022,97.35651397705078,4088.0,2.429149866104126,102.0,0.0,0.0,0.21433673799037933,9.0,0.0,0.0,10.741835594177246,16.099084854125977,9.639819145202637,9.639819145202637,0.5421584844589233,0.7526825070381165,86.8778305053711,3648.0,12.217194557189941,513.0,0.0,0.0,0.9049774408340454,38.0,0.0,0.0,13.280400276184082,20.341766357421875,11.833972930908203,11.833972930908203,0.2643149495124817,0.5755797028541565,81.44796752929688,3420.0,17.337461471557617,728.0,0.0,0.0,1.214574933052063,51.0,0.0,0.0,14.86605453491211,23.075037002563477,13.225889205932617,13.225889205932617,0.050466299057006836,0.42298489809036255,78.54251098632812,3298.0,19.95713233947754,838.0,0.0,0.0,1.5003572702407837,63.0,0.0,0.0,0.6428571428571429,0.25438597798347473,0.24329572916030884,0.24655388295650482,0.2557644248008728
11,0.2203920847776945,11.182470321655273,17.880252838134766,10.022774696350098,10.022774696350098,0.43341660499572754,0.6870473027229309,86.03239440917969,14450.0,13.003095626831055,2184.0,0.0,0.0,0.9645153880119324,162.0,0.0,0.0,5.811726093292236,8.499483108520508,5.318061351776123,5.318061351776123,0.8727604150772095,0.9359254837036133,97.38032531738281,4089.0,2.452965021133423,103.0,0.0,0.0,0.16670635342597961,7.0,0.0,0.0,10.751370429992676,16.11176300048828,9.661601066589355,9.661601066589355,0.5414370894432068,0.7522553205490112,86.8778305053711,3648.0,12.193379402160645,512.0,0.0,0.0,0.9287925362586975,39.0,0.0,0.0,13.293079376220703,20.352128982543945,11.862457275390625,11.862457275390625,0.2635652422904968,0.5740728378295898,81.32888793945312,3415.0,17.408906936645508,731.0,0.0,0.0,1.2622052431106567,53.0,0.0,0.0,14.873701095581055,23.081912994384766,13.248983383178711,13.248983383178711,0.04990023374557495,0.4212881028652191,78.54251098632812,3298.0,19.95713233947754,838.0,0.0,0.0,1.5003572702407837,63.0,0.0,0.0,0.7142857142857143,0.24561403691768646,0.23884710669517517,0.24987469613552094,0.26566416025161743
12,0.2216994128485106,11.193647384643555,17.88041877746582,10.0316162109375,10.0316162109375,0.43340611457824707,0.6870246529579163,86.03239440917969,14450.0,12.99714183807373,2183.0,0.0,0.0,0.9704691171646118,163.0,0.0,0.0,5.812202453613281,8.501497268676758,5.3205695152282715,5.3205695152282715,0.8727000951766968,0.9358738660812378,97.4755859375,4093.0,2.3100738525390625,97.0,0.0,0.0,0.21433673799037933,9.0,0.0,0.0,10.78078556060791,16.128328323364258,9.690043449401855,9.690043449401855,0.5404937267303467,0.7517566084861755,86.75875091552734,3643.0,12.312455177307129,517.0,0.0,0.0,0.9287925362586975,39.0,0.0,0.0,13.310750961303711,20.358335494995117,11.875391006469727,11.875391006469727,0.26311594247817993,0.5739166140556335,81.28125762939453,3413.0,17.4803524017334,734.0,0.0,0.0,1.2383900880813599,52.0,0.0,0.0,14.870847702026367,23.064634323120117,13.24046516418457,13.24046516418457,0.05132216215133667,0.42192766070365906,78.61395263671875,3301.0,19.88568687438965,835.0,0.0,0.0,1.5003572702407837,63.0,0.0,0.0,0.7857142857142857,0.23684212565422058,0.2343984991312027,0.25319552421569824,0.27556392550468445
13,0.22490062359614435,11.201406478881836,17.905223846435547,10.021419525146484,10.021419525146484,0.43183308839797974,0.6868464350700378,86.00261688232422,14445.0,13.032865524291992,2189.0,0.0,0.0,0.9645153880119324,162.0,0.0,0.0,5.8127007484436035,8.524688720703125,5.31182336807251,5.31182336807251,0.8720046281814575,0.9357499480247498,97.49940490722656,4094.0,2.3338890075683594,98.0,0.0,0.0,0.16670635342597961,7.0,0.0,0.0,10.782204627990723,16.14096450805664,9.67013931274414,9.67013931274414,0.5397733449935913,0.7517738342285156,86.66349029541016,3639.0,12.38390064239502,520.0,0.0,0.0,0.9526077508926392,40.0,0.0,0.0,13.308490753173828,20.372228622436523,11.852723121643066,11.852723121643066,0.26210999488830566,0.5740264058113098,81.28125762939453,3413.0,17.4803524017334,734.0,0.0,0.0,1.2383900880813599,52.0,0.0,0.0,14.902227401733398,23.111886978149414,13.25098705291748,13.25098705291748,0.04743105173110962,0.42073512077331543,78.56632232666016,3299.0,19.933317184448242,837.0,0.0,0.0,1.5003572702407837,63.0,0.0,0.0,0.8571428571428571,0.22807016968727112,0.22994986176490784,0.25651630759239197,0.2854636609554291
14,0.22659725405459613,11.187699317932129,17.875585556030273,10.01757526397705,10.01757526397705,0.4337124824523926,0.687549352645874,86.04429626464844,14452.0,13.026910781860352,2188.0,0.0,0.0,0.9287925362586975,156.0,0.0,0.0,5.785985946655273,8.487174987792969,5.288082599639893,5.288082599639893,0.8731286525726318,0.9362422227859497,97.45177459716797,4092.0,2.381519317626953,100.0,0.0,0.0,0.16670635342597961,7.0,0.0,0.0,10.765850067138672,16.105897903442383,9.667317390441895,9.667317390441895,0.5417708158493042,0.7526413202285767,86.7825698852539,3644.0,12.336270332336426,518.0,0.0,0.0,0.881162166595459,37.0,0.0,0.0,13.302133560180664,20.345726013183594,11.855297088623047,11.855297088623047,0.26402854919433594,0.5746998190879822,81.28125762939453,3413.0,17.527982711791992,736.0,0.0,0.0,1.1907596588134766,50.0,0.0,0.0,14.896825790405273,23.081714630126953,13.25960636138916,13.25960636138916,0.049916625022888184,0.42185530066490173,78.66158294677734,3303.0,19.86187171936035,834.0,0.0,0.0,1.4765419960021973,62.0,0.0,0.0,0.9285714285714286,0.21929824352264404,0.22550123929977417,0.2598370909690857,0.2953633964061737
15,0.22815816531371347,11.205183029174805,17.89354705810547,10.042501449584961,10.042501449584961,0.43257391452789307,0.6879363059997559,85.97880554199219,14441.0,13.098356246948242,2200.0,0.0,0.0,0.9228388071060181,155.0,0.0,0.0,5.804246425628662,8.520671844482422,5.309709072113037,5.309709072113037,0.8721252083778381,0.9359030723571777,97.40414428710938,4090.0,2.452965021133423,103.0,0.0,0.0,0.14289116859436035,6.0,0.0,0.0,10.771653175354004,16.1162052154541,9.682892799377441,9.682892799377441,0.5411841869354248,0.7535508275032043,86.63967895507812,3638.0,12.479161262512207,524.0,0.0,0.0,0.881162166595459,37.0,0.0,0.0,13.326723098754883,20.3646297454834,11.893503189086914,11.893503189086914,0.26266026496887207,0.5759424567222595,81.18599700927734,3409.0,17.62324333190918,740.0,0.0,0.0,1.1907596588134766,50.0,0.0,0.0,14.918107032775879,23.101165771484375,13.28389835357666,13.28389835357666,0.04831463098526001,0.42225775122642517,78.6854019165039,3304.0,19.838056564331055,833.0,0.0,0.0,1.4765419960021973,62.0,0.0,0.0,1.0,0.21052631735801697,0.2210526168346405,0.2631579041481018,0.3052631616592407
16,0.22652548510842802,11.220037460327148,17.923622131347656,10.045385360717773,10.045385360717773,0.4306648373603821,0.6874749064445496,85.9311752319336,14433.0,13.15194034576416,2209.0,0.0,0.0,0.9168849587440491,154.0,0.0,0.0,5.804562091827393,8.523266792297363,5.30510950088501,5.30510950088501,0.8720473051071167,0.9361506104469299,97.5232162475586,4095.0,2.3338890075683594,98.0,0.0,0.0,0.14289116859436035,6.0,0.0,0.0,10.78541374206543,16.132753372192383,9.68275260925293,9.68275260925293,0.5402414798736572,0.7533917427062988,86.47296905517578,3631.0,12.669684410095215,532.0,0.0,0.0,0.8573469519615173,36.0,0.0,0.0,13.3462495803833,20.391199111938477,11.894377708435059,11.894377708435059,0.26073503494262695,0.5750725865364075,81.04310607910156,3403.0,17.742319107055664,745.0,0.0,0.0,1.214574933052063,51.0,0.0,0.0,14.943925857543945,23.158409118652344,13.299301147460938,13.299301147460938,0.043592214584350586,0.42021116614341736,78.6854019165039,3304.0,19.86187171936035,834.0,0.0,0.0,1.4527268409729004,61.0,0.0,0.0,1.0,0.21052631735801697,0.2210526168346405,0.2631579041481018,0.3052631616592407
step,fold2/test_loss,fold2/test_mae,fold2/test_rmse,fold2/test_mard,fold2/test_mape,fold2/test_r2,fold2/test_pearson,fold2/test_ega_zone_a_pct,fold2/test_ega_zone_a_count,fold2/test_ega_zone_b_pct,fold2/test_ega_zone_b_count,fold2/test_ega_zone_c_pct,fold2/test_ega_zone_c_count,fold2/test_ega_zone_d_pct,fold2/test_ega_zone_d_count,fold2/test_ega_zone_e_pct,fold2/test_ega_zone_e_count,fold2/test_horizon_15_mae,fold2/test_horizon_15_rmse,fold2/test_horizon_15_mard,fold2/test_horizon_15_mape,fold2/test_horizon_15_r2,fold2/test_horizon_15_pearson,fold2/test_horizon_15_ega_zone_a_pct,fold2/test_horizon_15_ega_zone_a_count,fold2/test_horizon_15_ega_zone_b_pct,fold2/test_horizon_15_ega_zone_b_count,fold2/test_horizon_15_ega_zone_c_pct,fold2/test_horizon_15_ega_zone_c_count,fold2/test_horizon_15_ega_zone_d_pct,fold2/test_horizon_15_ega_zone_d_count,fold2/test_horizon_15_ega_zone_e_pct,fold2/test_horizon_15_ega_zone_e_count,fold2/test_horizon_30_mae,fold2/test_horizon_30_rmse,fold2/test_horizon_30_mard,fold2/test_horizon_30_mape,fold2/test_horizon_30_r2,fold2/test_horizon_30_pearson,fold2/test_horizon_30_ega_zone_a_pct,fold2/test_horizon_30_ega_zone_a_count,fold2/test_horizon_30_ega_zone_b_pct,fold2/test_horizon_30_ega_zone_b_count,fold2/test_horizon_30_ega_zone_c_pct,fold2/test_horizon_30_ega_zone_c_count,fold2/test_horizon_30_ega_zone_d_pct,fold2/test_horizon_30_ega_zone_d_count,fold2/test_horizon_30_ega_zone_e_pct,fold2/test_horizon_30_ega_zone_e_count,fold2/test_horizon_45_mae,fold2/test_horizon_45_rmse,fold2/test_horizon_45_mard,fold2/test_horizon_45_mape,fold2/test_horizon_45_r2,fold2/test_horizon_45_pearson,fold2/test_horizon_45_ega_zone_a_pct,fold2/test_horizon_45_ega_zone_a_count,fold2/test_horizon_45_ega_zone_b_pct,fold2/test_horizon_45_ega_zone_b_count,fold2/test_horizon_45_ega_zone_c_pct,fold2/test_horizon_45_ega_zone_c_count,fold2/test_horizon_45_ega_zone_d_pct,fold2/test_horizon_45_ega_zone_d_count,fold2/test_horizon_45_ega_zone_e_pct,fold2/test_horizon_45_ega_zone_e_count,fold2/test_horizon_60_mae,fold2/test_horizon_60_rmse,fold2/test_horizon_60_mard,fold2/test_horizon_60_mape,fold2/test_horizon_60_r2,fold2/test_horizon_60_pearson,fold2/test_horizon_60_ega_zone_a_pct,fold2/test_horizon_60_ega_zone_a_count,fold2/test_horizon_60_ega_zone_b_pct,fold2/test_horizon_60_ega_zone_b_count,fold2/test_horizon_60_ega_zone_c_pct,fold2/test_horizon_60_ega_zone_c_count,fold2/test_horizon_60_ega_zone_d_pct,fold2/test_horizon_60_ega_zone_d_count,fold2/test_horizon_60_ega_zone_e_pct,fold2/test_horizon_60_ega_zone_e_count
0,0.3382166928765814,11.733346939086914,16.738243103027344,9.180815696716309,9.180815696716309,0.2875863313674927,0.614378809928894,88.790283203125,6503.0,11.209721565246582,821.0,0.0,0.0,0.0,0.0,0.0,0.0,5.477816581726074,7.601446628570557,4.311498641967773,4.311498641967773,0.8524612188339233,0.9261389374732971,99.29000854492188,1818.0,0.7099945545196533,13.0,0.0,0.0,0.0,0.0,0.0,0.0,11.343060493469238,15.753375053405762,8.898197174072266,8.898197174072266,0.36749768257141113,0.6619232296943665,90.0600814819336,1649.0,9.939924240112305,182.0,0.0,0.0,0.0,0.0,0.0,0.0,14.493483543395996,19.60131072998047,11.339536666870117,11.339536666870117,0.02422410249710083,0.447897344827652,84.59857940673828,1549.0,15.401419639587402,282.0,0.0,0.0,0.0,0.0,0.0,0.0,15.619024276733398,20.748804092407227,12.174025535583496,12.174025535583496,-0.0890430212020874,0.36560890078544617,81.21245574951172,1487.0,18.787548065185547,344.0,0.0,0.0,0.0,0.0,0.0,0.0
step,fold3/train_loss,fold3/val_mae,fold3/val_rmse,fold3/val_mard,fold3/val_mape,fold3/val_r2,fold3/val_pearson,fold3/val_ega_zone_a_pct,fold3/val_ega_zone_a_count,fold3/val_ega_zone_b_pct,fold3/val_ega_zone_b_count,fold3/val_ega_zone_c_pct,fold3/val_ega_zone_c_count,fold3/val_ega_zone_d_pct,fold3/val_ega_zone_d_count,fold3/val_ega_zone_e_pct,fold3/val_ega_zone_e_count,fold3/val_horizon_15_mae,fold3/val_horizon_15_rmse,fold3/val_horizon_15_mard,fold3/val_horizon_15_mape,fold3/val_horizon_15_r2,fold3/val_horizon_15_pearson,fold3/val_horizon_15_ega_zone_a_pct,fold3/val_horizon_15_ega_zone_a_count,fold3/val_horizon_15_ega_zone_b_pct,fold3/val_horizon_15_ega_zone_b_count,fold3/val_horizon_15_ega_zone_c_pct,fold3/val_horizon_15_ega_zone_c_count,fold3/val_horizon_15_ega_zone_d_pct,fold3/val_horizon_15_ega_zone_d_count,fold3/val_horizon_15_ega_zone_e_pct,fold3/val_horizon_15_ega_zone_e_count,fold3/val_horizon_30_mae,fold3/val_horizon_30_rmse,fold3/val_horizon_30_mard,fold3/val_horizon_30_mape,fold3/val_horizon_30_r2,fold3/val_horizon_30_pearson,fold3/val_horizon_30_ega_zone_a_pct,fold3/val_horizon_30_ega_zone_a_count,fold3/val_horizon_30_ega_zone_b_pct,fold3/val_horizon_30_ega_zone_b_count,fold3/val_horizon_30_ega_zone_c_pct,fold3/val_horizon_30_ega_zone_c_count,fold3/val_horizon_30_ega_zone_d_pct,fold3/val_horizon_30_ega_zone_d_count,fold3/val_horizon_30_ega_zone_e_pct,fold3/val_horizon_30_ega_zone_e_count,fold3/val_horizon_45_mae,fold3/val_horizon_45_rmse,fold3/val_horizon_45_mard,fold3/val_horizon_45_mape,fold3/val_horizon_45_r2,fold3/val_horizon_45_pearson,fold3/val_horizon_45_ega_zone_a_pct,fold3/val_horizon_45_ega_zone_a_count,fold3/val_horizon_45_ega_zone_b_pct,fold3/val_horizon_45_ega_zone_b_count,fold3/val_horizon_45_ega_zone_c_pct,fold3/val_horizon_45_ega_zone_c_count,fold3/val_horizon_45_ega_zone_d_pct,fold3/val_horizon_45_ega_zone_d_count,fold3/val_horizon_45_ega_zone_e_pct,fold3/val_horizon_45_ega_zone_e_count,fold3/val_horizon_60_mae,fold3/val_horizon_60_rmse,fold3/val_horizon_60_mard,fold3/val_horizon_60_mape,fold3/val_horizon_60_r2,fold3/val_horizon_60_pearson,fold3/val_horizon_60_ega_zone_a_pct,fold3/val_horizon_60_ega_zone_a_count,fold3/val_horizon_60_ega_zone_b_pct,fold3/val_horizon_60_ega_zone_b_count,fold3/val_horizon_60_ega_zone_c_pct,fold3/val_horizon_60_ega_zone_c_count,fold3/val_horizon_60_ega_zone_d_pct,fold3/val_horizon_60_ega_zone_d_count,fold3/val_horizon_60_ega_zone_e_pct,fold3/val_horizon_60_ega_zone_e_count,fold3/diag_horizon_curriculum_progress,fold3/diag_loss_horizon_weight_0,fold3/diag_loss_horizon_weight_1,fold3/diag_loss_horizon_weight_2,fold3/diag_loss_horizon_weight_3
1,0.2486570506621025,11.008524894714355,17.233999252319336,8.980318069458008,8.980318069458008,0.45102667808532715,0.6917809247970581,87.8593521118164,19315.0,11.92685604095459,2622.0,0.0,0.0,0.2137918472290039,47.0,0.0,0.0,6.218804836273193,9.360200881958008,5.187130928039551,5.187130928039551,0.8378650546073914,0.9156449437141418,96.85225677490234,5323.0,3.0749635696411133,169.0,0.0,0.0,0.07278020679950714,4.0,0.0,0.0,10.557397842407227,15.903862953186035,8.650928497314453,8.650928497314453,0.5325008630752563,0.7383617162704468,89.42867279052734,4915.0,10.316594123840332,567.0,0.0,0.0,0.2547307312488556,14.0,0.0,0.0,12.976811408996582,19.591079711914062,10.599363327026367,10.599363327026367,0.2910240888595581,0.5895907878875732,83.53347778320312,4591.0,16.15720558166504,888.0,0.0,0.0,0.30931586027145386,17.0,0.0,0.0,14.281086921691895,21.533376693725586,11.483845710754395,11.483845710754395,0.14346367120742798,0.49255281686782837,81.62300109863281,4486.0,18.158660888671875,998.0,0.0,0.0,0.21834062039852142,12.0,0.0,0.0,0.0,0.3333333432674408,0.28333333134651184,0.21666665375232697,0.1666666716337204
2,0.22871225002259427,10.306437492370605,16.29897689819336,8.379793167114258,8.379793167114258,0.5089792013168335,0.7274578809738159,89.29676055908203,19631.0,10.52128791809082,2313.0,0.0,0.0,0.18195050954818726,40.0,0.0,0.0,5.324312210083008,7.943091869354248,4.451838970184326,4.451838970184326,0.8832423686981201,0.9403173327445984,98.19868469238281,5397.0,1.7649199962615967,97.0,0.0,0.0,0.03639010339975357,2.0,0.0,0.0,9.704435348510742,14.620078086853027,7.939506530761719,7.939506530761719,0.6049292087554932,0.783549427986145,91.32096099853516,5019.0,8.497089385986328,467.0,0.0,0.0,0.18195050954818726,10.0,0.0,0.0,12.275190353393555,18.584125518798828,9.940116882324219,9.940116882324219,0.36203187704086304,0.631220281124115,85.5349349975586,4701.0,14.192140579223633,780.0,0.0,0.0,0.2729257643222809,15.0,0.0,0.0,13.92181396484375,20.986127853393555,11.187710762023926,11.187710762023926,0.1864464282989502,0.5152620673179626,82.13246154785156,4514.0,17.631004333496094,969.0,0.0,0.0,0.23653565347194672,13.0,0.0,0.0,0.07142857142857142,0.3245614171028137,0.2788847088813782,0.21998745203018188,0.17656642198562622
3,0.22619180664753605,10.145942687988281,16.010276794433594,8.26392936706543,8.26392936706543,0.5262198448181152,0.7381579875946045,89.71979522705078,19724.0,10.089156150817871,2218.0,0.0,0.0,0.1910480260848999,42.0,0.0,0.0,5.109554290771484,7.510834693908691,4.294909954071045,4.294909954071045,0.8956043124198914,0.9468465447425842,98.54439544677734,5416.0,1.4192140102386475,78.0,0.0,0.0,0.03639010339975357,2.0,0.0,0.0,9.492066383361816,14.201522827148438,7.790401458740234,7.790401458740234,0.6272262334823608,0.7972009181976318,91.64846801757812,5037.0,8.133188247680664,447.0,0.0,0.0,0.21834062039852142,12.0,0.0,0.0,12.132740020751953,18.27349853515625,9.830967903137207,9.830967903137207,0.3831803798675537,0.645348072052002,86.04439544677734,4729.0,13.68267822265625,752.0,0.0,0.0,0.2729257643222809,15.0,0.0,0.0,13.849407196044922,20.815837860107422,11.13943862915039,11.13943862915039,0.1995958685874939,0.5217493176460266,82.64192199707031,4542.0,17.121543884277344,941.0,0.0,0.0,0.23653565347194672,13.0,0.0,0.0,0.14285714285714285,0.31578949093818665,0.2744360864162445,0.223308265209198,0.18646617233753204
4,0.22318068261959995,10.062945365905762,15.847260475158691,8.210691452026367,8.210691452026367,0.5358188152313232,0.743506133556366,89.88809967041016,19761.0,9.902656555175781,2177.0,0.0,0.0,0.20924308896064758,46.0,0.0,0.0,4.990819454193115,7.295707702636719,4.211884498596191,4.211884498596191,0.9014989137649536,0.9497827291488647,98.79912567138672,5430.0,1.1644833087921143,64.0,0.0,0.0,0.03639010339975357,2.0,0.0,0.0,9.414217948913574,14.028300285339355,7.737325668334961,7.737325668334961,0.6362645626068115,0.8024904727935791,91.70305633544922,5040.0,8.060407638549805,443.0,0.0,0.0,0.23653565347194672,13.0,0.0,0.0,12.055768966674805,18.10177993774414,9.782334327697754,9.782334327697754,0.39471864700317383,0.6518710255622864,86.35371398925781,4746.0,13.373363494873047,735.0,0.0,0.0,0.2729257643222809,15.0,0.0,0.0,13.790977478027344,20.66029167175293,11.11121940612793,11.11121940612793,0.2115132212638855,0.5276512503623962,82.6965103149414,4545.0,17.012372970581055,935.0,0.0,0.0,0.29112082719802856,16.0,0.0,0.0,0.21428571428571427,0.30701756477355957,0.26998746395111084,0.22662906348705292,0.19636592268943787
5,0.22445516430447043,10.023381233215332,15.783080101013184,8.192853927612305,8.192853927612305,0.5395709872245789,0.7455151081085205,89.9199447631836,19768.0,9.861717224121094,2168.0,0.0,0.0,0.21834062039852142,48.0,0.0,0.0,4.927490234375,7.197305679321289,4.168191432952881,4.168191432952881,0.9041380882263184,0.9511062502861023,98.87190246582031,5434.0,1.0735080242156982,59.0,0.0,0.0,0.054585155099630356,3.0,0.0,0.0,9.372483253479004,13.935013771057129,7.718547344207764,7.718547344207764,0.6410860419273376,0.8051847219467163,91.90320587158203,5051.0,7.860261917114258,432.0,0.0,0.0,0.23653565347194672,13.0,0.0,0.0,12.019097328186035,18.036298751831055,9.766766548156738,9.766766548156738,0.3990897536277771,0.6541826725006104,86.31732177734375,4744.0,13.40975284576416,737.0,0.0,0.0,0.2729257643222809,15.0,0.0,0.0,13.774455070495605,20.618642807006836,11.117916107177734,11.117916107177734,0.21468901634216309,0.5292359590530396,82.58734130859375,4539.0,17.103347778320312,940.0,0.0,0.0,0.30931586027145386,17.0,0.0,0.0,0.2857142857142857,0.2982456088066101,0.2655388414859772,0.22994986176490784,0.2062656730413437
6,0.22518567425576574,9.964641571044922,15.700849533081055,8.139404296875,8.139404296875,0.5443562269210815,0.7493077516555786,90.07914733886719,19803.0,9.707059860229492,2134.0,0.0,0.0,0.2137918472290039,47.0,0.0,0.0,4.869874954223633,7.122640132904053,4.118975639343262,4.118975639343262,0.9061167240142822,0.9523147940635681,98.9264907836914,5437.0,1.0189229249954224,56.0,0.0,0.0,0.054585155099630356,3.0,0.0,0.0,9.304296493530273,13.836321830749512,7.663146495819092,7.663146495819092,0.6461519002914429,0.8088123202323914,91.90320587158203,5051.0,7.860261917114258,432.0,0.0,0.0,0.23653565347194672,13.0,0.0,0.0,11.962030410766602,17.94744300842285,9.712106704711914,9.712106704711914,0.40499597787857056,0.6592413187026978,86.66302490234375,4763.0,13.082242012023926,719.0,0.0,0.0,0.2547307312488556,14.0,0.0,0.0,13.722366333007812,20.53728675842285,11.06339168548584,11.06339168548584,0.22087407112121582,0.5343195796012878,82.8238754272461,4552.0,16.866811752319336,927.0,0.0,0.0,0.30931586027145386,17.0,0.0,0.0,0.35714285714285715,0.28947368264198303,0.2610902190208435,0.23327067494392395,0.2161654233932495
7,0.22618403700833045,9.99136734008789,15.719135284423828,8.161338806152344,8.161338806152344,0.5432943105697632,0.7477984428405762,90.09734344482422,19807.0,9.697961807250977,2132.0,0.0,0.0,0.20469431579113007,45.0,0.0,0.0,4.884382724761963,7.128121376037598,4.129504203796387,4.129504203796387,0.9059721827507019,0.9520737528800964,99.05386352539062,5444.0,0.909752607345581,50.0,0.0,0.0,0.03639010339975357,2.0,0.0,0.0,9.327691078186035,13.848488807678223,7.679676055908203,7.679676055908203,0.6455292701721191,0.8079266548156738,92.04876708984375,5059.0,7.732896327972412,425.0,0.0,0.0,0.21834062039852142,12.0,0.0,0.0,11.987526893615723,17.961124420166016,9.733634948730469,9.733634948730469,0.40408843755722046,0.6575061082839966,86.62664031982422,4761.0,13.118632316589355,721.0,0.0,0.0,0.2547307312488556,14.0,0.0,0.0,13.765869140625,20.571147918701172,11.102535247802734,11.102535247802734,0.21830284595489502,0.5306936502456665,82.66011810302734,4543.0,17.030569076538086,936.0,0.0,0.0,0.30931586027145386,17.0,0.0,0.0,0.42857142857142855,0.28070175647735596,0.25664159655570984,0.23659147322177887,0.22606515884399414
8,0.22711226922720612,9.982760429382324,15.70173168182373,8.158239364624023,8.158239364624023,0.5443050265312195,0.7485162019729614,90.04275512695312,19795.0,9.757096290588379,2145.0,0.0,0.0,0.20014555752277374,44.0,0.0,0.0,4.864446640014648,7.106438636779785,4.118022918701172,4.118022918701172,0.9065433144569397,0.9524183869361877,98.94468688964844,5438.0,1.0189229249954224,56.0,0.0,0.0,0.03639010339975357,2.0,0.0,0.0,9.326727867126465,13.831244468688965,7.6827874183654785,7.6827874183654785,0.6464115977287292,0.8085051774978638,91.90320587158203,5051.0,7.878457069396973,433.0,0.0,0.0,0.21834062039852142,12.0,0.0,0.0,11.980900764465332,17.94184684753418,9.732316017150879,9.732316017150879,0.40536701679229736,0.6583119034767151,86.60843658447266,4760.0,13.136826515197754,722.0,0.0,0.0,0.2547307312488556,14.0,0.0,0.0,13.758963584899902,20.55390167236328,11.099834442138672,11.099834442138672,0.2196129560470581,0.5315977334976196,82.7146987915039,4546.0,16.994178771972656,934.0,0.0,0.0,0.29112082719802856,16.0,0.0,0.0,0.5,0.2719298303127289,0.25219297409057617,0.2399122714996338,0.23596492409706116
9,0.2287208697329702,9.977148056030273,15.68243408203125,8.157544136047363,8.157544136047363,0.5454244017601013,0.7488917708396912,90.06095886230469,19799.0,9.734352111816406,2140.0,0.0,0.0,0.20469431579113007,45.0,0.0,0.0,4.858105182647705,7.0908308029174805,4.110852241516113,4.110852241516113,0.9069533944129944,0.9525938034057617,98.99927520751953,5441.0,0.9643377065658569,53.0,0.0,0.0,0.03639010339975357,2.0,0.0,0.0,9.314295768737793,13.802164077758789,7.675271511077881,7.675271511077881,0.6478968858718872,0.809183657169342,91.84861755371094,5048.0,7.933042049407959,436.0,0.0,0.0,0.21834062039852142,12.0,0.0,0.0,11.976490020751953,17.920207977294922,9.736720085144043,9.736720085144043,0.40680044889450073,0.6588501334190369,86.73580932617188,4767.0,13.009461402893066,715.0,0.0,0.0,0.2547307312488556,14.0,0.0,0.0,13.759699821472168,20.538782119750977,11.107336044311523,11.107336044311523,0.22076064348220825,0.5317776203155518,82.66011810302734,4543.0,17.030569076538086,936.0,0.0,0.0,0.30931586027145386,17.0,0.0,0.0,0.5714285714285714,0.2631579041481018,0.2477443516254425,0.2432330846786499,0.24586467444896698
10,0.22963663971349216,9.976923942565918,15.685419082641602,8.158656120300293,8.158656120300293,0.5452513694763184,0.7489966154098511,90.02911376953125,19792.0,9.770742416381836,2148.0,0.0,0.0,0.20014555752277374,44.0,0.0,0.0,4.833963871002197,7.076193332672119,4.093218803405762,4.093218803405762,0.9073371887207031,0.9528552889823914,99.01746368408203,5442.0,0.9461426138877869,52.0,0.0,0.0,0.03639010339975357,2.0,0.0,0.0,9.311685562133789,13.794103622436523,7.675594806671143,7.675594806671143,0.6483080387115479,0.8095868825912476,91.93959045410156,5053.0,7.842066764831543,431.0,0.0,0.0,0.21834062039852142,12.0,0.0,0.0,11.98812198638916,17.929332733154297,9.745197296142578,9.745197296142578,0.4061961770057678,0.6584888696670532,86.55386352539062,4757.0,13.191411972045898,725.0,0.0,0.0,0.2547307312488556,14.0,0.0,0.0,13.773930549621582,20.55039405822754,11.120616912841797,11.120616912841797,0.21987926959991455,0.5313929319381714,82.60552978515625,4540.0,17.103347778320312,940.0,0.0,0.0,0.29112082719802856,16.0,0.0,0.0,0.6428571428571429,0.25438597798347473,0.24329572916030884,0.24655388295650482,0.2557644248008728
11,0.23164383975791145,9.966267585754395,15.66061782836914,8.146417617797852,8.146417617797852,0.5466883182525635,0.7499824166297913,90.04730224609375,19796.0,9.747998237609863,2143.0,0.0,0.0,0.20469431579113007,45.0,0.0,0.0,4.829222202301025,7.065494060516357,4.084601402282715,4.084601402282715,0.9076171517372131,0.9530360698699951,99.12664031982422,5448.0,0.8369723558425903,46.0,0.0,0.0,0.03639010339975357,2.0,0.0,0.0,9.301384925842285,13.767167091369629,7.668155670166016,7.668155670166016,0.6496801972389221,0.8105140924453735,91.77583312988281,5044.0,8.00582218170166,440.0,0.0,0.0,0.21834062039852142,12.0,0.0,0.0,11.976553916931152,17.895586013793945,9.736712455749512,9.736712455749512,0.4084293842315674,0.6599661707878113,86.71761322021484,4766.0,13.027656555175781,716.0,0.0,0.0,0.2547307312488556,14.0,0.0,0.0,13.757905960083008,20.52587890625,11.096199989318848,11.096199989318848,0.22173935174942017,0.5325909852981567,82.56913757324219,4538.0,17.121543884277344,941.0,0.0,0.0,0.30931586027145386,17.0,0.0,0.0,0.7142857142857143,0.24561403691768646,0.23884710669517517,0.24987469613552094,0.26566416025161743
12,0.23329828545585726,9.976759910583496,15.670085906982422,8.159894943237305,8.159894943237305,0.5461400151252747,0.7497597932815552,90.00182342529297,19786.0,9.802583694458008,2155.0,0.0,0.0,0.19559678435325623,43.0,0.0,0.0,4.821487903594971,7.048628807067871,4.077531337738037,4.077531337738037,0.908057689666748,0.9533548951148987,99.09024810791016,5446.0,0.891557514667511,49.0,0.0,0.0,0.018195051699876785,1.0,0.0,0.0,9.300793647766113,13.757071495056152,7.670960426330566,7.670960426330566,0.6501938104629517,0.8109843730926514,91.77583312988281,5044.0,8.024017333984375,441.0,0.0,0.0,0.20014555752277374,11.0,0.0,0.0,11.9931058883667,17.90830421447754,9.75927448272705,9.75927448272705,0.40758830308914185,0.6593339443206787,86.62664031982422,4761.0,13.118632316589355,721.0,0.0,0.0,0.2547307312488556,14.0,0.0,0.0,13.79165267944336,20.55623435974121,11.131811141967773,11.131811141967773,0.2194356918334961,0.5305283069610596,82.51455688476562,4535.0,17.176128387451172,944.0,0.0,0.0,0.30931586027145386,17.0,0.0,0.0,0.7857142857142857,0.23684212565422058,0.2343984991312027,0.25319552421569824,0.27556392550468445
13,0.2347056926595589,9.958756446838379,15.655336380004883,8.14461898803711,8.14461898803711,0.5469939708709717,0.7506635189056396,90.07005310058594,19801.0,9.734352111816406,2140.0,0.0,0.0,0.19559678435325623,43.0,0.0,0.0,4.811241626739502,7.060018539428711,4.066462516784668,4.066462516784668,0.9077602624893188,0.9532448053359985,99.07205200195312,5445.0,0.891557514667511,49.0,0.0,0.0,0.03639010339975357,2.0,0.0,0.0,9.290756225585938,13.752169609069824,7.662417888641357,7.662417888641357,0.6504430770874023,0.8114514946937561,91.84861755371094,5048.0,7.951237201690674,437.0,0.0,0.0,0.20014555752277374,11.0,0.0,0.0,11.9755277633667,17.895509719848633,9.742636680603027,9.742636680603027,0.40843451023101807,0.6605401635169983,86.62664031982422,4761.0,13.118632316589355,721.0,0.0,0.0,0.2547307312488556,14.0,0.0,0.0,13.757499694824219,20.52176856994629,11.106961250305176,11.106961250305176,0.22205102443695068,0.5334088206291199,82.73289489746094,4547.0,16.975982666015625,933.0,0.0,0.0,0.29112082719802856,16.0,0.0,0.0,0.8571428571428571,0.22807016968727112,0.22994986176490784,0.25651630759239197,0.2854636609554291
14,0.23726556793258946,9.968857765197754,15.64305305480957,8.163041114807129,8.163041114807129,0.5477045774459839,0.7510574460029602,90.16102600097656,19821.0,9.647926330566406,2121.0,0.0,0.0,0.1910480260848999,42.0,0.0,0.0,4.827733039855957,7.07205057144165,4.081223487854004,4.081223487854004,0.9074456095695496,0.9530525803565979,99.09024810791016,5446.0,0.891557514667511,49.0,0.0,0.0,0.018195051699876785,1.0,0.0,0.0,9.314055442810059,13.766559600830078,7.68974494934082,7.68974494934082,0.6497111320495605,0.8109797239303589,91.84861755371094,5048.0,7.951237201690674,437.0,0.0,0.0,0.20014555752277374,11.0,0.0,0.0,11.97701358795166,17.873615264892578,9.758567810058594,9.758567810058594,0.409881055355072,0.6617478132247925,86.8267822265625,4772.0,12.918485641479492,710.0,0.0,0.0,0.2547307312488556,14.0,0.0,0.0,13.756629943847656,20.489564895629883,11.122629165649414,11.122629165649414,0.22449082136154175,0.535441517829895,82.87845611572266,4555.0,16.830421447753906,925.0,0.0,0.0,0.29112082719802856,16.0,0.0,0.0,0.9285714285714286,0.21929824352264404,0.22550123929977417,0.2598370909690857,0.2953633964061737
15,0.23954732604339443,9.99926471710205,15.680109024047852,8.188565254211426,8.188565254211426,0.5455592274665833,0.7496199607849121,90.06095886230469,19799.0,9.738901138305664,2141.0,0.0,0.0,0.20014555752277374,44.0,0.0,0.0,4.845650672912598,7.11091947555542,4.09859561920166,4.09859561920166,0.9064254760742188,0.9525516629219055,99.01746368408203,5442.0,0.9461426138877869,52.0,0.0,0.0,0.03639010339975357,2.0,0.0,0.0,9.352882385253906,13.81103801727295,7.721307277679443,7.721307277679443,0.647443950176239,0.8095306158065796,91.64846801757812,5037.0,8.151383399963379,448.0,0.0,0.0,0.20014555752277374,11.0,0.0,0.0,12.011374473571777,17.90680694580078,9.786099433898926,9.786099433898926,0.40768736600875854,0.659944474697113,86.86317443847656,4774.0,12.863901138305664,707.0,0.0,0.0,0.2729257643222809,15.0,0.0,0.0,13.787153244018555,20.53045654296875,11.1482572555542,11.1482572555542,0.22139227390289307,0.5326653718948364,82.7146987915039,4546.0,16.994178771972656,934.0,0.0,0.0,0.29112082719802856,16.0,0.0,0.0,1.0,0.21052631735801697,0.2210526168346405,0.2631579041481018,0.3052631616592407
16,0.23830355485607982,9.993081092834473,15.680485725402832,8.179162979125977,8.179162979125977,0.5455373525619507,0.7499129772186279,90.0382080078125,19794.0,9.770742416381836,2148.0,0.0,0.0,0.1910480260848999,42.0,0.0,0.0,4.836764812469482,7.120020866394043,4.085934162139893,4.085934162139893,0.9061857461929321,0.9524780511856079,99.03565979003906,5443.0,0.9279475808143616,51.0,0.0,0.0,0.03639010339975357,2.0,0.0,0.0,9.33806324005127,13.804672241210938,7.705865859985352,7.705865859985352,0.6477688550949097,0.8099748492240906,91.75764465332031,5043.0,8.04221248626709,442.0,0.0,0.0,0.20014555752277374,11.0,0.0,0.0,12.009023666381836,17.90632438659668,9.783146858215332,9.783146858215332,0.4077192544937134,0.6603383421897888,86.71761322021484,4766.0,13.045851707458496,717.0,0.0,0.0,0.23653565347194672,13.0,0.0,0.0,13.788471221923828,20.533151626586914,11.141705513000488,11.141705513000488,0.2211877703666687,0.5331725478172302,82.64192199707031,4542.0,17.066957473754883,938.0,0.0,0.0,0.29112082719802856,16.0,0.0,0.0,1.0,0.21052631735801697,0.2210526168346405,0.2631579041481018,0.3052631616592407
17,0.2366626747961741,10.01104736328125,15.67750072479248,8.20289134979248,8.20289134979248,0.5457103848457336,0.7498558759689331,89.99272155761719,19784.0,9.811681747436523,2157.0,0.0,0.0,0.19559678435325623,43.0,0.0,0.0,4.840489864349365,7.1177978515625,4.095949172973633,4.095949172973633,0.9062443375587463,0.9524417519569397,99.09024810791016,5446.0,0.8733624815940857,48.0,0.0,0.0,0.03639010339975357,2.0,0.0,0.0,9.344173431396484,13.80036735534668,7.717211723327637,7.717211723327637,0.647988498210907,0.8099951148033142,91.70305633544922,5040.0,8.096797943115234,445.0,0.0,0.0,0.20014555752277374,11.0,0.0,0.0,12.041540145874023,17.909929275512695,9.819291114807129,9.819291114807129,0.40748071670532227,0.6601507067680359,86.57205200195312,4758.0,13.191411972045898,725.0,0.0,0.0,0.23653565347194672,13.0,0.0,0.0,13.817986488342285,20.524553298950195,11.179116249084473,11.179116249084473,0.22183996438980103,0.5336440801620483,82.60552978515625,4540.0,17.085153579711914,939.0,0.0,0.0,0.30931586027145386,17.0,0.0,0.0,1.0,0.21052631735801697,0.2210526168346405,0.2631579041481018,0.3052631616592407
18,0.2349124298546892,9.994093894958496,15.668253898620605,8.186164855957031,8.186164855957031,0.5462461709976196,0.7508319020271301,90.07005310058594,19801.0,9.734352111816406,2140.0,0.0,0.0,0.19559678435325623,43.0,0.0,0.0,4.836185932159424,7.129773139953613,4.093383312225342,4.093383312225342,0.9059286117553711,0.9525107145309448,99.09024810791016,5446.0,0.8733624815940857,48.0,0.0,0.0,0.03639010339975357,2.0,0.0,0.0,9.329283714294434,13.789833068847656,7.702583312988281,7.702583312988281,0.6485257148742676,0.810856819152832,91.68486022949219,5039.0,8.11499309539795,446.0,0.0,0.0,0.20014555752277374,11.0,0.0,0.0,12.013211250305176,17.891368865966797,9.791254997253418,9.791254997253418,0.4087080955505371,0.6615996956825256,86.71761322021484,4766.0,13.045851707458496,717.0,0.0,0.0,0.23653565347194672,13.0,0.0,0.0,13.79769515991211,20.515419006347656,11.157439231872559,11.157439231872559,0.22253233194351196,0.5347838401794434,82.78748321533203,4550.0,16.903202056884766,929.0,0.0,0.0,0.30931586027145386,17.0,0.0,0.0,1.0,0.21052631735801697,0.2210526168346405,0.2631579041481018,0.3052631616592407
19,0.2348399098054259,10.022903442382812,15.705972671508789,8.20876693725586,8.20876693725586,0.5440588593482971,0.7489907741546631,90.0382080078125,19794.0,9.761645317077637,2146.0,0.0,0.0,0.20014555752277374,44.0,0.0,0.0,4.856465816497803,7.16926908493042,4.106295585632324,4.106295585632324,0.9048835039138794,0.9518070220947266,99.10843658447266,5447.0,0.8551673889160156,47.0,0.0,0.0,0.03639010339975357,2.0,0.0,0.0,9.367609024047852,13.848200798034668,7.731288909912109,7.731288909912109,0.6455441117286682,0.8086909055709839,91.75764465332031,5043.0,8.04221248626709,442.0,0.0,0.0,0.20014555752277374,11.0,0.0,0.0,12.045205116271973,17.931987762451172,9.819025993347168,9.819025993347168,0.4060204029083252,0.6592709422111511,86.55386352539062,4757.0,13.191411972045898,725.0,0.0,0.0,0.2547307312488556,14.0,0.0,0.0,13.8223295211792,20.542224884033203,11.178457260131836,11.178457260131836,0.22049939632415771,0.5326633453369141,82.73289489746094,4547.0,16.957788467407227,932.0,0.0,0.0,0.30931586027145386,17.0,0.0,0.0,1.0,0.21052631735801697,0.2210526168346405,0.2631579041481018,0.3052631616592407
20,0.23373099110221976,10.022672653198242,15.708028793334961,8.206772804260254,8.206772804260254,0.5439394116401672,0.7491950392723083,89.97452545166016,19780.0,9.825326919555664,2160.0,0.0,0.0,0.20014555752277374,44.0,0.0,0.0,4.860345363616943,7.155022621154785,4.111159801483154,4.111159801483154,0.9052611589431763,0.9520437121391296,99.03565979003906,5443.0,0.9279475808143616,51.0,0.0,0.0,0.03639010339975357,2.0,0.0,0.0,9.367194175720215,13.836503028869629,7.729466915130615,7.729466915130615,0.6461426615715027,0.8092043995857239,91.6120834350586,5035.0,8.187772750854492,450.0,0.0,0.0,0.20014555752277374,11.0,0.0,0.0,12.039274215698242,17.93558692932129,9.809216499328613,9.809216499328613,0.4057818055152893,0.6596057415008545,86.44468688964844,4751.0,13.300582885742188,731.0,0.0,0.0,0.2547307312488556,14.0,0.0,0.0,13.823874473571777,20.558218002319336,11.17724895477295,11.17724895477295,0.219285249710083,0.5325356125831604,82.80567169189453,4551.0,16.885007858276367,928.0,0.0,0.0,0.30931586027145386,17.0,0.0,0.0,1.0,0.21052631735801697,0.2210526168346405,0.2631579041481018,0.3052631616592407
21,0.23232241362204586,10.043707847595215,15.740513801574707,8.228801727294922,8.228801727294922,0.5420511960983276,0.7481750845909119,89.96087646484375,19777.0,9.83442497253418,2162.0,0.0,0.0,0.20469431579113007,45.0,0.0,0.0,4.861289024353027,7.186226844787598,4.112239360809326,4.112239360809326,0.9044329524040222,0.9516621232032776,99.03565979003906,5443.0,0.909752607345581,50.0,0.0,0.0,0.054585155099630356,3.0,0.0,0.0,9.389820098876953,13.869650840759277,7.755035400390625,7.755035400390625,0.6444451808929443,0.8082670569419861,91.70305633544922,5040.0,8.096797943115234,445.0,0.0,0.0,0.20014555752277374,11.0,0.0,0.0,12.066828727722168,17.969423294067383,9.83930492401123,9.83930492401123,0.4035377502441406,0.6583207249641418,86.4083023071289,4749.0,13.336973190307617,733.0,0.0,0.0,0.2547307312488556,14.0,0.0,0.0,13.856893539428711,20.59480094909668,11.208627700805664,11.208627700805664,0.21650409698486328,0.5308883786201477,82.6965103149414,4545.0,16.994178771972656,934.0,0.0,0.0,0.30931586027145386,17.0,0.0,0.0,1.0,0.21052631735801697,0.2210526168346405,0.2631579041481018,0.3052631616592407
22,0.23068767965050552,10.048419952392578,15.748918533325195,8.234888076782227,8.234888076782227,0.5415619611740112,0.7478187084197998,89.97908020019531,19781.0,9.811681747436523,2157.0,0.0,0.0,0.20924308896064758,46.0,0.0,0.0,4.8648271560668945,7.194278240203857,4.118152618408203,4.118152618408203,0.9042187333106995,0.9515442848205566,99.05386352539062,5444.0,0.891557514667511,49.0,0.0,0.0,0.054585155099630356,3.0,0.0,0.0,9.394515991210938,13.879822731018066,7.761163234710693,7.761163234710693,0.6439234614372253,0.80793297290802,91.64846801757812,5037.0,8.151383399963379,448.0,0.0,0.0,0.20014555752277374,11.0,0.0,0.0,12.07841682434082,17.98328971862793,9.849183082580566,9.849183082580566,0.40261679887771606,0.6576540470123291,86.39009857177734,4748.0,13.336973190307617,733.0,0.0,0.0,0.2729257643222809,15.0,0.0,0.0,13.85591983795166,20.598735809326172,11.211053848266602,11.211053848266602,0.21620464324951172,0.5304982662200928,82.8238754272461,4552.0,16.866811752319336,927.0,0.0,0.0,0.30931586027145386,17.0,0.0,0.0,1.0,0.21052631735801697,0.2210526168346405,0.2631579041481018,0.3052631616592407
step,fold3/test_loss,fold3/test_mae,fold3/test_rmse,fold3/test_mard,fold3/test_mape,fold3/test_r2,fold3/test_pearson,fold3/test_ega_zone_a_pct,fold3/test_ega_zone_a_count,fold3/test_ega_zone_b_pct,fold3/test_ega_zone_b_count,fold3/test_ega_zone_c_pct,fold3/test_ega_zone_c_count,fold3/test_ega_zone_d_pct,fold3/test_ega_zone_d_count,fold3/test_ega_zone_e_pct,fold3/test_ega_zone_e_count,fold3/test_horizon_15_mae,fold3/test_horizon_15_rmse,fold3/test_horizon_15_mard,fold3/test_horizon_15_mape,fold3/test_horizon_15_r2,fold3/test_horizon_15_pearson,fold3/test_horizon_15_ega_zone_a_pct,fold3/test_horizon_15_ega_zone_a_count,fold3/test_horizon_15_ega_zone_b_pct,fold3/test_horizon_15_ega_zone_b_count,fold3/test_horizon_15_ega_zone_c_pct,fold3/test_horizon_15_ega_zone_c_count,fold3/test_horizon_15_ega_zone_d_pct,fold3/test_horizon_15_ega_zone_d_count,fold3/test_horizon_15_ega_zone_e_pct,fold3/test_horizon_15_ega_zone_e_count,fold3/test_horizon_30_mae,fold3/test_horizon_30_rmse,fold3/test_horizon_30_mard,fold3/test_horizon_30_mape,fold3/test_horizon_30_r2,fold3/test_horizon_30_pearson,fold3/test_horizon_30_ega_zone_a_pct,fold3/test_horizon_30_ega_zone_a_count,fold3/test_horizon_30_ega_zone_b_pct,fold3/test_horizon_30_ega_zone_b_count,fold3/test_horizon_30_ega_zone_c_pct,fold3/test_horizon_30_ega_zone_c_count,fold3/test_horizon_30_ega_zone_d_pct,fold3/test_horizon_30_ega_zone_d_count,fold3/test_horizon_30_ega_zone_e_pct,fold3/test_horizon_30_ega_zone_e_count,fold3/test_horizon_45_mae,fold3/test_horizon_45_rmse,fold3/test_horizon_45_mard,fold3/test_horizon_45_mape,fold3/test_horizon_45_r2,fold3/test_horizon_45_pearson,fold3/test_horizon_45_ega_zone_a_pct,fold3/test_horizon_45_ega_zone_a_count,fold3/test_horizon_45_ega_zone_b_pct,fold3/test_horizon_45_ega_zone_b_count,fold3/test_horizon_45_ega_zone_c_pct,fold3/test_horizon_45_ega_zone_c_count,fold3/test_horizon_45_ega_zone_d_pct,fold3/test_horizon_45_ega_zone_d_count,fold3/test_horizon_45_ega_zone_e_pct,fold3/test_horizon_45_ega_zone_e_count,fold3/test_horizon_60_mae,fold3/test_horizon_60_rmse,fold3/test_horizon_60_mard,fold3/test_horizon_60_mape,fold3/test_horizon_60_r2,fold3/test_horizon_60_pearson,fold3/test_horizon_60_ega_zone_a_pct,fold3/test_horizon_60_ega_zone_a_count,fold3/test_horizon_60_ega_zone_b_pct,fold3/test_horizon_60_ega_zone_b_count,fold3/test_horizon_60_ega_zone_c_pct,fold3/test_horizon_60_ega_zone_c_count,fold3/test_horizon_60_ega_zone_d_pct,fold3/test_horizon_60_ega_zone_d_count,fold3/test_horizon_60_ega_zone_e_pct,fold3/test_horizon_60_ega_zone_e_count
0,0.2455169442011967,8.95490837097168,14.908425331115723,7.990029335021973,7.990029335021973,0.3229982256889343,0.6121556162834167,90.69062805175781,4491.0,8.925686836242676,442.0,0.0,0.0,0.38368335366249084,19.0,0.0,0.0,4.272587776184082,6.229631423950195,3.8765907287597656,3.8765907287597656,0.8831475377082825,0.9407033324241638,99.27301788330078,1229.0,0.7269790172576904,9.0,0.0,0.0,0.0,0.0,0.0,0.0,8.246049880981445,12.912302017211914,7.384148120880127,7.384148120880127,0.4936724305152893,0.719385027885437,91.68013000488281,1135.0,7.915993690490723,98.0,0.0,0.0,0.4038771986961365,5.0,0.0,0.0,10.921242713928223,17.272802352905273,9.703941345214844,9.703941345214844,0.0861966609954834,0.4402940273284912,87.31825256347656,1081.0,12.116316795349121,150.0,0.0,0.0,0.5654280781745911,7.0,0.0,0.0,12.379754066467285,19.625463485717773,10.995436668395996,10.995436668395996,-0.18404221534729004,0.2184278964996338,84.49111938476562,1046.0,14.943456649780273,185.0,0.0,0.0,0.5654280781745911,7.0,0.0,0.0
step,fold4/train_loss,fold4/val_mae,fold4/val_rmse,fold4/val_mard,fold4/val_mape,fold4/val_r2,fold4/val_pearson,fold4/val_ega_zone_a_pct,fold4/val_ega_zone_a_count,fold4/val_ega_zone_b_pct,fold4/val_ega_zone_b_count,fold4/val_ega_zone_c_pct,fold4/val_ega_zone_c_count,fold4/val_ega_zone_d_pct,fold4/val_ega_zone_d_count,fold4/val_ega_zone_e_pct,fold4/val_ega_zone_e_count,fold4/val_horizon_15_mae,fold4/val_horizon_15_rmse,fold4/val_horizon_15_mard,fold4/val_horizon_15_mape,fold4/val_horizon_15_r2,fold4/val_horizon_15_pearson,fold4/val_horizon_15_ega_zone_a_pct,fold4/val_horizon_15_ega_zone_a_count,fold4/val_horizon_15_ega_zone_b_pct,fold4/val_horizon_15_ega_zone_b_count,fold4/val_horizon_15_ega_zone_c_pct,fold4/val_horizon_15_ega_zone_c_count,fold4/val_horizon_15_ega_zone_d_pct,fold4/val_horizon_15_ega_zone_d_count,fold4/val_horizon_15_ega_zone_e_pct,fold4/val_horizon_15_ega_zone_e_count,fold4/val_horizon_30_mae,fold4/val_horizon_30_rmse,fold4/val_horizon_30_mard,fold4/val_horizon_30_mape,fold4/val_horizon_30_r2,fold4/val_horizon_30_pearson,fold4/val_horizon_30_ega_zone_a_pct,fold4/val_horizon_30_ega_zone_a_count,fold4/val_horizon_30_ega_zone_b_pct,fold4/val_horizon_30_ega_zone_b_count,fold4/val_horizon_30_ega_zone_c_pct,fold4/val_horizon_30_ega_zone_c_count,fold4/val_horizon_30_ega_zone_d_pct,fold4/val_horizon_30_ega_zone_d_count,fold4/val_horizon_30_ega_zone_e_pct,fold4/val_horizon_30_ega_zone_e_count,fold4/val_horizon_45_mae,fold4/val_horizon_45_rmse,fold4/val_horizon_45_mard,fold4/val_horizon_45_mape,fold4/val_horizon_45_r2,fold4/val_horizon_45_pearson,fold4/val_horizon_45_ega_zone_a_pct,fold4/val_horizon_45_ega_zone_a_count,fold4/val_horizon_45_ega_zone_b_pct,fold4/val_horizon_45_ega_zone_b_count,fold4/val_horizon_45_ega_zone_c_pct,fold4/val_horizon_45_ega_zone_c_count,fold4/val_horizon_45_ega_zone_d_pct,fold4/val_horizon_45_ega_zone_d_count,fold4/val_horizon_45_ega_zone_e_pct,fold4/val_horizon_45_ega_zone_e_count,fold4/val_horizon_60_mae,fold4/val_horizon_60_rmse,fold4/val_horizon_60_mard,fold4/val_horizon_60_mape,fold4/val_horizon_60_r2,fold4/val_horizon_60_pearson,fold4/val_horizon_60_ega_zone_a_pct,fold4/val_horizon_60_ega_zone_a_count,fold4/val_horizon_60_ega_zone_b_pct,fold4/val_horizon_60_ega_zone_b_count,fold4/val_horizon_60_ega_zone_c_pct,fold4/val_horizon_60_ega_zone_c_count,fold4/val_horizon_60_ega_zone_d_pct,fold4/val_horizon_60_ega_zone_d_count,fold4/val_horizon_60_ega_zone_e_pct,fold4/val_horizon_60_ega_zone_e_count,fold4/diag_horizon_curriculum_progress,fold4/diag_loss_horizon_weight_0,fold4/diag_loss_horizon_weight_1,fold4/diag_loss_horizon_weight_2,fold4/diag_loss_horizon_weight_3
1,0.23745682271371557,11.442513465881348,16.24551773071289,9.824540138244629,9.824540138244629,0.3837435245513916,0.6617962718009949,86.79908752441406,19009.0,12.949771881103516,2836.0,0.0,0.0,0.2511415481567383,55.0,0.0,0.0,7.7046284675598145,10.94050121307373,6.68317174911499,6.68317174911499,0.7222386598587036,0.8578628301620483,95.08676147460938,5206.0,4.748858451843262,260.0,0.0,0.0,0.16438356041908264,9.0,0.0,0.0,11.3724365234375,15.969608306884766,9.81806755065918,9.81806755065918,0.40619659423828125,0.6735292673110962,87.21461486816406,4775.0,12.456621170043945,682.0,0.0,0.0,0.3287671208381653,18.0,0.0,0.0,12.900798797607422,17.94257354736328,11.099282264709473,11.099282264709473,0.2467796802520752,0.5704962015151978,83.37899780273438,4565.0,16.328767776489258,894.0,0.0,0.0,0.29223746061325073,16.0,0.0,0.0,13.79218864440918,18.94751739501953,11.697638511657715,11.697638511657715,0.1556922197341919,0.5229874849319458,81.51597595214844,4463.0,18.264841079711914,1000.0,0.0,0.0,0.21917808055877686,12.0,0.0,0.0,0.0,0.3333333432674408,0.28333333134651184,0.21666665375232697,0.1666666716337204
2,0.21411571089245632,11.103569030761719,15.932183265686035,9.556194305419922,9.556194305419922,0.40728622674942017,0.6801853775978088,87.45661926269531,19153.0,12.301369667053223,2694.0,0.0,0.0,0.24200913310050964,53.0,0.0,0.0,6.662880897521973,9.434605598449707,5.866678237915039,5.866678237915039,0.7934406995773315,0.8954772353172302,96.76712036132812,5298.0,3.1232876777648926,171.0,0.0,0.0,0.10958904027938843,6.0,0.0,0.0,11.08297061920166,15.60637378692627,9.583343505859375,9.583343505859375,0.43290185928344727,0.695751965045929,87.68949890136719,4801.0,12.018264770507812,658.0,0.0,0.0,0.29223746061325073,16.0,0.0,0.0,12.921012878417969,17.982574462890625,11.083049774169922,11.083049774169922,0.2434173822402954,0.576529324054718,83.78082275390625,4587.0,15.908676147460938,871.0,0.0,0.0,0.310502290725708,17.0,0.0,0.0,13.747406959533691,18.95769691467285,11.69170093536377,11.69170093536377,0.15478485822677612,0.5221654176712036,81.58904266357422,4467.0,18.155250549316406,994.0,0.0,0.0,0.2557077705860138,14.0,0.0,0.0,0.07142857142857142,0.3245614171028137,0.2788847088813782,0.21998745203018188,0.17656642198562622
3,0.208952417826896,10.976064682006836,15.809429168701172,9.463549613952637,9.463549613952637,0.4163845181465149,0.6865250468254089,87.61643981933594,19188.0,12.136985778808594,2658.0,0.0,0.0,0.24657534062862396,54.0,0.0,0.0,6.277719974517822,8.863051414489746,5.54647970199585,5.54647970199585,0.8177095651626587,0.9084632992744446,97.38813018798828,5332.0,2.5022830963134766,137.0,0.0,0.0,0.10958904027938843,6.0,0.0,0.0,10.958039283752441,15.44131851196289,9.487900733947754,9.487900733947754,0.4448338747024536,0.7048442959785461,87.8538818359375,4810.0,11.853880882263184,649.0,0.0,0.0,0.29223746061325073,16.0,0.0,0.0,12.950718879699707,18.006988525390625,11.117761611938477,11.117761611938477,0.24136173725128174,0.5780948996543884,83.43379211425781,4568.0,16.237442016601562,889.0,0.0,0.0,0.3287671208381653,18.0,0.0,0.0,13.717781066894531,18.934429168701172,11.702054023742676,11.702054023742676,0.1568581461906433,0.5213583111763,81.78995513916016,4478.0,17.95433807373047,983.0,0.0,0.0,0.2557077705860138,14.0,0.0,0.0,0.14285714285714285,0.31578949093818665,0.2744360864162445,0.223308265209198,0.18646617233753204
4,0.20706318280215535,10.922518730163574,15.765839576721191,9.42158317565918,9.42158317565918,0.4195983409881592,0.6892489194869995,87.65296936035156,19196.0,12.105023384094238,2651.0,0.0,0.0,0.24200913310050964,53.0,0.0,0.0,6.117274761199951,8.628135681152344,5.406137466430664,5.406137466430664,0.827244758605957,0.9137613773345947,97.64383697509766,5346.0,2.2283105850219727,122.0,0.0,0.0,0.1278538852930069,7.0,0.0,0.0,10.896503448486328,15.355405807495117,9.438385009765625,9.438385009765625,0.4509943723678589,0.7098322510719299,88.10958862304688,4824.0,11.616438865661621,636.0,0.0,0.0,0.27397260069847107,15.0,0.0,0.0,12.955405235290527,18.022571563720703,11.126659393310547,11.126659393310547,0.2400481104850769,0.5785470008850098,83.36073303222656,4564.0,16.347030639648438,895.0,0.0,0.0,0.29223746061325073,16.0,0.0,0.0,13.720890045166016,18.952585220336914,11.715150833129883,11.715150833129883,0.1552404761314392,0.519781231880188,81.49771881103516,4462.0,18.228309631347656,998.0,0.0,0.0,0.27397260069847107,15.0,0.0,0.0,0.21428571428571427,0.30701756477355957,0.26998746395111084,0.22662906348705292,0.19636592268943787
5,0.20587883314932787,10.89045524597168,15.73779296875,9.405328750610352,9.405328750610352,0.42166149616241455,0.6900350451469421,87.75799560546875,19219.0,12.009132385253906,2630.0,0.0,0.0,0.232876718044281,51.0,0.0,0.0,6.013152122497559,8.48936939239502,5.322096824645996,5.322096824645996,0.8327568769454956,0.9165084958076477,97.7168960571289,5350.0,2.173516035079956,119.0,0.0,0.0,0.10958904027938843,6.0,0.0,0.0,10.849445343017578,15.291993141174316,9.413619041442871,9.413619041442871,0.4555193781852722,0.7120082974433899,88.05479431152344,4821.0,11.689497947692871,640.0,0.0,0.0,0.2557077705860138,14.0,0.0,0.0,12.951362609863281,18.017494201660156,11.134055137634277,11.134055137634277,0.24047613143920898,0.5784791111946106,83.59817504882812,4577.0,16.109588623046875,882.0,0.0,0.0,0.29223746061325073,16.0,0.0,0.0,13.7478609085083,18.978090286254883,11.751541137695312,11.751541137695312,0.15296530723571777,0.5176317691802979,81.66210174560547,4471.0,18.063926696777344,989.0,0.0,0.0,0.27397260069847107,15.0,0.0,0.0,0.2857142857142857,0.2982456088066101,0.2655388414859772,0.22994986176490784,0.2062656730413437
6,0.20772567962626257,10.845206260681152,15.693059921264648,9.371298789978027,9.371298789978027,0.42494457960128784,0.6911309361457825,87.8447494506836,19238.0,11.917807579040527,2610.0,0.0,0.0,0.23744292557239532,52.0,0.0,0.0,5.9390997886657715,8.401419639587402,5.256551742553711,5.256551742553711,0.8362042307853699,0.9181675314903259,98.10045623779297,5371.0,1.7899543046951294,98.0,0.0,0.0,0.10958904027938843,6.0,0.0,0.0,10.792098045349121,15.227774620056152,9.369685173034668,9.369685173034668,0.46008288860321045,0.7140316963195801,88.20091247558594,4829.0,11.543378829956055,632.0,0.0,0.0,0.2557077705860138,14.0,0.0,0.0,12.922401428222656,17.98194122314453,11.114896774291992,11.114896774291992,0.24347072839736938,0.5790620446205139,83.707763671875,4583.0,15.981735229492188,875.0,0.0,0.0,0.310502290725708,17.0,0.0,0.0,13.727224349975586,18.95440101623535,11.744061470031738,11.744061470031738,0.15507858991622925,0.5168814063072205,81.36986541748047,4455.0,18.356163024902344,1005.0,0.0,0.0,0.27397260069847107,15.0,0.0,0.0,0.35714285714285715,0.28947368264198303,0.2610902190208435,0.23327067494392395,0.2161654233932495
7,0.2091720096140702,10.832768440246582,15.692519187927246,9.35597038269043,9.35597038269043,0.4249842166900635,0.6918143630027771,87.87671661376953,19245.0,11.894977569580078,2605.0,0.0,0.0,0.2283104956150055,50.0,0.0,0.0,5.900709629058838,8.362761497497559,5.219525337219238,5.219525337219238,0.8377081155776978,0.9192540049552917,98.19178009033203,5376.0,1.7351597547531128,95.0,0.0,0.0,0.07305936515331268,4.0,0.0,0.0,10.778599739074707,15.219684600830078,9.352092742919922,9.352092742919922,0.46065640449523926,0.7155675888061523,88.23744201660156,4831.0,11.50684928894043,630.0,0.0,0.0,0.2557077705860138,14.0,0.0,0.0,12.924901962280273,17.98978042602539,11.113250732421875,11.113250732421875,0.24281096458435059,0.5788940191268921,83.707763671875,4583.0,16.0,876.0,0.0,0.0,0.29223746061325073,16.0,0.0,0.0,13.726859092712402,18.96875762939453,11.739014625549316,11.739014625549316,0.15379822254180908,0.5157890319824219,81.36986541748047,4455.0,18.337900161743164,1004.0,0.0,0.0,0.29223746061325073,16.0,0.0,0.0,0.42857142857142855,0.28070175647735596,0.25664159655570984,0.23659147322177887,0.22606515884399414
8,0.209186573023414,10.84304428100586,15.704007148742676,9.373334884643555,9.373334884643555,0.4241420030593872,0.6916965246200562,87.80365753173828,19229.0,11.963470458984375,2620.0,0.0,0.0,0.232876718044281,51.0,0.0,0.0,5.878922939300537,8.327312469482422,5.202780723571777,5.202780723571777,0.8390811085700989,0.9202647805213928,98.17351531982422,5375.0,1.7351597547531128,95.0,0.0,0.0,0.09132420271635056,5.0,0.0,0.0,10.794770240783691,15.239224433898926,9.372248649597168,9.372248649597168,0.459270715713501,0.7158104777336121,88.25570678710938,4832.0,11.488584518432617,629.0,0.0,0.0,0.2557077705860138,14.0,0.0,0.0,12.956548690795898,18.0238094329834,11.150042533874512,11.150042533874512,0.2399437427520752,0.5775293111801147,83.52511596679688,4573.0,16.182649612426758,886.0,0.0,0.0,0.29223746061325073,16.0,0.0,0.0,13.741937637329102,18.974393844604492,11.768264770507812,11.768264770507812,0.15329521894454956,0.5143032670021057,81.2602767944336,4449.0,18.44748878479004,1010.0,0.0,0.0,0.29223746061325073,16.0,0.0,0.0,0.5,0.2719298303127289,0.25219297409057617,0.2399122714996338,0.23596492409706116
9,0.21199562891627144,10.835811614990234,15.702692031860352,9.360429763793945,9.360429763793945,0.4242384433746338,0.6917622685432434,87.79451751708984,19227.0,11.972602844238281,2622.0,0.0,0.0,0.232876718044281,51.0,0.0,0.0,5.857694625854492,8.320381164550781,5.182244300842285,5.182244300842285,0.8393489122390747,0.9204031825065613,98.26483917236328,5380.0,1.6438355445861816,90.0,0.0,0.0,0.09132420271635056,5.0,0.0,0.0,10.778229713439941,15.227394104003906,9.352904319763184,9.352904319763184,0.4601098895072937,0.7159790396690369,88.18264770507812,4828.0,11.561643600463867,633.0,0.0,0.0,0.2557077705860138,14.0,0.0,0.0,12.960380554199219,18.025964736938477,11.143813133239746,11.143813133239746,0.23976194858551025,0.5772864818572998,83.57991027832031,4576.0,16.109588623046875,882.0,0.0,0.0,0.310502290725708,17.0,0.0,0.0,13.746943473815918,18.98052978515625,11.762757301330566,11.762757301330566,0.15274757146835327,0.5143055319786072,81.15068817138672,4443.0,18.575342178344727,1017.0,0.0,0.0,0.27397260069847107,15.0,0.0,0.0,0.5714285714285714,0.2631579041481018,0.2477443516254425,0.2432330846786499,0.24586467444896698
10,0.21266609074464485,10.841463088989258,15.721822738647461,9.368996620178223,9.368996620178223,0.42283469438552856,0.6909399032592773,87.79451751708984,19227.0,11.972602844238281,2622.0,0.0,0.0,0.232876718044281,51.0,0.0,0.0,5.832419395446777,8.31591796875,5.161775588989258,5.161775588989258,0.8395211696624756,0.9203428030014038,98.31963348388672,5383.0,1.570776343345642,86.0,0.0,0.0,0.10958904027938843,6.0,0.0,0.0,10.78029727935791,15.239011764526367,9.360246658325195,9.360246658325195,0.4592857360839844,0.7157787084579468,88.07305908203125,4822.0,11.671233177185059,639.0,0.0,0.0,0.2557077705860138,14.0,0.0,0.0,12.98193359375,18.051376342773438,11.170475006103516,11.170475006103516,0.23761701583862305,0.576238214969635,83.56163787841797,4575.0,16.12785530090332,883.0,0.0,0.0,0.310502290725708,17.0,0.0,0.0,13.771201133728027,19.0123291015625,11.783489227294922,11.783489227294922,0.14990627765655518,0.5127820372581482,81.22374725341797,4447.0,18.52054786682129,1014.0,0.0,0.0,0.2557077705860138,14.0,0.0,0.0,0.6428571428571429,0.25438597798347473,0.24329572916030884,0.24655388295650482,0.2557644248008728
11,0.2149564122367074,10.846409797668457,15.731293678283691,9.371129035949707,9.371129035949707,0.42213910818099976,0.6910085678100586,87.78995513916016,19226.0,11.963470458984375,2620.0,0.0,0.0,0.24657534062862396,54.0,0.0,0.0,5.8424859046936035,8.338542938232422,5.166806697845459,5.166806697845459,0.8386467695236206,0.9202385544776917,98.24657440185547,5379.0,1.6438355445861816,90.0,0.0,0.0,0.10958904027938843,6.0,0.0,0.0,10.783747673034668,15.256438255310059,9.360184669494629,9.360184669494629,0.45804840326309204,0.7157209515571594,88.21917724609375,4830.0,11.525114059448242,631.0,0.0,0.0,0.2557077705860138,14.0,0.0,0.0,12.983834266662598,18.061086654663086,11.169922828674316,11.169922828674316,0.23679649829864502,0.5761275291442871,83.48858642578125,4571.0,16.182649612426758,886.0,0.0,0.0,0.3287671208381653,18.0,0.0,0.0,13.775574684143066,19.01055908203125,11.787604331970215,11.787604331970215,0.15006452798843384,0.5123674273490906,81.20548248291016,4446.0,18.502283096313477,1013.0,0.0,0.0,0.29223746061325073,16.0,0.0,0.0,0.7142857142857143,0.24561403691768646,0.23884710669517517,0.24987469613552094,0.26566416025161743
12,0.21793663593042767,10.856206893920898,15.741357803344727,9.384819030761719,9.384819030761719,0.42139941453933716,0.6905177235603333,87.77625274658203,19223.0,11.977169036865234,2623.0,0.0,0.0,0.24657534062862396,54.0,0.0,0.0,5.835507392883301,8.345067024230957,5.164046764373779,5.164046764373779,0.8383942246437073,0.9202895760536194,98.3013687133789,5382.0,1.589040994644165,87.0,0.0,0.0,0.10958904027938843,6.0,0.0,0.0,10.793281555175781,15.26456069946289,9.37405014038086,9.37405014038086,0.45747119188308716,0.7153408527374268,88.05479431152344,4821.0,11.689497947692871,640.0,0.0,0.0,0.2557077705860138,14.0,0.0,0.0,13.002881050109863,18.074451446533203,11.191454887390137,11.191454887390137,0.23566651344299316,0.5751833319664001,83.54338073730469,4574.0,16.12785530090332,883.0,0.0,0.0,0.3287671208381653,18.0,0.0,0.0,13.793153762817383,19.02179718017578,11.80971908569336,11.80971908569336,0.14905935525894165,0.5110992789268494,81.20548248291016,4446.0,18.502283096313477,1013.0,0.0,0.0,0.29223746061325073,16.0,0.0,0.0,0.7857142857142857,0.23684212565422058,0.2343984991312027,0.25319552421569824,0.27556392550468445
13,0.21918458970905944,10.844428062438965,15.743236541748047,9.379240989685059,9.379240989685059,0.42126137018203735,0.6908522248268127,87.79451751708984,19227.0,11.963470458984375,2620.0,0.0,0.0,0.24200913310050964,53.0,0.0,0.0,5.821794509887695,8.339140892028809,5.1539177894592285,5.1539177894592285,0.8386236429214478,0.9205517172813416,98.3013687133789,5382.0,1.589040994644165,87.0,0.0,0.0,0.10958904027938843,6.0,0.0,0.0,10.798559188842773,15.284266471862793,9.384488105773926,9.384488105773926,0.4560695290565491,0.715462327003479,88.09132385253906,4823.0,11.652968406677246,638.0,0.0,0.0,0.2557077705860138,14.0,0.0,0.0,12.983831405639648,18.076261520385742,11.180384635925293,11.180384635925293,0.2355135679244995,0.575388491153717,83.50684356689453,4572.0,16.182649612426758,886.0,0.0,0.0,0.310502290725708,17.0,0.0,0.0,13.773523330688477,19.0130672454834,11.798174858093262,11.798174858093262,0.14984029531478882,0.5119778513908386,81.2785415649414,4450.0,18.429224014282227,1009.0,0.0,0.0,0.29223746061325073,16.0,0.0,0.0,0.8571428571428571,0.22807016968727112,0.22994986176490784,0.25651630759239197,0.2854636609554291
14,0.2199457934519857,10.862130165100098,15.791547775268555,9.393842697143555,9.393842697143555,0.41770392656326294,0.6894098520278931,87.8538818359375,19240.0,11.899543762207031,2606.0,0.0,0.0,0.24657534062862396,54.0,0.0,0.0,5.825929164886475,8.367795944213867,5.1565937995910645,5.1565937995910645,0.8375126719474792,0.9201654195785522,98.35616302490234,5385.0,1.534246563911438,84.0,0.0,0.0,0.10958904027938843,6.0,0.0,0.0,10.799066543579102,15.31047534942627,9.381162643432617,9.381162643432617,0.4542025327682495,0.7147798538208008,88.18264770507812,4828.0,11.561643600463867,633.0,0.0,0.0,0.2557077705860138,14.0,0.0,0.0,13.006759643554688,18.138164520263672,11.199793815612793,11.199793815612793,0.23026859760284424,0.5733094215393066,83.52511596679688,4573.0,16.1461181640625,884.0,0.0,0.0,0.3287671208381653,18.0,0.0,0.0,13.816763877868652,19.08057403564453,11.837821006774902,11.837821006774902,0.1437925100326538,0.5091501474380493,81.35159301757812,4454.0,18.356163024902344,1005.0,0.0,0.0,0.29223746061325073,16.0,0.0,0.0,0.9285714285714286,0.21929824352264404,0.22550123929977417,0.2598370909690857,0.2953633964061737
15,0.2239288200989354,10.835330963134766,15.740622520446777,9.371747016906738,9.371747016906738,0.42145347595214844,0.6907796263694763,87.87214660644531,19244.0,11.881278038024902,2602.0,0.0,0.0,0.24657534062862396,54.0,0.0,0.0,5.813605308532715,8.331818580627441,5.147431373596191,5.147431373596191,0.8389068841934204,0.920651376247406,98.33789825439453,5384.0,1.5525113344192505,85.0,0.0,0.0,0.10958904027938843,6.0,0.0,0.0,10.766302108764648,15.245835304260254,9.356646537780762,9.356646537780762,0.4588014483451843,0.7163861393928528,88.18264770507812,4828.0,11.561643600463867,633.0,0.0,0.0,0.2557077705860138,14.0,0.0,0.0,12.977048873901367,18.07714080810547,11.17428970336914,11.17428970336914,0.23543918132781982,0.5752521753311157,83.63470458984375,4579.0,16.036529541015625,878.0,0.0,0.0,0.3287671208381653,18.0,0.0,0.0,13.784367561340332,19.037626266479492,11.80861759185791,11.80861759185791,0.14764255285263062,0.5107263922691345,81.33333587646484,4453.0,18.37442970275879,1006.0,0.0,0.0,0.29223746061325073,16.0,0.0,0.0,1.0,0.21052631735801697,0.2210526168346405,0.2631579041481018,0.3052631616592407
16,0.22182004838502978,10.865781784057617,15.778841018676758,9.404434204101562,9.404434204101562,0.418640673160553,0.6893874406814575,87.8858413696289,19247.0,11.86301326751709,2598.0,0.0,0.0,0.2511415481567383,55.0,0.0,0.0,5.8223981857299805,8.357757568359375,5.156928062438965,5.156928062438965,0.837902307510376,0.9203755259513855,98.35616302490234,5385.0,1.534246563911438,84.0,0.0,0.0,0.10958904027938843,6.0,0.0,0.0,10.793643951416016,15.284388542175293,9.38374137878418,9.38374137878418,0.45606082677841187,0.7157245874404907,88.25570678710938,4832.0,11.488584518432617,629.0,0.0,0.0,0.2557077705860138,14.0,0.0,0.0,13.013046264648438,18.113615036010742,11.21346378326416,11.21346378326416,0.23235082626342773,0.5733659863471985,83.67122650146484,4581.0,16.0,876.0,0.0,0.0,0.3287671208381653,18.0,0.0,0.0,13.834037780761719,19.087158203125,11.863605499267578,11.863605499267578,0.14320141077041626,0.5067025423049927,81.2602767944336,4449.0,18.429224014282227,1009.0,0.0,0.0,0.310502290725708,17.0,0.0,0.0,1.0,0.21052631735801697,0.2210526168346405,0.2631579041481018,0.3052631616592407
17,0.21996474847817926,10.873087882995605,15.804706573486328,9.404955863952637,9.404955863952637,0.41673314571380615,0.6893099546432495,87.84017944335938,19237.0,11.908676147460938,2608.0,0.0,0.0,0.2511415481567383,55.0,0.0,0.0,5.818043231964111,8.381444931030273,5.151455879211426,5.151455879211426,0.8369821906089783,0.9201382398605347,98.41095733642578,5388.0,1.4794520139694214,81.0,0.0,0.0,0.10958904027938843,6.0,0.0,0.0,10.8043851852417,15.30091381072998,9.387470245361328,9.387470245361328,0.45488399267196655,0.7157857418060303,88.23744201660156,4831.0,11.50684928894043,630.0,0.0,0.0,0.2557077705860138,14.0,0.0,0.0,13.031472206115723,18.14557456970215,11.2251558303833,11.2251558303833,0.22963947057724,0.5731004476547241,83.4520492553711,4569.0,16.21917724609375,888.0,0.0,0.0,0.3287671208381653,18.0,0.0,0.0,13.838448524475098,19.11874771118164,11.855743408203125,11.855743408203125,0.1403631567955017,0.507362425327301,81.2602767944336,4449.0,18.429224014282227,1009.0,0.0,0.0,0.310502290725708,17.0,0.0,0.0,1.0,0.21052631735801697,0.2210526168346405,0.2631579041481018,0.3052631616592407
step,fold4/test_loss,fold4/test_mae,fold4/test_rmse,fold4/test_mard,fold4/test_mape,fold4/test_r2,fold4/test_pearson,fold4/test_ega_zone_a_pct,fold4/test_ega_zone_a_count,fold4/test_ega_zone_b_pct,fold4/test_ega_zone_b_count,fold4/test_ega_zone_c_pct,fold4/test_ega_zone_c_count,fold4/test_ega_zone_d_pct,fold4/test_ega_zone_d_count,fold4/test_ega_zone_e_pct,fold4/test_ega_zone_e_count,fold4/test_horizon_15_mae,fold4/test_horizon_15_rmse,fold4/test_horizon_15_mard,fold4/test_horizon_15_mape,fold4/test_horizon_15_r2,fold4/test_horizon_15_pearson,fold4/test_horizon_15_ega_zone_a_pct,fold4/test_horizon_15_ega_zone_a_count,fold4/test_horizon_15_ega_zone_b_pct,fold4/test_horizon_15_ega_zone_b_count,fold4/test_horizon_15_ega_zone_c_pct,fold4/test_horizon_15_ega_zone_c_count,fold4/test_horizon_15_ega_zone_d_pct,fold4/test_horizon_15_ega_zone_d_count,fold4/test_horizon_15_ega_zone_e_pct,fold4/test_horizon_15_ega_zone_e_count,fold4/test_horizon_30_mae,fold4/test_horizon_30_rmse,fold4/test_horizon_30_mard,fold4/test_horizon_30_mape,fold4/test_horizon_30_r2,fold4/test_horizon_30_pearson,fold4/test_horizon_30_ega_zone_a_pct,fold4/test_horizon_30_ega_zone_a_count,fold4/test_horizon_30_ega_zone_b_pct,fold4/test_horizon_30_ega_zone_b_count,fold4/test_horizon_30_ega_zone_c_pct,fold4/test_horizon_30_ega_zone_c_count,fold4/test_horizon_30_ega_zone_d_pct,fold4/test_horizon_30_ega_zone_d_count,fold4/test_horizon_30_ega_zone_e_pct,fold4/test_horizon_30_ega_zone_e_count,fold4/test_horizon_45_mae,fold4/test_horizon_45_rmse,fold4/test_horizon_45_mard,fold4/test_horizon_45_mape,fold4/test_horizon_45_r2,fold4/test_horizon_45_pearson,fold4/test_horizon_45_ega_zone_a_pct,fold4/test_horizon_45_ega_zone_a_count,fold4/test_horizon_45_ega_zone_b_pct,fold4/test_horizon_45_ega_zone_b_count,fold4/test_horizon_45_ega_zone_c_pct,fold4/test_horizon_45_ega_zone_c_count,fold4/test_horizon_45_ega_zone_d_pct,fold4/test_horizon_45_ega_zone_d_count,fold4/test_horizon_45_ega_zone_e_pct,fold4/test_horizon_45_ega_zone_e_count,fold4/test_horizon_60_mae,fold4/test_horizon_60_rmse,fold4/test_horizon_60_mard,fold4/test_horizon_60_mape,fold4/test_horizon_60_r2,fold4/test_horizon_60_pearson,fold4/test_horizon_60_ega_zone_a_pct,fold4/test_horizon_60_ega_zone_a_count,fold4/test_horizon_60_ega_zone_b_pct,fold4/test_horizon_60_ega_zone_b_count,fold4/test_horizon_60_ega_zone_c_pct,fold4/test_horizon_60_ega_zone_c_count,fold4/test_horizon_60_ega_zone_d_pct,fold4/test_horizon_60_ega_zone_d_count,fold4/test_horizon_60_ega_zone_e_pct,fold4/test_horizon_60_ega_zone_e_count
0,0.22638884483709426,9.312495231628418,13.88153076171875,8.083436965942383,8.083436965942383,0.4803340435028076,0.7187251448631287,90.4301528930664,4583.0,9.451459884643555,479.0,0.0,0.0,0.11838989704847336,6.0,0.0,0.0,4.751139163970947,6.707025527954102,4.162555694580078,4.162555694580078,0.8765703439712524,0.9383676052093506,99.36859130859375,1259.0,0.6314127445220947,8.0,0.0,0.0,0.0,0.0,0.0,0.0,8.972955703735352,12.7864990234375,7.800532817840576,7.800532817840576,0.556303858757019,0.7648583650588989,91.87055969238281,1164.0,7.971586227416992,101.0,0.0,0.0,0.15785318613052368,2.0,0.0,0.0,11.091962814331055,15.94237232208252,9.594937324523926,9.594937324523926,0.3185911178588867,0.6171373128890991,86.89818572998047,1101.0,12.943962097167969,164.0,0.0,0.0,0.15785318613052368,2.0,0.0,0.0,12.43392562866211,17.554189682006836,10.775723457336426,10.775723457336426,0.183246910572052,0.5214352607727051,83.58326721191406,1059.0,16.258878707885742,206.0,0.0,0.0,0.15785318613052368,2.0,0.0,0.0
step,fold5/train_loss,fold5/val_mae,fold5/val_rmse,fold5/val_mard,fold5/val_mape,fold5/val_r2,fold5/val_pearson,fold5/val_ega_zone_a_pct,fold5/val_ega_zone_a_count,fold5/val_ega_zone_b_pct,fold5/val_ega_zone_b_count,fold5/val_ega_zone_c_pct,fold5/val_ega_zone_c_count,fold5/val_ega_zone_d_pct,fold5/val_ega_zone_d_count,fold5/val_ega_zone_e_pct,fold5/val_ega_zone_e_count,fold5/val_horizon_15_mae,fold5/val_horizon_15_rmse,fold5/val_horizon_15_mard,fold5/val_horizon_15_mape,fold5/val_horizon_15_r2,fold5/val_horizon_15_pearson,fold5/val_horizon_15_ega_zone_a_pct,fold5/val_horizon_15_ega_zone_a_count,fold5/val_horizon_15_ega_zone_b_pct,fold5/val_horizon_15_ega_zone_b_count,fold5/val_horizon_15_ega_zone_c_pct,fold5/val_horizon_15_ega_zone_c_count,fold5/val_horizon_15_ega_zone_d_pct,fold5/val_horizon_15_ega_zone_d_count,fold5/val_horizon_15_ega_zone_e_pct,fold5/val_horizon_15_ega_zone_e_count,fold5/val_horizon_30_mae,fold5/val_horizon_30_rmse,fold5/val_horizon_30_mard,fold5/val_horizon_30_mape,fold5/val_horizon_30_r2,fold5/val_horizon_30_pearson,fold5/val_horizon_30_ega_zone_a_pct,fold5/val_horizon_30_ega_zone_a_count,fold5/val_horizon_30_ega_zone_b_pct,fold5/val_horizon_30_ega_zone_b_count,fold5/val_horizon_30_ega_zone_c_pct,fold5/val_horizon_30_ega_zone_c_count,fold5/val_horizon_30_ega_zone_d_pct,fold5/val_horizon_30_ega_zone_d_count,fold5/val_horizon_30_ega_zone_e_pct,fold5/val_horizon_30_ega_zone_e_count,fold5/val_horizon_45_mae,fold5/val_horizon_45_rmse,fold5/val_horizon_45_mard,fold5/val_horizon_45_mape,fold5/val_horizon_45_r2,fold5/val_horizon_45_pearson,fold5/val_horizon_45_ega_zone_a_pct,fold5/val_horizon_45_ega_zone_a_count,fold5/val_horizon_45_ega_zone_b_pct,fold5/val_horizon_45_ega_zone_b_count,fold5/val_horizon_45_ega_zone_c_pct,fold5/val_horizon_45_ega_zone_c_count,fold5/val_horizon_45_ega_zone_d_pct,fold5/val_horizon_45_ega_zone_d_count,fold5/val_horizon_45_ega_zone_e_pct,fold5/val_horizon_45_ega_zone_e_count,fold5/val_horizon_60_mae,fold5/val_horizon_60_rmse,fold5/val_horizon_60_mard,fold5/val_horizon_60_mape,fold5/val_horizon_60_r2,fold5/val_horizon_60_pearson,fold5/val_horizon_60_ega_zone_a_pct,fold5/val_horizon_60_ega_zone_a_count,fold5/val_horizon_60_ega_zone_b_pct,fold5/val_horizon_60_ega_zone_b_count,fold5/val_horizon_60_ega_zone_c_pct,fold5/val_horizon_60_ega_zone_c_count,fold5/val_horizon_60_ega_zone_d_pct,fold5/val_horizon_60_ega_zone_d_count,fold5/val_horizon_60_ega_zone_e_pct,fold5/val_horizon_60_ega_zone_e_count,fold5/diag_horizon_curriculum_progress,fold5/diag_loss_horizon_weight_0,fold5/diag_loss_horizon_weight_1,fold5/diag_loss_horizon_weight_2,fold5/diag_loss_horizon_weight_3
1,0.2628172480770643,10.45157241821289,15.562143325805664,9.370439529418945,9.370439529418945,0.5752384662628174,0.7710826396942139,87.6754379272461,19990.0,11.561403274536133,2636.0,0.0,0.0,0.7631579041481018,174.0,0.0,0.0,6.408377647399902,9.50473690032959,5.807459831237793,5.807459831237793,0.8413411974906921,0.9181714057922363,96.28070068359375,5488.0,3.438596487045288,196.0,0.0,0.0,0.28070175647735596,16.0,0.0,0.0,10.220476150512695,14.941827774047852,9.185521125793457,9.185521125793457,0.6084798574447632,0.78876131772995,88.57894897460938,5049.0,10.666666984558105,608.0,0.0,0.0,0.7543859481811523,43.0,0.0,0.0,12.075603485107422,17.47759246826172,10.757847785949707,10.757847785949707,0.46457672119140625,0.7069603204727173,84.22806549072266,4801.0,14.824562072753906,845.0,0.0,0.0,0.9473684430122375,54.0,0.0,0.0,13.101832389831543,18.699111938476562,11.730927467346191,11.730927467346191,0.38705819845199585,0.6609770059585571,81.6140365600586,4652.0,17.3157901763916,987.0,0.0,0.0,1.0701754093170166,61.0,0.0,0.0,0.0,0.3333333432674408,0.28333333134651184,0.21666665375232697,0.1666666716337204
2,0.2403183262889229,10.03672981262207,15.119781494140625,8.966426849365234,8.966426849365234,0.5990434288978577,0.7877428531646729,88.73684692382812,20232.0,10.60087776184082,2417.0,0.0,0.0,0.6622807383537292,151.0,0.0,0.0,5.527339458465576,8.099886894226074,5.006211757659912,5.006211757659912,0.8847762942314148,0.941600501537323,98.0526351928711,5589.0,1.8421051502227783,105.0,0.0,0.0,0.10526315122842789,6.0,0.0,0.0,9.74958610534668,14.332515716552734,8.709712028503418,8.709712028503418,0.6397603750228882,0.8101701736450195,89.71929931640625,5114.0,9.666666030883789,551.0,0.0,0.0,0.6140350699424744,35.0,0.0,0.0,11.889646530151367,17.266223907470703,10.579583168029785,10.579583168029785,0.47744882106781006,0.7176241278648376,84.91228485107422,4840.0,14.192981719970703,809.0,0.0,0.0,0.8947368860244751,51.0,0.0,0.0,12.980345726013184,18.581695556640625,11.570198059082031,11.570198059082031,0.39473164081573486,0.6679038405418396,82.2631607055664,4689.0,16.70175552368164,952.0,0.0,0.0,1.0350877046585083,59.0,0.0,0.0,0.07142857142857142,0.3245614171028137,0.2788847088813782,0.21998745203018188,0.17656642198562622
3,0.23970260500144888,9.949085235595703,14.983200073242188,8.90242862701416,8.90242862701416,0.6062545776367188,0.791111409664154,88.7631607055664,20238.0,10.565790176391602,2409.0,0.0,0.0,0.6710526347160339,153.0,0.0,0.0,5.346957683563232,7.7765793800354,4.855109214782715,4.855109214782715,0.8937910199165344,0.9461556077003479,98.19298553466797,5597.0,1.719298243522644,98.0,0.0,0.0,0.08771929889917374,5.0,0.0,0.0,9.656339645385742,14.133468627929688,8.640886306762695,8.640886306762695,0.6496967673301697,0.815475344657898,89.85964965820312,5122.0,9.526315689086914,543.0,0.0,0.0,0.6140350699424744,35.0,0.0,0.0,11.856329917907715,17.164997100830078,10.570218086242676,10.570218086242676,0.4835579991340637,0.7197961211204529,84.84210205078125,4836.0,14.228069305419922,811.0,0.0,0.0,0.9298245310783386,53.0,0.0,0.0,12.936713218688965,18.52344512939453,11.543506622314453,11.543506622314453,0.3985205888748169,0.6682788729667664,82.15789031982422,4683.0,16.789474487304688,957.0,0.0,0.0,1.0526316165924072,60.0,0.0,0.0,0.14285714285714285,0.31578949093818665,0.2744360864162445,0.223308265209198,0.18646617233753204
4,0.23567453371521313,9.8876371383667,14.912731170654297,8.852909088134766,8.852909088134766,0.6099496483802795,0.7930071949958801,88.82894897460938,20253.0,10.508771896362305,2396.0,0.0,0.0,0.6622807383537292,151.0,0.0,0.0,5.226138114929199,7.581085205078125,4.744222164154053,4.744222164154053,0.8990638256072998,0.9488842487335205,98.36841583251953,5607.0,1.5438597202301025,88.0,0.0,0.0,0.08771929889917374,5.0,0.0,0.0,9.59156608581543,14.023115158081055,8.58494758605957,8.58494758605957,0.6551457047462463,0.8184716701507568,90.12281036376953,5137.0,9.315789222717285,531.0,0.0,0.0,0.5614035129547119,32.0,0.0,0.0,11.827475547790527,17.121320724487305,10.553743362426758,10.553743362426758,0.4861827492713928,0.7209630608558655,84.71929931640625,4829.0,14.368420600891113,819.0,0.0,0.0,0.9122806787490845,52.0,0.0,0.0,12.905369758605957,18.50129508972168,11.52872085571289,11.52872085571289,0.39995819330215454,0.6682356595993042,82.10526275634766,4680.0,16.807018280029297,958.0,0.0,0.0,1.0877193212509155,62.0,0.0,0.0,0.21428571428571427,0.30701756477355957,0.26998746395111084,0.22662906348705292,0.19636592268943787
5,0.23389892330736414,9.852497100830078,14.865426063537598,8.830514907836914,8.830514907836914,0.6124202609062195,0.7942600250244141,88.89912414550781,20269.0,10.451754570007324,2383.0,0.0,0.0,0.6491227746009827,148.0,0.0,0.0,5.161204814910889,7.493743896484375,4.688714504241943,4.688714504241943,0.9013762474060059,0.9501360058784485,98.47368621826172,5613.0,1.456140398979187,83.0,0.0,0.0,0.07017543911933899,4.0,0.0,0.0,9.546490669250488,13.942455291748047,8.558455467224121,8.558455467224121,0.6591014862060547,0.8205285668373108,90.01754760742188,5131.0,9.421052932739258,537.0,0.0,0.0,0.5614035129547119,32.0,0.0,0.0,11.799060821533203,17.07593536376953,10.541533470153809,10.541533470153809,0.4889032244682312,0.7221947312355042,84.91228485107422,4840.0,14.192981719970703,809.0,0.0,0.0,0.8947368860244751,51.0,0.0,0.0,12.903234481811523,18.48750114440918,11.533357620239258,11.533357620239258,0.4008525609970093,0.6683754324913025,82.19297790527344,4685.0,16.73684310913086,954.0,0.0,0.0,1.0701754093170166,61.0,0.0,0.0,0.2857142857142857,0.2982456088066101,0.2655388414859772,0.22994986176490784,0.2062656730413437
6,0.23442790370184258,9.859333992004395,14.881521224975586,8.83664608001709,8.83664608001709,0.6115805506706238,0.7939804792404175,88.90351104736328,20270.0,10.456140518188477,2384.0,0.0,0.0,0.640350878238678,146.0,0.0,0.0,5.132526874542236,7.458190441131592,4.6614603996276855,4.6614603996276855,0.9023098349571228,0.950722336769104,98.64912414550781,5623.0,1.280701756477356,73.0,0.0,0.0,0.07017543911933899,4.0,0.0,0.0,9.550793647766113,13.949604988098145,8.565807342529297,8.565807342529297,0.6587517261505127,0.8205426931381226,90.28070068359375,5146.0,9.19298267364502,524.0,0.0,0.0,0.5263158082962036,30.0,0.0,0.0,11.827856063842773,17.109952926635742,10.56717300415039,10.56717300415039,0.4868648052215576,0.7211881279945374,84.78947448730469,4833.0,14.315790176391602,816.0,0.0,0.0,0.8947368860244751,51.0,0.0,0.0,12.926155090332031,18.516807556152344,11.552145004272461,11.552145004272461,0.39895153045654297,0.6672868728637695,81.89473724365234,4668.0,17.03508758544922,971.0,0.0,0.0,1.0701754093170166,61.0,0.0,0.0,0.35714285714285715,0.28947368264198303,0.2610902190208435,0.23327067494392395,0.2161654233932495
7,0.237369967354022,9.840335845947266,14.865418434143066,8.818610191345215,8.818610191345215,0.6124206781387329,0.7945714592933655,88.94297790527344,20279.0,10.421052932739258,2376.0,0.0,0.0,0.6359648704528809,145.0,0.0,0.0,5.087845325469971,7.411840438842773,4.623749256134033,4.623749256134033,0.9035202860832214,0.95139479637146,98.66667175292969,5624.0,1.2631579637527466,72.0,0.0,0.0,0.07017543911933899,4.0,0.0,0.0,9.527493476867676,13.917558670043945,8.550521850585938,8.550521850585938,0.6603177785873413,0.8214737176895142,90.2631607055664,5145.0,9.210526466369629,525.0,0.0,0.0,0.5263158082962036,30.0,0.0,0.0,11.811497688293457,17.08986473083496,10.553030014038086,10.553030014038086,0.4880690574645996,0.7219048142433167,84.85964965820312,4837.0,14.245614051818848,812.0,0.0,0.0,0.8947368860244751,51.0,0.0,0.0,12.9345064163208,18.526342391967773,11.547136306762695,11.547136306762695,0.3983323574066162,0.667385995388031,81.98246002197266,4673.0,16.96491241455078,967.0,0.0,0.0,1.0526316165924072,60.0,0.0,0.0,0.42857142857142855,0.28070175647735596,0.25664159655570984,0.23659147322177887,0.22606515884399414
8,0.23852027507970217,9.839495658874512,14.856626510620117,8.826986312866211,8.826986312866211,0.6128789782524109,0.7944589257240295,88.91227722167969,20272.0,10.438596725463867,2380.0,0.0,0.0,0.6491227746009827,148.0,0.0,0.0,5.079885959625244,7.417979717254639,4.617999076843262,4.617999076843262,0.9033603668212891,0.9513294696807861,98.6140365600586,5621.0,1.3333333730697632,76.0,0.0,0.0,0.052631575614213943,3.0,0.0,0.0,9.521302223205566,13.911646842956543,8.551091194152832,8.551091194152832,0.6606063842773438,0.8214081525802612,90.12281036376953,5137.0,9.315789222717285,531.0,0.0,0.0,0.5614035129547119,32.0,0.0,0.0,11.814114570617676,17.075733184814453,10.567926406860352,10.567926406860352,0.4889153242111206,0.7216503024101257,84.87718963623047,4838.0,14.228069305419922,811.0,0.0,0.0,0.8947368860244751,51.0,0.0,0.0,12.942683219909668,18.513139724731445,11.570927619934082,11.570927619934082,0.3991895914077759,0.6669244766235352,82.03508758544922,4676.0,16.8771915435791,962.0,0.0,0.0,1.0877193212509155,62.0,0.0,0.0,0.5,0.2719298303127289,0.25219297409057617,0.2399122714996338,0.23596492409706116
9,0.24052391685078256,9.836411476135254,14.865623474121094,8.821742057800293,8.821742057800293,0.6124099493026733,0.794335126876831,88.89473724365234,20268.0,10.456140518188477,2384.0,0.0,0.0,0.6491227746009827,148.0,0.0,0.0,5.071305751800537,7.410195350646973,4.60890007019043,4.60890007019043,0.9035630822181702,0.9514527320861816,98.63157653808594,5622.0,1.2982455492019653,74.0,0.0,0.0,0.07017543911933899,4.0,0.0,0.0,9.525761604309082,13.926180839538574,8.552820205688477,8.552820205688477,0.6598968505859375,0.8212719559669495,90.1754379272461,5140.0,9.298245429992676,530.0,0.0,0.0,0.5263158082962036,30.0,0.0,0.0,11.809663772583008,17.09075927734375,10.560465812683105,10.560465812683105,0.48801547288894653,0.7213611006736755,84.84210205078125,4836.0,14.245614051818848,812.0,0.0,0.0,0.9122806787490845,52.0,0.0,0.0,12.938911437988281,18.52035140991211,11.564781188964844,11.564781188964844,0.39872145652770996,0.6665216684341431,81.92982482910156,4670.0,16.98245620727539,968.0,0.0,0.0,1.0877193212509155,62.0,0.0,0.0,0.5714285714285714,0.2631579041481018,0.2477443516254425,0.2432330846786499,0.24586467444896698
10,0.2414286414233729,9.837844848632812,14.86774730682373,8.81690788269043,8.81690788269043,0.6122992634773254,0.7944140434265137,88.89912414550781,20269.0,10.456140518188477,2384.0,0.0,0.0,0.6447368264198303,147.0,0.0,0.0,5.059877872467041,7.401597023010254,4.596844673156738,4.596844673156738,0.9037867784500122,0.9515870809555054,98.75438690185547,5629.0,1.175438642501831,67.0,0.0,0.0,0.07017543911933899,4.0,0.0,0.0,9.517668724060059,13.914190292358398,8.538166999816895,8.538166999816895,0.6604822278022766,0.8216478228569031,90.14035034179688,5138.0,9.333333015441895,532.0,0.0,0.0,0.5263158082962036,30.0,0.0,0.0,11.815674781799316,17.095144271850586,10.558533668518066,10.558533668518066,0.4877527356147766,0.7214174866676331,84.96491241455078,4843.0,14.157894134521484,807.0,0.0,0.0,0.8771929740905762,50.0,0.0,0.0,12.958159446716309,18.535568237304688,11.574081420898438,11.574081420898438,0.3977329730987549,0.6663302183151245,81.73684692382812,4659.0,17.157894134521484,978.0,0.0,0.0,1.1052632331848145,63.0,0.0,0.0,0.6428571428571429,0.25438597798347473,0.24329572916030884,0.24655388295650482,0.2557644248008728
11,0.24349605920362305,9.857650756835938,14.900460243225098,8.843643188476562,8.843643188476562,0.6105912923812866,0.7937583923339844,88.8114013671875,20249.0,10.548246383666992,2405.0,0.0,0.0,0.640350878238678,146.0,0.0,0.0,5.0480217933654785,7.402318477630615,4.587042808532715,4.587042808532715,0.903768002986908,0.95174241065979,98.7368392944336,5628.0,1.1929824352264404,68.0,0.0,0.0,0.07017543911933899,4.0,0.0,0.0,9.535018920898438,13.941707611083984,8.564234733581543,8.564234733581543,0.659138023853302,0.8212667107582092,90.15789794921875,5139.0,9.333333015441895,532.0,0.0,0.0,0.5087719559669495,29.0,0.0,0.0,11.858275413513184,17.14582061767578,10.610325813293457,10.610325813293457,0.484711229801178,0.7199780941009521,84.71929931640625,4829.0,14.385965347290039,820.0,0.0,0.0,0.8947368860244751,51.0,0.0,0.0,12.989283561706543,18.572832107543945,11.612972259521484,11.612972259521484,0.3953089714050293,0.6650761961936951,81.63157653808594,4653.0,17.280702590942383,985.0,0.0,0.0,1.0877193212509155,62.0,0.0,0.0,0.7142857142857143,0.24561403691768646,0.23884710669517517,0.24987469613552094,0.26566416025161743
12,0.2465415550816994,9.853127479553223,14.898157119750977,8.830389022827148,8.830389022827148,0.6107116341590881,0.7938491702079773,88.84210205078125,20256.0,10.526315689086914,2400.0,0.0,0.0,0.6315789818763733,144.0,0.0,0.0,5.041645526885986,7.42344331741333,4.579150199890137,4.579150199890137,0.9032179713249207,0.9514265060424805,98.64912414550781,5623.0,1.2982455492019653,74.0,0.0,0.0,0.052631575614213943,3.0,0.0,0.0,9.51596736907959,13.922544479370117,8.536301612854004,8.536301612854004,0.6600744128227234,0.8216149210929871,90.19297790527344,5141.0,9.315789222717285,531.0,0.0,0.0,0.49122804403305054,28.0,0.0,0.0,11.856500625610352,17.137672424316406,10.596367835998535,10.596367835998535,0.4852008819580078,0.7202847599983215,84.85964965820312,4837.0,14.263157844543457,813.0,0.0,0.0,0.8771929740905762,50.0,0.0,0.0,12.998401641845703,18.578908920288086,11.6097412109375,11.6097412109375,0.3949132561683655,0.6651738286018372,81.66666412353516,4655.0,17.228069305419922,982.0,0.0,0.0,1.1052632331848145,63.0,0.0,0.0,0.7857142857142857,0.23684212565422058,0.2343984991312027,0.25319552421569824,0.27556392550468445
13,0.2488782814807448,9.855060577392578,14.888964653015137,8.834268569946289,8.834268569946289,0.6111918687820435,0.7936995625495911,88.86842346191406,20262.0,10.491228103637695,2392.0,0.0,0.0,0.640350878238678,146.0,0.0,0.0,5.0249528884887695,7.398533821105957,4.563412666320801,4.563412666320801,0.9038664102554321,0.9516671299934387,98.7368392944336,5628.0,1.2105262279510498,69.0,0.0,0.0,0.052631575614213943,3.0,0.0,0.0,9.518204689025879,13.903120994567871,8.539358139038086,8.539358139038086,0.6610221862792969,0.8218201398849487,90.1754379272461,5140.0,9.315789222717285,531.0,0.0,0.0,0.5087719559669495,29.0,0.0,0.0,11.859076499938965,17.12828254699707,10.600616455078125,10.600616455078125,0.48576486110687256,0.7199661731719971,84.77193450927734,4832.0,14.333333015441895,817.0,0.0,0.0,0.8947368860244751,51.0,0.0,0.0,13.018003463745117,18.582571029663086,11.633687019348145,11.633687019348145,0.3946745991706848,0.6640901565551758,81.78947448730469,4662.0,17.105262756347656,975.0,0.0,0.0,1.1052632331848145,63.0,0.0,0.0,0.8571428571428571,0.22807016968727112,0.22994986176490784,0.25651630759239197,0.2854636609554291
14,0.2508038654717954,9.854928970336914,14.8965425491333,8.834976196289062,8.834976196289062,0.6107959747314453,0.793748676776886,88.96052551269531,20283.0,10.39912223815918,2371.0,0.0,0.0,0.640350878238678,146.0,0.0,0.0,5.0326666831970215,7.411430358886719,4.570753574371338,4.570753574371338,0.9035309553146362,0.9516507983207703,98.78947448730469,5631.0,1.1578947305679321,66.0,0.0,0.0,0.052631575614213943,3.0,0.0,0.0,9.509119033813477,13.916224479675293,8.53317642211914,8.53317642211914,0.6603829860687256,0.8217721581459045,90.14035034179688,5138.0,9.350876808166504,533.0,0.0,0.0,0.5087719559669495,29.0,0.0,0.0,11.860323905944824,17.136625289916992,10.604390144348145,10.604390144348145,0.48526376485824585,0.719839870929718,85.0,4845.0,14.105263710021973,804.0,0.0,0.0,0.8947368860244751,51.0,0.0,0.0,13.017608642578125,18.5842227935791,11.631583213806152,11.631583213806152,0.39456701278686523,0.6641184091567993,81.91227722167969,4669.0,16.98245620727539,968.0,0.0,0.0,1.1052632331848145,63.0,0.0,0.0,0.9285714285714286,0.21929824352264404,0.22550123929977417,0.2598370909690857,0.2953633964061737
15,0.2515543549733386,9.861183166503906,14.8996000289917,8.839715003967285,8.839715003967285,0.6106362342834473,0.7938188910484314,88.82894897460938,20253.0,10.521929740905762,2399.0,0.0,0.0,0.6491227746009827,148.0,0.0,0.0,5.026336193084717,7.408030033111572,4.568251132965088,4.568251132965088,0.9036194086074829,0.9517143964767456,98.71929931640625,5627.0,1.2280701398849487,70.0,0.0,0.0,0.052631575614213943,3.0,0.0,0.0,9.519822120666504,13.908190727233887,8.544493675231934,8.544493675231934,0.6607749462127686,0.8220705389976501,90.12281036376953,5137.0,9.333333015441895,532.0,0.0,0.0,0.5438596606254578,31.0,0.0,0.0,11.866711616516113,17.13416862487793,10.606689453125,10.606689453125,0.4854114055633545,0.7201975584030151,84.70175170898438,4828.0,14.403508186340332,821.0,0.0,0.0,0.8947368860244751,51.0,0.0,0.0,13.031858444213867,18.603652954101562,11.639426231384277,11.639426231384277,0.3933004140853882,0.6638392210006714,81.77192687988281,4661.0,17.122806549072266,976.0,0.0,0.0,1.1052632331848145,63.0,0.0,0.0,1.0,0.21052631735801697,0.2210526168346405,0.2631579041481018,0.3052631616592407
16,0.25095912902305073,9.865194320678711,14.90274429321289,8.847168922424316,8.847168922424316,0.6104718446731567,0.7938622236251831,88.91666412353516,20273.0,10.438596725463867,2380.0,0.0,0.0,0.6447368264198303,147.0,0.0,0.0,5.027453899383545,7.4016852378845215,4.567532539367676,4.567532539367676,0.903784453868866,0.9519025683403015,98.8245620727539,5633.0,1.1228070259094238,64.0,0.0,0.0,0.052631575614213943,3.0,0.0,0.0,9.519960403442383,13.915168762207031,8.548445701599121,8.548445701599121,0.6604344844818115,0.822157621383667,90.03508758544922,5132.0,9.421052932739258,537.0,0.0,0.0,0.5438596606254578,31.0,0.0,0.0,11.878218650817871,17.1439208984375,10.624537467956543,10.624537467956543,0.4848254323005676,0.7199608087539673,84.85964965820312,4837.0,14.263157844543457,813.0,0.0,0.0,0.8771929740905762,50.0,0.0,0.0,13.035147666931152,18.60205078125,11.648160934448242,11.648160934448242,0.39340484142303467,0.6637560129165649,81.9473648071289,4671.0,16.947368621826172,966.0,0.0,0.0,1.1052632331848145,63.0,0.0,0.0,1.0,0.21052631735801697,0.2210526168346405,0.2631579041481018,0.3052631616592407
17,0.2501922549088912,9.888480186462402,14.932267189025879,8.87185001373291,8.87185001373291,0.6089270114898682,0.7932204008102417,88.86842346191406,20262.0,10.473684310913086,2388.0,0.0,0.0,0.6578947305679321,150.0,0.0,0.0,5.036662578582764,7.429204940795898,4.577564716339111,4.577564716339111,0.9030676484107971,0.9516505599021912,98.7368392944336,5628.0,1.175438642501831,67.0,0.0,0.0,0.08771929889917374,5.0,0.0,0.0,9.54954719543457,13.946625709533691,8.578755378723145,8.578755378723145,0.6588974595069885,0.8216301202774048,90.08771514892578,5135.0,9.385965347290039,535.0,0.0,0.0,0.5263158082962036,30.0,0.0,0.0,11.903252601623535,17.180082321166992,10.649761199951172,10.649761199951172,0.48264986276626587,0.7190345525741577,84.70175170898438,4828.0,14.403508186340332,821.0,0.0,0.0,0.8947368860244751,51.0,0.0,0.0,13.064453125,18.628841400146484,11.681317329406738,11.681317329406738,0.39165639877319336,0.662750244140625,81.9473648071289,4671.0,16.929824829101562,965.0,0.0,0.0,1.1228070259094238,64.0,0.0,0.0,1.0,0.21052631735801697,0.2210526168346405,0.2631579041481018,0.3052631616592407
18,0.24891581917603728,9.87088680267334,14.917214393615723,8.855887413024902,8.855887413024902,0.6097150444984436,0.793510913848877,88.95175170898438,20281.0,10.39912223815918,2371.0,0.0,0.0,0.6491227746009827,148.0,0.0,0.0,5.018317699432373,7.3918890953063965,4.562572956085205,4.562572956085205,0.9040389657020569,0.9520759582519531,98.80702209472656,5632.0,1.1228070259094238,64.0,0.0,0.0,0.07017543911933899,4.0,0.0,0.0,9.516243934631348,13.909276008605957,8.546142578125,8.546142578125,0.660722017288208,0.8224559426307678,90.19297790527344,5141.0,9.263157844543457,528.0,0.0,0.0,0.5438596606254578,31.0,0.0,0.0,11.88613510131836,17.165849685668945,10.634581565856934,10.634581565856934,0.4835066795349121,0.7192824482917786,84.87718963623047,4838.0,14.245614051818848,812.0,0.0,0.0,0.8771929740905762,50.0,0.0,0.0,13.062851905822754,18.636489868164062,11.680253028869629,11.680253028869629,0.3911566734313965,0.6623069047927856,81.92982482910156,4670.0,16.96491241455078,967.0,0.0,0.0,1.1052632331848145,63.0,0.0,0.0,1.0,0.21052631735801697,0.2210526168346405,0.2631579041481018,0.3052631616592407
step,fold5/test_loss,fold5/test_mae,fold5/test_rmse,fold5/test_mard,fold5/test_mape,fold5/test_r2,fold5/test_pearson,fold5/test_ega_zone_a_pct,fold5/test_ega_zone_a_count,fold5/test_ega_zone_b_pct,fold5/test_ega_zone_b_count,fold5/test_ega_zone_c_pct,fold5/test_ega_zone_c_count,fold5/test_ega_zone_d_pct,fold5/test_ega_zone_d_count,fold5/test_ega_zone_e_pct,fold5/test_ega_zone_e_count,fold5/test_horizon_15_mae,fold5/test_horizon_15_rmse,fold5/test_horizon_15_mard,fold5/test_horizon_15_mape,fold5/test_horizon_15_r2,fold5/test_horizon_15_pearson,fold5/test_horizon_15_ega_zone_a_pct,fold5/test_horizon_15_ega_zone_a_count,fold5/test_horizon_15_ega_zone_b_pct,fold5/test_horizon_15_ega_zone_b_count,fold5/test_horizon_15_ega_zone_c_pct,fold5/test_horizon_15_ega_zone_c_count,fold5/test_horizon_15_ega_zone_d_pct,fold5/test_horizon_15_ega_zone_d_count,fold5/test_horizon_15_ega_zone_e_pct,fold5/test_horizon_15_ega_zone_e_count,fold5/test_horizon_30_mae,fold5/test_horizon_30_rmse,fold5/test_horizon_30_mard,fold5/test_horizon_30_mape,fold5/test_horizon_30_r2,fold5/test_horizon_30_pearson,fold5/test_horizon_30_ega_zone_a_pct,fold5/test_horizon_30_ega_zone_a_count,fold5/test_horizon_30_ega_zone_b_pct,fold5/test_horizon_30_ega_zone_b_count,fold5/test_horizon_30_ega_zone_c_pct,fold5/test_horizon_30_ega_zone_c_count,fold5/test_horizon_30_ega_zone_d_pct,fold5/test_horizon_30_ega_zone_d_count,fold5/test_horizon_30_ega_zone_e_pct,fold5/test_horizon_30_ega_zone_e_count,fold5/test_horizon_45_mae,fold5/test_horizon_45_rmse,fold5/test_horizon_45_mard,fold5/test_horizon_45_mape,fold5/test_horizon_45_r2,fold5/test_horizon_45_pearson,fold5/test_horizon_45_ega_zone_a_pct,fold5/test_horizon_45_ega_zone_a_count,fold5/test_horizon_45_ega_zone_b_pct,fold5/test_horizon_45_ega_zone_b_count,fold5/test_horizon_45_ega_zone_c_pct,fold5/test_horizon_45_ega_zone_c_count,fold5/test_horizon_45_ega_zone_d_pct,fold5/test_horizon_45_ega_zone_d_count,fold5/test_horizon_45_ega_zone_e_pct,fold5/test_horizon_45_ega_zone_e_count,fold5/test_horizon_60_mae,fold5/test_horizon_60_rmse,fold5/test_horizon_60_mard,fold5/test_horizon_60_mape,fold5/test_horizon_60_r2,fold5/test_horizon_60_pearson,fold5/test_horizon_60_ega_zone_a_pct,fold5/test_horizon_60_ega_zone_a_count,fold5/test_horizon_60_ega_zone_b_pct,fold5/test_horizon_60_ega_zone_b_count,fold5/test_horizon_60_ega_zone_c_pct,fold5/test_horizon_60_ega_zone_c_count,fold5/test_horizon_60_ega_zone_d_pct,fold5/test_horizon_60_ega_zone_d_count,fold5/test_horizon_60_ega_zone_e_pct,fold5/test_horizon_60_ega_zone_e_count
0,0.17142388090063218,7.162553310394287,11.289533615112305,6.63215446472168,6.63215446472168,0.44472736120224,0.6945409178733826,94.49384307861328,8289.0,5.494755744934082,482.0,0.0,0.0,0.011399908922612667,1.0,0.0,0.0,3.782036066055298,5.431778907775879,3.588228940963745,3.588228940963745,0.8704346418380737,0.9347454905509949,99.72640228271484,2187.0,0.2735978364944458,6.0,0.0,0.0,0.0,0.0,0.0,0.0,6.7544779777526855,10.22940731048584,6.284421920776367,6.284421920776367,0.5463305711746216,0.7554380893707275,95.66803741455078,2098.0,4.331965446472168,95.0,0.0,0.0,0.0,0.0,0.0,0.0,8.505633354187012,12.933753967285156,7.8259782791137695,7.8259782791137695,0.2746163010597229,0.5833176374435425,92.79525756835938,2035.0,7.204742908477783,158.0,0.0,0.0,0.0,0.0,0.0,0.0,9.608068466186523,14.435625076293945,8.829989433288574,8.829989433288574,0.09052330255508423,0.4549015462398529,89.78568267822266,1969.0,10.168718338012695,223.0,0.0,0.0,0.04559963569045067,1.0,0.0,0.0
step,fold6/train_loss,fold6/val_mae,fold6/val_rmse,fold6/val_mard,fold6/val_mape,fold6/val_r2,fold6/val_pearson,fold6/val_ega_zone_a_pct,fold6/val_ega_zone_a_count,fold6/val_ega_zone_b_pct,fold6/val_ega_zone_b_count,fold6/val_ega_zone_c_pct,fold6/val_ega_zone_c_count,fold6/val_ega_zone_d_pct,fold6/val_ega_zone_d_count,fold6/val_ega_zone_e_pct,fold6/val_ega_zone_e_count,fold6/val_horizon_15_mae,fold6/val_horizon_15_rmse,fold6/val_horizon_15_mard,fold6/val_horizon_15_mape,fold6/val_horizon_15_r2,fold6/val_horizon_15_pearson,fold6/val_horizon_15_ega_zone_a_pct,fold6/val_horizon_15_ega_zone_a_count,fold6/val_horizon_15_ega_zone_b_pct,fold6/val_horizon_15_ega_zone_b_count,fold6/val_horizon_15_ega_zone_c_pct,fold6/val_horizon_15_ega_zone_c_count,fold6/val_horizon_15_ega_zone_d_pct,fold6/val_horizon_15_ega_zone_d_count,fold6/val_horizon_15_ega_zone_e_pct,fold6/val_horizon_15_ega_zone_e_count,fold6/val_horizon_30_mae,fold6/val_horizon_30_rmse,fold6/val_horizon_30_mard,fold6/val_horizon_30_mape,fold6/val_horizon_30_r2,fold6/val_horizon_30_pearson,fold6/val_horizon_30_ega_zone_a_pct,fold6/val_horizon_30_ega_zone_a_count,fold6/val_horizon_30_ega_zone_b_pct,fold6/val_horizon_30_ega_zone_b_count,fold6/val_horizon_30_ega_zone_c_pct,fold6/val_horizon_30_ega_zone_c_count,fold6/val_horizon_30_ega_zone_d_pct,fold6/val_horizon_30_ega_zone_d_count,fold6/val_horizon_30_ega_zone_e_pct,fold6/val_horizon_30_ega_zone_e_count,fold6/val_horizon_45_mae,fold6/val_horizon_45_rmse,fold6/val_horizon_45_mard,fold6/val_horizon_45_mape,fold6/val_horizon_45_r2,fold6/val_horizon_45_pearson,fold6/val_horizon_45_ega_zone_a_pct,fold6/val_horizon_45_ega_zone_a_count,fold6/val_horizon_45_ega_zone_b_pct,fold6/val_horizon_45_ega_zone_b_count,fold6/val_horizon_45_ega_zone_c_pct,fold6/val_horizon_45_ega_zone_c_count,fold6/val_horizon_45_ega_zone_d_pct,fold6/val_horizon_45_ega_zone_d_count,fold6/val_horizon_45_ega_zone_e_pct,fold6/val_horizon_45_ega_zone_e_count,fold6/val_horizon_60_mae,fold6/val_horizon_60_rmse,fold6/val_horizon_60_mard,fold6/val_horizon_60_mape,fold6/val_horizon_60_r2,fold6/val_horizon_60_pearson,fold6/val_horizon_60_ega_zone_a_pct,fold6/val_horizon_60_ega_zone_a_count,fold6/val_horizon_60_ega_zone_b_pct,fold6/val_horizon_60_ega_zone_b_count,fold6/val_horizon_60_ega_zone_c_pct,fold6/val_horizon_60_ega_zone_c_count,fold6/val_horizon_60_ega_zone_d_pct,fold6/val_horizon_60_ega_zone_d_count,fold6/val_horizon_60_ega_zone_e_pct,fold6/val_horizon_60_ega_zone_e_count,fold6/diag_horizon_curriculum_progress,fold6/diag_loss_horizon_weight_0,fold6/diag_loss_horizon_weight_1,fold6/diag_loss_horizon_weight_2,fold6/diag_loss_horizon_weight_3
1,0.26574509413289343,11.591001510620117,19.489459991455078,10.781810760498047,10.781810760498047,0.379849910736084,0.6457566022872925,84.90593719482422,17331.0,13.570448875427246,2770.0,0.0,0.0,1.5236135721206665,311.0,0.0,0.0,6.738015651702881,10.716559410095215,6.315114974975586,6.315114974975586,0.8136296272277832,0.902825653553009,94.72859191894531,4834.0,4.565941333770752,233.0,0.0,0.0,0.7054673433303833,36.0,0.0,0.0,11.088770866394043,17.91886329650879,10.224369049072266,10.224369049072266,0.4763767719268799,0.7052923440933228,85.91024780273438,4384.0,12.600430488586426,643.0,0.0,0.0,1.4893200397491455,76.0,0.0,0.0,13.482964515686035,22.016929626464844,12.529108047485352,12.529108047485352,0.2064809799194336,0.5328134298324585,80.83480834960938,4125.0,17.283950805664062,882.0,0.0,0.0,1.8812463283538818,96.0,0.0,0.0,15.054252624511719,24.467954635620117,14.058652877807617,14.058652877807617,0.018019020557403564,0.40477368235588074,78.15010833740234,3988.0,19.831470489501953,1012.0,0.0,0.0,2.018420696258545,103.0,0.0,0.0,0.0,0.3333333432674408,0.28333333134651184,0.21666665375232697,0.1666666716337204
2,0.24110605644628263,10.842009544372559,18.334440231323242,10.08518123626709,10.08518123626709,0.4511767029762268,0.6927523612976074,86.10620880126953,17576.0,12.541643142700195,2560.0,0.0,0.0,1.352145791053772,276.0,0.0,0.0,5.494508266448975,8.47844409942627,5.1848297119140625,5.1848297119140625,0.8833463191986084,0.940474808216095,96.92337799072266,4946.0,2.763080596923828,141.0,0.0,0.0,0.313541054725647,16.0,0.0,0.0,10.22569751739502,16.338233947753906,9.475520133972168,9.475520133972168,0.5646804571151733,0.7612261772155762,87.18401336669922,4449.0,11.503037452697754,587.0,0.0,0.0,1.3129531145095825,67.0,0.0,0.0,13.000371932983398,21.034454345703125,12.064522743225098,12.064522743225098,0.2757202982902527,0.576171338558197,81.6970443725586,4169.0,16.51969337463379,843.0,0.0,0.0,1.7832647562026978,91.0,0.0,0.0,14.647453308105469,23.734716415405273,13.615851402282715,13.615851402282715,0.07599180936813354,0.43790432810783386,78.62042236328125,4012.0,19.380756378173828,989.0,0.0,0.0,1.9988242387771606,102.0,0.0,0.0,0.07142857142857142,0.3245614171028137,0.2788847088813782,0.21998745203018188,0.17656642198562622
3,0.2397797353479887,10.693147659301758,18.089847564697266,9.945451736450195,9.945451736450195,0.4657224416732788,0.702001690864563,86.36585998535156,17629.0,12.330982208251953,2517.0,0.0,0.0,1.3031549453735352,266.0,0.0,0.0,5.2332282066345215,7.991209030151367,4.951265335083008,4.951265335083008,0.8963686227798462,0.9471666812896729,97.58965301513672,4980.0,2.1751909255981445,111.0,0.0,0.0,0.23515579104423523,12.0,0.0,0.0,10.01259994506836,15.937052726745605,9.311527252197266,9.311527252197266,0.5857963562011719,0.7731994390487671,87.2427978515625,4452.0,11.483441352844238,586.0,0.0,0.0,1.2737605571746826,65.0,0.0,0.0,12.924708366394043,20.815597534179688,11.978179931640625,11.978179931640625,0.29071366786956787,0.5866172909736633,81.83421325683594,4176.0,16.460905075073242,840.0,0.0,0.0,1.7048795223236084,87.0,0.0,0.0,14.602057456970215,23.61846923828125,13.54083251953125,13.54083251953125,0.08502072095870972,0.44224849343299866,78.79678344726562,4021.0,19.204389572143555,980.0,0.0,0.0,1.9988242387771606,102.0,0.0,0.0,0.14285714285714285,0.31578949093818665,0.2744360864162445,0.223308265209198,0.18646617233753204
4,0.23681228397159215,10.592156410217285,17.908170700073242,9.865694046020508,9.865694046020508,0.47640007734298706,0.7082178592681885,86.62551879882812,17682.0,12.12522029876709,2475.0,0.0,0.0,1.2492650747299194,255.0,0.0,0.0,5.126787185668945,7.796688556671143,4.851463317871094,4.851463317871094,0.9013524055480957,0.9497542381286621,97.78561401367188,4990.0,1.9988242387771606,102.0,0.0,0.0,0.2155594825744629,11.0,0.0,0.0,9.891053199768066,15.709589004516602,9.217673301696777,9.217673301696777,0.5975354909896851,0.7800512909889221,87.86988067626953,4484.0,11.013129234313965,562.0,0.0,0.0,1.1169899702072144,57.0,0.0,0.0,12.816436767578125,20.60626983642578,11.904290199279785,11.904290199279785,0.30490750074386597,0.5952507257461548,81.95178985595703,4182.0,16.36292266845703,835.0,0.0,0.0,1.6852831840515137,86.0,0.0,0.0,14.534350395202637,23.465131759643555,13.489347457885742,13.489347457885742,0.09686285257339478,0.4493117332458496,78.89476776123047,4026.0,19.12600326538086,976.0,0.0,0.0,1.979227900505066,101.0,0.0,0.0,0.21428571428571427,0.30701756477355957,0.26998746395111084,0.22662906348705292,0.19636592268943787
5,0.23634630596407358,10.538759231567383,17.838027954101562,9.831671714782715,9.831671714782715,0.4804936647415161,0.7109096050262451,86.63041687011719,17683.0,12.115422248840332,2473.0,0.0,0.0,1.254164218902588,256.0,0.0,0.0,5.009253025054932,7.615967750549316,4.748345375061035,4.748345375061035,0.9058725237846375,0.9519813656806946,98.00117492675781,5001.0,1.7832647562026978,91.0,0.0,0.0,0.2155594825744629,11.0,0.0,0.0,9.813584327697754,15.587407112121582,9.160937309265137,9.160937309265137,0.6037715673446655,0.7837157845497131,87.96785736083984,4489.0,10.954340934753418,559.0,0.0,0.0,1.0777974128723145,55.0,0.0,0.0,12.790326118469238,20.546968460083008,11.892643928527832,11.892643928527832,0.30890244245529175,0.5985314249992371,81.79502868652344,4174.0,16.480501174926758,841.0,0.0,0.0,1.7244758605957031,88.0,0.0,0.0,14.541872024536133,23.444246292114258,13.524757385253906,13.524757385253906,0.09846967458724976,0.4504733085632324,78.75759887695312,4019.0,19.243581771850586,982.0,0.0,0.0,1.9988242387771606,102.0,0.0,0.0,0.2857142857142857,0.2982456088066101,0.2655388414859772,0.22994986176490784,0.2062656730413437
6,0.23864604628414188,10.496452331542969,17.777639389038086,9.778377532958984,9.778377532958984,0.4840051531791687,0.7139465808868408,86.68920135498047,17695.0,12.0762300491333,2465.0,0.0,0.0,1.2345678806304932,252.0,0.0,0.0,4.9552106857299805,7.550161361694336,4.697471618652344,4.697471618652344,0.9074921607971191,0.9529650211334229,97.96198272705078,4999.0,1.8420536518096924,94.0,0.0,0.0,0.19596317410469055,10.0,0.0,0.0,9.75825023651123,15.500962257385254,9.09603500366211,9.09603500366211,0.6081541776657104,0.786874532699585,88.06584167480469,4494.0,10.875955581665039,555.0,0.0,0.0,1.0582010746002197,54.0,0.0,0.0,12.745462417602539,20.470481872558594,11.829375267028809,11.829375267028809,0.31403809785842896,0.6026923656463623,81.95178985595703,4182.0,16.36292266845703,835.0,0.0,0.0,1.6852831840515137,86.0,0.0,0.0,14.526891708374023,23.406246185302734,13.490631103515625,13.490631103515625,0.10138994455337524,0.45452186465263367,78.77719116210938,4020.0,19.22398567199707,981.0,0.0,0.0,1.9988242387771606,102.0,0.0,0.0,0.35714285714285715,0.28947368264198303,0.2610902190208435,0.23327067494392395,0.2161654233932495
7,0.23794165163615613,10.443321228027344,17.672077178955078,9.722756385803223,9.722756385803223,0.49011480808258057,0.7170929908752441,86.77738189697266,17713.0,11.992945671081543,2448.0,0.0,0.0,1.2296687364578247,251.0,0.0,0.0,4.889918327331543,7.4147114753723145,4.636005878448486,4.636005878448486,0.9107815623283386,0.95461505651474,98.13835144042969,5008.0,1.6852831840515137,86.0,0.0,0.0,0.17636683583259583,9.0,0.0,0.0,9.708518981933594,15.363261222839355,9.050581932067871,9.050581932067871,0.6150850653648376,0.7905763387680054,88.35979461669922,4509.0,10.621203422546387,542.0,0.0,0.0,1.0190083980560303,52.0,0.0,0.0,12.697257041931152,20.36188507080078,11.776507377624512,11.776507377624512,0.3212969899177551,0.6058410406112671,81.79502868652344,4174.0,16.480501174926758,841.0,0.0,0.0,1.7244758605957031,88.0,0.0,0.0,14.477592468261719,23.315128326416016,13.427932739257812,13.427932739257812,0.10837268829345703,0.45745059847831726,78.8163833618164,4022.0,19.18479347229004,979.0,0.0,0.0,1.9988242387771606,102.0,0.0,0.0,0.42857142857142855,0.28070175647735596,0.25664159655570984,0.23659147322177887,0.22606515884399414
8,0.24060885417096065,10.45833683013916,17.67889976501465,9.750327110290527,9.750327110290527,0.4897211194038391,0.7184080481529236,86.65000915527344,17687.0,12.1497163772583,2480.0,0.0,0.0,1.2002743482589722,245.0,0.0,0.0,4.899020195007324,7.4354329109191895,4.653755187988281,4.653755187988281,0.9102821946144104,0.954596996307373,98.09915924072266,5006.0,1.7244758605957031,88.0,0.0,0.0,0.17636683583259583,9.0,0.0,0.0,9.709887504577637,15.35720443725586,9.061124801635742,9.061124801635742,0.6153885126113892,0.7919849753379822,88.16382598876953,4499.0,10.836763381958008,553.0,0.0,0.0,0.9994121193885803,51.0,0.0,0.0,12.714093208312988,20.358171463012695,11.810522079467773,11.810522079467773,0.3215445280075073,0.6081259846687317,81.6970443725586,4169.0,16.676464080810547,851.0,0.0,0.0,1.6264941692352295,83.0,0.0,0.0,14.51034927368164,23.33643913269043,13.475906372070312,13.475906372070312,0.10674190521240234,0.4593472182750702,78.6400146484375,4013.0,19.361160278320312,988.0,0.0,0.0,1.9988242387771606,102.0,0.0,0.0,0.5,0.2719298303127289,0.25219297409057617,0.2399122714996338,0.23596492409706116
9,0.24296794537685357,10.454072952270508,17.678239822387695,9.739380836486816,9.739380836486816,0.4897591471672058,0.7181831002235413,86.59121704101562,17675.0,12.218303680419922,2494.0,0.0,0.0,1.1904761791229248,243.0,0.0,0.0,4.885839939117432,7.4148664474487305,4.637112140655518,4.637112140655518,0.9107778072357178,0.9547762870788574,98.0207748413086,5002.0,1.8420536518096924,94.0,0.0,0.0,0.13717420399188995,7.0,0.0,0.0,9.702958106994629,15.348648071289062,9.04977798461914,9.04977798461914,0.6158169507980347,0.7919664978981018,88.06584167480469,4494.0,10.934743881225586,558.0,0.0,0.0,0.9994121193885803,51.0,0.0,0.0,12.712098121643066,20.360000610351562,11.799346923828125,11.799346923828125,0.3214225769042969,0.6080213785171509,81.67744445800781,4168.0,16.696062088012695,852.0,0.0,0.0,1.6264941692352295,83.0,0.0,0.0,14.515399932861328,23.345020294189453,13.471287727355957,13.471287727355957,0.10608500242233276,0.4586695432662964,78.60082244873047,4011.0,19.400352478027344,990.0,0.0,0.0,1.9988242387771606,102.0,0.0,0.0,0.5714285714285714,0.2631579041481018,0.2477443516254425,0.2432330846786499,0.24586467444896698
10,0.2428606848814002,10.460400581359863,17.673601150512695,9.744758605957031,9.744758605957031,0.49002689123153687,0.7185512185096741,86.5814208984375,17673.0,12.242798805236816,2499.0,0.0,0.0,1.175778865814209,240.0,0.0,0.0,4.872192859649658,7.366932392120361,4.621423244476318,4.621423244476318,0.9119276404380798,0.9553940892219543,98.19713592529297,5011.0,1.6852831840515137,86.0,0.0,0.0,0.11757789552211761,6.0,0.0,0.0,9.70511245727539,15.32413101196289,9.052947998046875,9.052947998046875,0.6170433759689331,0.7928889393806458,88.1246337890625,4497.0,10.875955581665039,555.0,0.0,0.0,0.9994121193885803,51.0,0.0,0.0,12.722987174987793,20.358047485351562,11.807860374450684,11.807860374450684,0.32155269384384155,0.6083653569221497,81.61865234375,4165.0,16.794042587280273,857.0,0.0,0.0,1.5873017311096191,81.0,0.0,0.0,14.541306495666504,23.36394691467285,13.49679946899414,13.49679946899414,0.10463482141494751,0.4578061103820801,78.38526153564453,4000.0,19.61591339111328,1001.0,0.0,0.0,1.9988242387771606,102.0,0.0,0.0,0.6428571428571429,0.25438597798347473,0.24329572916030884,0.24655388295650482,0.2557644248008728
11,0.24568436861259269,10.428057670593262,17.629844665527344,9.714029312133789,9.714029312133789,0.49254894256591797,0.7197768092155457,86.66960906982422,17691.0,12.144816398620605,2479.0,0.0,0.0,1.1855770349502563,242.0,0.0,0.0,4.864014148712158,7.361518859863281,4.621035575866699,4.621035575866699,0.9120570421218872,0.9553159475326538,98.05996704101562,5004.0,1.763668417930603,90.0,0.0,0.0,0.17636683583259583,9.0,0.0,0.0,9.66684627532959,15.270256996154785,9.018308639526367,9.018308639526367,0.6197312474250793,0.7944217920303345,88.34019470214844,4508.0,10.660395622253418,544.0,0.0,0.0,0.9994121193885803,51.0,0.0,0.0,12.671518325805664,20.2995662689209,11.753077507019043,11.753077507019043,0.3254449963569641,0.6110071539878845,81.77542877197266,4173.0,16.65686798095703,850.0,0.0,0.0,1.5677053928375244,80.0,0.0,0.0,14.50985336303711,23.319536209106445,13.463693618774414,13.463693618774414,0.10803550481796265,0.46014493703842163,78.50283813476562,4006.0,19.498334884643555,995.0,0.0,0.0,1.9988242387771606,102.0,0.0,0.0,0.7142857142857143,0.24561403691768646,0.23884710669517517,0.24987469613552094,0.26566416025161743
12,0.24834386820256094,10.441367149353027,17.65030288696289,9.723834991455078,9.723834991455078,0.4913704991340637,0.7194883823394775,86.62062072753906,17681.0,12.19870662689209,2490.0,0.0,0.0,1.1806780099868774,241.0,0.0,0.0,4.856490135192871,7.337186336517334,4.614620685577393,4.614620685577393,0.91263747215271,0.9557533860206604,98.23633575439453,5013.0,1.6068978309631348,82.0,0.0,0.0,0.1567705273628235,8.0,0.0,0.0,9.676212310791016,15.271949768066406,9.021103858947754,9.021103858947754,0.6196469664573669,0.7946142554283142,88.28140258789062,4505.0,10.719184875488281,547.0,0.0,0.0,0.9994121193885803,51.0,0.0,0.0,12.69798755645752,20.329866409301758,11.777973175048828,11.777973175048828,0.32342982292175293,0.6100817918777466,81.6970443725586,4169.0,16.735254287719727,854.0,0.0,0.0,1.5677053928375244,80.0,0.0,0.0,14.534777641296387,23.361562728881836,13.481645584106445,13.481645584106445,0.10481762886047363,0.45831048488616943,78.26768493652344,3994.0,19.733489990234375,1007.0,0.0,0.0,1.9988242387771606,102.0,0.0,0.0,0.7857142857142857,0.23684212565422058,0.2343984991312027,0.25319552421569824,0.27556392550468445
13,0.2480332332850666,10.430913925170898,17.599321365356445,9.727095603942871,9.727095603942871,0.4943045973777771,0.721725344657898,86.65980529785156,17689.0,12.15461540222168,2481.0,0.0,0.0,1.1855770349502563,242.0,0.0,0.0,4.843247413635254,7.305919170379639,4.613609313964844,4.613609313964844,0.9133804440498352,0.9562113285064697,98.19713592529297,5011.0,1.6264941692352295,83.0,0.0,0.0,0.17636683583259583,9.0,0.0,0.0,9.663666725158691,15.227984428405762,9.029579162597656,9.029579162597656,0.6218337416648865,0.7960668802261353,88.32059478759766,4507.0,10.67999267578125,545.0,0.0,0.0,0.9994121193885803,51.0,0.0,0.0,12.687628746032715,20.272605895996094,11.783074378967285,11.783074378967285,0.3272356390953064,0.6134333610534668,81.81461334228516,4175.0,16.598079681396484,847.0,0.0,0.0,1.5873017311096191,81.0,0.0,0.0,14.529112815856934,23.29587745666504,13.482122421264648,13.482122421264648,0.10984444618225098,0.46324431896209717,78.30687713623047,3996.0,19.71389389038086,1006.0,0.0,0.0,1.979227900505066,101.0,0.0,0.0,0.8571428571428571,0.22807016968727112,0.22994986176490784,0.25651630759239197,0.2854636609554291
14,0.2503287761722857,10.417961120605469,17.572294235229492,9.702597618103027,9.702597618103027,0.49585652351379395,0.7217455506324768,86.71369934082031,17700.0,12.100725173950195,2470.0,0.0,0.0,1.1855770349502563,242.0,0.0,0.0,4.84232759475708,7.291471004486084,4.607997417449951,4.607997417449951,0.9137226939201355,0.956317126750946,98.27552795410156,5015.0,1.5481089353561401,79.0,0.0,0.0,0.17636683583259583,9.0,0.0,0.0,9.652242660522461,15.20565414428711,9.006790161132812,9.006790161132812,0.6229420304298401,0.7960530519485474,88.39897918701172,4511.0,10.601607322692871,541.0,0.0,0.0,0.9994121193885803,51.0,0.0,0.0,12.664095878601074,20.237720489501953,11.743247032165527,11.743247032165527,0.32954901456832886,0.6130438446998596,81.91259765625,4180.0,16.51969337463379,843.0,0.0,0.0,1.5677053928375244,80.0,0.0,0.0,14.513176918029785,23.263694763183594,13.452354431152344,13.452354431152344,0.11230230331420898,0.46256375312805176,78.26768493652344,3994.0,19.733489990234375,1007.0,0.0,0.0,1.9988242387771606,102.0,0.0,0.0,0.9285714285714286,0.21929824352264404,0.22550123929977417,0.2598370909690857,0.2953633964061737
15,0.2521730581898022,10.427952766418457,17.592220306396484,9.722476959228516,9.722476959228516,0.49471259117126465,0.7215421199798584,86.6108169555664,17679.0,12.203605651855469,2491.0,0.0,0.0,1.1855770349502563,242.0,0.0,0.0,4.827510356903076,7.268064498901367,4.596418380737305,4.596418380737305,0.9142757654190063,0.9566872119903564,98.19713592529297,5011.0,1.665686845779419,85.0,0.0,0.0,0.13717420399188995,7.0,0.0,0.0,9.648255348205566,15.190882682800293,9.0172758102417,9.0172758102417,0.6236742734909058,0.7969235777854919,88.26181030273438,4504.0,10.738780975341797,548.0,0.0,0.0,0.9994121193885803,51.0,0.0,0.0,12.682826042175293,20.257692337036133,11.77908992767334,11.77908992767334,0.3282250761985779,0.6128877401351929,81.85381317138672,4177.0,16.539291381835938,844.0,0.0,0.0,1.6068978309631348,82.0,0.0,0.0,14.553218841552734,23.323444366455078,13.497122764587402,13.497122764587402,0.10773652791976929,0.4599531590938568,78.1305160522461,3987.0,19.870664596557617,1014.0,0.0,0.0,1.9988242387771606,102.0,0.0,0.0,1.0,0.21052631735801697,0.2210526168346405,0.2631579041481018,0.3052631616592407
16,0.2513722376172579,10.442606925964355,17.601831436157227,9.727984428405762,9.727984428405762,0.4941602945327759,0.721777081489563,86.60102081298828,17677.0,12.208504676818848,2492.0,0.0,0.0,1.1904761791229248,243.0,0.0,0.0,4.8407063484191895,7.291018486022949,4.607746601104736,4.607746601104736,0.9137334227561951,0.9564130902290344,98.21673583984375,5012.0,1.6068978309631348,82.0,0.0,0.0,0.17636683583259583,9.0,0.0,0.0,9.668534278869629,15.206236839294434,9.032320022583008,9.032320022583008,0.622913122177124,0.7969739437103271,88.26181030273438,4504.0,10.719184875488281,547.0,0.0,0.0,1.0190083980560303,52.0,0.0,0.0,12.696446418762207,20.257577896118164,11.78182315826416,11.78182315826416,0.32823264598846436,0.6141916513442993,81.75582885742188,4172.0,16.65686798095703,850.0,0.0,0.0,1.5873017311096191,81.0,0.0,0.0,14.564740180969238,23.335378646850586,13.490046501159668,13.490046501159668,0.1068231463432312,0.4605311155319214,78.1697006225586,3989.0,19.8510684967041,1013.0,0.0,0.0,1.979227900505066,101.0,0.0,0.0,1.0,0.21052631735801697,0.2210526168346405,0.2631579041481018,0.3052631616592407
17,0.24947346161404507,10.449090957641602,17.60048484802246,9.736451148986816,9.736451148986816,0.4942377209663391,0.7221084833145142,86.6108169555664,17679.0,12.19870662689209,2490.0,0.0,0.0,1.1904761791229248,243.0,0.0,0.0,4.846282005310059,7.282118797302246,4.6149797439575195,4.6149797439575195,0.913943886756897,0.9566141366958618,98.23633575439453,5013.0,1.6068978309631348,82.0,0.0,0.0,0.1567705273628235,8.0,0.0,0.0,9.679390907287598,15.218118667602539,9.042963027954102,9.042963027954102,0.6223235726356506,0.7968416213989258,88.28140258789062,4505.0,10.719184875488281,547.0,0.0,0.0,0.9994121193885803,51.0,0.0,0.0,12.711289405822754,20.265384674072266,11.795059204101562,11.795059204101562,0.32771486043930054,0.6141664385795593,81.59906005859375,4164.0,16.794042587280273,857.0,0.0,0.0,1.6068978309631348,82.0,0.0,0.0,14.559401512145996,23.319562911987305,13.492806434631348,13.492806434631348,0.10803347826004028,0.4619901180267334,78.32647705078125,3997.0,19.674699783325195,1004.0,0.0,0.0,1.9988242387771606,102.0,0.0,0.0,1.0,0.21052631735801697,0.2210526168346405,0.2631579041481018,0.3052631616592407
18,0.2483849128126144,10.453518867492676,17.57745933532715,9.745944023132324,9.745944023132324,0.4955601096153259,0.7227500677108765,86.56182861328125,17669.0,12.257495880126953,2502.0,0.0,0.0,1.1806780099868774,241.0,0.0,0.0,4.844296455383301,7.272268772125244,4.619406700134277,4.619406700134277,0.9141765236854553,0.9566934704780579,98.37350463867188,5020.0,1.4697237014770508,75.0,0.0,0.0,0.1567705273628235,8.0,0.0,0.0,9.672966957092285,15.172572135925293,9.049301147460938,9.049301147460938,0.6245809197425842,0.7979125380516052,88.18341827392578,4500.0,10.817166328430176,552.0,0.0,0.0,0.9994121193885803,51.0,0.0,0.0,12.707854270935059,20.223081588745117,11.798439025878906,11.798439025878906,0.33051860332489014,0.6156101822853088,81.63825225830078,4166.0,16.794042587280273,857.0,0.0,0.0,1.5677053928375244,80.0,0.0,0.0,14.58895492553711,23.31957244873047,13.516634941101074,13.516634941101074,0.10803276300430298,0.46285080909729004,78.0521240234375,3983.0,19.949050903320312,1018.0,0.0,0.0,1.9988242387771606,102.0,0.0,0.0,1.0,0.21052631735801697,0.2210526168346405,0.2631579041481018,0.3052631616592407
19,0.2478492051310635,10.455390930175781,17.583446502685547,9.751744270324707,9.751744270324707,0.4952164888381958,0.7224361896514893,86.51773071289062,17660.0,12.296688079833984,2510.0,0.0,0.0,1.1855770349502563,242.0,0.0,0.0,4.833329677581787,7.272404670715332,4.605839729309082,4.605839729309082,0.9141733050346375,0.956641674041748,98.27552795410156,5015.0,1.5873017311096191,81.0,0.0,0.0,0.13717420399188995,7.0,0.0,0.0,9.674140930175781,15.178242683410645,9.054136276245117,9.054136276245117,0.6243002414703369,0.797673225402832,88.18341827392578,4500.0,10.817166328430176,552.0,0.0,0.0,0.9994121193885803,51.0,0.0,0.0,12.708806037902832,20.226783752441406,11.808340072631836,11.808340072631836,0.33027344942092896,0.6155933737754822,81.52067565917969,4160.0,16.87242889404297,861.0,0.0,0.0,1.6068978309631348,82.0,0.0,0.0,14.605290412902832,23.33068084716797,13.538665771484375,13.538665771484375,0.10718268156051636,0.46216511726379395,78.09131622314453,3985.0,19.90985679626465,1016.0,0.0,0.0,1.9988242387771606,102.0,0.0,0.0,1.0,0.21052631735801697,0.2210526168346405,0.2631579041481018,0.3052631616592407
20,0.24584680901981765,10.4743013381958,17.5911922454834,9.781179428100586,9.781179428100586,0.4947715997695923,0.7221981883049011,86.5079345703125,17658.0,12.311385154724121,2513.0,0.0,0.0,1.1806780099868774,241.0,0.0,0.0,4.83471155166626,7.25775146484375,4.610353946685791,4.610353946685791,0.9145188331604004,0.9568565487861633,98.37350463867188,5020.0,1.5089163780212402,77.0,0.0,0.0,0.11757789552211761,6.0,0.0,0.0,9.69326400756836,15.19027328491211,9.081143379211426,9.081143379211426,0.6237044334411621,0.7972501516342163,88.1246337890625,4497.0,10.836763381958008,553.0,0.0,0.0,1.038604736328125,53.0,0.0,0.0,12.746212005615234,20.250337600708008,11.85564136505127,11.85564136505127,0.3287127614021301,0.614723801612854,81.54026794433594,4161.0,16.892024993896484,862.0,0.0,0.0,1.5677053928375244,80.0,0.0,0.0,14.623019218444824,23.330339431762695,13.577583312988281,13.577583312988281,0.10720890760421753,0.4623592495918274,77.99333953857422,3980.0,20.00783920288086,1021.0,0.0,0.0,1.9988242387771606,102.0,0.0,0.0,1.0,0.21052631735801697,0.2210526168346405,0.2631579041481018,0.3052631616592407
21,0.2441440429622113,10.499761581420898,17.611318588256836,9.808036804199219,9.808036804199219,0.49361491203308105,0.7222940325737,86.49324035644531,17655.0,12.330982208251953,2517.0,0.0,0.0,1.175778865814209,240.0,0.0,0.0,4.838608264923096,7.252456188201904,4.6157402992248535,4.6157402992248535,0.9146435260772705,0.9570555686950684,98.39309692382812,5021.0,1.4893200397491455,76.0,0.0,0.0,0.11757789552211761,6.0,0.0,0.0,9.711438179016113,15.201803207397461,9.104186058044434,9.104186058044434,0.6231329441070557,0.797691822052002,88.10503387451172,4496.0,10.875955581665039,555.0,0.0,0.0,1.0190083980560303,52.0,0.0,0.0,12.783653259277344,20.27285385131836,11.89972972869873,11.89972972869873,0.3272191882133484,0.6147825717926025,81.67744445800781,4168.0,16.754850387573242,855.0,0.0,0.0,1.5677053928375244,80.0,0.0,0.0,14.665351867675781,23.365631103515625,13.6124906539917,13.6124906539917,0.10450583696365356,0.46157947182655334,77.79737091064453,3970.0,20.20380210876465,1031.0,0.0,0.0,1.9988242387771606,102.0,0.0,0.0,1.0,0.21052631735801697,0.2210526168346405,0.2631579041481018,0.3052631616592407
22,0.24320849681445078,10.521482467651367,17.62607192993164,9.821322441101074,9.821322441101074,0.4927660822868347,0.7215102910995483,86.3903579711914,17634.0,12.428962707519531,2537.0,0.0,0.0,1.1806780099868774,241.0,0.0,0.0,4.85217809677124,7.275165557861328,4.623415470123291,4.623415470123291,0.914108157157898,0.9566945433616638,98.39309692382812,5021.0,1.4697237014770508,75.0,0.0,0.0,0.13717420399188995,7.0,0.0,0.0,9.730029106140137,15.216595649719238,9.112893104553223,9.112893104553223,0.6223992109298706,0.7969263792037964,87.96785736083984,4489.0,11.013129234313965,562.0,0.0,0.0,1.0190083980560303,52.0,0.0,0.0,12.802901268005371,20.28255271911621,11.907391548156738,11.907391548156738,0.32657527923583984,0.6142279505729675,81.63825225830078,4166.0,16.794042587280273,857.0,0.0,0.0,1.5677053928375244,80.0,0.0,0.0,14.700825691223145,23.3850154876709,13.641590118408203,13.641590118408203,0.10301929712295532,0.4606999456882477,77.56221771240234,3958.0,20.43895721435547,1043.0,0.0,0.0,1.9988242387771606,102.0,0.0,0.0,1.0,0.21052631735801697,0.2210526168346405,0.2631579041481018,0.3052631616592407
step,fold6/test_loss,fold6/test_mae,fold6/test_rmse,fold6/test_mard,fold6/test_mape,fold6/test_r2,fold6/test_pearson,fold6/test_ega_zone_a_pct,fold6/test_ega_zone_a_count,fold6/test_ega_zone_b_pct,fold6/test_ega_zone_b_count,fold6/test_ega_zone_c_pct,fold6/test_ega_zone_c_count,fold6/test_ega_zone_d_pct,fold6/test_ega_zone_d_count,fold6/test_ega_zone_e_pct,fold6/test_ega_zone_e_count,fold6/test_horizon_15_mae,fold6/test_horizon_15_rmse,fold6/test_horizon_15_mard,fold6/test_horizon_15_mape,fold6/test_horizon_15_r2,fold6/test_horizon_15_pearson,fold6/test_horizon_15_ega_zone_a_pct,fold6/test_horizon_15_ega_zone_a_count,fold6/test_horizon_15_ega_zone_b_pct,fold6/test_horizon_15_ega_zone_b_count,fold6/test_horizon_15_ega_zone_c_pct,fold6/test_horizon_15_ega_zone_c_count,fold6/test_horizon_15_ega_zone_d_pct,fold6/test_horizon_15_ega_zone_d_count,fold6/test_horizon_15_ega_zone_e_pct,fold6/test_horizon_15_ega_zone_e_count,fold6/test_horizon_30_mae,fold6/test_horizon_30_rmse,fold6/test_horizon_30_mard,fold6/test_horizon_30_mape,fold6/test_horizon_30_r2,fold6/test_horizon_30_pearson,fold6/test_horizon_30_ega_zone_a_pct,fold6/test_horizon_30_ega_zone_a_count,fold6/test_horizon_30_ega_zone_b_pct,fold6/test_horizon_30_ega_zone_b_count,fold6/test_horizon_30_ega_zone_c_pct,fold6/test_horizon_30_ega_zone_c_count,fold6/test_horizon_30_ega_zone_d_pct,fold6/test_horizon_30_ega_zone_d_count,fold6/test_horizon_30_ega_zone_e_pct,fold6/test_horizon_30_ega_zone_e_count,fold6/test_horizon_45_mae,fold6/test_horizon_45_rmse,fold6/test_horizon_45_mard,fold6/test_horizon_45_mape,fold6/test_horizon_45_r2,fold6/test_horizon_45_pearson,fold6/test_horizon_45_ega_zone_a_pct,fold6/test_horizon_45_ega_zone_a_count,fold6/test_horizon_45_ega_zone_b_pct,fold6/test_horizon_45_ega_zone_b_count,fold6/test_horizon_45_ega_zone_c_pct,fold6/test_horizon_45_ega_zone_c_count,fold6/test_horizon_45_ega_zone_d_pct,fold6/test_horizon_45_ega_zone_d_count,fold6/test_horizon_45_ega_zone_e_pct,fold6/test_horizon_45_ega_zone_e_count,fold6/test_horizon_60_mae,fold6/test_horizon_60_rmse,fold6/test_horizon_60_mard,fold6/test_horizon_60_mape,fold6/test_horizon_60_r2,fold6/test_horizon_60_pearson,fold6/test_horizon_60_ega_zone_a_pct,fold6/test_horizon_60_ega_zone_a_count,fold6/test_horizon_60_ega_zone_b_pct,fold6/test_horizon_60_ega_zone_b_count,fold6/test_horizon_60_ega_zone_c_pct,fold6/test_horizon_60_ega_zone_c_count,fold6/test_horizon_60_ega_zone_d_pct,fold6/test_horizon_60_ega_zone_d_count,fold6/test_horizon_60_ega_zone_e_pct,fold6/test_horizon_60_ega_zone_e_count
0,0.3262036244369576,10.620024681091309,17.309947967529297,8.187255859375,8.187255859375,0.545202374458313,0.7501428127288818,88.99340057373047,5393.0,11.006600379943848,667.0,0.0,0.0,0.0,0.0,0.0,0.0,4.428444862365723,6.374294281005859,3.5584230422973633,3.5584230422973633,0.9384720921516418,0.968917727470398,99.66996765136719,1510.0,0.33003300428390503,5.0,0.0,0.0,0.0,0.0,0.0,0.0,9.452323913574219,14.367815971374512,7.340811252593994,7.340811252593994,0.6868506669998169,0.8323141932487488,92.34323120117188,1399.0,7.656765937805176,116.0,0.0,0.0,0.0,0.0,0.0,0.0,13.037784576416016,19.986238479614258,9.99039363861084,9.99039363861084,0.3932039737701416,0.6522630453109741,84.2904281616211,1277.0,15.709571838378906,238.0,0.0,0.0,0.0,0.0,0.0,0.0,15.561546325683594,23.495145797729492,11.859391212463379,11.859391212463379,0.1603325605392456,0.49403366446495056,79.66996765136719,1207.0,20.330032348632812,308.0,0.0,0.0,0.0,0.0,0.0,0.0
step,fold7/train_loss,fold7/val_mae,fold7/val_rmse,fold7/val_mard,fold7/val_mape,fold7/val_r2,fold7/val_pearson,fold7/val_ega_zone_a_pct,fold7/val_ega_zone_a_count,fold7/val_ega_zone_b_pct,fold7/val_ega_zone_b_count,fold7/val_ega_zone_c_pct,fold7/val_ega_zone_c_count,fold7/val_ega_zone_d_pct,fold7/val_ega_zone_d_count,fold7/val_ega_zone_e_pct,fold7/val_ega_zone_e_count,fold7/val_horizon_15_mae,fold7/val_horizon_15_rmse,fold7/val_horizon_15_mard,fold7/val_horizon_15_mape,fold7/val_horizon_15_r2,fold7/val_horizon_15_pearson,fold7/val_horizon_15_ega_zone_a_pct,fold7/val_horizon_15_ega_zone_a_count,fold7/val_horizon_15_ega_zone_b_pct,fold7/val_horizon_15_ega_zone_b_count,fold7/val_horizon_15_ega_zone_c_pct,fold7/val_horizon_15_ega_zone_c_count,fold7/val_horizon_15_ega_zone_d_pct,fold7/val_horizon_15_ega_zone_d_count,fold7/val_horizon_15_ega_zone_e_pct,fold7/val_horizon_15_ega_zone_e_count,fold7/val_horizon_30_mae,fold7/val_horizon_30_rmse,fold7/val_horizon_30_mard,fold7/val_horizon_30_mape,fold7/val_horizon_30_r2,fold7/val_horizon_30_pearson,fold7/val_horizon_30_ega_zone_a_pct,fold7/val_horizon_30_ega_zone_a_count,fold7/val_horizon_30_ega_zone_b_pct,fold7/val_horizon_30_ega_zone_b_count,fold7/val_horizon_30_ega_zone_c_pct,fold7/val_horizon_30_ega_zone_c_count,fold7/val_horizon_30_ega_zone_d_pct,fold7/val_horizon_30_ega_zone_d_count,fold7/val_horizon_30_ega_zone_e_pct,fold7/val_horizon_30_ega_zone_e_count,fold7/val_horizon_45_mae,fold7/val_horizon_45_rmse,fold7/val_horizon_45_mard,fold7/val_horizon_45_mape,fold7/val_horizon_45_r2,fold7/val_horizon_45_pearson,fold7/val_horizon_45_ega_zone_a_pct,fold7/val_horizon_45_ega_zone_a_count,fold7/val_horizon_45_ega_zone_b_pct,fold7/val_horizon_45_ega_zone_b_count,fold7/val_horizon_45_ega_zone_c_pct,fold7/val_horizon_45_ega_zone_c_count,fold7/val_horizon_45_ega_zone_d_pct,fold7/val_horizon_45_ega_zone_d_count,fold7/val_horizon_45_ega_zone_e_pct,fold7/val_horizon_45_ega_zone_e_count,fold7/val_horizon_60_mae,fold7/val_horizon_60_rmse,fold7/val_horizon_60_mard,fold7/val_horizon_60_mape,fold7/val_horizon_60_r2,fold7/val_horizon_60_pearson,fold7/val_horizon_60_ega_zone_a_pct,fold7/val_horizon_60_ega_zone_a_count,fold7/val_horizon_60_ega_zone_b_pct,fold7/val_horizon_60_ega_zone_b_count,fold7/val_horizon_60_ega_zone_c_pct,fold7/val_horizon_60_ega_zone_c_count,fold7/val_horizon_60_ega_zone_d_pct,fold7/val_horizon_60_ega_zone_d_count,fold7/val_horizon_60_ega_zone_e_pct,fold7/val_horizon_60_ega_zone_e_count,fold7/diag_horizon_curriculum_progress,fold7/diag_loss_horizon_weight_0,fold7/diag_loss_horizon_weight_1,fold7/diag_loss_horizon_weight_2,fold7/diag_loss_horizon_weight_3
1,0.26832031231110465,11.463151931762695,16.984909057617188,9.382572174072266,9.382572174072266,0.42781662940979004,0.6788077354431152,87.2051010131836,18334.0,12.580860137939453,2645.0,0.0,0.0,0.2140410989522934,45.0,0.0,0.0,7.10354471206665,10.43842887878418,5.931331157684326,5.931331157684326,0.783557653427124,0.88667893409729,96.00456237792969,5046.0,3.8812785148620605,204.0,0.0,0.0,0.11415524780750275,6.0,0.0,0.0,11.130189895629883,16.21851921081543,9.100058555603027,9.100058555603027,0.47831857204437256,0.7111054062843323,88.52739715576172,4653.0,11.244292259216309,591.0,0.0,0.0,0.2283104956150055,12.0,0.0,0.0,13.13676643371582,18.93529510498047,10.716532707214355,10.716532707214355,0.2894391417503357,0.5869319438934326,83.56163787841797,4392.0,16.15296745300293,849.0,0.0,0.0,0.28538814187049866,15.0,0.0,0.0,14.48210334777832,20.576730728149414,11.782362937927246,11.782362937927246,0.1607622504234314,0.49989229440689087,80.72679138183594,4243.0,19.04490089416504,1001.0,0.0,0.0,0.2283104956150055,12.0,0.0,0.0,0.0,0.3333333432674408,0.28333333134651184,0.21666665375232697,0.1666666716337204
2,0.23876077331739265,10.814827919006348,16.224123001098633,8.853951454162598,8.853951454162598,0.47792696952819824,0.7125365138053894,88.65582275390625,18639.0,11.125380516052246,2339.0,0.0,0.0,0.21879756450653076,46.0,0.0,0.0,5.868478298187256,8.548943519592285,4.930071830749512,4.930071830749512,0.8548232913017273,0.925527036190033,97.88813018798828,5145.0,2.035768747329712,107.0,0.0,0.0,0.07610350102186203,4.0,0.0,0.0,10.47594165802002,15.265220642089844,8.605161666870117,8.605161666870117,0.5378434658050537,0.748784065246582,89.74504852294922,4717.0,10.026636123657227,527.0,0.0,0.0,0.2283104956150055,12.0,0.0,0.0,12.810423851013184,18.482736587524414,10.444208145141602,10.444208145141602,0.3229983448982239,0.6133717894554138,84.8934555053711,4462.0,14.802130699157715,778.0,0.0,0.0,0.3044140040874481,16.0,0.0,0.0,14.10446548461914,20.128726959228516,11.43636703491211,11.43636703491211,0.1969088315963745,0.5274756550788879,82.0966567993164,4315.0,17.636985778808594,927.0,0.0,0.0,0.2663622498512268,14.0,0.0,0.0,0.07142857142857142,0.3245614171028137,0.2788847088813782,0.21998745203018188,0.17656642198562622
3,0.23653219169664394,10.682169914245605,16.03346061706543,8.748431205749512,8.748431205749512,0.4901254177093506,0.7193100452423096,89.11720275878906,18736.0,10.664003372192383,2242.0,0.0,0.0,0.21879756450653076,46.0,0.0,0.0,5.587886810302734,8.048142433166504,4.703380107879639,4.703380107879639,0.8713341355323792,0.9339653253555298,98.36377716064453,5170.0,1.560121774673462,82.0,0.0,0.0,0.07610350102186203,4.0,0.0,0.0,10.304793357849121,14.945259094238281,8.480107307434082,8.480107307434082,0.5570141673088074,0.7589568495750427,90.27777862548828,4745.0,9.493911743164062,499.0,0.0,0.0,0.2283104956150055,12.0,0.0,0.0,12.757644653320312,18.35466766357422,10.401387214660645,10.401387214660645,0.33234792947769165,0.6185084581375122,85.23592376708984,4480.0,14.459665298461914,760.0,0.0,0.0,0.3044140040874481,16.0,0.0,0.0,14.07835578918457,20.081336975097656,11.40884780883789,11.40884780883789,0.20068573951721191,0.5304630994796753,82.59132385253906,4341.0,17.14231300354004,901.0,0.0,0.0,0.2663622498512268,14.0,0.0,0.0,0.14285714285714285,0.31578949093818665,0.2744360864162445,0.223308265209198,0.18646617233753204
4,0.23634985660332236,10.642740249633789,15.987810134887695,8.716193199157715,8.716193199157715,0.49302470684051514,0.7215049862861633,89.16000366210938,18745.0,10.611681938171387,2231.0,0.0,0.0,0.2283104956150055,48.0,0.0,0.0,5.482498645782471,7.8852972984313965,4.617653846740723,4.617653846740723,0.8764882683753967,0.9368134140968323,98.64916229248047,5185.0,1.2937594652175903,68.0,0.0,0.0,0.05707762390375137,3.0,0.0,0.0,10.251481056213379,14.848028182983398,8.445108413696289,8.445108413696289,0.5627593994140625,0.7627813816070557,90.18264770507812,4740.0,9.589040756225586,504.0,0.0,0.0,0.2283104956150055,12.0,0.0,0.0,12.746910095214844,18.32912826538086,10.39400577545166,10.39400577545166,0.33420461416244507,0.6198628544807434,85.31202697753906,4484.0,14.36453628540039,755.0,0.0,0.0,0.3234398663043976,17.0,0.0,0.0,14.090066909790039,20.095809936523438,11.408004760742188,11.408004760742188,0.19953328371047974,0.5295529961585999,82.4961929321289,4336.0,17.199390411376953,904.0,0.0,0.0,0.3044140040874481,16.0,0.0,0.0,0.21428571428571427,0.30701756477355957,0.26998746395111084,0.22662906348705292,0.19636592268943787
5,0.23368800025649572,10.619840621948242,15.95374584197998,8.713467597961426,8.713467597961426,0.49518275260925293,0.7225330471992493,89.16951751708984,18747.0,10.597412109375,2228.0,0.0,0.0,0.23306696116924286,49.0,0.0,0.0,5.414194583892822,7.776603698730469,4.562068462371826,4.562068462371826,0.8798698782920837,0.9386494755744934,98.74429321289062,5190.0,1.1986300945281982,63.0,0.0,0.0,0.05707762390375137,3.0,0.0,0.0,10.21339225769043,14.773263931274414,8.428858757019043,8.428858757019043,0.5671516060829163,0.7652214765548706,90.20167541503906,4741.0,9.550989151000977,502.0,0.0,0.0,0.24733638763427734,13.0,0.0,0.0,12.747041702270508,18.320438385009766,10.416245460510254,10.416245460510254,0.3348357677459717,0.6199536323547363,85.36910247802734,4487.0,14.326484680175781,753.0,0.0,0.0,0.3044140040874481,16.0,0.0,0.0,14.104736328125,20.09290313720703,11.446697235107422,11.446697235107422,0.19976472854614258,0.5281385779380798,82.3630142211914,4329.0,17.31354522705078,910.0,0.0,0.0,0.3234398663043976,17.0,0.0,0.0,0.2857142857142857,0.2982456088066101,0.2655388414859772,0.22994986176490784,0.2062656730413437
6,0.23376900328631736,10.600388526916504,15.931097984313965,8.6949462890625,8.6949462890625,0.4966149926185608,0.7233105897903442,89.17427825927734,18748.0,10.602169036865234,2229.0,0.0,0.0,0.22355404496192932,47.0,0.0,0.0,5.367156505584717,7.702584743499756,4.519766330718994,4.519766330718994,0.8821458220481873,0.9398381114006042,98.8013687133789,5193.0,1.1415525674819946,60.0,0.0,0.0,0.05707762390375137,3.0,0.0,0.0,10.186531066894531,14.73027229309082,8.40261459350586,8.40261459350586,0.5696671605110168,0.7665554285049438,90.18264770507812,4740.0,9.570014953613281,503.0,0.0,0.0,0.24733638763427734,13.0,0.0,0.0,12.737685203552246,18.3087100982666,10.40237808227539,10.40237808227539,0.33568722009658813,0.6204654574394226,85.25495147705078,4481.0,14.459665298461914,760.0,0.0,0.0,0.28538814187049866,15.0,0.0,0.0,14.110180854797363,20.09178924560547,11.455029487609863,11.455029487609863,0.1998535394668579,0.5277820229530334,82.45814514160156,4334.0,17.237442016601562,906.0,0.0,0.0,0.3044140040874481,16.0,0.0,0.0,0.35714285714285715,0.28947368264198303,0.2610902190208435,0.23327067494392395,0.2161654233932495
7,0.23550307108667454,10.585271835327148,15.898405075073242,8.687016487121582,8.687016487121582,0.49867892265319824,0.7245920300483704,89.21232604980469,18756.0,10.578386306762695,2224.0,0.0,0.0,0.20928461849689484,44.0,0.0,0.0,5.314967155456543,7.607035160064697,4.478021621704102,4.478021621704102,0.8850516080856323,0.9414305090904236,98.85844421386719,5196.0,1.1035007238388062,58.0,0.0,0.0,0.038051750510931015,2.0,0.0,0.0,10.16379165649414,14.664956092834473,8.390528678894043,8.390528678894043,0.5734750032424927,0.7688596248626709,90.3538818359375,4749.0,9.436834335327148,496.0,0.0,0.0,0.20928461849689484,11.0,0.0,0.0,12.736024856567383,18.27747917175293,10.409289360046387,10.409289360046387,0.33795166015625,0.6216531991958618,85.25495147705078,4481.0,14.459665298461914,760.0,0.0,0.0,0.28538814187049866,15.0,0.0,0.0,14.126303672790527,20.10082244873047,11.470223426818848,11.470223426818848,0.19913381338119507,0.5270071029663086,82.38204193115234,4330.0,17.31354522705078,910.0,0.0,0.0,0.3044140040874481,16.0,0.0,0.0,0.42857142857142855,0.28070175647735596,0.25664159655570984,0.23659147322177887,0.22606515884399414
8,0.23617574572413375,10.593730926513672,15.907713890075684,8.697744369506836,8.697744369506836,0.4980916976928711,0.7244088053703308,89.1029281616211,18733.0,10.678272247314453,2245.0,0.0,0.0,0.21879756450653076,46.0,0.0,0.0,5.285688877105713,7.555698871612549,4.454738616943359,4.454738616943359,0.8865978717803955,0.9422404766082764,98.87747192382812,5197.0,1.084474802017212,57.0,0.0,0.0,0.038051750510931015,2.0,0.0,0.0,10.159594535827637,14.654141426086426,8.391566276550293,8.391566276550293,0.574103832244873,0.7692815661430359,90.4680404663086,4755.0,9.32267951965332,490.0,0.0,0.0,0.20928461849689484,11.0,0.0,0.0,12.762213706970215,18.303077697753906,10.434232711791992,10.434232711791992,0.33609580993652344,0.6209044456481934,84.98857879638672,4467.0,14.726027488708496,774.0,0.0,0.0,0.28538814187049866,15.0,0.0,0.0,14.167426109313965,20.134204864501953,11.510438919067383,11.510438919067383,0.19647151231765747,0.525745153427124,82.07762908935547,4314.0,17.57990837097168,924.0,0.0,0.0,0.34246575832366943,18.0,0.0,0.0,0.5,0.2719298303127289,0.25219297409057617,0.2399122714996338,0.23596492409706116
9,0.2384037872921974,10.588033676147461,15.907076835632324,8.698078155517578,8.698078155517578,0.4981319308280945,0.7245543599128723,89.13622283935547,18740.0,10.640220642089844,2237.0,0.0,0.0,0.22355404496192932,47.0,0.0,0.0,5.259332180023193,7.5251054763793945,4.435051918029785,4.435051918029785,0.8875143527984619,0.9428771734237671,98.97260284423828,5202.0,0.9893455505371094,52.0,0.0,0.0,0.038051750510931015,2.0,0.0,0.0,10.154640197753906,14.646137237548828,8.393484115600586,8.393484115600586,0.5745689868927002,0.7697802782058716,90.50608825683594,4757.0,9.284627914428711,488.0,0.0,0.0,0.20928461849689484,11.0,0.0,0.0,12.770284652709961,18.315994262695312,10.445906639099121,10.445906639099121,0.3351585268974304,0.6200487017631531,85.04566192626953,4470.0,14.630897521972656,769.0,0.0,0.0,0.3234398663043976,17.0,0.0,0.0,14.167875289916992,20.13772964477539,11.51787281036377,11.51787281036377,0.19619017839431763,0.5247371792793274,82.02054595947266,4311.0,17.6560115814209,928.0,0.0,0.0,0.3234398663043976,17.0,0.0,0.0,0.5714285714285714,0.2631579041481018,0.2477443516254425,0.2432330846786499,0.24586467444896698
10,0.23942357856339322,10.586104393005371,15.906455039978027,8.695338249206543,8.695338249206543,0.4981711506843567,0.7249236702919006,89.14098358154297,18741.0,10.640220642089844,2237.0,0.0,0.0,0.21879756450653076,46.0,0.0,0.0,5.2472310066223145,7.509408473968506,4.427989482879639,4.427989482879639,0.8879831433296204,0.9431194067001343,98.95357513427734,5201.0,1.008371353149414,53.0,0.0,0.0,0.038051750510931015,2.0,0.0,0.0,10.135599136352539,14.62608528137207,8.37706184387207,8.37706184387207,0.5757330656051636,0.7707540392875671,90.52511596679688,4758.0,9.26560115814209,487.0,0.0,0.0,0.20928461849689484,11.0,0.0,0.0,12.770256996154785,18.30687141418457,10.442882537841797,10.442882537841797,0.3358204960823059,0.6211144328117371,85.06468200683594,4471.0,14.630897521972656,769.0,0.0,0.0,0.3044140040874481,16.0,0.0,0.0,14.191329002380371,20.16447639465332,11.533415794372559,11.533415794372559,0.1940535306930542,0.5242310166358948,82.02054595947266,4311.0,17.6560115814209,928.0,0.0,0.0,0.3234398663043976,17.0,0.0,0.0,0.6428571428571429,0.25438597798347473,0.24329572916030884,0.24655388295650482,0.2557644248008728
11,0.2413686578081732,10.621755599975586,15.937536239624023,8.731656074523926,8.731656074523926,0.4962080717086792,0.7236226201057434,89.03633880615234,18719.0,10.740106582641602,2258.0,0.0,0.0,0.22355404496192932,47.0,0.0,0.0,5.2749528884887695,7.547420978546143,4.453197956085205,4.453197956085205,0.8868461847305298,0.9426285028457642,98.9345474243164,5200.0,1.0273972749710083,54.0,0.0,0.0,0.038051750510931015,2.0,0.0,0.0,10.170251846313477,14.66226577758789,8.411067962646484,8.411067962646484,0.5736315250396729,0.7694385051727295,90.42998504638672,4753.0,9.36073112487793,492.0,0.0,0.0,0.20928461849689484,11.0,0.0,0.0,12.804200172424316,18.334667205810547,10.482378959655762,10.482378959655762,0.3338022232055664,0.6192380785942078,84.87442779541016,4461.0,14.802130699157715,778.0,0.0,0.0,0.3234398663043976,17.0,0.0,0.0,14.237621307373047,20.196897506713867,11.579978942871094,11.579978942871094,0.19145971536636353,0.5218716859817505,81.90638732910156,4305.0,17.770166397094727,934.0,0.0,0.0,0.3234398663043976,17.0,0.0,0.0,0.7142857142857143,0.24561403691768646,0.23884710669517517,0.24987469613552094,0.26566416025161743
12,0.24314691612516165,10.632765769958496,15.960509300231934,8.736404418945312,8.736404418945312,0.4947546124458313,0.7225559949874878,89.0220718383789,18716.0,10.754375457763672,2261.0,0.0,0.0,0.22355404496192932,47.0,0.0,0.0,5.259446144104004,7.533588409423828,4.43809700012207,4.43809700012207,0.8872605562210083,0.942798376083374,99.01065063476562,5204.0,0.9512937664985657,50.0,0.0,0.0,0.038051750510931015,2.0,0.0,0.0,10.169896125793457,14.659344673156738,8.407066345214844,8.407066345214844,0.5738013982772827,0.7692945599555969,90.41095733642578,4752.0,9.379756927490234,493.0,0.0,0.0,0.20928461849689484,11.0,0.0,0.0,12.83328914642334,18.3742618560791,10.499863624572754,10.499863624572754,0.3309217095375061,0.6170982122421265,84.72222137451172,4453.0,14.954337120056152,786.0,0.0,0.0,0.3234398663043976,17.0,0.0,0.0,14.268434524536133,20.2407169342041,11.600590705871582,11.600590705871582,0.18794763088226318,0.5189497470855713,81.94444274902344,4307.0,17.732114791870117,932.0,0.0,0.0,0.3234398663043976,17.0,0.0,0.0,0.7857142857142857,0.23684212565422058,0.2343984991312027,0.25319552421569824,0.27556392550468445
13,0.24409139882262912,10.62287712097168,15.944488525390625,8.724882125854492,8.724882125854492,0.4957684874534607,0.723726212978363,89.08390045166016,18729.0,10.69254207611084,2248.0,0.0,0.0,0.22355404496192932,47.0,0.0,0.0,5.2526984214782715,7.511002540588379,4.4336957931518555,4.4336957931518555,0.8879355788230896,0.9432241916656494,99.0677261352539,5207.0,0.8942161798477173,47.0,0.0,0.0,0.038051750510931015,2.0,0.0,0.0,10.17110824584961,14.65627384185791,8.406514167785645,8.406514167785645,0.573979914188385,0.769890308380127,90.487060546875,4756.0,9.303653717041016,489.0,0.0,0.0,0.20928461849689484,11.0,0.0,0.0,12.817752838134766,18.356523513793945,10.481586456298828,10.481586456298828,0.3322128653526306,0.6188247799873352,84.779296875,4456.0,14.897259712219238,783.0,0.0,0.0,0.3234398663043976,17.0,0.0,0.0,14.24994945526123,20.21690559387207,11.577733039855957,11.577733039855957,0.18985706567764282,0.5216096639633179,82.00151824951172,4310.0,17.675037384033203,929.0,0.0,0.0,0.3234398663043976,17.0,0.0,0.0,0.8571428571428571,0.22807016968727112,0.22994986176490784,0.25651630759239197,0.2854636609554291
14,0.24750780897033847,10.632572174072266,15.948541641235352,8.732605934143066,8.732605934143066,0.49551206827163696,0.7228631377220154,89.1029281616211,18733.0,10.678272247314453,2245.0,0.0,0.0,0.21879756450653076,46.0,0.0,0.0,5.256250858306885,7.5004472732543945,4.436669826507568,4.436669826507568,0.8882502913475037,0.9432865381240845,99.12480926513672,5210.0,0.8371384739875793,44.0,0.0,0.0,0.038051750510931015,2.0,0.0,0.0,10.172650337219238,14.636192321777344,8.40569019317627,8.40569019317627,0.5751465559005737,0.769902229309082,90.41095733642578,4752.0,9.379756927490234,493.0,0.0,0.0,0.20928461849689484,11.0,0.0,0.0,12.830437660217285,18.361770629882812,10.490849494934082,10.490849494934082,0.33183103799819946,0.6174272894859314,84.87442779541016,4461.0,14.802130699157715,778.0,0.0,0.0,0.3234398663043976,17.0,0.0,0.0,14.270949363708496,20.243377685546875,11.59721565246582,11.59721565246582,0.18773400783538818,0.5185865163803101,82.00151824951172,4310.0,17.694063186645508,930.0,0.0,0.0,0.3044140040874481,16.0,0.0,0.0,0.9285714285714286,0.21929824352264404,0.22550123929977417,0.2598370909690857,0.2953633964061737
15,0.24966003388638291,10.645415306091309,15.963139533996582,8.746566772460938,8.746566772460938,0.49458813667297363,0.7235783338546753,89.06488037109375,18725.0,10.725836753845215,2255.0,0.0,0.0,0.20928461849689484,44.0,0.0,0.0,5.2597784996032715,7.5077595710754395,4.446987628936768,4.446987628936768,0.8880323171615601,0.9434975385665894,99.0677261352539,5207.0,0.8942161798477173,47.0,0.0,0.0,0.038051750510931015,2.0,0.0,0.0,10.197593688964844,14.662741661071777,8.431697845458984,8.431697845458984,0.5736038684844971,0.7703381180763245,90.44901275634766,4754.0,9.341705322265625,491.0,0.0,0.0,0.20928461849689484,11.0,0.0,0.0,12.848078727722168,18.383459091186523,10.506597518920898,10.506597518920898,0.3302517533302307,0.6182111501693726,84.74124908447266,4454.0,14.954337120056152,786.0,0.0,0.0,0.3044140040874481,16.0,0.0,0.0,14.276212692260742,20.247798919677734,11.600982666015625,11.600982666015625,0.18737930059432983,0.5198292136192322,82.00151824951172,4310.0,17.713088989257812,931.0,0.0,0.0,0.28538814187049866,15.0,0.0,0.0,1.0,0.21052631735801697,0.2210526168346405,0.2631579041481018,0.3052631616592407
16,0.24681338952485865,10.675782203674316,15.996664047241211,8.777544021606445,8.777544021606445,0.49246305227279663,0.7218039035797119,88.94120788574219,18699.0,10.849505424499512,2281.0,0.0,0.0,0.20928461849689484,44.0,0.0,0.0,5.275446891784668,7.533651828765869,4.461947441101074,4.461947441101074,0.8872586488723755,0.9429011940956116,98.95357513427734,5201.0,1.0273972749710083,54.0,0.0,0.0,0.019025875255465508,1.0,0.0,0.0,10.221811294555664,14.677877426147461,8.459702491760254,8.459702491760254,0.5727230310440063,0.7692089080810547,90.25875091552734,4744.0,9.531963348388672,501.0,0.0,0.0,0.20928461849689484,11.0,0.0,0.0,12.88670825958252,18.413284301757812,10.547342300415039,10.547342300415039,0.32807666063308716,0.6164070963859558,84.72222137451172,4453.0,14.954337120056152,786.0,0.0,0.0,0.3234398663043976,17.0,0.0,0.0,14.31916332244873,20.30586051940918,11.641183853149414,11.641183853149414,0.18271201848983765,0.5168205499649048,81.83028411865234,4301.0,17.884323120117188,940.0,0.0,0.0,0.28538814187049866,15.0,0.0,0.0,1.0,0.21052631735801697,0.2210526168346405,0.2631579041481018,0.3052631616592407
17,0.24735623553683633,10.668543815612793,15.977925300598145,8.770306587219238,8.770306587219238,0.49365144968032837,0.7221387028694153,89.0220718383789,18716.0,10.763888359069824,2263.0,0.0,0.0,0.2140410989522934,45.0,0.0,0.0,5.267614364624023,7.5373382568359375,4.451834678649902,4.451834678649902,0.8871483206748962,0.9427826404571533,98.97260284423828,5202.0,1.008371353149414,53.0,0.0,0.0,0.019025875255465508,1.0,0.0,0.0,10.20959186553955,14.659417152404785,8.446328163146973,8.446328163146973,0.5737972259521484,0.7694669961929321,90.23973083496094,4743.0,9.531963348388672,501.0,0.0,0.0,0.2283104956150055,12.0,0.0,0.0,12.885478973388672,18.391239166259766,10.546719551086426,10.546719551086426,0.3296847343444824,0.616929829120636,84.9124755859375,4463.0,14.78310489654541,777.0,0.0,0.0,0.3044140040874481,16.0,0.0,0.0,14.31148624420166,20.278776168823242,11.636343955993652,11.636343955993652,0.18489092588424683,0.5174309015274048,81.96347045898438,4308.0,17.732114791870117,932.0,0.0,0.0,0.3044140040874481,16.0,0.0,0.0,1.0,0.21052631735801697,0.2210526168346405,0.2631579041481018,0.3052631616592407
18,0.24600030681121646,10.669097900390625,15.9931001663208,8.76744270324707,8.76744270324707,0.4926891326904297,0.7219046354293823,88.98877716064453,18709.0,10.801939964294434,2271.0,0.0,0.0,0.20928461849689484,44.0,0.0,0.0,5.275505065917969,7.568717002868652,4.4598894119262695,4.4598894119262695,0.8862067461013794,0.942415177822113,98.89649963378906,5198.0,1.084474802017212,57.0,0.0,0.0,0.019025875255465508,1.0,0.0,0.0,10.214406967163086,14.681031227111816,8.447689056396484,8.447689056396484,0.5725394487380981,0.7690329551696777,90.16362762451172,4739.0,9.627092361450195,506.0,0.0,0.0,0.20928461849689484,11.0,0.0,0.0,12.876985549926758,18.406780242919922,10.533169746398926,10.533169746398926,0.32855141162872314,0.6164569854736328,84.95053100585938,4465.0,14.7450532913208,775.0,0.0,0.0,0.3044140040874481,16.0,0.0,0.0,14.309494972229004,20.285200119018555,11.629018783569336,11.629018783569336,0.18437433242797852,0.5173795819282532,81.94444274902344,4307.0,17.751140594482422,933.0,0.0,0.0,0.3044140040874481,16.0,0.0,0.0,1.0,0.21052631735801697,0.2210526168346405,0.2631579041481018,0.3052631616592407
step,fold7/test_loss,fold7/test_mae,fold7/test_rmse,fold7/test_mard,fold7/test_mape,fold7/test_r2,fold7/test_pearson,fold7/test_ega_zone_a_pct,fold7/test_ega_zone_a_count,fold7/test_ega_zone_b_pct,fold7/test_ega_zone_b_count,fold7/test_ega_zone_c_pct,fold7/test_ega_zone_c_count,fold7/test_ega_zone_d_pct,fold7/test_ega_zone_d_count,fold7/test_ega_zone_e_pct,fold7/test_ega_zone_e_count,fold7/test_horizon_15_mae,fold7/test_horizon_15_rmse,fold7/test_horizon_15_mard,fold7/test_horizon_15_mape,fold7/test_horizon_15_r2,fold7/test_horizon_15_pearson,fold7/test_horizon_15_ega_zone_a_pct,fold7/test_horizon_15_ega_zone_a_count,fold7/test_horizon_15_ega_zone_b_pct,fold7/test_horizon_15_ega_zone_b_count,fold7/test_horizon_15_ega_zone_c_pct,fold7/test_horizon_15_ega_zone_c_count,fold7/test_horizon_15_ega_zone_d_pct,fold7/test_horizon_15_ega_zone_d_count,fold7/test_horizon_15_ega_zone_e_pct,fold7/test_horizon_15_ega_zone_e_count,fold7/test_horizon_30_mae,fold7/test_horizon_30_rmse,fold7/test_horizon_30_mard,fold7/test_horizon_30_mape,fold7/test_horizon_30_r2,fold7/test_horizon_30_pearson,fold7/test_horizon_30_ega_zone_a_pct,fold7/test_horizon_30_ega_zone_a_count,fold7/test_horizon_30_ega_zone_b_pct,fold7/test_horizon_30_ega_zone_b_count,fold7/test_horizon_30_ega_zone_c_pct,fold7/test_horizon_30_ega_zone_c_count,fold7/test_horizon_30_ega_zone_d_pct,fold7/test_horizon_30_ega_zone_d_count,fold7/test_horizon_30_ega_zone_e_pct,fold7/test_horizon_30_ega_zone_e_count,fold7/test_horizon_45_mae,fold7/test_horizon_45_rmse,fold7/test_horizon_45_mard,fold7/test_horizon_45_mape,fold7/test_horizon_45_r2,fold7/test_horizon_45_pearson,fold7/test_horizon_45_ega_zone_a_pct,fold7/test_horizon_45_ega_zone_a_count,fold7/test_horizon_45_ega_zone_b_pct,fold7/test_horizon_45_ega_zone_b_count,fold7/test_horizon_45_ega_zone_c_pct,fold7/test_horizon_45_ega_zone_c_count,fold7/test_horizon_45_ega_zone_d_pct,fold7/test_horizon_45_ega_zone_d_count,fold7/test_horizon_45_ega_zone_e_pct,fold7/test_horizon_45_ega_zone_e_count,fold7/test_horizon_60_mae,fold7/test_horizon_60_rmse,fold7/test_horizon_60_mard,fold7/test_horizon_60_mape,fold7/test_horizon_60_r2,fold7/test_horizon_60_pearson,fold7/test_horizon_60_ega_zone_a_pct,fold7/test_horizon_60_ega_zone_a_count,fold7/test_horizon_60_ega_zone_b_pct,fold7/test_horizon_60_ega_zone_b_count,fold7/test_horizon_60_ega_zone_c_pct,fold7/test_horizon_60_ega_zone_c_count,fold7/test_horizon_60_ega_zone_d_pct,fold7/test_horizon_60_ega_zone_d_count,fold7/test_horizon_60_ega_zone_e_pct,fold7/test_horizon_60_ega_zone_e_count
0,0.2273229760759153,8.144525527954102,13.59575080871582,8.430841445922852,8.430841445922852,0.45918112993240356,0.702393114566803,89.17815399169922,6988.0,9.507402420043945,745.0,0.0,0.0,1.3144460916519165,103.0,0.0,0.0,3.8214364051818848,5.703771591186523,4.0373005867004395,4.0373005867004395,0.9056294560432434,0.9522594809532166,99.13220977783203,1942.0,0.8167432546615601,16.0,0.0,0.0,0.051046453416347504,1.0,0.0,0.0,7.460063934326172,11.737258911132812,7.7675580978393555,7.7675580978393555,0.5959283113479614,0.7823678255081177,91.67942810058594,1796.0,7.299643039703369,143.0,0.0,0.0,1.020928978919983,20.0,0.0,0.0,9.857743263244629,15.662090301513672,10.155579566955566,10.155579566955566,0.2799719572067261,0.5858165621757507,84.83920288085938,1662.0,13.425217628479004,263.0,0.0,0.0,1.7355793714523315,34.0,0.0,0.0,11.438859939575195,17.993900299072266,11.762927055358887,11.762927055358887,0.04981732368469238,0.42711567878723145,81.061767578125,1588.0,16.48800277709961,323.0,0.0,0.0,2.4502298831939697,48.0,0.0,0.0
step,fold8/train_loss,fold8/val_mae,fold8/val_rmse,fold8/val_mard,fold8/val_mape,fold8/val_r2,fold8/val_pearson,fold8/val_ega_zone_a_pct,fold8/val_ega_zone_a_count,fold8/val_ega_zone_b_pct,fold8/val_ega_zone_b_count,fold8/val_ega_zone_c_pct,fold8/val_ega_zone_c_count,fold8/val_ega_zone_d_pct,fold8/val_ega_zone_d_count,fold8/val_ega_zone_e_pct,fold8/val_ega_zone_e_count,fold8/val_horizon_15_mae,fold8/val_horizon_15_rmse,fold8/val_horizon_15_mard,fold8/val_horizon_15_mape,fold8/val_horizon_15_r2,fold8/val_horizon_15_pearson,fold8/val_horizon_15_ega_zone_a_pct,fold8/val_horizon_15_ega_zone_a_count,fold8/val_horizon_15_ega_zone_b_pct,fold8/val_horizon_15_ega_zone_b_count,fold8/val_horizon_15_ega_zone_c_pct,fold8/val_horizon_15_ega_zone_c_count,fold8/val_horizon_15_ega_zone_d_pct,fold8/val_horizon_15_ega_zone_d_count,fold8/val_horizon_15_ega_zone_e_pct,fold8/val_horizon_15_ega_zone_e_count,fold8/val_horizon_30_mae,fold8/val_horizon_30_rmse,fold8/val_horizon_30_mard,fold8/val_horizon_30_mape,fold8/val_horizon_30_r2,fold8/val_horizon_30_pearson,fold8/val_horizon_30_ega_zone_a_pct,fold8/val_horizon_30_ega_zone_a_count,fold8/val_horizon_30_ega_zone_b_pct,fold8/val_horizon_30_ega_zone_b_count,fold8/val_horizon_30_ega_zone_c_pct,fold8/val_horizon_30_ega_zone_c_count,fold8/val_horizon_30_ega_zone_d_pct,fold8/val_horizon_30_ega_zone_d_count,fold8/val_horizon_30_ega_zone_e_pct,fold8/val_horizon_30_ega_zone_e_count,fold8/val_horizon_45_mae,fold8/val_horizon_45_rmse,fold8/val_horizon_45_mard,fold8/val_horizon_45_mape,fold8/val_horizon_45_r2,fold8/val_horizon_45_pearson,fold8/val_horizon_45_ega_zone_a_pct,fold8/val_horizon_45_ega_zone_a_count,fold8/val_horizon_45_ega_zone_b_pct,fold8/val_horizon_45_ega_zone_b_count,fold8/val_horizon_45_ega_zone_c_pct,fold8/val_horizon_45_ega_zone_c_count,fold8/val_horizon_45_ega_zone_d_pct,fold8/val_horizon_45_ega_zone_d_count,fold8/val_horizon_45_ega_zone_e_pct,fold8/val_horizon_45_ega_zone_e_count,fold8/val_horizon_60_mae,fold8/val_horizon_60_rmse,fold8/val_horizon_60_mard,fold8/val_horizon_60_mape,fold8/val_horizon_60_r2,fold8/val_horizon_60_pearson,fold8/val_horizon_60_ega_zone_a_pct,fold8/val_horizon_60_ega_zone_a_count,fold8/val_horizon_60_ega_zone_b_pct,fold8/val_horizon_60_ega_zone_b_count,fold8/val_horizon_60_ega_zone_c_pct,fold8/val_horizon_60_ega_zone_c_count,fold8/val_horizon_60_ega_zone_d_pct,fold8/val_horizon_60_ega_zone_d_count,fold8/val_horizon_60_ega_zone_e_pct,fold8/val_horizon_60_ega_zone_e_count,fold8/diag_horizon_curriculum_progress,fold8/diag_loss_horizon_weight_0,fold8/diag_loss_horizon_weight_1,fold8/diag_loss_horizon_weight_2,fold8/diag_loss_horizon_weight_3
1,0.2522165222321932,9.296884536743164,14.927668571472168,7.809319972991943,7.809319972991943,0.5352707505226135,0.744893491268158,91.67742919921875,17041.0,8.30643367767334,1544.0,0.0,0.0,0.016139443963766098,3.0,0.0,0.0,5.190338134765625,8.052225112915039,4.448486804962158,4.448486804962158,0.8644878268241882,0.9298392534255981,98.27845764160156,4567.0,1.700021505355835,79.0,0.0,0.0,0.021519260480999947,1.0,0.0,0.0,8.864327430725098,13.744095802307129,7.478041172027588,7.478041172027588,0.6059621572494507,0.784043550491333,92.96320343017578,4320.0,7.0152788162231445,326.0,0.0,0.0,0.021519260480999947,1.0,0.0,0.0,10.794265747070312,16.78303337097168,8.979154586791992,8.979154586791992,0.41274112462997437,0.6740270256996155,89.28340911865234,4149.0,10.716590881347656,498.0,0.0,0.0,0.0,0.0,0.0,0.0,12.338606834411621,18.86617088317871,10.331598281860352,10.331598281860352,0.2592121958732605,0.5731923580169678,86.18463134765625,4005.0,13.793845176696777,641.0,0.0,0.0,0.021519260480999947,1.0,0.0,0.0,0.0,0.3333333432674408,0.28333333134651184,0.21666665375232697,0.1666666716337204
2,0.22908816859071715,8.649632453918457,14.047816276550293,7.271207332611084,7.271207332611084,0.5884395241737366,0.7770841121673584,92.59199523925781,17211.0,7.386486053466797,1373.0,0.0,0.0,0.021519260480999947,4.0,0.0,0.0,4.346949100494385,6.547605514526367,3.7643351554870605,3.7643351554870605,0.9103992581367493,0.9543525576591492,98.98859405517578,4600.0,0.9898859262466431,46.0,0.0,0.0,0.021519260480999947,1.0,0.0,0.0,8.024970054626465,12.422666549682617,6.774981498718262,6.774981498718262,0.6780893802642822,0.8276801705360413,94.34043884277344,4384.0,5.6165266036987305,261.0,0.0,0.0,0.04303852096199989,2.0,0.0,0.0,10.328435897827148,16.043684005737305,8.603371620178223,8.603371620178223,0.4633428454399109,0.7024317979812622,90.48848724365234,4205.0,9.511512756347656,442.0,0.0,0.0,0.0,0.0,0.0,0.0,11.898174285888672,18.296749114990234,9.942138671875,9.942138671875,0.3032546043395996,0.599065899848938,86.55046081542969,4022.0,13.428017616271973,624.0,0.0,0.0,0.021519260480999947,1.0,0.0,0.0,0.07142857142857142,0.3245614171028137,0.2788847088813782,0.21998745203018188,0.17656642198562622
3,0.22907031674875294,8.522998809814453,13.8284330368042,7.169085502624512,7.169085502624512,0.6011937856674194,0.7848293781280518,92.89864349365234,17268.0,7.079836845397949,1316.0,0.0,0.0,0.021519260480999947,4.0,0.0,0.0,4.204916000366211,6.224377632141113,3.6526713371276855,3.6526713371276855,0.9190273284912109,0.9589033722877502,99.22530364990234,4611.0,0.7531740665435791,35.0,0.0,0.0,0.021519260480999947,1.0,0.0,0.0,7.855931282043457,12.084577560424805,6.642550945281982,6.642550945281982,0.6953729391098022,0.838029146194458,94.74929809570312,4403.0,5.207660675048828,242.0,0.0,0.0,0.04303852096199989,2.0,0.0,0.0,10.221365928649902,15.844642639160156,8.526087760925293,8.526087760925293,0.476576030254364,0.7095335125923157,90.72520446777344,4216.0,9.274801254272461,431.0,0.0,0.0,0.0,0.0,0.0,0.0,11.809781074523926,18.140275955200195,9.855036735534668,9.855036735534668,0.3151206970214844,0.6067975759506226,86.89476776123047,4038.0,13.083709716796875,608.0,0.0,0.0,0.021519260480999947,1.0,0.0,0.0,0.14285714285714285,0.31578949093818665,0.2744360864162445,0.223308265209198,0.18646617233753204
4,0.22653476445699722,8.461338996887207,13.719457626342773,7.129051685333252,7.129051685333252,0.6074545383453369,0.7880993485450745,93.03852081298828,17294.0,6.939960956573486,1290.0,0.0,0.0,0.021519260480999947,4.0,0.0,0.0,4.144168376922607,6.072015285491943,3.6098413467407227,3.6098413467407227,0.9229429960250854,0.9608986377716064,99.37593841552734,4618.0,0.6025392413139343,28.0,0.0,0.0,0.021519260480999947,1.0,0.0,0.0,7.790836811065674,11.930237770080566,6.606801509857178,6.606801509857178,0.7031043767929077,0.8420416116714478,94.98600769042969,4414.0,4.970949172973633,231.0,0.0,0.0,0.04303852096199989,2.0,0.0,0.0,10.15691089630127,15.731244087219238,8.489773750305176,8.489773750305176,0.4840414524078369,0.7133234143257141,90.811279296875,4220.0,9.18872356414795,427.0,0.0,0.0,0.0,0.0,0.0,0.0,11.753439903259277,18.06161880493164,9.809792518615723,9.809792518615723,0.3210471272468567,0.6097403764724731,86.98085021972656,4042.0,12.99763298034668,604.0,0.0,0.0,0.021519260480999947,1.0,0.0,0.0,0.21428571428571427,0.30701756477355957,0.26998746395111084,0.22662906348705292,0.19636592268943787
5,0.22530462000397053,8.43576431274414,13.660650253295898,7.112029075622559,7.112029075622559,0.6108125448226929,0.7897846102714539,93.11383819580078,17308.0,6.8646440505981445,1276.0,0.0,0.0,0.021519260480999947,4.0,0.0,0.0,4.112768650054932,5.987077236175537,3.5807104110717773,3.5807104110717773,0.9250836968421936,0.9619950652122498,99.48353576660156,4623.0,0.49494296312332153,23.0,0.0,0.0,0.021519260480999947,1.0,0.0,0.0,7.76403284072876,11.85444450378418,6.586284160614014,6.586284160614014,0.7068647742271423,0.8441810011863708,95.07209014892578,4418.0,4.884871959686279,227.0,0.0,0.0,0.04303852096199989,2.0,0.0,0.0,10.13380241394043,15.670924186706543,8.480265617370605,8.480265617370605,0.4879905581474304,0.715100884437561,90.91887664794922,4225.0,9.081127166748047,422.0,0.0,0.0,0.0,0.0,0.0,0.0,11.732451438903809,18.013959884643555,9.800857543945312,9.800857543945312,0.3246254324913025,0.6109873056411743,86.98085021972656,4042.0,12.99763298034668,604.0,0.0,0.0,0.021519260480999947,1.0,0.0,0.0,0.2857142857142857,0.2982456088066101,0.2655388414859772,0.22994986176490784,0.2062656730413437
6,0.22603525893723467,8.406049728393555,13.614212036132812,7.086542129516602,7.086542129516602,0.6134541034698486,0.7918190956115723,93.19453430175781,17323.0,6.783946514129639,1261.0,0.0,0.0,0.021519260480999947,4.0,0.0,0.0,4.0997185707092285,5.942580223083496,3.5690042972564697,3.5690042972564697,0.926193118095398,0.9626931548118591,99.52658081054688,4625.0,0.45190444588661194,21.0,0.0,0.0,0.021519260480999947,1.0,0.0,0.0,7.731518745422363,11.792257308959961,6.561634063720703,6.561634063720703,0.7099322080612183,0.8462889194488525,95.15816497802734,4422.0,4.798794746398926,223.0,0.0,0.0,0.04303852096199989,2.0,0.0,0.0,10.096787452697754,15.621397018432617,8.450643539428711,8.450643539428711,0.49122190475463867,0.7174270153045654,90.98342895507812,4228.0,9.016570091247559,419.0,0.0,0.0,0.0,0.0,0.0,0.0,11.69617748260498,17.971851348876953,9.764887809753418,9.764887809753418,0.3277791738510132,0.6137194633483887,87.1099624633789,4048.0,12.868517875671387,598.0,0.0,0.0,0.021519260480999947,1.0,0.0,0.0,0.35714285714285715,0.28947368264198303,0.2610902190208435,0.23327067494392395,0.2161654233932495
7,0.22728684562833584,8.388392448425293,13.579505920410156,7.075496196746826,7.075496196746826,0.6154224276542664,0.7927736043930054,93.21605682373047,17327.0,6.76242733001709,1257.0,0.0,0.0,0.021519260480999947,4.0,0.0,0.0,4.083243370056152,5.896149635314941,3.5572941303253174,3.5572941303253174,0.9273419976234436,0.9632850289344788,99.548095703125,4626.0,0.43038520216941833,20.0,0.0,0.0,0.021519260480999947,1.0,0.0,0.0,7.719460964202881,11.760009765625,6.554793357849121,6.554793357849121,0.7115164995193481,0.8470830321311951,95.11512756347656,4420.0,4.841833591461182,225.0,0.0,0.0,0.04303852096199989,2.0,0.0,0.0,10.077082633972168,15.585418701171875,8.438401222229004,8.438401222229004,0.4935626983642578,0.7186263203620911,91.06950378417969,4232.0,8.930493354797363,415.0,0.0,0.0,0.0,0.0,0.0,0.0,11.673782348632812,17.9344425201416,9.751496315002441,9.751496315002441,0.33057475090026855,0.6147727370262146,87.13148498535156,4049.0,12.846997261047363,597.0,0.0,0.0,0.021519260480999947,1.0,0.0,0.0,0.42857142857142855,0.28070175647735596,0.25664159655570984,0.23659147322177887,0.22606515884399414
8,0.2291685731278854,8.380831718444824,13.55630874633789,7.070298671722412,7.070298671722412,0.6167352199554443,0.7933713793754578,93.31826782226562,17346.0,6.660211086273193,1238.0,0.0,0.0,0.021519260480999947,4.0,0.0,0.0,4.077992916107178,5.860576629638672,3.556544780731201,3.556544780731201,0.9282160401344299,0.9636832475662231,99.56961059570312,4627.0,0.40886592864990234,19.0,0.0,0.0,0.021519260480999947,1.0,0.0,0.0,7.7246012687683105,11.738531112670898,6.562887191772461,6.562887191772461,0.7125693559646606,0.8475753664970398,95.28728485107422,4428.0,4.669679164886475,217.0,0.0,0.0,0.04303852096199989,2.0,0.0,0.0,10.068360328674316,15.558798789978027,8.433477401733398,8.433477401733398,0.49529123306274414,0.7194953560829163,91.06950378417969,4232.0,8.930493354797363,415.0,0.0,0.0,0.0,0.0,0.0,0.0,11.652369499206543,17.913076400756836,9.728286743164062,9.728286743164062,0.33216893672943115,0.6155993342399597,87.34667205810547,4059.0,12.631805419921875,587.0,0.0,0.0,0.021519260480999947,1.0,0.0,0.0,0.5,0.2719298303127289,0.25219297409057617,0.2399122714996338,0.23596492409706116
9,0.23048058347081882,8.376936912536621,13.537349700927734,7.071436882019043,7.071436882019043,0.6178064346313477,0.7938283085823059,93.29137420654297,17341.0,6.68710994720459,1243.0,0.0,0.0,0.021519260480999947,4.0,0.0,0.0,4.070027828216553,5.844717502593994,3.5506386756896973,3.5506386756896973,0.928604006767273,0.9638482928276062,99.548095703125,4626.0,0.43038520216941833,20.0,0.0,0.0,0.021519260480999947,1.0,0.0,0.0,7.723696708679199,11.726971626281738,6.564940452575684,6.564940452575684,0.7131351232528687,0.8478526473045349,95.17967987060547,4423.0,4.777275562286377,222.0,0.0,0.0,0.04303852096199989,2.0,0.0,0.0,10.06747817993164,15.538525581359863,8.438448905944824,8.438448905944824,0.49660569429397583,0.7201785445213318,91.15558624267578,4236.0,8.844415664672852,411.0,0.0,0.0,0.0,0.0,0.0,0.0,11.64654541015625,17.88605499267578,9.731719017028809,9.731719017028809,0.33418214321136475,0.6164457201957703,87.28211212158203,4056.0,12.69636344909668,590.0,0.0,0.0,0.021519260480999947,1.0,0.0,0.0,0.5714285714285714,0.2631579041481018,0.2477443516254425,0.2432330846786499,0.24586467444896698
10,0.2323921125735447,8.376745223999023,13.534473419189453,7.072378635406494,7.072378635406494,0.6179689168930054,0.793708086013794,93.31826782226562,17346.0,6.660211086273193,1238.0,0.0,0.0,0.021519260480999947,4.0,0.0,0.0,4.055510520935059,5.834297180175781,3.538625955581665,3.538625955581665,0.9288583993911743,0.963952898979187,99.548095703125,4626.0,0.43038520216941833,20.0,0.0,0.0,0.021519260480999947,1.0,0.0,0.0,7.712023735046387,11.709522247314453,6.556711196899414,6.556711196899414,0.713988184928894,0.848286509513855,95.22272491455078,4425.0,4.734237194061279,220.0,0.0,0.0,0.04303852096199989,2.0,0.0,0.0,10.07494831085205,15.533998489379883,8.4500150680542,8.4500150680542,0.49689894914627075,0.7197858691215515,91.09102630615234,4233.0,8.908973693847656,414.0,0.0,0.0,0.0,0.0,0.0,0.0,11.664498329162598,17.89611053466797,9.74416446685791,9.74416446685791,0.33343327045440674,0.6154130101203918,87.4112319946289,4062.0,12.56724739074707,584.0,0.0,0.0,0.021519260480999947,1.0,0.0,0.0,0.6428571428571429,0.25438597798347473,0.24329572916030884,0.24655388295650482,0.2557644248008728
11,0.23533836854801662,8.341849327087402,13.491637229919434,7.037544250488281,7.037544250488281,0.6203832626342773,0.7956074476242065,93.38282775878906,17358.0,6.595653533935547,1226.0,0.0,0.0,0.021519260480999947,4.0,0.0,0.0,4.031496047973633,5.799477577209473,3.5163023471832275,3.5163023471832275,0.929705023765564,0.9644822478294373,99.59113311767578,4628.0,0.38734668493270874,18.0,0.0,0.0,0.021519260480999947,1.0,0.0,0.0,7.676410675048828,11.664656639099121,6.520204067230225,6.520204067230225,0.7161757349967957,0.8498975038528442,95.22272491455078,4425.0,4.734237194061279,220.0,0.0,0.0,0.04303852096199989,2.0,0.0,0.0,10.032312393188477,15.484413146972656,8.404986381530762,8.404986381530762,0.500105619430542,0.7225450873374939,91.3277359008789,4244.0,8.672262191772461,403.0,0.0,0.0,0.0,0.0,0.0,0.0,11.627179145812988,17.850263595581055,9.7086820602417,9.7086820602417,0.336844265460968,0.6183198094367981,87.38971710205078,4061.0,12.588766098022461,585.0,0.0,0.0,0.021519260480999947,1.0,0.0,0.0,0.7142857142857143,0.24561403691768646,0.23884710669517517,0.24987469613552094,0.26566416025161743
12,0.23693466485264422,8.336297988891602,13.485042572021484,7.030144214630127,7.030144214630127,0.6207543015480042,0.7955430746078491,93.43124389648438,17367.0,6.547235012054443,1217.0,0.0,0.0,0.021519260480999947,4.0,0.0,0.0,4.030333042144775,5.800100326538086,3.513842821121216,3.513842821121216,0.9296899437904358,0.9644224643707275,99.59113311767578,4628.0,0.38734668493270874,18.0,0.0,0.0,0.021519260480999947,1.0,0.0,0.0,7.681451797485352,11.660822868347168,6.523285865783691,6.523285865783691,0.7163622379302979,0.8497598171234131,95.26576232910156,4427.0,4.691198348999023,218.0,0.0,0.0,0.04303852096199989,2.0,0.0,0.0,10.020237922668457,15.479085922241211,8.391256332397461,8.391256332397461,0.500449538230896,0.7223976254463196,91.41381072998047,4248.0,8.58618450164795,399.0,0.0,0.0,0.0,0.0,0.0,0.0,11.61316967010498,17.837249755859375,9.692194938659668,9.692194938659668,0.337810754776001,0.6184333562850952,87.45426940917969,4064.0,12.524208068847656,582.0,0.0,0.0,0.021519260480999947,1.0,0.0,0.0,0.7857142857142857,0.23684212565422058,0.2343984991312027,0.25319552421569824,0.27556392550468445
13,0.23845100451009044,8.343213081359863,13.469671249389648,7.043753623962402,7.043753623962402,0.621618390083313,0.7957581877708435,93.37744903564453,17357.0,6.601032733917236,1227.0,0.0,0.0,0.021519260480999947,4.0,0.0,0.0,4.022143840789795,5.777008056640625,3.511526107788086,3.511526107788086,0.9302486777305603,0.964728832244873,99.56961059570312,4627.0,0.40886592864990234,19.0,0.0,0.0,0.021519260480999947,1.0,0.0,0.0,7.68995475769043,11.63841724395752,6.542462348937988,6.542462348937988,0.7174512147903442,0.8501128554344177,95.17967987060547,4423.0,4.777275562286377,222.0,0.0,0.0,0.04303852096199989,2.0,0.0,0.0,10.032391548156738,15.455820083618164,8.409956932067871,8.409956932067871,0.5019501447677612,0.7226987481117249,91.3277359008789,4244.0,8.672262191772461,403.0,0.0,0.0,0.0,0.0,0.0,0.0,11.628363609313965,17.833093643188477,9.711071968078613,9.711071968078613,0.3381192684173584,0.6176614165306091,87.43275451660156,4063.0,12.54572868347168,583.0,0.0,0.0,0.021519260480999947,1.0,0.0,0.0,0.8571428571428571,0.22807016968727112,0.22994986176490784,0.25651630759239197,0.2854636609554291
14,0.2409007077332408,8.327179908752441,13.450063705444336,7.033318996429443,7.033318996429443,0.6227191686630249,0.7965657711029053,93.37744903564453,17357.0,6.601032733917236,1227.0,0.0,0.0,0.021519260480999947,4.0,0.0,0.0,4.009947776794434,5.762261390686035,3.501436471939087,3.501436471939087,0.9306043386459351,0.9649215936660767,99.548095703125,4626.0,0.43038520216941833,20.0,0.0,0.0,0.021519260480999947,1.0,0.0,0.0,7.6736907958984375,11.615254402160645,6.532286167144775,6.532286167144775,0.7185747623443604,0.8508373498916626,95.30879974365234,4429.0,4.648159980773926,216.0,0.0,0.0,0.04303852096199989,2.0,0.0,0.0,10.014120101928711,15.433104515075684,8.39934253692627,8.39934253692627,0.5034130811691284,0.7239482402801514,91.37078094482422,4246.0,8.629222869873047,401.0,0.0,0.0,0.0,0.0,0.0,0.0,11.610960006713867,17.813432693481445,9.700211524963379,9.700211524963379,0.3395780324935913,0.6193122863769531,87.28211212158203,4056.0,12.69636344909668,590.0,0.0,0.0,0.021519260480999947,1.0,0.0,0.0,0.9285714285714286,0.21929824352264404,0.22550123929977417,0.2598370909690857,0.2953633964061737
15,0.24316067720710324,8.330659866333008,13.442363739013672,7.037332534790039,7.037332534790039,0.6231510639190674,0.7965261936187744,93.43663024902344,17368.0,6.5418548583984375,1216.0,0.0,0.0,0.021519260480999947,4.0,0.0,0.0,4.0185747146606445,5.766899585723877,3.5071399211883545,3.5071399211883545,0.9304925203323364,0.9648408889770508,99.59113311767578,4628.0,0.38734668493270874,18.0,0.0,0.0,0.021519260480999947,1.0,0.0,0.0,7.678156852722168,11.612418174743652,6.5357184410095215,6.5357184410095215,0.7187122106552124,0.8507815599441528,95.26576232910156,4427.0,4.691198348999023,218.0,0.0,0.0,0.04303852096199989,2.0,0.0,0.0,10.01956844329834,15.428755760192871,8.408321380615234,8.408321380615234,0.5036928653717041,0.7234235405921936,91.45685577392578,4250.0,8.543146133422852,397.0,0.0,0.0,0.0,0.0,0.0,0.0,11.606340408325195,17.794286727905273,9.698148727416992,9.698148727416992,0.3409968614578247,0.6195208430290222,87.43275451660156,4063.0,12.54572868347168,583.0,0.0,0.0,0.021519260480999947,1.0,0.0,0.0,1.0,0.21052631735801697,0.2210526168346405,0.2631579041481018,0.3052631616592407
16,0.24112722805449663,8.327099800109863,13.435196876525879,7.033097743988037,7.033097743988037,0.6235527992248535,0.7970454692840576,93.42048645019531,17365.0,6.557994365692139,1219.0,0.0,0.0,0.021519260480999947,4.0,0.0,0.0,4.021452903747559,5.752731800079346,3.5106818675994873,3.5106818675994873,0.930833637714386,0.9650691747665405,99.548095703125,4626.0,0.43038520216941833,20.0,0.0,0.0,0.021519260480999947,1.0,0.0,0.0,7.678431510925293,11.60466194152832,6.534768104553223,6.534768104553223,0.7190878391265869,0.851250171661377,95.26576232910156,4427.0,4.691198348999023,218.0,0.0,0.0,0.04303852096199989,2.0,0.0,0.0,10.012314796447754,15.419449806213379,8.39842700958252,8.39842700958252,0.5042913556098938,0.7242438197135925,91.45685577392578,4250.0,8.543146133422852,397.0,0.0,0.0,0.0,0.0,0.0,0.0,11.59620475769043,17.79034996032715,9.688514709472656,9.688514709472656,0.3412885069847107,0.6200207471847534,87.4112319946289,4062.0,12.56724739074707,584.0,0.0,0.0,0.021519260480999947,1.0,0.0,0.0,1.0,0.21052631735801697,0.2210526168346405,0.2631579041481018,0.3052631616592407
17,0.24037909579092595,8.325925827026367,13.41757583618164,7.036866188049316,7.036866188049316,0.6245396137237549,0.7976576089859009,93.44200134277344,17369.0,6.536474704742432,1215.0,0.0,0.0,0.021519260480999947,4.0,0.0,0.0,4.004664421081543,5.735054969787598,3.496440887451172,3.496440887451172,0.9312580823898315,0.9652721881866455,99.548095703125,4626.0,0.43038520216941833,20.0,0.0,0.0,0.021519260480999947,1.0,0.0,0.0,7.68699312210083,11.595616340637207,6.545592784881592,6.545592784881592,0.7195255756378174,0.8515154719352722,95.22272491455078,4425.0,4.734237194061279,220.0,0.0,0.0,0.04303852096199989,2.0,0.0,0.0,10.016430854797363,15.402403831481934,8.409140586853027,8.409140586853027,0.5053867697715759,0.7251347303390503,91.39229583740234,4247.0,8.607704162597656,400.0,0.0,0.0,0.0,0.0,0.0,0.0,11.59561824798584,17.763504028320312,9.696290969848633,9.696290969848633,0.34327489137649536,0.6215863227844238,87.60490417480469,4071.0,12.373574256896973,575.0,0.0,0.0,0.021519260480999947,1.0,0.0,0.0,1.0,0.21052631735801697,0.2210526168346405,0.2631579041481018,0.3052631616592407
18,0.23902556983124096,8.325543403625488,13.423643112182617,7.032259464263916,7.032259464263916,0.6241999864578247,0.7976682782173157,93.45276641845703,17371.0,6.525715351104736,1213.0,0.0,0.0,0.021519260480999947,4.0,0.0,0.0,4.00813102722168,5.740243911743164,3.4981765747070312,3.4981765747070312,0.9311336278915405,0.9652330279350281,99.548095703125,4626.0,0.43038520216941833,20.0,0.0,0.0,0.021519260480999947,1.0,0.0,0.0,7.6855549812316895,11.598319053649902,6.538827896118164,6.538827896118164,0.7193948030471802,0.8516123294830322,95.13665008544922,4421.0,4.820313930511475,224.0,0.0,0.0,0.04303852096199989,2.0,0.0,0.0,10.014662742614746,15.406868934631348,8.402254104614258,8.402254104614258,0.5050999522209167,0.7252963185310364,91.52141571044922,4253.0,8.478589057922363,394.0,0.0,0.0,0.0,0.0,0.0,0.0,11.593826293945312,17.774526596069336,9.689779281616211,9.689779281616211,0.3424597382545471,0.6214086413383484,87.60490417480469,4071.0,12.373574256896973,575.0,0.0,0.0,0.021519260480999947,1.0,0.0,0.0,1.0,0.21052631735801697,0.2210526168346405,0.2631579041481018,0.3052631616592407
19,0.2380594762543057,8.35397720336914,13.441398620605469,7.06003999710083,7.06003999710083,0.6232051849365234,0.797200620174408,93.41510772705078,17364.0,6.5633745193481445,1220.0,0.0,0.0,0.021519260480999947,4.0,0.0,0.0,4.020196914672852,5.747662544250488,3.5083162784576416,3.5083162784576416,0.9309555292129517,0.9652381539344788,99.56961059570312,4627.0,0.40886592864990234,19.0,0.0,0.0,0.021519260480999947,1.0,0.0,0.0,7.724671363830566,11.625069618225098,6.574679851531982,6.574679851531982,0.7180989384651184,0.8509564399719238,95.20120239257812,4424.0,4.755756378173828,221.0,0.0,0.0,0.04303852096199989,2.0,0.0,0.0,10.049753189086914,15.430837631225586,8.437438011169434,8.437438011169434,0.5035589337348938,0.7244025468826294,91.43533325195312,4249.0,8.564664840698242,398.0,0.0,0.0,0.0,0.0,0.0,0.0,11.621289253234863,17.78753089904785,9.719727516174316,9.719727516174316,0.34149718284606934,0.6206222176551819,87.45426940917969,4064.0,12.524208068847656,582.0,0.0,0.0,0.021519260480999947,1.0,0.0,0.0,1.0,0.21052631735801697,0.2210526168346405,0.2631579041481018,0.3052631616592407
20,0.2377772758595817,8.36007308959961,13.432711601257324,7.063284397125244,7.063284397125244,0.6236920356750488,0.7973546981811523,93.44200134277344,17369.0,6.536474704742432,1215.0,0.0,0.0,0.021519260480999947,4.0,0.0,0.0,4.036264896392822,5.758958339691162,3.5232276916503906,3.5232276916503906,0.9306838512420654,0.9650458693504333,99.548095703125,4626.0,0.43038520216941833,20.0,0.0,0.0,0.021519260480999947,1.0,0.0,0.0,7.732517242431641,11.62724781036377,6.583984851837158,6.583984851837158,0.7179932594299316,0.8508047461509705,95.13665008544922,4421.0,4.820313930511475,224.0,0.0,0.0,0.04303852096199989,2.0,0.0,0.0,10.05555534362793,15.422977447509766,8.440189361572266,8.440189361572266,0.5040645599365234,0.7245509028434753,91.4783706665039,4251.0,8.521626472473145,396.0,0.0,0.0,0.0,0.0,0.0,0.0,11.615950584411621,17.763004302978516,9.705737113952637,9.705737113952637,0.34331196546554565,0.6216433644294739,87.60490417480469,4071.0,12.373574256896973,575.0,0.0,0.0,0.021519260480999947,1.0,0.0,0.0,1.0,0.21052631735801697,0.2210526168346405,0.2631579041481018,0.3052631616592407
21,0.2362739413770766,8.368976593017578,13.442598342895508,7.074466228485107,7.074466228485107,0.623137891292572,0.7969887852668762,93.50119018554688,17380.0,6.477297306060791,1204.0,0.0,0.0,0.021519260480999947,4.0,0.0,0.0,4.033965110778809,5.759458541870117,3.5203044414520264,3.5203044414520264,0.9306718111038208,0.965093731880188,99.56961059570312,4627.0,0.40886592864990234,19.0,0.0,0.0,0.021519260480999947,1.0,0.0,0.0,7.736891746520996,11.641576766967773,6.589059352874756,6.589059352874756,0.7172977924346924,0.8504396677017212,95.22272491455078,4425.0,4.734237194061279,220.0,0.0,0.0,0.04303852096199989,2.0,0.0,0.0,10.070658683776855,15.437617301940918,8.457466125488281,8.457466125488281,0.5031225681304932,0.7237297296524048,91.52141571044922,4253.0,8.478589057922363,394.0,0.0,0.0,0.0,0.0,0.0,0.0,11.634391784667969,17.77065086364746,9.731035232543945,9.731035232543945,0.342746376991272,0.6207641959190369,87.69098663330078,4075.0,12.287497520446777,571.0,0.0,0.0,0.021519260480999947,1.0,0.0,0.0,1.0,0.21052631735801697,0.2210526168346405,0.2631579041481018,0.3052631616592407
22,0.23512394628182343,8.375232696533203,13.440383911132812,7.079020977020264,7.079020977020264,0.6232620477676392,0.7970534563064575,93.45814514160156,17372.0,6.5203351974487305,1212.0,0.0,0.0,0.021519260480999947,4.0,0.0,0.0,4.041696071624756,5.771605491638184,3.5259366035461426,3.5259366035461426,0.9303790330886841,0.9649100303649902,99.52658081054688,4625.0,0.45190444588661194,21.0,0.0,0.0,0.021519260480999947,1.0,0.0,0.0,7.744915008544922,11.643807411193848,6.591372966766357,6.591372966766357,0.7171894311904907,0.8504582643508911,95.20120239257812,4424.0,4.755756378173828,221.0,0.0,0.0,0.04303852096199989,2.0,0.0,0.0,10.072513580322266,15.431129455566406,8.45703411102295,8.45703411102295,0.5035401582717896,0.7240608930587769,91.45685577392578,4250.0,8.543146133422852,397.0,0.0,0.0,0.0,0.0,0.0,0.0,11.641806602478027,17.764184951782227,9.741740226745605,9.741740226745605,0.34322458505630493,0.6209998726844788,87.64794158935547,4073.0,12.330535888671875,573.0,0.0,0.0,0.021519260480999947,1.0,0.0,0.0,1.0,0.21052631735801697,0.2210526168346405,0.2631579041481018,0.3052631616592407
23,0.23408956717633972,8.380830764770508,13.437498092651367,7.086684703826904,7.086684703826904,0.6234238147735596,0.797396719455719,93.45276641845703,17371.0,6.525715351104736,1213.0,0.0,0.0,0.021519260480999947,4.0,0.0,0.0,4.045337677001953,5.761812686920166,3.5307090282440186,3.5307090282440186,0.9306151270866394,0.9650744795799255,99.548095703125,4626.0,0.43038520216941833,20.0,0.0,0.0,0.021519260480999947,1.0,0.0,0.0,7.74953031539917,11.637359619140625,6.5997748374938965,6.5997748374938965,0.7175025939941406,0.8507888317108154,95.20120239257812,4424.0,4.755756378173828,221.0,0.0,0.0,0.04303852096199989,2.0,0.0,0.0,10.081158638000488,15.42941951751709,8.467808723449707,8.467808723449707,0.5036501884460449,0.7245718240737915,91.41381072998047,4248.0,8.58618450164795,399.0,0.0,0.0,0.0,0.0,0.0,0.0,11.647298812866211,17.764341354370117,9.748445510864258,9.748445510864258,0.34321296215057373,0.6217198967933655,87.64794158935547,4073.0,12.330535888671875,573.0,0.0,0.0,0.021519260480999947,1.0,0.0,0.0,1.0,0.21052631735801697,0.2210526168346405,0.2631579041481018,0.3052631616592407
24,0.23347158420522654,8.398604393005371,13.45481014251709,7.105246067047119,7.105246067047119,0.6224528551101685,0.796988308429718,93.34516906738281,17351.0,6.6333112716674805,1233.0,0.0,0.0,0.021519260480999947,4.0,0.0,0.0,4.046778202056885,5.762502193450928,3.5333447456359863,3.5333447456359863,0.9305984973907471,0.9651005268096924,99.52658081054688,4625.0,0.45190444588661194,21.0,0.0,0.0,0.021519260480999947,1.0,0.0,0.0,7.765932559967041,11.652555465698242,6.615540504455566,6.615540504455566,0.7167643308639526,0.8505312204360962,95.07209014892578,4418.0,4.884871959686279,227.0,0.0,0.0,0.04303852096199989,2.0,0.0,0.0,10.106966018676758,15.456012725830078,8.494095802307129,8.494095802307129,0.501937747001648,0.7237460613250732,91.22013854980469,4239.0,8.779857635498047,408.0,0.0,0.0,0.0,0.0,0.0,0.0,11.674739837646484,17.7834415435791,9.778006553649902,9.778006553649902,0.34179991483688354,0.6210331916809082,87.5618667602539,4069.0,12.41661262512207,577.0,0.0,0.0,0.021519260480999947,1.0,0.0,0.0,1.0,0.21052631735801697,0.2210526168346405,0.2631579041481018,0.3052631616592407
25,0.23319393733507907,8.40256118774414,13.468338012695312,7.107450008392334,7.107450008392334,0.6216933131217957,0.7966849207878113,93.30751037597656,17344.0,6.670970439910889,1240.0,0.0,0.0,0.021519260480999947,4.0,0.0,0.0,4.037721633911133,5.7596869468688965,3.524003267288208,3.524003267288208,0.9306663274765015,0.9651837944984436,99.52658081054688,4625.0,0.45190444588661194,21.0,0.0,0.0,0.021519260480999947,1.0,0.0,0.0,7.764380931854248,11.655365943908691,6.612723350524902,6.612723350524902,0.7166276574134827,0.8505723476409912,95.07209014892578,4418.0,4.884871959686279,227.0,0.0,0.0,0.04303852096199989,2.0,0.0,0.0,10.114957809448242,15.473762512207031,8.500519752502441,8.500519752502441,0.5007930994033813,0.7232062816619873,91.13406372070312,4235.0,8.865935325622559,412.0,0.0,0.0,0.0,0.0,0.0,0.0,11.693182945251465,17.808019638061523,9.79255199432373,9.79255199432373,0.33997923135757446,0.6199630498886108,87.497314453125,4066.0,12.481170654296875,580.0,0.0,0.0,0.021519260480999947,1.0,0.0,0.0,1.0,0.21052631735801697,0.2210526168346405,0.2631579041481018,0.3052631616592407
step,fold8/test_loss,fold8/test_mae,fold8/test_rmse,fold8/test_mard,fold8/test_mape,fold8/test_r2,fold8/test_pearson,fold8/test_ega_zone_a_pct,fold8/test_ega_zone_a_count,fold8/test_ega_zone_b_pct,fold8/test_ega_zone_b_count,fold8/test_ega_zone_c_pct,fold8/test_ega_zone_c_count,fold8/test_ega_zone_d_pct,fold8/test_ega_zone_d_count,fold8/test_ega_zone_e_pct,fold8/test_ega_zone_e_count,fold8/test_horizon_15_mae,fold8/test_horizon_15_rmse,fold8/test_horizon_15_mard,fold8/test_horizon_15_mape,fold8/test_horizon_15_r2,fold8/test_horizon_15_pearson,fold8/test_horizon_15_ega_zone_a_pct,fold8/test_horizon_15_ega_zone_a_count,fold8/test_horizon_15_ega_zone_b_pct,fold8/test_horizon_15_ega_zone_b_count,fold8/test_horizon_15_ega_zone_c_pct,fold8/test_horizon_15_ega_zone_c_count,fold8/test_horizon_15_ega_zone_d_pct,fold8/test_horizon_15_ega_zone_d_count,fold8/test_horizon_15_ega_zone_e_pct,fold8/test_horizon_15_ega_zone_e_count,fold8/test_horizon_30_mae,fold8/test_horizon_30_rmse,fold8/test_horizon_30_mard,fold8/test_horizon_30_mape,fold8/test_horizon_30_r2,fold8/test_horizon_30_pearson,fold8/test_horizon_30_ega_zone_a_pct,fold8/test_horizon_30_ega_zone_a_count,fold8/test_horizon_30_ega_zone_b_pct,fold8/test_horizon_30_ega_zone_b_count,fold8/test_horizon_30_ega_zone_c_pct,fold8/test_horizon_30_ega_zone_c_count,fold8/test_horizon_30_ega_zone_d_pct,fold8/test_horizon_30_ega_zone_d_count,fold8/test_horizon_30_ega_zone_e_pct,fold8/test_horizon_30_ega_zone_e_count,fold8/test_horizon_45_mae,fold8/test_horizon_45_rmse,fold8/test_horizon_45_mard,fold8/test_horizon_45_mape,fold8/test_horizon_45_r2,fold8/test_horizon_45_pearson,fold8/test_horizon_45_ega_zone_a_pct,fold8/test_horizon_45_ega_zone_a_count,fold8/test_horizon_45_ega_zone_b_pct,fold8/test_horizon_45_ega_zone_b_count,fold8/test_horizon_45_ega_zone_c_pct,fold8/test_horizon_45_ega_zone_c_count,fold8/test_horizon_45_ega_zone_d_pct,fold8/test_horizon_45_ega_zone_d_count,fold8/test_horizon_45_ega_zone_e_pct,fold8/test_horizon_45_ega_zone_e_count,fold8/test_horizon_60_mae,fold8/test_horizon_60_rmse,fold8/test_horizon_60_mard,fold8/test_horizon_60_mape,fold8/test_horizon_60_r2,fold8/test_horizon_60_pearson,fold8/test_horizon_60_ega_zone_a_pct,fold8/test_horizon_60_ega_zone_a_count,fold8/test_horizon_60_ega_zone_b_pct,fold8/test_horizon_60_ega_zone_b_count,fold8/test_horizon_60_ega_zone_c_pct,fold8/test_horizon_60_ega_zone_c_count,fold8/test_horizon_60_ega_zone_d_pct,fold8/test_horizon_60_ega_zone_d_count,fold8/test_horizon_60_ega_zone_e_pct,fold8/test_horizon_60_ega_zone_e_count
0,0.25951656942592244,9.876809120178223,14.405071258544922,8.988922119140625,8.988922119140625,0.3613514304161072,0.6551094055175781,88.56021118164062,6766.0,10.863874435424805,830.0,0.0,0.0,0.5759162306785583,44.0,0.0,0.0,5.922525405883789,8.660848617553711,5.446674823760986,5.446674823760986,0.7689450979232788,0.8865212202072144,98.06282806396484,1873.0,1.8324607610702515,35.0,0.0,0.0,0.10471203923225403,2.0,0.0,0.0,9.927830696105957,14.171463966369629,9.046052932739258,9.046052932739258,0.38452619314193726,0.6742243766784668,88.63874053955078,1693.0,10.837696075439453,207.0,0.0,0.0,0.5235602259635925,10.0,0.0,0.0,11.439595222473145,16.114601135253906,10.40380859375,10.40380859375,0.2009376883506775,0.5495731234550476,84.65968322753906,1617.0,14.554974555969238,278.0,0.0,0.0,0.7853402495384216,15.0,0.0,0.0,12.217283248901367,17.161096572875977,11.059152603149414,11.059152603149414,0.09018629789352417,0.4686092436313629,82.87957763671875,1583.0,16.23036766052246,310.0,0.0,0.0,0.890052318572998,17.0,0.0,0.0
step,fold9/train_loss,fold9/val_mae,fold9/val_rmse,fold9/val_mard,fold9/val_mape,fold9/val_r2,fold9/val_pearson,fold9/val_ega_zone_a_pct,fold9/val_ega_zone_a_count,fold9/val_ega_zone_b_pct,fold9/val_ega_zone_b_count,fold9/val_ega_zone_c_pct,fold9/val_ega_zone_c_count,fold9/val_ega_zone_d_pct,fold9/val_ega_zone_d_count,fold9/val_ega_zone_e_pct,fold9/val_ega_zone_e_count,fold9/val_horizon_15_mae,fold9/val_horizon_15_rmse,fold9/val_horizon_15_mard,fold9/val_horizon_15_mape,fold9/val_horizon_15_r2,fold9/val_horizon_15_pearson,fold9/val_horizon_15_ega_zone_a_pct,fold9/val_horizon_15_ega_zone_a_count,fold9/val_horizon_15_ega_zone_b_pct,fold9/val_horizon_15_ega_zone_b_count,fold9/val_horizon_15_ega_zone_c_pct,fold9/val_horizon_15_ega_zone_c_count,fold9/val_horizon_15_ega_zone_d_pct,fold9/val_horizon_15_ega_zone_d_count,fold9/val_horizon_15_ega_zone_e_pct,fold9/val_horizon_15_ega_zone_e_count,fold9/val_horizon_30_mae,fold9/val_horizon_30_rmse,fold9/val_horizon_30_mard,fold9/val_horizon_30_mape,fold9/val_horizon_30_r2,fold9/val_horizon_30_pearson,fold9/val_horizon_30_ega_zone_a_pct,fold9/val_horizon_30_ega_zone_a_count,fold9/val_horizon_30_ega_zone_b_pct,fold9/val_horizon_30_ega_zone_b_count,fold9/val_horizon_30_ega_zone_c_pct,fold9/val_horizon_30_ega_zone_c_count,fold9/val_horizon_30_ega_zone_d_pct,fold9/val_horizon_30_ega_zone_d_count,fold9/val_horizon_30_ega_zone_e_pct,fold9/val_horizon_30_ega_zone_e_count,fold9/val_horizon_45_mae,fold9/val_horizon_45_rmse,fold9/val_horizon_45_mard,fold9/val_horizon_45_mape,fold9/val_horizon_45_r2,fold9/val_horizon_45_pearson,fold9/val_horizon_45_ega_zone_a_pct,fold9/val_horizon_45_ega_zone_a_count,fold9/val_horizon_45_ega_zone_b_pct,fold9/val_horizon_45_ega_zone_b_count,fold9/val_horizon_45_ega_zone_c_pct,fold9/val_horizon_45_ega_zone_c_count,fold9/val_horizon_45_ega_zone_d_pct,fold9/val_horizon_45_ega_zone_d_count,fold9/val_horizon_45_ega_zone_e_pct,fold9/val_horizon_45_ega_zone_e_count,fold9/val_horizon_60_mae,fold9/val_horizon_60_rmse,fold9/val_horizon_60_mard,fold9/val_horizon_60_mape,fold9/val_horizon_60_r2,fold9/val_horizon_60_pearson,fold9/val_horizon_60_ega_zone_a_pct,fold9/val_horizon_60_ega_zone_a_count,fold9/val_horizon_60_ega_zone_b_pct,fold9/val_horizon_60_ega_zone_b_count,fold9/val_horizon_60_ega_zone_c_pct,fold9/val_horizon_60_ega_zone_c_count,fold9/val_horizon_60_ega_zone_d_pct,fold9/val_horizon_60_ega_zone_d_count,fold9/val_horizon_60_ega_zone_e_pct,fold9/val_horizon_60_ega_zone_e_count,fold9/diag_horizon_curriculum_progress,fold9/diag_loss_horizon_weight_0,fold9/diag_loss_horizon_weight_1,fold9/diag_loss_horizon_weight_2,fold9/diag_loss_horizon_weight_3
1,0.2462885217295564,12.283885955810547,20.167373657226562,10.91419792175293,10.91419792175293,0.35088109970092773,0.6236597299575806,84.94094848632812,12082.0,13.821708679199219,1966.0,0.0,0.0,1.2373453378677368,176.0,0.0,0.0,7.100994110107422,11.171476364135742,6.405946731567383,6.405946731567383,0.8015156984329224,0.8953090310096741,94.23509979248047,3351.0,4.977502822875977,177.0,0.0,0.0,0.787401556968689,28.0,0.0,0.0,11.801324844360352,18.55628204345703,10.53860092163086,10.53860092163086,0.4510641098022461,0.6832250356674194,85.7424087524414,3049.0,12.964004516601562,461.0,0.0,0.0,1.2935882806777954,46.0,0.0,0.0,14.230990409851074,22.669544219970703,12.61949348449707,12.61949348449707,0.17792952060699463,0.5043905973434448,81.2710952758789,2890.0,17.294713973999023,615.0,0.0,0.0,1.434195637702942,51.0,0.0,0.0,16.002235412597656,25.374126434326172,14.09274959564209,14.09274959564209,-0.02996385097503662,0.363036185503006,78.51518249511719,2792.0,20.050617218017578,713.0,0.0,0.0,1.434195637702942,51.0,0.0,0.0,0.0,0.3333333432674408,0.28333333134651184,0.21666665375232697,0.1666666716337204
2,0.22725914709673345,11.68517017364502,19.180593490600586,10.317516326904297,10.317516326904297,0.4128492474555969,0.6688360571861267,85.86192321777344,12213.0,13.034307479858398,1854.0,0.0,0.0,1.1037683486938477,157.0,0.0,0.0,6.0740132331848145,9.182526588439941,5.4685492515563965,5.4685492515563965,0.8658998012542725,0.9308833479881287,96.62542724609375,3436.0,2.952755928039551,105.0,0.0,0.0,0.4218222498893738,15.0,0.0,0.0,11.116083145141602,17.214147567749023,9.825671195983887,9.825671195983887,0.5275989770889282,0.7372217178344727,86.58605194091797,3079.0,12.204724311828613,434.0,0.0,0.0,1.2092238664627075,43.0,0.0,0.0,13.897730827331543,21.869441986083984,12.224935531616211,12.224935531616211,0.2349339723587036,0.5488225817680359,81.664794921875,2904.0,16.985376358032227,604.0,0.0,0.0,1.349831223487854,48.0,0.0,0.0,15.652856826782227,24.75201988220215,13.750905990600586,13.750905990600586,0.019921064376831055,0.397352397441864,78.57142639160156,2794.0,19.994375228881836,711.0,0.0,0.0,1.434195637702942,51.0,0.0,0.0,0.07142857142857142,0.3245614171028137,0.2788847088813782,0.21998745203018188,0.17656642198562622
3,0.2238059331947036,11.550483703613281,18.922630310058594,10.202934265136719,10.202934265136719,0.4285365343093872,0.6793858408927917,86.1361083984375,12252.0,12.823396682739258,1824.0,0.0,0.0,1.0404949188232422,148.0,0.0,0.0,5.798563003540039,8.653635025024414,5.217015743255615,5.217015743255615,0.8809026479721069,0.9389491677284241,97.07536315917969,3452.0,2.587176561355591,92.0,0.0,0.0,0.3374578058719635,12.0,0.0,0.0,10.972116470336914,16.844539642333984,9.697568893432617,9.697568893432617,0.5476672053337097,0.7505124807357788,87.00787353515625,3094.0,11.89538860321045,423.0,0.0,0.0,1.0967379808425903,39.0,0.0,0.0,13.831158638000488,21.640947341918945,12.162253379821777,12.162253379821777,0.25083738565444946,0.5600420236587524,81.74916076660156,2907.0,16.95725440979004,603.0,0.0,0.0,1.2935882806777954,46.0,0.0,0.0,15.60009479522705,24.60302734375,13.734902381896973,13.734902381896973,0.03168445825576782,0.4035520851612091,78.7120361328125,2799.0,19.85376739501953,706.0,0.0,0.0,1.434195637702942,51.0,0.0,0.0,0.14285714285714285,0.31578949093818665,0.2744360864162445,0.223308265209198,0.18646617233753204
4,0.22252897410559674,11.442129135131836,18.75469970703125,10.108587265014648,10.108587265014648,0.43863445520401,0.6872182488441467,86.3470230102539,12282.0,12.647637367248535,1799.0,0.0,0.0,1.0053430795669556,143.0,0.0,0.0,5.641265869140625,8.379867553710938,5.070087909698486,5.070087909698486,0.8883190155029297,0.9431402087211609,97.4971923828125,3467.0,2.2497189044952393,80.0,0.0,0.0,0.2530933618545532,9.0,0.0,0.0,10.834173202514648,16.58811378479004,9.581707000732422,9.581707000732422,0.5613341927528381,0.7602198719978333,87.20472717285156,3101.0,11.754780769348145,418.0,0.0,0.0,1.0404949188232422,37.0,0.0,0.0,13.738287925720215,21.470815658569336,12.086434364318848,12.086434364318848,0.262570321559906,0.569376528263092,81.83352661132812,2910.0,16.87289047241211,600.0,0.0,0.0,1.2935882806777954,46.0,0.0,0.0,15.554790496826172,24.50655746459961,13.696120262145996,13.696120262145996,0.039263248443603516,0.41080397367477417,78.8526382446289,2804.0,19.713159561157227,701.0,0.0,0.0,1.434195637702942,51.0,0.0,0.0,0.21428571428571427,0.30701756477355957,0.26998746395111084,0.22662906348705292,0.19636592268943787
5,0.22344741914706573,11.417741775512695,18.678857803344727,10.091653823852539,10.091653823852539,0.44316548109054565,0.6892343759536743,86.44544219970703,12296.0,12.549212455749512,1785.0,0.0,0.0,1.0053430795669556,143.0,0.0,0.0,5.597105026245117,8.277032852172852,5.029316425323486,5.029316425323486,0.8910431861877441,0.9445123076438904,97.60967254638672,3471.0,2.137232780456543,76.0,0.0,0.0,0.2530933618545532,9.0,0.0,0.0,10.819097518920898,16.52181625366211,9.567804336547852,9.567804336547852,0.5648336410522461,0.7620511651039124,87.37345123291016,3107.0,11.61417293548584,413.0,0.0,0.0,1.012373447418213,36.0,0.0,0.0,13.727828979492188,21.414241790771484,12.090482711791992,12.090482711791992,0.266451358795166,0.5704351663589478,81.86164855957031,2911.0,16.816646575927734,598.0,0.0,0.0,1.3217097520828247,47.0,0.0,0.0,15.526939392089844,24.403881072998047,13.679006576538086,13.679006576538086,0.047296881675720215,0.41346973180770874,78.93700408935547,2807.0,19.628795623779297,698.0,0.0,0.0,1.434195637702942,51.0,0.0,0.0,0.2857142857142857,0.2982456088066101,0.2655388414859772,0.22994986176490784,0.2062656730413437
6,0.22408168189952768,11.385714530944824,18.618486404418945,10.07457447052002,10.07457447052002,0.4467591643333435,0.691908597946167,86.40325927734375,12290.0,12.591394424438477,1791.0,0.0,0.0,1.0053430795669556,143.0,0.0,0.0,5.578914165496826,8.22257137298584,5.017951488494873,5.017951488494873,0.8924723267555237,0.9453511238098145,97.6659164428711,3473.0,2.0809898376464844,74.0,0.0,0.0,0.2530933618545532,9.0,0.0,0.0,10.77367877960205,16.43109893798828,9.543943405151367,9.543943405151367,0.5695993304252625,0.7655321359634399,87.31720733642578,3105.0,11.642293930053711,414.0,0.0,0.0,1.0404949188232422,37.0,0.0,0.0,13.692882537841797,21.354848861694336,12.079577445983887,12.079577445983887,0.27051472663879395,0.573734700679779,81.91788482666016,2913.0,16.78852653503418,597.0,0.0,0.0,1.2935882806777954,46.0,0.0,0.0,15.497386932373047,24.350994110107422,13.656825065612793,13.656825065612793,0.05142176151275635,0.41601818799972534,78.7120361328125,2799.0,19.85376739501953,706.0,0.0,0.0,1.434195637702942,51.0,0.0,0.0,0.35714285714285715,0.28947368264198303,0.2610902190208435,0.23327067494392395,0.2161654233932495
7,0.22560035047493174,11.35718822479248,18.569236755371094,10.039286613464355,10.039286613464355,0.4496821165084839,0.6939796209335327,86.53683471679688,12309.0,12.47890853881836,1775.0,0.0,0.0,0.9842519760131836,140.0,0.0,0.0,5.522435188293457,8.12822151184082,4.964217662811279,4.964217662811279,0.8949258327484131,0.9466527700424194,97.75028228759766,3476.0,1.9966254234313965,71.0,0.0,0.0,0.2530933618545532,9.0,0.0,0.0,10.743423461914062,16.372295379638672,9.5039701461792,9.5039701461792,0.5726743936538696,0.7675384879112244,87.59842681884766,3115.0,11.417322158813477,406.0,0.0,0.0,0.9842519760131836,35.0,0.0,0.0,13.668953895568848,21.296550750732422,12.043167114257812,12.043167114257812,0.27449220418930054,0.5768571496009827,81.94600677490234,2914.0,16.78852653503418,597.0,0.0,0.0,1.2654668092727661,45.0,0.0,0.0,15.493942260742188,24.322893142700195,13.645794868469238,13.645794868469238,0.05360978841781616,0.4182860553264618,78.8526382446289,2804.0,19.713159561157227,701.0,0.0,0.0,1.434195637702942,51.0,0.0,0.0,0.42857142857142855,0.28070175647735596,0.25664159655570984,0.23659147322177887,0.22606515884399414
8,0.2262962387943825,11.320225715637207,18.50973892211914,10.004209518432617,10.004209518432617,0.453203022480011,0.6960480213165283,86.5298080444336,12308.0,12.5,1778.0,0.0,0.0,0.970191240310669,138.0,0.0,0.0,5.478261470794678,8.047471046447754,4.925349712371826,4.925349712371826,0.897003173828125,0.947795569896698,97.80652618408203,3478.0,1.940382480621338,69.0,0.0,0.0,0.2530933618545532,9.0,0.0,0.0,10.69678783416748,16.286584854125977,9.46624755859375,9.46624755859375,0.5771368741989136,0.7700533270835876,87.879638671875,3125.0,11.164229393005371,397.0,0.0,0.0,0.9561305046081543,34.0,0.0,0.0,13.643120765686035,21.24247932434082,12.014244079589844,12.014244079589844,0.27817171812057495,0.5786306262016296,81.91788482666016,2913.0,16.844768524169922,599.0,0.0,0.0,1.2373453378677368,44.0,0.0,0.0,15.462732315063477,24.273117065429688,13.61099624633789,13.61099624633789,0.0574793815612793,0.42026716470718384,78.51518249511719,2792.0,20.050617218017578,713.0,0.0,0.0,1.434195637702942,51.0,0.0,0.0,0.5,0.2719298303127289,0.25219297409057617,0.2399122714996338,0.23596492409706116
9,0.22779877605714796,11.304412841796875,18.475749969482422,9.987639427185059,9.987639427185059,0.4552093744277954,0.6980288624763489,86.54386901855469,12310.0,12.507030487060547,1779.0,0.0,0.0,0.949100136756897,135.0,0.0,0.0,5.457773208618164,8.002820014953613,4.910741806030273,4.910741806030273,0.89814293384552,0.9485301375389099,97.80652618408203,3478.0,1.940382480621338,69.0,0.0,0.0,0.2530933618545532,9.0,0.0,0.0,10.669220924377441,16.235443115234375,9.435028076171875,9.435028076171875,0.5797883868217468,0.7721615433692932,87.85151672363281,3124.0,11.276715278625488,401.0,0.0,0.0,0.8717659711837769,31.0,0.0,0.0,13.634908676147461,21.20969009399414,12.000267028808594,12.000267028808594,0.28039830923080444,0.5811637043952942,82.00225067138672,2916.0,16.760404586791992,596.0,0.0,0.0,1.2373453378677368,44.0,0.0,0.0,15.4557466506958,24.247215270996094,13.604523658752441,13.604523658752441,0.05948978662490845,0.4232740104198456,78.51518249511719,2792.0,20.050617218017578,713.0,0.0,0.0,1.434195637702942,51.0,0.0,0.0,0.5714285714285714,0.2631579041481018,0.2477443516254425,0.2432330846786499,0.24586467444896698
10,0.2297305271985982,11.265872955322266,18.405515670776367,9.95451831817627,9.95451831817627,0.4593433737754822,0.7007569074630737,86.59307861328125,12317.0,12.464848518371582,1773.0,0.0,0.0,0.9420697689056396,134.0,0.0,0.0,5.453439235687256,7.976935863494873,4.90543794631958,4.90543794631958,0.898800790309906,0.9488309025764465,97.77840423583984,3477.0,1.9685039520263672,70.0,0.0,0.0,0.2530933618545532,9.0,0.0,0.0,10.617576599121094,16.149137496948242,9.393648147583008,9.393648147583008,0.5842441320419312,0.7750169634819031,87.93588256835938,3127.0,11.192350387573242,398.0,0.0,0.0,0.8717659711837769,31.0,0.0,0.0,13.570667266845703,21.10736846923828,11.947443008422852,11.947443008422852,0.28732478618621826,0.586431086063385,82.08661651611328,2919.0,16.704160690307617,594.0,0.0,0.0,1.2092238664627075,43.0,0.0,0.0,15.421807289123535,24.188947677612305,13.571540832519531,13.571540832519531,0.06400460004806519,0.42726409435272217,78.57142639160156,2794.0,19.994375228881836,711.0,0.0,0.0,1.434195637702942,51.0,0.0,0.0,0.6428571428571429,0.25438597798347473,0.24329572916030884,0.24655388295650482,0.2557644248008728
11,0.2316768138453497,11.25362491607666,18.390254974365234,9.937104225158691,9.937104225158691,0.46023958921432495,0.7013397216796875,86.5298080444336,12308.0,12.535151481628418,1783.0,0.0,0.0,0.9350394010543823,133.0,0.0,0.0,5.438673973083496,7.978600978851318,4.8889241218566895,4.8889241218566895,0.8987585306167603,0.948961615562439,97.80652618408203,3478.0,1.9685039520263672,70.0,0.0,0.0,0.22497189044952393,8.0,0.0,0.0,10.618953704833984,16.160531997680664,9.38916015625,9.38916015625,0.5836571455001831,0.7746622562408447,87.90776062011719,3126.0,11.22047233581543,399.0,0.0,0.0,0.8717659711837769,31.0,0.0,0.0,13.562146186828613,21.101051330566406,11.928232192993164,11.928232192993164,0.2877512574195862,0.5861296653747559,81.97412872314453,2915.0,16.816646575927734,598.0,0.0,0.0,1.2092238664627075,43.0,0.0,0.0,15.394723892211914,24.139812469482422,13.542098045349121,13.542098045349121,0.06780332326889038,0.4294010102748871,78.43081665039062,2789.0,20.13498306274414,716.0,0.0,0.0,1.434195637702942,51.0,0.0,0.0,0.7142857142857143,0.24561403691768646,0.23884710669517517,0.24987469613552094,0.26566416025161743
12,0.23372555606132034,11.262697219848633,18.41021728515625,9.941695213317871,9.941695213317871,0.4590672254562378,0.7007235288619995,86.5298080444336,12308.0,12.528121948242188,1782.0,0.0,0.0,0.9420697689056396,134.0,0.0,0.0,5.424140453338623,7.968470573425293,4.875668048858643,4.875668048858643,0.8990154266357422,0.9491110444068909,97.80652618408203,3478.0,1.9685039520263672,70.0,0.0,0.0,0.22497189044952393,8.0,0.0,0.0,10.630331993103027,16.18492317199707,9.389822006225586,9.389822006225586,0.5823994278907776,0.7742769718170166,87.82339477539062,3123.0,11.30483627319336,402.0,0.0,0.0,0.8717659711837769,31.0,0.0,0.0,13.581574440002441,21.130531311035156,11.943058013916016,11.943058013916016,0.28575968742370605,0.5853073000907898,82.00225067138672,2916.0,16.760404586791992,596.0,0.0,0.0,1.2373453378677368,44.0,0.0,0.0,15.414745330810547,24.161880493164062,13.558236122131348,13.558236122131348,0.066098153591156,0.42671823501586914,78.487060546875,2791.0,20.078739166259766,714.0,0.0,0.0,1.434195637702942,51.0,0.0,0.0,0.7857142857142857,0.23684212565422058,0.2343984991312027,0.25319552421569824,0.27556392550468445
13,0.23572356935731137,11.24711799621582,18.371200561523438,9.928352355957031,9.928352355957031,0.4613575339317322,0.7024654150009155,86.57199096679688,12314.0,12.528121948242188,1782.0,0.0,0.0,0.8998875617980957,128.0,0.0,0.0,5.416949272155762,7.937567710876465,4.86495304107666,4.86495304107666,0.8997972011566162,0.949674665927887,97.97525024414062,3484.0,1.8841395378112793,67.0,0.0,0.0,0.14060743153095245,5.0,0.0,0.0,10.614267349243164,16.14503288269043,9.376555442810059,9.376555442810059,0.5844553709030151,0.7759056687355042,87.93588256835938,3127.0,11.2485933303833,400.0,0.0,0.0,0.8155230283737183,29.0,0.0,0.0,13.567358016967773,21.093170166015625,11.933055877685547,11.933055877685547,0.28828316926956177,0.587254524230957,82.0303726196289,2917.0,16.760404586791992,596.0,0.0,0.0,1.2092238664627075,43.0,0.0,0.0,15.38989543914795,24.112550735473633,13.538847923278809,13.538847923278809,0.06990760564804077,0.4291934669017792,78.3464584350586,2786.0,20.21934700012207,719.0,0.0,0.0,1.434195637702942,51.0,0.0,0.0,0.8571428571428571,0.22807016968727112,0.22994986176490784,0.25651630759239197,0.2854636609554291
14,0.2376377857544899,11.266234397888184,18.411664962768555,9.937248229980469,9.937248229980469,0.45898205041885376,0.7012273669242859,86.58605194091797,12316.0,12.5,1778.0,0.0,0.0,0.9139482975006104,130.0,0.0,0.0,5.419705867767334,7.929141998291016,4.865260601043701,4.865260601043701,0.90000981092453,0.9497779607772827,98.05961608886719,3487.0,1.7997751235961914,64.0,0.0,0.0,0.14060743153095245,5.0,0.0,0.0,10.633965492248535,16.17685317993164,9.383489608764648,9.383489608764648,0.5828158259391785,0.7751197814941406,87.76715087890625,3121.0,11.389201164245605,405.0,0.0,0.0,0.8436444997787476,30.0,0.0,0.0,13.579450607299805,21.139034271240234,11.929842948913574,11.929842948913574,0.2851848006248474,0.5853897333145142,81.94600677490234,2914.0,16.816646575927734,598.0,0.0,0.0,1.2373453378677368,44.0,0.0,0.0,15.431816101074219,24.177204132080078,13.570404052734375,13.570404052734375,0.06491327285766602,0.4263959228992462,78.57142639160156,2794.0,19.994375228881836,711.0,0.0,0.0,1.434195637702942,51.0,0.0,0.0,0.9285714285714286,0.21929824352264404,0.22550123929977417,0.2598370909690857,0.2953633964061737
15,0.23918849692599697,11.236631393432617,18.36505889892578,9.909343719482422,9.909343719482422,0.4617176055908203,0.7020967602729797,86.64229583740234,12324.0,12.41563606262207,1766.0,0.0,0.0,0.9420697689056396,134.0,0.0,0.0,5.406038761138916,7.919487953186035,4.85561990737915,4.85561990737915,0.900253176689148,0.9497916102409363,97.94713592529297,3483.0,1.85601806640625,66.0,0.0,0.0,0.19685038924217224,7.0,0.0,0.0,10.608052253723145,16.151594161987305,9.369550704956055,9.369550704956055,0.5841176509857178,0.7749121189117432,88.07649230957031,3132.0,11.051743507385254,393.0,0.0,0.0,0.8717659711837769,31.0,0.0,0.0,13.534872055053711,21.070274353027344,11.887203216552734,11.887203216552734,0.2898274064064026,0.5872663259506226,82.0303726196289,2917.0,16.704160690307617,594.0,0.0,0.0,1.2654668092727661,45.0,0.0,0.0,15.397562980651855,24.115406036376953,13.52500057220459,13.52500057220459,0.0696873664855957,0.4287143051624298,78.51518249511719,2792.0,20.050617218017578,713.0,0.0,0.0,1.434195637702942,51.0,0.0,0.0,1.0,0.21052631735801697,0.2210526168346405,0.2631579041481018,0.3052631616592407
16,0.23868220691901093,11.22130298614502,18.3464298248291,9.882537841796875,9.882537841796875,0.4628090262413025,0.7029162049293518,86.60713958740234,12319.0,12.47890853881836,1775.0,0.0,0.0,0.9139482975006104,130.0,0.0,0.0,5.384679317474365,7.9033637046813965,4.837335109710693,4.837335109710693,0.900658905506134,0.9500043392181396,98.08773803710938,3488.0,1.7435319423675537,62.0,0.0,0.0,0.16872890293598175,6.0,0.0,0.0,10.57490348815918,16.120820999145508,9.327753067016602,9.327753067016602,0.5857007503509521,0.7760764360427856,87.93588256835938,3127.0,11.22047233581543,399.0,0.0,0.0,0.8436444997787476,30.0,0.0,0.0,13.526083946228027,21.047386169433594,11.858989715576172,11.858989715576172,0.2913694977760315,0.588250458240509,82.0303726196289,2917.0,16.760404586791992,596.0,0.0,0.0,1.2092238664627075,43.0,0.0,0.0,15.399550437927246,24.10455894470215,13.50607681274414,13.50607681274414,0.07052409648895264,0.4293259382247925,78.37457275390625,2787.0,20.191225051879883,718.0,0.0,0.0,1.434195637702942,51.0,0.0,0.0,1.0,0.21052631735801697,0.2210526168346405,0.2631579041481018,0.3052631616592407
17,0.23781760871862614,11.235636711120605,18.315441131591797,9.90255355834961,9.90255355834961,0.4646221995353699,0.7038891315460205,86.4946517944336,12303.0,12.5773344039917,1789.0,0.0,0.0,0.928009033203125,132.0,0.0,0.0,5.39885139465332,7.888297080993652,4.847864627838135,4.847864627838135,0.901037335395813,0.9503297209739685,97.97525024414062,3484.0,1.85601806640625,66.0,0.0,0.0,0.16872890293598175,6.0,0.0,0.0,10.606346130371094,16.10507583618164,9.365609169006348,9.365609169006348,0.5865097045898438,0.7766978740692139,87.90776062011719,3126.0,11.2485933303833,400.0,0.0,0.0,0.8436444997787476,30.0,0.0,0.0,13.537993431091309,21.005102157592773,11.882698059082031,11.882698059082031,0.2942139506340027,0.5896914601325989,81.86164855957031,2911.0,16.87289047241211,600.0,0.0,0.0,1.2654668092727661,45.0,0.0,0.0,15.399357795715332,24.06260108947754,13.514046669006348,13.514046669006348,0.07375705242156982,0.4297393262386322,78.23397064208984,2782.0,20.33183479309082,723.0,0.0,0.0,1.434195637702942,51.0,0.0,0.0,1.0,0.21052631735801697,0.2210526168346405,0.2631579041481018,0.3052631616592407
18,0.2366763613762616,11.255504608154297,18.354398727416992,9.911911964416504,9.911911964416504,0.46234238147735596,0.7035914659500122,86.47356414794922,12300.0,12.612485885620117,1794.0,0.0,0.0,0.9139482975006104,130.0,0.0,0.0,5.408082962036133,7.909960746765137,4.852670669555664,4.852670669555664,0.9004930257797241,0.9501393437385559,98.031494140625,3486.0,1.8278965950012207,65.0,0.0,0.0,0.14060743153095245,5.0,0.0,0.0,10.622047424316406,16.148889541625977,9.372503280639648,9.372503280639648,0.5842568874359131,0.7763743996620178,87.85151672363281,3124.0,11.30483627319336,402.0,0.0,0.0,0.8436444997787476,30.0,0.0,0.0,13.564995765686035,21.059310913085938,11.896934509277344,11.896934509277344,0.29056626558303833,0.5894883275032043,81.80540466308594,2909.0,16.95725440979004,603.0,0.0,0.0,1.2373453378677368,44.0,0.0,0.0,15.426895141601562,24.09744644165039,13.525541305541992,13.525541305541992,0.07107245922088623,0.42987439036369324,78.20584869384766,2781.0,20.359954833984375,724.0,0.0,0.0,1.434195637702942,51.0,0.0,0.0,1.0,0.21052631735801697,0.2210526168346405,0.2631579041481018,0.3052631616592407
19,0.23609593234009812,11.247492790222168,18.342971801757812,9.904592514038086,9.904592514038086,0.46301162242889404,0.7040421962738037,86.5016860961914,12304.0,12.5773344039917,1789.0,0.0,0.0,0.9209786653518677,131.0,0.0,0.0,5.383305072784424,7.873291969299316,4.8351263999938965,4.8351263999938965,0.9014134407043457,0.9506368041038513,98.08773803710938,3488.0,1.771653652191162,63.0,0.0,0.0,0.14060743153095245,5.0,0.0,0.0,10.615757942199707,16.121309280395508,9.36800479888916,9.36800479888916,0.5856757164001465,0.777150571346283,87.99212646484375,3129.0,11.164229393005371,397.0,0.0,0.0,0.8436444997787476,30.0,0.0,0.0,13.55739974975586,21.048213958740234,11.885501861572266,11.885501861572266,0.29131370782852173,0.5899730920791626,81.74916076660156,2907.0,16.985376358032227,604.0,0.0,0.0,1.2654668092727661,45.0,0.0,0.0,15.433511734008789,24.102815628051758,13.529738426208496,13.529738426208496,0.0706586241722107,0.42993199825286865,78.17772674560547,2780.0,20.388076782226562,725.0,0.0,0.0,1.434195637702942,51.0,0.0,0.0,1.0,0.21052631735801697,0.2210526168346405,0.2631579041481018,0.3052631616592407
20,0.23540049894755655,11.261123657226562,18.35810089111328,9.929117202758789,9.929117202758789,0.4621254801750183,0.7032246589660645,86.36811065673828,12285.0,12.703880310058594,1807.0,0.0,0.0,0.928009033203125,132.0,0.0,0.0,5.3816986083984375,7.865108966827393,4.834160804748535,4.834160804748535,0.901618242263794,0.9507005214691162,98.00337219238281,3485.0,1.8278965950012207,65.0,0.0,0.0,0.16872890293598175,6.0,0.0,0.0,10.618706703186035,16.11838722229004,9.375730514526367,9.375730514526367,0.5858259201049805,0.7770403027534485,87.82339477539062,3123.0,11.332958221435547,403.0,0.0,0.0,0.8436444997787476,30.0,0.0,0.0,13.578380584716797,21.06689453125,11.922233581542969,11.922233581542969,0.2900552749633789,0.5886455774307251,81.49606323242188,2898.0,17.23847007751465,613.0,0.0,0.0,1.2654668092727661,45.0,0.0,0.0,15.46570873260498,24.137165069580078,13.584341049194336,13.584341049194336,0.0680077075958252,0.4276001751422882,78.14960479736328,2779.0,20.41619873046875,726.0,0.0,0.0,1.434195637702942,51.0,0.0,0.0,1.0,0.21052631735801697,0.2210526168346405,0.2631579041481018,0.3052631616592407
21,0.23362142204758354,11.257367134094238,18.32229995727539,9.92456340789795,9.92456340789795,0.4642212390899658,0.7037980556488037,86.4805908203125,12301.0,12.58436393737793,1790.0,0.0,0.0,0.9350394010543823,133.0,0.0,0.0,5.406489372253418,7.87283992767334,4.856034278869629,4.856034278869629,0.901424765586853,0.9506015181541443,98.14398193359375,3490.0,1.6872889995574951,60.0,0.0,0.0,0.16872890293598175,6.0,0.0,0.0,10.627446174621582,16.11131477355957,9.385343551635742,9.385343551635742,0.5861892700195312,0.7767170667648315,87.85151672363281,3124.0,11.276715278625488,401.0,0.0,0.0,0.8717659711837769,31.0,0.0,0.0,13.566133499145508,21.021690368652344,11.910894393920898,11.910894393920898,0.29309868812561035,0.589227557182312,81.55230712890625,2900.0,17.182226181030273,611.0,0.0,0.0,1.2654668092727661,45.0,0.0,0.0,15.429398536682129,24.06987953186035,13.545976638793945,13.545976638793945,0.07319658994674683,0.4292601943016052,78.37457275390625,2787.0,20.191225051879883,718.0,0.0,0.0,1.434195637702942,51.0,0.0,0.0,1.0,0.21052631735801697,0.2210526168346405,0.2631579041481018,0.3052631616592407
22,0.23231751015733665,11.283990859985352,18.35736656188965,9.944695472717285,9.944695472717285,0.4621683955192566,0.7033204436302185,86.39623260498047,12289.0,12.68278980255127,1804.0,0.0,0.0,0.9209786653518677,131.0,0.0,0.0,5.41074800491333,7.897670745849609,4.856691837310791,4.856691837310791,0.9008020162582397,0.9503588080406189,98.08773803710938,3488.0,1.771653652191162,63.0,0.0,0.0,0.14060743153095245,5.0,0.0,0.0,10.648040771484375,16.144702911376953,9.401506423950195,9.401506423950195,0.5844723582267761,0.7764298915863037,87.79527282714844,3122.0,11.30483627319336,402.0,0.0,0.0,0.8998875617980957,32.0,0.0,0.0,13.594627380371094,21.056598663330078,11.932183265686035,11.932183265686035,0.2907490134239197,0.5889670252799988,81.46794128417969,2897.0,17.32283592224121,616.0,0.0,0.0,1.2092238664627075,43.0,0.0,0.0,15.482549667358398,24.11569595336914,13.588398933410645,13.588398933410645,0.0696648359298706,0.4286596477031708,78.23397064208984,2782.0,20.33183479309082,723.0,0.0,0.0,1.434195637702942,51.0,0.0,0.0,1.0,0.21052631735801697,0.2210526168346405,0.2631579041481018,0.3052631616592407
23,0.23180208343223327,11.302895545959473,18.3679141998291,9.96845531463623,9.96845531463623,0.4615502953529358,0.7029345035552979,86.37513732910156,12286.0,12.71091079711914,1808.0,0.0,0.0,0.9139482975006104,130.0,0.0,0.0,5.425436496734619,7.914721965789795,4.869436264038086,4.869436264038086,0.9003731608390808,0.9501176476478577,98.11585998535156,3489.0,1.7435319423675537,62.0,0.0,0.0,0.14060743153095245,5.0,0.0,0.0,10.66673469543457,16.15544891357422,9.422115325927734,9.422115325927734,0.5839190483093262,0.7760300040245056,87.879638671875,3125.0,11.2485933303833,400.0,0.0,0.0,0.8717659711837769,31.0,0.0,0.0,13.615250587463379,21.062753677368164,11.958555221557617,11.958555221557617,0.2903343439102173,0.5889728665351868,81.46794128417969,2897.0,17.32283592224121,616.0,0.0,0.0,1.2092238664627075,43.0,0.0,0.0,15.504158973693848,24.129648208618164,13.623716354370117,13.623716354370117,0.06858819723129272,0.42849287390708923,78.03711700439453,2775.0,20.528684616088867,730.0,0.0,0.0,1.434195637702942,51.0,0.0,0.0,1.0,0.21052631735801697,0.2210526168346405,0.2631579041481018,0.3052631616592407
24,0.23062262201378012,11.294322967529297,18.3582706451416,9.958694458007812,9.958694458007812,0.46211546659469604,0.7036279439926147,86.361083984375,12284.0,12.739032745361328,1812.0,0.0,0.0,0.8998875617980957,128.0,0.0,0.0,5.422407627105713,7.92211389541626,4.865931987762451,4.865931987762451,0.9001870155334473,0.9501155614852905,98.08773803710938,3488.0,1.7435319423675537,62.0,0.0,0.0,0.16872890293598175,6.0,0.0,0.0,10.657943725585938,16.14286994934082,9.408392906188965,9.408392906188965,0.5845668315887451,0.7767472863197327,87.93588256835938,3127.0,11.22047233581543,399.0,0.0,0.0,0.8436444997787476,30.0,0.0,0.0,13.603204727172852,21.039236068725586,11.943648338317871,11.943648338317871,0.29191815853118896,0.5905806422233582,81.2992172241211,2891.0,17.519685745239258,623.0,0.0,0.0,1.1811023950576782,42.0,0.0,0.0,15.493741035461426,24.126808166503906,13.616805076599121,13.616805076599121,0.06880748271942139,0.42924055457115173,78.1214828491211,2778.0,20.472440719604492,728.0,0.0,0.0,1.4060741662979126,50.0,0.0,0.0,1.0,0.21052631735801697,0.2210526168346405,0.2631579041481018,0.3052631616592407
25,0.2299550317339861,11.310162544250488,18.362302780151367,9.963133811950684,9.963133811950684,0.4618791937828064,0.7031376957893372,86.29780578613281,12275.0,12.802306175231934,1821.0,0.0,0.0,0.8998875617980957,128.0,0.0,0.0,5.423470497131348,7.910414695739746,4.871308326721191,4.871308326721191,0.9004815816879272,0.9501825571060181,98.05961608886719,3487.0,1.7997751235961914,64.0,0.0,0.0,0.14060743153095245,5.0,0.0,0.0,10.660480499267578,16.134368896484375,9.410820960998535,9.410820960998535,0.5850041508674622,0.7766619324684143,87.93588256835938,3127.0,11.192350387573242,398.0,0.0,0.0,0.8717659711837769,31.0,0.0,0.0,13.624013900756836,21.048616409301758,11.945186614990234,11.945186614990234,0.2912865877151489,0.5893108248710632,81.13047790527344,2885.0,17.688413619995117,629.0,0.0,0.0,1.1811023950576782,42.0,0.0,0.0,15.532681465148926,24.140417098999023,13.625218391418457,13.625218391418457,0.06775665283203125,0.427674263715744,78.06523895263672,2776.0,20.528684616088867,730.0,0.0,0.0,1.4060741662979126,50.0,0.0,0.0,1.0,0.21052631735801697,0.2210526168346405,0.2631579041481018,0.3052631616592407
step,fold9/test_loss,fold9/test_mae,fold9/test_rmse,fold9/test_mard,fold9/test_mape,fold9/test_r2,fold9/test_pearson,fold9/test_ega_zone_a_pct,fold9/test_ega_zone_a_count,fold9/test_ega_zone_b_pct,fold9/test_ega_zone_b_count,fold9/test_ega_zone_c_pct,fold9/test_ega_zone_c_count,fold9/test_ega_zone_d_pct,fold9/test_ega_zone_d_count,fold9/test_ega_zone_e_pct,fold9/test_ega_zone_e_count,fold9/test_horizon_15_mae,fold9/test_horizon_15_rmse,fold9/test_horizon_15_mard,fold9/test_horizon_15_mape,fold9/test_horizon_15_r2,fold9/test_horizon_15_pearson,fold9/test_horizon_15_ega_zone_a_pct,fold9/test_horizon_15_ega_zone_a_count,fold9/test_horizon_15_ega_zone_b_pct,fold9/test_horizon_15_ega_zone_b_count,fold9/test_horizon_15_ega_zone_c_pct,fold9/test_horizon_15_ega_zone_c_count,fold9/test_horizon_15_ega_zone_d_pct,fold9/test_horizon_15_ega_zone_d_count,fold9/test_horizon_15_ega_zone_e_pct,fold9/test_horizon_15_ega_zone_e_count,fold9/test_horizon_30_mae,fold9/test_horizon_30_rmse,fold9/test_horizon_30_mard,fold9/test_horizon_30_mape,fold9/test_horizon_30_r2,fold9/test_horizon_30_pearson,fold9/test_horizon_30_ega_zone_a_pct,fold9/test_horizon_30_ega_zone_a_count,fold9/test_horizon_30_ega_zone_b_pct,fold9/test_horizon_30_ega_zone_b_count,fold9/test_horizon_30_ega_zone_c_pct,fold9/test_horizon_30_ega_zone_c_count,fold9/test_horizon_30_ega_zone_d_pct,fold9/test_horizon_30_ega_zone_d_count,fold9/test_horizon_30_ega_zone_e_pct,fold9/test_horizon_30_ega_zone_e_count,fold9/test_horizon_45_mae,fold9/test_horizon_45_rmse,fold9/test_horizon_45_mard,fold9/test_horizon_45_mape,fold9/test_horizon_45_r2,fold9/test_horizon_45_pearson,fold9/test_horizon_45_ega_zone_a_pct,fold9/test_horizon_45_ega_zone_a_count,fold9/test_horizon_45_ega_zone_b_pct,fold9/test_horizon_45_ega_zone_b_count,fold9/test_horizon_45_ega_zone_c_pct,fold9/test_horizon_45_ega_zone_c_count,fold9/test_horizon_45_ega_zone_d_pct,fold9/test_horizon_45_ega_zone_d_count,fold9/test_horizon_45_ega_zone_e_pct,fold9/test_horizon_45_ega_zone_e_count,fold9/test_horizon_60_mae,fold9/test_horizon_60_rmse,fold9/test_horizon_60_mard,fold9/test_horizon_60_mape,fold9/test_horizon_60_r2,fold9/test_horizon_60_pearson,fold9/test_horizon_60_ega_zone_a_pct,fold9/test_horizon_60_ega_zone_a_count,fold9/test_horizon_60_ega_zone_b_pct,fold9/test_horizon_60_ega_zone_b_count,fold9/test_horizon_60_ega_zone_c_pct,fold9/test_horizon_60_ega_zone_c_count,fold9/test_horizon_60_ega_zone_d_pct,fold9/test_horizon_60_ega_zone_d_count,fold9/test_horizon_60_ega_zone_e_pct,fold9/test_horizon_60_ega_zone_e_count
0,0.27158455241998575,9.777046203613281,15.858160972595215,7.513206481933594,7.513206481933594,0.528290867805481,0.742296040058136,92.15354919433594,7634.0,7.8464508056640625,650.0,0.0,0.0,0.0,0.0,0.0,0.0,4.2260966300964355,6.042545318603516,3.312469720840454,3.312469720840454,0.9315222501754761,0.9654786586761475,99.5654296875,2062.0,0.43457266688346863,9.0,0.0,0.0,0.0,0.0,0.0,0.0,8.793243408203125,13.276201248168945,6.777635097503662,6.777635097503662,0.6692356467247009,0.8236305117607117,94.73684692382812,1962.0,5.263157844543457,109.0,0.0,0.0,0.0,0.0,0.0,0.0,11.959488868713379,18.289995193481445,9.162282943725586,9.162282943725586,0.3724493980407715,0.642798900604248,89.47368621826172,1853.0,10.526315689086914,218.0,0.0,0.0,0.0,0.0,0.0,0.0,14.12935733795166,21.415679931640625,10.800437927246094,10.800437927246094,0.140109121799469,0.4850965440273285,84.83824157714844,1757.0,15.161757469177246,314.0,0.0,0.0,0.0,0.0,0.0,0.0
step,fold10/train_loss,fold10/val_mae,fold10/val_rmse,fold10/val_mard,fold10/val_mape,fold10/val_r2,fold10/val_pearson,fold10/val_ega_zone_a_pct,fold10/val_ega_zone_a_count,fold10/val_ega_zone_b_pct,fold10/val_ega_zone_b_count,fold10/val_ega_zone_c_pct,fold10/val_ega_zone_c_count,fold10/val_ega_zone_d_pct,fold10/val_ega_zone_d_count,fold10/val_ega_zone_e_pct,fold10/val_ega_zone_e_count,fold10/val_horizon_15_mae,fold10/val_horizon_15_rmse,fold10/val_horizon_15_mard,fold10/val_horizon_15_mape,fold10/val_horizon_15_r2,fold10/val_horizon_15_pearson,fold10/val_horizon_15_ega_zone_a_pct,fold10/val_horizon_15_ega_zone_a_count,fold10/val_horizon_15_ega_zone_b_pct,fold10/val_horizon_15_ega_zone_b_count,fold10/val_horizon_15_ega_zone_c_pct,fold10/val_horizon_15_ega_zone_c_count,fold10/val_horizon_15_ega_zone_d_pct,fold10/val_horizon_15_ega_zone_d_count,fold10/val_horizon_15_ega_zone_e_pct,fold10/val_horizon_15_ega_zone_e_count,fold10/val_horizon_30_mae,fold10/val_horizon_30_rmse,fold10/val_horizon_30_mard,fold10/val_horizon_30_mape,fold10/val_horizon_30_r2,fold10/val_horizon_30_pearson,fold10/val_horizon_30_ega_zone_a_pct,fold10/val_horizon_30_ega_zone_a_count,fold10/val_horizon_30_ega_zone_b_pct,fold10/val_horizon_30_ega_zone_b_count,fold10/val_horizon_30_ega_zone_c_pct,fold10/val_horizon_30_ega_zone_c_count,fold10/val_horizon_30_ega_zone_d_pct,fold10/val_horizon_30_ega_zone_d_count,fold10/val_horizon_30_ega_zone_e_pct,fold10/val_horizon_30_ega_zone_e_count,fold10/val_horizon_45_mae,fold10/val_horizon_45_rmse,fold10/val_horizon_45_mard,fold10/val_horizon_45_mape,fold10/val_horizon_45_r2,fold10/val_horizon_45_pearson,fold10/val_horizon_45_ega_zone_a_pct,fold10/val_horizon_45_ega_zone_a_count,fold10/val_horizon_45_ega_zone_b_pct,fold10/val_horizon_45_ega_zone_b_count,fold10/val_horizon_45_ega_zone_c_pct,fold10/val_horizon_45_ega_zone_c_count,fold10/val_horizon_45_ega_zone_d_pct,fold10/val_horizon_45_ega_zone_d_count,fold10/val_horizon_45_ega_zone_e_pct,fold10/val_horizon_45_ega_zone_e_count,fold10/val_horizon_60_mae,fold10/val_horizon_60_rmse,fold10/val_horizon_60_mard,fold10/val_horizon_60_mape,fold10/val_horizon_60_r2,fold10/val_horizon_60_pearson,fold10/val_horizon_60_ega_zone_a_pct,fold10/val_horizon_60_ega_zone_a_count,fold10/val_horizon_60_ega_zone_b_pct,fold10/val_horizon_60_ega_zone_b_count,fold10/val_horizon_60_ega_zone_c_pct,fold10/val_horizon_60_ega_zone_c_count,fold10/val_horizon_60_ega_zone_d_pct,fold10/val_horizon_60_ega_zone_d_count,fold10/val_horizon_60_ega_zone_e_pct,fold10/val_horizon_60_ega_zone_e_count,fold10/diag_horizon_curriculum_progress,fold10/diag_loss_horizon_weight_0,fold10/diag_loss_horizon_weight_1,fold10/diag_loss_horizon_weight_2,fold10/diag_loss_horizon_weight_3
1,0.25132788573019604,9.130790710449219,14.633672714233398,7.697885513305664,7.697885513305664,0.50966477394104,0.7264010310173035,91.60107421875,21878.0,8.369620323181152,1999.0,0.0,0.0,0.029308322817087173,7.0,0.0,0.0,5.646251201629639,8.804640769958496,4.855822563171387,4.855822563171387,0.8216474056243896,0.9077922701835632,97.88980102539062,5845.0,2.0767040252685547,124.0,0.0,0.0,0.0334952250123024,2.0,0.0,0.0,8.681327819824219,13.926630973815918,7.312824726104736,7.312824726104736,0.5557440519332886,0.7557424902915955,92.73153686523438,5537.0,7.234969139099121,432.0,0.0,0.0,0.0334952250123024,2.0,0.0,0.0,10.592145919799805,16.44593048095703,8.920694351196289,8.920694351196289,0.3819001317024231,0.6440501809120178,88.84608459472656,5305.0,11.137163162231445,665.0,0.0,0.0,0.0167476125061512,1.0,0.0,0.0,11.603436470031738,17.737979888916016,9.702198028564453,9.702198028564453,0.2818346619606018,0.581680178642273,86.93685913085938,5191.0,13.029644012451172,778.0,0.0,0.0,0.0334952250123024,2.0,0.0,0.0,0.0,0.3333333432674408,0.28333333134651184,0.21666665375232697,0.1666666716337204
2,0.22791642435458684,8.567934036254883,14.000444412231445,7.243134021759033,7.243134021759033,0.551182210445404,0.7540329098701477,92.22073364257812,22026.0,7.7457709312438965,1850.0,0.0,0.0,0.0334952250123024,8.0,0.0,0.0,4.646833896636963,7.270614147186279,4.054973125457764,4.054973125457764,0.8783818483352661,0.937609851360321,98.64344787597656,5890.0,1.323061466217041,79.0,0.0,0.0,0.0334952250123024,2.0,0.0,0.0,8.125799179077148,13.025009155273438,6.910305500030518,6.910305500030518,0.6114050149917603,0.7893385291099548,93.30095672607422,5571.0,6.665550231933594,398.0,0.0,0.0,0.0334952250123024,2.0,0.0,0.0,10.148821830749512,15.984733581542969,8.518803596496582,8.518803596496582,0.41608113050460815,0.669316291809082,89.88444519042969,5367.0,10.082062721252441,602.0,0.0,0.0,0.0334952250123024,2.0,0.0,0.0,11.350285530090332,17.49357795715332,9.488454818725586,9.488454818725586,0.30148887634277344,0.5949466228485107,87.0541000366211,5198.0,12.912410736083984,771.0,0.0,0.0,0.0334952250123024,2.0,0.0,0.0,0.07142857142857142,0.3245614171028137,0.2788847088813782,0.21998745203018188,0.17656642198562622
3,0.22582351407245857,8.440202713012695,13.811494827270508,7.154435634613037,7.154435634613037,0.563214898109436,0.7616434097290039,92.4552001953125,22082.0,7.507117748260498,1793.0,0.0,0.0,0.03768213093280792,9.0,0.0,0.0,4.4351911544799805,6.83759880065918,3.896601915359497,3.896601915359497,0.8924368619918823,0.9450042247772217,98.8946533203125,5905.0,1.0718472003936768,64.0,0.0,0.0,0.0334952250123024,2.0,0.0,0.0,7.989109516143799,12.728582382202148,6.830983638763428,6.830983638763428,0.6288912296295166,0.7995753884315491,93.68614959716797,5594.0,6.280354976654053,375.0,0.0,0.0,0.0334952250123024,2.0,0.0,0.0,10.045586585998535,15.838600158691406,8.444686889648438,8.444686889648438,0.42670881748199463,0.6765518188476562,90.01842498779297,5375.0,9.948081970214844,594.0,0.0,0.0,0.0334952250123024,2.0,0.0,0.0,11.290922164916992,17.418346405029297,9.445469856262207,9.445469856262207,0.3074839115142822,0.5988587737083435,87.22156524658203,5208.0,12.728185653686523,760.0,0.0,0.0,0.0502428375184536,3.0,0.0,0.0,0.14285714285714285,0.31578949093818665,0.2744360864162445,0.223308265209198,0.18646617233753204
4,0.22216249353978748,8.387170791625977,13.707439422607422,7.128077030181885,7.128077030181885,0.5697715878486633,0.7654796838760376,92.50962829589844,22095.0,7.452687740325928,1780.0,0.0,0.0,0.03768213093280792,9.0,0.0,0.0,4.338205337524414,6.615848541259766,3.824078321456909,3.824078321456909,0.8993005156517029,0.9486811757087708,99.11237335205078,5918.0,0.8541283011436462,51.0,0.0,0.0,0.0334952250123024,2.0,0.0,0.0,7.928220748901367,12.579803466796875,6.799278259277344,6.799278259277344,0.6375160217285156,0.8047212958335876,93.6191635131836,5590.0,6.347345352172852,379.0,0.0,0.0,0.0334952250123024,2.0,0.0,0.0,10.01069450378418,15.756255149841309,8.438990592956543,8.438990592956543,0.43265438079833984,0.6799312233924866,90.08541107177734,5379.0,9.881092071533203,590.0,0.0,0.0,0.0334952250123024,2.0,0.0,0.0,11.271562576293945,17.357852935791016,9.449963569641113,9.449963569641113,0.31228572130203247,0.6008263230323792,87.22156524658203,5208.0,12.728185653686523,760.0,0.0,0.0,0.0502428375184536,3.0,0.0,0.0,0.21428571428571427,0.30701756477355957,0.26998746395111084,0.22662906348705292,0.19636592268943787
5,0.22339203501122049,8.365707397460938,13.63747787475586,7.129369735717773,7.129369735717773,0.5741520524024963,0.7676605582237244,92.55987548828125,22107.0,7.402445316314697,1768.0,0.0,0.0,0.03768213093280792,9.0,0.0,0.0,4.289087772369385,6.495746612548828,3.7893877029418945,3.7893877029418945,0.9029234647750854,0.9506118893623352,99.17936706542969,5922.0,0.7871378064155579,47.0,0.0,0.0,0.0334952250123024,2.0,0.0,0.0,7.9045281410217285,12.488401412963867,6.799095153808594,6.799095153808594,0.6427643299102783,0.8077178001403809,93.78663635253906,5600.0,6.179869651794434,369.0,0.0,0.0,0.0334952250123024,2.0,0.0,0.0,9.99887752532959,15.684173583984375,8.456537246704102,8.456537246704102,0.4378334879875183,0.682140588760376,90.23613739013672,5388.0,9.730363845825195,581.0,0.0,0.0,0.0334952250123024,2.0,0.0,0.0,11.27033805847168,17.314014434814453,9.472460746765137,9.472460746765137,0.31575506925582886,0.601294755935669,87.03734588623047,5197.0,12.912410736083984,771.0,0.0,0.0,0.0502428375184536,3.0,0.0,0.0,0.2857142857142857,0.2982456088066101,0.2655388414859772,0.22994986176490784,0.2062656730413437
6,0.22404555039383386,8.33757209777832,13.596797943115234,7.108522891998291,7.108522891998291,0.5766888856887817,0.7692646384239197,92.56824493408203,22109.0,7.394071578979492,1766.0,0.0,0.0,0.03768213093280792,9.0,0.0,0.0,4.257229804992676,6.413293838500977,3.7668023109436035,3.7668023109436035,0.9053722620010376,0.9519259333610535,99.26310729980469,5927.0,0.7033997774124146,42.0,0.0,0.0,0.0334952250123024,2.0,0.0,0.0,7.873376369476318,12.42430305480957,6.779269218444824,6.779269218444824,0.6464220285415649,0.809909999370575,93.85363006591797,5604.0,6.112878799438477,365.0,0.0,0.0,0.0334952250123024,2.0,0.0,0.0,9.973482131958008,15.656533241271973,8.437424659729004,8.437424659729004,0.43981313705444336,0.6835638284683228,90.15239715576172,5383.0,9.814101219177246,586.0,0.0,0.0,0.0334952250123024,2.0,0.0,0.0,11.246194839477539,17.287883758544922,9.450597763061523,9.450597763061523,0.31781888008117676,0.6027365922927856,87.00385284423828,5195.0,12.945905685424805,773.0,0.0,0.0,0.0502428375184536,3.0,0.0,0.0,0.35714285714285715,0.28947368264198303,0.2610902190208435,0.23327067494392395,0.2161654233932495
7,0.22396197638174228,8.31271743774414,13.553642272949219,7.086055755615234,7.086055755615234,0.5793716907501221,0.7706707715988159,92.60173797607422,22117.0,7.360576152801514,1758.0,0.0,0.0,0.03768213093280792,9.0,0.0,0.0,4.22885799407959,6.351164817810059,3.740260362625122,3.740260362625122,0.9071968197822571,0.9528597593307495,99.22960662841797,5925.0,0.736894965171814,44.0,0.0,0.0,0.0334952250123024,2.0,0.0,0.0,7.854094505310059,12.37132453918457,6.759690284729004,6.759690284729004,0.6494309902191162,0.8115243911743164,93.90386962890625,5607.0,6.062636375427246,362.0,0.0,0.0,0.0334952250123024,2.0,0.0,0.0,9.94231128692627,15.616066932678223,8.40770435333252,8.40770435333252,0.4427051544189453,0.6851081848144531,90.20264434814453,5386.0,9.763858795166016,583.0,0.0,0.0,0.0334952250123024,2.0,0.0,0.0,11.225608825683594,17.24982261657715,9.436566352844238,9.436566352844238,0.32081931829452515,0.6038328409194946,87.07083892822266,5199.0,12.878913879394531,769.0,0.0,0.0,0.0502428375184536,3.0,0.0,0.0,0.42857142857142855,0.28070175647735596,0.25664159655570984,0.23659147322177887,0.22606515884399414
8,0.22667632078855451,8.285593032836914,13.515643119812012,7.064048767089844,7.064048767089844,0.5817269682884216,0.7721060514450073,92.72734832763672,22147.0,7.234969139099121,1728.0,0.0,0.0,0.03768213093280792,9.0,0.0,0.0,4.205296516418457,6.324456214904785,3.7239811420440674,3.7239811420440674,0.9079757332801819,0.9532980918884277,99.27985382080078,5928.0,0.6866521835327148,41.0,0.0,0.0,0.0334952250123024,2.0,0.0,0.0,7.82367467880249,12.326944351196289,6.736443996429443,6.736443996429443,0.6519417762756348,0.8130495548248291,93.98760986328125,5612.0,5.978898048400879,357.0,0.0,0.0,0.0334952250123024,2.0,0.0,0.0,9.913106918334961,15.577485084533691,8.38469409942627,8.38469409942627,0.44545549154281616,0.6868671178817749,90.38687133789062,5397.0,9.579634666442871,572.0,0.0,0.0,0.0334952250123024,2.0,0.0,0.0,11.20029354095459,17.20697593688965,9.411076545715332,9.411076545715332,0.3241891860961914,0.6057334542274475,87.25506591796875,5210.0,12.694690704345703,758.0,0.0,0.0,0.0502428375184536,3.0,0.0,0.0,0.5,0.2719298303127289,0.25219297409057617,0.2399122714996338,0.23596492409706116
9,0.230403667667296,8.291475296020508,13.507534980773926,7.0669755935668945,7.0669755935668945,0.5822286605834961,0.7721450328826904,92.71897888183594,22145.0,7.243342876434326,1730.0,0.0,0.0,0.03768213093280792,9.0,0.0,0.0,4.215394020080566,6.316615581512451,3.7317135334014893,3.7317135334014893,0.9082037210464478,0.953382134437561,99.2463607788086,5926.0,0.7201473712921143,43.0,0.0,0.0,0.0334952250123024,2.0,0.0,0.0,7.827625274658203,12.321657180786133,6.736379146575928,6.736379146575928,0.6522402167320251,0.813050389289856,94.03784942626953,5615.0,5.92865514755249,354.0,0.0,0.0,0.0334952250123024,2.0,0.0,0.0,9.914582252502441,15.558086395263672,8.384801864624023,8.384801864624023,0.44683581590652466,0.6870644092559814,90.38687133789062,5397.0,9.579634666442871,572.0,0.0,0.0,0.0334952250123024,2.0,0.0,0.0,11.208296775817871,17.205730438232422,9.415008544921875,9.415008544921875,0.3242870569229126,0.6052213907241821,87.20482635498047,5207.0,12.744933128356934,761.0,0.0,0.0,0.0502428375184536,3.0,0.0,0.0,0.5714285714285714,0.2631579041481018,0.2477443516254425,0.2432330846786499,0.24586467444896698
10,0.2293120955592514,8.284061431884766,13.490008354187012,7.064427375793457,7.064427375793457,0.5833121538162231,0.772800862789154,92.7608413696289,22155.0,7.201474189758301,1720.0,0.0,0.0,0.03768213093280792,9.0,0.0,0.0,4.2056097984313965,6.288391590118408,3.726722240447998,3.726722240447998,0.9090222120285034,0.9538230895996094,99.2463607788086,5926.0,0.7201473712921143,43.0,0.0,0.0,0.0334952250123024,2.0,0.0,0.0,7.829696178436279,12.303564071655273,6.744647979736328,6.744647979736328,0.6532608270645142,0.8136823773384094,94.02110290527344,5614.0,5.9454026222229,355.0,0.0,0.0,0.0334952250123024,2.0,0.0,0.0,9.905733108520508,15.543116569519043,8.381451606750488,8.381451606750488,0.44789981842041016,0.6877012252807617,90.4371109008789,5400.0,9.52939224243164,569.0,0.0,0.0,0.0334952250123024,2.0,0.0,0.0,11.195204734802246,17.187530517578125,9.404886245727539,9.404886245727539,0.32571566104888916,0.6060816049575806,87.33880615234375,5215.0,12.610952377319336,753.0,0.0,0.0,0.0502428375184536,3.0,0.0,0.0,0.6428571428571429,0.25438597798347473,0.24329572916030884,0.24655388295650482,0.2557644248008728
11,0.23284597202197244,8.267888069152832,13.471637725830078,7.052428245544434,7.052428245544434,0.5844461917877197,0.7734038829803467,92.7608413696289,22155.0,7.201474189758301,1720.0,0.0,0.0,0.03768213093280792,9.0,0.0,0.0,4.190951347351074,6.264110565185547,3.7146992683410645,3.7146992683410645,0.9097234606742859,0.9542428851127625,99.2463607788086,5926.0,0.7201473712921143,43.0,0.0,0.0,0.0334952250123024,2.0,0.0,0.0,7.812046051025391,12.286612510681152,6.73038387298584,6.73038387298584,0.6542155742645264,0.8142987489700317,94.00435638427734,5613.0,5.962150573730469,356.0,0.0,0.0,0.0334952250123024,2.0,0.0,0.0,9.887880325317383,15.52503776550293,8.36916732788086,8.36916732788086,0.4491833448410034,0.6880460977554321,90.4371109008789,5400.0,9.52939224243164,569.0,0.0,0.0,0.0334952250123024,2.0,0.0,0.0,11.180675506591797,17.167219161987305,9.395464897155762,9.395464897155762,0.3273084759712219,0.6066228151321411,87.35555267333984,5216.0,12.594204902648926,752.0,0.0,0.0,0.0502428375184536,3.0,0.0,0.0,0.7142857142857143,0.24561403691768646,0.23884710669517517,0.24987469613552094,0.26566416025161743
12,0.23444039441801262,8.265464782714844,13.462038040161133,7.052036285400391,7.052036285400391,0.5850383043289185,0.7741762399673462,92.76502990722656,22156.0,7.197287082672119,1719.0,0.0,0.0,0.03768213093280792,9.0,0.0,0.0,4.184337139129639,6.242228984832764,3.7108938694000244,3.7108938694000244,0.9103530645370483,0.9547261595726013,99.27985382080078,5928.0,0.6866521835327148,41.0,0.0,0.0,0.0334952250123024,2.0,0.0,0.0,7.816517353057861,12.279511451721191,6.736575603485107,6.736575603485107,0.6546151638031006,0.8149922490119934,93.98760986328125,5612.0,5.978898048400879,357.0,0.0,0.0,0.0334952250123024,2.0,0.0,0.0,9.886381149291992,15.52172565460205,8.36909008026123,8.36909008026123,0.44941842555999756,0.6887283325195312,90.45386505126953,5401.0,9.512643814086914,568.0,0.0,0.0,0.0334952250123024,2.0,0.0,0.0,11.174622535705566,17.153135299682617,9.391585350036621,9.391585350036621,0.3284118175506592,0.6074648499488831,87.33880615234375,5215.0,12.610952377319336,753.0,0.0,0.0,0.0502428375184536,3.0,0.0,0.0,0.7857142857142857,0.23684212565422058,0.2343984991312027,0.25319552421569824,0.27556392550468445
13,0.23657681783018672,8.270707130432129,13.451446533203125,7.0564188957214355,7.0564188957214355,0.5856909155845642,0.7741894125938416,92.74409484863281,22151.0,7.218221664428711,1724.0,0.0,0.0,0.03768213093280792,9.0,0.0,0.0,4.180467128753662,6.22168493270874,3.7054603099823,3.7054603099823,0.9109421372413635,0.9548969268798828,99.22960662841797,5925.0,0.736894965171814,44.0,0.0,0.0,0.0334952250123024,2.0,0.0,0.0,7.823214530944824,12.257593154907227,6.744342803955078,6.744342803955078,0.6558470726013184,0.8152053952217102,93.92061614990234,5608.0,6.045888423919678,361.0,0.0,0.0,0.0334952250123024,2.0,0.0,0.0,9.894607543945312,15.509489059448242,8.376256942749023,8.376256942749023,0.4502861499786377,0.6888859272003174,90.4706039428711,5402.0,9.49589729309082,567.0,0.0,0.0,0.0334952250123024,2.0,0.0,0.0,11.184538841247559,17.154109954833984,9.399612426757812,9.399612426757812,0.3283355236053467,0.6072829365730286,87.35555267333984,5216.0,12.594204902648926,752.0,0.0,0.0,0.0502428375184536,3.0,0.0,0.0,0.8571428571428571,0.22807016968727112,0.22994986176490784,0.25651630759239197,0.2854636609554291
14,0.23775106530485662,8.27806568145752,13.453417778015137,7.0676445960998535,7.0676445960998535,0.5855695009231567,0.773952305316925,92.72734832763672,22147.0,7.234969139099121,1728.0,0.0,0.0,0.03768213093280792,9.0,0.0,0.0,4.182150363922119,6.242539882659912,3.7054967880249023,3.7054967880249023,0.910344123840332,0.9545738697052002,99.26310729980469,5927.0,0.7033997774124146,42.0,0.0,0.0,0.0334952250123024,2.0,0.0,0.0,7.825448513031006,12.266682624816895,6.747764587402344,6.747764587402344,0.6553364396095276,0.8149577379226685,93.95410919189453,5610.0,6.012392997741699,359.0,0.0,0.0,0.0334952250123024,2.0,0.0,0.0,9.904242515563965,15.507453918457031,8.394488334655762,8.394488334655762,0.45043039321899414,0.6887154579162598,90.37012481689453,5396.0,9.596383094787598,573.0,0.0,0.0,0.0334952250123024,2.0,0.0,0.0,11.200422286987305,17.148056030273438,9.422830581665039,9.422830581665039,0.32880938053131104,0.6069371700286865,87.32205963134766,5214.0,12.627699851989746,754.0,0.0,0.0,0.0502428375184536,3.0,0.0,0.0,0.9285714285714286,0.21929824352264404,0.22550123929977417,0.2598370909690857,0.2953633964061737
15,0.2411540289822169,8.27208423614502,13.428044319152832,7.061611652374268,7.061611652374268,0.5871312618255615,0.7744209170341492,92.76502990722656,22156.0,7.197287082672119,1719.0,0.0,0.0,0.03768213093280792,9.0,0.0,0.0,4.177914142608643,6.217004776000977,3.7010879516601562,3.7010879516601562,0.9110761284828186,0.9549134373664856,99.26310729980469,5927.0,0.7033997774124146,42.0,0.0,0.0,0.0334952250123024,2.0,0.0,0.0,7.816770553588867,12.24057388305664,6.738794803619385,6.738794803619385,0.6568020582199097,0.8153830170631409,93.90386962890625,5607.0,6.062636375427246,362.0,0.0,0.0,0.0334952250123024,2.0,0.0,0.0,9.897085189819336,15.482999801635742,8.387033462524414,8.387033462524414,0.45216232538223267,0.6889601945877075,90.50410461425781,5404.0,9.462401390075684,565.0,0.0,0.0,0.0334952250123024,2.0,0.0,0.0,11.196568489074707,17.118513107299805,9.419530868530273,9.419530868530273,0.3311201333999634,0.607219934463501,87.38904571533203,5218.0,12.560709953308105,750.0,0.0,0.0,0.0502428375184536,3.0,0.0,0.0,1.0,0.21052631735801697,0.2210526168346405,0.2631579041481018,0.3052631616592407
16,0.23857106271117612,8.269022941589355,13.42164421081543,7.061901092529297,7.061901092529297,0.5875247716903687,0.7749062180519104,92.80690002441406,22166.0,7.159605026245117,1710.0,0.0,0.0,0.0334952250123024,8.0,0.0,0.0,4.1754350662231445,6.206048488616943,3.7014472484588623,3.7014472484588623,0.9113892316818237,0.9551464915275574,99.26310729980469,5927.0,0.7033997774124146,42.0,0.0,0.0,0.0334952250123024,2.0,0.0,0.0,7.8224101066589355,12.235788345336914,6.748166084289551,6.748166084289551,0.6570703983306885,0.8157883882522583,93.90386962890625,5607.0,6.062636375427246,362.0,0.0,0.0,0.0334952250123024,2.0,0.0,0.0,9.89107894897461,15.475540161132812,8.385122299194336,8.385122299194336,0.452690064907074,0.6896204948425293,90.621337890625,5411.0,9.345169067382812,558.0,0.0,0.0,0.0334952250123024,2.0,0.0,0.0,11.187166213989258,17.11257553100586,9.412869453430176,9.412869453430176,0.33158397674560547,0.6079119443893433,87.43929290771484,5221.0,12.527215957641602,748.0,0.0,0.0,0.0334952250123024,2.0,0.0,0.0,1.0,0.21052631735801697,0.2210526168346405,0.2631579041481018,0.3052631616592407
17,0.23823812294429683,8.265372276306152,13.427240371704102,7.057245254516602,7.057245254516602,0.5871807336807251,0.7750340700149536,92.82783508300781,22171.0,7.138670444488525,1705.0,0.0,0.0,0.0334952250123024,8.0,0.0,0.0,4.17238712310791,6.200196266174316,3.698439836502075,3.698439836502075,0.9115562438964844,0.9552631378173828,99.29660034179688,5929.0,0.6699045300483704,40.0,0.0,0.0,0.0334952250123024,2.0,0.0,0.0,7.819737434387207,12.241710662841797,6.74439001083374,6.74439001083374,0.65673828125,0.8158953189849854,93.97085571289062,5611.0,5.995645523071289,358.0,0.0,0.0,0.0334952250123024,2.0,0.0,0.0,9.88603401184082,15.484420776367188,8.378536224365234,8.378536224365234,0.4520617127418518,0.689889669418335,90.65483093261719,5413.0,9.311673164367676,556.0,0.0,0.0,0.0334952250123024,2.0,0.0,0.0,11.18332576751709,17.11998748779297,9.407611846923828,9.407611846923828,0.33100491762161255,0.6081423163414001,87.38904571533203,5218.0,12.577457427978516,751.0,0.0,0.0,0.0334952250123024,2.0,0.0,0.0,1.0,0.21052631735801697,0.2210526168346405,0.2631579041481018,0.3052631616592407
18,0.23754989628095632,8.273784637451172,13.426284790039062,7.068974494934082,7.068974494934082,0.5872395038604736,0.7748386263847351,92.74828338623047,22152.0,7.218221664428711,1724.0,0.0,0.0,0.0334952250123024,8.0,0.0,0.0,4.17706823348999,6.202778339385986,3.704463243484497,3.704463243484497,0.9114826321601868,0.9552035927772522,99.2463607788086,5926.0,0.7201473712921143,43.0,0.0,0.0,0.0334952250123024,2.0,0.0,0.0,7.8256683349609375,12.237646102905273,6.755533695220947,6.755533695220947,0.6569662094116211,0.8157923221588135,93.92061614990234,5608.0,6.045888423919678,361.0,0.0,0.0,0.0334952250123024,2.0,0.0,0.0,9.900138854980469,15.48145866394043,8.397687911987305,8.397687911987305,0.45227140188217163,0.6895999312400818,90.45386505126953,5401.0,9.512643814086914,568.0,0.0,0.0,0.0334952250123024,2.0,0.0,0.0,11.192265510559082,17.121639251708984,9.418210983276367,9.418210983276367,0.3308757543563843,0.6077498197555542,87.37229919433594,5217.0,12.594204902648926,752.0,0.0,0.0,0.0334952250123024,2.0,0.0,0.0,1.0,0.21052631735801697,0.2210526168346405,0.2631579041481018,0.3052631616592407
19,0.23628002415199903,8.282548904418945,13.421793937683105,7.083306312561035,7.083306312561035,0.5875155925750732,0.774938702583313,92.66873168945312,22133.0,7.2977728843688965,1743.0,0.0,0.0,0.0334952250123024,8.0,0.0,0.0,4.176046371459961,6.194221496582031,3.704681873321533,3.704681873321533,0.9117266535758972,0.955333948135376,99.17936706542969,5922.0,0.7871378064155579,47.0,0.0,0.0,0.0334952250123024,2.0,0.0,0.0,7.829198360443115,12.222469329833984,6.7634596824646,6.7634596824646,0.6578165292739868,0.8163338303565979,93.88712310791016,5606.0,6.079383373260498,363.0,0.0,0.0,0.0334952250123024,2.0,0.0,0.0,9.915355682373047,15.480072975158691,8.420304298400879,8.420304298400879,0.45236945152282715,0.6896522045135498,90.37012481689453,5396.0,9.596383094787598,573.0,0.0,0.0,0.0334952250123024,2.0,0.0,0.0,11.209596633911133,17.122745513916016,9.444777488708496,9.444777488708496,0.33078938722610474,0.6071915030479431,87.23831939697266,5209.0,12.728185653686523,760.0,0.0,0.0,0.0334952250123024,2.0,0.0,0.0,1.0,0.21052631735801697,0.2210526168346405,0.2631579041481018,0.3052631616592407
20,0.23547840742873233,8.289643287658691,13.422614097595215,7.0916852951049805,7.0916852951049805,0.5874651670455933,0.7749750018119812,92.67292022705078,22134.0,7.293585777282715,1742.0,0.0,0.0,0.0334952250123024,8.0,0.0,0.0,4.185637950897217,6.203385829925537,3.71628475189209,3.71628475189209,0.9114652872085571,0.9552587866783142,99.19611358642578,5923.0,0.7703902125358582,46.0,0.0,0.0,0.0334952250123024,2.0,0.0,0.0,7.842925548553467,12.226563453674316,6.779601573944092,6.779601573944092,0.6575872898101807,0.8162965178489685,93.87036895751953,5605.0,6.096131324768066,364.0,0.0,0.0,0.0334952250123024,2.0,0.0,0.0,9.92125129699707,15.480094909667969,8.42834758758545,8.42834758758545,0.4523678421974182,0.6895356178283691,90.42036437988281,5399.0,9.54613971710205,570.0,0.0,0.0,0.0334952250123024,2.0,0.0,0.0,11.208756446838379,17.119056701660156,9.442503929138184,9.442503929138184,0.3310776948928833,0.6073822379112244,87.20482635498047,5207.0,12.761680603027344,762.0,0.0,0.0,0.0334952250123024,2.0,0.0,0.0,1.0,0.21052631735801697,0.2210526168346405,0.2631579041481018,0.3052631616592407
21,0.23486644156137335,8.295829772949219,13.43027400970459,7.096528053283691,7.096528053283691,0.5869941711425781,0.7746055126190186,92.67292022705078,22134.0,7.293585777282715,1742.0,0.0,0.0,0.0334952250123024,8.0,0.0,0.0,4.1760735511779785,6.207030296325684,3.7058563232421875,3.7058563232421875,0.9113612174987793,0.9552168846130371,99.19611358642578,5923.0,0.7703902125358582,46.0,0.0,0.0,0.0334952250123024,2.0,0.0,0.0,7.84683084487915,12.237951278686523,6.781329154968262,6.781329154968262,0.6569491624832153,0.815879225730896,93.88712310791016,5606.0,6.079383373260498,363.0,0.0,0.0,0.0334952250123024,2.0,0.0,0.0,9.932146072387695,15.487628936767578,8.436558723449707,8.436558723449707,0.45183467864990234,0.6889076828956604,90.40361785888672,5398.0,9.562887191772461,571.0,0.0,0.0,0.0334952250123024,2.0,0.0,0.0,11.228267669677734,17.126813888549805,9.462371826171875,9.462371826171875,0.3304712772369385,0.606624960899353,87.20482635498047,5207.0,12.761680603027344,762.0,0.0,0.0,0.0334952250123024,2.0,0.0,0.0,1.0,0.21052631735801697,0.2210526168346405,0.2631579041481018,0.3052631616592407
22,0.23330807639985637,8.304906845092773,13.4402494430542,7.107837677001953,7.107837677001953,0.5863804221153259,0.7745493054389954,92.61430358886719,22120.0,7.352202415466309,1756.0,0.0,0.0,0.0334952250123024,8.0,0.0,0.0,4.18535041809082,6.213120460510254,3.714168071746826,3.714168071746826,0.9111871719360352,0.9551715850830078,99.17936706542969,5922.0,0.7871378064155579,47.0,0.0,0.0,0.0334952250123024,2.0,0.0,0.0,7.855851650238037,12.244638442993164,6.792388916015625,6.792388916015625,0.6565741300582886,0.8160245418548584,93.76988983154297,5599.0,6.196617126464844,370.0,0.0,0.0,0.0334952250123024,2.0,0.0,0.0,9.942117691040039,15.499465942382812,8.450969696044922,8.450969696044922,0.450996458530426,0.6890504360198975,90.4706039428711,5402.0,9.49589729309082,567.0,0.0,0.0,0.0334952250123024,2.0,0.0,0.0,11.236306190490723,17.140411376953125,9.473824501037598,9.473824501037598,0.32940781116485596,0.6064098477363586,87.03734588623047,5197.0,12.929158210754395,772.0,0.0,0.0,0.0334952250123024,2.0,0.0,0.0,1.0,0.21052631735801697,0.2210526168346405,0.2631579041481018,0.3052631616592407
23,0.2329841004953316,8.303803443908691,13.418581008911133,7.108136177062988,7.108136177062988,0.5877130031585693,0.7749119400978088,92.63523864746094,22125.0,7.331267833709717,1751.0,0.0,0.0,0.0334952250123024,8.0,0.0,0.0,4.192000865936279,6.2007622718811035,3.722125291824341,3.722125291824341,0.911540150642395,0.9552894234657288,99.19611358642578,5923.0,0.7703902125358582,46.0,0.0,0.0,0.0334952250123024,2.0,0.0,0.0,7.857755184173584,12.215396881103516,6.79547119140625,6.79547119140625,0.658212423324585,0.8164342641830444,93.80338287353516,5601.0,6.163121700286865,368.0,0.0,0.0,0.0334952250123024,2.0,0.0,0.0,9.933276176452637,15.471063613891602,8.444352149963379,8.444352149963379,0.4530066251754761,0.6894545555114746,90.40361785888672,5398.0,9.562887191772461,571.0,0.0,0.0,0.0334952250123024,2.0,0.0,0.0,11.232177734375,17.123497009277344,9.470598220825195,9.470598220825195,0.3307306170463562,0.6067745089530945,87.13783264160156,5203.0,12.828672409057617,766.0,0.0,0.0,0.0334952250123024,2.0,0.0,0.0,1.0,0.21052631735801697,0.2210526168346405,0.2631579041481018,0.3052631616592407
24,0.2319822450038802,8.315837860107422,13.43262767791748,7.122334957122803,7.122334957122803,0.5868493914604187,0.7748153209686279,92.62686157226562,22123.0,7.339641571044922,1753.0,0.0,0.0,0.0334952250123024,8.0,0.0,0.0,4.191195964813232,6.2096428871154785,3.722170352935791,3.722170352935791,0.9112865924835205,0.9553676247596741,99.1458740234375,5920.0,0.820633053779602,49.0,0.0,0.0,0.0334952250123024,2.0,0.0,0.0,7.866269111633301,12.232268333435059,6.805884838104248,6.805884838104248,0.657267689704895,0.816455602645874,93.83688354492188,5603.0,6.129626750946045,366.0,0.0,0.0,0.0334952250123024,2.0,0.0,0.0,9.953792572021484,15.491145133972168,8.46716594696045,8.46716594696045,0.4515857696533203,0.6889565587043762,90.30313110351562,5392.0,9.663372993469238,577.0,0.0,0.0,0.0334952250123024,2.0,0.0,0.0,11.252090454101562,17.134126663208008,9.494118690490723,9.494118690490723,0.3298993706703186,0.606092631816864,87.22156524658203,5208.0,12.744933128356934,761.0,0.0,0.0,0.0334952250123024,2.0,0.0,0.0,1.0,0.21052631735801697,0.2210526168346405,0.2631579041481018,0.3052631616592407
25,0.23151822369577657,8.311898231506348,13.435613632202148,7.116092681884766,7.116092681884766,0.5866657495498657,0.7746705412864685,92.63941955566406,22126.0,7.327081203460693,1750.0,0.0,0.0,0.0334952250123024,8.0,0.0,0.0,4.179376602172852,6.199445724487305,3.7095375061035156,3.7095375061035156,0.9115777015686035,0.9554324746131897,99.1626205444336,5921.0,0.8038854002952576,48.0,0.0,0.0,0.0334952250123024,2.0,0.0,0.0,7.861607074737549,12.230441093444824,6.798000812530518,6.798000812530518,0.6573700904846191,0.8164360523223877,93.85363006591797,5604.0,6.112878799438477,365.0,0.0,0.0,0.0334952250123024,2.0,0.0,0.0,9.952559471130371,15.496562957763672,8.462861061096191,8.462861061096191,0.4512020945549011,0.6887840628623962,90.33662414550781,5394.0,9.629878044128418,575.0,0.0,0.0,0.0334952250123024,2.0,0.0,0.0,11.254049301147461,17.143583297729492,9.493975639343262,9.493975639343262,0.3291594982147217,0.6059553027153015,87.20482635498047,5207.0,12.761680603027344,762.0,0.0,0.0,0.0334952250123024,2.0,0.0,0.0,1.0,0.21052631735801697,0.2210526168346405,0.2631579041481018,0.3052631616592407
step,fold10/test_loss,fold10/test_mae,fold10/test_rmse,fold10/test_mard,fold10/test_mape,fold10/test_r2,fold10/test_pearson,fold10/test_ega_zone_a_pct,fold10/test_ega_zone_a_count,fold10/test_ega_zone_b_pct,fold10/test_ega_zone_b_count,fold10/test_ega_zone_c_pct,fold10/test_ega_zone_c_count,fold10/test_ega_zone_d_pct,fold10/test_ega_zone_d_count,fold10/test_ega_zone_e_pct,fold10/test_ega_zone_e_count,fold10/test_horizon_15_mae,fold10/test_horizon_15_rmse,fold10/test_horizon_15_mard,fold10/test_horizon_15_mape,fold10/test_horizon_15_r2,fold10/test_horizon_15_pearson,fold10/test_horizon_15_ega_zone_a_pct,fold10/test_horizon_15_ega_zone_a_count,fold10/test_horizon_15_ega_zone_b_pct,fold10/test_horizon_15_ega_zone_b_count,fold10/test_horizon_15_ega_zone_c_pct,fold10/test_horizon_15_ega_zone_c_count,fold10/test_horizon_15_ega_zone_d_pct,fold10/test_horizon_15_ega_zone_d_count,fold10/test_horizon_15_ega_zone_e_pct,fold10/test_horizon_15_ega_zone_e_count,fold10/test_horizon_30_mae,fold10/test_horizon_30_rmse,fold10/test_horizon_30_mard,fold10/test_horizon_30_mape,fold10/test_horizon_30_r2,fold10/test_horizon_30_pearson,fold10/test_horizon_30_ega_zone_a_pct,fold10/test_horizon_30_ega_zone_a_count,fold10/test_horizon_30_ega_zone_b_pct,fold10/test_horizon_30_ega_zone_b_count,fold10/test_horizon_30_ega_zone_c_pct,fold10/test_horizon_30_ega_zone_c_count,fold10/test_horizon_30_ega_zone_d_pct,fold10/test_horizon_30_ega_zone_d_count,fold10/test_horizon_30_ega_zone_e_pct,fold10/test_horizon_30_ega_zone_e_count,fold10/test_horizon_45_mae,fold10/test_horizon_45_rmse,fold10/test_horizon_45_mard,fold10/test_horizon_45_mape,fold10/test_horizon_45_r2,fold10/test_horizon_45_pearson,fold10/test_horizon_45_ega_zone_a_pct,fold10/test_horizon_45_ega_zone_a_count,fold10/test_horizon_45_ega_zone_b_pct,fold10/test_horizon_45_ega_zone_b_count,fold10/test_horizon_45_ega_zone_c_pct,fold10/test_horizon_45_ega_zone_c_count,fold10/test_horizon_45_ega_zone_d_pct,fold10/test_horizon_45_ega_zone_d_count,fold10/test_horizon_45_ega_zone_e_pct,fold10/test_horizon_45_ega_zone_e_count,fold10/test_horizon_60_mae,fold10/test_horizon_60_rmse,fold10/test_horizon_60_mard,fold10/test_horizon_60_mape,fold10/test_horizon_60_r2,fold10/test_horizon_60_pearson,fold10/test_horizon_60_ega_zone_a_pct,fold10/test_horizon_60_ega_zone_a_count,fold10/test_horizon_60_ega_zone_b_pct,fold10/test_horizon_60_ega_zone_b_count,fold10/test_horizon_60_ega_zone_c_pct,fold10/test_horizon_60_ega_zone_c_count,fold10/test_horizon_60_ega_zone_d_pct,fold10/test_horizon_60_ega_zone_d_count,fold10/test_horizon_60_ega_zone_e_pct,fold10/test_horizon_60_ega_zone_e_count
0,0.41839204970180427,13.337265968322754,21.77025604248047,11.774003982543945,11.774003982543945,0.45616835355758667,0.7008066773414612,82.33210754394531,6277.0,16.146379470825195,1231.0,0.0,0.0,1.5215109586715698,116.0,0.0,0.0,6.121809959411621,8.947144508361816,5.504240989685059,5.504240989685059,0.9087819457054138,0.9542397856712341,96.90451049804688,1847.0,2.833158493041992,54.0,0.0,0.0,0.26232948899269104,5.0,0.0,0.0,12.440786361694336,18.82635498046875,10.990665435791016,10.990665435791016,0.594184398651123,0.7822242379188538,83.78804016113281,1597.0,14.900314331054688,284.0,0.0,0.0,1.3116474151611328,25.0,0.0,0.0,16.237241744995117,24.979907989501953,14.273689270019531,14.273689270019531,0.2816544771194458,0.5857391357421875,76.33788299560547,1455.0,21.66841697692871,413.0,0.0,0.0,1.993704080581665,38.0,0.0,0.0,18.549222946166992,28.93608856201172,16.327417373657227,16.327417373657227,0.03351700305938721,0.40820077061653137,72.29801177978516,1378.0,25.183629989624023,480.0,0.0,0.0,2.5183629989624023,48.0,0.0,0.0
step,fold11/train_loss,fold11/val_mae,fold11/val_rmse,fold11/val_mard,fold11/val_mape,fold11/val_r2,fold11/val_pearson,fold11/val_ega_zone_a_pct,fold11/val_ega_zone_a_count,fold11/val_ega_zone_b_pct,fold11/val_ega_zone_b_count,fold11/val_ega_zone_c_pct,fold11/val_ega_zone_c_count,fold11/val_ega_zone_d_pct,fold11/val_ega_zone_d_count,fold11/val_ega_zone_e_pct,fold11/val_ega_zone_e_count,fold11/val_horizon_15_mae,fold11/val_horizon_15_rmse,fold11/val_horizon_15_mard,fold11/val_horizon_15_mape,fold11/val_horizon_15_r2,fold11/val_horizon_15_pearson,fold11/val_horizon_15_ega_zone_a_pct,fold11/val_horizon_15_ega_zone_a_count,fold11/val_horizon_15_ega_zone_b_pct,fold11/val_horizon_15_ega_zone_b_count,fold11/val_horizon_15_ega_zone_c_pct,fold11/val_horizon_15_ega_zone_c_count,fold11/val_horizon_15_ega_zone_d_pct,fold11/val_horizon_15_ega_zone_d_count,fold11/val_horizon_15_ega_zone_e_pct,fold11/val_horizon_15_ega_zone_e_count,fold11/val_horizon_30_mae,fold11/val_horizon_30_rmse,fold11/val_horizon_30_mard,fold11/val_horizon_30_mape,fold11/val_horizon_30_r2,fold11/val_horizon_30_pearson,fold11/val_horizon_30_ega_zone_a_pct,fold11/val_horizon_30_ega_zone_a_count,fold11/val_horizon_30_ega_zone_b_pct,fold11/val_horizon_30_ega_zone_b_count,fold11/val_horizon_30_ega_zone_c_pct,fold11/val_horizon_30_ega_zone_c_count,fold11/val_horizon_30_ega_zone_d_pct,fold11/val_horizon_30_ega_zone_d_count,fold11/val_horizon_30_ega_zone_e_pct,fold11/val_horizon_30_ega_zone_e_count,fold11/val_horizon_45_mae,fold11/val_horizon_45_rmse,fold11/val_horizon_45_mard,fold11/val_horizon_45_mape,fold11/val_horizon_45_r2,fold11/val_horizon_45_pearson,fold11/val_horizon_45_ega_zone_a_pct,fold11/val_horizon_45_ega_zone_a_count,fold11/val_horizon_45_ega_zone_b_pct,fold11/val_horizon_45_ega_zone_b_count,fold11/val_horizon_45_ega_zone_c_pct,fold11/val_horizon_45_ega_zone_c_count,fold11/val_horizon_45_ega_zone_d_pct,fold11/val_horizon_45_ega_zone_d_count,fold11/val_horizon_45_ega_zone_e_pct,fold11/val_horizon_45_ega_zone_e_count,fold11/val_horizon_60_mae,fold11/val_horizon_60_rmse,fold11/val_horizon_60_mard,fold11/val_horizon_60_mape,fold11/val_horizon_60_r2,fold11/val_horizon_60_pearson,fold11/val_horizon_60_ega_zone_a_pct,fold11/val_horizon_60_ega_zone_a_count,fold11/val_horizon_60_ega_zone_b_pct,fold11/val_horizon_60_ega_zone_b_count,fold11/val_horizon_60_ega_zone_c_pct,fold11/val_horizon_60_ega_zone_c_count,fold11/val_horizon_60_ega_zone_d_pct,fold11/val_horizon_60_ega_zone_d_count,fold11/val_horizon_60_ega_zone_e_pct,fold11/val_horizon_60_ega_zone_e_count,fold11/diag_horizon_curriculum_progress,fold11/diag_loss_horizon_weight_0,fold11/diag_loss_horizon_weight_1,fold11/diag_loss_horizon_weight_2,fold11/diag_loss_horizon_weight_3
1,0.2401742117411616,12.188920021057129,19.978599548339844,10.722342491149902,10.722342491149902,0.3629762530326843,0.635444700717926,84.93391418457031,12081.0,13.934194564819336,1982.0,0.0,0.0,1.131889820098877,161.0,0.0,0.0,6.8659868240356445,10.666664123535156,6.115561485290527,6.115561485290527,0.8190485239028931,0.9051971435546875,94.68504333496094,3367.0,4.696288108825684,167.0,0.0,0.0,0.6186726689338684,22.0,0.0,0.0,11.651588439941406,18.203079223632812,10.22065544128418,10.22065544128418,0.47176218032836914,0.7043473720550537,85.57367706298828,3043.0,13.329583168029785,474.0,0.0,0.0,1.0967379808425903,39.0,0.0,0.0,14.29818344116211,22.64301300048828,12.450502395629883,12.450502395629883,0.17985248565673828,0.512740433216095,81.35546112060547,2893.0,17.266592025756836,614.0,0.0,0.0,1.3779526948928833,49.0,0.0,0.0,15.939923286437988,25.273347854614258,14.102649688720703,14.102649688720703,-0.02179861068725586,0.3628373444080353,78.1214828491211,2778.0,20.444320678710938,727.0,0.0,0.0,1.434195637702942,51.0,0.0,0.0,0.0,0.3333333432674408,0.28333333134651184,0.21666665375232697,0.1666666716337204
2,0.22055158560572108,11.67730712890625,19.107778549194336,10.272769927978516,10.272769927978516,0.4172987937927246,0.6759732365608215,85.71428680419922,12192.0,13.315523147583008,1894.0,0.0,0.0,0.970191240310669,138.0,0.0,0.0,5.9518046379089355,8.940849304199219,5.328166484832764,5.328166484832764,0.8728657960891724,0.9352487325668335,96.79415130615234,3442.0,2.9246342182159424,104.0,0.0,0.0,0.2812148630619049,10.0,0.0,0.0,11.067951202392578,17.065460205078125,9.724835395812988,9.724835395812988,0.5357245206832886,0.7464518547058105,86.361083984375,3071.0,12.739032745361328,453.0,0.0,0.0,0.8998875617980957,32.0,0.0,0.0,13.965639114379883,21.845550537109375,12.21644401550293,12.21644401550293,0.2366046905517578,0.5560923218727112,81.55230712890625,2900.0,17.182226181030273,611.0,0.0,0.0,1.2654668092727661,45.0,0.0,0.0,15.723831176757812,24.73927879333496,13.821634292602539,13.821634292602539,0.02092975378036499,0.4016979932785034,78.14960479736328,2779.0,20.41619873046875,726.0,0.0,0.0,1.434195637702942,51.0,0.0,0.0,0.07142857142857142,0.3245614171028137,0.2788847088813782,0.21998745203018188,0.17656642198562622
3,0.2176349008979361,11.524828910827637,18.80786895751953,10.15295124053955,10.15295124053955,0.4354470372200012,0.6868389248847961,86.10798645019531,12248.0,12.942913055419922,1841.0,0.0,0.0,0.949100136756897,135.0,0.0,0.0,5.72161865234375,8.475173950195312,5.134478569030762,5.134478569030762,0.8857642412185669,0.9420866370201111,97.35658264160156,3462.0,2.3903262615203857,85.0,0.0,0.0,0.2530933618545532,9.0,0.0,0.0,10.914755821228027,16.69039535522461,9.617962837219238,9.617962837219238,0.5559079647064209,0.7584640979766846,87.20472717285156,3101.0,11.92350959777832,424.0,0.0,0.0,0.8717659711837769,31.0,0.0,0.0,13.831511497497559,21.540037155151367,12.131848335266113,12.131848335266113,0.2578076720237732,0.5690577626228333,81.60855102539062,2902.0,17.154104232788086,610.0,0.0,0.0,1.2373453378677368,44.0,0.0,0.0,15.63143253326416,24.50658416748047,13.727519989013672,13.727519989013672,0.03926116228103638,0.412170946598053,78.26209259033203,2783.0,20.3037109375,722.0,0.0,0.0,1.434195637702942,51.0,0.0,0.0,0.14285714285714285,0.31578949093818665,0.2744360864162445,0.223308265209198,0.18646617233753204
4,0.21840081569972603,11.427490234375,18.673227310180664,10.06923770904541,10.06923770904541,0.44350117444992065,0.6914699673652649,86.325927734375,12279.0,12.746063232421875,1813.0,0.0,0.0,0.928009033203125,132.0,0.0,0.0,5.582770347595215,8.258743286132812,4.999392986297607,4.999392986297607,0.8915241956710815,0.9451760053634644,97.6377944946289,3472.0,2.137232780456543,76.0,0.0,0.0,0.22497189044952393,8.0,0.0,0.0,10.80579662322998,16.511587142944336,9.516732215881348,9.516732215881348,0.5653723478317261,0.7640796899795532,87.45781707763672,3110.0,11.69853687286377,416.0,0.0,0.0,0.8436444997787476,30.0,0.0,0.0,13.750782012939453,21.403907775878906,12.070540428161621,12.070540428161621,0.26715922355651855,0.5742034912109375,81.77728271484375,2908.0,17.013498306274414,605.0,0.0,0.0,1.2092238664627075,43.0,0.0,0.0,15.570611000061035,24.408828735351562,13.690285682678223,13.690285682678223,0.04691058397293091,0.4152885973453522,78.43081665039062,2789.0,20.13498306274414,716.0,0.0,0.0,1.434195637702942,51.0,0.0,0.0,0.21428571428571427,0.30701756477355957,0.26998746395111084,0.22662906348705292,0.19636592268943787
5,0.21595316889907132,11.390056610107422,18.594497680664062,10.035799026489258,10.035799026489258,0.4481837749481201,0.6948325634002686,86.33296203613281,12280.0,12.774184226989746,1817.0,0.0,0.0,0.8928571939468384,127.0,0.0,0.0,5.520867347717285,8.13803768157959,4.944527626037598,4.944527626037598,0.8946719169616699,0.9468416571617126,97.77840423583984,3477.0,2.052868366241455,73.0,0.0,0.0,0.16872890293598175,6.0,0.0,0.0,10.75279712677002,16.3898983001709,9.472227096557617,9.472227096557617,0.5717549324035645,0.7684994339942932,87.73902893066406,3120.0,11.473565101623535,408.0,0.0,0.0,0.787401556968689,28.0,0.0,0.0,13.717772483825684,21.323379516601562,12.038512229919434,12.038512229919434,0.2726632356643677,0.5781817436218262,81.72103881835938,2906.0,17.097862243652344,608.0,0.0,0.0,1.1811023950576782,42.0,0.0,0.0,15.568790435791016,24.361417770385742,13.687929153442383,13.687929153442383,0.0506095290184021,0.41895413398742676,78.0933609008789,2777.0,20.472440719604492,728.0,0.0,0.0,1.434195637702942,51.0,0.0,0.0,0.2857142857142857,0.2982456088066101,0.2655388414859772,0.22994986176490784,0.2062656730413437
6,0.21815650286126873,11.370616912841797,18.57733154296875,10.019742965698242,10.019742965698242,0.44920217990875244,0.696564257144928,86.27671813964844,12272.0,12.837457656860352,1826.0,0.0,0.0,0.885826826095581,126.0,0.0,0.0,5.494385242462158,8.110450744628906,4.927579402923584,4.927579402923584,0.8953847885131836,0.9474292397499084,97.83464813232422,3479.0,2.024746894836426,72.0,0.0,0.0,0.14060743153095245,5.0,0.0,0.0,10.722858428955078,16.341379165649414,9.4480562210083,9.4480562210083,0.574286699295044,0.7703120708465576,87.68279266357422,3118.0,11.529808044433594,410.0,0.0,0.0,0.787401556968689,28.0,0.0,0.0,13.694087982177734,21.287628173828125,12.019315719604492,12.019315719604492,0.27510005235671997,0.5815466046333313,81.49606323242188,2898.0,17.32283592224121,616.0,0.0,0.0,1.1811023950576782,42.0,0.0,0.0,15.57113265991211,24.3820858001709,13.684022903442383,13.684022903442383,0.04899793863296509,0.4213324785232544,78.0933609008789,2777.0,20.472440719604492,728.0,0.0,0.0,1.434195637702942,51.0,0.0,0.0,0.35714285714285715,0.28947368264198303,0.2610902190208435,0.23327067494392395,0.2161654233932495
7,0.21960864300821342,11.357775688171387,18.55154037475586,10.002124786376953,10.002124786376953,0.45073050260543823,0.6968318223953247,86.38919830322266,12288.0,12.724971771240234,1810.0,0.0,0.0,0.885826826095581,126.0,0.0,0.0,5.46983003616333,8.035897254943848,4.898897647857666,4.898897647857666,0.8972992300987244,0.9482758641242981,97.80652618408203,3478.0,2.052868366241455,73.0,0.0,0.0,0.14060743153095245,5.0,0.0,0.0,10.708319664001465,16.301651000976562,9.424415588378906,9.424415588378906,0.5763542056083679,0.7711932063102722,87.90776062011719,3126.0,11.30483627319336,402.0,0.0,0.0,0.787401556968689,28.0,0.0,0.0,13.694518089294434,21.29004669189453,12.01069164276123,12.01069164276123,0.2749353051185608,0.5806671380996704,81.72103881835938,2906.0,17.097862243652344,608.0,0.0,0.0,1.1811023950576782,42.0,0.0,0.0,15.558435440063477,24.35268211364746,13.674497604370117,13.674497604370117,0.05129021406173706,0.42129525542259216,78.1214828491211,2778.0,20.444320678710938,727.0,0.0,0.0,1.434195637702942,51.0,0.0,0.0,0.42857142857142855,0.28070175647735596,0.25664159655570984,0.23659147322177887,0.22606515884399414
8,0.22116215502013678,11.301994323730469,18.476789474487305,9.960707664489746,9.960707664489746,0.45514804124832153,0.698810875415802,86.43840789794922,12295.0,12.675759315490723,1803.0,0.0,0.0,0.885826826095581,126.0,0.0,0.0,5.448765754699707,7.9987030029296875,4.884872913360596,4.884872913360596,0.8982477188110352,0.9487448930740356,97.80652618408203,3478.0,2.052868366241455,73.0,0.0,0.0,0.14060743153095245,5.0,0.0,0.0,10.646431922912598,16.22154998779297,9.375120162963867,9.375120162963867,0.580507218837738,0.773450493812561,87.99212646484375,3129.0,11.192350387573242,398.0,0.0,0.0,0.8155230283737183,29.0,0.0,0.0,13.615099906921387,21.193979263305664,11.954211235046387,11.954211235046387,0.2814640402793884,0.583302915096283,81.74916076660156,2907.0,17.097862243652344,608.0,0.0,0.0,1.152980923652649,41.0,0.0,0.0,15.497673034667969,24.274765014648438,13.628628730773926,13.628628730773926,0.05735135078430176,0.42304641008377075,78.20584869384766,2781.0,20.359954833984375,724.0,0.0,0.0,1.434195637702942,51.0,0.0,0.0,0.5,0.2719298303127289,0.25219297409057617,0.2399122714996338,0.23596492409706116
9,0.22212453269713622,11.300349235534668,18.439802169799805,9.957571029663086,9.957571029663086,0.4573272466659546,0.7008219957351685,86.48762512207031,12302.0,12.633577346801758,1797.0,0.0,0.0,0.8787963390350342,125.0,0.0,0.0,5.431123733520508,7.954230785369873,4.871964931488037,4.871964931488037,0.8993760347366333,0.9494231343269348,97.94713592529297,3483.0,1.9122610092163086,68.0,0.0,0.0,0.14060743153095245,5.0,0.0,0.0,10.632457733154297,16.164169311523438,9.372701644897461,9.372701644897461,0.5834697484970093,0.7756347060203552,88.1046142578125,3133.0,11.079864501953125,394.0,0.0,0.0,0.8155230283737183,29.0,0.0,0.0,13.623664855957031,21.152254104614258,11.957233428955078,11.957233428955078,0.28429049253463745,0.5865515470504761,81.60855102539062,2902.0,17.266592025756836,614.0,0.0,0.0,1.1248594522476196,40.0,0.0,0.0,15.514151573181152,24.25153923034668,13.628385543823242,13.628385543823242,0.05915433168411255,0.4248622953891754,78.29021453857422,2784.0,20.275588989257812,721.0,0.0,0.0,1.434195637702942,51.0,0.0,0.0,0.5714285714285714,0.2631579041481018,0.2477443516254425,0.2432330846786499,0.24586467444896698
10,0.2242970343787018,11.310663223266602,18.449731826782227,9.9652099609375,9.9652099609375,0.45674264430999756,0.7005457878112793,86.41029357910156,12291.0,12.71091079711914,1808.0,0.0,0.0,0.8787963390350342,125.0,0.0,0.0,5.438737869262695,7.971899032592773,4.878530502319336,4.878530502319336,0.8989285230636597,0.9492468237876892,97.8908920288086,3481.0,1.9685039520263672,70.0,0.0,0.0,0.14060743153095245,5.0,0.0,0.0,10.64348316192627,16.192459106445312,9.378549575805664,9.378549575805664,0.5820105075836182,0.7747436761856079,87.93588256835938,3127.0,11.276715278625488,401.0,0.0,0.0,0.787401556968689,28.0,0.0,0.0,13.634807586669922,21.15943145751953,11.964637756347656,11.964637756347656,0.28380459547042847,0.586188793182373,81.74916076660156,2907.0,17.097862243652344,608.0,0.0,0.0,1.152980923652649,41.0,0.0,0.0,15.525625228881836,24.25081443786621,13.639118194580078,13.639118194580078,0.05921059846878052,0.4259006381034851,78.06523895263672,2776.0,20.50056266784668,729.0,0.0,0.0,1.434195637702942,51.0,0.0,0.0,0.6428571428571429,0.25438597798347473,0.24329572916030884,0.24655388295650482,0.2557644248008728
11,0.225263149230754,11.304256439208984,18.435842514038086,9.953850746154785,9.953850746154785,0.45756030082702637,0.7020794749259949,86.41029357910156,12291.0,12.724971771240234,1810.0,0.0,0.0,0.8647356033325195,123.0,0.0,0.0,5.439420700073242,7.970146179199219,4.888772010803223,4.888772010803223,0.8989729881286621,0.9494826197624207,97.94713592529297,3483.0,1.9122610092163086,68.0,0.0,0.0,0.14060743153095245,5.0,0.0,0.0,10.632845878601074,16.183883666992188,9.364027976989746,9.364027976989746,0.5824531316757202,0.7759174108505249,88.02024841308594,3130.0,11.22047233581543,399.0,0.0,0.0,0.7592800855636597,27.0,0.0,0.0,13.62025260925293,21.144512176513672,11.933337211608887,11.933337211608887,0.2848142981529236,0.5884689092636108,81.60855102539062,2902.0,17.266592025756836,614.0,0.0,0.0,1.1248594522476196,40.0,0.0,0.0,15.524510383605957,24.227867126464844,13.62926197052002,13.62926197052002,0.060990214347839355,0.4284657835960388,78.06523895263672,2776.0,20.50056266784668,729.0,0.0,0.0,1.434195637702942,51.0,0.0,0.0,0.7142857142857143,0.24561403691768646,0.23884710669517517,0.24987469613552094,0.26566416025161743
12,0.2277321451907955,11.306151390075684,18.44818687438965,9.954462051391602,9.954462051391602,0.4568336606025696,0.7007251381874084,86.43138122558594,12294.0,12.68278980255127,1804.0,0.0,0.0,0.885826826095581,126.0,0.0,0.0,5.467214107513428,8.021620750427246,4.912888050079346,4.912888050079346,0.8976638317108154,0.9485378861427307,97.94713592529297,3483.0,1.8841395378112793,67.0,0.0,0.0,0.16872890293598175,6.0,0.0,0.0,10.63369369506836,16.210826873779297,9.371613502502441,9.371613502502441,0.5810617208480835,0.7742738723754883,87.90776062011719,3126.0,11.30483627319336,402.0,0.0,0.0,0.787401556968689,28.0,0.0,0.0,13.612380027770996,21.153337478637695,11.92959213256836,11.92959213256836,0.28421711921691895,0.5869196653366089,81.69291687011719,2905.0,17.154104232788086,610.0,0.0,0.0,1.152980923652649,41.0,0.0,0.0,15.511323928833008,24.222745895385742,13.603755950927734,13.603755950927734,0.061387062072753906,0.4276346266269684,78.17772674560547,2780.0,20.388076782226562,725.0,0.0,0.0,1.434195637702942,51.0,0.0,0.0,0.7857142857142857,0.23684212565422058,0.2343984991312027,0.25319552421569824,0.27556392550468445
13,0.22893785344285458,11.318424224853516,18.438234329223633,9.973346710205078,9.973346710205078,0.4574194550514221,0.7021471261978149,86.24156188964844,12267.0,12.879639625549316,1832.0,0.0,0.0,0.8787963390350342,125.0,0.0,0.0,5.443363189697266,7.973934650421143,4.892745494842529,4.892745494842529,0.8988769054412842,0.9492880702018738,97.97525024414062,3484.0,1.85601806640625,66.0,0.0,0.0,0.16872890293598175,6.0,0.0,0.0,10.629610061645508,16.180526733398438,9.37537670135498,9.37537670135498,0.5826262831687927,0.7759507298469543,88.02024841308594,3130.0,11.192350387573242,398.0,0.0,0.0,0.787401556968689,28.0,0.0,0.0,13.633088111877441,21.146583557128906,11.960508346557617,11.960508346557617,0.28467410802841187,0.5890552401542664,81.2992172241211,2891.0,17.575927734375,625.0,0.0,0.0,1.1248594522476196,40.0,0.0,0.0,15.567635536193848,24.234333038330078,13.664758682250977,13.664758682250977,0.060488998889923096,0.43002015352249146,77.67153930664062,2762.0,20.894264221191406,743.0,0.0,0.0,1.434195637702942,51.0,0.0,0.0,0.8571428571428571,0.22807016968727112,0.22994986176490784,0.25651630759239197,0.2854636609554291
14,0.2306826100073386,11.28823184967041,18.3941707611084,9.951353073120117,9.951353073120117,0.46000969409942627,0.7039551734924316,86.3399887084961,12281.0,12.795275688171387,1820.0,0.0,0.0,0.8647356033325195,123.0,0.0,0.0,5.416599273681641,7.9288740158081055,4.872678756713867,4.872678756713867,0.9000165462493896,0.9501226544380188,97.94713592529297,3483.0,1.9122610092163086,68.0,0.0,0.0,0.14060743153095245,5.0,0.0,0.0,10.60837173461914,16.138137817382812,9.368209838867188,9.368209838867188,0.5848102569580078,0.7778317928314209,87.90776062011719,3126.0,11.30483627319336,402.0,0.0,0.0,0.787401556968689,28.0,0.0,0.0,13.609021186828613,21.10380744934082,11.941768646240234,11.941768646240234,0.28756511211395264,0.5905453562736511,81.35546112060547,2893.0,17.519685745239258,623.0,0.0,0.0,1.1248594522476196,40.0,0.0,0.0,15.518929481506348,24.180673599243164,13.622756004333496,13.622756004333496,0.06464487314224243,0.431350976228714,78.14960479736328,2779.0,20.444320678710938,727.0,0.0,0.0,1.4060741662979126,50.0,0.0,0.0,0.9285714285714286,0.21929824352264404,0.22550123929977417,0.2598370909690857,0.2953633964061737
15,0.234213222111084,11.282605171203613,18.40440559387207,9.9446382522583,9.9446382522583,0.45940864086151123,0.7038238048553467,86.44544219970703,12296.0,12.68278980255127,1804.0,0.0,0.0,0.8717659711837769,124.0,0.0,0.0,5.429779052734375,7.958767890930176,4.878064155578613,4.878064155578613,0.8992612361907959,0.9496782422065735,97.91901397705078,3482.0,1.9122610092163086,68.0,0.0,0.0,0.16872890293598175,6.0,0.0,0.0,10.610785484313965,16.165586471557617,9.368762016296387,9.368762016296387,0.5833966732025146,0.7771983742713928,87.93588256835938,3127.0,11.276715278625488,401.0,0.0,0.0,0.787401556968689,28.0,0.0,0.0,13.598033905029297,21.113990783691406,11.933385848999023,11.933385848999023,0.28687751293182373,0.5910605788230896,81.69291687011719,2905.0,17.182226181030273,611.0,0.0,0.0,1.1248594522476196,40.0,0.0,0.0,15.491823196411133,24.174772262573242,13.598343849182129,13.598343849182129,0.06510132551193237,0.43267393112182617,78.23397064208984,2782.0,20.359954833984375,724.0,0.0,0.0,1.4060741662979126,50.0,0.0,0.0,1.0,0.21052631735801697,0.2210526168346405,0.2631579041481018,0.3052631616592407
16,0.23323729691607833,11.295050621032715,18.389951705932617,9.955954551696777,9.955954551696777,0.4602574110031128,0.7031716704368591,86.48762512207031,12302.0,12.633577346801758,1797.0,0.0,0.0,0.8787963390350342,125.0,0.0,0.0,5.4504289627075195,7.949936389923096,4.898981094360352,4.898981094360352,0.8994846940040588,0.9495664238929749,98.00337219238281,3485.0,1.8278965950012207,65.0,0.0,0.0,0.16872890293598175,6.0,0.0,0.0,10.6281156539917,16.160747528076172,9.382586479187012,9.382586479187012,0.5836461186408997,0.7763317227363586,88.02024841308594,3130.0,11.192350387573242,398.0,0.0,0.0,0.787401556968689,28.0,0.0,0.0,13.60738468170166,21.103302001953125,11.944067001342773,11.944067001342773,0.28759926557540894,0.5897207260131836,81.60855102539062,2902.0,17.266592025756836,614.0,0.0,0.0,1.1248594522476196,40.0,0.0,0.0,15.494270324707031,24.14623260498047,13.598182678222656,13.598182678222656,0.06730729341506958,0.431984007358551,78.3183364868164,2785.0,20.247468948364258,720.0,0.0,0.0,1.434195637702942,51.0,0.0,0.0,1.0,0.21052631735801697,0.2210526168346405,0.2631579041481018,0.3052631616592407
17,0.2313981239034348,11.300641059875488,18.38498878479004,9.955771446228027,9.955771446228027,0.4605486989021301,0.7035354971885681,86.42434692382812,12293.0,12.703880310058594,1807.0,0.0,0.0,0.8717659711837769,124.0,0.0,0.0,5.432751655578613,7.92230749130249,4.883294582366943,4.883294582366943,0.9001821279525757,0.9499826431274414,98.08773803710938,3488.0,1.771653652191162,63.0,0.0,0.0,0.14060743153095245,5.0,0.0,0.0,10.63589096069336,16.154022216796875,9.388412475585938,9.388412475585938,0.5839925408363342,0.7767902612686157,87.93588256835938,3127.0,11.2485933303833,400.0,0.0,0.0,0.8155230283737183,29.0,0.0,0.0,13.62454605102539,21.111658096313477,11.950511932373047,11.950511932373047,0.2870349884033203,0.5898559093475342,81.58042907714844,2901.0,17.266592025756836,614.0,0.0,0.0,1.152980923652649,41.0,0.0,0.0,15.509374618530273,24.13739013671875,13.600868225097656,13.600868225097656,0.06799030303955078,0.4321214258670807,78.0933609008789,2777.0,20.528684616088867,730.0,0.0,0.0,1.3779526948928833,49.0,0.0,0.0,1.0,0.21052631735801697,0.2210526168346405,0.2631579041481018,0.3052631616592407
18,0.23055190012123294,11.2804594039917,18.356103897094727,9.932636260986328,9.932636260986328,0.4622424840927124,0.7046229839324951,86.56495666503906,12313.0,12.591394424438477,1791.0,0.0,0.0,0.8436444997787476,120.0,0.0,0.0,5.437882423400879,7.937053203582764,4.889063358306885,4.889063358306885,0.8998101949691772,0.9498417377471924,98.08773803710938,3488.0,1.7997751235961914,64.0,0.0,0.0,0.11248594522476196,4.0,0.0,0.0,10.617384910583496,16.118879318237305,9.364935874938965,9.364935874938965,0.5858006477355957,0.7778266668319702,88.13273620605469,3134.0,11.079864501953125,394.0,0.0,0.0,0.787401556968689,28.0,0.0,0.0,13.574252128601074,21.053020477294922,11.896368026733398,11.896368026733398,0.2909899950027466,0.5921279191970825,81.86164855957031,2911.0,17.013498306274414,605.0,0.0,0.0,1.1248594522476196,40.0,0.0,0.0,15.492316246032715,24.11931610107422,13.58017635345459,13.58017635345459,0.06938552856445312,0.43368634581565857,78.17772674560547,2780.0,20.472440719604492,728.0,0.0,0.0,1.349831223487854,48.0,0.0,0.0,1.0,0.21052631735801697,0.2210526168346405,0.2631579041481018,0.3052631616592407
19,0.2293787822336042,11.30075740814209,18.37636375427246,9.95776081085205,9.95776081085205,0.4610547423362732,0.7040887475013733,86.5157470703125,12306.0,12.619516372680664,1795.0,0.0,0.0,0.8647356033325195,123.0,0.0,0.0,5.436342716217041,7.9312896728515625,4.8888773918151855,4.8888773918151855,0.8999556303024292,0.9499883055686951,98.08773803710938,3488.0,1.771653652191162,63.0,0.0,0.0,0.14060743153095245,5.0,0.0,0.0,10.63398551940918,16.149099349975586,9.392891883850098,9.392891883850098,0.584246039390564,0.7770704030990601,88.04837036132812,3131.0,11.136107444763184,396.0,0.0,0.0,0.8155230283737183,29.0,0.0,0.0,13.609761238098145,21.08554458618164,11.938257217407227,11.938257217407227,0.28879767656326294,0.5909603238105774,81.80540466308594,2909.0,17.04161834716797,606.0,0.0,0.0,1.152980923652649,41.0,0.0,0.0,15.522939682006836,24.134286880493164,13.61101245880127,13.61101245880127,0.0682300329208374,0.4327561557292938,78.1214828491211,2778.0,20.528684616088867,730.0,0.0,0.0,1.349831223487854,48.0,0.0,0.0,1.0,0.21052631735801697,0.2210526168346405,0.2631579041481018,0.3052631616592407
20,0.22910554522559756,11.300007820129395,18.357229232788086,9.949203491210938,9.949203491210938,0.46217650175094604,0.7048841714859009,86.55089569091797,12311.0,12.598424911499023,1792.0,0.0,0.0,0.8506748676300049,121.0,0.0,0.0,5.442018985748291,7.933404922485352,4.891536235809326,4.891536235809326,0.8999022841453552,0.9499466419219971,98.00337219238281,3485.0,1.85601806640625,66.0,0.0,0.0,0.14060743153095245,5.0,0.0,0.0,10.63003158569336,16.127023696899414,9.386329650878906,9.386329650878906,0.5853819847106934,0.7780394554138184,88.32958221435547,3141.0,10.883014678955078,387.0,0.0,0.0,0.787401556968689,28.0,0.0,0.0,13.610923767089844,21.063671112060547,11.930540084838867,11.930540084838867,0.2902725338935852,0.5922735929489136,81.69291687011719,2905.0,17.182226181030273,611.0,0.0,0.0,1.1248594522476196,40.0,0.0,0.0,15.517054557800293,24.10919952392578,13.588406562805176,13.588406562805176,0.07016617059707642,0.4338638484477997,78.17772674560547,2780.0,20.472440719604492,728.0,0.0,0.0,1.349831223487854,48.0,0.0,0.0,1.0,0.21052631735801697,0.2210526168346405,0.2631579041481018,0.3052631616592407
21,0.22777058056144375,11.296420097351074,18.350910186767578,9.947625160217285,9.947625160217285,0.462546706199646,0.7057598829269409,86.55089569091797,12311.0,12.626546859741211,1796.0,0.0,0.0,0.8225533962249756,117.0,0.0,0.0,5.421392917633057,7.9016032218933105,4.874850749969482,4.874850749969482,0.9007031917572021,0.9504066705703735,98.05961608886719,3487.0,1.7997751235961914,64.0,0.0,0.0,0.14060743153095245,5.0,0.0,0.0,10.614678382873535,16.097137451171875,9.371825218200684,9.371825218200684,0.5869172215461731,0.7793833017349243,88.61080169677734,3151.0,10.686163902282715,380.0,0.0,0.0,0.7030370831489563,25.0,0.0,0.0,13.619834899902344,21.05014419555664,11.935203552246094,11.935203552246094,0.2911837697029114,0.5939819812774658,81.52418518066406,2899.0,17.379077911376953,618.0,0.0,0.0,1.0967379808425903,39.0,0.0,0.0,15.529772758483887,24.132177352905273,13.608620643615723,13.608620643615723,0.06839299201965332,0.4349822998046875,78.00899505615234,2774.0,20.641170501708984,734.0,0.0,0.0,1.349831223487854,48.0,0.0,0.0,1.0,0.21052631735801697,0.2210526168346405,0.2631579041481018,0.3052631616592407
22,0.22680844214617038,11.30883502960205,18.366838455200195,9.965985298156738,9.965985298156738,0.46161335706710815,0.7051622271537781,86.44544219970703,12296.0,12.739032745361328,1812.0,0.0,0.0,0.8155230283737183,116.0,0.0,0.0,5.423326015472412,7.898418426513672,4.878257751464844,4.878257751464844,0.9007831811904907,0.950413703918457,98.17210388183594,3491.0,1.6872889995574951,60.0,0.0,0.0,0.14060743153095245,5.0,0.0,0.0,10.63668155670166,16.115514755249023,9.39885425567627,9.39885425567627,0.5859735012054443,0.7789478302001953,88.44207000732422,3145.0,10.85489273071289,386.0,0.0,0.0,0.7030370831489563,25.0,0.0,0.0,13.641595840454102,21.081735610961914,11.96417236328125,11.96417236328125,0.2890546917915344,0.5928836464881897,81.24296569824219,2889.0,17.688413619995117,629.0,0.0,0.0,1.0686163902282715,38.0,0.0,0.0,15.53373908996582,24.1418399810791,13.622654914855957,13.622654914855957,0.06764668226242065,0.43422266840934753,77.92463684082031,2771.0,20.725534439086914,737.0,0.0,0.0,1.349831223487854,48.0,0.0,0.0,1.0,0.21052631735801697,0.2210526168346405,0.2631579041481018,0.3052631616592407
23,0.22578268682811997,11.317113876342773,18.35989761352539,9.970081329345703,9.970081329345703,0.4620201587677002,0.7054264545440674,86.41029357910156,12291.0,12.753093719482422,1814.0,0.0,0.0,0.8366141319274902,119.0,0.0,0.0,5.437553405761719,7.921684741973877,4.895679473876953,4.895679473876953,0.9001978039741516,0.9501392841339111,98.14398193359375,3490.0,1.7435319423675537,62.0,0.0,0.0,0.11248594522476196,4.0,0.0,0.0,10.645051002502441,16.117069244384766,9.409119606018066,9.409119606018066,0.5858936309814453,0.7788769602775574,88.55455780029297,3149.0,10.686163902282715,380.0,0.0,0.0,0.7592800855636597,27.0,0.0,0.0,13.644704818725586,21.066944122314453,11.961077690124512,11.961077690124512,0.2900518774986267,0.5934212803840637,81.07423400878906,2883.0,17.800899505615234,633.0,0.0,0.0,1.1248594522476196,40.0,0.0,0.0,15.541145324707031,24.124971389770508,13.614445686340332,13.614445686340332,0.06894910335540771,0.43514347076416016,77.86839294433594,2769.0,20.78177833557129,739.0,0.0,0.0,1.349831223487854,48.0,0.0,0.0,1.0,0.21052631735801697,0.2210526168346405,0.2631579041481018,0.3052631616592407
24,0.22544835360110307,11.330062866210938,18.36920928955078,9.984047889709473,9.984047889709473,0.4614742398262024,0.7048842310905457,86.29780578613281,12275.0,12.865579605102539,1830.0,0.0,0.0,0.8366141319274902,119.0,0.0,0.0,5.4434123039245605,7.942350387573242,4.901524066925049,4.901524066925049,0.8996764421463013,0.9498459100723267,98.11585998535156,3489.0,1.771653652191162,63.0,0.0,0.0,0.11248594522476196,4.0,0.0,0.0,10.658111572265625,16.133882522583008,9.42038345336914,9.42038345336914,0.585029125213623,0.7782415151596069,88.41394805908203,3144.0,10.798649787902832,384.0,0.0,0.0,0.787401556968689,28.0,0.0,0.0,13.657625198364258,21.07505226135254,11.973135948181152,11.973135948181152,0.2895053029060364,0.5926695466041565,80.98987579345703,2880.0,17.91338539123535,637.0,0.0,0.0,1.0967379808425903,39.0,0.0,0.0,15.561098098754883,24.128211975097656,13.64114761352539,13.64114761352539,0.0686989426612854,0.43484073877334595,77.67153930664062,2762.0,20.978628158569336,746.0,0.0,0.0,1.349831223487854,48.0,0.0,0.0,1.0,0.21052631735801697,0.2210526168346405,0.2631579041481018,0.3052631616592407
25,0.22431322702951903,11.330229759216309,18.36145782470703,9.977733612060547,9.977733612060547,0.46192866563796997,0.7051813006401062,86.36811065673828,12285.0,12.809335708618164,1822.0,0.0,0.0,0.8225533962249756,117.0,0.0,0.0,5.42454719543457,7.903442859649658,4.881349563598633,4.881349563598633,0.9006569385528564,0.9503244757652283,98.22834777832031,3493.0,1.6591675281524658,59.0,0.0,0.0,0.11248594522476196,4.0,0.0,0.0,10.643644332885742,16.106142044067383,9.400556564331055,9.400556564331055,0.5864548683166504,0.7789995074272156,88.4701919555664,3146.0,10.770528793334961,383.0,0.0,0.0,0.7592800855636597,27.0,0.0,0.0,13.67027759552002,21.072582244873047,11.97704029083252,11.97704029083252,0.2896718382835388,0.5930007696151733,81.10235595703125,2884.0,17.829021453857422,634.0,0.0,0.0,1.0686163902282715,38.0,0.0,0.0,15.582452774047852,24.138072967529297,13.651986122131348,13.651986122131348,0.06793755292892456,0.43435215950012207,77.67153930664062,2762.0,20.978628158569336,746.0,0.0,0.0,1.349831223487854,48.0,0.0,0.0,1.0,0.21052631735801697,0.2210526168346405,0.2631579041481018,0.3052631616592407
26,0.22358358710531204,11.344231605529785,18.377723693847656,9.992437362670898,9.992437362670898,0.4609749913215637,0.7049921751022339,86.29780578613281,12275.0,12.879639625549316,1832.0,0.0,0.0,0.8225533962249756,117.0,0.0,0.0,5.436795711517334,7.919264316558838,4.897890090942383,4.897890090942383,0.9002587795257568,0.9501992464065552,98.20022583007812,3492.0,1.6872889995574951,60.0,0.0,0.0,0.11248594522476196,4.0,0.0,0.0,10.66565227508545,16.132373809814453,9.426802635192871,9.426802635192871,0.5851068496704102,0.7785180807113647,88.30146026611328,3140.0,10.939257621765137,389.0,0.0,0.0,0.7592800855636597,27.0,0.0,0.0,13.69131088256836,21.096471786499023,11.995198249816895,11.995198249816895,0.2880603075027466,0.5927255153656006,81.24296569824219,2889.0,17.688413619995117,629.0,0.0,0.0,1.0686163902282715,38.0,0.0,0.0,15.583166122436523,24.144018173217773,13.649855613708496,13.649855613708496,0.06747841835021973,0.43474677205085754,77.44657135009766,2754.0,21.20359992980957,754.0,0.0,0.0,1.349831223487854,48.0,0.0,0.0,1.0,0.21052631735801697,0.2210526168346405,0.2631579041481018,0.3052631616592407
step,fold11/test_loss,fold11/test_mae,fold11/test_rmse,fold11/test_mard,fold11/test_mape,fold11/test_r2,fold11/test_pearson,fold11/test_ega_zone_a_pct,fold11/test_ega_zone_a_count,fold11/test_ega_zone_b_pct,fold11/test_ega_zone_b_count,fold11/test_ega_zone_c_pct,fold11/test_ega_zone_c_count,fold11/test_ega_zone_d_pct,fold11/test_ega_zone_d_count,fold11/test_ega_zone_e_pct,fold11/test_ega_zone_e_count,fold11/test_horizon_15_mae,fold11/test_horizon_15_rmse,fold11/test_horizon_15_mard,fold11/test_horizon_15_mape,fold11/test_horizon_15_r2,fold11/test_horizon_15_pearson,fold11/test_horizon_15_ega_zone_a_pct,fold11/test_horizon_15_ega_zone_a_count,fold11/test_horizon_15_ega_zone_b_pct,fold11/test_horizon_15_ega_zone_b_count,fold11/test_horizon_15_ega_zone_c_pct,fold11/test_horizon_15_ega_zone_c_count,fold11/test_horizon_15_ega_zone_d_pct,fold11/test_horizon_15_ega_zone_d_count,fold11/test_horizon_15_ega_zone_e_pct,fold11/test_horizon_15_ega_zone_e_count,fold11/test_horizon_30_mae,fold11/test_horizon_30_rmse,fold11/test_horizon_30_mard,fold11/test_horizon_30_mape,fold11/test_horizon_30_r2,fold11/test_horizon_30_pearson,fold11/test_horizon_30_ega_zone_a_pct,fold11/test_horizon_30_ega_zone_a_count,fold11/test_horizon_30_ega_zone_b_pct,fold11/test_horizon_30_ega_zone_b_count,fold11/test_horizon_30_ega_zone_c_pct,fold11/test_horizon_30_ega_zone_c_count,fold11/test_horizon_30_ega_zone_d_pct,fold11/test_horizon_30_ega_zone_d_count,fold11/test_horizon_30_ega_zone_e_pct,fold11/test_horizon_30_ega_zone_e_count,fold11/test_horizon_45_mae,fold11/test_horizon_45_rmse,fold11/test_horizon_45_mard,fold11/test_horizon_45_mape,fold11/test_horizon_45_r2,fold11/test_horizon_45_pearson,fold11/test_horizon_45_ega_zone_a_pct,fold11/test_horizon_45_ega_zone_a_count,fold11/test_horizon_45_ega_zone_b_pct,fold11/test_horizon_45_ega_zone_b_count,fold11/test_horizon_45_ega_zone_c_pct,fold11/test_horizon_45_ega_zone_c_count,fold11/test_horizon_45_ega_zone_d_pct,fold11/test_horizon_45_ega_zone_d_count,fold11/test_horizon_45_ega_zone_e_pct,fold11/test_horizon_45_ega_zone_e_count,fold11/test_horizon_60_mae,fold11/test_horizon_60_rmse,fold11/test_horizon_60_mard,fold11/test_horizon_60_mape,fold11/test_horizon_60_r2,fold11/test_horizon_60_pearson,fold11/test_horizon_60_ega_zone_a_pct,fold11/test_horizon_60_ega_zone_a_count,fold11/test_horizon_60_ega_zone_b_pct,fold11/test_horizon_60_ega_zone_b_count,fold11/test_horizon_60_ega_zone_c_pct,fold11/test_horizon_60_ega_zone_c_count,fold11/test_horizon_60_ega_zone_d_pct,fold11/test_horizon_60_ega_zone_d_count,fold11/test_horizon_60_ega_zone_e_pct,fold11/test_horizon_60_ega_zone_e_count
0,0.2870248723443468,10.478022575378418,15.90631103515625,8.416237831115723,8.416237831115723,0.5635381937026978,0.768161416053772,90.03046417236328,7685.0,9.9695405960083,851.0,0.0,0.0,0.0,0.0,0.0,0.0,4.522550582885742,6.3588361740112305,3.7664856910705566,3.7664856910705566,0.9306437969207764,0.9654667377471924,99.81256103515625,2130.0,0.18744142353534698,4.0,0.0,0.0,0.0,0.0,0.0,0.0,9.471653938293457,13.721776008605957,7.653947830200195,7.653947830200195,0.6755579710006714,0.8303044438362122,93.58013153076172,1997.0,6.4198689460754395,137.0,0.0,0.0,0.0,0.0,0.0,0.0,12.833084106445312,18.42133331298828,10.244975090026855,10.244975090026855,0.4125382900238037,0.6773940324783325,85.2389907836914,1819.0,14.76101303100586,315.0,0.0,0.0,0.0,0.0,0.0,0.0,15.084802627563477,21.070724487304688,11.999537467956543,11.999537467956543,0.23141610622406006,0.5648699402809143,81.49015808105469,1739.0,18.509841918945312,395.0,0.0,0.0,0.0,0.0,0.0,0.0
step,fold12/train_loss,fold12/val_mae,fold12/val_rmse,fold12/val_mard,fold12/val_mape,fold12/val_r2,fold12/val_pearson,fold12/val_ega_zone_a_pct,fold12/val_ega_zone_a_count,fold12/val_ega_zone_b_pct,fold12/val_ega_zone_b_count,fold12/val_ega_zone_c_pct,fold12/val_ega_zone_c_count,fold12/val_ega_zone_d_pct,fold12/val_ega_zone_d_count,fold12/val_ega_zone_e_pct,fold12/val_ega_zone_e_count,fold12/val_horizon_15_mae,fold12/val_horizon_15_rmse,fold12/val_horizon_15_mard,fold12/val_horizon_15_mape,fold12/val_horizon_15_r2,fold12/val_horizon_15_pearson,fold12/val_horizon_15_ega_zone_a_pct,fold12/val_horizon_15_ega_zone_a_count,fold12/val_horizon_15_ega_zone_b_pct,fold12/val_horizon_15_ega_zone_b_count,fold12/val_horizon_15_ega_zone_c_pct,fold12/val_horizon_15_ega_zone_c_count,fold12/val_horizon_15_ega_zone_d_pct,fold12/val_horizon_15_ega_zone_d_count,fold12/val_horizon_15_ega_zone_e_pct,fold12/val_horizon_15_ega_zone_e_count,fold12/val_horizon_30_mae,fold12/val_horizon_30_rmse,fold12/val_horizon_30_mard,fold12/val_horizon_30_mape,fold12/val_horizon_30_r2,fold12/val_horizon_30_pearson,fold12/val_horizon_30_ega_zone_a_pct,fold12/val_horizon_30_ega_zone_a_count,fold12/val_horizon_30_ega_zone_b_pct,fold12/val_horizon_30_ega_zone_b_count,fold12/val_horizon_30_ega_zone_c_pct,fold12/val_horizon_30_ega_zone_c_count,fold12/val_horizon_30_ega_zone_d_pct,fold12/val_horizon_30_ega_zone_d_count,fold12/val_horizon_30_ega_zone_e_pct,fold12/val_horizon_30_ega_zone_e_count,fold12/val_horizon_45_mae,fold12/val_horizon_45_rmse,fold12/val_horizon_45_mard,fold12/val_horizon_45_mape,fold12/val_horizon_45_r2,fold12/val_horizon_45_pearson,fold12/val_horizon_45_ega_zone_a_pct,fold12/val_horizon_45_ega_zone_a_count,fold12/val_horizon_45_ega_zone_b_pct,fold12/val_horizon_45_ega_zone_b_count,fold12/val_horizon_45_ega_zone_c_pct,fold12/val_horizon_45_ega_zone_c_count,fold12/val_horizon_45_ega_zone_d_pct,fold12/val_horizon_45_ega_zone_d_count,fold12/val_horizon_45_ega_zone_e_pct,fold12/val_horizon_45_ega_zone_e_count,fold12/val_horizon_60_mae,fold12/val_horizon_60_rmse,fold12/val_horizon_60_mard,fold12/val_horizon_60_mape,fold12/val_horizon_60_r2,fold12/val_horizon_60_pearson,fold12/val_horizon_60_ega_zone_a_pct,fold12/val_horizon_60_ega_zone_a_count,fold12/val_horizon_60_ega_zone_b_pct,fold12/val_horizon_60_ega_zone_b_count,fold12/val_horizon_60_ega_zone_c_pct,fold12/val_horizon_60_ega_zone_c_count,fold12/val_horizon_60_ega_zone_d_pct,fold12/val_horizon_60_ega_zone_d_count,fold12/val_horizon_60_ega_zone_e_pct,fold12/val_horizon_60_ega_zone_e_count,fold12/diag_horizon_curriculum_progress,fold12/diag_loss_horizon_weight_0,fold12/diag_loss_horizon_weight_1,fold12/diag_loss_horizon_weight_2,fold12/diag_loss_horizon_weight_3
1,0.23249792336956884,10.523330688476562,15.664839744567871,9.482149124145508,9.482149124145508,0.2213350534439087,0.5523514747619629,87.06985473632812,17003.0,12.5,2441.0,0.0,0.0,0.4301515817642212,84.0,0.0,0.0,7.0681915283203125,10.126361846923828,6.536402702331543,6.536402702331543,0.6783731579780579,0.8321669101715088,94.57189178466797,4617.0,5.100368499755859,249.0,0.0,0.0,0.3277345299720764,16.0,0.0,0.0,10.431073188781738,15.270453453063965,9.390288352966309,9.390288352966309,0.2640113830566406,0.5816423296928406,87.40270233154297,4267.0,12.126177787780762,592.0,0.0,0.0,0.47111836075782776,23.0,0.0,0.0,11.862662315368652,17.454269409179688,10.583573341369629,10.583573341369629,0.028532326221466064,0.42065054178237915,83.92052459716797,4097.0,15.587873458862305,761.0,0.0,0.0,0.4916017949581146,24.0,0.0,0.0,12.731400489807129,18.470714569091797,11.418330192565918,11.418330192565918,-0.09597063064575195,0.3199041783809662,82.38426971435547,4022.0,17.185579299926758,839.0,0.0,0.0,0.4301515817642212,21.0,0.0,0.0,0.0,0.3333333432674408,0.28333333134651184,0.21666665375232697,0.1666666716337204
2,0.21028786225681884,10.194986343383789,15.247538566589355,9.188766479492188,9.188766479492188,0.26226866245269775,0.5891517996788025,87.98648071289062,17182.0,11.629454612731934,2271.0,0.0,0.0,0.3840638995170593,75.0,0.0,0.0,6.220233917236328,8.900962829589844,5.730180263519287,5.730180263519287,0.7515040636062622,0.8754011988639832,96.88652038574219,4730.0,2.949610710144043,144.0,0.0,0.0,0.1638672649860382,8.0,0.0,0.0,10.168424606323242,14.74725341796875,9.194936752319336,9.194936752319336,0.31358063220977783,0.6233934760093689,87.91478729248047,4292.0,11.634576797485352,568.0,0.0,0.0,0.45063501596450806,22.0,0.0,0.0,11.801437377929688,17.20282554626465,10.572867393493652,10.572867393493652,0.056320369243621826,0.44618985056877136,84.35067749023438,4118.0,15.157721519470215,740.0,0.0,0.0,0.4916017949581146,24.0,0.0,0.0,12.58984661102295,18.365835189819336,11.25708293914795,11.25708293914795,-0.08355987071990967,0.33921337127685547,82.79393768310547,4042.0,16.775911331176758,819.0,0.0,0.0,0.4301515817642212,21.0,0.0,0.0,0.07142857142857142,0.3245614171028137,0.2788847088813782,0.21998745203018188,0.17656642198562622
3,0.20832155363943228,10.127313613891602,15.152442932128906,9.152359008789062,9.152359008789062,0.27144211530685425,0.5978546142578125,88.08889770507812,17202.0,11.532158851623535,2252.0,0.0,0.0,0.3789430558681488,74.0,0.0,0.0,5.972494602203369,8.519285202026367,5.514638900756836,5.514638900756836,0.7723584175109863,0.8866094350814819,97.37812042236328,4754.0,2.478492498397827,121.0,0.0,0.0,0.14338386058807373,7.0,0.0,0.0,10.098464012145996,14.60623836517334,9.158321380615234,9.158321380615234,0.3266451954841614,0.6357458829879761,87.97624206542969,4295.0,11.593608856201172,566.0,0.0,0.0,0.4301515817642212,21.0,0.0,0.0,11.82976245880127,17.167797088623047,10.640592575073242,10.640592575073242,0.06015944480895996,0.45339831709861755,84.16632080078125,4109.0,15.321590423583984,748.0,0.0,0.0,0.5120851993560791,25.0,0.0,0.0,12.608534812927246,18.377498626708984,11.295878410339355,11.295878410339355,-0.08493649959564209,0.34203413128852844,82.83490753173828,4044.0,16.734943389892578,817.0,0.0,0.0,0.4301515817642212,21.0,0.0,0.0,0.14285714285714285,0.31578949093818665,0.2744360864162445,0.223308265209198,0.18646617233753204
4,0.205742944466975,10.07530689239502,15.077718734741211,9.121269226074219,9.121269226074219,0.27861011028289795,0.6024534106254578,88.09913635253906,17204.0,11.532158851623535,2252.0,0.0,0.0,0.36870133876800537,72.0,0.0,0.0,5.829217910766602,8.312215805053711,5.387685298919678,5.387685298919678,0.7832899689674377,0.8923330307006836,97.5215072631836,4761.0,2.3555920124053955,115.0,0.0,0.0,0.12290044873952866,6.0,0.0,0.0,10.03785228729248,14.508414268493652,9.114287376403809,9.114287376403809,0.33563441038131714,0.6420170068740845,87.97624206542969,4295.0,11.614092826843262,567.0,0.0,0.0,0.4096681773662567,20.0,0.0,0.0,11.833133697509766,17.135520935058594,10.664542198181152,10.664542198181152,0.06369000673294067,0.4564506411552429,84.20729064941406,4111.0,15.301105499267578,747.0,0.0,0.0,0.4916017949581146,24.0,0.0,0.0,12.601024627685547,18.334049224853516,11.318560600280762,11.318560600280762,-0.07981228828430176,0.34379541873931885,82.69152069091797,4037.0,16.857845306396484,823.0,0.0,0.0,0.45063501596450806,22.0,0.0,0.0,0.21428571428571427,0.30701756477355957,0.26998746395111084,0.22662906348705292,0.19636592268943787
5,0.2054835517668548,10.082645416259766,15.081390380859375,9.138632774353027,9.138632774353027,0.27825868129730225,0.6035001277923584,88.114501953125,17207.0,11.52703857421875,2251.0,0.0,0.0,0.3584596514701843,70.0,0.0,0.0,5.7639546394348145,8.215999603271484,5.331578254699707,5.331578254699707,0.7882778644561768,0.8949151039123535,97.80828094482422,4775.0,2.068824291229248,101.0,0.0,0.0,0.12290044873952866,6.0,0.0,0.0,10.03404712677002,14.505370140075684,9.116908073425293,9.116908073425293,0.33591318130493164,0.6445629000663757,88.05817413330078,4299.0,11.532158851623535,563.0,0.0,0.0,0.4096681773662567,20.0,0.0,0.0,11.87222957611084,17.158994674682617,10.712647438049316,10.712647438049316,0.061122894287109375,0.45704081654548645,84.12535858154297,4107.0,15.424007415771484,753.0,0.0,0.0,0.45063501596450806,22.0,0.0,0.0,12.66035270690918,18.369918823242188,11.39339828491211,11.39339828491211,-0.08404171466827393,0.34237197041511536,82.46620178222656,4026.0,17.083162307739258,834.0,0.0,0.0,0.45063501596450806,22.0,0.0,0.0,0.2857142857142857,0.2982456088066101,0.2655388414859772,0.22994986176490784,0.2062656730413437
6,0.2075785815389205,10.0418701171875,15.03908920288086,9.098670959472656,9.098670959472656,0.2823018431663513,0.6062542200088501,88.12474822998047,17209.0,11.516796112060547,2249.0,0.0,0.0,0.3584596514701843,70.0,0.0,0.0,5.721457004547119,8.170031547546387,5.294783592224121,5.294783592224121,0.7906404137611389,0.8964540958404541,97.8287582397461,4776.0,2.027857542037964,99.0,0.0,0.0,0.14338386058807373,7.0,0.0,0.0,10.006547927856445,14.468526840209961,9.095466613769531,9.095466613769531,0.33928245306015015,0.6475239992141724,88.30397033691406,4311.0,11.306841850280762,552.0,0.0,0.0,0.38918474316596985,19.0,0.0,0.0,11.82325553894043,17.11051368713379,10.665519714355469,10.665519714355469,0.06642091274261475,0.46018943190574646,84.02294158935547,4102.0,15.526422500610352,758.0,0.0,0.0,0.45063501596450806,22.0,0.0,0.0,12.616223335266113,18.325927734375,11.33891773223877,11.33891773223877,-0.07885587215423584,0.34510502219200134,82.34330749511719,4020.0,17.20606231689453,840.0,0.0,0.0,0.45063501596450806,22.0,0.0,0.0,0.35714285714285715,0.28947368264198303,0.2610902190208435,0.23327067494392395,0.2161654233932495
7,0.20699621527420436,10.034562110900879,15.036177635192871,9.099480628967285,9.099480628967285,0.2825797200202942,0.607256293296814,88.05817413330078,17196.0,11.5782470703125,2261.0,0.0,0.0,0.36358052492141724,71.0,0.0,0.0,5.675459861755371,8.117246627807617,5.253354072570801,5.253354072570801,0.7933369874954224,0.8980827927589417,97.95166015625,4782.0,1.9254403114318848,94.0,0.0,0.0,0.12290044873952866,6.0,0.0,0.0,9.986672401428223,14.451030731201172,9.08627700805664,9.08627700805664,0.3408793807029724,0.6491695642471313,88.11962890625,4302.0,11.470708847045898,560.0,0.0,0.0,0.4096681773662567,20.0,0.0,0.0,11.842628479003906,17.12076187133789,10.694722175598145,10.694722175598145,0.06530213356018066,0.46100714802742004,84.1048812866211,4106.0,15.424007415771484,753.0,0.0,0.0,0.47111836075782776,23.0,0.0,0.0,12.633490562438965,18.34404754638672,11.363569259643555,11.363569259643555,-0.08099043369293213,0.3453918397426605,82.05653381347656,4006.0,17.492830276489258,854.0,0.0,0.0,0.45063501596450806,22.0,0.0,0.0,0.42857142857142855,0.28070175647735596,0.25664159655570984,0.23659147322177887,0.22606515884399414
8,0.2106520837475121,10.037748336791992,15.040717124938965,9.098880767822266,9.098880767822266,0.2821464538574219,0.6076596975326538,88.10426330566406,17205.0,11.52703857421875,2251.0,0.0,0.0,0.36870133876800537,72.0,0.0,0.0,5.689352512359619,8.132641792297363,5.267769813537598,5.267769813537598,0.7925522327423096,0.8980686664581299,97.95166015625,4782.0,1.9254403114318848,94.0,0.0,0.0,0.12290044873952866,6.0,0.0,0.0,9.996543884277344,14.461251258850098,9.096070289611816,9.096070289611816,0.3399467468261719,0.6493919491767883,88.18107604980469,4305.0,11.388774871826172,556.0,0.0,0.0,0.4301515817642212,21.0,0.0,0.0,11.834306716918945,17.117427825927734,10.68039608001709,10.68039608001709,0.06566625833511353,0.4616847634315491,84.14584350585938,4108.0,15.383039474487305,751.0,0.0,0.0,0.47111836075782776,23.0,0.0,0.0,12.630786895751953,18.347171783447266,11.351286888122559,11.351286888122559,-0.08135867118835449,0.34546828269958496,82.13846588134766,4010.0,17.41089630126953,850.0,0.0,0.0,0.45063501596450806,22.0,0.0,0.0,0.5,0.2719298303127289,0.25219297409057617,0.2399122714996338,0.23596492409706116
9,0.21182741545810316,10.044123649597168,15.061358451843262,9.110644340515137,9.110644340515137,0.2801748514175415,0.6083609461784363,88.06841278076172,17198.0,11.583367347717285,2262.0,0.0,0.0,0.3482179343700409,68.0,0.0,0.0,5.678467273712158,8.133992195129395,5.257529258728027,5.257529258728027,0.792483389377594,0.8986095786094666,97.86972045898438,4778.0,2.0073740482330322,98.0,0.0,0.0,0.12290044873952866,6.0,0.0,0.0,9.996785163879395,14.482216835021973,9.097670555114746,9.097670555114746,0.338031530380249,0.6507695913314819,88.14010620117188,4303.0,11.450224876403809,559.0,0.0,0.0,0.4096681773662567,20.0,0.0,0.0,11.851580619812012,17.15126609802246,10.70505142211914,10.70505142211914,0.06196856498718262,0.4626791179180145,84.1048812866211,4106.0,15.464973449707031,755.0,0.0,0.0,0.4301515817642212,21.0,0.0,0.0,12.649662017822266,18.36615562438965,11.382325172424316,11.382325172424316,-0.08359766006469727,0.3455865979194641,82.15895080566406,4011.0,17.41089630126953,850.0,0.0,0.0,0.4301515817642212,21.0,0.0,0.0,0.5714285714285714,0.2631579041481018,0.2477443516254425,0.2432330846786499,0.24586467444896698
10,0.21315384771188092,10.033416748046875,15.054607391357422,9.103691101074219,9.103691101074219,0.28081995248794556,0.607937216758728,88.12474822998047,17209.0,11.537280082702637,2253.0,0.0,0.0,0.33797624707221985,66.0,0.0,0.0,5.662052631378174,8.126952171325684,5.245932102203369,5.245932102203369,0.792842447757721,0.8985549211502075,97.9311752319336,4781.0,1.9459238052368164,95.0,0.0,0.0,0.12290044873952866,6.0,0.0,0.0,9.96642780303955,14.455975532531738,9.072402000427246,9.072402000427246,0.34042829275131226,0.6507319211959839,88.26300811767578,4309.0,11.368291854858398,555.0,0.0,0.0,0.36870133876800537,18.0,0.0,0.0,11.83983039855957,17.140005111694336,10.691770553588867,10.691770553588867,0.06319999694824219,0.46247991919517517,84.20729064941406,4111.0,15.362556457519531,750.0,0.0,0.0,0.4301515817642212,21.0,0.0,0.0,12.665352821350098,18.378313064575195,11.40466022491455,11.40466022491455,-0.08503270149230957,0.34438928961753845,82.09750366210938,4008.0,17.472347259521484,853.0,0.0,0.0,0.4301515817642212,21.0,0.0,0.0,0.6428571428571429,0.25438597798347473,0.24329572916030884,0.24655388295650482,0.2557644248008728
11,0.21383856976124402,10.040243148803711,15.059906005859375,9.110336303710938,9.110336303710938,0.2803136110305786,0.6072368621826172,88.07865142822266,17200.0,11.588488578796387,2263.0,0.0,0.0,0.33285537362098694,65.0,0.0,0.0,5.677114963531494,8.16075325012207,5.256727695465088,5.256727695465088,0.7911156415939331,0.8979052305221558,97.95166015625,4782.0,1.9254403114318848,94.0,0.0,0.0,0.12290044873952866,6.0,0.0,0.0,9.977984428405762,14.477898597717285,9.082406044006348,9.082406044006348,0.3384261727333069,0.6494306921958923,88.03768920898438,4298.0,11.593608856201172,566.0,0.0,0.0,0.36870133876800537,18.0,0.0,0.0,11.85083293914795,17.143537521362305,10.708539009094238,10.708539009094238,0.06281381845474243,0.4605167806148529,84.18681335449219,4110.0,15.383039474487305,751.0,0.0,0.0,0.4301515817642212,21.0,0.0,0.0,12.65503978729248,18.360143661499023,11.39366626739502,11.39366626739502,-0.08288824558258057,0.34356003999710083,82.13846588134766,4010.0,17.45186424255371,852.0,0.0,0.0,0.4096681773662567,20.0,0.0,0.0,0.7142857142857143,0.24561403691768646,0.23884710669517517,0.24987469613552094,0.26566416025161743
12,0.21535027821503952,10.070136070251465,15.091341972351074,9.144522666931152,9.144522666931152,0.2773059606552124,0.6075464487075806,88.07865142822266,17200.0,11.593608856201172,2264.0,0.0,0.0,0.3277345299720764,64.0,0.0,0.0,5.668496608734131,8.158933639526367,5.252086162567139,5.252086162567139,0.791208803653717,0.8983559012413025,97.95166015625,4782.0,1.9459238052368164,95.0,0.0,0.0,0.10241704434156418,5.0,0.0,0.0,10.01110553741455,14.515780448913574,9.118219375610352,9.118219375610352,0.3349596858024597,0.6499813795089722,88.16059112548828,4304.0,11.511674880981445,562.0,0.0,0.0,0.3277345299720764,16.0,0.0,0.0,11.902706146240234,17.181941986083984,10.763378143310547,10.763378143310547,0.05861008167266846,0.46197986602783203,84.02294158935547,4102.0,15.546907424926758,759.0,0.0,0.0,0.4301515817642212,21.0,0.0,0.0,12.698232650756836,18.398347854614258,11.444404602050781,11.444404602050781,-0.08739948272705078,0.34390726685523987,82.17943572998047,4012.0,17.369930267333984,848.0,0.0,0.0,0.45063501596450806,22.0,0.0,0.0,0.7857142857142857,0.23684212565422058,0.2343984991312027,0.25319552421569824,0.27556392550468445
13,0.21703959338457743,10.085765838623047,15.144856452941895,9.164382934570312,9.164382934570312,0.2721714377403259,0.6060406565666199,88.04793548583984,17194.0,11.619213104248047,2269.0,0.0,0.0,0.33285537362098694,65.0,0.0,0.0,5.662095546722412,8.218653678894043,5.243565559387207,5.243565559387207,0.7881410717964172,0.8972304463386536,97.99263000488281,4784.0,1.9049570560455322,93.0,0.0,0.0,0.10241704434156418,5.0,0.0,0.0,10.014689445495605,14.578076362609863,9.12725830078125,9.12725830078125,0.32923924922943115,0.6489834189414978,88.09913635253906,4301.0,11.552641868591309,564.0,0.0,0.0,0.3482179343700409,17.0,0.0,0.0,11.91121768951416,17.227096557617188,10.7805814743042,10.7805814743042,0.05365568399429321,0.4606958329677582,84.00245666503906,4101.0,15.546907424926758,759.0,0.0,0.0,0.45063501596450806,22.0,0.0,0.0,12.755061149597168,18.456090927124023,11.506126403808594,11.506126403808594,-0.09423589706420898,0.3414807617664337,82.09750366210938,4008.0,17.472347259521484,853.0,0.0,0.0,0.4301515817642212,21.0,0.0,0.0,0.8571428571428571,0.22807016968727112,0.22994986176490784,0.25651630759239197,0.2854636609554291
14,0.21929193504340938,10.118141174316406,15.177132606506348,9.1950101852417,9.1950101852417,0.2690659165382385,0.6042986512184143,88.06841278076172,17198.0,11.598730087280273,2265.0,0.0,0.0,0.33285537362098694,65.0,0.0,0.0,5.684777736663818,8.24620532989502,5.265271186828613,5.265271186828613,0.7867182493209839,0.8967065215110779,98.0745620727539,4788.0,1.8435068130493164,90.0,0.0,0.0,0.0819336324930191,4.0,0.0,0.0,10.048408508300781,14.622572898864746,9.157979965209961,9.157979965209961,0.3251382112503052,0.646784245967865,88.24252319335938,4308.0,11.388774871826172,556.0,0.0,0.0,0.36870133876800537,18.0,0.0,0.0,11.950368881225586,17.265430450439453,10.814034461975098,10.814034461975098,0.04943937063217163,0.45803526043891907,83.98197174072266,4100.0,15.567390441894531,760.0,0.0,0.0,0.45063501596450806,22.0,0.0,0.0,12.789009094238281,18.47882080078125,11.542755126953125,11.542755126953125,-0.09693276882171631,0.3390800654888153,81.97460174560547,4002.0,17.595247268676758,859.0,0.0,0.0,0.4301515817642212,21.0,0.0,0.0,0.9285714285714286,0.21929824352264404,0.22550123929977417,0.2598370909690857,0.2953633964061737
15,0.22092030059130163,10.132566452026367,15.186471939086914,9.205229759216309,9.205229759216309,0.2681660056114197,0.6047248244285583,87.99671936035156,17184.0,11.675542831420898,2280.0,0.0,0.0,0.3277345299720764,64.0,0.0,0.0,5.711399555206299,8.274761199951172,5.287639617919922,5.287639617919922,0.7852385640144348,0.8968824148178101,98.0540771484375,4787.0,1.8639901876449585,91.0,0.0,0.0,0.0819336324930191,4.0,0.0,0.0,10.062286376953125,14.631357192993164,9.168770790100098,9.168770790100098,0.32432717084884644,0.6474507451057434,88.18107604980469,4305.0,11.450224876403809,559.0,0.0,0.0,0.36870133876800537,18.0,0.0,0.0,11.959327697753906,17.26874351501465,10.81751537322998,10.81751537322998,0.049074411392211914,0.45788174867630005,83.81810760498047,4092.0,15.751741409301758,769.0,0.0,0.0,0.4301515817642212,21.0,0.0,0.0,12.797256469726562,18.48670196533203,11.546992301940918,11.546992301940918,-0.09786856174468994,0.33796805143356323,81.93363189697266,4000.0,17.636213302612305,861.0,0.0,0.0,0.4301515817642212,21.0,0.0,0.0,1.0,0.21052631735801697,0.2210526168346405,0.2631579041481018,0.3052631616592407
16,0.21997807908752742,10.138875007629395,15.208749771118164,9.213722229003906,9.213722229003906,0.2660173773765564,0.6042094826698303,87.91478729248047,17168.0,11.767718315124512,2298.0,0.0,0.0,0.317492812871933,62.0,0.0,0.0,5.696869373321533,8.279465675354004,5.2778730392456055,5.2778730392456055,0.7849943041801453,0.8966145515441895,97.8492431640625,4777.0,2.068824291229248,101.0,0.0,0.0,0.0819336324930191,4.0,0.0,0.0,10.06537914276123,14.649168968200684,9.172991752624512,9.172991752624512,0.3226810693740845,0.6471995115280151,88.01720428466797,4297.0,11.655059814453125,569.0,0.0,0.0,0.3277345299720764,16.0,0.0,0.0,11.983124732971191,17.303085327148438,10.844155311584473,10.844155311584473,0.0452885627746582,0.45783135294914246,83.79762268066406,4091.0,15.772225379943848,770.0,0.0,0.0,0.4301515817642212,21.0,0.0,0.0,12.810127258300781,18.511611938476562,11.559870719909668,11.559870719909668,-0.1008293628692627,0.3381533920764923,81.99507904052734,4003.0,17.574764251708984,858.0,0.0,0.0,0.4301515817642212,21.0,0.0,0.0,1.0,0.21052631735801697,0.2210526168346405,0.2631579041481018,0.3052631616592407
17,0.2191482369773548,10.152453422546387,15.23324203491211,9.2236909866333,9.2236909866333,0.2636514902114868,0.6042813658714294,87.91478729248047,17168.0,11.752355575561523,2295.0,0.0,0.0,0.33285537362098694,65.0,0.0,0.0,5.691620826721191,8.257288932800293,5.2702250480651855,5.2702250480651855,0.7861445546150208,0.8973475694656372,98.01310729980469,4785.0,1.9049570560455322,93.0,0.0,0.0,0.0819336324930191,4.0,0.0,0.0,10.072054862976074,14.665193557739258,9.175829887390137,9.175829887390137,0.3211984634399414,0.6483474373817444,88.01720428466797,4297.0,11.614092826843262,567.0,0.0,0.0,0.36870133876800537,18.0,0.0,0.0,12.003118515014648,17.342283248901367,10.861539840698242,10.861539840698242,0.04095816612243652,0.45723167061805725,83.65424346923828,4084.0,15.915608406066895,777.0,0.0,0.0,0.4301515817642212,21.0,0.0,0.0,12.84302043914795,18.552658081054688,11.587174415588379,11.587174415588379,-0.10571646690368652,0.33776405453681946,81.97460174560547,4002.0,17.574764251708984,858.0,0.0,0.0,0.45063501596450806,22.0,0.0,0.0,1.0,0.21052631735801697,0.2210526168346405,0.2631579041481018,0.3052631616592407
18,0.21839390262078587,10.154886245727539,15.218563079833984,9.22514820098877,9.22514820098877,0.265069842338562,0.6031786203384399,87.97112274169922,17179.0,11.71138858795166,2287.0,0.0,0.0,0.317492812871933,62.0,0.0,0.0,5.713550567626953,8.268202781677246,5.291247367858887,5.291247367858887,0.7855788469314575,0.8966488838195801,97.9721450805664,4783.0,1.9459238052368164,95.0,0.0,0.0,0.0819336324930191,4.0,0.0,0.0,10.059002876281738,14.633048057556152,9.162931442260742,9.162931442260742,0.3241710066795349,0.6470528841018677,88.09913635253906,4301.0,11.552641868591309,564.0,0.0,0.0,0.3482179343700409,17.0,0.0,0.0,12.001728057861328,17.32505226135254,10.856413841247559,10.856413841247559,0.04286301136016846,0.45515307784080505,83.81810760498047,4092.0,15.772225379943848,770.0,0.0,0.0,0.4096681773662567,20.0,0.0,0.0,12.845263481140137,18.54109001159668,11.590002059936523,11.590002059936523,-0.10433804988861084,0.33654382824897766,81.99507904052734,4003.0,17.574764251708984,858.0,0.0,0.0,0.4301515817642212,21.0,0.0,0.0,1.0,0.21052631735801697,0.2210526168346405,0.2631579041481018,0.3052631616592407
step,fold12/test_loss,fold12/test_mae,fold12/test_rmse,fold12/test_mard,fold12/test_mape,fold12/test_r2,fold12/test_pearson,fold12/test_ega_zone_a_pct,fold12/test_ega_zone_a_count,fold12/test_ega_zone_b_pct,fold12/test_ega_zone_b_count,fold12/test_ega_zone_c_pct,fold12/test_ega_zone_c_count,fold12/test_ega_zone_d_pct,fold12/test_ega_zone_d_count,fold12/test_ega_zone_e_pct,fold12/test_ega_zone_e_count,fold12/test_horizon_15_mae,fold12/test_horizon_15_rmse,fold12/test_horizon_15_mard,fold12/test_horizon_15_mape,fold12/test_horizon_15_r2,fold12/test_horizon_15_pearson,fold12/test_horizon_15_ega_zone_a_pct,fold12/test_horizon_15_ega_zone_a_count,fold12/test_horizon_15_ega_zone_b_pct,fold12/test_horizon_15_ega_zone_b_count,fold12/test_horizon_15_ega_zone_c_pct,fold12/test_horizon_15_ega_zone_c_count,fold12/test_horizon_15_ega_zone_d_pct,fold12/test_horizon_15_ega_zone_d_count,fold12/test_horizon_15_ega_zone_e_pct,fold12/test_horizon_15_ega_zone_e_count,fold12/test_horizon_30_mae,fold12/test_horizon_30_rmse,fold12/test_horizon_30_mard,fold12/test_horizon_30_mape,fold12/test_horizon_30_r2,fold12/test_horizon_30_pearson,fold12/test_horizon_30_ega_zone_a_pct,fold12/test_horizon_30_ega_zone_a_count,fold12/test_horizon_30_ega_zone_b_pct,fold12/test_horizon_30_ega_zone_b_count,fold12/test_horizon_30_ega_zone_c_pct,fold12/test_horizon_30_ega_zone_c_count,fold12/test_horizon_30_ega_zone_d_pct,fold12/test_horizon_30_ega_zone_d_count,fold12/test_horizon_30_ega_zone_e_pct,fold12/test_horizon_30_ega_zone_e_count,fold12/test_horizon_45_mae,fold12/test_horizon_45_rmse,fold12/test_horizon_45_mard,fold12/test_horizon_45_mape,fold12/test_horizon_45_r2,fold12/test_horizon_45_pearson,fold12/test_horizon_45_ega_zone_a_pct,fold12/test_horizon_45_ega_zone_a_count,fold12/test_horizon_45_ega_zone_b_pct,fold12/test_horizon_45_ega_zone_b_count,fold12/test_horizon_45_ega_zone_c_pct,fold12/test_horizon_45_ega_zone_c_count,fold12/test_horizon_45_ega_zone_d_pct,fold12/test_horizon_45_ega_zone_d_count,fold12/test_horizon_45_ega_zone_e_pct,fold12/test_horizon_45_ega_zone_e_count,fold12/test_horizon_60_mae,fold12/test_horizon_60_rmse,fold12/test_horizon_60_mard,fold12/test_horizon_60_mape,fold12/test_horizon_60_r2,fold12/test_horizon_60_pearson,fold12/test_horizon_60_ega_zone_a_pct,fold12/test_horizon_60_ega_zone_a_count,fold12/test_horizon_60_ega_zone_b_pct,fold12/test_horizon_60_ega_zone_b_count,fold12/test_horizon_60_ega_zone_c_pct,fold12/test_horizon_60_ega_zone_c_count,fold12/test_horizon_60_ega_zone_d_pct,fold12/test_horizon_60_ega_zone_d_count,fold12/test_horizon_60_ega_zone_e_pct,fold12/test_horizon_60_ega_zone_e_count
0,0.23815685062016198,8.741301536560059,14.620986938476562,6.9561967849731445,6.9561967849731445,0.41913533210754395,0.6839212775230408,92.54337310791016,6615.0,7.456631183624268,533.0,0.0,0.0,0.0,0.0,0.0,0.0,4.6299028396606445,7.211151599884033,3.7280197143554688,3.7280197143554688,0.8600480556488037,0.9303123950958252,98.936767578125,1768.0,1.0632344484329224,19.0,0.0,0.0,0.0,0.0,0.0,0.0,8.682071685791016,13.885940551757812,6.911238193511963,6.911238193511963,0.4763129949569702,0.721726655960083,92.50140380859375,1653.0,7.498600959777832,134.0,0.0,0.0,0.0,0.0,0.0,0.0,10.424558639526367,16.812458038330078,8.286825180053711,8.286825180053711,0.2291153073310852,0.5622132420539856,89.7593765258789,1604.0,10.24062728881836,183.0,0.0,0.0,0.0,0.0,0.0,0.0,11.228670120239258,18.10011863708496,8.898698806762695,8.898698806762695,0.10408514738082886,0.46917402744293213,88.97593688964844,1590.0,11.024062156677246,197.0,0.0,0.0,0.0,0.0,0.0,0.0
step,fold13/train_loss,fold13/val_mae,fold13/val_rmse,fold13/val_mard,fold13/val_mape,fold13/val_r2,fold13/val_pearson,fold13/val_ega_zone_a_pct,fold13/val_ega_zone_a_count,fold13/val_ega_zone_b_pct,fold13/val_ega_zone_b_count,fold13/val_ega_zone_c_pct,fold13/val_ega_zone_c_count,fold13/val_ega_zone_d_pct,fold13/val_ega_zone_d_count,fold13/val_ega_zone_e_pct,fold13/val_ega_zone_e_count,fold13/val_horizon_15_mae,fold13/val_horizon_15_rmse,fold13/val_horizon_15_mard,fold13/val_horizon_15_mape,fold13/val_horizon_15_r2,fold13/val_horizon_15_pearson,fold13/val_horizon_15_ega_zone_a_pct,fold13/val_horizon_15_ega_zone_a_count,fold13/val_horizon_15_ega_zone_b_pct,fold13/val_horizon_15_ega_zone_b_count,fold13/val_horizon_15_ega_zone_c_pct,fold13/val_horizon_15_ega_zone_c_count,fold13/val_horizon_15_ega_zone_d_pct,fold13/val_horizon_15_ega_zone_d_count,fold13/val_horizon_15_ega_zone_e_pct,fold13/val_horizon_15_ega_zone_e_count,fold13/val_horizon_30_mae,fold13/val_horizon_30_rmse,fold13/val_horizon_30_mard,fold13/val_horizon_30_mape,fold13/val_horizon_30_r2,fold13/val_horizon_30_pearson,fold13/val_horizon_30_ega_zone_a_pct,fold13/val_horizon_30_ega_zone_a_count,fold13/val_horizon_30_ega_zone_b_pct,fold13/val_horizon_30_ega_zone_b_count,fold13/val_horizon_30_ega_zone_c_pct,fold13/val_horizon_30_ega_zone_c_count,fold13/val_horizon_30_ega_zone_d_pct,fold13/val_horizon_30_ega_zone_d_count,fold13/val_horizon_30_ega_zone_e_pct,fold13/val_horizon_30_ega_zone_e_count,fold13/val_horizon_45_mae,fold13/val_horizon_45_rmse,fold13/val_horizon_45_mard,fold13/val_horizon_45_mape,fold13/val_horizon_45_r2,fold13/val_horizon_45_pearson,fold13/val_horizon_45_ega_zone_a_pct,fold13/val_horizon_45_ega_zone_a_count,fold13/val_horizon_45_ega_zone_b_pct,fold13/val_horizon_45_ega_zone_b_count,fold13/val_horizon_45_ega_zone_c_pct,fold13/val_horizon_45_ega_zone_c_count,fold13/val_horizon_45_ega_zone_d_pct,fold13/val_horizon_45_ega_zone_d_count,fold13/val_horizon_45_ega_zone_e_pct,fold13/val_horizon_45_ega_zone_e_count,fold13/val_horizon_60_mae,fold13/val_horizon_60_rmse,fold13/val_horizon_60_mard,fold13/val_horizon_60_mape,fold13/val_horizon_60_r2,fold13/val_horizon_60_pearson,fold13/val_horizon_60_ega_zone_a_pct,fold13/val_horizon_60_ega_zone_a_count,fold13/val_horizon_60_ega_zone_b_pct,fold13/val_horizon_60_ega_zone_b_count,fold13/val_horizon_60_ega_zone_c_pct,fold13/val_horizon_60_ega_zone_c_count,fold13/val_horizon_60_ega_zone_d_pct,fold13/val_horizon_60_ega_zone_d_count,fold13/val_horizon_60_ega_zone_e_pct,fold13/val_horizon_60_ega_zone_e_count,fold13/diag_horizon_curriculum_progress,fold13/diag_loss_horizon_weight_0,fold13/diag_loss_horizon_weight_1,fold13/diag_loss_horizon_weight_2,fold13/diag_loss_horizon_weight_3
1,0.24563170771042545,11.052815437316895,16.347461700439453,9.247963905334473,9.247963905334473,0.4053252339363098,0.6644231081008911,88.37061309814453,15327.0,11.45064640045166,1986.0,0.0,0.0,0.17873615026474,31.0,0.0,0.0,6.673271656036377,9.786176681518555,5.648529529571533,5.648529529571533,0.7859482765197754,0.8883109092712402,96.60977935791016,4189.0,3.2979705333709717,143.0,0.0,0.0,0.09225092083215714,4.0,0.0,0.0,10.784919738769531,15.74742603302002,9.017162322998047,9.017162322998047,0.44720888137817383,0.6902146339416504,88.97601318359375,3858.0,10.816420555114746,469.0,0.0,0.0,0.207564577460289,9.0,0.0,0.0,12.830618858337402,18.469514846801758,10.66183090209961,10.66183090209961,0.24167132377624512,0.5588319301605225,85.26290893554688,3697.0,14.529520034790039,630.0,0.0,0.0,0.207564577460289,9.0,0.0,0.0,13.92244815826416,19.598066329956055,11.664332389831543,11.664332389831543,0.14967381954193115,0.4939841628074646,82.6337661743164,3583.0,17.158672332763672,744.0,0.0,0.0,0.207564577460289,9.0,0.0,0.0,0.0,0.3333333432674408,0.28333333134651184,0.21666665375232697,0.1666666716337204
2,0.2250604949301387,10.564906120300293,15.847906112670898,8.786959648132324,8.786959648132324,0.44111472368240356,0.6920708417892456,89.4142074584961,15508.0,10.441651344299316,1811.0,0.0,0.0,0.1441420614719391,25.0,0.0,0.0,5.606507301330566,8.14501953125,4.708262920379639,4.708262920379639,0.851722002029419,0.9237043261528015,98.45479583740234,4269.0,1.5452029705047607,67.0,0.0,0.0,0.0,0.0,0.0,0.0,10.215984344482422,14.943875312805176,8.503296852111816,8.503296852111816,0.5021846294403076,0.7282598614692688,90.33671569824219,3917.0,9.501845359802246,412.0,0.0,0.0,0.16143910586833954,7.0,0.0,0.0,12.650680541992188,18.249645233154297,10.495275497436523,10.495275497436523,0.25961893796920776,0.5776294469833374,85.65498352050781,3714.0,14.13745403289795,613.0,0.0,0.0,0.207564577460289,9.0,0.0,0.0,13.786450386047363,19.54262924194336,11.441007614135742,11.441007614135742,0.1544777750968933,0.5054711699485779,83.21033477783203,3608.0,16.582103729248047,719.0,0.0,0.0,0.207564577460289,9.0,0.0,0.0,0.07142857142857142,0.3245614171028137,0.2788847088813782,0.21998745203018188,0.17656642198562622
3,0.22250694139640148,10.453412055969238,15.70661735534668,8.688471794128418,8.688471794128418,0.45103561878204346,0.7007056474685669,89.48339080810547,15520.0,10.37246322631836,1799.0,0.0,0.0,0.1441420614719391,25.0,0.0,0.0,5.331502437591553,7.659134864807129,4.475890636444092,4.475890636444092,0.8688850998878479,0.9332571625709534,98.89299011230469,4288.0,1.107011079788208,48.0,0.0,0.0,0.0,0.0,0.0,0.0,10.068552017211914,14.673909187316895,8.376270294189453,8.376270294189453,0.5200084447860718,0.7412570118904114,90.38284301757812,3919.0,9.455719947814941,410.0,0.0,0.0,0.16143910586833954,7.0,0.0,0.0,12.616718292236328,18.168752670288086,10.467819213867188,10.467819213867188,0.26616787910461426,0.5850513577461243,85.67804718017578,3715.0,14.114391326904297,612.0,0.0,0.0,0.207564577460289,9.0,0.0,0.0,13.796875953674316,19.562763214111328,11.433903694152832,11.433903694152832,0.15273457765579224,0.508222222328186,82.97970581054688,3598.0,16.81273078918457,729.0,0.0,0.0,0.207564577460289,9.0,0.0,0.0,0.14285714285714285,0.31578949093818665,0.2744360864162445,0.223308265209198,0.18646617233753204
4,0.21956872349596918,10.38156795501709,15.615344047546387,8.627142906188965,8.627142906188965,0.4573972821235657,0.7046129107475281,89.73709106445312,15564.0,10.118772506713867,1755.0,0.0,0.0,0.1441420614719391,25.0,0.0,0.0,5.196295261383057,7.430528163909912,4.356561183929443,4.356561183929443,0.8765952587127686,0.9373717904090881,99.14667510986328,4299.0,0.8533210754394531,37.0,0.0,0.0,0.0,0.0,0.0,0.0,9.969355583190918,14.496075630187988,8.29436206817627,8.29436206817627,0.5315721035003662,0.7479589581489563,90.70571899414062,3933.0,9.132841110229492,396.0,0.0,0.0,0.16143910586833954,7.0,0.0,0.0,12.574307441711426,18.09392547607422,10.431755065917969,10.431755065917969,0.2721998691558838,0.5887733697891235,86.09317779541016,3733.0,13.699261665344238,594.0,0.0,0.0,0.207564577460289,9.0,0.0,0.0,13.786314010620117,19.56059455871582,11.425894737243652,11.425894737243652,0.15292251110076904,0.5083792209625244,83.00276947021484,3599.0,16.7896671295166,728.0,0.0,0.0,0.207564577460289,9.0,0.0,0.0,0.21428571428571427,0.30701756477355957,0.26998746395111084,0.22662906348705292,0.19636592268943787
5,0.22064839433261654,10.370965957641602,15.603379249572754,8.623819351196289,8.623819351196289,0.4582284688949585,0.7050085067749023,89.66790008544922,15552.0,10.18796157836914,1767.0,0.0,0.0,0.1441420614719391,25.0,0.0,0.0,5.1352057456970215,7.327596664428711,4.311143398284912,4.311143398284912,0.8799904584884644,0.9390528798103333,99.12361145019531,4298.0,0.8763837814331055,38.0,0.0,0.0,0.0,0.0,0.0,0.0,9.958508491516113,14.466462135314941,8.288381576538086,8.288381576538086,0.5334839820861816,0.7492635250091553,90.63653564453125,3930.0,9.20202922821045,399.0,0.0,0.0,0.16143910586833954,7.0,0.0,0.0,12.600431442260742,18.10554313659668,10.453680992126465,10.453680992126465,0.2712649703025818,0.5886821746826172,86.00092315673828,3729.0,13.791513442993164,598.0,0.0,0.0,0.207564577460289,9.0,0.0,0.0,13.789716720581055,19.572397232055664,11.442073822021484,11.442073822021484,0.1518998146057129,0.5068802833557129,82.91051483154297,3595.0,16.881919860839844,732.0,0.0,0.0,0.207564577460289,9.0,0.0,0.0,0.2857142857142857,0.2982456088066101,0.2655388414859772,0.22994986176490784,0.2062656730413437
6,0.22079104244050873,10.332778930664062,15.545612335205078,8.59675121307373,8.59675121307373,0.46223247051239014,0.7068819403648376,89.67942810058594,15554.0,10.176429748535156,1765.0,0.0,0.0,0.1441420614719391,25.0,0.0,0.0,5.081407070159912,7.243529796600342,4.268664836883545,4.268664836883545,0.8827283382415771,0.9404357075691223,99.16974639892578,4300.0,0.830258309841156,36.0,0.0,0.0,0.0,0.0,0.0,0.0,9.8990478515625,14.364021301269531,8.242574691772461,8.242574691772461,0.5400676727294922,0.7523449063301086,90.8440933227539,3939.0,8.994464874267578,390.0,0.0,0.0,0.16143910586833954,7.0,0.0,0.0,12.557562828063965,18.042741775512695,10.421941757202148,10.421941757202148,0.2763116955757141,0.5913540124893188,86.07010650634766,3732.0,13.72232437133789,595.0,0.0,0.0,0.207564577460289,9.0,0.0,0.0,13.793096542358398,19.553260803222656,11.45382308959961,11.45382308959961,0.15355753898620605,0.5070683360099792,82.6337661743164,3583.0,17.158672332763672,744.0,0.0,0.0,0.207564577460289,9.0,0.0,0.0,0.35714285714285715,0.28947368264198303,0.2610902190208435,0.23327067494392395,0.2161654233932495
7,0.22129881155359246,10.316595077514648,15.52295970916748,8.572218894958496,8.572218894958496,0.4637986421585083,0.708567202091217,89.80050659179688,15575.0,10.055350303649902,1744.0,0.0,0.0,0.1441420614719391,25.0,0.0,0.0,5.046104431152344,7.177263259887695,4.23839807510376,4.23839807510376,0.8848642110824585,0.9417023658752441,99.26199340820312,4304.0,0.7380073666572571,32.0,0.0,0.0,0.0,0.0,0.0,0.0,9.878966331481934,14.322724342346191,8.217528343200684,8.217528343200684,0.5427085161209106,0.7547479867935181,91.00553131103516,3946.0,8.833025932312012,383.0,0.0,0.0,0.16143910586833954,7.0,0.0,0.0,12.551328659057617,18.027185440063477,10.402135848999023,10.402135848999023,0.2775590419769287,0.5928610563278198,86.16236114501953,3736.0,13.630074501037598,591.0,0.0,0.0,0.207564577460289,9.0,0.0,0.0,13.789981842041016,19.55034637451172,11.430815696716309,11.430815696716309,0.15380984544754028,0.5077059268951416,82.77214050292969,3589.0,17.020296096801758,738.0,0.0,0.0,0.207564577460289,9.0,0.0,0.0,0.42857142857142855,0.28070175647735596,0.25664159655570984,0.23659147322177887,0.22606515884399414
8,0.223496499536018,10.297709465026855,15.499767303466797,8.556427955627441,8.556427955627441,0.46539968252182007,0.709298849105835,89.80050659179688,15575.0,10.055350303649902,1744.0,0.0,0.0,0.1441420614719391,25.0,0.0,0.0,5.027103424072266,7.133396625518799,4.222307205200195,4.222307205200195,0.8862673044204712,0.9424266219139099,99.2850570678711,4305.0,0.71494460105896,31.0,0.0,0.0,0.0,0.0,0.0,0.0,9.846720695495605,14.288983345031738,8.192411422729492,8.192411422729492,0.5448604822158813,0.7558901309967041,90.89022064208984,3941.0,8.948339462280273,388.0,0.0,0.0,0.16143910586833954,7.0,0.0,0.0,12.532940864562988,17.996448516845703,10.387964248657227,10.387964248657227,0.2800205945968628,0.5938289165496826,86.20848846435547,3738.0,13.583948135375977,589.0,0.0,0.0,0.207564577460289,9.0,0.0,0.0,13.784071922302246,19.54581069946289,11.423027992248535,11.423027992248535,0.15420246124267578,0.5075092315673828,82.8182601928711,3591.0,16.97416877746582,736.0,0.0,0.0,0.207564577460289,9.0,0.0,0.0,0.5,0.2719298303127289,0.25219297409057617,0.2399122714996338,0.23596492409706116
9,0.2250192764225455,10.280892372131348,15.496879577636719,8.541033744812012,8.541033744812012,0.46559882164001465,0.7098199129104614,89.86392974853516,15586.0,9.991928100585938,1733.0,0.0,0.0,0.1441420614719391,25.0,0.0,0.0,5.001821041107178,7.103651523590088,4.203543663024902,4.203543663024902,0.8872138261795044,0.9431087970733643,99.30811309814453,4306.0,0.6918818950653076,30.0,0.0,0.0,0.0,0.0,0.0,0.0,9.834784507751465,14.286724090576172,8.181954383850098,8.181954383850098,0.5450044274330139,0.7565211653709412,90.93634796142578,3943.0,8.902214050292969,386.0,0.0,0.0,0.16143910586833954,7.0,0.0,0.0,12.503104209899902,17.99236488342285,10.359156608581543,10.359156608581543,0.28034722805023193,0.594025731086731,86.2546157836914,3740.0,13.537822723388672,587.0,0.0,0.0,0.207564577460289,9.0,0.0,0.0,13.783855438232422,19.552892684936523,11.419477462768555,11.419477462768555,0.1535893678665161,0.5066462755203247,82.9566421508789,3597.0,16.83579444885254,730.0,0.0,0.0,0.207564577460289,9.0,0.0,0.0,0.5714285714285714,0.2631579041481018,0.2477443516254425,0.2432330846786499,0.24586467444896698
10,0.2269172880507065,10.270448684692383,15.488956451416016,8.531906127929688,8.531906127929688,0.4661451578140259,0.7099239230155945,89.85240173339844,15584.0,10.003459930419922,1735.0,0.0,0.0,0.1441420614719391,25.0,0.0,0.0,4.9997477531433105,7.106894493103027,4.201937675476074,4.201937675476074,0.8871108293533325,0.9430427551269531,99.35424041748047,4308.0,0.6457564234733582,28.0,0.0,0.0,0.0,0.0,0.0,0.0,9.813081741333008,14.268080711364746,8.164891242980957,8.164891242980957,0.5461910963058472,0.7567059993743896,90.82103729248047,3938.0,9.01752758026123,391.0,0.0,0.0,0.16143910586833954,7.0,0.0,0.0,12.494418144226074,17.978918075561523,10.349411010742188,10.349411010742188,0.28142249584198,0.5945058465003967,86.2315444946289,3739.0,13.560885429382324,588.0,0.0,0.0,0.207564577460289,9.0,0.0,0.0,13.774547576904297,19.552583694458008,11.411385536193848,11.411385536193848,0.1536160707473755,0.5065147280693054,83.00276947021484,3599.0,16.7896671295166,728.0,0.0,0.0,0.207564577460289,9.0,0.0,0.0,0.6428571428571429,0.25438597798347473,0.24329572916030884,0.24655388295650482,0.2557644248008728
11,0.22883902956131152,10.278390884399414,15.502016067504883,8.533928871154785,8.533928871154785,0.4652445316314697,0.7095412611961365,89.80050659179688,15575.0,10.055350303649902,1744.0,0.0,0.0,0.1441420614719391,25.0,0.0,0.0,4.9793500900268555,7.072503566741943,4.181982040405273,4.181982040405273,0.8882007598876953,0.9434874653816223,99.30811309814453,4306.0,0.6918818950653076,30.0,0.0,0.0,0.0,0.0,0.0,0.0,9.814271926879883,14.256982803344727,8.159786224365234,8.159786224365234,0.5468968152999878,0.7572916150093079,90.86715698242188,3940.0,8.971402168273926,389.0,0.0,0.0,0.16143910586833954,7.0,0.0,0.0,12.510793685913086,17.99795150756836,10.359797477722168,10.359797477722168,0.2799002528190613,0.5940190553665161,86.2315444946289,3739.0,13.560885429382324,588.0,0.0,0.0,0.207564577460289,9.0,0.0,0.0,13.809144020080566,19.596988677978516,11.434147834777832,11.434147834777832,0.14976751804351807,0.5051243305206299,82.79520416259766,3590.0,16.99723243713379,737.0,0.0,0.0,0.207564577460289,9.0,0.0,0.0,0.7142857142857143,0.24561403691768646,0.23884710669517517,0.24987469613552094,0.26566416025161743
12,0.2296280226882581,10.266386032104492,15.488970756530762,8.520748138427734,8.520748138427734,0.4661442041397095,0.7101075053215027,89.78897094726562,15573.0,10.066882133483887,1746.0,0.0,0.0,0.1441420614719391,25.0,0.0,0.0,4.942952632904053,6.999751567840576,4.152161121368408,4.152161121368408,0.8904889822006226,0.9447150826454163,99.37730407714844,4309.0,0.6226937174797058,27.0,0.0,0.0,0.0,0.0,0.0,0.0,9.799361228942871,14.232522010803223,8.14682674407959,8.14682674407959,0.548450231552124,0.7580010890960693,91.02859497070312,3947.0,8.80996322631836,382.0,0.0,0.0,0.16143910586833954,7.0,0.0,0.0,12.50664234161377,18.000022888183594,10.350601196289062,10.350601196289062,0.27973443269729614,0.5937064290046692,86.1162338256836,3734.0,13.676198959350586,593.0,0.0,0.0,0.207564577460289,9.0,0.0,0.0,13.816593170166016,19.59772491455078,11.433402061462402,11.433402061462402,0.1497035026550293,0.5052454471588135,82.6337661743164,3583.0,17.158672332763672,744.0,0.0,0.0,0.207564577460289,9.0,0.0,0.0,0.7857142857142857,0.23684212565422058,0.2343984991312027,0.25319552421569824,0.27556392550468445
13,0.232283664057304,10.267525672912598,15.4899320602417,8.5241060256958,8.5241060256958,0.46607786417007446,0.7104300856590271,89.73131561279297,15563.0,10.12453842163086,1756.0,0.0,0.0,0.1441420614719391,25.0,0.0,0.0,4.950821399688721,7.014455795288086,4.160864353179932,4.160864353179932,0.8900284171104431,0.9446055889129639,99.42343139648438,4311.0,0.5765682458877563,25.0,0.0,0.0,0.0,0.0,0.0,0.0,9.798025131225586,14.23200798034668,8.150362968444824,8.150362968444824,0.5484828948974609,0.7584626078605652,90.93634796142578,3943.0,8.902214050292969,386.0,0.0,0.0,0.16143910586833954,7.0,0.0,0.0,12.495603561401367,17.99349594116211,10.34439754486084,10.34439754486084,0.28025686740875244,0.5943765044212341,85.95479583740234,3727.0,13.837638854980469,600.0,0.0,0.0,0.207564577460289,9.0,0.0,0.0,13.825654983520508,19.601877212524414,11.440799713134766,11.440799713134766,0.14934319257736206,0.5049743056297302,82.61070251464844,3582.0,17.181734085083008,745.0,0.0,0.0,0.207564577460289,9.0,0.0,0.0,0.8571428571428571,0.22807016968727112,0.22994986176490784,0.25651630759239197,0.2854636609554291
14,0.2336623398375179,10.283310890197754,15.502166748046875,8.539752960205078,8.539752960205078,0.4652341604232788,0.7097715139389038,89.71978759765625,15561.0,10.136070251464844,1758.0,0.0,0.0,0.1441420614719391,25.0,0.0,0.0,4.961080551147461,7.027132511138916,4.1700615882873535,4.1700615882873535,0.8896305561065674,0.9444416165351868,99.4003677368164,4310.0,0.5996310114860535,26.0,0.0,0.0,0.0,0.0,0.0,0.0,9.817333221435547,14.2534761428833,8.167344093322754,8.167344093322754,0.547119677066803,0.7576831579208374,90.82103729248047,3938.0,9.01752758026123,391.0,0.0,0.0,0.16143910586833954,7.0,0.0,0.0,12.51418399810791,18.002368927001953,10.3635835647583,10.3635835647583,0.2795467972755432,0.5934317111968994,85.97785949707031,3728.0,13.814576148986816,599.0,0.0,0.0,0.207564577460289,9.0,0.0,0.0,13.840648651123047,19.61227035522461,11.458019256591797,11.458019256591797,0.14844077825546265,0.5037710666656494,82.67989349365234,3585.0,17.112545013427734,742.0,0.0,0.0,0.207564577460289,9.0,0.0,0.0,0.9285714285714286,0.21929824352264404,0.22550123929977417,0.2598370909690857,0.2953633964061737
15,0.23519084720272773,10.285360336303711,15.503042221069336,8.5398530960083,8.5398530960083,0.46517372131347656,0.7100660800933838,89.7024917602539,15558.0,10.153367042541504,1761.0,0.0,0.0,0.1441420614719391,25.0,0.0,0.0,4.949549198150635,6.985236644744873,4.1588239669799805,4.1588239669799805,0.8909426927566528,0.9451178312301636,99.46955108642578,4313.0,0.5304427742958069,23.0,0.0,0.0,0.0,0.0,0.0,0.0,9.797220230102539,14.219571113586426,8.14773941040039,8.14773941040039,0.5492717027664185,0.7593420743942261,90.86715698242188,3940.0,8.971402168273926,389.0,0.0,0.0,0.16143910586833954,7.0,0.0,0.0,12.52568244934082,18.014625549316406,10.37177848815918,10.37177848815918,0.2785654067993164,0.5934533476829529,85.9317398071289,3726.0,13.860700607299805,601.0,0.0,0.0,0.207564577460289,9.0,0.0,0.0,13.868988990783691,19.64334487915039,11.481070518493652,11.481070518493652,0.14574027061462402,0.5025221109390259,82.54151153564453,3579.0,17.25092315673828,748.0,0.0,0.0,0.207564577460289,9.0,0.0,0.0,1.0,0.21052631735801697,0.2210526168346405,0.2631579041481018,0.3052631616592407
16,0.23480249395235422,10.279691696166992,15.4989013671875,8.536578178405762,8.536578178405762,0.465459406375885,0.7094676494598389,89.73131561279297,15563.0,10.12453842163086,1756.0,0.0,0.0,0.1441420614719391,25.0,0.0,0.0,4.938383102416992,6.972306728363037,4.153602123260498,4.153602123260498,0.8913460373878479,0.9452127814292908,99.44649505615234,4312.0,0.553505539894104,24.0,0.0,0.0,0.0,0.0,0.0,0.0,9.786924362182617,14.205937385559082,8.141556739807129,8.141556739807129,0.550135612487793,0.759023904800415,90.91328430175781,3942.0,8.925276756286621,387.0,0.0,0.0,0.16143910586833954,7.0,0.0,0.0,12.523383140563965,18.00646209716797,10.368600845336914,10.368600845336914,0.27921903133392334,0.5925278663635254,85.95479583740234,3727.0,13.837638854980469,600.0,0.0,0.0,0.207564577460289,9.0,0.0,0.0,13.870075225830078,19.652210235595703,11.482550621032715,11.482550621032715,0.14496898651123047,0.5006492733955383,82.61070251464844,3582.0,17.181734085083008,745.0,0.0,0.0,0.207564577460289,9.0,0.0,0.0,1.0,0.21052631735801697,0.2210526168346405,0.2631579041481018,0.3052631616592407
17,0.23297375738477685,10.299145698547363,15.514251708984375,8.558732032775879,8.558732032775879,0.464400053024292,0.7088019847869873,89.69672393798828,15557.0,10.159132957458496,1762.0,0.0,0.0,0.1441420614719391,25.0,0.0,0.0,4.951344013214111,6.974827766418457,4.166380405426025,4.166380405426025,0.8912674784660339,0.9451166987419128,99.46955108642578,4313.0,0.5304427742958069,23.0,0.0,0.0,0.0,0.0,0.0,0.0,9.802626609802246,14.212035179138184,8.160457611083984,8.160457611083984,0.5497492551803589,0.7587481141090393,90.98247528076172,3945.0,8.856088638305664,384.0,0.0,0.0,0.16143910586833954,7.0,0.0,0.0,12.53046989440918,18.0145320892334,10.382823944091797,10.382823944091797,0.2785729169845581,0.5923011898994446,85.81642150878906,3721.0,13.976015090942383,606.0,0.0,0.0,0.207564577460289,9.0,0.0,0.0,13.91214370727539,19.68792724609375,11.525267601013184,11.525267601013184,0.14185810089111328,0.4990086853504181,82.5184555053711,3578.0,17.273984909057617,749.0,0.0,0.0,0.207564577460289,9.0,0.0,0.0,1.0,0.21052631735801697,0.2210526168346405,0.2631579041481018,0.3052631616592407
18,0.23227412116910995,10.295441627502441,15.517637252807617,8.55334186553955,8.55334186553955,0.46416622400283813,0.7087612152099609,89.74285125732422,15565.0,10.113007545471191,1754.0,0.0,0.0,0.1441420614719391,25.0,0.0,0.0,4.923609733581543,6.930226802825928,4.142068386077881,4.142068386077881,0.8926535844802856,0.9458130598068237,99.44649505615234,4312.0,0.553505539894104,24.0,0.0,0.0,0.0,0.0,0.0,0.0,9.79294490814209,14.2039155960083,8.151772499084473,8.151772499084473,0.5502636432647705,0.758932888507843,91.14391326904297,3952.0,8.694649696350098,377.0,0.0,0.0,0.16143910586833954,7.0,0.0,0.0,12.550617218017578,18.037099838256836,10.3971529006958,10.3971529006958,0.27676427364349365,0.5915290117263794,85.862548828125,3723.0,13.929888725280762,604.0,0.0,0.0,0.207564577460289,9.0,0.0,0.0,13.914595603942871,19.69954490661621,11.522371292114258,11.522371292114258,0.14084511995315552,0.49881529808044434,82.5184555053711,3578.0,17.273984909057617,749.0,0.0,0.0,0.207564577460289,9.0,0.0,0.0,1.0,0.21052631735801697,0.2210526168346405,0.2631579041481018,0.3052631616592407
19,0.23129929057892504,10.303987503051758,15.522220611572266,8.56418514251709,8.56418514251709,0.46384966373443604,0.7086904048919678,89.69095611572266,15556.0,10.164898872375488,1763.0,0.0,0.0,0.1441420614719391,25.0,0.0,0.0,4.921571254730225,6.941792011260986,4.141836166381836,4.141836166381836,0.8922950029373169,0.9457263350486755,99.4003677368164,4310.0,0.5996310114860535,26.0,0.0,0.0,0.0,0.0,0.0,0.0,9.805678367614746,14.22183895111084,8.1652250289917,8.1652250289917,0.5491279363632202,0.7585885524749756,91.07472229003906,3949.0,8.763837814331055,380.0,0.0,0.0,0.16143910586833954,7.0,0.0,0.0,12.561777114868164,18.03884506225586,10.411474227905273,10.411474227905273,0.2766241431236267,0.5913925170898438,85.862548828125,3723.0,13.929888725280762,604.0,0.0,0.0,0.207564577460289,9.0,0.0,0.0,13.926923751831055,19.695383071899414,11.53820514678955,11.53820514678955,0.14120811223983765,0.4984767735004425,82.42619323730469,3574.0,17.366235733032227,753.0,0.0,0.0,0.207564577460289,9.0,0.0,0.0,1.0,0.21052631735801697,0.2210526168346405,0.2631579041481018,0.3052631616592407
20,0.2305378233118808,10.311445236206055,15.528170585632324,8.568443298339844,8.568443298339844,0.46343863010406494,0.7079802751541138,89.62177276611328,15544.0,10.234086990356445,1775.0,0.0,0.0,0.1441420614719391,25.0,0.0,0.0,4.925960063934326,6.925849437713623,4.143345832824707,4.143345832824707,0.8927891850471497,0.9458701610565186,99.4003677368164,4310.0,0.5996310114860535,26.0,0.0,0.0,0.0,0.0,0.0,0.0,9.8082914352417,14.218160629272461,8.164588928222656,8.164588928222656,0.5493611097335815,0.7581053972244263,91.07472229003906,3949.0,8.763837814331055,380.0,0.0,0.0,0.16143910586833954,7.0,0.0,0.0,12.577837944030762,18.04901695251465,10.424250602722168,10.424250602722168,0.2758082151412964,0.5901758670806885,85.81642150878906,3721.0,13.976015090942383,606.0,0.0,0.0,0.207564577460289,9.0,0.0,0.0,13.93369197845459,19.713085174560547,11.541590690612793,11.541590690612793,0.13966363668441772,0.49718937277793884,82.19557189941406,3564.0,17.59686279296875,763.0,0.0,0.0,0.207564577460289,9.0,0.0,0.0,1.0,0.21052631735801697,0.2210526168346405,0.2631579041481018,0.3052631616592407
21,0.2288595230431724,10.344389915466309,15.576029777526855,8.59483528137207,8.59483528137207,0.46012598276138306,0.7072986960411072,89.49492645263672,15522.0,10.360931396484375,1797.0,0.0,0.0,0.1441420614719391,25.0,0.0,0.0,4.919275283813477,6.914283275604248,4.139015197753906,4.139015197753906,0.8931469917297363,0.9462599754333496,99.4003677368164,4310.0,0.5996310114860535,26.0,0.0,0.0,0.0,0.0,0.0,0.0,9.833104133605957,14.242467880249023,8.188188552856445,8.188188552856445,0.5478188991546631,0.7581936120986938,91.00553131103516,3946.0,8.833025932312012,383.0,0.0,0.0,0.16143910586833954,7.0,0.0,0.0,12.635456085205078,18.12126922607422,10.468664169311523,10.468664169311523,0.2699986696243286,0.5887333750724792,85.70111083984375,3716.0,14.091327667236328,611.0,0.0,0.0,0.207564577460289,9.0,0.0,0.0,13.989725112915039,19.78421974182129,11.58347225189209,11.58347225189209,0.13344347476959229,0.4956044554710388,81.87269592285156,3550.0,17.919740676879883,777.0,0.0,0.0,0.207564577460289,9.0,0.0,0.0,1.0,0.21052631735801697,0.2210526168346405,0.2631579041481018,0.3052631616592407
step,fold13/test_loss,fold13/test_mae,fold13/test_rmse,fold13/test_mard,fold13/test_mape,fold13/test_r2,fold13/test_pearson,fold13/test_ega_zone_a_pct,fold13/test_ega_zone_a_count,fold13/test_ega_zone_b_pct,fold13/test_ega_zone_b_count,fold13/test_ega_zone_c_pct,fold13/test_ega_zone_c_count,fold13/test_ega_zone_d_pct,fold13/test_ega_zone_d_count,fold13/test_ega_zone_e_pct,fold13/test_ega_zone_e_count,fold13/test_horizon_15_mae,fold13/test_horizon_15_rmse,fold13/test_horizon_15_mard,fold13/test_horizon_15_mape,fold13/test_horizon_15_r2,fold13/test_horizon_15_pearson,fold13/test_horizon_15_ega_zone_a_pct,fold13/test_horizon_15_ega_zone_a_count,fold13/test_horizon_15_ega_zone_b_pct,fold13/test_horizon_15_ega_zone_b_count,fold13/test_horizon_15_ega_zone_c_pct,fold13/test_horizon_15_ega_zone_c_count,fold13/test_horizon_15_ega_zone_d_pct,fold13/test_horizon_15_ega_zone_d_count,fold13/test_horizon_15_ega_zone_e_pct,fold13/test_horizon_15_ega_zone_e_count,fold13/test_horizon_30_mae,fold13/test_horizon_30_rmse,fold13/test_horizon_30_mard,fold13/test_horizon_30_mape,fold13/test_horizon_30_r2,fold13/test_horizon_30_pearson,fold13/test_horizon_30_ega_zone_a_pct,fold13/test_horizon_30_ega_zone_a_count,fold13/test_horizon_30_ega_zone_b_pct,fold13/test_horizon_30_ega_zone_b_count,fold13/test_horizon_30_ega_zone_c_pct,fold13/test_horizon_30_ega_zone_c_count,fold13/test_horizon_30_ega_zone_d_pct,fold13/test_horizon_30_ega_zone_d_count,fold13/test_horizon_30_ega_zone_e_pct,fold13/test_horizon_30_ega_zone_e_count,fold13/test_horizon_45_mae,fold13/test_horizon_45_rmse,fold13/test_horizon_45_mard,fold13/test_horizon_45_mape,fold13/test_horizon_45_r2,fold13/test_horizon_45_pearson,fold13/test_horizon_45_ega_zone_a_pct,fold13/test_horizon_45_ega_zone_a_count,fold13/test_horizon_45_ega_zone_b_pct,fold13/test_horizon_45_ega_zone_b_count,fold13/test_horizon_45_ega_zone_c_pct,fold13/test_horizon_45_ega_zone_c_count,fold13/test_horizon_45_ega_zone_d_pct,fold13/test_horizon_45_ega_zone_d_count,fold13/test_horizon_45_ega_zone_e_pct,fold13/test_horizon_45_ega_zone_e_count,fold13/test_horizon_60_mae,fold13/test_horizon_60_rmse,fold13/test_horizon_60_mard,fold13/test_horizon_60_mape,fold13/test_horizon_60_r2,fold13/test_horizon_60_pearson,fold13/test_horizon_60_ega_zone_a_pct,fold13/test_horizon_60_ega_zone_a_count,fold13/test_horizon_60_ega_zone_b_pct,fold13/test_horizon_60_ega_zone_b_count,fold13/test_horizon_60_ega_zone_c_pct,fold13/test_horizon_60_ega_zone_c_count,fold13/test_horizon_60_ega_zone_d_pct,fold13/test_horizon_60_ega_zone_d_count,fold13/test_horizon_60_ega_zone_e_pct,fold13/test_horizon_60_ega_zone_e_count
0,0.2936790391741466,10.083641052246094,17.10638999938965,7.522817134857178,7.522817134857178,0.42033445835113525,0.6774388551712036,90.3677978515625,7027.0,9.632201194763184,749.0,0.0,0.0,0.0,0.0,0.0,0.0,4.572744846343994,7.189857006072998,3.5746450424194336,3.5746450424194336,0.8975769877433777,0.9484845995903015,98.91975402832031,1923.0,1.080246925354004,21.0,0.0,0.0,0.0,0.0,0.0,0.0,9.218108177185059,15.194137573242188,6.947371482849121,6.947371482849121,0.5428813695907593,0.7517899870872498,91.92386627197266,1787.0,8.076131820678711,157.0,0.0,0.0,0.0,0.0,0.0,0.0,12.360523223876953,19.907283782958984,9.141788482666016,9.141788482666016,0.21518146991729736,0.5372565984725952,86.8827133178711,1689.0,13.117283821105957,255.0,0.0,0.0,0.0,0.0,0.0,0.0,14.183184623718262,22.173372268676758,10.427459716796875,10.427459716796875,0.02562052011489868,0.390298455953598,83.7448501586914,1628.0,16.255144119262695,316.0,0.0,0.0,0.0,0.0,0.0,0.0
step,fold14/train_loss,fold14/val_mae,fold14/val_rmse,fold14/val_mard,fold14/val_mape,fold14/val_r2,fold14/val_pearson,fold14/val_ega_zone_a_pct,fold14/val_ega_zone_a_count,fold14/val_ega_zone_b_pct,fold14/val_ega_zone_b_count,fold14/val_ega_zone_c_pct,fold14/val_ega_zone_c_count,fold14/val_ega_zone_d_pct,fold14/val_ega_zone_d_count,fold14/val_ega_zone_e_pct,fold14/val_ega_zone_e_count,fold14/val_horizon_15_mae,fold14/val_horizon_15_rmse,fold14/val_horizon_15_mard,fold14/val_horizon_15_mape,fold14/val_horizon_15_r2,fold14/val_horizon_15_pearson,fold14/val_horizon_15_ega_zone_a_pct,fold14/val_horizon_15_ega_zone_a_count,fold14/val_horizon_15_ega_zone_b_pct,fold14/val_horizon_15_ega_zone_b_count,fold14/val_horizon_15_ega_zone_c_pct,fold14/val_horizon_15_ega_zone_c_count,fold14/val_horizon_15_ega_zone_d_pct,fold14/val_horizon_15_ega_zone_d_count,fold14/val_horizon_15_ega_zone_e_pct,fold14/val_horizon_15_ega_zone_e_count,fold14/val_horizon_30_mae,fold14/val_horizon_30_rmse,fold14/val_horizon_30_mard,fold14/val_horizon_30_mape,fold14/val_horizon_30_r2,fold14/val_horizon_30_pearson,fold14/val_horizon_30_ega_zone_a_pct,fold14/val_horizon_30_ega_zone_a_count,fold14/val_horizon_30_ega_zone_b_pct,fold14/val_horizon_30_ega_zone_b_count,fold14/val_horizon_30_ega_zone_c_pct,fold14/val_horizon_30_ega_zone_c_count,fold14/val_horizon_30_ega_zone_d_pct,fold14/val_horizon_30_ega_zone_d_count,fold14/val_horizon_30_ega_zone_e_pct,fold14/val_horizon_30_ega_zone_e_count,fold14/val_horizon_45_mae,fold14/val_horizon_45_rmse,fold14/val_horizon_45_mard,fold14/val_horizon_45_mape,fold14/val_horizon_45_r2,fold14/val_horizon_45_pearson,fold14/val_horizon_45_ega_zone_a_pct,fold14/val_horizon_45_ega_zone_a_count,fold14/val_horizon_45_ega_zone_b_pct,fold14/val_horizon_45_ega_zone_b_count,fold14/val_horizon_45_ega_zone_c_pct,fold14/val_horizon_45_ega_zone_c_count,fold14/val_horizon_45_ega_zone_d_pct,fold14/val_horizon_45_ega_zone_d_count,fold14/val_horizon_45_ega_zone_e_pct,fold14/val_horizon_45_ega_zone_e_count,fold14/val_horizon_60_mae,fold14/val_horizon_60_rmse,fold14/val_horizon_60_mard,fold14/val_horizon_60_mape,fold14/val_horizon_60_r2,fold14/val_horizon_60_pearson,fold14/val_horizon_60_ega_zone_a_pct,fold14/val_horizon_60_ega_zone_a_count,fold14/val_horizon_60_ega_zone_b_pct,fold14/val_horizon_60_ega_zone_b_count,fold14/val_horizon_60_ega_zone_c_pct,fold14/val_horizon_60_ega_zone_c_count,fold14/val_horizon_60_ega_zone_d_pct,fold14/val_horizon_60_ega_zone_d_count,fold14/val_horizon_60_ega_zone_e_pct,fold14/val_horizon_60_ega_zone_e_count,fold14/diag_horizon_curriculum_progress,fold14/diag_loss_horizon_weight_0,fold14/diag_loss_horizon_weight_1,fold14/diag_loss_horizon_weight_2,fold14/diag_loss_horizon_weight_3
1,0.2509273699236825,9.727846145629883,15.289072036743164,8.079324722290039,8.079324722290039,0.5205946564674377,0.7375991344451904,90.67163848876953,15552.0,9.287546157836914,1593.0,0.0,0.0,0.04081156849861145,7.0,0.0,0.0,5.624582767486572,8.551552772521973,4.771661758422852,4.771661758422852,0.8498220443725586,0.9230512380599976,97.78451538085938,4193.0,2.145522356033325,92.0,0.0,0.0,0.06996268779039383,3.0,0.0,0.0,9.246377944946289,14.175420761108398,7.704502105712891,7.704502105712891,0.5877947807312012,0.7755096554756165,92.02425384521484,3946.0,7.929104804992676,340.0,0.0,0.0,0.04664178937673569,2.0,0.0,0.0,11.279178619384766,17.183523178100586,9.311580657958984,9.311580657958984,0.394481897354126,0.6621293425559998,87.96641540527344,3772.0,12.010261535644531,515.0,0.0,0.0,0.023320894688367844,1.0,0.0,0.0,12.761244773864746,19.12270736694336,10.52955436706543,10.52955436706543,0.25111812353134155,0.5694529414176941,84.91138458251953,3641.0,15.065299034118652,646.0,0.0,0.0,0.023320894688367844,1.0,0.0,0.0,0.0,0.3333333432674408,0.28333333134651184,0.21666665375232697,0.1666666716337204
2,0.2280799428856621,9.118429183959961,14.425235748291016,7.60443115234375,7.60443115234375,0.5732372999191284,0.7691806554794312,91.66860961914062,15723.0,8.273087501525879,1419.0,0.0,0.0,0.05830223858356476,10.0,0.0,0.0,4.740600109100342,7.0502400398254395,4.076708793640137,4.076708793640137,0.8979239463806152,0.9479545950889587,98.64738464355469,4230.0,1.2826491594314575,55.0,0.0,0.0,0.06996268779039383,3.0,0.0,0.0,8.566666603088379,13.041471481323242,7.186344146728516,7.186344146728516,0.6511049866676331,0.8138630390167236,93.35354614257812,4003.0,6.576492786407471,282.0,0.0,0.0,0.06996268779039383,3.0,0.0,0.0,10.83629322052002,16.454936981201172,8.982792854309082,8.982792854309082,0.44474148750305176,0.6908607482910156,89.0625,3819.0,10.890857696533203,467.0,0.0,0.0,0.04664178937673569,2.0,0.0,0.0,12.330155372619629,18.48780632019043,10.171875953674316,10.171875953674316,0.3000204563140869,0.5991837978363037,85.61100769042969,3671.0,14.342350959777832,615.0,0.0,0.0,0.04664178937673569,2.0,0.0,0.0,0.07142857142857142,0.3245614171028137,0.2788847088813782,0.21998745203018188,0.17656642198562622
3,0.22520607203949242,8.972209930419922,14.191755294799805,7.502021789550781,7.502021789550781,0.5869402885437012,0.7768173217773438,91.92514038085938,15767.0,8.010727882385254,1374.0,0.0,0.0,0.064132459461689,11.0,0.0,0.0,4.536012649536133,6.666903495788574,3.912022590637207,3.912022590637207,0.9087223410606384,0.9536470770835876,98.90391540527344,4241.0,1.026119351387024,44.0,0.0,0.0,0.06996268779039383,3.0,0.0,0.0,8.412351608276367,12.693697929382324,7.089848041534424,7.089848041534424,0.6694647073745728,0.8238556385040283,93.54011535644531,4011.0,6.366604804992676,273.0,0.0,0.0,0.09328357875347137,4.0,0.0,0.0,10.684517860412598,16.205575942993164,8.877299308776855,8.877299308776855,0.4614430069923401,0.7003396153450012,89.52891540527344,3839.0,10.424440383911133,447.0,0.0,0.0,0.04664178937673569,2.0,0.0,0.0,12.255958557128906,18.369144439697266,10.128915786743164,10.128915786743164,0.30897724628448486,0.6031023859977722,85.72761535644531,3676.0,14.225747108459473,610.0,0.0,0.0,0.04664178937673569,2.0,0.0,0.0,0.14285714285714285,0.31578949093818665,0.2744360864162445,0.223308265209198,0.18646617233753204
4,0.22546262980531562,8.907767295837402,14.096158981323242,7.449882507324219,7.449882507324219,0.5924863815307617,0.7800111770629883,92.12920379638672,15802.0,7.80666971206665,1339.0,0.0,0.0,0.064132459461689,11.0,0.0,0.0,4.4546356201171875,6.525577545166016,3.8485336303710938,3.8485336303710938,0.9125511646270752,0.9556265473365784,99.0671615600586,4248.0,0.8628731369972229,37.0,0.0,0.0,0.06996268779039383,3.0,0.0,0.0,8.339078903198242,12.548979759216309,7.033085823059082,7.033085823059082,0.676958441734314,0.8280553817749023,93.75,4020.0,6.156716346740723,264.0,0.0,0.0,0.09328357875347137,4.0,0.0,0.0,10.630854606628418,16.114778518676758,8.83665943145752,8.83665943145752,0.4674609303474426,0.7036911249160767,89.62220001220703,3843.0,10.331156730651855,443.0,0.0,0.0,0.04664178937673569,2.0,0.0,0.0,12.206502914428711,18.304662704467773,10.081245422363281,10.081245422363281,0.31382012367248535,0.6060509085655212,86.07743072509766,3691.0,13.875932693481445,595.0,0.0,0.0,0.04664178937673569,2.0,0.0,0.0,0.21428571428571427,0.30701756477355957,0.26998746395111084,0.22662906348705292,0.19636592268943787
5,0.22324914612743588,8.858528137207031,14.013076782226562,7.409682273864746,7.409682273864746,0.597275972366333,0.7828392386436462,92.21082305908203,15816.0,7.725046634674072,1325.0,0.0,0.0,0.064132459461689,11.0,0.0,0.0,4.396719455718994,6.397032260894775,3.7998251914978027,3.7998251914978027,0.9159624576568604,0.9574571847915649,99.13713073730469,4251.0,0.7929104566574097,34.0,0.0,0.0,0.06996268779039383,3.0,0.0,0.0,8.301902770996094,12.447707176208496,7.00454044342041,7.00454044342041,0.6821514368057251,0.8311399817466736,93.86660766601562,4025.0,6.040112018585205,259.0,0.0,0.0,0.09328357875347137,4.0,0.0,0.0,10.57666301727295,16.033790588378906,8.793440818786621,8.793440818786621,0.47280025482177734,0.7067025303840637,89.64552307128906,3844.0,10.307835578918457,442.0,0.0,0.0,0.04664178937673569,2.0,0.0,0.0,12.158829689025879,18.235004425048828,10.040923118591309,10.040923118591309,0.31903260946273804,0.6088100075721741,86.19403076171875,3696.0,13.759328842163086,590.0,0.0,0.0,0.04664178937673569,2.0,0.0,0.0,0.2857142857142857,0.2982456088066101,0.2655388414859772,0.22994986176490784,0.2062656730413437
6,0.2252096880931059,8.838644981384277,13.983976364135742,7.392104148864746,7.392104148864746,0.5989468097686768,0.783758282661438,92.28661346435547,15829.0,7.649253845214844,1312.0,0.0,0.0,0.064132459461689,11.0,0.0,0.0,4.369623184204102,6.35303258895874,3.7770402431488037,3.7770402431488037,0.9171145558357239,0.9580002427101135,99.09048461914062,4249.0,0.8395522832870483,36.0,0.0,0.0,0.06996268779039383,3.0,0.0,0.0,8.288384437561035,12.420307159423828,6.991008758544922,6.991008758544922,0.683549165725708,0.8318758010864258,93.98320770263672,4030.0,5.923507213592529,254.0,0.0,0.0,0.09328357875347137,4.0,0.0,0.0,10.566802978515625,16.010950088500977,8.783614158630371,8.783614158630371,0.47430121898651123,0.7078716158866882,89.87873077392578,3854.0,10.074626922607422,432.0,0.0,0.0,0.04664178937673569,2.0,0.0,0.0,12.129768371582031,18.199748992919922,10.016754150390625,10.016754150390625,0.32166314125061035,0.6104629635810852,86.19403076171875,3696.0,13.759328842163086,590.0,0.0,0.0,0.04664178937673569,2.0,0.0,0.0,0.35714285714285715,0.28947368264198303,0.2610902190208435,0.23327067494392395,0.2161654233932495
7,0.2264092793241693,8.801385879516602,13.930004119873047,7.360614776611328,7.360614776611328,0.602036714553833,0.78520268201828,92.37406921386719,15844.0,7.561800479888916,1297.0,0.0,0.0,0.064132459461689,11.0,0.0,0.0,4.328749179840088,6.28920841217041,3.7401862144470215,3.7401862144470215,0.9187715649604797,0.9588309526443481,99.25373077392578,4256.0,0.6763059496879578,29.0,0.0,0.0,0.06996268779039383,3.0,0.0,0.0,8.240309715270996,12.350557327270508,6.950557231903076,6.950557231903076,0.6870934963226318,0.833501935005188,94.14645385742188,4037.0,5.760261058807373,247.0,0.0,0.0,0.09328357875347137,4.0,0.0,0.0,10.533655166625977,15.958717346191406,8.758916854858398,8.758916854858398,0.477725625038147,0.709228515625,89.90204620361328,3855.0,10.05130672454834,431.0,0.0,0.0,0.04664178937673569,2.0,0.0,0.0,12.102828979492188,18.149625778198242,9.992798805236816,9.992798805236816,0.3253944516181946,0.612532913684845,86.19403076171875,3696.0,13.759328842163086,590.0,0.0,0.0,0.04664178937673569,2.0,0.0,0.0,0.42857142857142855,0.28070175647735596,0.25664159655570984,0.23659147322177887,0.22606515884399414
8,0.22861452118356818,8.799901962280273,13.910310745239258,7.363372325897217,7.363372325897217,0.603161096572876,0.7858645915985107,92.39155578613281,15847.0,7.544309616088867,1294.0,0.0,0.0,0.064132459461689,11.0,0.0,0.0,4.329578876495361,6.271883964538574,3.743151903152466,3.743151903152466,0.9192184209823608,0.9590831995010376,99.23040771484375,4255.0,0.6996268630027771,30.0,0.0,0.0,0.06996268779039383,3.0,0.0,0.0,8.233905792236328,12.329832077026367,6.950178146362305,6.950178146362305,0.6881426572799683,0.8341571092605591,94.09981536865234,4035.0,5.80690336227417,249.0,0.0,0.0,0.09328357875347137,4.0,0.0,0.0,10.531311988830566,15.940608978271484,8.761931419372559,8.761931419372559,0.4789101481437683,0.7098702788352966,89.9953384399414,3859.0,9.958022117614746,427.0,0.0,0.0,0.04664178937673569,2.0,0.0,0.0,12.104812622070312,18.125194549560547,9.998229026794434,9.998229026794434,0.3272094130516052,0.6133775115013123,86.24067687988281,3698.0,13.712686538696289,588.0,0.0,0.0,0.04664178937673569,2.0,0.0,0.0,0.5,0.2719298303127289,0.25219297409057617,0.2399122714996338,0.23596492409706116
9,0.23074387821099016,8.79525089263916,13.904748916625977,7.358209133148193,7.358209133148193,0.6034783720970154,0.7860428094863892,92.35657501220703,15841.0,7.579290866851807,1300.0,0.0,0.0,0.064132459461689,11.0,0.0,0.0,4.326909065246582,6.25734281539917,3.7421841621398926,3.7421841621398926,0.9195926189422607,0.959259569644928,99.20709228515625,4254.0,0.7229477763175964,31.0,0.0,0.0,0.06996268779039383,3.0,0.0,0.0,8.2346830368042,12.318117141723633,6.952579975128174,6.952579975128174,0.6887350082397461,0.8344569206237793,94.07649230957031,4034.0,5.83022403717041,250.0,0.0,0.0,0.09328357875347137,4.0,0.0,0.0,10.51791000366211,15.923904418945312,8.748769760131836,8.748769760131836,0.4800017476081848,0.710567057132721,89.97201538085938,3858.0,9.981343269348145,428.0,0.0,0.0,0.04664178937673569,2.0,0.0,0.0,12.1014986038208,18.13579750061035,9.989304542541504,9.989304542541504,0.3264220952987671,0.6130571365356445,86.17070770263672,3695.0,13.782649040222168,591.0,0.0,0.0,0.04664178937673569,2.0,0.0,0.0,0.5714285714285714,0.2631579041481018,0.2477443516254425,0.2432330846786499,0.24586467444896698
10,0.2325102048312508,8.794848442077637,13.893943786621094,7.357039928436279,7.357039928436279,0.604094386100769,0.786310613155365,92.3390884399414,15838.0,7.5967817306518555,1303.0,0.0,0.0,0.064132459461689,11.0,0.0,0.0,4.327864170074463,6.254522800445557,3.7409439086914062,3.7409439086914062,0.9196650385856628,0.9593231081962585,99.18376922607422,4253.0,0.746268630027771,32.0,0.0,0.0,0.06996268779039383,3.0,0.0,0.0,8.24001407623291,12.314632415771484,6.952843189239502,6.952843189239502,0.6889110803604126,0.8345528244972229,94.05317687988281,4033.0,5.85354471206665,251.0,0.0,0.0,0.09328357875347137,4.0,0.0,0.0,10.522012710571289,15.92246150970459,8.748907089233398,8.748907089233398,0.4800959825515747,0.7105303406715393,89.90204620361328,3855.0,10.05130672454834,431.0,0.0,0.0,0.04664178937673569,2.0,0.0,0.0,12.089498519897461,18.107255935668945,9.985466957092285,9.985466957092285,0.3285404443740845,0.6137699484825134,86.21734619140625,3697.0,13.736007690429688,589.0,0.0,0.0,0.04664178937673569,2.0,0.0,0.0,0.6428571428571429,0.25438597798347473,0.24329572916030884,0.24655388295650482,0.2557644248008728
11,0.2340918260525005,8.770355224609375,13.858161926269531,7.3404340744018555,7.3404340744018555,0.6061309576034546,0.7871988415718079,92.39155578613281,15847.0,7.544309616088867,1294.0,0.0,0.0,0.064132459461689,11.0,0.0,0.0,4.30727481842041,6.211762428283691,3.7272863388061523,3.7272863388061523,0.9207597374916077,0.9598582983016968,99.16045379638672,4252.0,0.7695895433425903,33.0,0.0,0.0,0.06996268779039383,3.0,0.0,0.0,8.208063125610352,12.268518447875977,6.93507194519043,6.93507194519043,0.6912365555763245,0.835667610168457,94.14645385742188,4037.0,5.760261058807373,247.0,0.0,0.0,0.09328357875347137,4.0,0.0,0.0,10.496222496032715,15.877968788146973,8.733376502990723,8.733376502990723,0.48299747705459595,0.7118470072746277,89.92536926269531,3856.0,10.027985572814941,430.0,0.0,0.0,0.04664178937673569,2.0,0.0,0.0,12.069859504699707,18.082651138305664,9.9660005569458,9.9660005569458,0.3303641080856323,0.613928496837616,86.33395385742188,3702.0,13.619403839111328,584.0,0.0,0.0,0.04664178937673569,2.0,0.0,0.0,0.7142857142857143,0.24561403691768646,0.23884710669517517,0.24987469613552094,0.26566416025161743
12,0.237069288264337,8.769096374511719,13.86238956451416,7.334741115570068,7.334741115570068,0.6058906316757202,0.7872310876846313,92.39155578613281,15847.0,7.544309616088867,1294.0,0.0,0.0,0.064132459461689,11.0,0.0,0.0,4.293807506561279,6.203484535217285,3.711148262023926,3.711148262023926,0.9209707975387573,0.9600226283073425,99.25373077392578,4256.0,0.6763059496879578,29.0,0.0,0.0,0.06996268779039383,3.0,0.0,0.0,8.206633567810059,12.267979621887207,6.923770904541016,6.923770904541016,0.6912636756896973,0.8358948826789856,94.14645385742188,4037.0,5.760261058807373,247.0,0.0,0.0,0.09328357875347137,4.0,0.0,0.0,10.500913619995117,15.891128540039062,8.732760429382324,8.732760429382324,0.4821401834487915,0.7113467454910278,89.90204620361328,3855.0,10.05130672454834,431.0,0.0,0.0,0.04664178937673569,2.0,0.0,0.0,12.075031280517578,18.087255477905273,9.971285820007324,9.971285820007324,0.330022931098938,0.6138319373130798,86.26399230957031,3699.0,13.689366340637207,587.0,0.0,0.0,0.04664178937673569,2.0,0.0,0.0,0.7857142857142857,0.23684212565422058,0.2343984991312027,0.25319552421569824,0.27556392550468445
13,0.2375107748714501,8.75715446472168,13.828079223632812,7.327864170074463,7.327864170074463,0.6078391075134277,0.7881363034248352,92.54314422607422,15873.0,7.39272403717041,1268.0,0.0,0.0,0.064132459461689,11.0,0.0,0.0,4.2968316078186035,6.170560359954834,3.715960741043091,3.715960741043091,0.9218074679374695,0.9604666829109192,99.25373077392578,4256.0,0.6763059496879578,29.0,0.0,0.0,0.06996268779039383,3.0,0.0,0.0,8.199075698852539,12.229255676269531,6.918776035308838,6.918776035308838,0.693209707736969,0.836886465549469,94.28638458251953,4043.0,5.620335578918457,241.0,0.0,0.0,0.09328357875347137,4.0,0.0,0.0,10.48658275604248,15.85975456237793,8.725920677185059,8.725920677185059,0.4841828942298889,0.7122030258178711,90.06529998779297,3862.0,9.888059616088867,424.0,0.0,0.0,0.04664178937673569,2.0,0.0,0.0,12.046130180358887,18.04718017578125,9.950799942016602,9.950799942016602,0.33298856019973755,0.614980161190033,86.5671615600586,3712.0,13.386194229125977,574.0,0.0,0.0,0.04664178937673569,2.0,0.0,0.0,0.8571428571428571,0.22807016968727112,0.22994986176490784,0.25651630759239197,0.2854636609554291
14,0.23937874235534926,8.750177383422852,13.80770492553711,7.3250813484191895,7.3250813484191895,0.6089938879013062,0.7889397740364075,92.56646728515625,15877.0,7.369402885437012,1264.0,0.0,0.0,0.064132459461689,11.0,0.0,0.0,4.296806812286377,6.16868257522583,3.7168145179748535,3.7168145179748535,0.9218550324440002,0.9605907201766968,99.25373077392578,4256.0,0.6763059496879578,29.0,0.0,0.0,0.06996268779039383,3.0,0.0,0.0,8.197157859802246,12.225502014160156,6.923914909362793,6.923914909362793,0.6933979988098145,0.8372067809104919,94.21641540527344,4040.0,5.690298557281494,244.0,0.0,0.0,0.09328357875347137,4.0,0.0,0.0,10.478071212768555,15.834661483764648,8.721356391906738,8.721356391906738,0.4858139157295227,0.7131761908531189,90.1819076538086,3867.0,9.771454811096191,419.0,0.0,0.0,0.04664178937673569,2.0,0.0,0.0,12.02867317199707,18.00996208190918,9.938238143920898,9.938238143920898,0.33573681116104126,0.6162151098251343,86.61380767822266,3714.0,13.33955192565918,572.0,0.0,0.0,0.04664178937673569,2.0,0.0,0.0,0.9285714285714286,0.21929824352264404,0.22550123929977417,0.2598370909690857,0.2953633964061737
15,0.24111202666434223,8.757894515991211,13.805686950683594,7.3292999267578125,7.3292999267578125,0.6091080904006958,0.7888883948326111,92.6072769165039,15884.0,7.328591346740723,1257.0,0.0,0.0,0.064132459461689,11.0,0.0,0.0,4.298810958862305,6.1679768562316895,3.7181074619293213,3.7181074619293213,0.9218729138374329,0.9605216383934021,99.25373077392578,4256.0,0.6763059496879578,29.0,0.0,0.0,0.06996268779039383,3.0,0.0,0.0,8.208637237548828,12.225870132446289,6.930882453918457,6.930882453918457,0.6933795213699341,0.8371240496635437,94.28638458251953,4043.0,5.620335578918457,241.0,0.0,0.0,0.09328357875347137,4.0,0.0,0.0,10.490898132324219,15.836664199829102,8.730385780334473,8.730385780334473,0.485683798789978,0.7130942940711975,90.27518463134766,3871.0,9.678171157836914,415.0,0.0,0.0,0.04664178937673569,2.0,0.0,0.0,12.033232688903809,18.00200653076172,9.937824249267578,9.937824249267578,0.336323618888855,0.6164681911468506,86.61380767822266,3714.0,13.33955192565918,572.0,0.0,0.0,0.04664178937673569,2.0,0.0,0.0,1.0,0.21052631735801697,0.2210526168346405,0.2631579041481018,0.3052631616592407
16,0.24106828923908444,8.752754211425781,13.806690216064453,7.3201375007629395,7.3201375007629395,0.6090513467788696,0.7892196774482727,92.61310577392578,15885.0,7.322761535644531,1256.0,0.0,0.0,0.064132459461689,11.0,0.0,0.0,4.283999919891357,6.160415172576904,3.700739860534668,3.700739860534668,0.9220643639564514,0.9607304334640503,99.25373077392578,4256.0,0.6763059496879578,29.0,0.0,0.0,0.06996268779039383,3.0,0.0,0.0,8.203242301940918,12.219991683959961,6.9188995361328125,6.9188995361328125,0.6936743259429932,0.8375604748725891,94.3796615600586,4047.0,5.527052402496338,237.0,0.0,0.0,0.09328357875347137,4.0,0.0,0.0,10.487040519714355,15.835280418395996,8.721282005310059,8.721282005310059,0.4857736825942993,0.7135475277900696,90.15858459472656,3866.0,9.79477596282959,420.0,0.0,0.0,0.04664178937673569,2.0,0.0,0.0,12.036733627319336,18.01287841796875,9.939624786376953,9.939624786376953,0.33552175760269165,0.6165540814399719,86.66045379638672,3716.0,13.2929105758667,570.0,0.0,0.0,0.04664178937673569,2.0,0.0,0.0,1.0,0.21052631735801697,0.2210526168346405,0.2631579041481018,0.3052631616592407
17,0.23965144745858735,8.748888969421387,13.794551849365234,7.318297863006592,7.318297863006592,0.6097384095191956,0.789596676826477,92.61310577392578,15885.0,7.322761535644531,1256.0,0.0,0.0,0.064132459461689,11.0,0.0,0.0,4.2884368896484375,6.151993274688721,3.705142021179199,3.705142021179199,0.9222773313522339,0.9608866572380066,99.25373077392578,4256.0,0.6763059496879578,29.0,0.0,0.0,0.06996268779039383,3.0,0.0,0.0,8.2007474899292,12.214223861694336,6.918118953704834,6.918118953704834,0.6939634084701538,0.8377394676208496,94.3796615600586,4047.0,5.527052402496338,237.0,0.0,0.0,0.09328357875347137,4.0,0.0,0.0,10.481623649597168,15.819709777832031,8.718354225158691,8.718354225158691,0.4867844581604004,0.7140350341796875,90.15858459472656,3866.0,9.79477596282959,420.0,0.0,0.0,0.04664178937673569,2.0,0.0,0.0,12.02474594116211,17.99614143371582,9.931573867797852,9.931573867797852,0.3367559313774109,0.6170637011528015,86.66045379638672,3716.0,13.2929105758667,570.0,0.0,0.0,0.04664178937673569,2.0,0.0,0.0,1.0,0.21052631735801697,0.2210526168346405,0.2631579041481018,0.3052631616592407
18,0.2386218229783039,8.728045463562012,13.766555786132812,7.302978515625,7.302978515625,0.6113208532333374,0.7902460694313049,92.6714096069336,15895.0,7.264459133148193,1246.0,0.0,0.0,0.064132459461689,11.0,0.0,0.0,4.276472091674805,6.13350248336792,3.698230504989624,3.698230504989624,0.9227437973022461,0.9610527157783508,99.23040771484375,4255.0,0.6996268630027771,30.0,0.0,0.0,0.06996268779039383,3.0,0.0,0.0,8.178658485412598,12.195296287536621,6.900217533111572,6.900217533111572,0.6949111819267273,0.8381158709526062,94.40298461914062,4048.0,5.5037312507629395,236.0,0.0,0.0,0.09328357875347137,4.0,0.0,0.0,10.452507019042969,15.785659790039062,8.697760581970215,8.697760581970215,0.48899132013320923,0.7150789499282837,90.32182312011719,3873.0,9.631529808044434,413.0,0.0,0.0,0.04664178937673569,2.0,0.0,0.0,12.004547119140625,17.95940399169922,9.915706634521484,9.915706634521484,0.33946114778518677,0.6182926893234253,86.73040771484375,3719.0,13.22294807434082,567.0,0.0,0.0,0.04664178937673569,2.0,0.0,0.0,1.0,0.21052631735801697,0.2210526168346405,0.2631579041481018,0.3052631616592407
19,0.2364829099610224,8.747633934020996,13.790196418762207,7.319210529327393,7.319210529327393,0.609984815120697,0.7895041704177856,92.6305923461914,15888.0,7.305270195007324,1253.0,0.0,0.0,0.064132459461689,11.0,0.0,0.0,4.275939464569092,6.1307291984558105,3.6968958377838135,3.6968958377838135,0.9228136539459229,0.9610787630081177,99.25373077392578,4256.0,0.6763059496879578,29.0,0.0,0.0,0.06996268779039383,3.0,0.0,0.0,8.197746276855469,12.215622901916504,6.916821002960205,6.916821002960205,0.693893313407898,0.8375542163848877,94.21641540527344,4040.0,5.690298557281494,244.0,0.0,0.0,0.09328357875347137,4.0,0.0,0.0,10.485261917114258,15.81663990020752,8.725905418395996,8.725905418395996,0.48698359727859497,0.713840126991272,90.34515380859375,3874.0,9.608209609985352,412.0,0.0,0.0,0.04664178937673569,2.0,0.0,0.0,12.031588554382324,17.99179458618164,9.937216758728027,9.937216758728027,0.3370763659477234,0.6169875264167786,86.70709228515625,3718.0,13.246268272399902,568.0,0.0,0.0,0.04664178937673569,2.0,0.0,0.0,1.0,0.21052631735801697,0.2210526168346405,0.2631579041481018,0.3052631616592407
20,0.23578011276608635,8.744750022888184,13.764734268188477,7.321136474609375,7.321136474609375,0.6114237904548645,0.789987325668335,92.64808654785156,15891.0,7.287780284881592,1250.0,0.0,0.0,0.064132459461689,11.0,0.0,0.0,4.283759117126465,6.116092205047607,3.7032310962677,3.7032310962677,0.9231817722320557,0.9612305164337158,99.25373077392578,4256.0,0.6763059496879578,29.0,0.0,0.0,0.06996268779039383,3.0,0.0,0.0,8.197199821472168,12.18918228149414,6.9217023849487305,6.9217023849487305,0.6952170133590698,0.8380157947540283,94.33302307128906,4045.0,5.573694229125977,239.0,0.0,0.0,0.09328357875347137,4.0,0.0,0.0,10.474943161010742,15.78371810913086,8.722708702087402,8.722708702087402,0.4891170859336853,0.7147216796875,90.32182312011719,3873.0,9.631529808044434,413.0,0.0,0.0,0.04664178937673569,2.0,0.0,0.0,12.023097038269043,17.96561050415039,9.93690299987793,9.93690299987793,0.3390045166015625,0.617273211479187,86.68376922607422,3717.0,13.2695894241333,569.0,0.0,0.0,0.04664178937673569,2.0,0.0,0.0,1.0,0.21052631735801697,0.2210526168346405,0.2631579041481018,0.3052631616592407
21,0.2342369526538409,8.741222381591797,13.764909744262695,7.3188652992248535,7.3188652992248535,0.6114138960838318,0.7902441620826721,92.64225769042969,15890.0,7.293610095977783,1251.0,0.0,0.0,0.064132459461689,11.0,0.0,0.0,4.279456615447998,6.114578723907471,3.7018370628356934,3.7018370628356934,0.9232197999954224,0.9613062739372253,99.23040771484375,4255.0,0.6996268630027771,30.0,0.0,0.0,0.06996268779039383,3.0,0.0,0.0,8.194722175598145,12.19314193725586,6.919477939605713,6.919477939605713,0.695019006729126,0.8380853533744812,94.30970001220703,4044.0,5.597014904022217,240.0,0.0,0.0,0.09328357875347137,4.0,0.0,0.0,10.475860595703125,15.789003372192383,8.723828315734863,8.723828315734863,0.4887748956680298,0.7149103879928589,90.29850769042969,3872.0,9.654850959777832,414.0,0.0,0.0,0.04664178937673569,2.0,0.0,0.0,12.014845848083496,17.95932960510254,9.930320739746094,9.930320739746094,0.33946651220321655,0.6182180047035217,86.73040771484375,3719.0,13.22294807434082,567.0,0.0,0.0,0.04664178937673569,2.0,0.0,0.0,1.0,0.21052631735801697,0.2210526168346405,0.2631579041481018,0.3052631616592407
22,0.23433650294397934,8.739206314086914,13.768865585327148,7.3153839111328125,7.3153839111328125,0.6111904382705688,0.7903271913528442,92.59561157226562,15882.0,7.340251445770264,1259.0,0.0,0.0,0.064132459461689,11.0,0.0,0.0,4.272051811218262,6.100909233093262,3.6955177783966064,3.6955177783966064,0.9235627055168152,0.9615623950958252,99.25373077392578,4256.0,0.6763059496879578,29.0,0.0,0.0,0.06996268779039383,3.0,0.0,0.0,8.178086280822754,12.180999755859375,6.901709079742432,6.901709079742432,0.6956260800361633,0.8386837840080261,94.28638458251953,4043.0,5.620335578918457,241.0,0.0,0.0,0.09328357875347137,4.0,0.0,0.0,10.480194091796875,15.792771339416504,8.725465774536133,8.725465774536133,0.48853087425231934,0.7148556709289551,90.22854614257812,3869.0,9.724813461303711,417.0,0.0,0.0,0.04664178937673569,2.0,0.0,0.0,12.026493072509766,17.98102378845215,9.938841819763184,9.938841819763184,0.3378698229789734,0.6172277927398682,86.61380767822266,3714.0,13.33955192565918,572.0,0.0,0.0,0.04664178937673569,2.0,0.0,0.0,1.0,0.21052631735801697,0.2210526168346405,0.2631579041481018,0.3052631616592407
23,0.23278471749863466,8.747836112976074,13.772282600402832,7.32505989074707,7.32505989074707,0.6109974384307861,0.7899982333183289,92.63642120361328,15889.0,7.299440383911133,1252.0,0.0,0.0,0.064132459461689,11.0,0.0,0.0,4.270192623138428,6.096630573272705,3.691967487335205,3.691967487335205,0.9236698746681213,0.9615779519081116,99.27704620361328,4257.0,0.6529850959777832,28.0,0.0,0.0,0.06996268779039383,3.0,0.0,0.0,8.1951265335083,12.189945220947266,6.920742988586426,6.920742988586426,0.6951788663864136,0.8381990790367126,94.2630615234375,4042.0,5.6436567306518555,242.0,0.0,0.0,0.09328357875347137,4.0,0.0,0.0,10.49598217010498,15.800995826721191,8.742002487182617,8.742002487182617,0.48799794912338257,0.7142436504364014,90.34515380859375,3874.0,9.608209609985352,412.0,0.0,0.0,0.04664178937673569,2.0,0.0,0.0,12.030044555664062,17.979652404785156,9.945527076721191,9.945527076721191,0.3379708528518677,0.6169939637184143,86.66045379638672,3716.0,13.2929105758667,570.0,0.0,0.0,0.04664178937673569,2.0,0.0,0.0,1.0,0.21052631735801697,0.2210526168346405,0.2631579041481018,0.3052631616592407
24,0.2321635713590851,8.739483833312988,13.767810821533203,7.316340446472168,7.316340446472168,0.6112500429153442,0.7903136610984802,92.64225769042969,15890.0,7.293610095977783,1251.0,0.0,0.0,0.064132459461689,11.0,0.0,0.0,4.265970230102539,6.091429710388184,3.687885046005249,3.687885046005249,0.9238000512123108,0.9616477489471436,99.25373077392578,4256.0,0.6763059496879578,29.0,0.0,0.0,0.06996268779039383,3.0,0.0,0.0,8.185628890991211,12.180377960205078,6.909235000610352,6.909235000610352,0.6956571340560913,0.8386276364326477,94.23973846435547,4041.0,5.666977405548096,243.0,0.0,0.0,0.09328357875347137,4.0,0.0,0.0,10.487475395202637,15.798254013061523,8.733281135559082,8.733281135559082,0.488175630569458,0.7147558331489563,90.36846923828125,3875.0,9.584888458251953,411.0,0.0,0.0,0.04664178937673569,2.0,0.0,0.0,12.0188570022583,17.97661018371582,9.934957504272461,9.934957504272461,0.33819472789764404,0.6175098419189453,86.70709228515625,3718.0,13.246268272399902,568.0,0.0,0.0,0.04664178937673569,2.0,0.0,0.0,1.0,0.21052631735801697,0.2210526168346405,0.2631579041481018,0.3052631616592407
25,0.23148218212213176,8.751898765563965,13.766170501708984,7.329039096832275,7.329039096832275,0.6113426685333252,0.7904149889945984,92.55480194091797,15875.0,7.381063461303711,1266.0,0.0,0.0,0.064132459461689,11.0,0.0,0.0,4.279882431030273,6.09679651260376,3.699774742126465,3.699774742126465,0.9236657619476318,0.9615946412086487,99.23040771484375,4255.0,0.6996268630027771,30.0,0.0,0.0,0.06996268779039383,3.0,0.0,0.0,8.202826499938965,12.190451622009277,6.925013065338135,6.925013065338135,0.695153534412384,0.8384620547294617,94.12313842773438,4036.0,5.7835822105407715,248.0,0.0,0.0,0.09328357875347137,4.0,0.0,0.0,10.49860668182373,15.801667213439941,8.745559692382812,8.745559692382812,0.48795443773269653,0.7145916819572449,90.25186157226562,3870.0,9.701492309570312,416.0,0.0,0.0,0.04664178937673569,2.0,0.0,0.0,12.026277542114258,17.959928512573242,9.94581127166748,9.94581127166748,0.33942246437072754,0.6183285117149353,86.61380767822266,3714.0,13.33955192565918,572.0,0.0,0.0,0.04664178937673569,2.0,0.0,0.0,1.0,0.21052631735801697,0.2210526168346405,0.2631579041481018,0.3052631616592407
26,0.23044000266424047,8.761781692504883,13.771141052246094,7.339171409606934,7.339171409606934,0.6110619306564331,0.7902818918228149,92.58978271484375,15881.0,7.346081733703613,1260.0,0.0,0.0,0.064132459461689,11.0,0.0,0.0,4.284781455993652,6.099773406982422,3.704406976699829,3.704406976699829,0.9235911965370178,0.9615844488143921,99.25373077392578,4256.0,0.6763059496879578,29.0,0.0,0.0,0.06996268779039383,3.0,0.0,0.0,8.21739673614502,12.19972038269043,6.938295841217041,6.938295841217041,0.6946897506713867,0.8382148146629333,94.14645385742188,4037.0,5.760261058807373,247.0,0.0,0.0,0.09328357875347137,4.0,0.0,0.0,10.515030860900879,15.809517860412598,8.762547492980957,8.762547492980957,0.48744553327560425,0.7143281102180481,90.29850769042969,3872.0,9.654850959777832,414.0,0.0,0.0,0.04664178937673569,2.0,0.0,0.0,12.029918670654297,17.96095848083496,9.951431274414062,9.951431274414062,0.339346706867218,0.6183140873908997,86.66045379638672,3716.0,13.2929105758667,570.0,0.0,0.0,0.04664178937673569,2.0,0.0,0.0,1.0,0.21052631735801697,0.2210526168346405,0.2631579041481018,0.3052631616592407
step,fold14/test_loss,fold14/test_mae,fold14/test_rmse,fold14/test_mard,fold14/test_mape,fold14/test_r2,fold14/test_pearson,fold14/test_ega_zone_a_pct,fold14/test_ega_zone_a_count,fold14/test_ega_zone_b_pct,fold14/test_ega_zone_b_count,fold14/test_ega_zone_c_pct,fold14/test_ega_zone_c_count,fold14/test_ega_zone_d_pct,fold14/test_ega_zone_d_count,fold14/test_ega_zone_e_pct,fold14/test_ega_zone_e_count,fold14/test_horizon_15_mae,fold14/test_horizon_15_rmse,fold14/test_horizon_15_mard,fold14/test_horizon_15_mape,fold14/test_horizon_15_r2,fold14/test_horizon_15_pearson,fold14/test_horizon_15_ega_zone_a_pct,fold14/test_horizon_15_ega_zone_a_count,fold14/test_horizon_15_ega_zone_b_pct,fold14/test_horizon_15_ega_zone_b_count,fold14/test_horizon_15_ega_zone_c_pct,fold14/test_horizon_15_ega_zone_c_count,fold14/test_horizon_15_ega_zone_d_pct,fold14/test_horizon_15_ega_zone_d_count,fold14/test_horizon_15_ega_zone_e_pct,fold14/test_horizon_15_ega_zone_e_count,fold14/test_horizon_30_mae,fold14/test_horizon_30_rmse,fold14/test_horizon_30_mard,fold14/test_horizon_30_mape,fold14/test_horizon_30_r2,fold14/test_horizon_30_pearson,fold14/test_horizon_30_ega_zone_a_pct,fold14/test_horizon_30_ega_zone_a_count,fold14/test_horizon_30_ega_zone_b_pct,fold14/test_horizon_30_ega_zone_b_count,fold14/test_horizon_30_ega_zone_c_pct,fold14/test_horizon_30_ega_zone_c_count,fold14/test_horizon_30_ega_zone_d_pct,fold14/test_horizon_30_ega_zone_d_count,fold14/test_horizon_30_ega_zone_e_pct,fold14/test_horizon_30_ega_zone_e_count,fold14/test_horizon_45_mae,fold14/test_horizon_45_rmse,fold14/test_horizon_45_mard,fold14/test_horizon_45_mape,fold14/test_horizon_45_r2,fold14/test_horizon_45_pearson,fold14/test_horizon_45_ega_zone_a_pct,fold14/test_horizon_45_ega_zone_a_count,fold14/test_horizon_45_ega_zone_b_pct,fold14/test_horizon_45_ega_zone_b_count,fold14/test_horizon_45_ega_zone_c_pct,fold14/test_horizon_45_ega_zone_c_count,fold14/test_horizon_45_ega_zone_d_pct,fold14/test_horizon_45_ega_zone_d_count,fold14/test_horizon_45_ega_zone_e_pct,fold14/test_horizon_45_ega_zone_e_count,fold14/test_horizon_60_mae,fold14/test_horizon_60_rmse,fold14/test_horizon_60_mard,fold14/test_horizon_60_mape,fold14/test_horizon_60_r2,fold14/test_horizon_60_pearson,fold14/test_horizon_60_ega_zone_a_pct,fold14/test_horizon_60_ega_zone_a_count,fold14/test_horizon_60_ega_zone_b_pct,fold14/test_horizon_60_ega_zone_b_count,fold14/test_horizon_60_ega_zone_c_pct,fold14/test_horizon_60_ega_zone_c_count,fold14/test_horizon_60_ega_zone_d_pct,fold14/test_horizon_60_ega_zone_d_count,fold14/test_horizon_60_ega_zone_e_pct,fold14/test_horizon_60_ega_zone_e_count
0,0.28788507001692076,10.47523307800293,16.620073318481445,8.503604888916016,8.503604888916016,0.414364218711853,0.6729611754417419,88.63960266113281,4978.0,11.324786186218262,636.0,0.0,0.0,0.03561253473162651,2.0,0.0,0.0,5.022647380828857,7.285114765167236,4.2088189125061035,4.2088189125061035,0.8860095739364624,0.942804217338562,99.00285339355469,1390.0,0.9971509575843811,14.0,0.0,0.0,0.0,0.0,0.0,0.0,9.926355361938477,15.038102149963379,8.127229690551758,8.127229690551758,0.5151523351669312,0.7358522415161133,90.66950988769531,1273.0,9.330484390258789,131.0,0.0,0.0,0.0,0.0,0.0,0.0,12.699707984924316,19.267498016357422,10.253167152404785,10.253167152404785,0.2144765853881836,0.5354421734809875,84.11681365966797,1181.0,15.811965942382812,222.0,0.0,0.0,0.07122506946325302,1.0,0.0,0.0,14.252220153808594,21.317914962768555,11.425202369689941,11.425202369689941,0.057157695293426514,0.4106077551841736,80.76922607421875,1134.0,19.159543991088867,269.0,0.0,0.0,0.07122506946325302,1.0,0.0,0.0
step,fold15/train_loss,fold15/val_mae,fold15/val_rmse,fold15/val_mard,fold15/val_mape,fold15/val_r2,fold15/val_pearson,fold15/val_ega_zone_a_pct,fold15/val_ega_zone_a_count,fold15/val_ega_zone_b_pct,fold15/val_ega_zone_b_count,fold15/val_ega_zone_c_pct,fold15/val_ega_zone_c_count,fold15/val_ega_zone_d_pct,fold15/val_ega_zone_d_count,fold15/val_ega_zone_e_pct,fold15/val_ega_zone_e_count,fold15/val_horizon_15_mae,fold15/val_horizon_15_rmse,fold15/val_horizon_15_mard,fold15/val_horizon_15_mape,fold15/val_horizon_15_r2,fold15/val_horizon_15_pearson,fold15/val_horizon_15_ega_zone_a_pct,fold15/val_horizon_15_ega_zone_a_count,fold15/val_horizon_15_ega_zone_b_pct,fold15/val_horizon_15_ega_zone_b_count,fold15/val_horizon_15_ega_zone_c_pct,fold15/val_horizon_15_ega_zone_c_count,fold15/val_horizon_15_ega_zone_d_pct,fold15/val_horizon_15_ega_zone_d_count,fold15/val_horizon_15_ega_zone_e_pct,fold15/val_horizon_15_ega_zone_e_count,fold15/val_horizon_30_mae,fold15/val_horizon_30_rmse,fold15/val_horizon_30_mard,fold15/val_horizon_30_mape,fold15/val_horizon_30_r2,fold15/val_horizon_30_pearson,fold15/val_horizon_30_ega_zone_a_pct,fold15/val_horizon_30_ega_zone_a_count,fold15/val_horizon_30_ega_zone_b_pct,fold15/val_horizon_30_ega_zone_b_count,fold15/val_horizon_30_ega_zone_c_pct,fold15/val_horizon_30_ega_zone_c_count,fold15/val_horizon_30_ega_zone_d_pct,fold15/val_horizon_30_ega_zone_d_count,fold15/val_horizon_30_ega_zone_e_pct,fold15/val_horizon_30_ega_zone_e_count,fold15/val_horizon_45_mae,fold15/val_horizon_45_rmse,fold15/val_horizon_45_mard,fold15/val_horizon_45_mape,fold15/val_horizon_45_r2,fold15/val_horizon_45_pearson,fold15/val_horizon_45_ega_zone_a_pct,fold15/val_horizon_45_ega_zone_a_count,fold15/val_horizon_45_ega_zone_b_pct,fold15/val_horizon_45_ega_zone_b_count,fold15/val_horizon_45_ega_zone_c_pct,fold15/val_horizon_45_ega_zone_c_count,fold15/val_horizon_45_ega_zone_d_pct,fold15/val_horizon_45_ega_zone_d_count,fold15/val_horizon_45_ega_zone_e_pct,fold15/val_horizon_45_ega_zone_e_count,fold15/val_horizon_60_mae,fold15/val_horizon_60_rmse,fold15/val_horizon_60_mard,fold15/val_horizon_60_mape,fold15/val_horizon_60_r2,fold15/val_horizon_60_pearson,fold15/val_horizon_60_ega_zone_a_pct,fold15/val_horizon_60_ega_zone_a_count,fold15/val_horizon_60_ega_zone_b_pct,fold15/val_horizon_60_ega_zone_b_count,fold15/val_horizon_60_ega_zone_c_pct,fold15/val_horizon_60_ega_zone_c_count,fold15/val_horizon_60_ega_zone_d_pct,fold15/val_horizon_60_ega_zone_d_count,fold15/val_horizon_60_ega_zone_e_pct,fold15/val_horizon_60_ega_zone_e_count,fold15/diag_horizon_curriculum_progress,fold15/diag_loss_horizon_weight_0,fold15/diag_loss_horizon_weight_1,fold15/diag_loss_horizon_weight_2,fold15/diag_loss_horizon_weight_3
1,0.24681549607019665,11.524497032165527,19.00980567932129,9.899375915527344,9.899375915527344,0.432816743850708,0.6768926978111267,86.43672180175781,18169.0,12.735490798950195,2677.0,0.0,0.0,0.8277830481529236,174.0,0.0,0.0,6.612232208251953,10.25206470489502,5.836531162261963,5.836531162261963,0.8354671597480774,0.9140430092811584,95.28068542480469,5007.0,4.186489105224609,220.0,0.0,0.0,0.5328258872032166,28.0,0.0,0.0,10.87313461303711,17.233095169067383,9.380119323730469,9.380119323730469,0.5343102216720581,0.7389319539070129,87.82112121582031,4615.0,11.322549819946289,595.0,0.0,0.0,0.8563272953033447,45.0,0.0,0.0,13.506120681762695,21.582935333251953,11.552952766418457,11.552952766418457,0.26798564195632935,0.5670958161354065,82.77830505371094,4350.0,16.270217895507812,855.0,0.0,0.0,0.9514747858047485,50.0,0.0,0.0,15.106502532958984,24.03296661376953,12.827902793884277,12.827902793884277,0.09135967493057251,0.44160646200180054,79.86679077148438,4197.0,19.162702560424805,1007.0,0.0,0.0,0.9705042243003845,51.0,0.0,0.0,0.0,0.3333333432674408,0.28333333134651184,0.21666665375232697,0.1666666716337204
2,0.2253159390298869,11.021764755249023,18.268150329589844,9.437963485717773,9.437963485717773,0.4762100577354431,0.707211971282959,87.34062957763672,18359.0,11.974309921264648,2517.0,0.0,0.0,0.6850618124008179,144.0,0.0,0.0,5.62617826461792,8.577165603637695,4.954625129699707,4.954625129699707,0.8848357796669006,0.9408491253852844,97.3739242553711,5117.0,2.3786869049072266,125.0,0.0,0.0,0.24738344550132751,13.0,0.0,0.0,10.381368637084961,16.302536010742188,8.936515808105469,8.936515808105469,0.5832453370094299,0.7712011337280273,88.46813201904297,4649.0,10.86584186553955,571.0,0.0,0.0,0.6660323739051819,35.0,0.0,0.0,13.16480541229248,20.87107276916504,11.221592903137207,11.221592903137207,0.3154769539833069,0.6005913019180298,83.38725280761719,4382.0,15.737393379211426,827.0,0.0,0.0,0.8753567934036255,46.0,0.0,0.0,14.914709091186523,23.663455963134766,12.639120101928711,12.639120101928711,0.11908578872680664,0.4645043611526489,80.13320922851562,4211.0,18.915319442749023,994.0,0.0,0.0,0.9514747858047485,50.0,0.0,0.0,0.07142857142857142,0.3245614171028137,0.2788847088813782,0.21998745203018188,0.17656642198562622
3,0.22351765175157084,10.825228691101074,17.894756317138672,9.287580490112305,9.287580490112305,0.4974033832550049,0.7204524874687195,87.70694732666016,18436.0,11.655566215515137,2450.0,0.0,0.0,0.6374881267547607,134.0,0.0,0.0,5.31261682510376,8.009941101074219,4.689682483673096,4.689682483673096,0.8995642066001892,0.9486634731292725,97.86869812011719,5143.0,1.9600380659103394,103.0,0.0,0.0,0.17126545310020447,9.0,0.0,0.0,10.189138412475586,15.85545825958252,8.79126262664795,8.79126262664795,0.6057900190353394,0.7845334410667419,88.90580749511719,4672.0,10.523310661315918,553.0,0.0,0.0,0.5708848834037781,30.0,0.0,0.0,13.005570411682129,20.495317459106445,11.107083320617676,11.107083320617676,0.3399028182029724,0.6165164709091187,83.61560821533203,4394.0,15.528067588806152,816.0,0.0,0.0,0.8563272953033447,45.0,0.0,0.0,14.793590545654297,23.351154327392578,12.562296867370605,12.562296867370605,0.14218437671661377,0.4799768328666687,80.43767547607422,4227.0,18.61084747314453,978.0,0.0,0.0,0.9514747858047485,50.0,0.0,0.0,0.14285714285714285,0.31578949093818665,0.2744360864162445,0.223308265209198,0.18646617233753204
4,0.22041940045072494,10.724726676940918,17.739612579345703,9.211877822875977,9.211877822875977,0.5060803890228271,0.7265403270721436,87.77355194091797,18450.0,11.60323429107666,2439.0,0.0,0.0,0.6232159733772278,131.0,0.0,0.0,5.155290126800537,7.7200117111206055,4.563374996185303,4.563374996185303,0.9067033529281616,0.9524786472320557,98.09705352783203,5155.0,1.7126545906066895,90.0,0.0,0.0,0.19029495120048523,10.0,0.0,0.0,10.069398880004883,15.611810684204102,8.692414283752441,8.692414283752441,0.6178123950958252,0.7924779653549194,89.15319061279297,4685.0,10.313986778259277,542.0,0.0,0.0,0.5328258872032166,28.0,0.0,0.0,12.918946266174316,20.334964752197266,11.048401832580566,11.048401832580566,0.35019147396087646,0.6239705085754395,83.4823989868164,4387.0,15.699334144592285,825.0,0.0,0.0,0.8182682991027832,43.0,0.0,0.0,14.755269050598145,23.2795467376709,12.543318748474121,12.543318748474121,0.14743733406066895,0.4842832386493683,80.36156463623047,4223.0,18.686965942382812,982.0,0.0,0.0,0.9514747858047485,50.0,0.0,0.0,0.21428571428571427,0.30701756477355957,0.26998746395111084,0.22662906348705292,0.19636592268943787
5,0.22268678430029248,10.705879211425781,17.69124984741211,9.184386253356934,9.184386253356934,0.5087697505950928,0.7283691167831421,87.83539581298828,18463.0,11.569933891296387,2432.0,0.0,0.0,0.5946717262268066,125.0,0.0,0.0,5.101441383361816,7.62114953994751,4.511913299560547,4.511913299560547,0.9090775847434998,0.953766405582428,98.3063735961914,5166.0,1.5794482231140137,83.0,0.0,0.0,0.11417696624994278,6.0,0.0,0.0,10.038734436035156,15.540661811828613,8.66185188293457,8.66185188293457,0.621288001537323,0.7946945428848267,89.30542755126953,4693.0,10.180780410766602,535.0,0.0,0.0,0.5137963891029358,27.0,0.0,0.0,12.913403511047363,20.30204200744629,11.0269136428833,11.0269136428833,0.3522939085960388,0.625743567943573,83.4443359375,4385.0,15.75642204284668,828.0,0.0,0.0,0.7992388010025024,42.0,0.0,0.0,14.76993465423584,23.241222381591797,12.536865234375,12.536865234375,0.1502421498298645,0.48508408665657043,80.28543853759766,4219.0,18.76308250427246,986.0,0.0,0.0,0.9514747858047485,50.0,0.0,0.0,0.2857142857142857,0.2982456088066101,0.2655388414859772,0.22994986176490784,0.2062656730413437
6,0.2214885415556534,10.654967308044434,17.60489845275879,9.14699649810791,9.14699649810791,0.5135535001754761,0.7317250967025757,87.94480895996094,18486.0,11.4700288772583,2411.0,0.0,0.0,0.5851569771766663,123.0,0.0,0.0,5.024870872497559,7.467041015625,4.450377941131592,4.450377941131592,0.9127175211906433,0.9558116793632507,98.28734588623047,5165.0,1.5984776020050049,84.0,0.0,0.0,0.11417696624994278,6.0,0.0,0.0,9.979425430297852,15.41468620300293,8.61923885345459,8.61923885345459,0.6274029016494751,0.7986823320388794,89.53377532958984,4705.0,9.952425956726074,523.0,0.0,0.0,0.5137963891029358,27.0,0.0,0.0,12.868982315063477,20.214235305786133,10.99504566192627,10.99504566192627,0.35788440704345703,0.6295959949493408,83.55851745605469,4391.0,15.661275863647461,823.0,0.0,0.0,0.7802093625068665,41.0,0.0,0.0,14.746586799621582,23.189334869384766,12.523322105407715,12.523322105407715,0.15403223037719727,0.48737087845802307,80.39962005615234,4225.0,18.66793441772461,981.0,0.0,0.0,0.9324452877044678,49.0,0.0,0.0,0.35714285714285715,0.28947368264198303,0.2610902190208435,0.23327067494392395,0.2161654233932495
7,0.22385907837157812,10.637508392333984,17.562021255493164,9.138286590576172,9.138286590576172,0.5159201622009277,0.732848048210144,87.92578887939453,18482.0,11.493815422058105,2416.0,0.0,0.0,0.5803996324539185,122.0,0.0,0.0,5.002208232879639,7.422516345977783,4.429872512817383,4.429872512817383,0.9137552976608276,0.9563716650009155,98.32540130615234,5167.0,1.560418725013733,82.0,0.0,0.0,0.11417696624994278,6.0,0.0,0.0,9.949749946594238,15.35793399810791,8.597448348999023,8.597448348999023,0.6301414370536804,0.8001884818077087,89.72406768798828,4715.0,9.762131690979004,513.0,0.0,0.0,0.5137963891029358,27.0,0.0,0.0,12.866793632507324,20.177406311035156,10.995783805847168,10.995783805847168,0.36022210121154785,0.6303426027297974,83.4443359375,4385.0,15.813511848449707,831.0,0.0,0.0,0.7421503067016602,39.0,0.0,0.0,14.731279373168945,23.14326286315918,12.530035972595215,12.530035972595215,0.15739041566848755,0.48849478363990784,80.2093276977539,4215.0,18.839200973510742,990.0,0.0,0.0,0.9514747858047485,50.0,0.0,0.0,0.42857142857142855,0.28070175647735596,0.25664159655570984,0.23659147322177887,0.22606515884399414
8,0.22541966359235135,10.61847972869873,17.53063201904297,9.11922550201416,9.11922550201416,0.5176489949226379,0.7331681251525879,88.04947662353516,18508.0,11.365365982055664,2389.0,0.0,0.0,0.5851569771766663,123.0,0.0,0.0,4.98570442199707,7.387784004211426,4.413598537445068,4.413598537445068,0.9145605564117432,0.9566424489021301,98.38249206542969,5170.0,1.5033302307128906,79.0,0.0,0.0,0.11417696624994278,6.0,0.0,0.0,9.9389066696167,15.33260726928711,8.583181381225586,8.583181381225586,0.6313602924346924,0.8004302978515625,89.78115844726562,4718.0,9.705042839050293,510.0,0.0,0.0,0.5137963891029358,27.0,0.0,0.0,12.845817565917969,20.14324951171875,10.975631713867188,10.975631713867188,0.3623863458633423,0.6310343742370605,83.71075439453125,4399.0,15.528067588806152,816.0,0.0,0.0,0.7611798048019409,40.0,0.0,0.0,14.703492164611816,23.105709075927734,12.504487037658691,12.504487037658691,0.16012269258499146,0.48958778381347656,80.32350158691406,4221.0,18.72502326965332,984.0,0.0,0.0,0.9514747858047485,50.0,0.0,0.0,0.5,0.2719298303127289,0.25219297409057617,0.2399122714996338,0.23596492409706116
9,0.2275345483808688,10.621441841125488,17.52961540222168,9.119603157043457,9.119603157043457,0.5177050232887268,0.7336817383766174,88.01617431640625,18501.0,11.403425216674805,2397.0,0.0,0.0,0.5803996324539185,122.0,0.0,0.0,4.972161769866943,7.363818645477295,4.405889511108398,4.405889511108398,0.9151139855384827,0.9569556713104248,98.36346435546875,5169.0,1.5223596096038818,80.0,0.0,0.0,0.11417696624994278,6.0,0.0,0.0,9.925792694091797,15.296486854553223,8.581110000610352,8.581110000610352,0.6330951452255249,0.8015779256820679,89.72406768798828,4715.0,9.762131690979004,513.0,0.0,0.0,0.5137963891029358,27.0,0.0,0.0,12.851156234741211,20.136796951293945,10.976502418518066,10.976502418518066,0.36279475688934326,0.6321427226066589,83.6536636352539,4396.0,15.58515739440918,819.0,0.0,0.0,0.7611798048019409,40.0,0.0,0.0,14.736649513244629,23.139802932739258,12.514909744262695,12.514909744262695,0.15764224529266357,0.48876386880874634,80.32350158691406,4221.0,18.74405288696289,985.0,0.0,0.0,0.9324452877044678,49.0,0.0,0.0,0.5714285714285714,0.2631579041481018,0.2477443516254425,0.2432330846786499,0.24586467444896698
10,0.2279990650768962,10.628236770629883,17.528919219970703,9.124682426452637,9.124682426452637,0.5177432894706726,0.7339568734169006,87.94957733154297,18487.0,11.4700288772583,2411.0,0.0,0.0,0.5803996324539185,122.0,0.0,0.0,4.9766106605529785,7.345309257507324,4.402228832244873,4.402228832244873,0.9155401587486267,0.9572799801826477,98.45861053466797,5174.0,1.427212119102478,75.0,0.0,0.0,0.11417696624994278,6.0,0.0,0.0,9.93436050415039,15.300891876220703,8.5833158493042,8.5833158493042,0.6328837871551514,0.8017642498016357,89.78115844726562,4718.0,9.705042839050293,510.0,0.0,0.0,0.5137963891029358,27.0,0.0,0.0,12.863656997680664,20.14609718322754,10.989538192749023,10.989538192749023,0.36220598220825195,0.6319574117660522,83.4443359375,4385.0,15.79448127746582,830.0,0.0,0.0,0.7611798048019409,40.0,0.0,0.0,14.738322257995605,23.1325740814209,12.523649215698242,12.523649215698242,0.15816861391067505,0.4896116554737091,80.11418151855469,4210.0,18.95337677001953,996.0,0.0,0.0,0.9324452877044678,49.0,0.0,0.0,0.6428571428571429,0.25438597798347473,0.24329572916030884,0.24655388295650482,0.2557644248008728
11,0.23028217008456744,10.619643211364746,17.503662109375,9.117584228515625,9.117584228515625,0.5191320776939392,0.7346646189689636,87.97811889648438,18493.0,11.446242332458496,2406.0,0.0,0.0,0.5756422281265259,121.0,0.0,0.0,4.954219818115234,7.312152862548828,4.390986442565918,4.390986442565918,0.9163009524345398,0.9576668739318848,98.43958282470703,5173.0,1.4462417364120483,76.0,0.0,0.0,0.11417696624994278,6.0,0.0,0.0,9.915112495422363,15.253664016723633,8.575008392333984,8.575008392333984,0.6351466178894043,0.8029786348342896,89.81922149658203,4720.0,9.647953987121582,507.0,0.0,0.0,0.5328258872032166,28.0,0.0,0.0,12.856565475463867,20.109893798828125,10.980511665344238,10.980511665344238,0.36449629068374634,0.63288414478302,83.53948974609375,4390.0,15.718362808227539,826.0,0.0,0.0,0.7421503067016602,39.0,0.0,0.0,14.752680778503418,23.1292667388916,12.523831367492676,12.523831367492676,0.1584092378616333,0.48881345987319946,80.11418151855469,4210.0,18.9724063873291,997.0,0.0,0.0,0.9134157299995422,48.0,0.0,0.0,0.7142857142857143,0.24561403691768646,0.23884710669517517,0.24987469613552094,0.26566416025161743
12,0.23260101616027282,10.627955436706543,17.525171279907227,9.129568099975586,9.129568099975586,0.5179494619369507,0.7339165210723877,87.90675354003906,18478.0,11.512845039367676,2420.0,0.0,0.0,0.5803996324539185,122.0,0.0,0.0,4.969301700592041,7.358263969421387,4.404855728149414,4.404855728149414,0.9152420163154602,0.9570869207382202,98.38249206542969,5170.0,1.5033302307128906,79.0,0.0,0.0,0.11417696624994278,6.0,0.0,0.0,9.922496795654297,15.282879829406738,8.585448265075684,8.585448265075684,0.6337475776672363,0.8020928502082825,89.74310302734375,4716.0,9.724072456359863,511.0,0.0,0.0,0.5328258872032166,28.0,0.0,0.0,12.855581283569336,20.123577117919922,10.984654426574707,10.984654426574707,0.36363112926483154,0.632680356502533,83.55851745605469,4391.0,15.661275863647461,823.0,0.0,0.0,0.7802093625068665,41.0,0.0,0.0,14.764444351196289,23.148605346679688,12.543312072753906,12.543312072753906,0.1570013165473938,0.4882795512676239,79.94290924072266,4201.0,19.162702560424805,1007.0,0.0,0.0,0.8943862915039062,47.0,0.0,0.0,0.7857142857142857,0.23684212565422058,0.2343984991312027,0.25319552421569824,0.27556392550468445
13,0.2343271961865944,10.625140190124512,17.51443099975586,9.124897003173828,9.124897003173828,0.5185401439666748,0.7341606616973877,87.97811889648438,18493.0,11.441484451293945,2405.0,0.0,0.0,0.5803996324539185,122.0,0.0,0.0,4.9589314460754395,7.3174262046813965,4.392932891845703,4.392932891845703,0.9161801934242249,0.9575271010398865,98.45861053466797,5174.0,1.427212119102478,75.0,0.0,0.0,0.11417696624994278,6.0,0.0,0.0,9.923630714416504,15.265844345092773,8.581645011901855,8.581645011901855,0.634563684463501,0.8025772571563721,89.76213073730469,4717.0,9.705042839050293,510.0,0.0,0.0,0.5328258872032166,28.0,0.0,0.0,12.858819007873535,20.12582778930664,10.983757019042969,10.983757019042969,0.3634888529777527,0.6325300335884094,83.71075439453125,4399.0,15.528067588806152,816.0,0.0,0.0,0.7611798048019409,40.0,0.0,0.0,14.759176254272461,23.138315200805664,12.541252136230469,12.541252136230469,0.15775060653686523,0.48851051926612854,79.98097229003906,4203.0,19.105613708496094,1004.0,0.0,0.0,0.9134157299995422,48.0,0.0,0.0,0.8571428571428571,0.22807016968727112,0.22994986176490784,0.25651630759239197,0.2854636609554291
14,0.2357521730901232,10.647380828857422,17.509906768798828,9.152099609375,9.152099609375,0.5187888145446777,0.7341538667678833,87.94005584716797,18485.0,11.48430061340332,2414.0,0.0,0.0,0.5756422281265259,121.0,0.0,0.0,4.965613842010498,7.309844017028809,4.40460729598999,4.40460729598999,0.9163538217544556,0.9576574563980103,98.49666595458984,5176.0,1.389153242111206,73.0,0.0,0.0,0.11417696624994278,6.0,0.0,0.0,9.941654205322266,15.264101028442383,8.610526084899902,8.610526084899902,0.6346471309661865,0.8024387955665588,89.83824920654297,4721.0,9.666983604431152,508.0,0.0,0.0,0.49476689100265503,26.0,0.0,0.0,12.886366844177246,20.1197509765625,11.020467758178711,11.020467758178711,0.3638730049133301,0.6322196125984192,83.46337127685547,4386.0,15.75642204284668,828.0,0.0,0.0,0.7802093625068665,41.0,0.0,0.0,14.79588508605957,23.133447647094727,12.572792053222656,12.572792053222656,0.15810495615005493,0.48774662613868713,79.96194458007812,4202.0,19.124643325805664,1005.0,0.0,0.0,0.9134157299995422,48.0,0.0,0.0,0.9285714285714286,0.21929824352264404,0.22550123929977417,0.2598370909690857,0.2953633964061737
15,0.23843388292721948,10.642834663391113,17.486919403076172,9.139795303344727,9.139795303344727,0.5200514793395996,0.7353879809379578,87.89248657226562,18475.0,11.53663158416748,2425.0,0.0,0.0,0.5708848834037781,120.0,0.0,0.0,4.9542975425720215,7.282454490661621,4.39340877532959,4.39340877532959,0.9169794321060181,0.9579542279243469,98.53472900390625,5178.0,1.351094126701355,71.0,0.0,0.0,0.11417696624994278,6.0,0.0,0.0,9.925283432006836,15.231609344482422,8.585031509399414,8.585031509399414,0.6362009048461914,0.8037858605384827,89.70504760742188,4714.0,9.800190925598145,515.0,0.0,0.0,0.49476689100265503,26.0,0.0,0.0,12.880928993225098,20.0843505859375,11.001940727233887,11.001940727233887,0.3661096692085266,0.6348892450332642,83.46337127685547,4386.0,15.775452613830566,829.0,0.0,0.0,0.7611798048019409,40.0,0.0,0.0,14.810829162597656,23.124710083007812,12.578800201416016,12.578800201416016,0.15874075889587402,0.48978710174560547,79.86679077148438,4197.0,19.219789505004883,1010.0,0.0,0.0,0.9134157299995422,48.0,0.0,0.0,1.0,0.21052631735801697,0.2210526168346405,0.2631579041481018,0.3052631616592407
16,0.2366896485784903,10.638182640075684,17.49666976928711,9.13501262664795,9.13501262664795,0.5195161700248718,0.7348482012748718,87.90675354003906,18478.0,11.541388511657715,2426.0,0.0,0.0,0.5518553853034973,116.0,0.0,0.0,4.954975605010986,7.287043571472168,4.3939924240112305,4.3939924240112305,0.9168747663497925,0.9578791856765747,98.43958282470703,5173.0,1.4462417364120483,76.0,0.0,0.0,0.11417696624994278,6.0,0.0,0.0,9.9163236618042,15.236244201660156,8.573384284973145,8.573384284973145,0.635979413986206,0.8034898042678833,89.76213073730469,4717.0,9.781161308288574,514.0,0.0,0.0,0.4567078649997711,24.0,0.0,0.0,12.874279975891113,20.099838256835938,10.995098114013672,10.995098114013672,0.3651316165924072,0.6339590549468994,83.4823989868164,4387.0,15.79448127746582,830.0,0.0,0.0,0.7231208682060242,38.0,0.0,0.0,14.807150840759277,23.136249542236328,12.5775728225708,12.5775728225708,0.15790104866027832,0.4887140393257141,79.94290924072266,4201.0,19.143672943115234,1006.0,0.0,0.0,0.9134157299995422,48.0,0.0,0.0,1.0,0.21052631735801697,0.2210526168346405,0.2631579041481018,0.3052631616592407
17,0.235999665188363,10.658971786499023,17.51786994934082,9.138731956481934,9.138731956481934,0.5183510780334473,0.7341877222061157,87.7925796508789,18454.0,11.660323143005371,2451.0,0.0,0.0,0.5470979809761047,115.0,0.0,0.0,4.961251735687256,7.289525985717773,4.394273281097412,4.394273281097412,0.9168181419372559,0.9578856825828552,98.43958282470703,5173.0,1.4462417364120483,76.0,0.0,0.0,0.11417696624994278,6.0,0.0,0.0,9.944682121276855,15.255607604980469,8.587864875793457,8.587864875793457,0.6350536346435547,0.8029053807258606,89.8001937866211,4719.0,9.762131690979004,513.0,0.0,0.0,0.43767839670181274,23.0,0.0,0.0,12.906648635864258,20.133760452270508,11.000798225402832,11.000798225402832,0.3629869222640991,0.6326573491096497,83.17792510986328,4371.0,16.098953247070312,846.0,0.0,0.0,0.7231208682060242,38.0,0.0,0.0,14.823302268981934,23.157373428344727,12.571991920471191,12.571991920471191,0.1563625931739807,0.48772934079170227,79.75261688232422,4191.0,19.333967208862305,1016.0,0.0,0.0,0.9134157299995422,48.0,0.0,0.0,1.0,0.21052631735801697,0.2210526168346405,0.2631579041481018,0.3052631616592407
18,0.2343272737126059,10.66440486907959,17.500972747802734,9.15007209777832,9.15007209777832,0.5192797183990479,0.7346277236938477,87.82112121582031,18460.0,11.646051406860352,2448.0,0.0,0.0,0.5328258872032166,112.0,0.0,0.0,4.9631571769714355,7.288651466369629,4.398288726806641,4.398288726806641,0.9168381094932556,0.9578348994255066,98.4776382446289,5175.0,1.4081826210021973,74.0,0.0,0.0,0.11417696624994278,6.0,0.0,0.0,9.946451187133789,15.248224258422852,8.596024513244629,8.596024513244629,0.6354067921638489,0.8029890656471252,89.76213073730469,4717.0,9.800190925598145,515.0,0.0,0.0,0.43767839670181274,23.0,0.0,0.0,12.909907341003418,20.098588943481445,11.016999244689941,11.016999244689941,0.36521053314208984,0.6339712738990784,83.25404357910156,4375.0,16.060894012451172,844.0,0.0,0.0,0.6850618124008179,36.0,0.0,0.0,14.83810043334961,23.141956329345703,12.588979721069336,12.588979721069336,0.15748542547225952,0.48902034759521484,79.7906723022461,4193.0,19.314939498901367,1015.0,0.0,0.0,0.8943862915039062,47.0,0.0,0.0,1.0,0.21052631735801697,0.2210526168346405,0.2631579041481018,0.3052631616592407
19,0.2331410389276979,10.686721801757812,17.528236389160156,9.174813270568848,9.174813270568848,0.5177809000015259,0.7339336276054382,87.85442352294922,18467.0,11.60323429107666,2439.0,0.0,0.0,0.5423406362533569,114.0,0.0,0.0,4.964187145233154,7.2765069007873535,4.403661727905273,4.403661727905273,0.9171150326728821,0.9580594301223755,98.4776382446289,5175.0,1.4081826210021973,74.0,0.0,0.0,0.11417696624994278,6.0,0.0,0.0,9.95241928100586,15.24699592590332,8.607707977294922,8.607707977294922,0.6354655027389526,0.8033867478370667,89.78115844726562,4718.0,9.762131690979004,513.0,0.0,0.0,0.4567078649997711,24.0,0.0,0.0,12.94291877746582,20.136478424072266,11.048836708068848,11.048836708068848,0.36281490325927734,0.632225513458252,83.23501586914062,4374.0,16.079923629760742,845.0,0.0,0.0,0.6850618124008179,36.0,0.0,0.0,14.887364387512207,23.19611930847168,12.63904857635498,12.63904857635498,0.15353715419769287,0.48568299412727356,79.92388153076172,4200.0,19.162702560424805,1007.0,0.0,0.0,0.9134157299995422,48.0,0.0,0.0,1.0,0.21052631735801697,0.2210526168346405,0.2631579041481018,0.3052631616592407
step,fold15/test_loss,fold15/test_mae,fold15/test_rmse,fold15/test_mard,fold15/test_mape,fold15/test_r2,fold15/test_pearson,fold15/test_ega_zone_a_pct,fold15/test_ega_zone_a_count,fold15/test_ega_zone_b_pct,fold15/test_ega_zone_b_count,fold15/test_ega_zone_c_pct,fold15/test_ega_zone_c_count,fold15/test_ega_zone_d_pct,fold15/test_ega_zone_d_count,fold15/test_ega_zone_e_pct,fold15/test_ega_zone_e_count,fold15/test_horizon_15_mae,fold15/test_horizon_15_rmse,fold15/test_horizon_15_mard,fold15/test_horizon_15_mape,fold15/test_horizon_15_r2,fold15/test_horizon_15_pearson,fold15/test_horizon_15_ega_zone_a_pct,fold15/test_horizon_15_ega_zone_a_count,fold15/test_horizon_15_ega_zone_b_pct,fold15/test_horizon_15_ega_zone_b_count,fold15/test_horizon_15_ega_zone_c_pct,fold15/test_horizon_15_ega_zone_c_count,fold15/test_horizon_15_ega_zone_d_pct,fold15/test_horizon_15_ega_zone_d_count,fold15/test_horizon_15_ega_zone_e_pct,fold15/test_horizon_15_ega_zone_e_count,fold15/test_horizon_30_mae,fold15/test_horizon_30_rmse,fold15/test_horizon_30_mard,fold15/test_horizon_30_mape,fold15/test_horizon_30_r2,fold15/test_horizon_30_pearson,fold15/test_horizon_30_ega_zone_a_pct,fold15/test_horizon_30_ega_zone_a_count,fold15/test_horizon_30_ega_zone_b_pct,fold15/test_horizon_30_ega_zone_b_count,fold15/test_horizon_30_ega_zone_c_pct,fold15/test_horizon_30_ega_zone_c_count,fold15/test_horizon_30_ega_zone_d_pct,fold15/test_horizon_30_ega_zone_d_count,fold15/test_horizon_30_ega_zone_e_pct,fold15/test_horizon_30_ega_zone_e_count,fold15/test_horizon_45_mae,fold15/test_horizon_45_rmse,fold15/test_horizon_45_mard,fold15/test_horizon_45_mape,fold15/test_horizon_45_r2,fold15/test_horizon_45_pearson,fold15/test_horizon_45_ega_zone_a_pct,fold15/test_horizon_45_ega_zone_a_count,fold15/test_horizon_45_ega_zone_b_pct,fold15/test_horizon_45_ega_zone_b_count,fold15/test_horizon_45_ega_zone_c_pct,fold15/test_horizon_45_ega_zone_c_count,fold15/test_horizon_45_ega_zone_d_pct,fold15/test_horizon_45_ega_zone_d_count,fold15/test_horizon_45_ega_zone_e_pct,fold15/test_horizon_45_ega_zone_e_count,fold15/test_horizon_60_mae,fold15/test_horizon_60_rmse,fold15/test_horizon_60_mard,fold15/test_horizon_60_mape,fold15/test_horizon_60_r2,fold15/test_horizon_60_pearson,fold15/test_horizon_60_ega_zone_a_pct,fold15/test_horizon_60_ega_zone_a_count,fold15/test_horizon_60_ega_zone_b_pct,fold15/test_horizon_60_ega_zone_b_count,fold15/test_horizon_60_ega_zone_c_pct,fold15/test_horizon_60_ega_zone_c_count,fold15/test_horizon_60_ega_zone_d_pct,fold15/test_horizon_60_ega_zone_d_count,fold15/test_horizon_60_ega_zone_e_pct,fold15/test_horizon_60_ega_zone_e_count
0,0.18644958878466106,7.350031852722168,11.37103271484375,6.705930233001709,6.705930233001709,0.3941417932510376,0.6814054250717163,93.5378646850586,1433.0,6.266318321228027,96.0,0.0,0.0,0.19582244753837585,3.0,0.0,0.0,4.414646625518799,6.58809757232666,4.202439308166504,4.202439308166504,0.802486777305603,0.9050800800323486,98.43342590332031,377.0,1.3054829835891724,5.0,0.0,0.0,0.2610965967178345,1.0,0.0,0.0,6.902659893035889,10.452699661254883,6.40111780166626,6.40111780166626,0.49352240562438965,0.737385094165802,94.5169677734375,362.0,4.9608354568481445,19.0,0.0,0.0,0.522193193435669,2.0,0.0,0.0,8.28675651550293,12.548578262329102,7.469592094421387,7.469592094421387,0.24291443824768066,0.5867831707000732,91.906005859375,352.0,8.093995094299316,31.0,0.0,0.0,0.0,0.0,0.0,0.0,9.796065330505371,14.390022277832031,8.750569343566895,8.750569343566895,0.012988865375518799,0.44077008962631226,89.2950439453125,342.0,10.704960823059082,41.0,0.0,0.0,0.0,0.0,0.0,0.0
step,fold16/train_loss,fold16/val_mae,fold16/val_rmse,fold16/val_mard,fold16/val_mape,fold16/val_r2,fold16/val_pearson,fold16/val_ega_zone_a_pct,fold16/val_ega_zone_a_count,fold16/val_ega_zone_b_pct,fold16/val_ega_zone_b_count,fold16/val_ega_zone_c_pct,fold16/val_ega_zone_c_count,fold16/val_ega_zone_d_pct,fold16/val_ega_zone_d_count,fold16/val_ega_zone_e_pct,fold16/val_ega_zone_e_count,fold16/val_horizon_15_mae,fold16/val_horizon_15_rmse,fold16/val_horizon_15_mard,fold16/val_horizon_15_mape,fold16/val_horizon_15_r2,fold16/val_horizon_15_pearson,fold16/val_horizon_15_ega_zone_a_pct,fold16/val_horizon_15_ega_zone_a_count,fold16/val_horizon_15_ega_zone_b_pct,fold16/val_horizon_15_ega_zone_b_count,fold16/val_horizon_15_ega_zone_c_pct,fold16/val_horizon_15_ega_zone_c_count,fold16/val_horizon_15_ega_zone_d_pct,fold16/val_horizon_15_ega_zone_d_count,fold16/val_horizon_15_ega_zone_e_pct,fold16/val_horizon_15_ega_zone_e_count,fold16/val_horizon_30_mae,fold16/val_horizon_30_rmse,fold16/val_horizon_30_mard,fold16/val_horizon_30_mape,fold16/val_horizon_30_r2,fold16/val_horizon_30_pearson,fold16/val_horizon_30_ega_zone_a_pct,fold16/val_horizon_30_ega_zone_a_count,fold16/val_horizon_30_ega_zone_b_pct,fold16/val_horizon_30_ega_zone_b_count,fold16/val_horizon_30_ega_zone_c_pct,fold16/val_horizon_30_ega_zone_c_count,fold16/val_horizon_30_ega_zone_d_pct,fold16/val_horizon_30_ega_zone_d_count,fold16/val_horizon_30_ega_zone_e_pct,fold16/val_horizon_30_ega_zone_e_count,fold16/val_horizon_45_mae,fold16/val_horizon_45_rmse,fold16/val_horizon_45_mard,fold16/val_horizon_45_mape,fold16/val_horizon_45_r2,fold16/val_horizon_45_pearson,fold16/val_horizon_45_ega_zone_a_pct,fold16/val_horizon_45_ega_zone_a_count,fold16/val_horizon_45_ega_zone_b_pct,fold16/val_horizon_45_ega_zone_b_count,fold16/val_horizon_45_ega_zone_c_pct,fold16/val_horizon_45_ega_zone_c_count,fold16/val_horizon_45_ega_zone_d_pct,fold16/val_horizon_45_ega_zone_d_count,fold16/val_horizon_45_ega_zone_e_pct,fold16/val_horizon_45_ega_zone_e_count,fold16/val_horizon_60_mae,fold16/val_horizon_60_rmse,fold16/val_horizon_60_mard,fold16/val_horizon_60_mape,fold16/val_horizon_60_r2,fold16/val_horizon_60_pearson,fold16/val_horizon_60_ega_zone_a_pct,fold16/val_horizon_60_ega_zone_a_count,fold16/val_horizon_60_ega_zone_b_pct,fold16/val_horizon_60_ega_zone_b_count,fold16/val_horizon_60_ega_zone_c_pct,fold16/val_horizon_60_ega_zone_c_count,fold16/val_horizon_60_ega_zone_d_pct,fold16/val_horizon_60_ega_zone_d_count,fold16/val_horizon_60_ega_zone_e_pct,fold16/val_horizon_60_ega_zone_e_count,fold16/diag_horizon_curriculum_progress,fold16/diag_loss_horizon_weight_0,fold16/diag_loss_horizon_weight_1,fold16/diag_loss_horizon_weight_2,fold16/diag_loss_horizon_weight_3
1,0.22733311838636927,12.275176048278809,19.841064453125,10.549620628356934,10.549620628356934,0.36065202951431274,0.6345809102058411,84.89185333251953,15542.0,14.206904411315918,2601.0,0.0,0.0,0.9012453556060791,165.0,0.0,0.0,6.906918525695801,10.662221908569336,6.019739627838135,6.019739627838135,0.8149488568305969,0.9038164019584656,95.1715087890625,4356.0,4.4133710861206055,202.0,0.0,0.0,0.4151190519332886,19.0,0.0,0.0,11.900838851928711,18.407115936279297,10.288269996643066,10.288269996643066,0.4482148289680481,0.6935868263244629,84.90277862548828,3886.0,14.157745361328125,648.0,0.0,0.0,0.9394800066947937,43.0,0.0,0.0,14.298609733581543,22.362260818481445,12.164833068847656,12.164833068847656,0.18756651878356934,0.5109513998031616,81.40703582763672,3726.0,17.47869873046875,800.0,0.0,0.0,1.1142669916152954,51.0,0.0,0.0,15.994335174560547,24.941850662231445,13.725641250610352,13.725641250610352,-0.00494992733001709,0.3638661503791809,78.0860824584961,3574.0,20.777801513671875,951.0,0.0,0.0,1.1361154317855835,52.0,0.0,0.0,0.0,0.3333333432674408,0.28333333134651184,0.21666665375232697,0.1666666716337204
2,0.20708420472630193,11.7726411819458,19.024158477783203,10.122177124023438,10.122177124023438,0.41221535205841064,0.6747139692306519,85.5199966430664,15657.0,13.709853172302246,2510.0,0.0,0.0,0.770155131816864,141.0,0.0,0.0,5.970948696136475,9.000149726867676,5.212804317474365,5.212804317474365,0.868145227432251,0.9335286617279053,97.05046844482422,4442.0,2.709198236465454,124.0,0.0,0.0,0.24033209681510925,11.0,0.0,0.0,11.162721633911133,17.1042537689209,9.605664253234863,9.605664253234863,0.5235615968704224,0.7418412566184998,86.25737762451172,3948.0,13.043478012084961,597.0,0.0,0.0,0.6991478800773621,32.0,0.0,0.0,14.09598445892334,21.750398635864258,12.051488876342773,12.051488876342773,0.23141682147979736,0.5545425415039062,80.7515869140625,3696.0,18.243391036987305,835.0,0.0,0.0,1.0050251483917236,46.0,0.0,0.0,15.86091136932373,24.516040802001953,13.618752479553223,13.618752479553223,0.02907031774520874,0.4075121283531189,78.02053833007812,3571.0,20.843347549438477,954.0,0.0,0.0,1.1361154317855835,52.0,0.0,0.0,0.07142857142857142,0.3245614171028137,0.2788847088813782,0.21998745203018188,0.17656642198562622
3,0.2072212811249759,11.632734298706055,18.813005447387695,10.003952026367188,10.003952026367188,0.4251907467842102,0.6816836595535278,85.858642578125,15719.0,13.403976440429688,2454.0,0.0,0.0,0.7373825907707214,135.0,0.0,0.0,5.695898056030273,8.508074760437012,4.9784417152404785,4.9784417152404785,0.8821691870689392,0.9403257966041565,97.5748291015625,4466.0,2.250382423400879,103.0,0.0,0.0,0.17478697001934052,8.0,0.0,0.0,11.002851486206055,16.805173873901367,9.469786643981934,9.469786643981934,0.5400775671005249,0.7506316304206848,87.04391479492188,3984.0,12.300633430480957,563.0,0.0,0.0,0.6554511785507202,30.0,0.0,0.0,14.015937805175781,21.58116912841797,12.005709648132324,12.005709648132324,0.24333035945892334,0.5609103441238403,80.90452575683594,3703.0,18.112300872802734,829.0,0.0,0.0,0.9831767678260803,45.0,0.0,0.0,15.81624698638916,24.39608383178711,13.561870574951172,13.561870574951172,0.03854864835739136,0.4143984615802765,77.91129302978516,3566.0,20.95258903503418,959.0,0.0,0.0,1.1361154317855835,52.0,0.0,0.0,0.14285714285714285,0.31578949093818665,0.2744360864162445,0.223308265209198,0.18646617233753204
4,0.20399618083966214,11.543877601623535,18.672088623046875,9.928817749023438,9.928817749023438,0.43376970291137695,0.6863372325897217,86.1153564453125,15766.0,13.15272045135498,2408.0,0.0,0.0,0.7319204807281494,134.0,0.0,0.0,5.568242073059082,8.273397445678711,4.871186256408691,4.871186256408691,0.8885797262191772,0.9435131549835205,97.66222381591797,4470.0,2.1629889011383057,99.0,0.0,0.0,0.17478697001934052,8.0,0.0,0.0,10.91106128692627,16.625402450561523,9.398456573486328,9.398456573486328,0.5498648881912231,0.7558367848396301,87.50273132324219,4005.0,11.863665580749512,543.0,0.0,0.0,0.6336027979850769,29.0,0.0,0.0,13.946194648742676,21.45431900024414,11.949363708496094,11.949363708496094,0.2521991729736328,0.565739631652832,81.07930755615234,3711.0,17.93751335144043,821.0,0.0,0.0,0.9831767678260803,45.0,0.0,0.0,15.75001335144043,24.278518676757812,13.496261596679688,13.496261596679688,0.047792792320251465,0.41965532302856445,78.21717071533203,3580.0,20.646711349487305,945.0,0.0,0.0,1.1361154317855835,52.0,0.0,0.0,0.21428571428571427,0.30701756477355957,0.26998746395111084,0.22662906348705292,0.19636592268943787
5,0.20402374165528922,11.49504280090332,18.593839645385742,9.900895118713379,9.900895118713379,0.43850553035736084,0.6893079876899719,86.12081909179688,15767.0,13.141796112060547,2406.0,0.0,0.0,0.7373825907707214,135.0,0.0,0.0,5.506045818328857,8.161080360412598,4.8254899978637695,4.8254899978637695,0.8915843963623047,0.9450936913490295,97.85885620117188,4479.0,1.9663535356521606,90.0,0.0,0.0,0.17478697001934052,8.0,0.0,0.0,10.84325885772705,16.508403778076172,9.355433464050293,9.355433464050293,0.5561781525611877,0.759831428527832,87.45903015136719,4003.0,11.885515213012695,544.0,0.0,0.0,0.6554511785507202,30.0,0.0,0.0,13.89508056640625,21.367765426635742,11.924813270568848,11.924813270568848,0.2582208514213562,0.5697132349014282,81.05745697021484,3710.0,17.959362030029297,822.0,0.0,0.0,0.9831767678260803,45.0,0.0,0.0,15.735786437988281,24.232446670532227,13.497845649719238,13.497845649719238,0.0514032244682312,0.4221113920211792,78.10792541503906,3575.0,20.75595474243164,950.0,0.0,0.0,1.1361154317855835,52.0,0.0,0.0,0.2857142857142857,0.2982456088066101,0.2655388414859772,0.22994986176490784,0.2062656730413437
6,0.20451619471172353,11.459813117980957,18.523998260498047,9.87258529663086,9.87258529663086,0.44271570444107056,0.6917003393173218,86.21367645263672,15784.0,13.054402351379395,2390.0,0.0,0.0,0.7319204807281494,134.0,0.0,0.0,5.462099075317383,8.061519622802734,4.788642406463623,4.788642406463623,0.8942134976387024,0.9464046955108643,97.94625091552734,4483.0,1.8789600133895874,86.0,0.0,0.0,0.17478697001934052,8.0,0.0,0.0,10.800899505615234,16.413957595825195,9.321396827697754,9.321396827697754,0.561241865158081,0.7624289393424988,87.7649154663086,4017.0,11.57963752746582,530.0,0.0,0.0,0.6554511785507202,30.0,0.0,0.0,13.855304718017578,21.29149627685547,11.888890266418457,11.888890266418457,0.2635067105293274,0.5730380415916443,81.03561401367188,3709.0,18.00305938720703,824.0,0.0,0.0,0.961328387260437,44.0,0.0,0.0,15.720946311950684,24.183053970336914,13.491410255432129,13.491410255432129,0.055266380310058594,0.4256025552749634,78.10792541503906,3575.0,20.75595474243164,950.0,0.0,0.0,1.1361154317855835,52.0,0.0,0.0,0.35714285714285715,0.28947368264198303,0.2610902190208435,0.23327067494392395,0.2161654233932495
7,0.2058817723564382,11.446684837341309,18.510438919067383,9.859081268310547,9.859081268310547,0.4435312747955322,0.6931002140045166,86.28468322753906,15797.0,12.994318962097168,2379.0,0.0,0.0,0.7209962606430054,132.0,0.0,0.0,5.433964252471924,7.999213695526123,4.76516580581665,4.76516580581665,0.8958423733711243,0.9473859071731567,98.05549621582031,4488.0,1.7697181701660156,81.0,0.0,0.0,0.17478697001934052,8.0,0.0,0.0,10.788433074951172,16.374305725097656,9.308735847473145,9.308735847473145,0.563359260559082,0.7644463181495667,87.6993637084961,4014.0,11.667031288146973,534.0,0.0,0.0,0.6336027979850769,29.0,0.0,0.0,13.860679626464844,21.300033569335938,11.887703895568848,11.887703895568848,0.26291602849960327,0.5745823383331299,81.40703582763672,3726.0,17.653484344482422,808.0,0.0,0.0,0.9394800066947937,43.0,0.0,0.0,15.703664779663086,24.18157958984375,13.47472095489502,13.47472095489502,0.05538153648376465,0.4264645576477051,77.97683715820312,3569.0,20.88704490661621,956.0,0.0,0.0,1.1361154317855835,52.0,0.0,0.0,0.42857142857142855,0.28070175647735596,0.25664159655570984,0.23659147322177887,0.22606515884399414
8,0.20692510401734343,11.424906730651855,18.48578643798828,9.844326972961426,9.844326972961426,0.44501250982284546,0.6944994926452637,86.45947265625,15829.0,12.835918426513672,2350.0,0.0,0.0,0.7046100497245789,129.0,0.0,0.0,5.406620502471924,7.9570794105529785,4.743557929992676,4.743557929992676,0.8969367742538452,0.9479580521583557,98.12104034423828,4491.0,1.704172968864441,78.0,0.0,0.0,0.17478697001934052,8.0,0.0,0.0,10.763431549072266,16.336416244506836,9.290657997131348,9.290657997131348,0.5653776526451111,0.7661972045898438,87.89600372314453,4023.0,11.514092445373535,527.0,0.0,0.0,0.5899060368537903,27.0,0.0,0.0,13.83348274230957,21.26348114013672,11.866714477539062,11.866714477539062,0.2654436230659485,0.5774322152137756,81.53812408447266,3732.0,17.54424285888672,803.0,0.0,0.0,0.9176316857337952,42.0,0.0,0.0,15.696090698242188,24.177839279174805,13.476380348205566,13.476380348205566,0.05567371845245361,0.42788830399513245,78.28272247314453,3583.0,20.581167221069336,942.0,0.0,0.0,1.1361154317855835,52.0,0.0,0.0,0.5,0.2719298303127289,0.25219297409057617,0.2399122714996338,0.23596492409706116
9,0.2096303813200661,11.404815673828125,18.457271575927734,9.827116966247559,9.827116966247559,0.44672340154647827,0.6949197053909302,86.43215942382812,15824.0,12.835918426513672,2350.0,0.0,0.0,0.7319204807281494,134.0,0.0,0.0,5.409211158752441,7.956361293792725,4.750661373138428,4.750661373138428,0.8969553709030151,0.9480010271072388,98.09918975830078,4490.0,1.726021409034729,79.0,0.0,0.0,0.17478697001934052,8.0,0.0,0.0,10.745293617248535,16.31504249572754,9.285097122192383,9.285097122192383,0.5665141344070435,0.7661148309707642,87.83045196533203,4020.0,11.535940170288086,528.0,0.0,0.0,0.6336027979850769,29.0,0.0,0.0,13.801050186157227,21.228857040405273,11.839781761169434,11.839781761169434,0.2678338885307312,0.5771504640579224,81.58182525634766,3734.0,17.435001373291016,798.0,0.0,0.0,0.9831767678260803,45.0,0.0,0.0,15.66370964050293,24.13575553894043,13.432924270629883,13.432924270629883,0.05895829200744629,0.428786039352417,78.21717071533203,3580.0,20.646711349487305,945.0,0.0,0.0,1.1361154317855835,52.0,0.0,0.0,0.5714285714285714,0.2631579041481018,0.2477443516254425,0.2432330846786499,0.24586467444896698
10,0.21214936493027584,11.399375915527344,18.438270568847656,9.826801300048828,9.826801300048828,0.4478619694709778,0.6958993077278137,86.39392852783203,15817.0,12.896001815795898,2361.0,0.0,0.0,0.7100721001625061,130.0,0.0,0.0,5.387755393981934,7.929622173309326,4.731770992279053,4.731770992279053,0.8976468443870544,0.9485054016113281,98.07734680175781,4489.0,1.7478697299957275,80.0,0.0,0.0,0.17478697001934052,8.0,0.0,0.0,10.733660697937012,16.294652938842773,9.276083946228027,9.276083946228027,0.567596971988678,0.7673389315605164,87.87415313720703,4022.0,11.514092445373535,527.0,0.0,0.0,0.6117544174194336,28.0,0.0,0.0,13.801280975341797,21.210529327392578,11.846867561340332,11.846867561340332,0.26909756660461426,0.5782756209373474,81.45072937011719,3728.0,17.631635665893555,807.0,0.0,0.0,0.9176316857337952,42.0,0.0,0.0,15.674803733825684,24.11634063720703,13.452485084533691,13.452485084533691,0.06047159433364868,0.4287690818309784,78.17347717285156,3578.0,20.69040870666504,947.0,0.0,0.0,1.1361154317855835,52.0,0.0,0.0,0.6428571428571429,0.25438597798347473,0.24329572916030884,0.24655388295650482,0.2557644248008728
11,0.21308129002649145,11.384552955627441,18.417768478393555,9.80951976776123,9.80951976776123,0.4490891695022583,0.6969470381736755,86.45401000976562,15828.0,12.841381072998047,2351.0,0.0,0.0,0.7046100497245789,129.0,0.0,0.0,5.399970531463623,7.916622161865234,4.742671012878418,4.742671012878418,0.897982120513916,0.9488609433174133,98.14288330078125,4492.0,1.6823246479034424,77.0,0.0,0.0,0.17478697001934052,8.0,0.0,0.0,10.714394569396973,16.26530647277832,9.262679100036621,9.262679100036621,0.5691530704498291,0.7685667872428894,87.939697265625,4025.0,11.44854736328125,524.0,0.0,0.0,0.6117544174194336,28.0,0.0,0.0,13.778006553649902,21.18562889099121,11.818214416503906,11.818214416503906,0.27081263065338135,0.5792657136917114,81.66921997070312,3738.0,17.435001373291016,798.0,0.0,0.0,0.8957833051681519,41.0,0.0,0.0,15.64583969116211,24.09964370727539,13.414510726928711,13.414510726928711,0.06177222728729248,0.42921531200408936,78.0642318725586,3573.0,20.799650192260742,952.0,0.0,0.0,1.1361154317855835,52.0,0.0,0.0,0.7142857142857143,0.24561403691768646,0.23884710669517517,0.24987469613552094,0.26566416025161743
12,0.2147439738292351,11.372469902038574,18.376976013183594,9.798810958862305,9.798810958862305,0.4515267610549927,0.6987385749816895,86.37207794189453,15813.0,12.9287748336792,2367.0,0.0,0.0,0.6991478800773621,128.0,0.0,0.0,5.37586784362793,7.869269371032715,4.720327854156494,4.720327854156494,0.8991988897323608,0.9494892954826355,98.20843505859375,4495.0,1.6604762077331543,76.0,0.0,0.0,0.1310902237892151,6.0,0.0,0.0,10.706262588500977,16.22538948059082,9.249970436096191,9.249970436096191,0.5712652206420898,0.7700208425521851,87.98339080810547,4027.0,11.383002281188965,521.0,0.0,0.0,0.6336027979850769,29.0,0.0,0.0,13.772394180297852,21.14760971069336,11.813397407531738,11.813397407531738,0.2734273672103882,0.5820128917694092,81.36333465576172,3724.0,17.719030380249023,811.0,0.0,0.0,0.9176316857337952,42.0,0.0,0.0,15.635354042053223,24.05084228515625,13.411545753479004,13.411545753479004,0.06556814908981323,0.43309351801872253,77.93314361572266,3567.0,20.95258903503418,959.0,0.0,0.0,1.1142669916152954,51.0,0.0,0.0,0.7857142857142857,0.23684212565422058,0.2343984991312027,0.25319552421569824,0.27556392550468445
13,0.21753909653600315,11.368559837341309,18.369365692138672,9.782732963562012,9.782732963562012,0.4519808888435364,0.6985794305801392,86.44854736328125,15827.0,12.857766151428223,2354.0,0.0,0.0,0.6936858296394348,127.0,0.0,0.0,5.37737512588501,7.870448589324951,4.721439838409424,4.721439838409424,0.8991687297821045,0.9493668675422668,98.12104034423828,4491.0,1.726021409034729,79.0,0.0,0.0,0.1529386043548584,7.0,0.0,0.0,10.700523376464844,16.207250595092773,9.239620208740234,9.239620208740234,0.5722231864929199,0.7701999545097351,88.07078552246094,4031.0,11.317456245422363,518.0,0.0,0.0,0.6117544174194336,28.0,0.0,0.0,13.770663261413574,21.13729476928711,11.79517650604248,11.79517650604248,0.2741360664367676,0.5814968347549438,81.55997467041016,3733.0,17.54424285888672,803.0,0.0,0.0,0.8957833051681519,41.0,0.0,0.0,15.625678062438965,24.048500061035156,13.3746919631958,13.3746919631958,0.06575000286102295,0.4320985674858093,78.04238891601562,3572.0,20.843347549438477,954.0,0.0,0.0,1.1142669916152954,51.0,0.0,0.0,0.8571428571428571,0.22807016968727112,0.22994986176490784,0.25651630759239197,0.2854636609554291
14,0.21877324847230728,11.356788635253906,18.364521026611328,9.77652645111084,9.77652645111084,0.452269971370697,0.6985179781913757,86.37207794189453,15813.0,12.9287748336792,2367.0,0.0,0.0,0.6991478800773621,128.0,0.0,0.0,5.35629940032959,7.8430070877075195,4.703816890716553,4.703816890716553,0.8998706340789795,0.949748694896698,98.16473388671875,4493.0,1.6823246479034424,77.0,0.0,0.0,0.1529386043548584,7.0,0.0,0.0,10.674226760864258,16.186132431030273,9.21943187713623,9.21943187713623,0.573337197303772,0.7705338001251221,88.1800308227539,4036.0,11.208215713500977,513.0,0.0,0.0,0.6117544174194336,28.0,0.0,0.0,13.763595581054688,21.135053634643555,11.79168701171875,11.79168701171875,0.27428996562957764,0.5810244679450989,81.29779052734375,3721.0,17.784574508666992,814.0,0.0,0.0,0.9176316857337952,42.0,0.0,0.0,15.633028984069824,24.058855056762695,13.3911714553833,13.3911714553833,0.06494534015655518,0.4311375021934509,77.84574890136719,3563.0,21.039981842041016,963.0,0.0,0.0,1.1142669916152954,51.0,0.0,0.0,0.9285714285714286,0.21929824352264404,0.22550123929977417,0.2598370909690857,0.2953633964061737
15,0.22026776894192676,11.3804292678833,18.365829467773438,9.795218467712402,9.795218467712402,0.45219194889068604,0.6992598176002502,86.32292175292969,15804.0,12.999781608581543,2380.0,0.0,0.0,0.6772995591163635,124.0,0.0,0.0,5.366774559020996,7.848747253417969,4.712676525115967,4.712676525115967,0.899724006652832,0.94978266954422,98.27397918701172,4498.0,1.6167795658111572,74.0,0.0,0.0,0.10924185812473297,5.0,0.0,0.0,10.698131561279297,16.19159507751465,9.235044479370117,9.235044479370117,0.5730493068695068,0.7710168957710266,88.02709197998047,4029.0,11.361153602600098,520.0,0.0,0.0,0.6117544174194336,28.0,0.0,0.0,13.79765796661377,21.13736915588379,11.81755542755127,11.81755542755127,0.2741309404373169,0.5825940370559692,81.29779052734375,3721.0,17.828271865844727,816.0,0.0,0.0,0.8739348649978638,40.0,0.0,0.0,15.659154891967773,24.055267333984375,13.415596961975098,13.415596961975098,0.06522417068481445,0.43306952714920044,77.69281005859375,3556.0,21.192922592163086,970.0,0.0,0.0,1.1142669916152954,51.0,0.0,0.0,1.0,0.21052631735801697,0.2210526168346405,0.2631579041481018,0.3052631616592407
16,0.21852949252494958,11.370626449584961,18.358503341674805,9.794111251831055,9.794111251831055,0.45262885093688965,0.6991276144981384,86.36661529541016,15812.0,12.945159912109375,2370.0,0.0,0.0,0.6882237195968628,126.0,0.0,0.0,5.3714213371276855,7.854031085968018,4.717339038848877,4.717339038848877,0.899588942527771,0.9497596621513367,98.27397918701172,4498.0,1.5949312448501587,73.0,0.0,0.0,0.1310902237892151,6.0,0.0,0.0,10.685323715209961,16.182056427001953,9.234461784362793,9.234461784362793,0.573552131652832,0.7712308764457703,88.1363296508789,4034.0,11.251911163330078,515.0,0.0,0.0,0.6117544174194336,28.0,0.0,0.0,13.786519050598145,21.13242530822754,11.82133674621582,11.82133674621582,0.2744704484939575,0.581825852394104,81.36333465576172,3724.0,17.74087905883789,812.0,0.0,0.0,0.8957833051681519,41.0,0.0,0.0,15.639242172241211,24.041933059692383,13.403312683105469,13.403312683105469,0.06626027822494507,0.4318135678768158,77.69281005859375,3556.0,21.192922592163086,970.0,0.0,0.0,1.1142669916152954,51.0,0.0,0.0,1.0,0.21052631735801697,0.2210526168346405,0.2631579041481018,0.3052631616592407
17,0.2180583181325458,11.388705253601074,18.35142707824707,9.81686782836914,9.81686782836914,0.45305079221725464,0.699291467666626,86.28468322753906,15797.0,13.032553672790527,2386.0,0.0,0.0,0.6827616095542908,125.0,0.0,0.0,5.371566295623779,7.842257022857666,4.723760604858398,4.723760604858398,0.8998897671699524,0.9498070478439331,98.31768035888672,4500.0,1.551234483718872,71.0,0.0,0.0,0.1310902237892151,6.0,0.0,0.0,10.701899528503418,16.191646575927734,9.257386207580566,9.257386207580566,0.5730465054512024,0.7708494663238525,87.89600372314453,4023.0,11.492243766784668,526.0,0.0,0.0,0.6117544174194336,28.0,0.0,0.0,13.81345272064209,21.12380027770996,11.853076934814453,11.853076934814453,0.27506256103515625,0.5824902057647705,81.31964111328125,3722.0,17.784574508666992,814.0,0.0,0.0,0.8957833051681519,41.0,0.0,0.0,15.6679048538208,24.025278091430664,13.433249473571777,13.433249473571777,0.06755346059799194,0.433049738407135,77.60542297363281,3552.0,21.30216407775879,975.0,0.0,0.0,1.0924186706542969,50.0,0.0,0.0,1.0,0.21052631735801697,0.2210526168346405,0.2631579041481018,0.3052631616592407
18,0.21669703587453362,11.401225090026855,18.353443145751953,9.824170112609863,9.824170112609863,0.4529305100440979,0.6995100378990173,86.2409896850586,15789.0,13.070789337158203,2393.0,0.0,0.0,0.6882237195968628,126.0,0.0,0.0,5.382803916931152,7.865846633911133,4.732110500335693,4.732110500335693,0.8992865681648254,0.9495283365249634,98.25212860107422,4497.0,1.6167795658111572,74.0,0.0,0.0,0.1310902237892151,6.0,0.0,0.0,10.725261688232422,16.19944190979004,9.274706840515137,9.274706840515137,0.572635293006897,0.7709788680076599,88.00524139404297,4028.0,11.383002281188965,521.0,0.0,0.0,0.6117544174194336,28.0,0.0,0.0,13.824045181274414,21.118003845214844,11.858721733093262,11.858721733093262,0.275460422039032,0.5833223462104797,81.12300872802734,3713.0,17.981210708618164,823.0,0.0,0.0,0.8957833051681519,41.0,0.0,0.0,15.672788619995117,24.023576736450195,13.431140899658203,13.431140899658203,0.06768542528152466,0.4334859251976013,77.58357238769531,3551.0,21.30216407775879,975.0,0.0,0.0,1.1142669916152954,51.0,0.0,0.0,1.0,0.21052631735801697,0.2210526168346405,0.2631579041481018,0.3052631616592407
19,0.21600781205101788,11.411518096923828,18.35671615600586,9.831966400146484,9.831966400146484,0.45273542404174805,0.6997008919715881,86.13720703125,15770.0,13.185492515563965,2414.0,0.0,0.0,0.6772995591163635,124.0,0.0,0.0,5.393237113952637,7.882754325866699,4.742842674255371,4.742842674255371,0.8988531827926636,0.9494290947914124,98.25212860107422,4497.0,1.6386280059814453,75.0,0.0,0.0,0.10924185812473297,5.0,0.0,0.0,10.731293678283691,16.213993072509766,9.283456802368164,9.283456802368164,0.5718672275543213,0.7708095908164978,88.00524139404297,4028.0,11.383002281188965,521.0,0.0,0.0,0.6117544174194336,28.0,0.0,0.0,13.832651138305664,21.11758041381836,11.864872932434082,11.864872932434082,0.2754894495010376,0.5833134651184082,80.9482192993164,3705.0,18.15599822998047,831.0,0.0,0.0,0.8957833051681519,41.0,0.0,0.0,15.688885688781738,24.01858901977539,13.436690330505371,13.436690330505371,0.0680726170539856,0.43421268463134766,77.3432388305664,3540.0,21.56434440612793,987.0,0.0,0.0,1.0924186706542969,50.0,0.0,0.0,1.0,0.21052631735801697,0.2210526168346405,0.2631579041481018,0.3052631616592407
20,0.21511147612476297,11.426251411437988,18.39385986328125,9.849281311035156,9.849281311035156,0.4505184292793274,0.6983538269996643,86.20275115966797,15782.0,13.11994743347168,2402.0,0.0,0.0,0.6772995591163635,124.0,0.0,0.0,5.400404453277588,7.893774032592773,4.749520301818848,4.749520301818848,0.89857017993927,0.9492800831794739,98.25212860107422,4497.0,1.6604762077331543,76.0,0.0,0.0,0.08739348500967026,4.0,0.0,0.0,10.754015922546387,16.256847381591797,9.304675102233887,9.304675102233887,0.5696010589599609,0.7696037292480469,88.02709197998047,4029.0,11.361153602600098,520.0,0.0,0.0,0.6117544174194336,28.0,0.0,0.0,13.864677429199219,21.171371459960938,11.90003490447998,11.90003490447998,0.27179378271102905,0.5809546709060669,80.90452575683594,3703.0,18.19969367980957,833.0,0.0,0.0,0.8957833051681519,41.0,0.0,0.0,15.685905456542969,24.052291870117188,13.442892074584961,13.442892074584961,0.0654553771018982,0.4320944845676422,77.62726593017578,3553.0,21.258466720581055,973.0,0.0,0.0,1.1142669916152954,51.0,0.0,0.0,1.0,0.21052631735801697,0.2210526168346405,0.2631579041481018,0.3052631616592407
21,0.21448542993125094,11.442078590393066,18.393957138061523,9.852377891540527,9.852377891540527,0.4505126476287842,0.698049008846283,86.13720703125,15770.0,13.21280288696289,2419.0,0.0,0.0,0.6499890685081482,119.0,0.0,0.0,5.4113030433654785,7.892345428466797,4.751540660858154,4.751540660858154,0.8986068964004517,0.9492987394332886,98.31768035888672,4500.0,1.5949312448501587,73.0,0.0,0.0,0.08739348500967026,4.0,0.0,0.0,10.773022651672363,16.2513370513916,9.303668975830078,9.303668975830078,0.5698927640914917,0.769585907459259,88.00524139404297,4028.0,11.426698684692383,523.0,0.0,0.0,0.5680577158927917,26.0,0.0,0.0,13.881226539611816,21.17351531982422,11.902556419372559,11.902556419372559,0.27164626121520996,0.5802780985832214,80.83898162841797,3700.0,18.308935165405273,838.0,0.0,0.0,0.8520864844322205,39.0,0.0,0.0,15.702759742736816,24.05489158630371,13.45174503326416,13.45174503326416,0.0652533769607544,0.4305456578731537,77.38693237304688,3542.0,21.520647048950195,985.0,0.0,0.0,1.0924186706542969,50.0,0.0,0.0,1.0,0.21052631735801697,0.2210526168346405,0.2631579041481018,0.3052631616592407
22,0.21260648010969105,11.44405460357666,18.3984375,9.86007308959961,9.86007308959961,0.4502449035644531,0.6976451277732849,86.16451263427734,15775.0,13.19095516204834,2415.0,0.0,0.0,0.644527018070221,118.0,0.0,0.0,5.419686317443848,7.909844875335693,4.762112140655518,4.762112140655518,0.8981567621231079,0.9491122364997864,98.25212860107422,4497.0,1.6604762077331543,76.0,0.0,0.0,0.08739348500967026,4.0,0.0,0.0,10.77361011505127,16.262601852416992,9.307299613952637,9.307299613952637,0.5692963004112244,0.7689066529273987,87.98339080810547,4027.0,11.4703950881958,525.0,0.0,0.0,0.5462093353271484,25.0,0.0,0.0,13.880207061767578,21.177400588989258,11.905574798583984,11.905574798583984,0.27137887477874756,0.5794469118118286,80.88267517089844,3702.0,18.265239715576172,836.0,0.0,0.0,0.8520864844322205,39.0,0.0,0.0,15.70270824432373,24.051816940307617,13.465301513671875,13.465301513671875,0.06549233198165894,0.4302584230899811,77.53987121582031,3549.0,21.367708206176758,978.0,0.0,0.0,1.0924186706542969,50.0,0.0,0.0,1.0,0.21052631735801697,0.2210526168346405,0.2631579041481018,0.3052631616592407
23,0.21162437721481517,11.46762466430664,18.417831420898438,9.87495231628418,9.87495231628418,0.4490853548049927,0.6973843574523926,86.16998291015625,15776.0,13.19095516204834,2415.0,0.0,0.0,0.6390649080276489,117.0,0.0,0.0,5.428090572357178,7.924844741821289,4.767394542694092,4.767394542694092,0.89777010679245,0.9489657282829285,98.23028564453125,4496.0,1.6823246479034424,77.0,0.0,0.0,0.08739348500967026,4.0,0.0,0.0,10.79292106628418,16.27621841430664,9.317471504211426,9.317471504211426,0.5685747861862183,0.7688743472099304,88.11448669433594,4033.0,11.361153602600098,520.0,0.0,0.0,0.5243608951568604,24.0,0.0,0.0,13.915889739990234,21.201663970947266,11.930838584899902,11.930838584899902,0.26970845460891724,0.5790768265724182,80.86082458496094,3701.0,18.28708839416504,837.0,0.0,0.0,0.8520864844322205,39.0,0.0,0.0,15.733596801757812,24.075654983520508,13.48410701751709,13.48410701751709,0.06363892555236816,0.43002456426620483,77.47432708740234,3546.0,21.43325424194336,981.0,0.0,0.0,1.0924186706542969,50.0,0.0,0.0,1.0,0.21052631735801697,0.2210526168346405,0.2631579041481018,0.3052631616592407
24,0.210769953381798,11.4793119430542,18.4205322265625,9.882261276245117,9.882261276245117,0.4489237070083618,0.6973693370819092,86.07166290283203,15758.0,13.300196647644043,2435.0,0.0,0.0,0.6281406879425049,115.0,0.0,0.0,5.438281059265137,7.936659812927246,4.773860931396484,4.773860931396484,0.8974650502204895,0.9488468766212463,98.27397918701172,4498.0,1.6386280059814453,75.0,0.0,0.0,0.08739348500967026,4.0,0.0,0.0,10.804586410522461,16.28638458251953,9.324639320373535,9.324639320373535,0.5680356025695801,0.7686737775802612,87.89600372314453,4023.0,11.601486206054688,531.0,0.0,0.0,0.5025125741958618,23.0,0.0,0.0,13.927206993103027,21.200668334960938,11.935673713684082,11.935673713684082,0.26977699995040894,0.5792184472084045,80.7515869140625,3696.0,18.396329879760742,842.0,0.0,0.0,0.8520864844322205,39.0,0.0,0.0,15.747173309326172,24.074026107788086,13.49487018585205,13.49487018585205,0.06376564502716064,0.4302172064781189,77.3650894165039,3541.0,21.56434440612793,987.0,0.0,0.0,1.0705702304840088,49.0,0.0,0.0,1.0,0.21052631735801697,0.2210526168346405,0.2631579041481018,0.3052631616592407
step,fold16/test_loss,fold16/test_mae,fold16/test_rmse,fold16/test_mard,fold16/test_mape,fold16/test_r2,fold16/test_pearson,fold16/test_ega_zone_a_pct,fold16/test_ega_zone_a_count,fold16/test_ega_zone_b_pct,fold16/test_ega_zone_b_count,fold16/test_ega_zone_c_pct,fold16/test_ega_zone_c_count,fold16/test_ega_zone_d_pct,fold16/test_ega_zone_d_count,fold16/test_ega_zone_e_pct,fold16/test_ega_zone_e_count,fold16/test_horizon_15_mae,fold16/test_horizon_15_rmse,fold16/test_horizon_15_mard,fold16/test_horizon_15_mape,fold16/test_horizon_15_r2,fold16/test_horizon_15_pearson,fold16/test_horizon_15_ega_zone_a_pct,fold16/test_horizon_15_ega_zone_a_count,fold16/test_horizon_15_ega_zone_b_pct,fold16/test_horizon_15_ega_zone_b_count,fold16/test_horizon_15_ega_zone_c_pct,fold16/test_horizon_15_ega_zone_c_count,fold16/test_horizon_15_ega_zone_d_pct,fold16/test_horizon_15_ega_zone_d_count,fold16/test_horizon_15_ega_zone_e_pct,fold16/test_horizon_15_ega_zone_e_count,fold16/test_horizon_30_mae,fold16/test_horizon_30_rmse,fold16/test_horizon_30_mard,fold16/test_horizon_30_mape,fold16/test_horizon_30_r2,fold16/test_horizon_30_pearson,fold16/test_horizon_30_ega_zone_a_pct,fold16/test_horizon_30_ega_zone_a_count,fold16/test_horizon_30_ega_zone_b_pct,fold16/test_horizon_30_ega_zone_b_count,fold16/test_horizon_30_ega_zone_c_pct,fold16/test_horizon_30_ega_zone_c_count,fold16/test_horizon_30_ega_zone_d_pct,fold16/test_horizon_30_ega_zone_d_count,fold16/test_horizon_30_ega_zone_e_pct,fold16/test_horizon_30_ega_zone_e_count,fold16/test_horizon_45_mae,fold16/test_horizon_45_rmse,fold16/test_horizon_45_mard,fold16/test_horizon_45_mape,fold16/test_horizon_45_r2,fold16/test_horizon_45_pearson,fold16/test_horizon_45_ega_zone_a_pct,fold16/test_horizon_45_ega_zone_a_count,fold16/test_horizon_45_ega_zone_b_pct,fold16/test_horizon_45_ega_zone_b_count,fold16/test_horizon_45_ega_zone_c_pct,fold16/test_horizon_45_ega_zone_c_count,fold16/test_horizon_45_ega_zone_d_pct,fold16/test_horizon_45_ega_zone_d_count,fold16/test_horizon_45_ega_zone_e_pct,fold16/test_horizon_45_ega_zone_e_count,fold16/test_horizon_60_mae,fold16/test_horizon_60_rmse,fold16/test_horizon_60_mard,fold16/test_horizon_60_mape,fold16/test_horizon_60_r2,fold16/test_horizon_60_pearson,fold16/test_horizon_60_ega_zone_a_pct,fold16/test_horizon_60_ega_zone_a_count,fold16/test_horizon_60_ega_zone_b_pct,fold16/test_horizon_60_ega_zone_b_count,fold16/test_horizon_60_ega_zone_c_pct,fold16/test_horizon_60_ega_zone_c_count,fold16/test_horizon_60_ega_zone_d_pct,fold16/test_horizon_60_ega_zone_d_count,fold16/test_horizon_60_ega_zone_e_pct,fold16/test_horizon_60_ega_zone_e_count
0,0.31265140899737404,11.019347190856934,15.904892921447754,10.058773040771484,10.058773040771484,0.11213028430938721,0.5134361982345581,86.3033447265625,5986.0,13.581315040588379,942.0,0.0,0.0,0.11534024775028229,8.0,0.0,0.0,6.326115131378174,8.81503963470459,5.962749004364014,5.962749004364014,0.7333630323410034,0.870855450630188,97.40484619140625,1689.0,2.3644752502441406,41.0,0.0,0.0,0.23068049550056458,4.0,0.0,0.0,11.196029663085938,15.713324546813965,10.259745597839355,10.259745597839355,0.1392865777015686,0.5454559326171875,85.98616027832031,1491.0,13.840829849243164,240.0,0.0,0.0,0.17301037907600403,3.0,0.0,0.0,13.020596504211426,18.132226943969727,11.794787406921387,11.794787406921387,-0.1646188497543335,0.3194459080696106,81.60322570800781,1415.0,18.339099884033203,318.0,0.0,0.0,0.057670123875141144,1.0,0.0,0.0,13.534647941589355,18.933338165283203,12.217805862426758,12.217805862426758,-0.28507912158966064,0.20013493299484253,80.21914672851562,1391.0,19.780853271484375,343.0,0.0,0.0,0.0,0.0,0.0,0.0
