step,fold1/train_loss,fold1/val_mae,fold1/val_rmse,fold1/val_mard,fold1/val_mape,fold1/val_r2,fold1/val_pearson,fold1/val_ega_zone_a_pct,fold1/val_ega_zone_a_count,fold1/val_ega_zone_b_pct,fold1/val_ega_zone_b_count,fold1/val_ega_zone_c_pct,fold1/val_ega_zone_c_count,fold1/val_ega_zone_d_pct,fold1/val_ega_zone_d_count,fold1/val_ega_zone_e_pct,fold1/val_ega_zone_e_count,fold1/val_horizon_15_mae,fold1/val_horizon_15_rmse,fold1/val_horizon_15_mard,fold1/val_horizon_15_mape,fold1/val_horizon_15_r2,fold1/val_horizon_15_pearson,fold1/val_horizon_15_ega_zone_a_pct,fold1/val_horizon_15_ega_zone_a_count,fold1/val_horizon_15_ega_zone_b_pct,fold1/val_horizon_15_ega_zone_b_count,fold1/val_horizon_15_ega_zone_c_pct,fold1/val_horizon_15_ega_zone_c_count,fold1/val_horizon_15_ega_zone_d_pct,fold1/val_horizon_15_ega_zone_d_count,fold1/val_horizon_15_ega_zone_e_pct,fold1/val_horizon_15_ega_zone_e_count,fold1/val_horizon_30_mae,fold1/val_horizon_30_rmse,fold1/val_horizon_30_mard,fold1/val_horizon_30_mape,fold1/val_horizon_30_r2,fold1/val_horizon_30_pearson,fold1/val_horizon_30_ega_zone_a_pct,fold1/val_horizon_30_ega_zone_a_count,fold1/val_horizon_30_ega_zone_b_pct,fold1/val_horizon_30_ega_zone_b_count,fold1/val_horizon_30_ega_zone_c_pct,fold1/val_horizon_30_ega_zone_c_count,fold1/val_horizon_30_ega_zone_d_pct,fold1/val_horizon_30_ega_zone_d_count,fold1/val_horizon_30_ega_zone_e_pct,fold1/val_horizon_30_ega_zone_e_count,fold1/val_horizon_45_mae,fold1/val_horizon_45_rmse,fold1/val_horizon_45_mard,fold1/val_horizon_45_mape,fold1/val_horizon_45_r2,fold1/val_horizon_45_pearson,fold1/val_horizon_45_ega_zone_a_pct,fold1/val_horizon_45_ega_zone_a_count,fold1/val_horizon_45_ega_zone_b_pct,fold1/val_horizon_45_ega_zone_b_count,fold1/val_horizon_45_ega_zone_c_pct,fold1/val_horizon_45_ega_zone_c_count,fold1/val_horizon_45_ega_zone_d_pct,fold1/val_horizon_45_ega_zone_d_count,fold1/val_horizon_45_ega_zone_e_pct,fold1/val_horizon_45_ega_zone_e_count,fold1/val_horizon_60_mae,fold1/val_horizon_60_rmse,fold1/val_horizon_60_mard,fold1/val_horizon_60_mape,fold1/val_horizon_60_r2,fold1/val_horizon_60_pearson,fold1/val_horizon_60_ega_zone_a_pct,fold1/val_horizon_60_ega_zone_a_count,fold1/val_horizon_60_ega_zone_b_pct,fold1/val_horizon_60_ega_zone_b_count,fold1/val_horizon_60_ega_zone_c_pct,fold1/val_horizon_60_ega_zone_c_count,fold1/val_horizon_60_ega_zone_d_pct,fold1/val_horizon_60_ega_zone_d_count,fold1/val_horizon_60_ega_zone_e_pct,fold1/val_horizon_60_ega_zone_e_count,fold1/diag_horizon_curriculum_progress,fold1/diag_loss_horizon_weight_0,fold1/diag_loss_horizon_weight_1,fold1/diag_loss_horizon_weight_2,fold1/diag_loss_horizon_weight_3
1,0.2933836752252632,12.641589164733887,18.785541534423828,9.599925994873047,9.599925994873047,0.31888341903686523,0.580810546875,88.01985168457031,18625.0,11.980151176452637,2535.0,0.0,0.0,0.0,0.0,0.0,0.0,9.244261741638184,13.7386474609375,7.123251438140869,7.123251438140869,0.635617733001709,0.8211199045181274,94.2911148071289,4988.0,5.7088847160339355,302.0,0.0,0.0,0.0,0.0,0.0,0.0,12.339078903198242,18.20336151123047,9.449897766113281,9.449897766113281,0.3603249192237854,0.6109778881072998,88.63894653320312,4689.0,11.361059188842773,601.0,0.0,0.0,0.0,0.0,0.0,0.0,13.95549201965332,20.376346588134766,10.605741500854492,10.605741500854492,0.19871747493743896,0.4652934670448303,85.27410125732422,4511.0,14.725897789001465,779.0,0.0,0.0,0.0,0.0,0.0,0.0,15.027522087097168,21.82379913330078,11.220810890197754,11.220810890197754,0.08103597164154053,0.38251787424087524,83.87523651123047,4437.0,16.12476348876953,853.0,0.0,0.0,0.0,0.0,0.0,0.0,0.0,0.3333333432674408,0.28333333134651184,0.21666665375232697,0.1666666716337204
2,0.2492530044777,12.218581199645996,18.42269515991211,9.07175350189209,9.07175350189209,0.3449411988258362,0.6411728262901306,89.1587905883789,18866.0,10.84121036529541,2294.0,0.0,0.0,0.0,0.0,0.0,0.0,7.793650150299072,11.336742401123047,5.871532917022705,5.871532917022705,0.7518891096115112,0.891453742980957,97.31568908691406,5148.0,2.684309959411621,142.0,0.0,0.0,0.0,0.0,0.0,0.0,11.811684608459473,17.594282150268555,8.80193042755127,8.80193042755127,0.40241539478302,0.677473783493042,90.01890563964844,4762.0,9.981096267700195,528.0,0.0,0.0,0.0,0.0,0.0,0.0,14.025208473205566,20.682106018066406,10.383427619934082,10.383427619934082,0.17448961734771729,0.5070386528968811,86.14366912841797,4557.0,13.856331825256348,733.0,0.0,0.0,0.0,0.0,0.0,0.0,15.243782043457031,22.175498962402344,11.230121612548828,11.230121612548828,0.051178157329559326,0.40840181708335876,83.15689849853516,4399.0,16.84309959411621,891.0,0.0,0.0,0.0,0.0,0.0,0.0,0.07142857142857142,0.3245614171028137,0.2788847088813782,0.21998745203018188,0.17656642198562622
3,0.23925920432183903,12.175701141357422,18.298175811767578,9.044456481933594,9.044456481933594,0.35376644134521484,0.6537505388259888,89.2391357421875,18883.0,10.760869979858398,2277.0,0.0,0.0,0.0,0.0,0.0,0.0,7.528054237365723,10.667037963867188,5.7064619064331055,5.7064619064331055,0.7803369760513306,0.9041178822517395,97.9773178100586,5183.0,2.022684335708618,107.0,0.0,0.0,0.0,0.0,0.0,0.0,11.7330322265625,17.309524536132812,8.760438919067383,8.760438919067383,0.42160236835479736,0.6950403451919556,90.2457504272461,4774.0,9.754253387451172,516.0,0.0,0.0,0.0,0.0,0.0,0.0,14.085816383361816,20.71746253967285,10.4107027053833,10.4107027053833,0.17166471481323242,0.5187135934829712,85.82231140136719,4540.0,14.177693367004395,750.0,0.0,0.0,0.0,0.0,0.0,0.0,15.355904579162598,22.28618812561035,11.300224304199219,11.300224304199219,0.04168248176574707,0.4142610728740692,82.91114807128906,4386.0,17.08884620666504,904.0,0.0,0.0,0.0,0.0,0.0,0.0,0.14285714285714285,0.31578949093818665,0.2744360864162445,0.223308265209198,0.18646617233753204
4,0.23328157428964819,12.12551498413086,18.223360061645508,9.010087966918945,9.010087966918945,0.3590400815010071,0.6582103967666626,89.28638458251953,18893.0,10.713610649108887,2267.0,0.0,0.0,0.0,0.0,0.0,0.0,7.35182523727417,10.415546417236328,5.588025093078613,5.588025093078613,0.7905726432800293,0.9090774655342102,98.07183074951172,5188.0,1.9281662702560425,102.0,0.0,0.0,0.0,0.0,0.0,0.0,11.65278434753418,17.154136657714844,8.707261085510254,8.707261085510254,0.43194037675857544,0.7024148106575012,90.28355407714844,4776.0,9.716445922851562,514.0,0.0,0.0,0.0,0.0,0.0,0.0,14.096514701843262,20.681428909301758,10.420205116271973,10.420205116271973,0.17454367876052856,0.5224003791809082,85.78450012207031,4538.0,14.215500831604004,752.0,0.0,0.0,0.0,0.0,0.0,0.0,15.400936126708984,22.313533782958984,11.32486343383789,11.32486343383789,0.03932923078536987,0.41610538959503174,83.00567626953125,4391.0,16.99432945251465,899.0,0.0,0.0,0.0,0.0,0.0,0.0,0.21428571428571427,0.30701756477355957,0.26998746395111084,0.22662906348705292,0.19636592268943787
5,0.2268523749832299,12.191863059997559,18.284473419189453,9.045403480529785,9.045403480529785,0.35473376512527466,0.6600933074951172,89.20132446289062,18875.0,10.798677444458008,2285.0,0.0,0.0,0.0,0.0,0.0,0.0,7.339718341827393,10.339811325073242,5.574839115142822,5.574839115142822,0.793607234954834,0.9109236598014832,98.09073638916016,5189.0,1.9092626571655273,101.0,0.0,0.0,0.0,0.0,0.0,0.0,11.697139739990234,17.15618324279785,8.733713150024414,8.733713150024414,0.43180471658706665,0.70583176612854,90.49149322509766,4787.0,9.508506774902344,503.0,0.0,0.0,0.0,0.0,0.0,0.0,14.186605453491211,20.75760269165039,10.469382286071777,10.469382286071777,0.16845184564590454,0.5259223580360413,85.34971618652344,4515.0,14.650283813476562,775.0,0.0,0.0,0.0,0.0,0.0,0.0,15.543986320495605,22.475841522216797,11.403678894042969,11.403678894042969,0.025302648544311523,0.4164169132709503,82.87334442138672,4384.0,17.12665367126465,906.0,0.0,0.0,0.0,0.0,0.0,0.0,0.2857142857142857,0.2982456088066101,0.2655388414859772,0.22994986176490784,0.2062656730413437
6,0.2247658391877074,12.072915077209473,18.183568954467773,8.980230331420898,8.980230331420898,0.3618360161781311,0.6588325500488281,89.35728454589844,18908.0,10.642722129821777,2252.0,0.0,0.0,0.0,0.0,0.0,0.0,7.104129791259766,10.095952033996582,5.413898468017578,5.413898468017578,0.8032277822494507,0.9122925996780396,98.18525695800781,5194.0,1.8147448301315308,96.0,0.0,0.0,0.0,0.0,0.0,0.0,11.550605773925781,17.01668930053711,8.652504920959473,8.652504920959473,0.44100701808929443,0.7061262130737305,90.75614166259766,4801.0,9.243856430053711,489.0,0.0,0.0,0.0,0.0,0.0,0.0,14.142549514770508,20.694425582885742,10.464184761047363,10.464184761047363,0.17350584268569946,0.5235166549682617,85.48204040527344,4522.0,14.517958641052246,768.0,0.0,0.0,0.0,0.0,0.0,0.0,15.494370460510254,22.42350959777832,11.39033031463623,11.39033031463623,0.02983635663986206,0.4126504361629486,83.00567626953125,4391.0,16.99432945251465,899.0,0.0,0.0,0.0,0.0,0.0,0.0,0.35714285714285715,0.28947368264198303,0.2610902190208435,0.23327067494392395,0.2161654233932495
7,0.2183684941784202,12.323948860168457,18.441068649291992,9.152381896972656,9.152381896972656,0.34363389015197754,0.6505239009857178,89.01229095458984,18835.0,10.987712860107422,2325.0,0.0,0.0,0.0,0.0,0.0,0.0,7.275106906890869,10.287605285644531,5.531608581542969,5.531608581542969,0.7956861257553101,0.9095405340194702,98.12854766845703,5191.0,1.8714556694030762,99.0,0.0,0.0,0.0,0.0,0.0,0.0,11.794919967651367,17.25048065185547,8.819796562194824,8.819796562194824,0.4255415201187134,0.70008385181427,90.71833801269531,4799.0,9.28166389465332,491.0,0.0,0.0,0.0,0.0,0.0,0.0,14.410115242004395,20.962636947631836,10.648237228393555,10.648237228393555,0.15194344520568848,0.5123083591461182,84.933837890625,4493.0,15.066163063049316,797.0,0.0,0.0,0.0,0.0,0.0,0.0,15.81564998626709,22.747440338134766,11.60988712310791,11.60988712310791,0.001603841781616211,0.3970869481563568,82.2684326171875,4352.0,17.731569290161133,938.0,0.0,0.0,0.0,0.0,0.0,0.0,0.42857142857142855,0.28070175647735596,0.25664159655570984,0.23659147322177887,0.22606515884399414
8,0.21634083634666837,12.360968589782715,18.548431396484375,9.179815292358398,9.179815292358398,0.33596891164779663,0.6432468891143799,88.84215545654297,18799.0,11.157844543457031,2361.0,0.0,0.0,0.0,0.0,0.0,0.0,7.222147464752197,10.282732009887695,5.494004249572754,5.494004249572754,0.7958796620368958,0.9076513051986694,98.20416259765625,5195.0,1.7958412170410156,95.0,0.0,0.0,0.0,0.0,0.0,0.0,11.820310592651367,17.31926727294922,8.84262466430664,8.84262466430664,0.4209510087966919,0.6951470375061035,90.32136535644531,4778.0,9.678638458251953,512.0,0.0,0.0,0.0,0.0,0.0,0.0,14.480045318603516,21.104015350341797,10.702383041381836,10.702383041381836,0.14046567678451538,0.501075804233551,84.70699310302734,4481.0,15.293004989624023,809.0,0.0,0.0,0.0,0.0,0.0,0.0,15.921368598937988,22.915199279785156,11.680248260498047,11.680248260498047,-0.013176560401916504,0.3834567666053772,82.1361083984375,4345.0,17.863893508911133,945.0,0.0,0.0,0.0,0.0,0.0,0.0,0.5,0.2719298303127289,0.25219297409057617,0.2399122714996338,0.23596492409706116
9,0.2126513051988782,12.455249786376953,18.614463806152344,9.263895034790039,9.263895034790039,0.3312327265739441,0.6406940817832947,88.88468933105469,18808.0,11.115311622619629,2352.0,0.0,0.0,0.0,0.0,0.0,0.0,7.314432621002197,10.339492797851562,5.5623698234558105,5.5623698234558105,0.7936199307441711,0.9076499342918396,98.20416259765625,5195.0,1.7958412170410156,95.0,0.0,0.0,0.0,0.0,0.0,0.0,11.921306610107422,17.390424728393555,8.933095932006836,8.933095932006836,0.41618311405181885,0.6921903491020203,90.18903350830078,4771.0,9.81096363067627,519.0,0.0,0.0,0.0,0.0,0.0,0.0,14.580941200256348,21.16168785095215,10.796910285949707,10.796910285949707,0.13576149940490723,0.49774032831192017,84.83931732177734,4488.0,15.160679817199707,802.0,0.0,0.0,0.0,0.0,0.0,0.0,16.004318237304688,22.996610641479492,11.763205528259277,11.763205528259277,-0.020388364791870117,0.376370906829834,82.30623626708984,4354.0,17.693761825561523,936.0,0.0,0.0,0.0,0.0,0.0,0.0,0.5714285714285714,0.2631579041481018,0.2477443516254425,0.2432330846786499,0.24586467444896698
10,0.2060695269346285,12.552014350891113,18.68878746032715,9.348158836364746,9.348158836364746,0.32588160037994385,0.6350687742233276,88.65311431884766,18759.0,11.346880912780762,2401.0,0.0,0.0,0.0,0.0,0.0,0.0,7.253499507904053,10.252781867980957,5.528707027435303,5.528707027435303,0.7970669865608215,0.9072895646095276,98.31758117675781,5201.0,1.6824196577072144,89.0,0.0,0.0,0.0,0.0,0.0,0.0,12.008527755737305,17.444055557250977,9.010245323181152,9.010245323181152,0.41257673501968384,0.6882964372634888,90.03780364990234,4763.0,9.96219253540039,527.0,0.0,0.0,0.0,0.0,0.0,0.0,14.775076866149902,21.304649353027344,10.9549560546875,10.9549560546875,0.12404501438140869,0.4867120683193207,84.59356689453125,4475.0,15.406426429748535,815.0,0.0,0.0,0.0,0.0,0.0,0.0,16.170955657958984,23.103687286376953,11.898730278015137,11.898730278015137,-0.029912710189819336,0.36550331115722656,81.66351318359375,4320.0,18.336483001708984,970.0,0.0,0.0,0.0,0.0,0.0,0.0,0.6428571428571429,0.25438597798347473,0.24329572916030884,0.24655388295650482,0.2557644248008728
11,0.20251205772904082,12.676627159118652,18.868213653564453,9.42431926727295,9.42431926727295,0.31287527084350586,0.6290686130523682,88.3081283569336,18686.0,11.691871643066406,2474.0,0.0,0.0,0.0,0.0,0.0,0.0,7.272953033447266,10.329648971557617,5.527207851409912,5.527207851409912,0.794012725353241,0.9070038795471191,98.22306060791016,5196.0,1.7769376039505005,94.0,0.0,0.0,0.0,0.0,0.0,0.0,12.09801197052002,17.59321403503418,9.057278633117676,9.057278633117676,0.4024880528450012,0.6842456459999084,89.69754028320312,4745.0,10.302456855773926,545.0,0.0,0.0,0.0,0.0,0.0,0.0,14.965885162353516,21.513065338134766,11.081138610839844,11.081138610839844,0.10682278871536255,0.4770117700099945,84.23440551757812,4456.0,15.765595436096191,834.0,0.0,0.0,0.0,0.0,0.0,0.0,16.369661331176758,23.345306396484375,12.031648635864258,12.031648635864258,-0.05156707763671875,0.3496062159538269,81.07750701904297,4289.0,18.922496795654297,1001.0,0.0,0.0,0.0,0.0,0.0,0.0,0.7142857142857143,0.24561403691768646,0.23884710669517517,0.24987469613552094,0.26566416025161743
12,0.1991291647989638,12.851909637451172,19.059371948242188,9.584725379943848,9.584725379943848,0.29888200759887695,0.6174598336219788,87.92060852050781,18604.0,12.079395294189453,2556.0,0.0,0.0,0.0,0.0,0.0,0.0,7.425429821014404,10.460505485534668,5.649478912353516,5.649478912353516,0.788760781288147,0.9044179320335388,98.2608642578125,5198.0,1.7391303777694702,92.0,0.0,0.0,0.0,0.0,0.0,0.0,12.271560668945312,17.76437759399414,9.210309028625488,9.210309028625488,0.39080512523651123,0.6752395033836365,89.30056762695312,4724.0,10.699433326721191,566.0,0.0,0.0,0.0,0.0,0.0,0.0,15.173165321350098,21.746601104736328,11.27570915222168,11.27570915222168,0.0873258113861084,0.4590560495853424,83.7618179321289,4431.0,16.23818588256836,859.0,0.0,0.0,0.0,0.0,0.0,0.0,16.53748321533203,23.56117057800293,12.20340347290039,12.20340347290039,-0.07110381126403809,0.3272082209587097,80.35916900634766,4251.0,19.640830993652344,1039.0,0.0,0.0,0.0,0.0,0.0,0.0,0.7857142857142857,0.23684212565422058,0.2343984991312027,0.25319552421569824,0.27556392550468445
13,0.19353990359229034,13.012228012084961,19.241077423095703,9.721413612365723,9.721413612365723,0.2854498624801636,0.6099875569343567,87.80718231201172,18580.0,12.192816734313965,2580.0,0.0,0.0,0.0,0.0,0.0,0.0,7.447127342224121,10.503735542297363,5.670871734619141,5.670871734619141,0.7870111465454102,0.9023658037185669,98.12854766845703,5191.0,1.8714556694030762,99.0,0.0,0.0,0.0,0.0,0.0,0.0,12.480307579040527,17.97900390625,9.379460334777832,9.379460334777832,0.3759957551956177,0.666405975818634,89.2060546875,4719.0,10.793951034545898,571.0,0.0,0.0,0.0,0.0,0.0,0.0,15.370259284973145,21.960559844970703,11.444987297058105,11.444987297058105,0.06927835941314697,0.45021313428878784,83.7051010131836,4428.0,16.294897079467773,862.0,0.0,0.0,0.0,0.0,0.0,0.0,16.751216888427734,23.770505905151367,12.390335083007812,12.390335083007812,-0.09022140502929688,0.3227917551994324,80.18904113769531,4242.0,19.810964584350586,1048.0,0.0,0.0,0.0,0.0,0.0,0.0,0.8571428571428571,0.22807016968727112,0.22994986176490784,0.25651630759239197,0.2854636609554291
14,0.18892825539884153,13.190649032592773,19.433813095092773,9.869187355041504,9.869187355041504,0.271062970161438,0.600337564945221,87.58979797363281,18534.0,12.410207748413086,2626.0,0.0,0.0,0.0,0.0,0.0,0.0,7.484297275543213,10.495234489440918,5.71225643157959,5.71225643157959,0.7873557806015015,0.90284663438797,98.07183074951172,5188.0,1.9281662702560425,102.0,0.0,0.0,0.0,0.0,0.0,0.0,12.644312858581543,18.153369903564453,9.5040922164917,9.5040922164917,0.36383354663848877,0.6587337851524353,89.11153411865234,4714.0,10.888468742370605,576.0,0.0,0.0,0.0,0.0,0.0,0.0,15.606456756591797,22.209308624267578,11.635875701904297,11.635875701904297,0.048074185848236084,0.43363019824028015,83.42155456542969,4413.0,16.578449249267578,877.0,0.0,0.0,0.0,0.0,0.0,0.0,17.027524948120117,24.036306381225586,12.624521255493164,12.624521255493164,-0.1147392988204956,0.30196067690849304,79.7542495727539,4219.0,20.245746612548828,1071.0,0.0,0.0,0.0,0.0,0.0,0.0,0.9285714285714286,0.21929824352264404,0.22550123929977417,0.2598370909690857,0.2953633964061737
step,fold1/test_loss,fold1/test_mae,fold1/test_rmse,fold1/test_mard,fold1/test_mape,fold1/test_r2,fold1/test_pearson,fold1/test_ega_zone_a_pct,fold1/test_ega_zone_a_count,fold1/test_ega_zone_b_pct,fold1/test_ega_zone_b_count,fold1/test_ega_zone_c_pct,fold1/test_ega_zone_c_count,fold1/test_ega_zone_d_pct,fold1/test_ega_zone_d_count,fold1/test_ega_zone_e_pct,fold1/test_ega_zone_e_count,fold1/test_horizon_15_mae,fold1/test_horizon_15_rmse,fold1/test_horizon_15_mard,fold1/test_horizon_15_mape,fold1/test_horizon_15_r2,fold1/test_horizon_15_pearson,fold1/test_horizon_15_ega_zone_a_pct,fold1/test_horizon_15_ega_zone_a_count,fold1/test_horizon_15_ega_zone_b_pct,fold1/test_horizon_15_ega_zone_b_count,fold1/test_horizon_15_ega_zone_c_pct,fold1/test_horizon_15_ega_zone_c_count,fold1/test_horizon_15_ega_zone_d_pct,fold1/test_horizon_15_ega_zone_d_count,fold1/test_horizon_15_ega_zone_e_pct,fold1/test_horizon_15_ega_zone_e_count,fold1/test_horizon_30_mae,fold1/test_horizon_30_rmse,fold1/test_horizon_30_mard,fold1/test_horizon_30_mape,fold1/test_horizon_30_r2,fold1/test_horizon_30_pearson,fold1/test_horizon_30_ega_zone_a_pct,fold1/test_horizon_30_ega_zone_a_count,fold1/test_horizon_30_ega_zone_b_pct,fold1/test_horizon_30_ega_zone_b_count,fold1/test_horizon_30_ega_zone_c_pct,fold1/test_horizon_30_ega_zone_c_count,fold1/test_horizon_30_ega_zone_d_pct,fold1/test_horizon_30_ega_zone_d_count,fold1/test_horizon_30_ega_zone_e_pct,fold1/test_horizon_30_ega_zone_e_count,fold1/test_horizon_45_mae,fold1/test_horizon_45_rmse,fold1/test_horizon_45_mard,fold1/test_horizon_45_mape,fold1/test_horizon_45_r2,fold1/test_horizon_45_pearson,fold1/test_horizon_45_ega_zone_a_pct,fold1/test_horizon_45_ega_zone_a_count,fold1/test_horizon_45_ega_zone_b_pct,fold1/test_horizon_45_ega_zone_b_count,fold1/test_horizon_45_ega_zone_c_pct,fold1/test_horizon_45_ega_zone_c_count,fold1/test_horizon_45_ega_zone_d_pct,fold1/test_horizon_45_ega_zone_d_count,fold1/test_horizon_45_ega_zone_e_pct,fold1/test_horizon_45_ega_zone_e_count,fold1/test_horizon_60_mae,fold1/test_horizon_60_rmse,fold1/test_horizon_60_mard,fold1/test_horizon_60_mape,fold1/test_horizon_60_r2,fold1/test_horizon_60_pearson,fold1/test_horizon_60_ega_zone_a_pct,fold1/test_horizon_60_ega_zone_a_count,fold1/test_horizon_60_ega_zone_b_pct,fold1/test_horizon_60_ega_zone_b_count,fold1/test_horizon_60_ega_zone_c_pct,fold1/test_horizon_60_ega_zone_c_count,fold1/test_horizon_60_ega_zone_d_pct,fold1/test_horizon_60_ega_zone_d_count,fold1/test_horizon_60_ega_zone_e_pct,fold1/test_horizon_60_ega_zone_e_count
0,0.19981949388850867,8.382320404052734,11.54101848602295,7.91159725189209,7.91159725189209,0.4828970432281494,0.7014645934104919,93.89312744140625,6888.0,5.997818946838379,440.0,0.0,0.0,0.10905124992132187,8.0,0.0,0.0,5.267030715942383,7.368513107299805,4.978647708892822,4.978647708892822,0.7869002819061279,0.8892210125923157,98.63685607910156,1809.0,1.2540894746780396,23.0,0.0,0.0,0.10905124992132187,2.0,0.0,0.0,8.213837623596191,11.481228828430176,7.754447937011719,7.754447937011719,0.4863470792770386,0.7040247917175293,93.6750259399414,1718.0,6.215921401977539,114.0,0.0,0.0,0.10905124992132187,2.0,0.0,0.0,9.582165718078613,12.87513256072998,9.042390823364258,9.042390823364258,0.35873717069625854,0.6103920936584473,92.3118896484375,1693.0,7.579061985015869,139.0,0.0,0.0,0.10905124992132187,2.0,0.0,0.0,10.466246604919434,13.449824333190918,9.870903015136719,9.870903015136719,0.3052957057952881,0.5667017698287964,90.94874572753906,1668.0,8.9422025680542,164.0,0.0,0.0,0.10905124992132187,2.0,0.0,0.0
step,fold2/train_loss,fold2/val_mae,fold2/val_rmse,fold2/val_mard,fold2/val_mape,fold2/val_r2,fold2/val_pearson,fold2/val_ega_zone_a_pct,fold2/val_ega_zone_a_count,fold2/val_ega_zone_b_pct,fold2/val_ega_zone_b_count,fold2/val_ega_zone_c_pct,fold2/val_ega_zone_c_count,fold2/val_ega_zone_d_pct,fold2/val_ega_zone_d_count,fold2/val_ega_zone_e_pct,fold2/val_ega_zone_e_count,fold2/val_horizon_15_mae,fold2/val_horizon_15_rmse,fold2/val_horizon_15_mard,fold2/val_horizon_15_mape,fold2/val_horizon_15_r2,fold2/val_horizon_15_pearson,fold2/val_horizon_15_ega_zone_a_pct,fold2/val_horizon_15_ega_zone_a_count,fold2/val_horizon_15_ega_zone_b_pct,fold2/val_horizon_15_ega_zone_b_count,fold2/val_horizon_15_ega_zone_c_pct,fold2/val_horizon_15_ega_zone_c_count,fold2/val_horizon_15_ega_zone_d_pct,fold2/val_horizon_15_ega_zone_d_count,fold2/val_horizon_15_ega_zone_e_pct,fold2/val_horizon_15_ega_zone_e_count,fold2/val_horizon_30_mae,fold2/val_horizon_30_rmse,fold2/val_horizon_30_mard,fold2/val_horizon_30_mape,fold2/val_horizon_30_r2,fold2/val_horizon_30_pearson,fold2/val_horizon_30_ega_zone_a_pct,fold2/val_horizon_30_ega_zone_a_count,fold2/val_horizon_30_ega_zone_b_pct,fold2/val_horizon_30_ega_zone_b_count,fold2/val_horizon_30_ega_zone_c_pct,fold2/val_horizon_30_ega_zone_c_count,fold2/val_horizon_30_ega_zone_d_pct,fold2/val_horizon_30_ega_zone_d_count,fold2/val_horizon_30_ega_zone_e_pct,fold2/val_horizon_30_ega_zone_e_count,fold2/val_horizon_45_mae,fold2/val_horizon_45_rmse,fold2/val_horizon_45_mard,fold2/val_horizon_45_mape,fold2/val_horizon_45_r2,fold2/val_horizon_45_pearson,fold2/val_horizon_45_ega_zone_a_pct,fold2/val_horizon_45_ega_zone_a_count,fold2/val_horizon_45_ega_zone_b_pct,fold2/val_horizon_45_ega_zone_b_count,fold2/val_horizon_45_ega_zone_c_pct,fold2/val_horizon_45_ega_zone_c_count,fold2/val_horizon_45_ega_zone_d_pct,fold2/val_horizon_45_ega_zone_d_count,fold2/val_horizon_45_ega_zone_e_pct,fold2/val_horizon_45_ega_zone_e_count,fold2/val_horizon_60_mae,fold2/val_horizon_60_rmse,fold2/val_horizon_60_mard,fold2/val_horizon_60_mape,fold2/val_horizon_60_r2,fold2/val_horizon_60_pearson,fold2/val_horizon_60_ega_zone_a_pct,fold2/val_horizon_60_ega_zone_a_count,fold2/val_horizon_60_ega_zone_b_pct,fold2/val_horizon_60_ega_zone_b_count,fold2/val_horizon_60_ega_zone_c_pct,fold2/val_horizon_60_ega_zone_c_count,fold2/val_horizon_60_ega_zone_d_pct,fold2/val_horizon_60_ega_zone_d_count,fold2/val_horizon_60_ega_zone_e_pct,fold2/val_horizon_60_ega_zone_e_count,fold2/diag_horizon_curriculum_progress,fold2/diag_loss_horizon_weight_0,fold2/diag_loss_horizon_weight_1,fold2/diag_loss_horizon_weight_2,fold2/diag_loss_horizon_weight_3
1,0.2799956055248485,13.616735458374023,20.02226448059082,12.672090530395508,12.672090530395508,0.2895347476005554,0.5591521859169006,82.16242218017578,13800.0,16.009763717651367,2689.0,0.0,0.0,1.827816128730774,307.0,0.0,0.0,10.875511169433594,15.186042785644531,10.187814712524414,10.187814712524414,0.5938124656677246,0.8062375783920288,88.3543701171875,3710.0,9.883305549621582,415.0,0.0,0.0,1.762324333190918,74.0,0.0,0.0,13.271286010742188,19.28750228881836,12.302780151367188,12.302780151367188,0.34284961223602295,0.6043621301651001,82.11479187011719,3448.0,16.051441192626953,674.0,0.0,0.0,1.8337699174880981,77.0,0.0,0.0,14.69327449798584,21.61383056640625,13.665864944458008,13.665864944458008,0.16942650079727173,0.440917044878006,80.01905059814453,3360.0,18.09954833984375,760.0,0.0,0.0,1.8814003467559814,79.0,0.0,0.0,15.626875877380371,23.103740692138672,14.531896591186523,14.531896591186523,0.04810243844985962,0.31213313341140747,78.16146850585938,3282.0,20.004762649536133,840.0,0.0,0.0,1.8337699174880981,77.0,0.0,0.0,0.0,0.3333333432674408,0.28333333134651184,0.21666665375232697,0.1666666716337204
2,0.24309417906250855,11.496219635009766,18.242698669433594,10.38724136352539,10.38724136352539,0.4102137088775635,0.6408486366271973,86.13955688476562,14468.0,12.098118782043457,2032.0,0.0,0.0,1.762324333190918,296.0,0.0,0.0,7.6941328048706055,11.60998821258545,7.052488803863525,7.052488803863525,0.7625889778137207,0.8808533549308777,93.40319061279297,3922.0,5.072636127471924,213.0,0.0,0.0,1.5241724252700806,64.0,0.0,0.0,11.21651840209961,17.1637020111084,10.129021644592285,10.129021644592285,0.479603111743927,0.6944451928138733,86.59204864501953,3636.0,11.597999572753906,487.0,0.0,0.0,1.8099548816680908,76.0,0.0,0.0,12.997483253479004,20.27008056640625,11.711044311523438,11.711044311523438,0.26949113607406616,0.5205339193344116,82.7816162109375,3476.0,15.336984634399414,644.0,0.0,0.0,1.8814003467559814,79.0,0.0,0.0,14.076744079589844,22.15679931640625,12.656410217285156,12.656410217285156,0.12453317642211914,0.3740566074848175,81.7813720703125,3434.0,16.38485336303711,688.0,0.0,0.0,1.8337699174880981,77.0,0.0,0.0,0.07142857142857142,0.3245614171028137,0.2788847088813782,0.21998745203018188,0.17656642198562622
3,0.23578139275482077,11.215731620788574,17.839393615722656,10.106151580810547,10.106151580810547,0.4360032081604004,0.6613845825195312,86.7825698852539,14576.0,11.514646530151367,1934.0,0.0,0.0,1.7027864456176758,286.0,0.0,0.0,7.3264617919921875,10.941651344299316,6.7052154541015625,6.7052154541015625,0.7891356945037842,0.8933854699134827,94.54631805419922,3970.0,4.048583030700684,170.0,0.0,0.0,1.405096411705017,59.0,0.0,0.0,10.940820693969727,16.69872283935547,9.84455394744873,9.84455394744873,0.5074170827865601,0.7139111161231995,86.85401153564453,3647.0,11.431293487548828,480.0,0.0,0.0,1.7146939039230347,72.0,0.0,0.0,12.757139205932617,19.900787353515625,11.460339546203613,11.460339546203613,0.29586637020111084,0.5471619963645935,83.73422241210938,3516.0,14.408191680908203,605.0,0.0,0.0,1.857585072517395,78.0,0.0,0.0,13.83850383758545,21.871612548828125,12.41450023651123,12.41450023651123,0.14692509174346924,0.40385761857032776,81.99571228027344,3443.0,16.170516967773438,679.0,0.0,0.0,1.8337699174880981,77.0,0.0,0.0,0.14285714285714285,0.31578949093818665,0.2744360864162445,0.223308265209198,0.18646617233753204
4,0.2223745070440267,11.052677154541016,17.670883178710938,9.906266212463379,9.906266212463379,0.44660788774490356,0.6712519526481628,86.72303009033203,14566.0,11.6456298828125,1956.0,0.0,0.0,1.631340742111206,274.0,0.0,0.0,7.048147201538086,10.522686004638672,6.428694725036621,6.428694725036621,0.8049749135971069,0.9006209373474121,94.9273681640625,3986.0,3.8580615520477295,162.0,0.0,0.0,1.214574933052063,51.0,0.0,0.0,10.829386711120605,16.497867584228516,9.71292781829834,9.71292781829834,0.519195556640625,0.7230215072631836,87.09217071533203,3657.0,11.264586448669434,473.0,0.0,0.0,1.643248438835144,69.0,0.0,0.0,12.64847469329834,19.794275283813477,11.297609329223633,11.297609329223633,0.303383469581604,0.5571204423904419,83.30554962158203,3498.0,14.86068058013916,624.0,0.0,0.0,1.8337699174880981,77.0,0.0,0.0,13.684701919555664,21.778900146484375,12.185832023620605,12.185832023620605,0.15414202213287354,0.4161906838417053,81.5670394897461,3425.0,16.59918975830078,697.0,0.0,0.0,1.8337699174880981,77.0,0.0,0.0,0.21428571428571427,0.30701756477355957,0.26998746395111084,0.22662906348705292,0.19636592268943787
5,0.2189221357711126,11.05260181427002,17.64073371887207,9.884261131286621,9.884261131286621,0.44849467277526855,0.6736871004104614,86.69921112060547,14562.0,11.705167770385742,1966.0,0.0,0.0,1.5956180095672607,268.0,0.0,0.0,7.011199951171875,10.383676528930664,6.401270866394043,6.401270866394043,0.8100935816764832,0.9028828144073486,95.16551208496094,3996.0,3.6913552284240723,155.0,0.0,0.0,1.1431293487548828,48.0,0.0,0.0,10.859380722045898,16.44662857055664,9.724583625793457,9.724583625793457,0.5221775770187378,0.7257119417190552,86.92546081542969,3650.0,11.455108642578125,481.0,0.0,0.0,1.6194332838058472,68.0,0.0,0.0,12.663932800292969,19.795923233032227,11.278748512268066,11.278748512268066,0.3032674193382263,0.5592407584190369,83.21028900146484,3494.0,15.003572463989258,630.0,0.0,0.0,1.7861396074295044,75.0,0.0,0.0,13.675891876220703,21.785106658935547,12.132442474365234,12.132442474365234,0.15365982055664062,0.4177537262439728,81.49559783935547,3422.0,16.670635223388672,700.0,0.0,0.0,1.8337699174880981,77.0,0.0,0.0,0.2857142857142857,0.2982456088066101,0.2655388414859772,0.22994986176490784,0.2062656730413437
6,0.21294295417968417,11.098491668701172,17.667724609375,9.901167869567871,9.901167869567871,0.4468057155609131,0.6730695366859436,86.68730926513672,14560.0,11.770659446716309,1977.0,0.0,0.0,1.5420337915420532,259.0,0.0,0.0,7.02501106262207,10.375389099121094,6.389742374420166,6.389742374420166,0.8103966116905212,0.9026712775230408,95.33222198486328,4003.0,3.6675398349761963,154.0,0.0,0.0,1.000238060951233,42.0,0.0,0.0,10.922104835510254,16.49715805053711,9.769428253173828,9.769428253173828,0.5192369222640991,0.7235730290412903,86.99691009521484,3653.0,11.431293487548828,480.0,0.0,0.0,1.5718028545379639,66.0,0.0,0.0,12.732050895690918,19.838407516479492,11.321261405944824,11.321261405944824,0.30027371644973755,0.5581502318382263,83.18647003173828,3493.0,15.051202774047852,632.0,0.0,0.0,1.762324333190918,74.0,0.0,0.0,13.714798927307129,21.799692153930664,12.124246597290039,12.124246597290039,0.15252608060836792,0.42041823267936707,81.23362731933594,3411.0,16.93260383605957,711.0,0.0,0.0,1.8337699174880981,77.0,0.0,0.0,0.35714285714285715,0.28947368264198303,0.2610902190208435,0.23327067494392395,0.2161654233932495
7,0.2108709894841717,11.18856430053711,17.804004669189453,9.955713272094727,9.955713272094727,0.43823856115341187,0.6683973073959351,86.60990905761719,14547.0,11.883781433105469,1996.0,0.0,0.0,1.5063109397888184,253.0,0.0,0.0,7.067599773406982,10.436483383178711,6.417564868927002,6.417564868927002,0.8081570863723755,0.9018730521202087,95.21314239501953,3998.0,3.8580615520477295,162.0,0.0,0.0,0.9287925362586975,39.0,0.0,0.0,11.011509895324707,16.620460510253906,9.819758415222168,9.819758415222168,0.5120235085487366,0.7198801636695862,87.02072143554688,3654.0,11.431293487548828,480.0,0.0,0.0,1.5479875802993774,65.0,0.0,0.0,12.86230754852295,20.01236343383789,11.40046215057373,11.40046215057373,0.2879486083984375,0.5510168671607971,82.94831848144531,3483.0,15.313169479370117,643.0,0.0,0.0,1.738509178161621,73.0,0.0,0.0,13.812841415405273,21.960779190063477,12.185070991516113,12.185070991516113,0.13995516300201416,0.41418227553367615,81.2574462890625,3412.0,16.93260383605957,711.0,0.0,0.0,1.8099548816680908,76.0,0.0,0.0,0.42857142857142855,0.28070175647735596,0.25664159655570984,0.23659147322177887,0.22606515884399414
8,0.2078390517090032,11.305377960205078,17.834218978881836,10.073016166687012,10.073016166687012,0.43633031845092773,0.6666001677513123,86.41938781738281,14515.0,12.127887725830078,2037.0,0.0,0.0,1.4527268409729004,244.0,0.0,0.0,7.07047176361084,10.430073738098145,6.430088043212891,6.430088043212891,0.8083927035331726,0.9008800983428955,95.42748260498047,4007.0,3.786616086959839,159.0,0.0,0.0,0.7859014272689819,33.0,0.0,0.0,11.126654624938965,16.689964294433594,9.928797721862793,9.928797721862793,0.5079336762428284,0.7166035771369934,86.52059936523438,3633.0,12.00285816192627,504.0,0.0,0.0,1.4765419960021973,62.0,0.0,0.0,13.031286239624023,20.061155319213867,11.5665864944458,11.5665864944458,0.28447234630584717,0.5486029386520386,82.75779724121094,3475.0,15.503690719604492,651.0,0.0,0.0,1.738509178161621,73.0,0.0,0.0,13.993097305297852,21.964658737182617,12.366589546203613,12.366589546203613,0.13965129852294922,0.4165862500667572,80.9716567993164,3400.0,17.218385696411133,723.0,0.0,0.0,1.8099548816680908,76.0,0.0,0.0,0.5,0.2719298303127289,0.25219297409057617,0.2399122714996338,0.23596492409706116
9,0.20516757356034737,11.448090553283691,18.030488967895508,10.19191837310791,10.19191837310791,0.4238554835319519,0.6589324474334717,86.13360595703125,14467.0,12.425577163696289,2087.0,0.0,0.0,1.440819263458252,242.0,0.0,0.0,7.149575710296631,10.518513679504395,6.500768661499023,6.500768661499023,0.8051295280456543,0.8989752531051636,95.4036636352539,4006.0,3.71517014503479,156.0,0.0,0.0,0.881162166595459,37.0,0.0,0.0,11.26034927368164,16.84188461303711,10.041077613830566,10.041077613830566,0.498934805393219,0.7112331986427307,86.59204864501953,3636.0,12.00285816192627,504.0,0.0,0.0,1.405096411705017,59.0,0.0,0.0,13.210620880126953,20.317705154418945,11.713411331176758,11.713411331176758,0.26605433225631714,0.5362826585769653,82.37675476074219,3459.0,15.95617961883545,670.0,0.0,0.0,1.6670634746551514,70.0,0.0,0.0,14.171817779541016,22.210281372070312,12.51241397857666,12.51241397857666,0.12030178308486938,0.4027291536331177,80.16194152832031,3366.0,18.028100967407227,757.0,0.0,0.0,1.8099548816680908,76.0,0.0,0.0,0.5714285714285714,0.2631579041481018,0.2477443516254425,0.2432330846786499,0.24586467444896698
10,0.20077267975124055,11.58084774017334,18.067684173583984,10.327086448669434,10.327086448669434,0.421475887298584,0.6572068929672241,85.87163543701172,14423.0,12.687544822692871,2131.0,0.0,0.0,1.440819263458252,242.0,0.0,0.0,7.165327548980713,10.48756217956543,6.5342278480529785,6.5342278480529785,0.8062746524810791,0.8986088037490845,94.99880981445312,3989.0,4.096213340759277,172.0,0.0,0.0,0.9049774408340454,38.0,0.0,0.0,11.408761024475098,16.88349723815918,10.185005187988281,10.185005187988281,0.4964557886123657,0.7091564536094666,86.330078125,3625.0,12.312455177307129,517.0,0.0,0.0,1.3574661016464233,57.0,0.0,0.0,13.411494255065918,20.382394790649414,11.902792930603027,11.902792930603027,0.26137328147888184,0.5334205627441406,81.92426300048828,3440.0,16.38485336303711,688.0,0.0,0.0,1.6908787488937378,71.0,0.0,0.0,14.337809562683105,22.254920959472656,12.686321258544922,12.686321258544922,0.11676210165023804,0.40004807710647583,80.23339080810547,3369.0,17.956655502319336,754.0,0.0,0.0,1.8099548816680908,76.0,0.0,0.0,0.6428571428571429,0.25438597798347473,0.24329572916030884,0.24655388295650482,0.2557644248008728
11,0.1981314353121752,11.498312950134277,17.95835304260254,10.247300148010254,10.247300148010254,0.42845618724823,0.6623294949531555,86.12169647216797,14465.0,12.419624328613281,2086.0,0.0,0.0,1.4586806297302246,245.0,0.0,0.0,7.1091790199279785,10.467183113098145,6.481016635894775,6.481016635894775,0.8070268034934998,0.8992613554000854,95.16551208496094,3996.0,3.8818764686584473,163.0,0.0,0.0,0.9526077508926392,40.0,0.0,0.0,11.30434513092041,16.802011489868164,10.09244155883789,10.09244155883789,0.501304566860199,0.7126170992851257,86.49678039550781,3632.0,12.098118782043457,508.0,0.0,0.0,1.405096411705017,59.0,0.0,0.0,13.324138641357422,20.251251220703125,11.823572158813477,11.823572158813477,0.2708476185798645,0.5414639711380005,82.30531311035156,3456.0,16.027624130249023,673.0,0.0,0.0,1.6670634746551514,70.0,0.0,0.0,14.255593299865723,22.091339111328125,12.592167854309082,12.592167854309082,0.12969869375228882,0.41310152411460876,80.51917266845703,3381.0,17.670873641967773,742.0,0.0,0.0,1.8099548816680908,76.0,0.0,0.0,0.7142857142857143,0.24561403691768646,0.23884710669517517,0.24987469613552094,0.26566416025161743
12,0.19379242990003365,11.73238754272461,18.221742630004883,10.438828468322754,10.438828468322754,0.4115679860115051,0.6521601676940918,85.59180450439453,14376.0,12.979280471801758,2180.0,0.0,0.0,1.4289116859436035,240.0,0.0,0.0,7.255684852600098,10.684624671936035,6.586854934692383,6.586854934692383,0.7989259958267212,0.8948327898979187,95.07025146484375,3992.0,4.048583030700684,170.0,0.0,0.0,0.881162166595459,37.0,0.0,0.0,11.497384071350098,17.027156829833984,10.24752140045166,10.24752140045166,0.4878501296043396,0.704598069190979,86.18718719482422,3619.0,12.479161262512207,524.0,0.0,0.0,1.333650827407837,56.0,0.0,0.0,13.615288734436035,20.552478790283203,12.069674491882324,12.069674491882324,0.24899476766586304,0.5277315378189087,81.49559783935547,3422.0,16.813526153564453,706.0,0.0,0.0,1.6908787488937378,71.0,0.0,0.0,14.561195373535156,22.397275924682617,12.851263999938965,12.851263999938965,0.10542649030685425,0.39797165989875793,79.61418914794922,3343.0,18.575851440429688,780.0,0.0,0.0,1.8099548816680908,76.0,0.0,0.0,0.7857142857142857,0.23684212565422058,0.2343984991312027,0.25319552421569824,0.27556392550468445
13,0.189650507251497,11.887506484985352,18.556398391723633,10.568859100341797,10.568859100341797,0.3897555470466614,0.6393362283706665,85.1988525390625,14310.0,13.407954216003418,2252.0,0.0,0.0,1.3931888341903687,234.0,0.0,0.0,7.323439121246338,10.899229049682617,6.619654655456543,6.619654655456543,0.7907676696777344,0.8903958797454834,94.66539764404297,3975.0,4.5248870849609375,190.0,0.0,0.0,0.8097166419029236,34.0,0.0,0.0,11.661870956420898,17.382400512695312,10.36818790435791,10.36818790435791,0.46625685691833496,0.6916677355766296,85.87759399414062,3606.0,12.764944076538086,536.0,0.0,0.0,1.3574661016464233,57.0,0.0,0.0,13.812247276306152,20.941011428833008,12.242476463317871,12.242476463317871,0.22033172845840454,0.510731041431427,80.99547576904297,3401.0,17.31364631652832,727.0,0.0,0.0,1.6908787488937378,71.0,0.0,0.0,14.752471923828125,22.75725555419922,13.04511547088623,13.04511547088623,0.0764394998550415,0.3801688551902771,79.25696563720703,3328.0,19.028339385986328,799.0,0.0,0.0,1.7146939039230347,72.0,0.0,0.0,0.8571428571428571,0.22807016968727112,0.22994986176490784,0.25651630759239197,0.2854636609554291
step,fold2/test_loss,fold2/test_mae,fold2/test_rmse,fold2/test_mard,fold2/test_mape,fold2/test_r2,fold2/test_pearson,fold2/test_ega_zone_a_pct,fold2/test_ega_zone_a_count,fold2/test_ega_zone_b_pct,fold2/test_ega_zone_b_count,fold2/test_ega_zone_c_pct,fold2/test_ega_zone_c_count,fold2/test_ega_zone_d_pct,fold2/test_ega_zone_d_count,fold2/test_ega_zone_e_pct,fold2/test_ega_zone_e_count,fold2/test_horizon_15_mae,fold2/test_horizon_15_rmse,fold2/test_horizon_15_mard,fold2/test_horizon_15_mape,fold2/test_horizon_15_r2,fold2/test_horizon_15_pearson,fold2/test_horizon_15_ega_zone_a_pct,fold2/test_horizon_15_ega_zone_a_count,fold2/test_horizon_15_ega_zone_b_pct,fold2/test_horizon_15_ega_zone_b_count,fold2/test_horizon_15_ega_zone_c_pct,fold2/test_horizon_15_ega_zone_c_count,fold2/test_horizon_15_ega_zone_d_pct,fold2/test_horizon_15_ega_zone_d_count,fold2/test_horizon_15_ega_zone_e_pct,fold2/test_horizon_15_ega_zone_e_count,fold2/test_horizon_30_mae,fold2/test_horizon_30_rmse,fold2/test_horizon_30_mard,fold2/test_horizon_30_mape,fold2/test_horizon_30_r2,fold2/test_horizon_30_pearson,fold2/test_horizon_30_ega_zone_a_pct,fold2/test_horizon_30_ega_zone_a_count,fold2/test_horizon_30_ega_zone_b_pct,fold2/test_horizon_30_ega_zone_b_count,fold2/test_horizon_30_ega_zone_c_pct,fold2/test_horizon_30_ega_zone_c_count,fold2/test_horizon_30_ega_zone_d_pct,fold2/test_horizon_30_ega_zone_d_count,fold2/test_horizon_30_ega_zone_e_pct,fold2/test_horizon_30_ega_zone_e_count,fold2/test_horizon_45_mae,fold2/test_horizon_45_rmse,fold2/test_horizon_45_mard,fold2/test_horizon_45_mape,fold2/test_horizon_45_r2,fold2/test_horizon_45_pearson,fold2/test_horizon_45_ega_zone_a_pct,fold2/test_horizon_45_ega_zone_a_count,fold2/test_horizon_45_ega_zone_b_pct,fold2/test_horizon_45_ega_zone_b_count,fold2/test_horizon_45_ega_zone_c_pct,fold2/test_horizon_45_ega_zone_c_count,fold2/test_horizon_45_ega_zone_d_pct,fold2/test_horizon_45_ega_zone_d_count,fold2/test_horizon_45_ega_zone_e_pct,fold2/test_horizon_45_ega_zone_e_count,fold2/test_horizon_60_mae,fold2/test_horizon_60_rmse,fold2/test_horizon_60_mard,fold2/test_horizon_60_mape,fold2/test_horizon_60_r2,fold2/test_horizon_60_pearson,fold2/test_horizon_60_ega_zone_a_pct,fold2/test_horizon_60_ega_zone_a_count,fold2/test_horizon_60_ega_zone_b_pct,fold2/test_horizon_60_ega_zone_b_count,fold2/test_horizon_60_ega_zone_c_pct,fold2/test_horizon_60_ega_zone_c_count,fold2/test_horizon_60_ega_zone_d_pct,fold2/test_horizon_60_ega_zone_d_count,fold2/test_horizon_60_ega_zone_e_pct,fold2/test_horizon_60_ega_zone_e_count
0,0.3554029821259021,12.655847549438477,17.321142196655273,9.498516082763672,9.498516082763672,0.23710358142852783,0.6259973049163818,89.00873565673828,6519.0,10.99126148223877,805.0,0.0,0.0,0.0,0.0,0.0,0.0,7.709173679351807,10.31710147857666,5.882153034210205,5.882153034210205,0.7282127141952515,0.8856350779533386,98.2523193359375,1799.0,1.7476787567138672,32.0,0.0,0.0,0.0,0.0,0.0,0.0,12.510238647460938,16.970043182373047,9.446176528930664,9.446176528930664,0.2660258412361145,0.6334944367408752,89.45931243896484,1638.0,10.540687561035156,193.0,0.0,0.0,0.0,0.0,0.0,0.0,14.79854965209961,19.674636840820312,11.082383155822754,11.082383155822754,0.016909778118133545,0.48076117038726807,84.8170394897461,1553.0,15.182960510253906,278.0,0.0,0.0,0.0,0.0,0.0,0.0,15.60543155670166,20.459022521972656,11.58334732055664,11.58334732055664,-0.05883598327636719,0.4545358419418335,83.50627899169922,1529.0,16.49371910095215,302.0,0.0,0.0,0.0,0.0,0.0,0.0
step,fold3/train_loss,fold3/val_mae,fold3/val_rmse,fold3/val_mard,fold3/val_mape,fold3/val_r2,fold3/val_pearson,fold3/val_ega_zone_a_pct,fold3/val_ega_zone_a_count,fold3/val_ega_zone_b_pct,fold3/val_ega_zone_b_count,fold3/val_ega_zone_c_pct,fold3/val_ega_zone_c_count,fold3/val_ega_zone_d_pct,fold3/val_ega_zone_d_count,fold3/val_ega_zone_e_pct,fold3/val_ega_zone_e_count,fold3/val_horizon_15_mae,fold3/val_horizon_15_rmse,fold3/val_horizon_15_mard,fold3/val_horizon_15_mape,fold3/val_horizon_15_r2,fold3/val_horizon_15_pearson,fold3/val_horizon_15_ega_zone_a_pct,fold3/val_horizon_15_ega_zone_a_count,fold3/val_horizon_15_ega_zone_b_pct,fold3/val_horizon_15_ega_zone_b_count,fold3/val_horizon_15_ega_zone_c_pct,fold3/val_horizon_15_ega_zone_c_count,fold3/val_horizon_15_ega_zone_d_pct,fold3/val_horizon_15_ega_zone_d_count,fold3/val_horizon_15_ega_zone_e_pct,fold3/val_horizon_15_ega_zone_e_count,fold3/val_horizon_30_mae,fold3/val_horizon_30_rmse,fold3/val_horizon_30_mard,fold3/val_horizon_30_mape,fold3/val_horizon_30_r2,fold3/val_horizon_30_pearson,fold3/val_horizon_30_ega_zone_a_pct,fold3/val_horizon_30_ega_zone_a_count,fold3/val_horizon_30_ega_zone_b_pct,fold3/val_horizon_30_ega_zone_b_count,fold3/val_horizon_30_ega_zone_c_pct,fold3/val_horizon_30_ega_zone_c_count,fold3/val_horizon_30_ega_zone_d_pct,fold3/val_horizon_30_ega_zone_d_count,fold3/val_horizon_30_ega_zone_e_pct,fold3/val_horizon_30_ega_zone_e_count,fold3/val_horizon_45_mae,fold3/val_horizon_45_rmse,fold3/val_horizon_45_mard,fold3/val_horizon_45_mape,fold3/val_horizon_45_r2,fold3/val_horizon_45_pearson,fold3/val_horizon_45_ega_zone_a_pct,fold3/val_horizon_45_ega_zone_a_count,fold3/val_horizon_45_ega_zone_b_pct,fold3/val_horizon_45_ega_zone_b_count,fold3/val_horizon_45_ega_zone_c_pct,fold3/val_horizon_45_ega_zone_c_count,fold3/val_horizon_45_ega_zone_d_pct,fold3/val_horizon_45_ega_zone_d_count,fold3/val_horizon_45_ega_zone_e_pct,fold3/val_horizon_45_ega_zone_e_count,fold3/val_horizon_60_mae,fold3/val_horizon_60_rmse,fold3/val_horizon_60_mard,fold3/val_horizon_60_mape,fold3/val_horizon_60_r2,fold3/val_horizon_60_pearson,fold3/val_horizon_60_ega_zone_a_pct,fold3/val_horizon_60_ega_zone_a_count,fold3/val_horizon_60_ega_zone_b_pct,fold3/val_horizon_60_ega_zone_b_count,fold3/val_horizon_60_ega_zone_c_pct,fold3/val_horizon_60_ega_zone_c_count,fold3/val_horizon_60_ega_zone_d_pct,fold3/val_horizon_60_ega_zone_d_count,fold3/val_horizon_60_ega_zone_e_pct,fold3/val_horizon_60_ega_zone_e_count,fold3/diag_horizon_curriculum_progress,fold3/diag_loss_horizon_weight_0,fold3/diag_loss_horizon_weight_1,fold3/diag_loss_horizon_weight_2,fold3/diag_loss_horizon_weight_3
1,0.29119131192535713,12.105903625488281,18.15690803527832,9.83393383026123,9.83393383026123,0.3906553387641907,0.6345804333686829,86.94505310058594,19114.0,12.57278060913086,2764.0,0.0,0.0,0.48216885328292847,106.0,0.0,0.0,9.145737648010254,13.491540908813477,7.489333152770996,7.489333152770996,0.6631556153297424,0.8406977653503418,92.88573455810547,5105.0,6.695778846740723,368.0,0.0,0.0,0.41848617792129517,23.0,0.0,0.0,11.801873207092285,17.392173767089844,9.624214172363281,9.624214172363281,0.44090795516967773,0.6787899136543274,87.75473022460938,4823.0,11.772198677062988,647.0,0.0,0.0,0.47307130694389343,26.0,0.0,0.0,13.153361320495605,19.73813247680664,10.569830894470215,10.569830894470215,0.28034085035324097,0.5429424047470093,84.80713653564453,4661.0,14.66521167755127,806.0,0.0,0.0,0.5276564955711365,29.0,0.0,0.0,14.322635650634766,21.085308074951172,11.65235424041748,11.65235424041748,0.17873865365982056,0.428561806678772,82.33260345458984,4525.0,17.15793228149414,943.0,0.0,0.0,0.5094614624977112,28.0,0.0,0.0,0.0,0.3333333432674408,0.28333333134651184,0.21666665375232697,0.1666666716337204
2,0.2511085372580516,10.861658096313477,16.671321868896484,8.72424030303955,8.72424030303955,0.48628854751586914,0.712128221988678,89.39683532714844,19653.0,10.1346435546875,2228.0,0.0,0.0,0.4685225486755371,103.0,0.0,0.0,7.017055511474609,10.436483383178711,5.707523345947266,5.707523345947266,0.7984352111816406,0.9091370105743408,96.5429458618164,5306.0,3.0749635696411133,169.0,0.0,0.0,0.3820960521697998,21.0,0.0,0.0,10.493751525878906,15.652419090270996,8.447195053100586,8.447195053100586,0.5471665859222412,0.7569675445556641,90.12008666992188,4953.0,9.425036430358887,518.0,0.0,0.0,0.4548763036727905,25.0,0.0,0.0,12.385811805725098,18.612756729125977,9.904051780700684,9.904051780700684,0.3600645661354065,0.6184073686599731,86.4264907836914,4750.0,13.045851707458496,717.0,0.0,0.0,0.5276564955711365,29.0,0.0,0.0,13.550012588500977,20.2824764251709,10.838191032409668,10.838191032409668,0.24008774757385254,0.506531298160553,84.49781799316406,4644.0,14.992721557617188,824.0,0.0,0.0,0.5094614624977112,28.0,0.0,0.0,0.07142857142857142,0.3245614171028137,0.2788847088813782,0.21998745203018188,0.17656642198562622
3,0.24147947194602473,10.509369850158691,16.170574188232422,8.43623161315918,8.43623161315918,0.5166852474212646,0.7336272597312927,90.3520736694336,19863.0,9.215792655944824,2026.0,0.0,0.0,0.43213245272636414,95.0,0.0,0.0,6.53184700012207,9.580697059631348,5.319145679473877,5.319145679473877,0.8301363587379456,0.9241456389427185,97.74381256103516,5372.0,1.9832605123519897,109.0,0.0,0.0,0.2729257643222809,15.0,0.0,0.0,10.113005638122559,15.038520812988281,8.148669242858887,8.148669242858887,0.5819908380508423,0.778496503829956,91.1572036743164,5010.0,8.387918472290039,461.0,0.0,0.0,0.4548763036727905,25.0,0.0,0.0,12.083101272583008,18.16347885131836,9.661567687988281,9.661567687988281,0.3905854821205139,0.6433361768722534,87.26346588134766,4796.0,12.245268821716309,673.0,0.0,0.0,0.4912663698196411,27.0,0.0,0.0,13.309523582458496,19.952219009399414,10.615548133850098,10.615548133850098,0.2646333575248718,0.5349339842796326,85.24381256103516,4685.0,14.246724128723145,783.0,0.0,0.0,0.5094614624977112,28.0,0.0,0.0,0.14285714285714285,0.31578949093818665,0.2744360864162445,0.223308265209198,0.18646617233753204
4,0.23089374263683488,10.423625946044922,16.033580780029297,8.3682279586792,8.3682279586792,0.5248397588729858,0.7371237277984619,90.24290466308594,19839.0,9.3659029006958,2059.0,0.0,0.0,0.39119356870651245,86.0,0.0,0.0,6.334360122680664,9.30955982208252,5.172534465789795,5.172534465789795,0.839614748954773,0.9249398708343506,97.83479309082031,5377.0,2.001455545425415,110.0,0.0,0.0,0.16375546157360077,9.0,0.0,0.0,10.023693084716797,14.877592086791992,8.078024864196777,8.078024864196777,0.5908893346786499,0.7817394733428955,91.08442687988281,5006.0,8.478894233703613,466.0,0.0,0.0,0.43668124079704285,24.0,0.0,0.0,12.056050300598145,18.06590461730957,9.635318756103516,9.635318756103516,0.3971155285835266,0.6477159857749939,87.02693176269531,4783.0,12.5,687.0,0.0,0.0,0.47307130694389343,26.0,0.0,0.0,13.280400276184082,19.8472957611084,10.587027549743652,10.587027549743652,0.27234727144241333,0.5420473217964172,85.02547454833984,4673.0,14.483261108398438,796.0,0.0,0.0,0.4912663698196411,27.0,0.0,0.0,0.21428571428571427,0.30701756477355957,0.26998746395111084,0.22662906348705292,0.19636592268943787
5,0.2265320612979862,10.362432479858398,15.878331184387207,8.336627960205078,8.336627960205078,0.5339968204498291,0.7410047650337219,90.50218200683594,19896.0,9.106622695922852,2002.0,0.0,0.0,0.39119356870651245,86.0,0.0,0.0,6.2802042961120605,9.192673683166504,5.148678779602051,5.148678779602051,0.8436169028282166,0.9252290725708008,98.07132720947266,5390.0,1.7467249631881714,96.0,0.0,0.0,0.18195050954818726,10.0,0.0,0.0,9.982380867004395,14.759568214416504,8.063800811767578,8.063800811767578,0.597354531288147,0.7829233407974243,91.24817657470703,5015.0,8.333333969116211,458.0,0.0,0.0,0.41848617792129517,23.0,0.0,0.0,12.006952285766602,17.901317596435547,9.618216514587402,9.618216514587402,0.4080503582954407,0.653231680393219,87.39083099365234,4803.0,12.136098861694336,667.0,0.0,0.0,0.47307130694389343,26.0,0.0,0.0,13.180191993713379,19.638694763183594,10.515817642211914,10.515817642211914,0.2875625491142273,0.5547709465026855,85.29840087890625,4688.0,14.210334777832031,781.0,0.0,0.0,0.4912663698196411,27.0,0.0,0.0,0.2857142857142857,0.2982456088066101,0.2655388414859772,0.22994986176490784,0.2062656730413437
6,0.22098326144800684,10.355390548706055,15.788512229919434,8.340276718139648,8.340276718139648,0.5392540693283081,0.7436964511871338,90.55677032470703,19908.0,9.061135292053223,1992.0,0.0,0.0,0.3820960521697998,84.0,0.0,0.0,6.227707386016846,9.055645942687988,5.124166011810303,5.124166011810303,0.848244309425354,0.926119863986969,98.05313110351562,5389.0,1.7649199962615967,97.0,0.0,0.0,0.18195050954818726,10.0,0.0,0.0,9.983623504638672,14.695648193359375,8.080717086791992,8.080717086791992,0.6008344888687134,0.7835607528686523,91.26637268066406,5016.0,8.333333969116211,458.0,0.0,0.0,0.4002911150455475,22.0,0.0,0.0,12.043335914611816,17.832679748535156,9.652795791625977,9.652795791625977,0.41258102655410767,0.6565759181976318,87.4272232055664,4805.0,12.117903709411621,666.0,0.0,0.0,0.4548763036727905,25.0,0.0,0.0,13.166898727416992,19.522735595703125,10.50342845916748,10.50342845916748,0.2959510087966919,0.5634533762931824,85.4803466796875,4698.0,14.0283842086792,771.0,0.0,0.0,0.4912663698196411,27.0,0.0,0.0,0.35714285714285715,0.28947368264198303,0.2610902190208435,0.23327067494392395,0.2161654233932495
7,0.2170533915512881,10.422167778015137,15.890253067016602,8.394909858703613,8.394909858703613,0.5332968235015869,0.7386528849601746,90.02911376953125,19792.0,9.575145721435547,2105.0,0.0,0.0,0.3957423269748688,87.0,0.0,0.0,6.227869510650635,9.138459205627441,5.127062797546387,5.127062797546387,0.8454560041427612,0.9242061972618103,97.61644744873047,5365.0,2.1652109622955322,119.0,0.0,0.0,0.21834062039852142,12.0,0.0,0.0,10.044173240661621,14.776617050170898,8.130825996398926,8.130825996398926,0.5964237451553345,0.779746949672699,90.86608123779297,4994.0,8.715429306030273,479.0,0.0,0.0,0.41848617792129517,23.0,0.0,0.0,12.138419151306152,17.943679809570312,9.731752395629883,9.731752395629883,0.40524542331695557,0.6494207382202148,86.75399780273438,4768.0,12.791120529174805,703.0,0.0,0.0,0.4548763036727905,25.0,0.0,0.0,13.278207778930664,19.651079177856445,10.589997291564941,10.589997291564941,0.28666365146636963,0.5536277294158936,84.87991333007812,4665.0,14.62882137298584,804.0,0.0,0.0,0.4912663698196411,27.0,0.0,0.0,0.42857142857142855,0.28070175647735596,0.25664159655570984,0.23659147322177887,0.22606515884399414
8,0.21381984954728395,10.496780395507812,16.00862693786621,8.43983268737793,8.43983268737793,0.5263174772262573,0.7347400784492493,89.8971939086914,19763.0,9.693412780761719,2131.0,0.0,0.0,0.40938863158226013,90.0,0.0,0.0,6.249871253967285,9.269789695739746,5.12061882019043,5.12061882019043,0.8409820795059204,0.9220938682556152,97.48908233642578,5358.0,2.274381399154663,125.0,0.0,0.0,0.23653565347194672,13.0,0.0,0.0,10.106846809387207,14.941469192504883,8.15787410736084,8.15787410736084,0.5873687267303467,0.7751703262329102,90.72052001953125,4986.0,8.842794418334961,486.0,0.0,0.0,0.43668124079704285,24.0,0.0,0.0,12.23630428314209,18.06037712097168,9.80230712890625,9.80230712890625,0.39748430252075195,0.6438947916030884,86.69941711425781,4765.0,12.827510833740234,705.0,0.0,0.0,0.47307130694389343,26.0,0.0,0.0,13.394096374511719,19.742109298706055,10.678526878356934,10.678526878356934,0.28003954887390137,0.5480996966362,84.67976379394531,4654.0,14.82896614074707,815.0,0.0,0.0,0.4912663698196411,27.0,0.0,0.0,0.5,0.2719298303127289,0.25219297409057617,0.2399122714996338,0.23596492409706116
9,0.2089565336224515,10.662372589111328,16.23687744140625,8.557491302490234,8.557491302490234,0.5127137303352356,0.7256854772567749,89.64246368408203,19707.0,9.979985237121582,2194.0,0.0,0.0,0.3775472939014435,83.0,0.0,0.0,6.392519950866699,9.54069995880127,5.227809429168701,5.227809429168701,0.8315516710281372,0.9164411425590515,97.19795989990234,5342.0,2.6018922328948975,143.0,0.0,0.0,0.20014555752277374,11.0,0.0,0.0,10.30173397064209,15.216292381286621,8.29919719696045,8.29919719696045,0.5720497369766235,0.7658029198646545,90.37481689453125,4967.0,9.26128101348877,509.0,0.0,0.0,0.3639010190963745,20.0,0.0,0.0,12.415172576904297,18.290821075439453,9.928010940551758,9.928010940551758,0.38201045989990234,0.6326416730880737,86.4083023071289,4749.0,13.136826515197754,722.0,0.0,0.0,0.4548763036727905,25.0,0.0,0.0,13.540068626403809,19.93564796447754,10.77495288848877,10.77495288848877,0.2658542990684509,0.5368281602859497,84.58879089355469,4649.0,14.919940948486328,820.0,0.0,0.0,0.4912663698196411,27.0,0.0,0.0,0.5714285714285714,0.2631579041481018,0.2477443516254425,0.2432330846786499,0.24586467444896698
10,0.20462713874130564,10.768723487854004,16.466285705566406,8.6140775680542,8.6140775680542,0.4988468885421753,0.7179341912269592,89.44686889648438,19664.0,10.157386779785156,2233.0,0.0,0.0,0.3957423269748688,87.0,0.0,0.0,6.428408145904541,9.601264953613281,5.247553825378418,5.247553825378418,0.8294062614440918,0.9168634414672852,97.45269775390625,5356.0,2.3289666175842285,128.0,0.0,0.0,0.21834062039852142,12.0,0.0,0.0,10.40534496307373,15.437409400939941,8.354875564575195,8.354875564575195,0.5595219135284424,0.7599449753761292,90.10189056396484,4952.0,9.479621887207031,521.0,0.0,0.0,0.41848617792129517,23.0,0.0,0.0,12.560515403747559,18.596532821655273,10.002856254577637,10.002856254577637,0.36117976903915405,0.6188604831695557,86.00800323486328,4727.0,13.537117958068848,744.0,0.0,0.0,0.4548763036727905,25.0,0.0,0.0,13.680628776550293,20.204587936401367,10.85102367401123,10.85102367401123,0.24591296911239624,0.5213639736175537,84.22489166259766,4629.0,15.283842086791992,840.0,0.0,0.0,0.4912663698196411,27.0,0.0,0.0,0.6428571428571429,0.25438597798347473,0.24329572916030884,0.24655388295650482,0.2557644248008728
11,0.1990555152209263,10.714658737182617,16.360584259033203,8.58852767944336,8.58852767944336,0.5052602291107178,0.7212132215499878,89.6197280883789,19702.0,9.989082336425781,2196.0,0.0,0.0,0.39119356870651245,86.0,0.0,0.0,6.334956645965576,9.462409019470215,5.179272174835205,5.179272174835205,0.834304928779602,0.9191452264785767,97.65283966064453,5367.0,2.1288211345672607,117.0,0.0,0.0,0.21834062039852142,12.0,0.0,0.0,10.32999324798584,15.274842262268066,8.317561149597168,8.317561149597168,0.5687501430511475,0.7646311521530151,90.50218200683594,4974.0,9.097525596618652,500.0,0.0,0.0,0.4002911150455475,22.0,0.0,0.0,12.51553726196289,18.47403907775879,9.995545387268066,9.995545387268066,0.36956775188446045,0.6231791377067566,86.26274108886719,4741.0,13.282386779785156,730.0,0.0,0.0,0.4548763036727905,25.0,0.0,0.0,13.678149223327637,20.162511825561523,10.861736297607422,10.861736297607422,0.24905043840408325,0.5227886438369751,84.0611343383789,4620.0,15.447598457336426,849.0,0.0,0.0,0.4912663698196411,27.0,0.0,0.0,0.7142857142857143,0.24561403691768646,0.23884710669517517,0.24987469613552094,0.26566416025161743
12,0.19416288641863913,10.829719543457031,16.453170776367188,8.690450668334961,8.690450668334961,0.4996448755264282,0.7165540456771851,89.36044311523438,19645.0,10.225618362426758,2248.0,0.0,0.0,0.41393738985061646,91.0,0.0,0.0,6.453083038330078,9.631343841552734,5.274550437927246,5.274550437927246,0.828335702419281,0.915027379989624,97.61644744873047,5365.0,2.110625982284546,116.0,0.0,0.0,0.2729257643222809,15.0,0.0,0.0,10.412300109863281,15.333361625671387,8.387194633483887,8.387194633483887,0.5654394626617432,0.7615270018577576,90.15647888183594,4955.0,9.425036430358887,518.0,0.0,0.0,0.41848617792129517,23.0,0.0,0.0,12.617673873901367,18.544118881225586,10.091609954833984,10.091609954833984,0.3647755980491638,0.6182617545127869,85.71688842773438,4711.0,13.810043334960938,759.0,0.0,0.0,0.47307130694389343,26.0,0.0,0.0,13.8358154296875,20.274818420410156,11.008444786071777,11.008444786071777,0.24066150188446045,0.5144252181053162,83.95196533203125,4614.0,15.556769371032715,855.0,0.0,0.0,0.4912663698196411,27.0,0.0,0.0,0.7857142857142857,0.23684212565422058,0.2343984991312027,0.25319552421569824,0.27556392550468445
13,0.19015657060465535,10.814801216125488,16.40777587890625,8.690014839172363,8.690014839172363,0.5024020671844482,0.7182517051696777,89.40592956542969,19655.0,10.180130958557129,2238.0,0.0,0.0,0.41393738985061646,91.0,0.0,0.0,6.474912166595459,9.63911247253418,5.288970470428467,5.288970470428467,0.828058660030365,0.9153616428375244,97.70742797851562,5370.0,2.01965069770813,111.0,0.0,0.0,0.2729257643222809,15.0,0.0,0.0,10.379219055175781,15.28519058227539,8.367921829223633,8.367921829223633,0.5681655406951904,0.7634634375572205,90.32023620605469,4964.0,9.26128101348877,509.0,0.0,0.0,0.41848617792129517,23.0,0.0,0.0,12.578790664672852,18.47002410888672,10.077635765075684,10.077635765075684,0.36984169483184814,0.6216541528701782,85.82605743408203,4717.0,13.700872421264648,753.0,0.0,0.0,0.47307130694389343,26.0,0.0,0.0,13.82629108428955,20.22793197631836,11.025529861450195,11.025529861450195,0.2441694140434265,0.5165375471115112,83.77001190185547,4604.0,15.738719940185547,865.0,0.0,0.0,0.4912663698196411,27.0,0.0,0.0,0.8571428571428571,0.22807016968727112,0.22994986176490784,0.25651630759239197,0.2854636609554291
14,0.1831821716084497,11.02258586883545,16.696537017822266,8.862173080444336,8.862173080444336,0.484733521938324,0.7049342393875122,88.8782730102539,19539.0,10.698690414428711,2352.0,0.0,0.0,0.4230349361896515,93.0,0.0,0.0,6.592339992523193,9.925788879394531,5.379936695098877,5.379936695098877,0.8176791667938232,0.9094728827476501,97.28893280029297,5347.0,2.4017467498779297,132.0,0.0,0.0,0.30931586027145386,17.0,0.0,0.0,10.60446834564209,15.589479446411133,8.553924560546875,8.553924560546875,0.5508010387420654,0.7511723041534424,89.5196533203125,4920.0,10.06186294555664,553.0,0.0,0.0,0.41848617792129517,23.0,0.0,0.0,12.828608512878418,18.7820987701416,10.288861274719238,10.288861274719238,0.3483671545982361,0.6031250357627869,85.33479309082031,4690.0,14.192140579223633,780.0,0.0,0.0,0.47307130694389343,26.0,0.0,0.0,14.064922332763672,20.512845993041992,11.225972175598145,11.225972175598145,0.22272735834121704,0.49704819917678833,83.3697280883789,4582.0,16.139009475708008,887.0,0.0,0.0,0.4912663698196411,27.0,0.0,0.0,0.9285714285714286,0.21929824352264404,0.22550123929977417,0.2598370909690857,0.2953633964061737
step,fold3/test_loss,fold3/test_mae,fold3/test_rmse,fold3/test_mard,fold3/test_mape,fold3/test_r2,fold3/test_pearson,fold3/test_ega_zone_a_pct,fold3/test_ega_zone_a_count,fold3/test_ega_zone_b_pct,fold3/test_ega_zone_b_count,fold3/test_ega_zone_c_pct,fold3/test_ega_zone_c_count,fold3/test_ega_zone_d_pct,fold3/test_ega_zone_d_count,fold3/test_ega_zone_e_pct,fold3/test_ega_zone_e_count,fold3/test_horizon_15_mae,fold3/test_horizon_15_rmse,fold3/test_horizon_15_mard,fold3/test_horizon_15_mape,fold3/test_horizon_15_r2,fold3/test_horizon_15_pearson,fold3/test_horizon_15_ega_zone_a_pct,fold3/test_horizon_15_ega_zone_a_count,fold3/test_horizon_15_ega_zone_b_pct,fold3/test_horizon_15_ega_zone_b_count,fold3/test_horizon_15_ega_zone_c_pct,fold3/test_horizon_15_ega_zone_c_count,fold3/test_horizon_15_ega_zone_d_pct,fold3/test_horizon_15_ega_zone_d_count,fold3/test_horizon_15_ega_zone_e_pct,fold3/test_horizon_15_ega_zone_e_count,fold3/test_horizon_30_mae,fold3/test_horizon_30_rmse,fold3/test_horizon_30_mard,fold3/test_horizon_30_mape,fold3/test_horizon_30_r2,fold3/test_horizon_30_pearson,fold3/test_horizon_30_ega_zone_a_pct,fold3/test_horizon_30_ega_zone_a_count,fold3/test_horizon_30_ega_zone_b_pct,fold3/test_horizon_30_ega_zone_b_count,fold3/test_horizon_30_ega_zone_c_pct,fold3/test_horizon_30_ega_zone_c_count,fold3/test_horizon_30_ega_zone_d_pct,fold3/test_horizon_30_ega_zone_d_count,fold3/test_horizon_30_ega_zone_e_pct,fold3/test_horizon_30_ega_zone_e_count,fold3/test_horizon_45_mae,fold3/test_horizon_45_rmse,fold3/test_horizon_45_mard,fold3/test_horizon_45_mape,fold3/test_horizon_45_r2,fold3/test_horizon_45_pearson,fold3/test_horizon_45_ega_zone_a_pct,fold3/test_horizon_45_ega_zone_a_count,fold3/test_horizon_45_ega_zone_b_pct,fold3/test_horizon_45_ega_zone_b_count,fold3/test_horizon_45_ega_zone_c_pct,fold3/test_horizon_45_ega_zone_c_count,fold3/test_horizon_45_ega_zone_d_pct,fold3/test_horizon_45_ega_zone_d_count,fold3/test_horizon_45_ega_zone_e_pct,fold3/test_horizon_45_ega_zone_e_count,fold3/test_horizon_60_mae,fold3/test_horizon_60_rmse,fold3/test_horizon_60_mard,fold3/test_horizon_60_mape,fold3/test_horizon_60_r2,fold3/test_horizon_60_pearson,fold3/test_horizon_60_ega_zone_a_pct,fold3/test_horizon_60_ega_zone_a_count,fold3/test_horizon_60_ega_zone_b_pct,fold3/test_horizon_60_ega_zone_b_count,fold3/test_horizon_60_ega_zone_c_pct,fold3/test_horizon_60_ega_zone_c_count,fold3/test_horizon_60_ega_zone_d_pct,fold3/test_horizon_60_ega_zone_d_count,fold3/test_horizon_60_ega_zone_e_pct,fold3/test_horizon_60_ega_zone_e_count
0,0.26917652879662585,10.052452087402344,15.25190258026123,9.278379440307617,9.278379440307617,0.29144376516342163,0.5554279088973999,87.52019500732422,4334.0,11.914377212524414,590.0,0.0,0.0,0.5654280781745911,28.0,0.0,0.0,5.668118476867676,7.992340087890625,5.285633087158203,5.285633087158203,0.8076637983322144,0.9018581509590149,96.93053436279297,1200.0,2.5040388107299805,31.0,0.0,0.0,0.5654280781745911,7.0,0.0,0.0,9.638418197631836,14.136923789978027,8.884453773498535,8.884453773498535,0.3930763602256775,0.6334906816482544,88.85298919677734,1100.0,10.581583976745605,131.0,0.0,0.0,0.5654280781745911,7.0,0.0,0.0,11.89885425567627,17.530996322631836,10.949790000915527,10.949790000915527,0.0586734414100647,0.33704277873039246,83.27948760986328,1031.0,16.15509033203125,200.0,0.0,0.0,0.5654280781745911,7.0,0.0,0.0,13.004419326782227,18.95827293395996,11.99364185333252,11.99364185333252,-0.1049048900604248,0.14865745604038239,81.01776885986328,1003.0,18.41680145263672,228.0,0.0,0.0,0.5654280781745911,7.0,0.0,0.0
step,fold4/train_loss,fold4/val_mae,fold4/val_rmse,fold4/val_mard,fold4/val_mape,fold4/val_r2,fold4/val_pearson,fold4/val_ega_zone_a_pct,fold4/val_ega_zone_a_count,fold4/val_ega_zone_b_pct,fold4/val_ega_zone_b_count,fold4/val_ega_zone_c_pct,fold4/val_ega_zone_c_count,fold4/val_ega_zone_d_pct,fold4/val_ega_zone_d_count,fold4/val_ega_zone_e_pct,fold4/val_ega_zone_e_count,fold4/val_horizon_15_mae,fold4/val_horizon_15_rmse,fold4/val_horizon_15_mard,fold4/val_horizon_15_mape,fold4/val_horizon_15_r2,fold4/val_horizon_15_pearson,fold4/val_horizon_15_ega_zone_a_pct,fold4/val_horizon_15_ega_zone_a_count,fold4/val_horizon_15_ega_zone_b_pct,fold4/val_horizon_15_ega_zone_b_count,fold4/val_horizon_15_ega_zone_c_pct,fold4/val_horizon_15_ega_zone_c_count,fold4/val_horizon_15_ega_zone_d_pct,fold4/val_horizon_15_ega_zone_d_count,fold4/val_horizon_15_ega_zone_e_pct,fold4/val_horizon_15_ega_zone_e_count,fold4/val_horizon_30_mae,fold4/val_horizon_30_rmse,fold4/val_horizon_30_mard,fold4/val_horizon_30_mape,fold4/val_horizon_30_r2,fold4/val_horizon_30_pearson,fold4/val_horizon_30_ega_zone_a_pct,fold4/val_horizon_30_ega_zone_a_count,fold4/val_horizon_30_ega_zone_b_pct,fold4/val_horizon_30_ega_zone_b_count,fold4/val_horizon_30_ega_zone_c_pct,fold4/val_horizon_30_ega_zone_c_count,fold4/val_horizon_30_ega_zone_d_pct,fold4/val_horizon_30_ega_zone_d_count,fold4/val_horizon_30_ega_zone_e_pct,fold4/val_horizon_30_ega_zone_e_count,fold4/val_horizon_45_mae,fold4/val_horizon_45_rmse,fold4/val_horizon_45_mard,fold4/val_horizon_45_mape,fold4/val_horizon_45_r2,fold4/val_horizon_45_pearson,fold4/val_horizon_45_ega_zone_a_pct,fold4/val_horizon_45_ega_zone_a_count,fold4/val_horizon_45_ega_zone_b_pct,fold4/val_horizon_45_ega_zone_b_count,fold4/val_horizon_45_ega_zone_c_pct,fold4/val_horizon_45_ega_zone_c_count,fold4/val_horizon_45_ega_zone_d_pct,fold4/val_horizon_45_ega_zone_d_count,fold4/val_horizon_45_ega_zone_e_pct,fold4/val_horizon_45_ega_zone_e_count,fold4/val_horizon_60_mae,fold4/val_horizon_60_rmse,fold4/val_horizon_60_mard,fold4/val_horizon_60_mape,fold4/val_horizon_60_r2,fold4/val_horizon_60_pearson,fold4/val_horizon_60_ega_zone_a_pct,fold4/val_horizon_60_ega_zone_a_count,fold4/val_horizon_60_ega_zone_b_pct,fold4/val_horizon_60_ega_zone_b_count,fold4/val_horizon_60_ega_zone_c_pct,fold4/val_horizon_60_ega_zone_c_count,fold4/val_horizon_60_ega_zone_d_pct,fold4/val_horizon_60_ega_zone_d_count,fold4/val_horizon_60_ega_zone_e_pct,fold4/val_horizon_60_ega_zone_e_count,fold4/diag_horizon_curriculum_progress,fold4/diag_loss_horizon_weight_0,fold4/diag_loss_horizon_weight_1,fold4/diag_loss_horizon_weight_2,fold4/diag_loss_horizon_weight_3
1,0.2778400740844475,11.693549156188965,16.27663803100586,9.97204875946045,9.97204875946045,0.38138020038604736,0.6347242593765259,86.49314880371094,18942.0,12.972601890563965,2841.0,0.0,0.0,0.534246563911438,117.0,0.0,0.0,8.999030113220215,12.423385620117188,7.882384777069092,7.882384777069092,0.641839861869812,0.8080936670303345,92.78538513183594,5080.0,6.68493127822876,366.0,0.0,0.0,0.5296803712844849,29.0,0.0,0.0,11.538066864013672,15.953948020935059,9.951891899108887,9.951891899108887,0.40736061334609985,0.644969642162323,86.42922973632812,4732.0,13.022830963134766,713.0,0.0,0.0,0.5479452013969421,30.0,0.0,0.0,12.661977767944336,17.491756439208984,10.75111198425293,10.75111198425293,0.2841542959213257,0.559895396232605,84.03652954101562,4601.0,15.415525436401367,844.0,0.0,0.0,0.5479452013969421,30.0,0.0,0.0,13.575119972229004,18.571086883544922,11.302804946899414,11.302804946899414,0.18890678882598877,0.5185414552688599,82.7214584350586,4529.0,16.76712417602539,918.0,0.0,0.0,0.5114155411720276,28.0,0.0,0.0,0.0,0.3333333432674408,0.28333333134651184,0.21666665375232697,0.1666666716337204
2,0.23474989462722876,11.148110389709473,15.640825271606445,9.53116226196289,9.53116226196289,0.4287663698196411,0.665287435054779,87.93607330322266,19258.0,11.552511215209961,2530.0,0.0,0.0,0.5114155411720276,112.0,0.0,0.0,7.733328819274902,10.765596389770508,6.707394123077393,6.707394123077393,0.7310488224029541,0.859588086605072,95.47032165527344,5227.0,4.07305908203125,223.0,0.0,0.0,0.456620991230011,25.0,0.0,0.0,11.167094230651855,15.538596153259277,9.564251899719238,9.564251899719238,0.4378169775009155,0.6701215505599976,87.89041137695312,4812.0,11.57990837097168,634.0,0.0,0.0,0.5296803712844849,29.0,0.0,0.0,12.526595115661621,17.293819427490234,10.678007125854492,10.678007125854492,0.3002636432647705,0.5652242302894592,84.94977569580078,4651.0,14.50228214263916,794.0,0.0,0.0,0.5479452013969421,30.0,0.0,0.0,13.165422439575195,17.94768524169922,11.17500114440918,11.17500114440918,0.24244695901870728,0.5183348655700684,83.43379211425781,4568.0,16.054794311523438,879.0,0.0,0.0,0.5114155411720276,28.0,0.0,0.0,0.07142857142857142,0.3245614171028137,0.2788847088813782,0.21998745203018188,0.17656642198562622
3,0.2228839513783556,11.015729904174805,15.500548362731934,9.446887016296387,9.446887016296387,0.4389668107032776,0.6713837385177612,88.21004486083984,19318.0,11.301369667053223,2475.0,0.0,0.0,0.4885844886302948,107.0,0.0,0.0,7.3342814445495605,10.18714714050293,6.386458873748779,6.386458873748779,0.7591744661331177,0.8739469647407532,96.1461181640625,5264.0,3.4703195095062256,190.0,0.0,0.0,0.3835616409778595,21.0,0.0,0.0,11.0462646484375,15.399852752685547,9.474284172058105,9.474284172058105,0.4478115439414978,0.67842698097229,88.27397155761719,4833.0,11.1963472366333,613.0,0.0,0.0,0.5296803712844849,29.0,0.0,0.0,12.507040977478027,17.26703453063965,10.688812255859375,10.688812255859375,0.3024294376373291,0.5671871304512024,85.04109191894531,4656.0,14.429224014282227,790.0,0.0,0.0,0.5296803712844849,29.0,0.0,0.0,13.175329208374023,17.94391441345215,11.237994194030762,11.237994194030762,0.24276524782180786,0.5140130519866943,83.37899780273438,4565.0,16.109588623046875,882.0,0.0,0.0,0.5114155411720276,28.0,0.0,0.0,0.14285714285714285,0.31578949093818665,0.2744360864162445,0.223308265209198,0.18646617233753204
4,0.21619910020483635,11.065962791442871,15.58902359008789,9.473588943481445,9.473588943481445,0.43254387378692627,0.6677426695823669,88.31050109863281,19340.0,11.205479621887207,2454.0,0.0,0.0,0.4840182662010193,106.0,0.0,0.0,7.323294162750244,10.169478416442871,6.371087074279785,6.371087074279785,0.7600091695785522,0.8739445805549622,96.40182495117188,5278.0,3.214611768722534,176.0,0.0,0.0,0.3835616409778595,21.0,0.0,0.0,11.092304229736328,15.43315601348877,9.497784614562988,9.497784614562988,0.44542068243026733,0.6777034997940063,88.21917724609375,4830.0,11.26940631866455,617.0,0.0,0.0,0.5114155411720276,28.0,0.0,0.0,12.57385540008545,17.381269454956055,10.723499298095703,10.723499298095703,0.2931690812110901,0.5621042251586914,84.91323852539062,4649.0,14.557077407836914,797.0,0.0,0.0,0.5296803712844849,29.0,0.0,0.0,13.274398803710938,18.12074851989746,11.301983833312988,11.301983833312988,0.22776693105697632,0.5040913820266724,83.707763671875,4583.0,15.780821800231934,864.0,0.0,0.0,0.5114155411720276,28.0,0.0,0.0,0.21428571428571427,0.30701756477355957,0.26998746395111084,0.22662906348705292,0.19636592268943787
5,0.20831077939772924,11.079973220825195,15.659433364868164,9.469594955444336,9.469594955444336,0.427406370639801,0.6664735078811646,88.05935668945312,19285.0,11.484018325805664,2515.0,0.0,0.0,0.456620991230011,100.0,0.0,0.0,7.266260147094727,10.100725173950195,6.330300807952881,6.330300807952881,0.7632431983947754,0.8753191828727722,96.45661926269531,5281.0,3.2328765392303467,177.0,0.0,0.0,0.310502290725708,17.0,0.0,0.0,11.113316535949707,15.474544525146484,9.505906105041504,9.505906105041504,0.4424421191215515,0.6775661706924438,88.0,4818.0,11.488584518432617,629.0,0.0,0.0,0.5114155411720276,28.0,0.0,0.0,12.627541542053223,17.490114212036133,10.740921020507812,10.740921020507812,0.2842887043952942,0.5601028800010681,84.58447265625,4631.0,14.922374725341797,817.0,0.0,0.0,0.4931506812572479,27.0,0.0,0.0,13.312772750854492,18.26146697998047,11.301253318786621,11.301253318786621,0.2157265543937683,0.5011208057403564,83.19635009765625,4555.0,16.292236328125,892.0,0.0,0.0,0.5114155411720276,28.0,0.0,0.0,0.2857142857142857,0.2982456088066101,0.2655388414859772,0.22994986176490784,0.2062656730413437
6,0.2061612301002032,11.12578010559082,15.747913360595703,9.49145221710205,9.49145221710205,0.4209175109863281,0.6642630696296692,87.92237854003906,19255.0,11.625571250915527,2546.0,0.0,0.0,0.45205479860305786,99.0,0.0,0.0,7.272859573364258,10.177262306213379,6.327238082885742,6.327238082885742,0.7596416473388672,0.8736670613288879,96.31050109863281,5273.0,3.378995418548584,185.0,0.0,0.0,0.310502290725708,17.0,0.0,0.0,11.13716983795166,15.513507843017578,9.514786720275879,9.514786720275879,0.4396308660507202,0.676929771900177,88.10958862304688,4824.0,11.378994941711426,623.0,0.0,0.0,0.5114155411720276,28.0,0.0,0.0,12.680947303771973,17.567209243774414,10.767277717590332,10.767277717590332,0.27796512842178345,0.5590216517448425,84.34703063964844,4618.0,15.15981674194336,830.0,0.0,0.0,0.4931506812572479,27.0,0.0,0.0,13.412141799926758,18.415605545043945,11.356505393981934,11.356505393981934,0.2024310827255249,0.4967211186885834,82.92237854003906,4540.0,16.584474563598633,908.0,0.0,0.0,0.4931506812572479,27.0,0.0,0.0,0.35714285714285715,0.28947368264198303,0.2610902190208435,0.23327067494392395,0.2161654233932495
7,0.20285803938206967,11.190393447875977,15.85941219329834,9.516204833984375,9.516204833984375,0.41268837451934814,0.6600982546806335,87.72602844238281,19212.0,11.817351341247559,2588.0,0.0,0.0,0.456620991230011,100.0,0.0,0.0,7.252501487731934,10.15847110748291,6.301960468292236,6.301960468292236,0.7605283856391907,0.8739787340164185,96.36529541015625,5276.0,3.305936336517334,181.0,0.0,0.0,0.3287671208381653,18.0,0.0,0.0,11.175759315490723,15.568561553955078,9.525690078735352,9.525690078735352,0.43564659357070923,0.6746429800987244,88.12785339355469,4825.0,11.360730171203613,622.0,0.0,0.0,0.5114155411720276,28.0,0.0,0.0,12.772494316101074,17.701984405517578,10.807579040527344,10.807579040527344,0.2668437957763672,0.5536714792251587,83.89041137695312,4593.0,15.616437911987305,855.0,0.0,0.0,0.4931506812572479,27.0,0.0,0.0,13.560818672180176,18.63193130493164,11.429586410522461,11.429586410522461,0.18358319997787476,0.4878009259700775,82.52055358886719,4518.0,16.98630142211914,930.0,0.0,0.0,0.4931506812572479,27.0,0.0,0.0,0.42857142857142855,0.28070175647735596,0.25664159655570984,0.23659147322177887,0.22606515884399414
8,0.19827002982220496,11.20843505859375,15.869244575500488,9.538667678833008,9.538667678833008,0.4119598865509033,0.6596949696540833,87.5616455078125,19176.0,11.98630142211914,2625.0,0.0,0.0,0.45205479860305786,99.0,0.0,0.0,7.2182393074035645,10.083081245422363,6.283742904663086,6.283742904663086,0.7640696167945862,0.875861406326294,96.31050109863281,5273.0,3.378995418548584,185.0,0.0,0.0,0.310502290725708,17.0,0.0,0.0,11.180225372314453,15.564336776733398,9.53869915008545,9.53869915008545,0.4359528422355652,0.6748720407485962,87.8538818359375,4810.0,11.634702682495117,637.0,0.0,0.0,0.5114155411720276,28.0,0.0,0.0,12.810464859008789,17.71986198425293,10.847379684448242,10.847379684448242,0.2653621435165405,0.5530069470405579,83.96347045898438,4597.0,15.543378829956055,851.0,0.0,0.0,0.4931506812572479,27.0,0.0,0.0,13.624809265136719,18.692806243896484,11.484846115112305,11.484846115112305,0.178239643573761,0.4855479896068573,82.11872100830078,4496.0,17.38812828063965,952.0,0.0,0.0,0.4931506812572479,27.0,0.0,0.0,0.5,0.2719298303127289,0.25219297409057617,0.2399122714996338,0.23596492409706116
9,0.19702840863909202,11.29125690460205,16.007896423339844,9.588296890258789,9.588296890258789,0.4016394019126892,0.6544873714447021,87.43379211425781,19148.0,12.136985778808594,2658.0,0.0,0.0,0.4292237460613251,94.0,0.0,0.0,7.319411277770996,10.279833793640137,6.345758438110352,6.345758438110352,0.7547723054885864,0.8714979290962219,96.1461181640625,5264.0,3.5616438388824463,195.0,0.0,0.0,0.29223746061325073,16.0,0.0,0.0,11.246739387512207,15.704383850097656,9.569539070129395,9.569539070129395,0.42575663328170776,0.6693509221076965,87.52510833740234,4792.0,12.0,657.0,0.0,0.0,0.47488585114479065,26.0,0.0,0.0,12.89682674407959,17.8713321685791,10.898032188415527,10.898032188415527,0.25274914503097534,0.5468253493309021,83.68949890136719,4582.0,15.835616111755371,867.0,0.0,0.0,0.47488585114479065,26.0,0.0,0.0,13.702052116394043,18.79690933227539,11.5398588180542,11.5398588180542,0.1690610647201538,0.4822181463241577,82.37442779541016,4510.0,17.150684356689453,939.0,0.0,0.0,0.47488585114479065,26.0,0.0,0.0,0.5714285714285714,0.2631579041481018,0.2477443516254425,0.2432330846786499,0.24586467444896698
10,0.1916672591257545,11.428982734680176,16.158447265625,9.700429916381836,9.700429916381836,0.3903316259384155,0.6468216776847839,87.22830963134766,19103.0,12.351597785949707,2705.0,0.0,0.0,0.42009130120277405,92.0,0.0,0.0,7.371918678283691,10.328325271606445,6.385368347167969,6.385368347167969,0.7524533271789551,0.8700900077819824,96.27397155761719,5271.0,3.4703195095062256,190.0,0.0,0.0,0.2557077705860138,14.0,0.0,0.0,11.386834144592285,15.86342716217041,9.68733024597168,9.68733024597168,0.4140666723251343,0.6611286997795105,87.28767395019531,4779.0,12.237442970275879,670.0,0.0,0.0,0.47488585114479065,26.0,0.0,0.0,13.065422058105469,18.04692268371582,11.034919738769531,11.034919738769531,0.23799318075180054,0.5362599492073059,83.32420349121094,4562.0,16.20091438293457,887.0,0.0,0.0,0.47488585114479065,26.0,0.0,0.0,13.891757011413574,18.983352661132812,11.69410514831543,11.69410514831543,0.15249550342559814,0.46970513463020325,82.02739715576172,4491.0,17.497716903686523,958.0,0.0,0.0,0.47488585114479065,26.0,0.0,0.0,0.6428571428571429,0.25438597798347473,0.24329572916030884,0.24655388295650482,0.2557644248008728
11,0.18461674252833707,11.523736000061035,16.348613739013672,9.776165008544922,9.776165008544922,0.37589699029922485,0.6387388110160828,86.91323852539062,19034.0,12.694064140319824,2780.0,0.0,0.0,0.3926940858364105,86.0,0.0,0.0,7.361622333526611,10.37166976928711,6.376367092132568,6.376367092132568,0.7503712177276611,0.8684682250022888,96.1461181640625,5264.0,3.616438388824463,198.0,0.0,0.0,0.23744292557239532,13.0,0.0,0.0,11.475844383239746,16.050491333007812,9.750592231750488,9.750592231750488,0.40016627311706543,0.6535497903823853,86.86758422851562,4756.0,12.71232795715332,696.0,0.0,0.0,0.42009130120277405,23.0,0.0,0.0,13.206509590148926,18.274097442626953,11.14704418182373,11.14704418182373,0.21868807077407837,0.524392306804657,83.123291015625,4551.0,16.42009162902832,899.0,0.0,0.0,0.456620991230011,25.0,0.0,0.0,14.050966262817383,19.234764099121094,11.830655097961426,11.830655097961426,0.1298985481262207,0.4562591016292572,81.51597595214844,4463.0,18.02739715576172,987.0,0.0,0.0,0.456620991230011,25.0,0.0,0.0,0.7142857142857143,0.24561403691768646,0.23884710669517517,0.24987469613552094,0.26566416025161743
step,fold4/test_loss,fold4/test_mae,fold4/test_rmse,fold4/test_mard,fold4/test_mape,fold4/test_r2,fold4/test_pearson,fold4/test_ega_zone_a_pct,fold4/test_ega_zone_a_count,fold4/test_ega_zone_b_pct,fold4/test_ega_zone_b_count,fold4/test_ega_zone_c_pct,fold4/test_ega_zone_c_count,fold4/test_ega_zone_d_pct,fold4/test_ega_zone_d_count,fold4/test_ega_zone_e_pct,fold4/test_ega_zone_e_count,fold4/test_horizon_15_mae,fold4/test_horizon_15_rmse,fold4/test_horizon_15_mard,fold4/test_horizon_15_mape,fold4/test_horizon_15_r2,fold4/test_horizon_15_pearson,fold4/test_horizon_15_ega_zone_a_pct,fold4/test_horizon_15_ega_zone_a_count,fold4/test_horizon_15_ega_zone_b_pct,fold4/test_horizon_15_ega_zone_b_count,fold4/test_horizon_15_ega_zone_c_pct,fold4/test_horizon_15_ega_zone_c_count,fold4/test_horizon_15_ega_zone_d_pct,fold4/test_horizon_15_ega_zone_d_count,fold4/test_horizon_15_ega_zone_e_pct,fold4/test_horizon_15_ega_zone_e_count,fold4/test_horizon_30_mae,fold4/test_horizon_30_rmse,fold4/test_horizon_30_mard,fold4/test_horizon_30_mape,fold4/test_horizon_30_r2,fold4/test_horizon_30_pearson,fold4/test_horizon_30_ega_zone_a_pct,fold4/test_horizon_30_ega_zone_a_count,fold4/test_horizon_30_ega_zone_b_pct,fold4/test_horizon_30_ega_zone_b_count,fold4/test_horizon_30_ega_zone_c_pct,fold4/test_horizon_30_ega_zone_c_count,fold4/test_horizon_30_ega_zone_d_pct,fold4/test_horizon_30_ega_zone_d_count,fold4/test_horizon_30_ega_zone_e_pct,fold4/test_horizon_30_ega_zone_e_count,fold4/test_horizon_45_mae,fold4/test_horizon_45_rmse,fold4/test_horizon_45_mard,fold4/test_horizon_45_mape,fold4/test_horizon_45_r2,fold4/test_horizon_45_pearson,fold4/test_horizon_45_ega_zone_a_pct,fold4/test_horizon_45_ega_zone_a_count,fold4/test_horizon_45_ega_zone_b_pct,fold4/test_horizon_45_ega_zone_b_count,fold4/test_horizon_45_ega_zone_c_pct,fold4/test_horizon_45_ega_zone_c_count,fold4/test_horizon_45_ega_zone_d_pct,fold4/test_horizon_45_ega_zone_d_count,fold4/test_horizon_45_ega_zone_e_pct,fold4/test_horizon_45_ega_zone_e_count,fold4/test_horizon_60_mae,fold4/test_horizon_60_rmse,fold4/test_horizon_60_mard,fold4/test_horizon_60_mape,fold4/test_horizon_60_r2,fold4/test_horizon_60_pearson,fold4/test_horizon_60_ega_zone_a_pct,fold4/test_horizon_60_ega_zone_a_count,fold4/test_horizon_60_ega_zone_b_pct,fold4/test_horizon_60_ega_zone_b_count,fold4/test_horizon_60_ega_zone_c_pct,fold4/test_horizon_60_ega_zone_c_count,fold4/test_horizon_60_ega_zone_d_pct,fold4/test_horizon_60_ega_zone_d_count,fold4/test_horizon_60_ega_zone_e_pct,fold4/test_horizon_60_ega_zone_e_count
0,0.23299401368719438,9.660947799682617,14.004505157470703,8.495902061462402,8.495902061462402,0.47108596563339233,0.6873837113380432,89.38436889648438,4530.0,10.477505683898926,531.0,0.0,0.0,0.13812154531478882,7.0,0.0,0.0,6.185555458068848,8.778225898742676,5.483021259307861,5.483021259307861,0.7885668277740479,0.8905321359634399,97.79005432128906,1239.0,2.1310181617736816,27.0,0.0,0.0,0.07892659306526184,1.0,0.0,0.0,9.424189567565918,13.46738338470459,8.260753631591797,8.260753631591797,0.5077918767929077,0.7135108113288879,89.73954010009766,1137.0,10.102603912353516,128.0,0.0,0.0,0.15785318613052368,2.0,0.0,0.0,11.000741004943848,15.634300231933594,9.645769119262695,9.645769119262695,0.34467190504074097,0.5889571905136108,86.50355529785156,1096.0,13.338595390319824,169.0,0.0,0.0,0.15785318613052368,2.0,0.0,0.0,12.033303260803223,16.782304763793945,10.594063758850098,10.594063758850098,0.25349557399749756,0.506488025188446,83.50434112548828,1058.0,16.337806701660156,207.0,0.0,0.0,0.15785318613052368,2.0,0.0,0.0
step,fold5/train_loss,fold5/val_mae,fold5/val_rmse,fold5/val_mard,fold5/val_mape,fold5/val_r2,fold5/val_pearson,fold5/val_ega_zone_a_pct,fold5/val_ega_zone_a_count,fold5/val_ega_zone_b_pct,fold5/val_ega_zone_b_count,fold5/val_ega_zone_c_pct,fold5/val_ega_zone_c_count,fold5/val_ega_zone_d_pct,fold5/val_ega_zone_d_count,fold5/val_ega_zone_e_pct,fold5/val_ega_zone_e_count,fold5/val_horizon_15_mae,fold5/val_horizon_15_rmse,fold5/val_horizon_15_mard,fold5/val_horizon_15_mape,fold5/val_horizon_15_r2,fold5/val_horizon_15_pearson,fold5/val_horizon_15_ega_zone_a_pct,fold5/val_horizon_15_ega_zone_a_count,fold5/val_horizon_15_ega_zone_b_pct,fold5/val_horizon_15_ega_zone_b_count,fold5/val_horizon_15_ega_zone_c_pct,fold5/val_horizon_15_ega_zone_c_count,fold5/val_horizon_15_ega_zone_d_pct,fold5/val_horizon_15_ega_zone_d_count,fold5/val_horizon_15_ega_zone_e_pct,fold5/val_horizon_15_ega_zone_e_count,fold5/val_horizon_30_mae,fold5/val_horizon_30_rmse,fold5/val_horizon_30_mard,fold5/val_horizon_30_mape,fold5/val_horizon_30_r2,fold5/val_horizon_30_pearson,fold5/val_horizon_30_ega_zone_a_pct,fold5/val_horizon_30_ega_zone_a_count,fold5/val_horizon_30_ega_zone_b_pct,fold5/val_horizon_30_ega_zone_b_count,fold5/val_horizon_30_ega_zone_c_pct,fold5/val_horizon_30_ega_zone_c_count,fold5/val_horizon_30_ega_zone_d_pct,fold5/val_horizon_30_ega_zone_d_count,fold5/val_horizon_30_ega_zone_e_pct,fold5/val_horizon_30_ega_zone_e_count,fold5/val_horizon_45_mae,fold5/val_horizon_45_rmse,fold5/val_horizon_45_mard,fold5/val_horizon_45_mape,fold5/val_horizon_45_r2,fold5/val_horizon_45_pearson,fold5/val_horizon_45_ega_zone_a_pct,fold5/val_horizon_45_ega_zone_a_count,fold5/val_horizon_45_ega_zone_b_pct,fold5/val_horizon_45_ega_zone_b_count,fold5/val_horizon_45_ega_zone_c_pct,fold5/val_horizon_45_ega_zone_c_count,fold5/val_horizon_45_ega_zone_d_pct,fold5/val_horizon_45_ega_zone_d_count,fold5/val_horizon_45_ega_zone_e_pct,fold5/val_horizon_45_ega_zone_e_count,fold5/val_horizon_60_mae,fold5/val_horizon_60_rmse,fold5/val_horizon_60_mard,fold5/val_horizon_60_mape,fold5/val_horizon_60_r2,fold5/val_horizon_60_pearson,fold5/val_horizon_60_ega_zone_a_pct,fold5/val_horizon_60_ega_zone_a_count,fold5/val_horizon_60_ega_zone_b_pct,fold5/val_horizon_60_ega_zone_b_count,fold5/val_horizon_60_ega_zone_c_pct,fold5/val_horizon_60_ega_zone_c_count,fold5/val_horizon_60_ega_zone_d_pct,fold5/val_horizon_60_ega_zone_d_count,fold5/val_horizon_60_ega_zone_e_pct,fold5/val_horizon_60_ega_zone_e_count,fold5/diag_horizon_curriculum_progress,fold5/diag_loss_horizon_weight_0,fold5/diag_loss_horizon_weight_1,fold5/diag_loss_horizon_weight_2,fold5/diag_loss_horizon_weight_3
1,0.3012743013740212,12.295395851135254,16.285045623779297,11.833083152770996,11.833083152770996,0.5348593592643738,0.7561600208282471,82.51754760742188,18814.0,15.245613098144531,3476.0,0.0,0.0,2.236842155456543,510.0,0.0,0.0,9.40469741821289,12.496892929077148,9.160172462463379,9.160172462463379,0.7257238626480103,0.8779363036155701,89.47368621826172,5100.0,8.35087776184082,476.0,0.0,0.0,2.175438642501831,124.0,0.0,0.0,11.98581314086914,15.919731140136719,11.442347526550293,11.442347526550293,0.5555549263954163,0.7675192356109619,83.59648895263672,4765.0,14.17543888092041,808.0,0.0,0.0,2.2280702590942383,127.0,0.0,0.0,13.635414123535156,17.687427520751953,13.160699844360352,13.160699844360352,0.4516429901123047,0.7012007832527161,79.24561309814453,4517.0,18.473684310913086,1053.0,0.0,0.0,2.2807016372680664,130.0,0.0,0.0,14.15566349029541,18.394445419311523,13.569113731384277,13.569113731384277,0.40686893463134766,0.6616747975349426,77.75438690185547,4432.0,19.98245620727539,1139.0,0.0,0.0,2.263157844543457,129.0,0.0,0.0,0.0,0.3333333432674408,0.28333333134651184,0.21666665375232697,0.1666666716337204
2,0.26079520164350817,11.389596939086914,15.44660472869873,10.852252960205078,10.852252960205078,0.5815222263336182,0.7764346599578857,84.84648895263672,19345.0,12.929823875427246,2948.0,0.0,0.0,2.223684310913086,507.0,0.0,0.0,7.527632236480713,10.20300579071045,7.243811130523682,7.243811130523682,0.8171730041503906,0.9147846698760986,94.08772277832031,5363.0,3.78947377204895,216.0,0.0,0.0,2.122807025909424,121.0,0.0,0.0,11.167641639709473,15.025988578796387,10.587353706359863,10.587353706359863,0.6040569543838501,0.7901284098625183,85.40351104736328,4868.0,12.36842155456543,705.0,0.0,0.0,2.2280702590942383,127.0,0.0,0.0,12.996706008911133,17.19776153564453,12.363370895385742,12.363370895385742,0.48158448934555054,0.7101759314537048,81.07017517089844,4621.0,16.64912223815918,949.0,0.0,0.0,2.2807016372680664,130.0,0.0,0.0,13.866409301757812,18.13134765625,13.214471817016602,13.214471817016602,0.42371487617492676,0.6704248785972595,78.8245620727539,4493.0,18.912281036376953,1078.0,0.0,0.0,2.263157844543457,129.0,0.0,0.0,0.07142857142857142,0.3245614171028137,0.2788847088813782,0.21998745203018188,0.17656642198562622
3,0.24656948404889786,11.158333778381348,15.232025146484375,10.6089506149292,10.6089506149292,0.5930681824684143,0.7811648845672607,85.44737243652344,19482.0,12.359648704528809,2818.0,0.0,0.0,2.1929824352264404,500.0,0.0,0.0,7.0496320724487305,9.605287551879883,6.777604103088379,6.777604103088379,0.8379665613174438,0.9229800701141357,95.3859634399414,5437.0,2.614035129547119,149.0,0.0,0.0,2.0,114.0,0.0,0.0,10.931683540344238,14.76212215423584,10.353968620300293,10.353968620300293,0.6178408861160278,0.7962525486946106,86.01753997802734,4903.0,11.754385948181152,670.0,0.0,0.0,2.2280702590942383,127.0,0.0,0.0,12.853588104248047,17.07089614868164,12.190875053405762,12.190875053405762,0.48920488357543945,0.7131696939468384,81.54385375976562,4648.0,16.175437927246094,922.0,0.0,0.0,2.2807016372680664,130.0,0.0,0.0,13.798433303833008,18.0682373046875,13.11335277557373,13.11335277557373,0.4277196526527405,0.6716066598892212,78.84210205078125,4494.0,18.894737243652344,1077.0,0.0,0.0,2.263157844543457,129.0,0.0,0.0,0.14285714285714285,0.31578949093818665,0.2744360864162445,0.223308265209198,0.18646617233753204
4,0.24029512199941397,11.049196243286133,15.150135040283203,10.459610939025879,10.459610939025879,0.5974318981170654,0.7832197546958923,85.79386138916016,19561.0,12.061403274536133,2750.0,0.0,0.0,2.1447367668151855,489.0,0.0,0.0,6.869272232055664,9.422569274902344,6.543360710144043,6.543360710144043,0.8440725207328796,0.9257506132125854,95.78947448730469,5460.0,2.4035086631774902,137.0,0.0,0.0,1.8070175647735596,103.0,0.0,0.0,10.788954734802246,14.632328987121582,10.169157028198242,10.169157028198242,0.6245315074920654,0.7996190786361694,86.36842346191406,4923.0,11.403508186340332,650.0,0.0,0.0,2.2280702590942383,127.0,0.0,0.0,12.76740837097168,17.01508903503418,12.066261291503906,12.066261291503906,0.4925391674041748,0.7143920660018921,81.84210968017578,4665.0,15.877193450927734,905.0,0.0,0.0,2.2807016372680664,130.0,0.0,0.0,13.771151542663574,18.047252655029297,13.059661865234375,13.059661865234375,0.42904818058013916,0.6725806593894958,79.1754379272461,4513.0,18.561403274536133,1058.0,0.0,0.0,2.263157844543457,129.0,0.0,0.0,0.21428571428571427,0.30701756477355957,0.26998746395111084,0.22662906348705292,0.19636592268943787
5,0.23473027264230698,10.873405456542969,15.021080017089844,10.269370079040527,10.269370079040527,0.6042611598968506,0.7856800556182861,86.1754379272461,19648.0,11.728070259094238,2674.0,0.0,0.0,2.0964913368225098,478.0,0.0,0.0,6.654080390930176,9.155183792114258,6.331940650939941,6.331940650939941,0.8527965545654297,0.9294359087944031,96.22806549072266,5485.0,2.1578946113586426,123.0,0.0,0.0,1.6140351295471191,92.0,0.0,0.0,10.597134590148926,14.464437484741211,9.95531177520752,9.95531177520752,0.6330983638763428,0.802869975566864,86.98246002197266,4958.0,10.789473533630371,615.0,0.0,0.0,2.2280702590942383,127.0,0.0,0.0,12.600701332092285,16.89525604248047,11.881789207458496,11.881789207458496,0.4996618628501892,0.716982901096344,81.91227722167969,4669.0,15.80701732635498,901.0,0.0,0.0,2.2807016372680664,130.0,0.0,0.0,13.64169979095459,18.001235961914062,12.908432960510254,12.908432960510254,0.43195611238479614,0.6714472770690918,79.57894897460938,4536.0,18.157894134521484,1035.0,0.0,0.0,2.263157844543457,129.0,0.0,0.0,0.2857142857142857,0.2982456088066101,0.2655388414859772,0.22994986176490784,0.2062656730413437
6,0.2321596789379897,10.960909843444824,15.112931251525879,10.342674255371094,10.342674255371094,0.5994065999984741,0.7827298045158386,86.00438690185547,19609.0,11.877193450927734,2708.0,0.0,0.0,2.1184210777282715,483.0,0.0,0.0,6.767370700836182,9.259982109069824,6.462746620178223,6.462746620178223,0.8494071960449219,0.9280538558959961,96.03508758544922,5474.0,2.263157844543457,129.0,0.0,0.0,1.7017543315887451,97.0,0.0,0.0,10.696155548095703,14.575212478637695,10.046917915344238,10.046917915344238,0.6274570226669312,0.7996910214424133,86.59648895263672,4936.0,11.17543888092041,637.0,0.0,0.0,2.2280702590942383,127.0,0.0,0.0,12.6840238571167,16.996116638183594,11.937156677246094,11.937156677246094,0.49367016553878784,0.7126651406288147,81.80701446533203,4663.0,15.912281036376953,907.0,0.0,0.0,2.2807016372680664,130.0,0.0,0.0,13.696087837219238,18.070714950561523,12.923881530761719,12.923881530761719,0.4275626540184021,0.6674842834472656,79.57894897460938,4536.0,18.157894134521484,1035.0,0.0,0.0,2.263157844543457,129.0,0.0,0.0,0.35714285714285715,0.28947368264198303,0.2610902190208435,0.23327067494392395,0.2161654233932495
7,0.22971646767715426,10.907997131347656,15.113213539123535,10.303136825561523,10.303136825561523,0.5993916988372803,0.7820401191711426,85.86841583251953,19578.0,11.951754570007324,2725.0,0.0,0.0,2.1798245906829834,497.0,0.0,0.0,6.72515344619751,9.271281242370605,6.44248628616333,6.44248628616333,0.8490394353866577,0.9272485375404358,95.71929931640625,5456.0,2.3333332538604736,133.0,0.0,0.0,1.9473685026168823,111.0,0.0,0.0,10.643346786499023,14.565288543701172,10.01154899597168,10.01154899597168,0.6279641389846802,0.7995203137397766,86.77192687988281,4946.0,11.0,627.0,0.0,0.0,2.2280702590942383,127.0,0.0,0.0,12.599493980407715,16.964433670043945,11.856169700622559,11.856169700622559,0.495556116104126,0.7131443619728088,81.877197265625,4667.0,15.842105865478516,903.0,0.0,0.0,2.2807016372680664,130.0,0.0,0.0,13.663993835449219,18.103605270385742,12.90234375,12.90234375,0.4254770278930664,0.6649622917175293,79.10526275634766,4509.0,18.63157844543457,1062.0,0.0,0.0,2.263157844543457,129.0,0.0,0.0,0.42857142857142855,0.28070175647735596,0.25664159655570984,0.23659147322177887,0.22606515884399414
8,0.22419078574038176,10.885912895202637,15.12175178527832,10.259671211242676,10.259671211242676,0.5989389419555664,0.7812936305999756,85.78947448730469,19560.0,12.035087585449219,2744.0,0.0,0.0,2.175438642501831,496.0,0.0,0.0,6.70097017288208,9.25268268585205,6.4116740226745605,6.4116740226745605,0.8496445417404175,0.9276535511016846,95.63158416748047,5451.0,2.438596487045288,139.0,0.0,0.0,1.9298245906829834,110.0,0.0,0.0,10.618062973022461,14.57699966430664,9.96256160736084,9.96256160736084,0.6273656487464905,0.7986725568771362,86.59648895263672,4936.0,11.17543888092041,637.0,0.0,0.0,2.2280702590942383,127.0,0.0,0.0,12.600401878356934,16.989538192749023,11.826908111572266,11.826908111572266,0.49406200647354126,0.7113888263702393,81.85964965820312,4666.0,15.859648704528809,904.0,0.0,0.0,2.2807016372680664,130.0,0.0,0.0,13.624216079711914,18.108671188354492,12.837545394897461,12.837545394897461,0.4251554012298584,0.663224995136261,79.07017517089844,4507.0,18.66666603088379,1064.0,0.0,0.0,2.263157844543457,129.0,0.0,0.0,0.5,0.2719298303127289,0.25219297409057617,0.2399122714996338,0.23596492409706116
9,0.21777690665153482,10.928314208984375,15.205628395080566,10.2982816696167,10.2982816696167,0.5944774150848389,0.7778782844543457,85.62718963623047,19523.0,12.228070259094238,2788.0,0.0,0.0,2.1447367668151855,489.0,0.0,0.0,6.669632911682129,9.203660011291504,6.383450984954834,6.383450984954834,0.8512335419654846,0.9284331798553467,95.68421173095703,5454.0,2.473684310913086,141.0,0.0,0.0,1.8421051502227783,105.0,0.0,0.0,10.632349014282227,14.613961219787598,9.971776008605957,9.971776008605957,0.6254734992980957,0.7971691489219666,86.49122619628906,4930.0,11.315790176391602,645.0,0.0,0.0,2.1929824352264404,125.0,0.0,0.0,12.672496795654297,17.096168518066406,11.890268325805664,11.890268325805664,0.48769134283065796,0.7060237526893616,81.64912414550781,4654.0,16.070175170898438,916.0,0.0,0.0,2.2807016372680664,130.0,0.0,0.0,13.738776206970215,18.283607482910156,12.947633743286133,12.947633743286133,0.4139953851699829,0.6531057357788086,78.68421173095703,4485.0,19.052631378173828,1086.0,0.0,0.0,2.263157844543457,129.0,0.0,0.0,0.5714285714285714,0.2631579041481018,0.2477443516254425,0.2432330846786499,0.24586467444896698
10,0.21610710839717912,10.965458869934082,15.256342887878418,10.334320068359375,10.334320068359375,0.5917677879333496,0.776210606098175,85.53947448730469,19503.0,12.285087585449219,2801.0,0.0,0.0,2.175438642501831,496.0,0.0,0.0,6.729668140411377,9.24486255645752,6.473991394042969,6.473991394042969,0.8498985767364502,0.9285680055618286,95.42105102539062,5439.0,2.649122953414917,151.0,0.0,0.0,1.9298245906829834,110.0,0.0,0.0,10.670045852661133,14.652113914489746,10.009467124938965,10.009467124938965,0.6235153675079346,0.7963353991508484,86.28070068359375,4918.0,11.491228103637695,655.0,0.0,0.0,2.2280702590942383,127.0,0.0,0.0,12.672470092773438,17.130334854125977,11.871604919433594,11.871604919433594,0.4856416583061218,0.7043740153312683,81.6140365600586,4652.0,16.105262756347656,918.0,0.0,0.0,2.2807016372680664,130.0,0.0,0.0,13.789648056030273,18.369094848632812,12.982216835021973,12.982216835021973,0.40850257873535156,0.6474632620811462,78.84210205078125,4494.0,18.894737243652344,1077.0,0.0,0.0,2.263157844543457,129.0,0.0,0.0,0.6428571428571429,0.25438597798347473,0.24329572916030884,0.24655388295650482,0.2557644248008728
11,0.2105151628397404,11.034017562866211,15.307326316833496,10.415215492248535,10.415215492248535,0.5890348553657532,0.7751500606536865,85.16228485107422,19417.0,12.640351295471191,2882.0,0.0,0.0,2.1973683834075928,501.0,0.0,0.0,6.792738437652588,9.32008171081543,6.536980152130127,6.536980152130127,0.847446084022522,0.9283393621444702,95.12281036376953,5422.0,2.859649181365967,163.0,0.0,0.0,2.0175437927246094,115.0,0.0,0.0,10.740793228149414,14.693865776062012,10.089574813842773,10.089574813842773,0.6213667392730713,0.7959229946136475,85.5614013671875,4877.0,12.210526466369629,696.0,0.0,0.0,2.2280702590942383,127.0,0.0,0.0,12.747568130493164,17.191116333007812,11.959149360656738,11.959149360656738,0.48198509216308594,0.701917827129364,81.54385375976562,4648.0,16.175437927246094,922.0,0.0,0.0,2.2807016372680664,130.0,0.0,0.0,13.85496997833252,18.410564422607422,13.07515811920166,13.07515811920166,0.4058290123939514,0.645432710647583,78.42105102539062,4470.0,19.3157901763916,1101.0,0.0,0.0,2.263157844543457,129.0,0.0,0.0,0.7142857142857143,0.24561403691768646,0.23884710669517517,0.24987469613552094,0.26566416025161743
12,0.20418325648903568,11.156686782836914,15.432758331298828,10.523841857910156,10.523841857910156,0.5822721123695374,0.7713260054588318,84.96052551269531,19371.0,12.85087776184082,2930.0,0.0,0.0,2.188596487045288,499.0,0.0,0.0,6.910912036895752,9.485068321228027,6.6558756828308105,6.6558756828308105,0.8419971466064453,0.9259894490242004,94.92982482910156,5411.0,3.087719440460205,176.0,0.0,0.0,1.982456088066101,113.0,0.0,0.0,10.883496284484863,14.847225189208984,10.217774391174316,10.217774391174316,0.6134219169616699,0.7924348711967468,85.45613861083984,4871.0,12.315789222717285,702.0,0.0,0.0,2.2280702590942383,127.0,0.0,0.0,12.885053634643555,17.3204402923584,12.081690788269043,12.081690788269043,0.4741620421409607,0.6970170140266418,81.08772277832031,4622.0,16.631580352783203,948.0,0.0,0.0,2.2807016372680664,130.0,0.0,0.0,13.947283744812012,18.50069808959961,13.140027046203613,13.140027046203613,0.39999687671661377,0.6400203704833984,78.36841583251953,4467.0,19.368419647216797,1104.0,0.0,0.0,2.263157844543457,129.0,0.0,0.0,0.7857142857142857,0.23684212565422058,0.2343984991312027,0.25319552421569824,0.27556392550468445
13,0.19937973645243715,11.222882270812988,15.515149116516113,10.551482200622559,10.551482200622559,0.5778000354766846,0.7671974897384644,84.92105102539062,19362.0,12.903508186340332,2942.0,0.0,0.0,2.175438642501831,496.0,0.0,0.0,6.866878509521484,9.441474914550781,6.587395191192627,6.587395191192627,0.8434461951255798,0.9254826903343201,95.05262756347656,5418.0,3.0175437927246094,172.0,0.0,0.0,1.9298245906829834,110.0,0.0,0.0,10.93446159362793,14.924591064453125,10.232561111450195,10.232561111450195,0.6093826293945312,0.7889612913131714,85.63157653808594,4881.0,12.140350341796875,692.0,0.0,0.0,2.2280702590942383,127.0,0.0,0.0,13.001241683959961,17.451679229736328,12.149613380432129,12.149613380432129,0.46616315841674805,0.6899365782737732,80.80702209472656,4606.0,16.91227912902832,964.0,0.0,0.0,2.2807016372680664,130.0,0.0,0.0,14.088950157165527,18.61272430419922,13.236363410949707,13.236363410949707,0.39270859956741333,0.6330345869064331,78.19298553466797,4457.0,19.543859481811523,1114.0,0.0,0.0,2.263157844543457,129.0,0.0,0.0,0.8571428571428571,0.22807016968727112,0.22994986176490784,0.25651630759239197,0.2854636609554291
step,fold5/test_loss,fold5/test_mae,fold5/test_rmse,fold5/test_mard,fold5/test_mape,fold5/test_r2,fold5/test_pearson,fold5/test_ega_zone_a_pct,fold5/test_ega_zone_a_count,fold5/test_ega_zone_b_pct,fold5/test_ega_zone_b_count,fold5/test_ega_zone_c_pct,fold5/test_ega_zone_c_count,fold5/test_ega_zone_d_pct,fold5/test_ega_zone_d_count,fold5/test_ega_zone_e_pct,fold5/test_ega_zone_e_count,fold5/test_horizon_15_mae,fold5/test_horizon_15_rmse,fold5/test_horizon_15_mard,fold5/test_horizon_15_mape,fold5/test_horizon_15_r2,fold5/test_horizon_15_pearson,fold5/test_horizon_15_ega_zone_a_pct,fold5/test_horizon_15_ega_zone_a_count,fold5/test_horizon_15_ega_zone_b_pct,fold5/test_horizon_15_ega_zone_b_count,fold5/test_horizon_15_ega_zone_c_pct,fold5/test_horizon_15_ega_zone_c_count,fold5/test_horizon_15_ega_zone_d_pct,fold5/test_horizon_15_ega_zone_d_count,fold5/test_horizon_15_ega_zone_e_pct,fold5/test_horizon_15_ega_zone_e_count,fold5/test_horizon_30_mae,fold5/test_horizon_30_rmse,fold5/test_horizon_30_mard,fold5/test_horizon_30_mape,fold5/test_horizon_30_r2,fold5/test_horizon_30_pearson,fold5/test_horizon_30_ega_zone_a_pct,fold5/test_horizon_30_ega_zone_a_count,fold5/test_horizon_30_ega_zone_b_pct,fold5/test_horizon_30_ega_zone_b_count,fold5/test_horizon_30_ega_zone_c_pct,fold5/test_horizon_30_ega_zone_c_count,fold5/test_horizon_30_ega_zone_d_pct,fold5/test_horizon_30_ega_zone_d_count,fold5/test_horizon_30_ega_zone_e_pct,fold5/test_horizon_30_ega_zone_e_count,fold5/test_horizon_45_mae,fold5/test_horizon_45_rmse,fold5/test_horizon_45_mard,fold5/test_horizon_45_mape,fold5/test_horizon_45_r2,fold5/test_horizon_45_pearson,fold5/test_horizon_45_ega_zone_a_pct,fold5/test_horizon_45_ega_zone_a_count,fold5/test_horizon_45_ega_zone_b_pct,fold5/test_horizon_45_ega_zone_b_count,fold5/test_horizon_45_ega_zone_c_pct,fold5/test_horizon_45_ega_zone_c_count,fold5/test_horizon_45_ega_zone_d_pct,fold5/test_horizon_45_ega_zone_d_count,fold5/test_horizon_45_ega_zone_e_pct,fold5/test_horizon_45_ega_zone_e_count,fold5/test_horizon_60_mae,fold5/test_horizon_60_rmse,fold5/test_horizon_60_mard,fold5/test_horizon_60_mape,fold5/test_horizon_60_r2,fold5/test_horizon_60_pearson,fold5/test_horizon_60_ega_zone_a_pct,fold5/test_horizon_60_ega_zone_a_count,fold5/test_horizon_60_ega_zone_b_pct,fold5/test_horizon_60_ega_zone_b_count,fold5/test_horizon_60_ega_zone_c_pct,fold5/test_horizon_60_ega_zone_c_count,fold5/test_horizon_60_ega_zone_d_pct,fold5/test_horizon_60_ega_zone_d_count,fold5/test_horizon_60_ega_zone_e_pct,fold5/test_horizon_60_ega_zone_e_count
0,0.185135378448375,8.409926414489746,11.622525215148926,8.202033996582031,8.202033996582031,0.41148805618286133,0.6820661425590515,92.78385925292969,8139.0,7.204742908477783,632.0,0.0,0.0,0.011399908922612667,1.0,0.0,0.0,4.75849723815918,6.45634651184082,4.636023044586182,4.636023044586182,0.816946268081665,0.9120537042617798,99.54400634765625,2183.0,0.4559963345527649,10.0,0.0,0.0,0.0,0.0,0.0,0.0,7.88889741897583,10.679596900939941,7.664162635803223,7.664162635803223,0.5055204629898071,0.7384471893310547,95.75923919677734,2100.0,4.2407660484313965,93.0,0.0,0.0,0.0,0.0,0.0,0.0,9.883176803588867,13.15195083618164,9.615204811096191,9.615204811096191,0.24993491172790527,0.5716533064842224,89.96807861328125,1973.0,10.031919479370117,220.0,0.0,0.0,0.0,0.0,0.0,0.0,11.109132766723633,14.547174453735352,10.892745018005371,10.892745018005371,0.07641327381134033,0.4513135850429535,85.8641128540039,1883.0,14.090288162231445,309.0,0.0,0.0,0.04559963569045067,1.0,0.0,0.0
step,fold6/train_loss,fold6/val_mae,fold6/val_rmse,fold6/val_mard,fold6/val_mape,fold6/val_r2,fold6/val_pearson,fold6/val_ega_zone_a_pct,fold6/val_ega_zone_a_count,fold6/val_ega_zone_b_pct,fold6/val_ega_zone_b_count,fold6/val_ega_zone_c_pct,fold6/val_ega_zone_c_count,fold6/val_ega_zone_d_pct,fold6/val_ega_zone_d_count,fold6/val_ega_zone_e_pct,fold6/val_ega_zone_e_count,fold6/val_horizon_15_mae,fold6/val_horizon_15_rmse,fold6/val_horizon_15_mard,fold6/val_horizon_15_mape,fold6/val_horizon_15_r2,fold6/val_horizon_15_pearson,fold6/val_horizon_15_ega_zone_a_pct,fold6/val_horizon_15_ega_zone_a_count,fold6/val_horizon_15_ega_zone_b_pct,fold6/val_horizon_15_ega_zone_b_count,fold6/val_horizon_15_ega_zone_c_pct,fold6/val_horizon_15_ega_zone_c_count,fold6/val_horizon_15_ega_zone_d_pct,fold6/val_horizon_15_ega_zone_d_count,fold6/val_horizon_15_ega_zone_e_pct,fold6/val_horizon_15_ega_zone_e_count,fold6/val_horizon_30_mae,fold6/val_horizon_30_rmse,fold6/val_horizon_30_mard,fold6/val_horizon_30_mape,fold6/val_horizon_30_r2,fold6/val_horizon_30_pearson,fold6/val_horizon_30_ega_zone_a_pct,fold6/val_horizon_30_ega_zone_a_count,fold6/val_horizon_30_ega_zone_b_pct,fold6/val_horizon_30_ega_zone_b_count,fold6/val_horizon_30_ega_zone_c_pct,fold6/val_horizon_30_ega_zone_c_count,fold6/val_horizon_30_ega_zone_d_pct,fold6/val_horizon_30_ega_zone_d_count,fold6/val_horizon_30_ega_zone_e_pct,fold6/val_horizon_30_ega_zone_e_count,fold6/val_horizon_45_mae,fold6/val_horizon_45_rmse,fold6/val_horizon_45_mard,fold6/val_horizon_45_mape,fold6/val_horizon_45_r2,fold6/val_horizon_45_pearson,fold6/val_horizon_45_ega_zone_a_pct,fold6/val_horizon_45_ega_zone_a_count,fold6/val_horizon_45_ega_zone_b_pct,fold6/val_horizon_45_ega_zone_b_count,fold6/val_horizon_45_ega_zone_c_pct,fold6/val_horizon_45_ega_zone_c_count,fold6/val_horizon_45_ega_zone_d_pct,fold6/val_horizon_45_ega_zone_d_count,fold6/val_horizon_45_ega_zone_e_pct,fold6/val_horizon_45_ega_zone_e_count,fold6/val_horizon_60_mae,fold6/val_horizon_60_rmse,fold6/val_horizon_60_mard,fold6/val_horizon_60_mape,fold6/val_horizon_60_r2,fold6/val_horizon_60_pearson,fold6/val_horizon_60_ega_zone_a_pct,fold6/val_horizon_60_ega_zone_a_count,fold6/val_horizon_60_ega_zone_b_pct,fold6/val_horizon_60_ega_zone_b_count,fold6/val_horizon_60_ega_zone_c_pct,fold6/val_horizon_60_ega_zone_c_count,fold6/val_horizon_60_ega_zone_d_pct,fold6/val_horizon_60_ega_zone_d_count,fold6/val_horizon_60_ega_zone_e_pct,fold6/val_horizon_60_ega_zone_e_count,fold6/diag_horizon_curriculum_progress,fold6/diag_loss_horizon_weight_0,fold6/diag_loss_horizon_weight_1,fold6/diag_loss_horizon_weight_2,fold6/diag_loss_horizon_weight_3
1,0.30021604761792514,14.143097877502441,20.76711082458496,14.02892780303955,14.02892780303955,0.2958756685256958,0.5714199542999268,77.26827239990234,15772.0,19.655105590820312,4012.0,0.0,0.0,3.0766215324401855,628.0,0.0,0.0,11.196944236755371,16.128475189208984,11.228920936584473,11.228920936584473,0.5778635740280151,0.8085255026817322,83.87223815917969,4280.0,13.051146507263184,666.0,0.0,0.0,3.0766215324401855,157.0,0.0,0.0,14.013265609741211,20.14103126525879,13.90725326538086,13.90725326538086,0.3384520411491394,0.6177390813827515,77.15069580078125,3937.0,19.772682189941406,1009.0,0.0,0.0,3.0766215324401855,157.0,0.0,0.0,14.99380874633789,22.316471099853516,14.7119779586792,14.7119779586792,0.18474245071411133,0.4498350918292999,75.46540832519531,3851.0,21.457965850830078,1095.0,0.0,0.0,3.0766215324401855,157.0,0.0,0.0,16.368366241455078,23.691308975219727,16.267562866210938,16.267562866210938,0.0793684720993042,0.34862571954727173,72.58475494384766,3704.0,24.338623046875,1242.0,0.0,0.0,3.0766215324401855,157.0,0.0,0.0,0.0,0.3333333432674408,0.28333333134651184,0.21666665375232697,0.1666666716337204
2,0.2594293622725787,11.971989631652832,18.738384246826172,11.645833015441895,11.645833015441895,0.4267270565032959,0.6588757634162903,82.24083709716797,16787.0,14.937292098999023,3049.0,0.0,0.0,2.821869373321533,576.0,0.0,0.0,7.756187438964844,11.859237670898438,7.663965225219727,7.663965225219727,0.7717663049697876,0.8940963745117188,92.33783721923828,4712.0,5.447775840759277,278.0,0.0,0.0,2.214383602142334,113.0,0.0,0.0,11.56128978729248,17.654766082763672,11.218029975891113,11.218029975891113,0.4916979670524597,0.7104725241661072,82.85322570800781,4228.0,14.207328796386719,725.0,0.0,0.0,2.9394474029541016,150.0,0.0,0.0,13.606982231140137,20.886180877685547,13.162775039672852,13.162775039672852,0.28589534759521484,0.5392836928367615,78.1305160522461,3987.0,18.812461853027344,960.0,0.0,0.0,3.057025194168091,156.0,0.0,0.0,14.963497161865234,22.714385986328125,14.538558959960938,14.538558959960938,0.15372836589813232,0.4081091582775116,75.64178466796875,3860.0,21.281599044799805,1086.0,0.0,0.0,3.0766215324401855,157.0,0.0,0.0,0.07142857142857142,0.3245614171028137,0.2788847088813782,0.21998745203018188,0.17656642198562622
3,0.24815131635747803,11.617960929870605,18.305673599243164,11.292442321777344,11.292442321777344,0.4528976082801819,0.6771561503410339,82.96100616455078,16934.0,14.271016120910645,2913.0,0.0,0.0,2.767979621887207,565.0,0.0,0.0,7.152357578277588,10.895938873291016,7.105249404907227,7.105249404907227,0.8073382377624512,0.9098936319351196,93.8663558959961,4790.0,4.134822845458984,211.0,0.0,0.0,1.9988242387771606,102.0,0.0,0.0,11.095481872558594,17.029401779174805,10.739814758300781,10.739814758300781,0.527070164680481,0.7325251698493958,83.98980712890625,4286.0,13.090339660644531,668.0,0.0,0.0,2.919851064682007,149.0,0.0,0.0,13.385268211364746,20.516332626342773,12.944561004638672,12.944561004638672,0.3109617829322815,0.5616495013237,78.32647705078125,3997.0,18.596904754638672,949.0,0.0,0.0,3.0766215324401855,157.0,0.0,0.0,14.838737487792969,22.599754333496094,14.380143165588379,14.380143165588379,0.16224849224090576,0.4171496033668518,75.661376953125,3861.0,21.26200294494629,1085.0,0.0,0.0,3.0766215324401855,157.0,0.0,0.0,0.14285714285714285,0.31578949093818665,0.2744360864162445,0.223308265209198,0.18646617233753204
4,0.23718864669237616,11.417497634887695,17.942848205566406,11.114418983459473,11.114418983459473,0.4743703007698059,0.6921090483665466,83.24024963378906,16991.0,14.079952239990234,2874.0,0.0,0.0,2.6797962188720703,547.0,0.0,0.0,6.75690221786499,10.240633010864258,6.713922500610352,6.713922500610352,0.8298155665397644,0.9175089001655579,94.57182312011719,4826.0,3.5665295124053955,182.0,0.0,0.0,1.861649990081787,95.0,0.0,0.0,10.836332321166992,16.51530647277832,10.508965492248535,10.508965492248535,0.5551934242248535,0.7491579651832581,84.6756820678711,4321.0,12.600430488586426,643.0,0.0,0.0,2.7238879203796387,139.0,0.0,0.0,13.281062126159668,20.21135711669922,12.863747596740723,12.863747596740723,0.33129459619522095,0.5806971788406372,78.36566925048828,3999.0,18.577306747436523,948.0,0.0,0.0,3.057025194168091,156.0,0.0,0.0,14.79568862915039,22.39772605895996,14.371039390563965,14.371039390563965,0.17715954780578613,0.43865761160850525,75.34783172607422,3845.0,21.575542449951172,1101.0,0.0,0.0,3.0766215324401855,157.0,0.0,0.0,0.21428571428571427,0.30701756477355957,0.26998746395111084,0.22662906348705292,0.19636592268943787
5,0.2327567573935637,11.384893417358398,17.919092178344727,11.050819396972656,11.050819396972656,0.4757612347602844,0.6923020482063293,83.16676330566406,16976.0,14.128944396972656,2884.0,0.0,0.0,2.704291582107544,552.0,0.0,0.0,6.764466762542725,10.245352745056152,6.70626974105835,6.70626974105835,0.8296586871147156,0.9163941144943237,94.72859191894531,4834.0,3.3509702682495117,171.0,0.0,0.0,1.9204388856887817,98.0,0.0,0.0,10.812088966369629,16.488618850708008,10.476288795471191,10.476288795471191,0.5566297769546509,0.7488719820976257,84.36213684082031,4305.0,12.874778747558594,657.0,0.0,0.0,2.763080596923828,141.0,0.0,0.0,13.23734188079834,20.200124740600586,12.778347969055176,12.778347969055176,0.33203768730163574,0.5809001922607422,78.40486145019531,4001.0,18.538114547729492,946.0,0.0,0.0,3.057025194168091,156.0,0.0,0.0,14.725672721862793,22.3492374420166,14.242371559143066,14.242371559143066,0.18071842193603516,0.44152942299842834,75.17147064208984,3836.0,21.751911163330078,1110.0,0.0,0.0,3.0766215324401855,157.0,0.0,0.0,0.2857142857142857,0.2982456088066101,0.2655388414859772,0.22994986176490784,0.2062656730413437
6,0.22495908844396514,11.443675994873047,18.02633285522461,11.056910514831543,11.056910514831543,0.4694675803184509,0.6874840259552002,83.06388092041016,16955.0,14.432686805725098,2946.0,0.0,0.0,2.503429412841797,511.0,0.0,0.0,6.735633373260498,10.172311782836914,6.636828899383545,6.636828899383545,0.8320788145065308,0.9158310294151306,94.57182312011719,4826.0,3.66451096534729,187.0,0.0,0.0,1.763668417930603,90.0,0.0,0.0,10.851517677307129,16.493988037109375,10.473806381225586,10.473806381225586,0.5563410520553589,0.7477760910987854,84.7736587524414,4326.0,12.835587501525879,655.0,0.0,0.0,2.3907504081726074,122.0,0.0,0.0,13.33958625793457,20.329809188842773,12.828829765319824,12.828829765319824,0.3234335780143738,0.5758728384971619,78.50283813476562,4006.0,18.69488525390625,954.0,0.0,0.0,2.8022732734680176,143.0,0.0,0.0,14.847963333129883,22.604557037353516,14.288175582885742,14.288175582885742,0.16189241409301758,0.42818543314933777,74.40721130371094,3797.0,22.535762786865234,1150.0,0.0,0.0,3.057025194168091,156.0,0.0,0.0,0.35714285714285715,0.28947368264198303,0.2610902190208435,0.23327067494392395,0.2161654233932495
7,0.22265690476103683,11.471456527709961,18.063920974731445,11.080501556396484,11.080501556396484,0.4672527313232422,0.6854212284088135,83.09818267822266,16962.0,14.378796577453613,2935.0,0.0,0.0,2.5230257511138916,515.0,0.0,0.0,6.815964698791504,10.283227920532227,6.709486961364746,6.709486961364746,0.8283969163894653,0.9135451316833496,94.61101531982422,4828.0,3.5861258506774902,183.0,0.0,0.0,1.8028610944747925,92.0,0.0,0.0,10.90327262878418,16.558292388916016,10.512794494628906,10.512794494628906,0.5528749227523804,0.7448941469192505,84.87164306640625,4331.0,12.678816795349121,647.0,0.0,0.0,2.4495394229888916,125.0,0.0,0.0,13.339103698730469,20.34784698486328,12.824132919311523,12.824132919311523,0.3222324848175049,0.5743497610092163,78.46365356445312,4004.0,18.73407745361328,956.0,0.0,0.0,2.8022732734680176,143.0,0.0,0.0,14.827485084533691,22.61115264892578,14.275593757629395,14.275593757629395,0.16140329837799072,0.4281167984008789,74.44640350341797,3799.0,22.51616668701172,1149.0,0.0,0.0,3.037429094314575,155.0,0.0,0.0,0.42857142857142855,0.28070175647735596,0.25664159655570984,0.23659147322177887,0.22606515884399414
8,0.21927290541421104,11.584274291992188,18.277605056762695,11.145878791809082,11.145878791809082,0.4545741081237793,0.6765744090080261,82.94630432128906,16931.0,14.555163383483887,2971.0,0.0,0.0,2.498530149459839,510.0,0.0,0.0,6.884185791015625,10.378636360168457,6.740606784820557,6.740606784820557,0.8251978158950806,0.9110943078994751,94.49343872070312,4822.0,3.7037036418914795,189.0,0.0,0.0,1.8028610944747925,92.0,0.0,0.0,11.033963203430176,16.764732360839844,10.5922269821167,10.5922269821167,0.5416563749313354,0.7368897795677185,84.91083526611328,4333.0,12.718008041381836,649.0,0.0,0.0,2.3711540699005127,121.0,0.0,0.0,13.487167358398438,20.61744499206543,12.917908668518066,12.917908668518066,0.30415332317352295,0.5620781779289246,78.15010833740234,3988.0,19.047618865966797,972.0,0.0,0.0,2.8022732734680176,143.0,0.0,0.0,14.931781768798828,22.856773376464844,14.332773208618164,14.332773208618164,0.14308536052703857,0.4162946939468384,74.23084259033203,3788.0,22.75132179260254,1161.0,0.0,0.0,3.0178327560424805,154.0,0.0,0.0,0.5,0.2719298303127289,0.25219297409057617,0.2399122714996338,0.23596492409706116
9,0.2148307586889027,11.68911361694336,18.403549194335938,11.226354598999023,11.226354598999023,0.44703155755996704,0.6708763837814331,82.55438232421875,16851.0,14.971585273742676,3056.0,0.0,0.0,2.4740350246429443,505.0,0.0,0.0,6.978091716766357,10.448003768920898,6.833823204040527,6.833823204040527,0.8228534460067749,0.9099493026733398,94.59141540527344,4827.0,3.6253185272216797,185.0,0.0,0.0,1.7832647562026978,91.0,0.0,0.0,11.12746810913086,16.885082244873047,10.66871166229248,10.66871166229248,0.5350521206855774,0.7322254180908203,84.32294464111328,4303.0,13.30589771270752,679.0,0.0,0.0,2.3711540699005127,121.0,0.0,0.0,13.599713325500488,20.799415588378906,12.996088027954102,12.996088027954102,0.2918160557746887,0.550907552242279,77.58181762695312,3959.0,19.655105590820312,1003.0,0.0,0.0,2.763080596923828,141.0,0.0,0.0,15.05118179321289,22.975637435913086,14.406794548034668,14.406794548034668,0.134149432182312,0.4072363078594208,73.72134399414062,3762.0,23.300018310546875,1189.0,0.0,0.0,2.978640079498291,152.0,0.0,0.0,0.5714285714285714,0.2631579041481018,0.2477443516254425,0.2432330846786499,0.24586467444896698
10,0.20919875389613282,11.839361190795898,18.648292541503906,11.343997955322266,11.343997955322266,0.43222618103027344,0.6601731181144714,82.2506332397461,16789.0,15.334117889404297,3130.0,0.0,0.0,2.41524600982666,493.0,0.0,0.0,7.0332489013671875,10.547511100769043,6.896735668182373,6.896735668182373,0.8194630146026611,0.9078423380851746,94.47383880615234,4821.0,3.6841073036193848,188.0,0.0,0.0,1.8420536518096924,94.0,0.0,0.0,11.257184982299805,17.080909729003906,10.773420333862305,10.773420333862305,0.5242048501968384,0.7245610952377319,84.26416015625,4300.0,13.403881072998047,684.0,0.0,0.0,2.3319613933563232,119.0,0.0,0.0,13.815760612487793,21.11673927307129,13.167595863342285,13.167595863342285,0.2700424790382385,0.5342806577682495,76.93513488769531,3926.0,20.419361114501953,1042.0,0.0,0.0,2.6455025672912598,135.0,0.0,0.0,15.251254081726074,23.283279418945312,14.538237571716309,14.538237571716309,0.11080694198608398,0.38773977756500244,73.32941436767578,3742.0,23.829120635986328,1216.0,0.0,0.0,2.841465711593628,145.0,0.0,0.0,0.6428571428571429,0.25438597798347473,0.24329572916030884,0.24655388295650482,0.2557644248008728
11,0.20613739035824372,12.020130157470703,18.913930892944336,11.512250900268555,11.512250900268555,0.4159355163574219,0.6481156349182129,82.0154800415039,16741.0,15.53007984161377,3170.0,0.0,0.0,2.4544386863708496,501.0,0.0,0.0,7.180739879608154,10.754416465759277,7.036529541015625,7.036529541015625,0.8123105764389038,0.9038336873054504,94.29747772216797,4812.0,3.742896318435669,191.0,0.0,0.0,1.9596315622329712,100.0,0.0,0.0,11.439395904541016,17.32777214050293,10.942870140075684,10.942870140075684,0.510352611541748,0.7149292230606079,83.87223815917969,4280.0,13.81540298461914,705.0,0.0,0.0,2.3123652935028076,118.0,0.0,0.0,14.011472702026367,21.41804313659668,13.344444274902344,13.344444274902344,0.24906307458877563,0.5160658359527588,76.83715057373047,3921.0,20.517343521118164,1047.0,0.0,0.0,2.6455025672912598,135.0,0.0,0.0,15.44891357421875,23.586130142211914,14.725157737731934,14.725157737731934,0.08752459287643433,0.36623913049697876,73.05506134033203,3728.0,24.044679641723633,1227.0,0.0,0.0,2.900254726409912,148.0,0.0,0.0,0.7142857142857143,0.24561403691768646,0.23884710669517517,0.24987469613552094,0.26566416025161743
12,0.20003153946852045,12.213889122009277,19.184181213378906,11.724772453308105,11.724772453308105,0.3991256356239319,0.6378029584884644,81.80481719970703,16698.0,15.770135879516602,3219.0,0.0,0.0,2.425044059753418,495.0,0.0,0.0,7.202954292297363,10.729165077209473,7.075639724731445,7.075639724731445,0.8131909370422363,0.9040144681930542,94.41505432128906,4818.0,3.66451096534729,187.0,0.0,0.0,1.9204388856887817,98.0,0.0,0.0,11.543489456176758,17.447885513305664,11.07078742980957,11.07078742980957,0.5035408735275269,0.7105000615119934,83.57828521728516,4265.0,14.109347343444824,720.0,0.0,0.0,2.3123652935028076,118.0,0.0,0.0,14.33043384552002,21.8380069732666,13.685380935668945,13.685380935668945,0.2193257212638855,0.4976509213447571,76.50401306152344,3904.0,20.909269332885742,1067.0,0.0,0.0,2.5867135524749756,132.0,0.0,0.0,15.778682708740234,23.993515014648438,15.067282676696777,15.067282676696777,0.05573141574859619,0.3516419231891632,72.72193145751953,3711.0,24.39741325378418,1245.0,0.0,0.0,2.8806583881378174,147.0,0.0,0.0,0.7857142857142857,0.23684212565422058,0.2343984991312027,0.25319552421569824,0.27556392550468445
13,0.19392438516349456,12.423851013183594,19.54490089416504,11.948533058166504,11.948533058166504,0.3763166666030884,0.6234359741210938,81.46678161621094,16629.0,16.12776756286621,3292.0,0.004899078980088234,1.0,2.4005486965179443,490.0,0.0,0.0,7.342541217803955,10.926057815551758,7.214097499847412,7.214097499847412,0.8062716722488403,0.8995710015296936,94.08191680908203,4801.0,4.0564374923706055,207.0,0.0,0.0,1.861649990081787,95.0,0.0,0.0,11.765530586242676,17.848852157592773,11.31367301940918,11.31367301940918,0.480460524559021,0.695310115814209,82.99039459228516,4235.0,14.638447761535645,747.0,0.019596315920352936,1.0,2.351557731628418,120.0,0.0,0.0,14.581059455871582,22.307281494140625,13.952795028686523,13.952795028686523,0.18541359901428223,0.4761452078819275,76.249267578125,3891.0,21.124828338623047,1078.0,0.0,0.0,2.625906229019165,134.0,0.0,0.0,16.006271362304688,24.34004020690918,15.313569068908691,15.313569068908691,0.02825939655303955,0.33742058277130127,72.54556274414062,3702.0,24.69135856628418,1260.0,0.0,0.0,2.763080596923828,141.0,0.0,0.0,0.8571428571428571,0.22807016968727112,0.22994986176490784,0.25651630759239197,0.2854636609554291
step,fold6/test_loss,fold6/test_mae,fold6/test_rmse,fold6/test_mard,fold6/test_mape,fold6/test_r2,fold6/test_pearson,fold6/test_ega_zone_a_pct,fold6/test_ega_zone_a_count,fold6/test_ega_zone_b_pct,fold6/test_ega_zone_b_count,fold6/test_ega_zone_c_pct,fold6/test_ega_zone_c_count,fold6/test_ega_zone_d_pct,fold6/test_ega_zone_d_count,fold6/test_ega_zone_e_pct,fold6/test_ega_zone_e_count,fold6/test_horizon_15_mae,fold6/test_horizon_15_rmse,fold6/test_horizon_15_mard,fold6/test_horizon_15_mape,fold6/test_horizon_15_r2,fold6/test_horizon_15_pearson,fold6/test_horizon_15_ega_zone_a_pct,fold6/test_horizon_15_ega_zone_a_count,fold6/test_horizon_15_ega_zone_b_pct,fold6/test_horizon_15_ega_zone_b_count,fold6/test_horizon_15_ega_zone_c_pct,fold6/test_horizon_15_ega_zone_c_count,fold6/test_horizon_15_ega_zone_d_pct,fold6/test_horizon_15_ega_zone_d_count,fold6/test_horizon_15_ega_zone_e_pct,fold6/test_horizon_15_ega_zone_e_count,fold6/test_horizon_30_mae,fold6/test_horizon_30_rmse,fold6/test_horizon_30_mard,fold6/test_horizon_30_mape,fold6/test_horizon_30_r2,fold6/test_horizon_30_pearson,fold6/test_horizon_30_ega_zone_a_pct,fold6/test_horizon_30_ega_zone_a_count,fold6/test_horizon_30_ega_zone_b_pct,fold6/test_horizon_30_ega_zone_b_count,fold6/test_horizon_30_ega_zone_c_pct,fold6/test_horizon_30_ega_zone_c_count,fold6/test_horizon_30_ega_zone_d_pct,fold6/test_horizon_30_ega_zone_d_count,fold6/test_horizon_30_ega_zone_e_pct,fold6/test_horizon_30_ega_zone_e_count,fold6/test_horizon_45_mae,fold6/test_horizon_45_rmse,fold6/test_horizon_45_mard,fold6/test_horizon_45_mape,fold6/test_horizon_45_r2,fold6/test_horizon_45_pearson,fold6/test_horizon_45_ega_zone_a_pct,fold6/test_horizon_45_ega_zone_a_count,fold6/test_horizon_45_ega_zone_b_pct,fold6/test_horizon_45_ega_zone_b_count,fold6/test_horizon_45_ega_zone_c_pct,fold6/test_horizon_45_ega_zone_c_count,fold6/test_horizon_45_ega_zone_d_pct,fold6/test_horizon_45_ega_zone_d_count,fold6/test_horizon_45_ega_zone_e_pct,fold6/test_horizon_45_ega_zone_e_count,fold6/test_horizon_60_mae,fold6/test_horizon_60_rmse,fold6/test_horizon_60_mard,fold6/test_horizon_60_mape,fold6/test_horizon_60_r2,fold6/test_horizon_60_pearson,fold6/test_horizon_60_ega_zone_a_pct,fold6/test_horizon_60_ega_zone_a_count,fold6/test_horizon_60_ega_zone_b_pct,fold6/test_horizon_60_ega_zone_b_count,fold6/test_horizon_60_ega_zone_c_pct,fold6/test_horizon_60_ega_zone_c_count,fold6/test_horizon_60_ega_zone_d_pct,fold6/test_horizon_60_ega_zone_d_count,fold6/test_horizon_60_ega_zone_e_pct,fold6/test_horizon_60_ega_zone_e_count
0,0.3629635837211861,12.084840774536133,18.65488052368164,9.168625831604004,9.168625831604004,0.47178399562835693,0.7154271602630615,88.84488677978516,5384.0,11.155116081237793,676.0,0.0,0.0,0.0,0.0,0.0,0.0,6.754290580749512,9.734543800354004,5.251786708831787,5.251786708831787,0.8565042614936829,0.9445447325706482,98.81188201904297,1497.0,1.188118815422058,18.0,0.0,0.0,0.0,0.0,0.0,0.0,11.294984817504883,16.826770782470703,8.605758666992188,8.605758666992188,0.5704917907714844,0.7905807495117188,90.42904663085938,1370.0,9.57095718383789,145.0,0.0,0.0,0.0,0.0,0.0,0.0,14.315168380737305,21.312997817993164,10.81043815612793,10.81043815612793,0.3099672794342041,0.5980188250541687,85.08250427246094,1289.0,14.91749095916748,226.0,0.0,0.0,0.0,0.0,0.0,0.0,15.974916458129883,23.661630630493164,12.006519317626953,12.006519317626953,0.14839059114456177,0.43720823526382446,81.05610656738281,1228.0,18.943893432617188,287.0,0.0,0.0,0.0,0.0,0.0,0.0
step,fold7/train_loss,fold7/val_mae,fold7/val_rmse,fold7/val_mard,fold7/val_mape,fold7/val_r2,fold7/val_pearson,fold7/val_ega_zone_a_pct,fold7/val_ega_zone_a_count,fold7/val_ega_zone_b_pct,fold7/val_ega_zone_b_count,fold7/val_ega_zone_c_pct,fold7/val_ega_zone_c_count,fold7/val_ega_zone_d_pct,fold7/val_ega_zone_d_count,fold7/val_ega_zone_e_pct,fold7/val_ega_zone_e_count,fold7/val_horizon_15_mae,fold7/val_horizon_15_rmse,fold7/val_horizon_15_mard,fold7/val_horizon_15_mape,fold7/val_horizon_15_r2,fold7/val_horizon_15_pearson,fold7/val_horizon_15_ega_zone_a_pct,fold7/val_horizon_15_ega_zone_a_count,fold7/val_horizon_15_ega_zone_b_pct,fold7/val_horizon_15_ega_zone_b_count,fold7/val_horizon_15_ega_zone_c_pct,fold7/val_horizon_15_ega_zone_c_count,fold7/val_horizon_15_ega_zone_d_pct,fold7/val_horizon_15_ega_zone_d_count,fold7/val_horizon_15_ega_zone_e_pct,fold7/val_horizon_15_ega_zone_e_count,fold7/val_horizon_30_mae,fold7/val_horizon_30_rmse,fold7/val_horizon_30_mard,fold7/val_horizon_30_mape,fold7/val_horizon_30_r2,fold7/val_horizon_30_pearson,fold7/val_horizon_30_ega_zone_a_pct,fold7/val_horizon_30_ega_zone_a_count,fold7/val_horizon_30_ega_zone_b_pct,fold7/val_horizon_30_ega_zone_b_count,fold7/val_horizon_30_ega_zone_c_pct,fold7/val_horizon_30_ega_zone_c_count,fold7/val_horizon_30_ega_zone_d_pct,fold7/val_horizon_30_ega_zone_d_count,fold7/val_horizon_30_ega_zone_e_pct,fold7/val_horizon_30_ega_zone_e_count,fold7/val_horizon_45_mae,fold7/val_horizon_45_rmse,fold7/val_horizon_45_mard,fold7/val_horizon_45_mape,fold7/val_horizon_45_r2,fold7/val_horizon_45_pearson,fold7/val_horizon_45_ega_zone_a_pct,fold7/val_horizon_45_ega_zone_a_count,fold7/val_horizon_45_ega_zone_b_pct,fold7/val_horizon_45_ega_zone_b_count,fold7/val_horizon_45_ega_zone_c_pct,fold7/val_horizon_45_ega_zone_c_count,fold7/val_horizon_45_ega_zone_d_pct,fold7/val_horizon_45_ega_zone_d_count,fold7/val_horizon_45_ega_zone_e_pct,fold7/val_horizon_45_ega_zone_e_count,fold7/val_horizon_60_mae,fold7/val_horizon_60_rmse,fold7/val_horizon_60_mard,fold7/val_horizon_60_mape,fold7/val_horizon_60_r2,fold7/val_horizon_60_pearson,fold7/val_horizon_60_ega_zone_a_pct,fold7/val_horizon_60_ega_zone_a_count,fold7/val_horizon_60_ega_zone_b_pct,fold7/val_horizon_60_ega_zone_b_count,fold7/val_horizon_60_ega_zone_c_pct,fold7/val_horizon_60_ega_zone_c_count,fold7/val_horizon_60_ega_zone_d_pct,fold7/val_horizon_60_ega_zone_d_count,fold7/val_horizon_60_ega_zone_e_pct,fold7/val_horizon_60_ega_zone_e_count,fold7/diag_horizon_curriculum_progress,fold7/diag_loss_horizon_weight_0,fold7/diag_loss_horizon_weight_1,fold7/diag_loss_horizon_weight_2,fold7/diag_loss_horizon_weight_3
1,0.30211152346867,12.1189546585083,17.11206817626953,10.036582946777344,10.036582946777344,0.41921699047088623,0.6563126444816589,87.59988403320312,18417.0,11.895928382873535,2501.0,0.0,0.0,0.504185676574707,106.0,0.0,0.0,9.405786514282227,12.91434383392334,7.996829509735107,7.996829509735107,0.668703556060791,0.8405904769897461,93.05555725097656,4891.0,6.50684928894043,342.0,0.0,0.0,0.4375951290130615,23.0,0.0,0.0,11.87122917175293,16.735027313232422,9.807245254516602,9.807245254516602,0.44456177949905396,0.6789328455924988,87.95661926269531,4623.0,11.5487060546875,607.0,0.0,0.0,0.4946727752685547,26.0,0.0,0.0,13.320099830627441,18.464275360107422,11.059038162231445,11.059038162231445,0.32435011863708496,0.5745917558670044,85.42617797851562,4490.0,14.022069931030273,737.0,0.0,0.0,0.5517503619194031,29.0,0.0,0.0,13.878701210021973,19.583688735961914,11.283219337463379,11.283219337463379,0.23981153964996338,0.5066381692886353,83.96118927001953,4413.0,15.506088256835938,815.0,0.0,0.0,0.5327244997024536,28.0,0.0,0.0,0.0,0.3333333432674408,0.28333333134651184,0.21666665375232697,0.1666666716337204
2,0.2579347875256669,11.197731971740723,16.38947868347168,9.056479454040527,9.056479454040527,0.46723079681396484,0.7037014961242676,89.06488037109375,18725.0,10.430935859680176,2193.0,0.0,0.0,0.504185676574707,106.0,0.0,0.0,7.305749416351318,10.345331192016602,6.04539155960083,6.04539155960083,0.7874011993408203,0.8996186852455139,96.6324234008789,5079.0,2.9299848079681396,154.0,0.0,0.0,0.4375951290130615,23.0,0.0,0.0,11.007303237915039,15.809934616088867,8.915780067443848,8.915780067443848,0.5042724609375,0.7294009923934937,89.57382202148438,4708.0,9.931507110595703,522.0,0.0,0.0,0.4946727752685547,26.0,0.0,0.0,12.804384231567383,18.32290267944336,10.312280654907227,10.312280654907227,0.3346569538116455,0.6058868169784546,85.9779281616211,4519.0,13.470318794250488,708.0,0.0,0.0,0.5517503619194031,29.0,0.0,0.0,13.673486709594727,19.538461685180664,10.952467918395996,10.952467918395996,0.24331867694854736,0.5325486660003662,84.0753402709961,4419.0,15.391932487487793,809.0,0.0,0.0,0.5327244997024536,28.0,0.0,0.0,0.07142857142857142,0.3245614171028137,0.2788847088813782,0.21998745203018188,0.17656642198562622
3,0.2478734910847644,11.082891464233398,16.172449111938477,8.980252265930176,8.980252265930176,0.48124730587005615,0.7140318751335144,89.5119857788086,18819.0,9.983827590942383,2099.0,0.0,0.0,0.504185676574707,106.0,0.0,0.0,6.99911642074585,9.774670600891113,5.810708999633789,5.810708999633789,0.8102086782455444,0.9118051528930664,97.46955871582031,5123.0,2.092846393585205,110.0,0.0,0.0,0.4375951290130615,23.0,0.0,0.0,10.887801170349121,15.477655410766602,8.863334655761719,8.863334655761719,0.5248910188674927,0.7418511509895325,89.87823486328125,4724.0,9.627092361450195,506.0,0.0,0.0,0.4946727752685547,26.0,0.0,0.0,12.782585144042969,18.223873138427734,10.300684928894043,10.300684928894043,0.3418293595314026,0.6142511963844299,86.3013687133789,4536.0,13.146880149841309,691.0,0.0,0.0,0.5517503619194031,29.0,0.0,0.0,13.662063598632812,19.46742820739746,10.946281433105469,10.946281433105469,0.24881058931350708,0.5415927171707153,84.3987808227539,4436.0,15.068493843078613,792.0,0.0,0.0,0.5327244997024536,28.0,0.0,0.0,0.14285714285714285,0.31578949093818665,0.2744360864162445,0.223308265209198,0.18646617233753204
4,0.24203078486746238,10.996731758117676,16.099313735961914,8.906306266784668,8.906306266784668,0.485928475856781,0.7165085077285767,89.53101348876953,18823.0,9.964801788330078,2095.0,0.0,0.0,0.504185676574707,106.0,0.0,0.0,6.757385730743408,9.430487632751465,5.633690357208252,5.633690357208252,0.8233391046524048,0.9156450033187866,97.77397155761719,5139.0,1.7884323596954346,94.0,0.0,0.0,0.4375951290130615,23.0,0.0,0.0,10.782721519470215,15.329957008361816,8.784963607788086,8.784963607788086,0.5339153409004211,0.7459616661071777,89.93531799316406,4727.0,9.570014953613281,503.0,0.0,0.0,0.4946727752685547,26.0,0.0,0.0,12.753092765808105,18.202667236328125,10.261700630187988,10.261700630187988,0.34336012601852417,0.617453396320343,86.13013458251953,4527.0,13.31811237335205,700.0,0.0,0.0,0.5517503619194031,29.0,0.0,0.0,13.69372844696045,19.531328201293945,10.944875717163086,10.944875717163086,0.24387115240097046,0.5434434413909912,84.28462982177734,4430.0,15.182648658752441,798.0,0.0,0.0,0.5327244997024536,28.0,0.0,0.0,0.21428571428571427,0.30701756477355957,0.26998746395111084,0.22662906348705292,0.19636592268943787
5,0.2366393771399862,11.004858016967773,16.11772918701172,8.896600723266602,8.896600723266602,0.48475170135498047,0.7176797986030579,89.43112182617188,18802.0,10.064688682556152,2116.0,0.0,0.0,0.504185676574707,106.0,0.0,0.0,6.676970481872559,9.290494918823242,5.5706939697265625,5.5706939697265625,0.8285451531410217,0.918099582195282,97.8310546875,5142.0,1.7313545942306519,91.0,0.0,0.0,0.4375951290130615,23.0,0.0,0.0,10.79043960571289,15.323164939880371,8.772530555725098,8.772530555725098,0.534328281879425,0.7486056089401245,89.85921478271484,4723.0,9.6461181640625,507.0,0.0,0.0,0.4946727752685547,26.0,0.0,0.0,12.791085243225098,18.243637084960938,10.270791053771973,10.270791053771973,0.3404009938240051,0.6189587712287903,86.09208679199219,4525.0,13.35616397857666,702.0,0.0,0.0,0.5517503619194031,29.0,0.0,0.0,13.760933876037598,19.626049041748047,10.972389221191406,10.972389221191406,0.23651933670043945,0.542273759841919,83.9421615600586,4412.0,15.525114059448242,816.0,0.0,0.0,0.5327244997024536,28.0,0.0,0.0,0.2857142857142857,0.2982456088066101,0.2655388414859772,0.22994986176490784,0.2062656730413437
6,0.23200280687323047,11.05179214477539,16.176206588745117,8.919595718383789,8.919595718383789,0.4810061454772949,0.7164254784584045,89.48820495605469,18814.0,10.007610321044922,2104.0,0.0,0.0,0.504185676574707,106.0,0.0,0.0,6.716220855712891,9.375542640686035,5.587925910949707,5.587925910949707,0.8253917098045349,0.9167417287826538,97.81202697753906,5141.0,1.750380516052246,92.0,0.0,0.0,0.4375951290130615,23.0,0.0,0.0,10.839208602905273,15.39516544342041,8.792583465576172,8.792583465576172,0.5299417972564697,0.7470725178718567,89.76407623291016,4718.0,9.74124813079834,512.0,0.0,0.0,0.4946727752685547,26.0,0.0,0.0,12.84001350402832,18.291969299316406,10.298386573791504,10.298386573791504,0.3369014263153076,0.6187314987182617,86.28234100341797,4535.0,13.165905952453613,692.0,0.0,0.0,0.5517503619194031,29.0,0.0,0.0,13.811723709106445,19.676651000976562,10.99948501586914,10.99948501586914,0.23257726430892944,0.5421985983848572,84.09436798095703,4420.0,15.372906684875488,808.0,0.0,0.0,0.5327244997024536,28.0,0.0,0.0,0.35714285714285715,0.28947368264198303,0.2610902190208435,0.23327067494392395,0.2161654233932495
7,0.22741559098101824,11.04598331451416,16.23604393005371,8.892943382263184,8.892943382263184,0.47715944051742554,0.7133535146713257,89.43588256835938,18803.0,10.064688682556152,2116.0,0.0,0.0,0.49942922592163086,105.0,0.0,0.0,6.619023323059082,9.264826774597168,5.512135982513428,5.512135982513428,0.8294912576675415,0.9172080159187317,97.88813018798828,5145.0,1.6933029890060425,89.0,0.0,0.0,0.4185692369937897,22.0,0.0,0.0,10.864310264587402,15.480093002319336,8.78460693359375,8.78460693359375,0.5247412919998169,0.7439783811569214,89.85921478271484,4723.0,9.6461181640625,507.0,0.0,0.0,0.4946727752685547,26.0,0.0,0.0,12.869504928588867,18.387584686279297,10.293641090393066,10.293641090393066,0.32995104789733887,0.614389181137085,85.99695587158203,4520.0,13.451292991638184,707.0,0.0,0.0,0.5517503619194031,29.0,0.0,0.0,13.831094741821289,19.77025032043457,10.981388092041016,10.981388092041016,0.22525882720947266,0.5384480953216553,83.99923706054688,4415.0,15.468036651611328,813.0,0.0,0.0,0.5327244997024536,28.0,0.0,0.0,0.42857142857142855,0.28070175647735596,0.25664159655570984,0.23659147322177887,0.22606515884399414
8,0.22433162705252355,11.112717628479004,16.278799057006836,8.933229446411133,8.933229446411133,0.47440218925476074,0.7140939235687256,89.3740463256836,18790.0,10.126522064208984,2129.0,0.0,0.0,0.49942922592163086,105.0,0.0,0.0,6.676698207855225,9.334668159484863,5.5436248779296875,5.5436248779296875,0.8269108533859253,0.9168768525123596,97.88813018798828,5145.0,1.6933029890060425,89.0,0.0,0.0,0.4185692369937897,22.0,0.0,0.0,10.95760440826416,15.555546760559082,8.847278594970703,8.847278594970703,0.520097017288208,0.7428638339042664,89.76407623291016,4718.0,9.74124813079834,512.0,0.0,0.0,0.4946727752685547,26.0,0.0,0.0,12.951092720031738,18.436552047729492,10.34521198272705,10.34521198272705,0.3263775706291199,0.6155324578285217,85.78767395019531,4509.0,13.660578727722168,718.0,0.0,0.0,0.5517503619194031,29.0,0.0,0.0,13.865478515625,19.773204803466797,10.996801376342773,10.996801376342773,0.22502726316452026,0.5429354906082153,84.05632019042969,4418.0,15.410958290100098,810.0,0.0,0.0,0.5327244997024536,28.0,0.0,0.0,0.5,0.2719298303127289,0.25219297409057617,0.2399122714996338,0.23596492409706116
9,0.21944585721167406,11.165789604187012,16.363174438476562,8.955109596252441,8.955109596252441,0.4689396023750305,0.7123143672943115,89.35977935791016,18787.0,10.140791893005371,2132.0,0.0,0.0,0.49942922592163086,105.0,0.0,0.0,6.686778545379639,9.36852741241455,5.538008213043213,5.538008213043213,0.8256528973579407,0.9162418246269226,97.90715789794922,5146.0,1.6742769479751587,88.0,0.0,0.0,0.4185692369937897,22.0,0.0,0.0,11.023781776428223,15.671553611755371,8.875073432922363,8.875073432922363,0.512912392616272,0.7402493953704834,89.59284210205078,4709.0,9.912481307983398,521.0,0.0,0.0,0.4946727752685547,26.0,0.0,0.0,13.030799865722656,18.54558563232422,10.383782386779785,10.383782386779785,0.3183863162994385,0.6129545569419861,85.69254302978516,4504.0,13.755707740783691,723.0,0.0,0.0,0.5517503619194031,29.0,0.0,0.0,13.921799659729004,19.842077255249023,11.023574829101562,11.023574829101562,0.2196192741394043,0.5406829118728638,84.24657440185547,4428.0,15.22070026397705,800.0,0.0,0.0,0.5327244997024536,28.0,0.0,0.0,0.5714285714285714,0.2631579041481018,0.2477443516254425,0.2432330846786499,0.24586467444896698
10,0.21341760520900305,11.295180320739746,16.50946807861328,9.045339584350586,9.045339584350586,0.4594012498855591,0.7084065079689026,89.07914733886719,18728.0,10.421422958374023,2191.0,0.0,0.0,0.49942922592163086,105.0,0.0,0.0,6.762294769287109,9.488988876342773,5.58449649810791,5.58449649810791,0.8211405277252197,0.9149608612060547,97.81202697753906,5141.0,1.7694063186645508,93.0,0.0,0.0,0.4185692369937897,22.0,0.0,0.0,11.141341209411621,15.812522888183594,8.959031105041504,8.959031105041504,0.5041100978851318,0.736522912979126,89.49771881103516,4704.0,10.007610321044922,526.0,0.0,0.0,0.4946727752685547,26.0,0.0,0.0,13.181933403015137,18.705873489379883,10.492539405822754,10.492539405822754,0.3065532445907593,0.6069415807723999,85.04566192626953,4470.0,14.402587890625,757.0,0.0,0.0,0.5517503619194031,29.0,0.0,0.0,14.095152854919434,20.006591796875,11.145289421081543,11.145289421081543,0.2066250443458557,0.5346086621284485,83.96118927001953,4413.0,15.506088256835938,815.0,0.0,0.0,0.5327244997024536,28.0,0.0,0.0,0.6428571428571429,0.25438597798347473,0.24329572916030884,0.24655388295650482,0.2557644248008728
11,0.2072613566537154,11.310637474060059,16.54240608215332,9.061028480529785,9.061028480529785,0.45724207162857056,0.7043001651763916,89.07439422607422,18727.0,10.435691833496094,2194.0,0.0,0.0,0.48991626501083374,103.0,0.0,0.0,6.774416923522949,9.5222749710083,5.588104248046875,5.588104248046875,0.8198834657669067,0.9132255911827087,97.81202697753906,5141.0,1.7884323596954346,94.0,0.0,0.0,0.3995434045791626,21.0,0.0,0.0,11.153133392333984,15.854667663574219,8.965436935424805,8.965436935424805,0.5014631748199463,0.7325974106788635,89.36453247070312,4697.0,10.159817695617676,534.0,0.0,0.0,0.47564688324928284,25.0,0.0,0.0,13.21566390991211,18.766393661499023,10.524883270263672,10.524883270263672,0.3020588755607605,0.5998289585113525,85.04566192626953,4470.0,14.402587890625,757.0,0.0,0.0,0.5517503619194031,29.0,0.0,0.0,14.099335670471191,20.009571075439453,11.165687561035156,11.165687561035156,0.20638877153396606,0.5269955992698669,84.0753402709961,4419.0,15.391932487487793,809.0,0.0,0.0,0.5327244997024536,28.0,0.0,0.0,0.7142857142857143,0.24561403691768646,0.23884710669517517,0.24987469613552094,0.26566416025161743
12,0.20479434005097846,11.358851432800293,16.63971519470215,9.094001770019531,9.094001770019531,0.4508379101753235,0.6993300914764404,88.9935302734375,18710.0,10.521308898925781,2212.0,0.0,0.0,0.48515981435775757,102.0,0.0,0.0,6.813381195068359,9.590983390808105,5.614603519439697,5.614603519439697,0.817274808883667,0.9114619493484497,97.79299926757812,5140.0,1.8074581623077393,95.0,0.0,0.0,0.3995434045791626,21.0,0.0,0.0,11.216458320617676,15.986856460571289,9.007939338684082,9.007939338684082,0.4931154251098633,0.7269564270973206,89.0220718383789,4679.0,10.502283096313477,552.0,0.0,0.0,0.47564688324928284,25.0,0.0,0.0,13.254368782043457,18.854488372802734,10.553979873657227,10.553979873657227,0.2954908609390259,0.5924468636512756,85.25495147705078,4481.0,14.21232795715332,747.0,0.0,0.0,0.5327244997024536,28.0,0.0,0.0,14.15119743347168,20.11124610900879,11.199482917785645,11.199482917785645,0.1983029842376709,0.5194669961929321,83.90411376953125,4410.0,15.563165664672852,818.0,0.0,0.0,0.5327244997024536,28.0,0.0,0.0,0.7857142857142857,0.23684212565422058,0.2343984991312027,0.25319552421569824,0.27556392550468445
step,fold7/test_loss,fold7/test_mae,fold7/test_rmse,fold7/test_mard,fold7/test_mape,fold7/test_r2,fold7/test_pearson,fold7/test_ega_zone_a_pct,fold7/test_ega_zone_a_count,fold7/test_ega_zone_b_pct,fold7/test_ega_zone_b_count,fold7/test_ega_zone_c_pct,fold7/test_ega_zone_c_count,fold7/test_ega_zone_d_pct,fold7/test_ega_zone_d_count,fold7/test_ega_zone_e_pct,fold7/test_ega_zone_e_count,fold7/test_horizon_15_mae,fold7/test_horizon_15_rmse,fold7/test_horizon_15_mard,fold7/test_horizon_15_mape,fold7/test_horizon_15_r2,fold7/test_horizon_15_pearson,fold7/test_horizon_15_ega_zone_a_pct,fold7/test_horizon_15_ega_zone_a_count,fold7/test_horizon_15_ega_zone_b_pct,fold7/test_horizon_15_ega_zone_b_count,fold7/test_horizon_15_ega_zone_c_pct,fold7/test_horizon_15_ega_zone_c_count,fold7/test_horizon_15_ega_zone_d_pct,fold7/test_horizon_15_ega_zone_d_count,fold7/test_horizon_15_ega_zone_e_pct,fold7/test_horizon_15_ega_zone_e_count,fold7/test_horizon_30_mae,fold7/test_horizon_30_rmse,fold7/test_horizon_30_mard,fold7/test_horizon_30_mape,fold7/test_horizon_30_r2,fold7/test_horizon_30_pearson,fold7/test_horizon_30_ega_zone_a_pct,fold7/test_horizon_30_ega_zone_a_count,fold7/test_horizon_30_ega_zone_b_pct,fold7/test_horizon_30_ega_zone_b_count,fold7/test_horizon_30_ega_zone_c_pct,fold7/test_horizon_30_ega_zone_c_count,fold7/test_horizon_30_ega_zone_d_pct,fold7/test_horizon_30_ega_zone_d_count,fold7/test_horizon_30_ega_zone_e_pct,fold7/test_horizon_30_ega_zone_e_count,fold7/test_horizon_45_mae,fold7/test_horizon_45_rmse,fold7/test_horizon_45_mard,fold7/test_horizon_45_mape,fold7/test_horizon_45_r2,fold7/test_horizon_45_pearson,fold7/test_horizon_45_ega_zone_a_pct,fold7/test_horizon_45_ega_zone_a_count,fold7/test_horizon_45_ega_zone_b_pct,fold7/test_horizon_45_ega_zone_b_count,fold7/test_horizon_45_ega_zone_c_pct,fold7/test_horizon_45_ega_zone_c_count,fold7/test_horizon_45_ega_zone_d_pct,fold7/test_horizon_45_ega_zone_d_count,fold7/test_horizon_45_ega_zone_e_pct,fold7/test_horizon_45_ega_zone_e_count,fold7/test_horizon_60_mae,fold7/test_horizon_60_rmse,fold7/test_horizon_60_mard,fold7/test_horizon_60_mape,fold7/test_horizon_60_r2,fold7/test_horizon_60_pearson,fold7/test_horizon_60_ega_zone_a_pct,fold7/test_horizon_60_ega_zone_a_count,fold7/test_horizon_60_ega_zone_b_pct,fold7/test_horizon_60_ega_zone_b_count,fold7/test_horizon_60_ega_zone_c_pct,fold7/test_horizon_60_ega_zone_c_count,fold7/test_horizon_60_ega_zone_d_pct,fold7/test_horizon_60_ega_zone_d_count,fold7/test_horizon_60_ega_zone_e_pct,fold7/test_horizon_60_ega_zone_e_count
0,0.2781521656558549,10.751441955566406,14.760233879089355,12.168877601623535,12.168877601623535,0.3625708222389221,0.6673592925071716,80.13016510009766,6279.0,15.020418167114258,1177.0,0.0,0.0,4.84941291809082,380.0,0.0,0.0,6.519413471221924,8.723811149597168,7.540043354034424,7.540043354034424,0.7792378067970276,0.9101608395576477,93.77233123779297,1837.0,2.2970902919769287,45.0,0.0,0.0,3.930576801300049,77.0,0.0,0.0,10.070685386657715,13.625117301940918,11.362138748168945,11.362138748168945,0.4554903507232666,0.7287625670433044,81.87850952148438,1604.0,12.965798377990723,254.0,0.0,0.0,5.155691623687744,101.0,0.0,0.0,12.421741485595703,16.596084594726562,13.979842185974121,13.979842185974121,0.1915348768234253,0.5447390079498291,74.93619537353516,1468.0,19.908117294311523,390.0,0.0,0.0,5.155691623687744,101.0,0.0,0.0,13.993927955627441,18.283308029174805,15.793484687805176,15.793484687805176,0.019006788730621338,0.40078166127204895,69.93363952636719,1370.0,24.910669326782227,488.0,0.0,0.0,5.155691623687744,101.0,0.0,0.0
step,fold8/train_loss,fold8/val_mae,fold8/val_rmse,fold8/val_mard,fold8/val_mape,fold8/val_r2,fold8/val_pearson,fold8/val_ega_zone_a_pct,fold8/val_ega_zone_a_count,fold8/val_ega_zone_b_pct,fold8/val_ega_zone_b_count,fold8/val_ega_zone_c_pct,fold8/val_ega_zone_c_count,fold8/val_ega_zone_d_pct,fold8/val_ega_zone_d_count,fold8/val_ega_zone_e_pct,fold8/val_ega_zone_e_count,fold8/val_horizon_15_mae,fold8/val_horizon_15_rmse,fold8/val_horizon_15_mard,fold8/val_horizon_15_mape,fold8/val_horizon_15_r2,fold8/val_horizon_15_pearson,fold8/val_horizon_15_ega_zone_a_pct,fold8/val_horizon_15_ega_zone_a_count,fold8/val_horizon_15_ega_zone_b_pct,fold8/val_horizon_15_ega_zone_b_count,fold8/val_horizon_15_ega_zone_c_pct,fold8/val_horizon_15_ega_zone_c_count,fold8/val_horizon_15_ega_zone_d_pct,fold8/val_horizon_15_ega_zone_d_count,fold8/val_horizon_15_ega_zone_e_pct,fold8/val_horizon_15_ega_zone_e_count,fold8/val_horizon_30_mae,fold8/val_horizon_30_rmse,fold8/val_horizon_30_mard,fold8/val_horizon_30_mape,fold8/val_horizon_30_r2,fold8/val_horizon_30_pearson,fold8/val_horizon_30_ega_zone_a_pct,fold8/val_horizon_30_ega_zone_a_count,fold8/val_horizon_30_ega_zone_b_pct,fold8/val_horizon_30_ega_zone_b_count,fold8/val_horizon_30_ega_zone_c_pct,fold8/val_horizon_30_ega_zone_c_count,fold8/val_horizon_30_ega_zone_d_pct,fold8/val_horizon_30_ega_zone_d_count,fold8/val_horizon_30_ega_zone_e_pct,fold8/val_horizon_30_ega_zone_e_count,fold8/val_horizon_45_mae,fold8/val_horizon_45_rmse,fold8/val_horizon_45_mard,fold8/val_horizon_45_mape,fold8/val_horizon_45_r2,fold8/val_horizon_45_pearson,fold8/val_horizon_45_ega_zone_a_pct,fold8/val_horizon_45_ega_zone_a_count,fold8/val_horizon_45_ega_zone_b_pct,fold8/val_horizon_45_ega_zone_b_count,fold8/val_horizon_45_ega_zone_c_pct,fold8/val_horizon_45_ega_zone_c_count,fold8/val_horizon_45_ega_zone_d_pct,fold8/val_horizon_45_ega_zone_d_count,fold8/val_horizon_45_ega_zone_e_pct,fold8/val_horizon_45_ega_zone_e_count,fold8/val_horizon_60_mae,fold8/val_horizon_60_rmse,fold8/val_horizon_60_mard,fold8/val_horizon_60_mape,fold8/val_horizon_60_r2,fold8/val_horizon_60_pearson,fold8/val_horizon_60_ega_zone_a_pct,fold8/val_horizon_60_ega_zone_a_count,fold8/val_horizon_60_ega_zone_b_pct,fold8/val_horizon_60_ega_zone_b_count,fold8/val_horizon_60_ega_zone_c_pct,fold8/val_horizon_60_ega_zone_c_count,fold8/val_horizon_60_ega_zone_d_pct,fold8/val_horizon_60_ega_zone_d_count,fold8/val_horizon_60_ega_zone_e_pct,fold8/val_horizon_60_ega_zone_e_count,fold8/diag_horizon_curriculum_progress,fold8/diag_loss_horizon_weight_0,fold8/diag_loss_horizon_weight_1,fold8/diag_loss_horizon_weight_2,fold8/diag_loss_horizon_weight_3
1,0.2977572821317401,10.739306449890137,15.828230857849121,9.219446182250977,9.219446182250977,0.4775066375732422,0.6983057260513306,89.50398254394531,16637.0,10.463740348815918,1945.0,0.0,0.0,0.032278887927532196,6.0,0.0,0.0,8.60901927947998,11.757308959960938,7.560267448425293,7.560267448425293,0.711090087890625,0.8692417740821838,95.0936050415039,4419.0,4.8633527755737305,226.0,0.0,0.0,0.04303852096199989,2.0,0.0,0.0,10.039284706115723,15.040732383728027,8.509062767028809,8.509062767028809,0.5281069278717041,0.740755558013916,91.3277359008789,4244.0,8.629222869873047,401.0,0.0,0.0,0.04303852096199989,2.0,0.0,0.0,11.503809928894043,17.211013793945312,9.732861518859863,9.732861518859863,0.3824080228805542,0.6239272356033325,87.79857635498047,4080.0,12.179901123046875,566.0,0.0,0.0,0.021519260480999947,1.0,0.0,0.0,12.805112838745117,18.478490829467773,11.075592994689941,11.075592994689941,0.28934425115585327,0.5400814414024353,83.7959976196289,3894.0,16.182483673095703,752.0,0.0,0.0,0.021519260480999947,1.0,0.0,0.0,0.0,0.3333333432674408,0.28333333134651184,0.21666665375232697,0.1666666716337204
2,0.2546752181034833,9.544934272766113,14.618200302124023,8.068811416625977,8.068811416625977,0.5543397665023804,0.7525084018707275,91.93566131591797,17089.0,8.032063484191895,1493.0,0.0,0.0,0.032278887927532196,6.0,0.0,0.0,6.024447917938232,9.026326179504395,5.111294269561768,5.111294269561768,0.8297179937362671,0.9204902648925781,98.06326293945312,4557.0,1.8936948776245117,88.0,0.0,0.0,0.04303852096199989,2.0,0.0,0.0,9.101424217224121,13.63465690612793,7.676324844360352,7.676324844360352,0.6122123003005981,0.7939656972885132,93.522705078125,4346.0,6.434258937835693,299.0,0.0,0.0,0.04303852096199989,2.0,0.0,0.0,10.938164710998535,16.349597930908203,9.218701362609863,9.218701362609863,0.4426822066307068,0.672933042049408,89.34796142578125,4152.0,10.630514144897461,494.0,0.0,0.0,0.021519260480999947,1.0,0.0,0.0,12.115694999694824,17.89076042175293,10.268926620483398,10.268926620483398,0.333831787109375,0.5812972784042358,86.8086929321289,4034.0,13.16978645324707,612.0,0.0,0.0,0.021519260480999947,1.0,0.0,0.0,0.07142857142857142,0.3245614171028137,0.2788847088813782,0.21998745203018188,0.17656642198562622
3,0.24409842667762702,9.340246200561523,14.305726051330566,7.903157711029053,7.903157711029053,0.5731887817382812,0.7622185945510864,92.14009094238281,17127.0,7.827630519866943,1455.0,0.0,0.0,0.032278887927532196,6.0,0.0,0.0,5.603849411010742,8.348736763000488,4.768551349639893,4.768551349639893,0.8543239831924438,0.9288617372512817,98.1923828125,4563.0,1.7645792961120605,82.0,0.0,0.0,0.04303852096199989,2.0,0.0,0.0,8.850253105163574,13.204314231872559,7.476824760437012,7.476824760437012,0.636305034160614,0.8050506711006165,93.60877990722656,4350.0,6.34818172454834,295.0,0.0,0.0,0.04303852096199989,2.0,0.0,0.0,10.831327438354492,16.10602569580078,9.134198188781738,9.134198188781738,0.4591640830039978,0.6836353540420532,89.62771606445312,4165.0,10.350763320922852,481.0,0.0,0.0,0.021519260480999947,1.0,0.0,0.0,12.075554847717285,17.752628326416016,10.233060836791992,10.233060836791992,0.34407883882522583,0.5897757411003113,87.13148498535156,4049.0,12.846997261047363,597.0,0.0,0.0,0.021519260480999947,1.0,0.0,0.0,0.14285714285714285,0.31578949093818665,0.2744360864162445,0.223308265209198,0.18646617233753204
4,0.23440380591661897,9.372928619384766,14.256654739379883,7.9593024253845215,7.9593024253845215,0.5761118531227112,0.7637646794319153,91.97332000732422,17096.0,7.994405269622803,1486.0,0.0,0.0,0.032278887927532196,6.0,0.0,0.0,5.5300421714782715,8.124674797058105,4.733604907989502,4.733604907989502,0.8620383143424988,0.9331622123718262,98.68732452392578,4586.0,1.2696362733840942,59.0,0.0,0.0,0.04303852096199989,2.0,0.0,0.0,8.851911544799805,13.100089073181152,7.5072340965271,7.5072340965271,0.6420238614082336,0.8088323473930359,93.67333984375,4353.0,6.283623695373535,292.0,0.0,0.0,0.04303852096199989,2.0,0.0,0.0,10.922094345092773,16.0983829498291,9.242907524108887,9.242907524108887,0.4596772789955139,0.683299720287323,89.19733428955078,4145.0,10.781148910522461,501.0,0.0,0.0,0.021519260480999947,1.0,0.0,0.0,12.187666893005371,17.782804489135742,10.353463172912598,10.353463172912598,0.3418470621109009,0.5867723226547241,86.33527374267578,4012.0,13.643211364746094,634.0,0.0,0.0,0.021519260480999947,1.0,0.0,0.0,0.21428571428571427,0.30701756477355957,0.26998746395111084,0.22662906348705292,0.19636592268943787
5,0.22759115450391976,9.233702659606934,14.179899215698242,7.7920050621032715,7.7920050621032715,0.5806638598442078,0.7699242234230042,92.44136047363281,17183.0,7.526360988616943,1399.0,0.0,0.0,0.032278887927532196,6.0,0.0,0.0,5.389184951782227,7.998660087585449,4.573605060577393,4.573605060577393,0.8662847280502319,0.9365302324295044,99.01011657714844,4601.0,0.9468474388122559,44.0,0.0,0.0,0.04303852096199989,2.0,0.0,0.0,8.732023239135742,13.033787727355957,7.355058193206787,7.355058193206787,0.6456382274627686,0.8144780993461609,93.99612426757812,4368.0,5.960834980010986,277.0,0.0,0.0,0.04303852096199989,2.0,0.0,0.0,10.805323600769043,16.042112350463867,9.09695816040039,9.09695816040039,0.4634479880332947,0.6907829642295837,89.7568359375,4171.0,10.221648216247559,475.0,0.0,0.0,0.021519260480999947,1.0,0.0,0.0,12.00827693939209,17.69379997253418,10.142396926879883,10.142396926879883,0.3484187722206116,0.5970880389213562,87.00236511230469,4043.0,12.976113319396973,603.0,0.0,0.0,0.021519260480999947,1.0,0.0,0.0,0.2857142857142857,0.2982456088066101,0.2655388414859772,0.22994986176490784,0.2062656730413437
6,0.2257896149987311,9.224798202514648,14.197646141052246,7.791428089141846,7.791428089141846,0.5796135663986206,0.7697036266326904,92.43059539794922,17181.0,7.537120819091797,1401.0,0.0,0.0,0.032278887927532196,6.0,0.0,0.0,5.387269496917725,7.983368873596191,4.581048488616943,4.581048488616943,0.8667954802513123,0.9368124604225159,99.01011657714844,4601.0,0.9468474388122559,44.0,0.0,0.0,0.04303852096199989,2.0,0.0,0.0,8.704431533813477,13.083518981933594,7.333208084106445,7.333208084106445,0.6429288983345032,0.8135567903518677,93.95309448242188,4366.0,6.003873348236084,279.0,0.0,0.0,0.04303852096199989,2.0,0.0,0.0,10.77514934539795,16.0615177154541,9.076403617858887,9.076403617858887,0.46214908361434937,0.6910681128501892,89.82139587402344,4174.0,10.157090187072754,472.0,0.0,0.0,0.021519260480999947,1.0,0.0,0.0,12.032341957092285,17.703323364257812,10.175052642822266,10.175052642822266,0.3477172255516052,0.5969340205192566,86.93780517578125,4040.0,13.040670394897461,606.0,0.0,0.0,0.021519260480999947,1.0,0.0,0.0,0.35714285714285715,0.28947368264198303,0.2610902190208435,0.23327067494392395,0.2161654233932495
7,0.2210851554598755,9.286249160766602,14.33797836303711,7.806335926055908,7.806335926055908,0.5712620615959167,0.7656895518302917,92.3337631225586,17163.0,7.633957386016846,1419.0,0.0,0.0,0.032278887927532196,6.0,0.0,0.0,5.477409839630127,8.207330703735352,4.627145290374756,4.627145290374756,0.8592169284820557,0.9338594079017639,98.88099670410156,4595.0,1.075963020324707,50.0,0.0,0.0,0.04303852096199989,2.0,0.0,0.0,8.778016090393066,13.252270698547363,7.367267608642578,7.367267608642578,0.6336584687232971,0.8089953064918518,93.84548950195312,4361.0,6.111469745635986,284.0,0.0,0.0,0.04303852096199989,2.0,0.0,0.0,10.82310962677002,16.1911563873291,9.075868606567383,9.075868606567383,0.45343172550201416,0.6857954263687134,89.58467864990234,4163.0,10.393802642822266,483.0,0.0,0.0,0.021519260480999947,1.0,0.0,0.0,12.066460609436035,17.80937957763672,10.155061721801758,10.155061721801758,0.33987849950790405,0.5930166840553284,87.02388763427734,4044.0,12.954594612121582,602.0,0.0,0.0,0.021519260480999947,1.0,0.0,0.0,0.42857142857142855,0.28070175647735596,0.25664159655570984,0.23659147322177887,0.22606515884399414
8,0.2173077795839957,9.317597389221191,14.379201889038086,7.82828426361084,7.82828426361084,0.5687931776046753,0.7623383402824402,92.21540832519531,17141.0,7.752313613891602,1441.0,0.0,0.0,0.032278887927532196,6.0,0.0,0.0,5.53322696685791,8.282285690307617,4.6754469871521,4.6754469871521,0.856633722782135,0.9308114051818848,98.68732452392578,4586.0,1.2696362733840942,59.0,0.0,0.0,0.04303852096199989,2.0,0.0,0.0,8.819953918457031,13.261683464050293,7.399787902832031,7.399787902832031,0.6331378221511841,0.8066955208778381,93.71637725830078,4355.0,6.2405853271484375,290.0,0.0,0.0,0.04303852096199989,2.0,0.0,0.0,10.851029396057129,16.235626220703125,9.091800689697266,9.091800689697266,0.4504252076148987,0.6821349859237671,89.56316375732422,4162.0,10.415321350097656,484.0,0.0,0.0,0.021519260480999947,1.0,0.0,0.0,12.066180229187012,17.860061645507812,10.146100997924805,10.146100997924805,0.3361160159111023,0.5882505178451538,86.89476776123047,4038.0,13.083709716796875,608.0,0.0,0.0,0.021519260480999947,1.0,0.0,0.0,0.5,0.2719298303127289,0.25219297409057617,0.2399122714996338,0.23596492409706116
9,0.21198758129127437,9.388714790344238,14.505781173706055,7.8819780349731445,7.8819780349731445,0.5611680150032043,0.7562527060508728,91.9302749633789,17088.0,8.037443161010742,1494.0,0.0,0.0,0.032278887927532196,6.0,0.0,0.0,5.615333557128906,8.402005195617676,4.758822917938232,4.758822917938232,0.8524590730667114,0.9271225333213806,98.51516723632812,4578.0,1.4417904615402222,67.0,0.0,0.0,0.04303852096199989,2.0,0.0,0.0,8.911827087402344,13.402844429016113,7.474936485290527,7.474936485290527,0.625286340713501,0.8005381226539612,93.522705078125,4346.0,6.434258937835693,299.0,0.0,0.0,0.04303852096199989,2.0,0.0,0.0,10.918981552124023,16.3901309967041,9.136113166809082,9.136113166809082,0.4399154782295227,0.6737846732139587,89.0682144165039,4139.0,10.910264015197754,507.0,0.0,0.0,0.021519260480999947,1.0,0.0,0.0,12.108718872070312,17.96675682067871,10.158039093017578,10.158039093017578,0.3281601667404175,0.5819989442825317,86.61502075195312,4025.0,13.363459587097168,621.0,0.0,0.0,0.021519260480999947,1.0,0.0,0.0,0.5714285714285714,0.2631579041481018,0.2477443516254425,0.2432330846786499,0.24586467444896698
10,0.20743440531075671,9.504054069519043,14.77583122253418,7.931896209716797,7.931896209716797,0.5446767210960388,0.7443424463272095,91.69356536865234,17044.0,8.274154663085938,1538.0,0.0,0.0,0.032278887927532196,6.0,0.0,0.0,5.708674430847168,8.710691452026367,4.80155086517334,4.80155086517334,0.8414187431335449,0.9208822846412659,98.25694274902344,4566.0,1.700021505355835,79.0,0.0,0.0,0.04303852096199989,2.0,0.0,0.0,9.080899238586426,13.77880859375,7.557215690612793,7.557215690612793,0.6039692163467407,0.7859715819358826,93.04927825927734,4324.0,6.907681941986084,321.0,0.0,0.0,0.04303852096199989,2.0,0.0,0.0,11.057204246520996,16.694616317749023,9.190034866333008,9.190034866333008,0.4189123511314392,0.6563303470611572,89.08973693847656,4140.0,10.888745307922363,506.0,0.0,0.0,0.021519260480999947,1.0,0.0,0.0,12.169437408447266,18.134464263916016,10.17878246307373,10.17878246307373,0.3155595064163208,0.5691182613372803,86.37830352783203,4014.0,13.60017204284668,632.0,0.0,0.0,0.021519260480999947,1.0,0.0,0.0,0.6428571428571429,0.25438597798347473,0.24329572916030884,0.24655388295650482,0.2557644248008728
11,0.20294404292662857,9.690056800842285,15.056591033935547,8.09742546081543,8.09742546081543,0.5272088646888733,0.7341138124465942,91.32235717773438,16975.0,8.645362854003906,1607.0,0.0,0.0,0.032278887927532196,6.0,0.0,0.0,5.781454563140869,8.790252685546875,4.866415023803711,4.866415023803711,0.838508665561676,0.9211962223052979,98.1923828125,4563.0,1.7645792961120605,82.0,0.0,0.0,0.04303852096199989,2.0,0.0,0.0,9.225171089172363,14.043841361999512,7.668256759643555,7.668256759643555,0.5885875225067139,0.7800518870353699,92.87712860107422,4316.0,7.079836845397949,329.0,0.0,0.0,0.04303852096199989,2.0,0.0,0.0,11.251030921936035,17.008529663085938,9.366833686828613,9.366833686828613,0.3968542814254761,0.6406430602073669,88.63783264160156,4119.0,11.34065055847168,527.0,0.0,0.0,0.021519260480999947,1.0,0.0,0.0,12.502568244934082,18.520681381225586,10.488201141357422,10.488201141357422,0.28609538078308105,0.5416282415390015,85.58209228515625,3977.0,14.396384239196777,669.0,0.0,0.0,0.021519260480999947,1.0,0.0,0.0,0.7142857142857143,0.24561403691768646,0.23884710669517517,0.24987469613552094,0.26566416025161743
12,0.19808894747531322,9.900341033935547,15.364453315734863,8.279216766357422,8.279216766357422,0.5076768398284912,0.7184547185897827,90.69291687011719,16858.0,9.274801254272461,1724.0,0.0,0.0,0.032278887927532196,6.0,0.0,0.0,5.960428714752197,9.166193008422852,5.0123748779296875,5.0123748779296875,0.8243999481201172,0.9124782681465149,97.69743347167969,4540.0,2.2595221996307373,105.0,0.0,0.0,0.04303852096199989,2.0,0.0,0.0,9.413022994995117,14.359500885009766,7.821984767913818,7.821984767913818,0.56988525390625,0.7646215558052063,92.33914947509766,4291.0,7.6178178787231445,354.0,0.0,0.0,0.04303852096199989,2.0,0.0,0.0,11.490483283996582,17.31974983215332,9.574195861816406,9.574195861816406,0.3745797276496887,0.6199965476989746,88.1644058227539,4097.0,11.81407356262207,549.0,0.0,0.0,0.021519260480999947,1.0,0.0,0.0,12.737430572509766,18.81694984436035,10.7083101272583,10.7083101272583,0.26307249069213867,0.5187641978263855,84.57068634033203,3930.0,15.407790184020996,716.0,0.0,0.0,0.021519260480999947,1.0,0.0,0.0,0.7857142857142857,0.23684212565422058,0.2343984991312027,0.25319552421569824,0.27556392550468445
13,0.19151360140251997,10.081672668457031,15.708198547363281,8.408468246459961,8.408468246459961,0.4854012131690979,0.701449453830719,90.1226577758789,16752.0,9.845061302185059,1830.0,0.0,0.0,0.032278887927532196,6.0,0.0,0.0,6.019986629486084,9.472785949707031,5.049079418182373,5.049079418182373,0.812456488609314,0.9042435884475708,97.07337951660156,4511.0,2.8835809230804443,134.0,0.0,0.0,0.04303852096199989,2.0,0.0,0.0,9.598020553588867,14.724756240844727,7.94470739364624,7.94470739364624,0.5477257966995239,0.7479719519615173,91.97332000732422,4274.0,7.983644962310791,371.0,0.0,0.0,0.04303852096199989,2.0,0.0,0.0,11.752524375915527,17.736228942871094,9.76372241973877,9.76372241973877,0.34413981437683105,0.5942037105560303,87.15299987792969,4050.0,12.825478553771973,596.0,0.0,0.0,0.021519260480999947,1.0,0.0,0.0,12.956154823303223,19.127573013305664,10.876365661621094,10.876365661621094,0.238541841506958,0.49767404794692993,84.29093933105469,3917.0,15.687540054321289,729.0,0.0,0.0,0.021519260480999947,1.0,0.0,0.0,0.8571428571428571,0.22807016968727112,0.22994986176490784,0.25651630759239197,0.2854636609554291
14,0.18845310059451237,10.27221393585205,15.93634033203125,8.570539474487305,8.570539474487305,0.4703448414802551,0.6900346279144287,89.55777740478516,16647.0,10.409942626953125,1935.0,0.0,0.0,0.032278887927532196,6.0,0.0,0.0,6.16055965423584,9.835840225219727,5.145237445831299,5.145237445831299,0.7978054285049438,0.8956544399261475,96.9873046875,4507.0,2.9696578979492188,138.0,0.0,0.0,0.04303852096199989,2.0,0.0,0.0,9.827816009521484,15.093680381774902,8.128313064575195,8.128313064575195,0.5247787237167358,0.730889081954956,90.98342895507812,4228.0,8.973531723022461,417.0,0.0,0.0,0.04303852096199989,2.0,0.0,0.0,11.958562850952148,17.913949966430664,9.954319953918457,9.954319953918457,0.3309301733970642,0.5822225213050842,86.33527374267578,4012.0,13.643211364746094,634.0,0.0,0.0,0.021519260480999947,1.0,0.0,0.0,13.141913414001465,19.245651245117188,11.054286003112793,11.054286003112793,0.22911161184310913,0.4894988536834717,83.92510986328125,3900.0,16.053367614746094,746.0,0.0,0.0,0.021519260480999947,1.0,0.0,0.0,0.9285714285714286,0.21929824352264404,0.22550123929977417,0.2598370909690857,0.2953633964061737
step,fold8/test_loss,fold8/test_mae,fold8/test_rmse,fold8/test_mard,fold8/test_mape,fold8/test_r2,fold8/test_pearson,fold8/test_ega_zone_a_pct,fold8/test_ega_zone_a_count,fold8/test_ega_zone_b_pct,fold8/test_ega_zone_b_count,fold8/test_ega_zone_c_pct,fold8/test_ega_zone_c_count,fold8/test_ega_zone_d_pct,fold8/test_ega_zone_d_count,fold8/test_ega_zone_e_pct,fold8/test_ega_zone_e_count,fold8/test_horizon_15_mae,fold8/test_horizon_15_rmse,fold8/test_horizon_15_mard,fold8/test_horizon_15_mape,fold8/test_horizon_15_r2,fold8/test_horizon_15_pearson,fold8/test_horizon_15_ega_zone_a_pct,fold8/test_horizon_15_ega_zone_a_count,fold8/test_horizon_15_ega_zone_b_pct,fold8/test_horizon_15_ega_zone_b_count,fold8/test_horizon_15_ega_zone_c_pct,fold8/test_horizon_15_ega_zone_c_count,fold8/test_horizon_15_ega_zone_d_pct,fold8/test_horizon_15_ega_zone_d_count,fold8/test_horizon_15_ega_zone_e_pct,fold8/test_horizon_15_ega_zone_e_count,fold8/test_horizon_30_mae,fold8/test_horizon_30_rmse,fold8/test_horizon_30_mard,fold8/test_horizon_30_mape,fold8/test_horizon_30_r2,fold8/test_horizon_30_pearson,fold8/test_horizon_30_ega_zone_a_pct,fold8/test_horizon_30_ega_zone_a_count,fold8/test_horizon_30_ega_zone_b_pct,fold8/test_horizon_30_ega_zone_b_count,fold8/test_horizon_30_ega_zone_c_pct,fold8/test_horizon_30_ega_zone_c_count,fold8/test_horizon_30_ega_zone_d_pct,fold8/test_horizon_30_ega_zone_d_count,fold8/test_horizon_30_ega_zone_e_pct,fold8/test_horizon_30_ega_zone_e_count,fold8/test_horizon_45_mae,fold8/test_horizon_45_rmse,fold8/test_horizon_45_mard,fold8/test_horizon_45_mape,fold8/test_horizon_45_r2,fold8/test_horizon_45_pearson,fold8/test_horizon_45_ega_zone_a_pct,fold8/test_horizon_45_ega_zone_a_count,fold8/test_horizon_45_ega_zone_b_pct,fold8/test_horizon_45_ega_zone_b_count,fold8/test_horizon_45_ega_zone_c_pct,fold8/test_horizon_45_ega_zone_c_count,fold8/test_horizon_45_ega_zone_d_pct,fold8/test_horizon_45_ega_zone_d_count,fold8/test_horizon_45_ega_zone_e_pct,fold8/test_horizon_45_ega_zone_e_count,fold8/test_horizon_60_mae,fold8/test_horizon_60_rmse,fold8/test_horizon_60_mard,fold8/test_horizon_60_mape,fold8/test_horizon_60_r2,fold8/test_horizon_60_pearson,fold8/test_horizon_60_ega_zone_a_pct,fold8/test_horizon_60_ega_zone_a_count,fold8/test_horizon_60_ega_zone_b_pct,fold8/test_horizon_60_ega_zone_b_count,fold8/test_horizon_60_ega_zone_c_pct,fold8/test_horizon_60_ega_zone_c_count,fold8/test_horizon_60_ega_zone_d_pct,fold8/test_horizon_60_ega_zone_d_count,fold8/test_horizon_60_ega_zone_e_pct,fold8/test_horizon_60_ega_zone_e_count
0,0.243339845319693,9.523508071899414,13.458200454711914,8.821016311645508,8.821016311645508,0.44255101680755615,0.6723167896270752,89.63350677490234,6848.0,9.201570510864258,703.0,0.0,0.0,1.164921522140503,89.0,0.0,0.0,6.387693405151367,8.986069679260254,5.968596935272217,5.968596935272217,0.7512667179107666,0.8679825663566589,96.33507537841797,1840.0,3.036649227142334,58.0,0.0,0.0,0.6282722353935242,12.0,0.0,0.0,9.580648422241211,13.403846740722656,8.828120231628418,8.828120231628418,0.44939637184143066,0.6783548593521118,89.26701354980469,1705.0,9.52879524230957,182.0,0.0,0.0,1.2041884660720825,23.0,0.0,0.0,10.772895812988281,14.879162788391113,9.981754302978516,9.981754302978516,0.31876254081726074,0.577462911605835,87.06806182861328,1663.0,11.518324851989746,220.0,0.0,0.0,1.4136124849319458,27.0,0.0,0.0,11.352794647216797,15.578530311584473,10.505594253540039,10.505594253540039,0.250251829624176,0.5184284448623657,85.86387634277344,1640.0,12.722513198852539,243.0,0.0,0.0,1.4136124849319458,27.0,0.0,0.0
step,fold9/train_loss,fold9/val_mae,fold9/val_rmse,fold9/val_mard,fold9/val_mape,fold9/val_r2,fold9/val_pearson,fold9/val_ega_zone_a_pct,fold9/val_ega_zone_a_count,fold9/val_ega_zone_b_pct,fold9/val_ega_zone_b_count,fold9/val_ega_zone_c_pct,fold9/val_ega_zone_c_count,fold9/val_ega_zone_d_pct,fold9/val_ega_zone_d_count,fold9/val_ega_zone_e_pct,fold9/val_ega_zone_e_count,fold9/val_horizon_15_mae,fold9/val_horizon_15_rmse,fold9/val_horizon_15_mard,fold9/val_horizon_15_mape,fold9/val_horizon_15_r2,fold9/val_horizon_15_pearson,fold9/val_horizon_15_ega_zone_a_pct,fold9/val_horizon_15_ega_zone_a_count,fold9/val_horizon_15_ega_zone_b_pct,fold9/val_horizon_15_ega_zone_b_count,fold9/val_horizon_15_ega_zone_c_pct,fold9/val_horizon_15_ega_zone_c_count,fold9/val_horizon_15_ega_zone_d_pct,fold9/val_horizon_15_ega_zone_d_count,fold9/val_horizon_15_ega_zone_e_pct,fold9/val_horizon_15_ega_zone_e_count,fold9/val_horizon_30_mae,fold9/val_horizon_30_rmse,fold9/val_horizon_30_mard,fold9/val_horizon_30_mape,fold9/val_horizon_30_r2,fold9/val_horizon_30_pearson,fold9/val_horizon_30_ega_zone_a_pct,fold9/val_horizon_30_ega_zone_a_count,fold9/val_horizon_30_ega_zone_b_pct,fold9/val_horizon_30_ega_zone_b_count,fold9/val_horizon_30_ega_zone_c_pct,fold9/val_horizon_30_ega_zone_c_count,fold9/val_horizon_30_ega_zone_d_pct,fold9/val_horizon_30_ega_zone_d_count,fold9/val_horizon_30_ega_zone_e_pct,fold9/val_horizon_30_ega_zone_e_count,fold9/val_horizon_45_mae,fold9/val_horizon_45_rmse,fold9/val_horizon_45_mard,fold9/val_horizon_45_mape,fold9/val_horizon_45_r2,fold9/val_horizon_45_pearson,fold9/val_horizon_45_ega_zone_a_pct,fold9/val_horizon_45_ega_zone_a_count,fold9/val_horizon_45_ega_zone_b_pct,fold9/val_horizon_45_ega_zone_b_count,fold9/val_horizon_45_ega_zone_c_pct,fold9/val_horizon_45_ega_zone_c_count,fold9/val_horizon_45_ega_zone_d_pct,fold9/val_horizon_45_ega_zone_d_count,fold9/val_horizon_45_ega_zone_e_pct,fold9/val_horizon_45_ega_zone_e_count,fold9/val_horizon_60_mae,fold9/val_horizon_60_rmse,fold9/val_horizon_60_mard,fold9/val_horizon_60_mape,fold9/val_horizon_60_r2,fold9/val_horizon_60_pearson,fold9/val_horizon_60_ega_zone_a_pct,fold9/val_horizon_60_ega_zone_a_count,fold9/val_horizon_60_ega_zone_b_pct,fold9/val_horizon_60_ega_zone_b_count,fold9/val_horizon_60_ega_zone_c_pct,fold9/val_horizon_60_ega_zone_c_count,fold9/val_horizon_60_ega_zone_d_pct,fold9/val_horizon_60_ega_zone_d_count,fold9/val_horizon_60_ega_zone_e_pct,fold9/val_horizon_60_ega_zone_e_count,fold9/diag_horizon_curriculum_progress,fold9/diag_loss_horizon_weight_0,fold9/diag_loss_horizon_weight_1,fold9/diag_loss_horizon_weight_2,fold9/diag_loss_horizon_weight_3
1,0.28168523670219486,12.95612621307373,21.086458206176758,11.364724159240723,11.364724159240723,0.2903686761856079,0.5490326881408691,84.25899505615234,11985.0,14.27165412902832,2030.0,0.0,0.0,1.469347596168518,209.0,0.0,0.0,9.830853462219238,15.806610107421875,8.582242012023926,8.582242012023926,0.6026415824890137,0.808233380317688,90.9729995727539,3235.0,7.536558151245117,268.0,0.0,0.0,1.49043869972229,53.0,0.0,0.0,12.696890830993652,20.399219512939453,11.088521003723145,11.088521003723145,0.33661317825317383,0.5941053628921509,84.87064361572266,3018.0,13.638919830322266,485.0,0.0,0.0,1.49043869972229,53.0,0.0,0.0,14.123791694641113,22.86786651611328,12.296527862548828,12.296527862548828,0.1634829044342041,0.4261425733566284,81.88976287841797,2912.0,16.647918701171875,592.0,0.0,0.0,1.4623171091079712,52.0,0.0,0.0,15.172966957092285,24.282470703125,13.491606712341309,13.491606712341309,0.05675274133682251,0.2868647873401642,79.30258178710938,2820.0,19.263216018676758,685.0,0.0,0.0,1.434195637702942,51.0,0.0,0.0,0.0,0.3333333432674408,0.28333333134651184,0.21666665375232697,0.1666666716337204
2,0.2478085161247317,11.863381385803223,19.22553253173828,10.515098571777344,10.515098571777344,0.410094678401947,0.6428729295730591,85.5174331665039,12164.0,13.062429428100586,1858.0,0.0,0.0,1.4201349020004272,202.0,0.0,0.0,7.755468845367432,11.954987525939941,6.952231407165527,6.952231407165527,0.7726980447769165,0.889825701713562,94.26322174072266,3352.0,4.44319486618042,158.0,0.0,0.0,1.2935882806777954,46.0,0.0,0.0,11.510947227478027,18.059885025024414,10.19694995880127,10.19694995880127,0.4800402522087097,0.6974737048149109,86.22047424316406,3066.0,12.28908920288086,437.0,0.0,0.0,1.49043869972229,53.0,0.0,0.0,13.481154441833496,21.457246780395508,11.902721405029297,11.902721405029297,0.2635020613670349,0.5163678526878357,81.88976287841797,2912.0,16.647918701171875,592.0,0.0,0.0,1.4623171091079712,52.0,0.0,0.0,14.705952644348145,23.43053436279297,13.008493423461914,13.008493423461914,0.12177830934524536,0.3683341145515442,79.6962890625,2834.0,18.869516372680664,671.0,0.0,0.0,1.434195637702942,51.0,0.0,0.0,0.07142857142857142,0.3245614171028137,0.2788847088813782,0.21998745203018188,0.17656642198562622
3,0.2389471150432858,11.523847579956055,18.680265426635742,10.183816909790039,10.183816909790039,0.4430815577507019,0.668558657169342,86.04470825195312,12239.0,12.612485885620117,1794.0,0.0,0.0,1.3428008556365967,191.0,0.0,0.0,7.1792378425598145,10.924975395202637,6.4109578132629395,6.4109578132629395,0.810178279876709,0.9087550640106201,95.19123077392578,3385.0,3.7401576042175293,133.0,0.0,0.0,1.0686163902282715,38.0,0.0,0.0,11.152952194213867,17.325942993164062,9.86573600769043,9.86573600769043,0.5214431285858154,0.7264630794525146,86.7547836303711,3085.0,11.83914566040039,421.0,0.0,0.0,1.4060741662979126,50.0,0.0,0.0,13.246395111083984,20.99714469909668,11.6698637008667,11.6698637008667,0.29474860429763794,0.5471484661102295,82.53656005859375,2935.0,16.00112533569336,569.0,0.0,0.0,1.4623171091079712,52.0,0.0,0.0,14.516799926757812,23.138408660888672,12.788708686828613,12.788708686828613,0.14354068040847778,0.3992063105106354,79.6962890625,2834.0,18.869516372680664,671.0,0.0,0.0,1.434195637702942,51.0,0.0,0.0,0.14285714285714285,0.31578949093818665,0.2744360864162445,0.223308265209198,0.18646617233753204
4,0.23181097770804873,11.391270637512207,18.40097999572754,10.056717872619629,10.056717872619629,0.4596098065376282,0.6809388995170593,86.22750091552734,12265.0,12.464848518371582,1773.0,0.0,0.0,1.30764901638031,186.0,0.0,0.0,6.935104846954346,10.457926750183105,6.205432415008545,6.205432415008545,0.8260613083839417,0.9150640368461609,95.38807678222656,3392.0,3.5714287757873535,127.0,0.0,0.0,1.0404949188232422,37.0,0.0,0.0,11.013246536254883,16.968538284301758,9.74913501739502,9.74913501739502,0.5409832000732422,0.7388949394226074,87.2890853881836,3104.0,11.417322158813477,406.0,0.0,0.0,1.2935882806777954,46.0,0.0,0.0,13.187509536743164,20.757034301757812,11.604700088500977,11.604700088500977,0.3107858896255493,0.5628752112388611,82.84589385986328,2946.0,15.691788673400879,558.0,0.0,0.0,1.4623171091079712,52.0,0.0,0.0,14.429217338562012,22.939708709716797,12.667600631713867,12.667600631713867,0.15818709135055542,0.4195406436920166,79.38694763183594,2823.0,19.178852081298828,682.0,0.0,0.0,1.434195637702942,51.0,0.0,0.0,0.21428571428571427,0.30701756477355957,0.26998746395111084,0.22662906348705292,0.19636592268943787
5,0.2238342152365769,11.375679969787598,18.30499267578125,10.030364990234375,10.030364990234375,0.4652329087257385,0.6850168704986572,86.07283020019531,12243.0,12.654667854309082,1800.0,0.0,0.0,1.2724971771240234,181.0,0.0,0.0,6.875461578369141,10.355823516845703,6.1399102210998535,6.1399102210998535,0.8294411897659302,0.9171487092971802,95.69741821289062,3403.0,3.346456527709961,119.0,0.0,0.0,0.9561305046081543,34.0,0.0,0.0,11.016950607299805,16.906688690185547,9.749251365661621,9.749251365661621,0.544323205947876,0.7409268021583557,86.61417388916016,3080.0,12.092238426208496,430.0,0.0,0.0,1.2935882806777954,46.0,0.0,0.0,13.197925567626953,20.6627197265625,11.606283187866211,11.606283187866211,0.31703490018844604,0.5684672594070435,82.22722625732422,2924.0,16.366703033447266,582.0,0.0,0.0,1.4060741662979126,50.0,0.0,0.0,14.412384986877441,22.809295654296875,12.626019477844238,12.626019477844238,0.16773134469985962,0.42912596464157104,79.75252532958984,2836.0,18.81327247619629,669.0,0.0,0.0,1.434195637702942,51.0,0.0,0.0,0.2857142857142857,0.2982456088066101,0.2655388414859772,0.22994986176490784,0.2062656730413437
6,0.22013410830977176,11.454089164733887,18.424264907836914,10.064715385437012,10.064715385437012,0.45824134349823,0.6807295083999634,85.84786224365234,12211.0,12.900731086730957,1835.0,0.0,0.0,1.2514060735702515,178.0,0.0,0.0,6.918622970581055,10.450398445129395,6.155564785003662,6.155564785003662,0.8263117074966431,0.9152626395225525,95.69741821289062,3403.0,3.3745779991149902,120.0,0.0,0.0,0.928009033203125,33.0,0.0,0.0,11.098067283630371,17.01778793334961,9.78587532043457,9.78587532043457,0.5383147597312927,0.7372594475746155,86.361083984375,3071.0,12.373453140258789,440.0,0.0,0.0,1.2654668092727661,45.0,0.0,0.0,13.295965194702148,20.788225173950195,11.657598495483398,11.657598495483398,0.30871301889419556,0.5633597373962402,82.00225067138672,2916.0,16.619796752929688,591.0,0.0,0.0,1.3779526948928833,49.0,0.0,0.0,14.503698348999023,22.95316505432129,12.659820556640625,12.659820556640625,0.1571992039680481,0.42272841930389404,79.33070373535156,2821.0,19.235095977783203,684.0,0.0,0.0,1.434195637702942,51.0,0.0,0.0,0.35714285714285715,0.28947368264198303,0.2610902190208435,0.23327067494392395,0.2161654233932495
7,0.21444114185365082,11.497939109802246,18.358814239501953,10.134307861328125,10.134307861328125,0.462083637714386,0.6829035878181458,85.7213134765625,12193.0,13.027277946472168,1853.0,0.0,0.0,1.2514060735702515,178.0,0.0,0.0,6.911998748779297,10.32601547241211,6.204732418060303,6.204732418060303,0.8304216265678406,0.9154736399650574,95.86614227294922,3409.0,3.2058491706848145,114.0,0.0,0.0,0.928009033203125,33.0,0.0,0.0,11.133779525756836,16.911602020263672,9.85673713684082,9.85673713684082,0.5440584421157837,0.7402756214141846,86.22047424316406,3066.0,12.514060974121094,445.0,0.0,0.0,1.2654668092727661,45.0,0.0,0.0,13.357386589050293,20.718236923217773,11.731322288513184,11.731322288513184,0.31335997581481934,0.5684196352958679,81.91788482666016,2913.0,16.704160690307617,594.0,0.0,0.0,1.3779526948928833,49.0,0.0,0.0,14.588587760925293,22.941444396972656,12.7444429397583,12.7444429397583,0.15805965662002563,0.4274381697177887,78.8807601928711,2805.0,19.685039520263672,700.0,0.0,0.0,1.434195637702942,51.0,0.0,0.0,0.42857142857142855,0.28070175647735596,0.25664159655570984,0.23659147322177887,0.22606515884399414
8,0.21246960659488887,11.684489250183105,18.63339614868164,10.268560409545898,10.268560409545898,0.4458727240562439,0.671928882598877,85.28543090820312,12131.0,13.477221488952637,1917.0,0.0,0.0,1.2373453378677368,176.0,0.0,0.0,7.021378040313721,10.582432746887207,6.27967643737793,6.27967643737793,0.8218950629234314,0.9104920625686646,95.5286865234375,3397.0,3.5714287757873535,127.0,0.0,0.0,0.8998875617980957,32.0,0.0,0.0,11.319409370422363,17.185157775878906,9.995868682861328,9.995868682861328,0.5291887521743774,0.7303837537765503,86.05174255371094,3060.0,12.71091079711914,452.0,0.0,0.0,1.2373453378677368,44.0,0.0,0.0,13.578079223632812,21.0117244720459,11.891833305358887,11.891833305358887,0.29376882314682007,0.5543086528778076,81.32733917236328,2892.0,17.294713973999023,615.0,0.0,0.0,1.3779526948928833,49.0,0.0,0.0,14.819092750549316,23.237977981567383,12.90686321258545,12.90686321258545,0.13615375757217407,0.41239649057388306,78.23397064208984,2782.0,20.33183479309082,723.0,0.0,0.0,1.434195637702942,51.0,0.0,0.0,0.5,0.2719298303127289,0.25219297409057617,0.2399122714996338,0.23596492409706116
9,0.20671210942729826,11.798147201538086,18.761085510253906,10.347139358520508,10.347139358520508,0.4382520914077759,0.6670623421669006,84.94094848632812,12082.0,13.877952575683594,1974.0,0.0,0.0,1.1811023950576782,168.0,0.0,0.0,7.067471027374268,10.704668998718262,6.279166221618652,6.279166221618652,0.8177567720413208,0.9083265662193298,95.33183288574219,3390.0,3.880764961242676,138.0,0.0,0.0,0.787401556968689,28.0,0.0,0.0,11.415717124938965,17.302169799804688,10.061954498291016,10.061954498291016,0.52275550365448,0.7264127731323242,85.71428680419922,3048.0,13.10461139678955,466.0,0.0,0.0,1.1811023950576782,42.0,0.0,0.0,13.719453811645508,21.151872634887695,12.000751495361328,12.000751495361328,0.2843162417411804,0.5478641390800476,80.8211441040039,2874.0,17.85714340209961,635.0,0.0,0.0,1.3217097520828247,47.0,0.0,0.0,14.989947319030762,23.378551483154297,13.046686172485352,13.046686172485352,0.12567079067230225,0.4049680531024933,77.89651489257812,2770.0,20.669292449951172,735.0,0.0,0.0,1.434195637702942,51.0,0.0,0.0,0.5714285714285714,0.2631579041481018,0.2477443516254425,0.2432330846786499,0.24586467444896698
10,0.20201522823413956,12.13125991821289,19.196504592895508,10.593400955200195,10.593400955200195,0.4118747115135193,0.6496971249580383,84.27305603027344,11987.0,14.55989933013916,2071.0,0.0,0.0,1.1670416593551636,166.0,0.0,0.0,7.305489540100098,11.05734634399414,6.457176685333252,6.457176685333252,0.8055505156517029,0.9021608829498291,94.85376739501953,3373.0,4.471316337585449,159.0,0.0,0.0,0.674915611743927,24.0,0.0,0.0,11.754742622375488,17.734163284301758,10.326642036437988,10.326642036437988,0.4986267685890198,0.7110123634338379,85.17997741699219,3029.0,13.638919830322266,485.0,0.0,0.0,1.1811023950576782,42.0,0.0,0.0,14.103675842285156,21.64464569091797,12.28007698059082,12.28007698059082,0.2505813241004944,0.5237220525741577,79.8368911743164,2839.0,18.785152435302734,668.0,0.0,0.0,1.3779526948928833,49.0,0.0,0.0,15.361133575439453,23.84883689880371,13.30970573425293,13.30970573425293,0.09014081954956055,0.379009872674942,77.22159576416016,2746.0,21.344207763671875,759.0,0.0,0.0,1.434195637702942,51.0,0.0,0.0,0.6428571428571429,0.25438597798347473,0.24329572916030884,0.24655388295650482,0.2557644248008728
11,0.19761801537441728,12.372492790222168,19.488445281982422,10.805042266845703,10.805042266845703,0.39385032653808594,0.6378635168075562,83.92857360839844,11938.0,14.890326499938965,2118.0,0.0,0.0,1.1811023950576782,168.0,0.0,0.0,7.475937366485596,11.350091934204102,6.589873790740967,6.589873790740967,0.7951180338859558,0.8963351845741272,94.48818969726562,3360.0,4.7806525230407715,170.0,0.0,0.0,0.7311585545539856,26.0,0.0,0.0,11.934477806091309,17.990453720092773,10.463193893432617,10.463193893432617,0.4840306043624878,0.7015567421913147,84.73003387451172,3013.0,14.060741424560547,500.0,0.0,0.0,1.2092238664627075,43.0,0.0,0.0,14.378912925720215,21.93010902404785,12.535733222961426,12.535733222961426,0.23068344593048096,0.5098101496696472,79.61192321777344,2831.0,19.038244247436523,677.0,0.0,0.0,1.349831223487854,48.0,0.0,0.0,15.700645446777344,24.20304298400879,13.631367683410645,13.631367683410645,0.06291341781616211,0.35986876487731934,76.88414001464844,2734.0,21.681665420532227,771.0,0.0,0.0,1.434195637702942,51.0,0.0,0.0,0.7142857142857143,0.24561403691768646,0.23884710669517517,0.24987469613552094,0.26566416025161743
12,0.19225832973299306,12.555302619934082,19.697587966918945,11.077218055725098,11.077218055725098,0.38077056407928467,0.6271952986717224,83.50675201416016,11878.0,15.234814643859863,2167.0,0.0,0.0,1.2584364414215088,179.0,0.0,0.0,7.60654878616333,11.761012077331543,6.791234970092773,6.791234970092773,0.7800143957138062,0.8861250877380371,94.06636810302734,3345.0,4.977502822875977,177.0,0.0,0.0,0.9561305046081543,34.0,0.0,0.0,12.068367004394531,18.247337341308594,10.714912414550781,10.714912414550781,0.46919041872024536,0.6896491646766663,84.56130981445312,3007.0,14.173229217529297,504.0,0.0,0.0,1.2654668092727661,45.0,0.0,0.0,14.624351501464844,22.14061737060547,12.875649452209473,12.875649452209473,0.2158430814743042,0.49700987339019775,79.1057357788086,2813.0,19.51630973815918,694.0,0.0,0.0,1.3779526948928833,49.0,0.0,0.0,15.921942710876465,24.299922943115234,13.927075386047363,13.927075386047363,0.05539637804031372,0.35460299253463745,76.29358673095703,2713.0,22.272214889526367,792.0,0.0,0.0,1.434195637702942,51.0,0.0,0.0,0.7857142857142857,0.23684212565422058,0.2343984991312027,0.25319552421569824,0.27556392550468445
13,0.18622932597208927,12.771764755249023,19.911909103393555,11.281454086303711,11.281454086303711,0.3672221302986145,0.6198737025260925,83.03571319580078,11811.0,15.71990966796875,2236.0,0.0,0.0,1.2443757057189941,177.0,0.0,0.0,7.741645336151123,11.950201034545898,6.900323867797852,6.900323867797852,0.7728800177574158,0.8813587427139282,93.67266082763672,3331.0,5.371203422546387,191.0,0.0,0.0,0.9561305046081543,34.0,0.0,0.0,12.24096393585205,18.436969757080078,10.87244701385498,10.87244701385498,0.4581003785133362,0.683099091053009,84.13948059082031,2992.0,14.595050811767578,519.0,0.0,0.0,1.2654668092727661,45.0,0.0,0.0,14.898611068725586,22.40122413635254,13.149979591369629,13.149979591369629,0.1972745656967163,0.487820565700531,78.74015808105469,2800.0,19.910011291503906,708.0,0.0,0.0,1.349831223487854,48.0,0.0,0.0,16.205839157104492,24.523303985595703,14.203069686889648,14.203069686889648,0.03794991970062256,0.34924039244651794,75.5905532836914,2688.0,23.003374099731445,818.0,0.0,0.0,1.4060741662979126,50.0,0.0,0.0,0.8571428571428571,0.22807016968727112,0.22994986176490784,0.25651630759239197,0.2854636609554291
step,fold9/test_loss,fold9/test_mae,fold9/test_rmse,fold9/test_mard,fold9/test_mape,fold9/test_r2,fold9/test_pearson,fold9/test_ega_zone_a_pct,fold9/test_ega_zone_a_count,fold9/test_ega_zone_b_pct,fold9/test_ega_zone_b_count,fold9/test_ega_zone_c_pct,fold9/test_ega_zone_c_count,fold9/test_ega_zone_d_pct,fold9/test_ega_zone_d_count,fold9/test_ega_zone_e_pct,fold9/test_ega_zone_e_count,fold9/test_horizon_15_mae,fold9/test_horizon_15_rmse,fold9/test_horizon_15_mard,fold9/test_horizon_15_mape,fold9/test_horizon_15_r2,fold9/test_horizon_15_pearson,fold9/test_horizon_15_ega_zone_a_pct,fold9/test_horizon_15_ega_zone_a_count,fold9/test_horizon_15_ega_zone_b_pct,fold9/test_horizon_15_ega_zone_b_count,fold9/test_horizon_15_ega_zone_c_pct,fold9/test_horizon_15_ega_zone_c_count,fold9/test_horizon_15_ega_zone_d_pct,fold9/test_horizon_15_ega_zone_d_count,fold9/test_horizon_15_ega_zone_e_pct,fold9/test_horizon_15_ega_zone_e_count,fold9/test_horizon_30_mae,fold9/test_horizon_30_rmse,fold9/test_horizon_30_mard,fold9/test_horizon_30_mape,fold9/test_horizon_30_r2,fold9/test_horizon_30_pearson,fold9/test_horizon_30_ega_zone_a_pct,fold9/test_horizon_30_ega_zone_a_count,fold9/test_horizon_30_ega_zone_b_pct,fold9/test_horizon_30_ega_zone_b_count,fold9/test_horizon_30_ega_zone_c_pct,fold9/test_horizon_30_ega_zone_c_count,fold9/test_horizon_30_ega_zone_d_pct,fold9/test_horizon_30_ega_zone_d_count,fold9/test_horizon_30_ega_zone_e_pct,fold9/test_horizon_30_ega_zone_e_count,fold9/test_horizon_45_mae,fold9/test_horizon_45_rmse,fold9/test_horizon_45_mard,fold9/test_horizon_45_mape,fold9/test_horizon_45_r2,fold9/test_horizon_45_pearson,fold9/test_horizon_45_ega_zone_a_pct,fold9/test_horizon_45_ega_zone_a_count,fold9/test_horizon_45_ega_zone_b_pct,fold9/test_horizon_45_ega_zone_b_count,fold9/test_horizon_45_ega_zone_c_pct,fold9/test_horizon_45_ega_zone_c_count,fold9/test_horizon_45_ega_zone_d_pct,fold9/test_horizon_45_ega_zone_d_count,fold9/test_horizon_45_ega_zone_e_pct,fold9/test_horizon_45_ega_zone_e_count,fold9/test_horizon_60_mae,fold9/test_horizon_60_rmse,fold9/test_horizon_60_mard,fold9/test_horizon_60_mape,fold9/test_horizon_60_r2,fold9/test_horizon_60_pearson,fold9/test_horizon_60_ega_zone_a_pct,fold9/test_horizon_60_ega_zone_a_count,fold9/test_horizon_60_ega_zone_b_pct,fold9/test_horizon_60_ega_zone_b_count,fold9/test_horizon_60_ega_zone_c_pct,fold9/test_horizon_60_ega_zone_c_count,fold9/test_horizon_60_ega_zone_d_pct,fold9/test_horizon_60_ega_zone_d_count,fold9/test_horizon_60_ega_zone_e_pct,fold9/test_horizon_60_ega_zone_e_count
0,0.32519056260557005,11.21379566192627,17.704832077026367,8.255248069763184,8.255248069763184,0.41203397512435913,0.686174750328064,89.847900390625,7443.0,10.152100563049316,841.0,0.0,0.0,0.0,0.0,0.0,0.0,6.413565158843994,9.774896621704102,4.734870433807373,4.734870433807373,0.8208016157150269,0.9263314008712769,98.1651382446289,2033.0,1.8348623514175415,38.0,0.0,0.0,0.0,0.0,0.0,0.0,10.651665687561035,16.187448501586914,7.857439041137695,7.857439041137695,0.5082687139511108,0.7509742975234985,91.21197509765625,1889.0,8.78802490234375,182.0,0.0,0.0,0.0,0.0,0.0,0.0,13.130322456359863,20.04987335205078,9.65156078338623,9.65156078338623,0.2458723783493042,0.568892776966095,86.23853302001953,1786.0,13.761467933654785,285.0,0.0,0.0,0.0,0.0,0.0,0.0,14.659632682800293,22.232067108154297,10.777124404907227,10.777124404907227,0.07329988479614258,0.428310364484787,83.77595520019531,1735.0,16.22404670715332,336.0,0.0,0.0,0.0,0.0,0.0,0.0
step,fold10/train_loss,fold10/val_mae,fold10/val_rmse,fold10/val_mard,fold10/val_mape,fold10/val_r2,fold10/val_pearson,fold10/val_ega_zone_a_pct,fold10/val_ega_zone_a_count,fold10/val_ega_zone_b_pct,fold10/val_ega_zone_b_count,fold10/val_ega_zone_c_pct,fold10/val_ega_zone_c_count,fold10/val_ega_zone_d_pct,fold10/val_ega_zone_d_count,fold10/val_ega_zone_e_pct,fold10/val_ega_zone_e_count,fold10/val_horizon_15_mae,fold10/val_horizon_15_rmse,fold10/val_horizon_15_mard,fold10/val_horizon_15_mape,fold10/val_horizon_15_r2,fold10/val_horizon_15_pearson,fold10/val_horizon_15_ega_zone_a_pct,fold10/val_horizon_15_ega_zone_a_count,fold10/val_horizon_15_ega_zone_b_pct,fold10/val_horizon_15_ega_zone_b_count,fold10/val_horizon_15_ega_zone_c_pct,fold10/val_horizon_15_ega_zone_c_count,fold10/val_horizon_15_ega_zone_d_pct,fold10/val_horizon_15_ega_zone_d_count,fold10/val_horizon_15_ega_zone_e_pct,fold10/val_horizon_15_ega_zone_e_count,fold10/val_horizon_30_mae,fold10/val_horizon_30_rmse,fold10/val_horizon_30_mard,fold10/val_horizon_30_mape,fold10/val_horizon_30_r2,fold10/val_horizon_30_pearson,fold10/val_horizon_30_ega_zone_a_pct,fold10/val_horizon_30_ega_zone_a_count,fold10/val_horizon_30_ega_zone_b_pct,fold10/val_horizon_30_ega_zone_b_count,fold10/val_horizon_30_ega_zone_c_pct,fold10/val_horizon_30_ega_zone_c_count,fold10/val_horizon_30_ega_zone_d_pct,fold10/val_horizon_30_ega_zone_d_count,fold10/val_horizon_30_ega_zone_e_pct,fold10/val_horizon_30_ega_zone_e_count,fold10/val_horizon_45_mae,fold10/val_horizon_45_rmse,fold10/val_horizon_45_mard,fold10/val_horizon_45_mape,fold10/val_horizon_45_r2,fold10/val_horizon_45_pearson,fold10/val_horizon_45_ega_zone_a_pct,fold10/val_horizon_45_ega_zone_a_count,fold10/val_horizon_45_ega_zone_b_pct,fold10/val_horizon_45_ega_zone_b_count,fold10/val_horizon_45_ega_zone_c_pct,fold10/val_horizon_45_ega_zone_c_count,fold10/val_horizon_45_ega_zone_d_pct,fold10/val_horizon_45_ega_zone_d_count,fold10/val_horizon_45_ega_zone_e_pct,fold10/val_horizon_45_ega_zone_e_count,fold10/val_horizon_60_mae,fold10/val_horizon_60_rmse,fold10/val_horizon_60_mard,fold10/val_horizon_60_mape,fold10/val_horizon_60_r2,fold10/val_horizon_60_pearson,fold10/val_horizon_60_ega_zone_a_pct,fold10/val_horizon_60_ega_zone_a_count,fold10/val_horizon_60_ega_zone_b_pct,fold10/val_horizon_60_ega_zone_b_count,fold10/val_horizon_60_ega_zone_c_pct,fold10/val_horizon_60_ega_zone_c_count,fold10/val_horizon_60_ega_zone_d_pct,fold10/val_horizon_60_ega_zone_d_count,fold10/val_horizon_60_ega_zone_e_pct,fold10/val_horizon_60_ega_zone_e_count,fold10/diag_horizon_curriculum_progress,fold10/diag_loss_horizon_weight_0,fold10/diag_loss_horizon_weight_1,fold10/diag_loss_horizon_weight_2,fold10/diag_loss_horizon_weight_3
1,0.28893772864381406,10.272279739379883,15.259919166564941,8.985936164855957,8.985936164855957,0.4667990207672119,0.6879402995109558,89.86769104003906,21464.0,10.094623565673828,2411.0,0.0,0.0,0.03768213093280792,9.0,0.0,0.0,7.134562015533447,11.208902359008789,6.149416923522949,6.149416923522949,0.7109438180923462,0.854128360748291,96.44950866699219,5759.0,3.516998767852783,210.0,0.0,0.0,0.0334952250123024,2.0,0.0,0.0,9.794163703918457,14.823919296264648,8.465062141418457,8.465062141418457,0.49665331840515137,0.7103496789932251,91.60945129394531,5470.0,8.357059478759766,499.0,0.0,0.0,0.0334952250123024,2.0,0.0,0.0,11.828600883483887,16.744991302490234,10.504894256591797,10.504894256591797,0.3592161536216736,0.6120650768280029,86.08273315429688,5140.0,13.883770942687988,829.0,0.0,0.0,0.0334952250123024,2.0,0.0,0.0,12.33178997039795,17.483642578125,10.824372291564941,10.824372291564941,0.30228203535079956,0.552559494972229,85.32909393310547,5095.0,14.62066650390625,873.0,0.0,0.0,0.0502428375184536,3.0,0.0,0.0,0.0,0.3333333432674408,0.28333333134651184,0.21666665375232697,0.1666666716337204
2,0.24640773473211516,9.47400951385498,14.43016242980957,8.265349388122559,8.265349388122559,0.5232080817222595,0.7253758907318115,91.24099731445312,21792.0,8.721319198608398,2083.0,0.0,0.0,0.03768213093280792,9.0,0.0,0.0,5.879678726196289,9.10603141784668,5.136032581329346,5.136032581329346,0.8092280626296997,0.9034794569015503,97.62184143066406,5829.0,2.344665765762329,140.0,0.0,0.0,0.0334952250123024,2.0,0.0,0.0,9.06751537322998,13.849425315856934,7.8700737953186035,7.8700737953186035,0.5606560707092285,0.7510697245597839,92.580810546875,5528.0,7.385697364807129,441.0,0.0,0.0,0.0334952250123024,2.0,0.0,0.0,10.962841033935547,16.16356086730957,9.570751190185547,9.570751190185547,0.40294307470321655,0.6373276114463806,88.6786117553711,5295.0,11.287891387939453,674.0,0.0,0.0,0.0334952250123024,2.0,0.0,0.0,11.986003875732422,17.2316951751709,10.484539985656738,10.484539985656738,0.32224607467651367,0.5697686076164246,86.08273315429688,5140.0,13.867023468017578,828.0,0.0,0.0,0.0502428375184536,3.0,0.0,0.0,0.07142857142857142,0.3245614171028137,0.2788847088813782,0.21998745203018188,0.17656642198562622
3,0.2383014221728911,9.28140640258789,14.229358673095703,8.062923431396484,8.062923431396484,0.5363854169845581,0.7333139181137085,91.89415740966797,21948.0,8.06816291809082,1927.0,0.0,0.0,0.03768213093280792,9.0,0.0,0.0,5.609856605529785,8.523797035217285,4.910399913787842,4.910399913787842,0.8328438997268677,0.914792001247406,98.15776062011719,5861.0,1.8087422847747803,108.0,0.0,0.0,0.0334952250123024,2.0,0.0,0.0,8.877754211425781,13.547844886779785,7.696316242218018,7.696316242218018,0.5795817375183105,0.7626208662986755,93.06649017333984,5557.0,6.900016784667969,412.0,0.0,0.0,0.0334952250123024,2.0,0.0,0.0,10.775810241699219,16.05014991760254,9.33792495727539,9.33792495727539,0.4112921357154846,0.6418413519859314,89.38201141357422,5337.0,10.584491729736328,632.0,0.0,0.0,0.0334952250123024,2.0,0.0,0.0,11.862200736999512,17.207324981689453,10.307048797607422,10.307048797607422,0.32416170835494995,0.5696704983711243,86.9703598022461,5193.0,12.979400634765625,775.0,0.0,0.0,0.0502428375184536,3.0,0.0,0.0,0.14285714285714285,0.31578949093818665,0.2744360864162445,0.223308265209198,0.18646617233753204
4,0.2294804296416425,9.27035140991211,14.1975736618042,8.049154281616211,8.049154281616211,0.5384542942047119,0.734107255935669,91.9820785522461,21969.0,7.98023796081543,1906.0,0.0,0.0,0.03768213093280792,9.0,0.0,0.0,5.508909702301025,8.279827117919922,4.818795680999756,4.818795680999756,0.8422756791114807,0.9192975759506226,98.25824737548828,5867.0,1.7082566022872925,102.0,0.0,0.0,0.0334952250123024,2.0,0.0,0.0,8.842174530029297,13.469460487365723,7.661215305328369,7.661215305328369,0.5844325423240662,0.7649132609367371,93.04974365234375,5556.0,6.916764259338379,413.0,0.0,0.0,0.0334952250123024,2.0,0.0,0.0,10.80611801147461,16.06637191772461,9.355043411254883,9.355043411254883,0.4101014733314514,0.6405779123306274,89.43225860595703,5340.0,10.534248352050781,629.0,0.0,0.0,0.0334952250123024,2.0,0.0,0.0,11.924201011657715,17.26772117614746,10.361562728881836,10.361562728881836,0.31940919160842896,0.5656678676605225,87.18807983398438,5206.0,12.761680603027344,762.0,0.0,0.0,0.0502428375184536,3.0,0.0,0.0,0.21428571428571427,0.30701756477355957,0.26998746395111084,0.22662906348705292,0.19636592268943787
5,0.225004010435132,9.26530647277832,14.151824951171875,8.050105094909668,8.050105094909668,0.541424036026001,0.7360914349555969,91.88159942626953,21945.0,8.08072280883789,1930.0,0.0,0.0,0.03768213093280792,9.0,0.0,0.0,5.475796222686768,8.1522855758667,4.807044506072998,4.807044506072998,0.8470973968505859,0.9217833876609802,98.29174041748047,5869.0,1.674761414527893,100.0,0.0,0.0,0.0334952250123024,2.0,0.0,0.0,8.839985847473145,13.404565811157227,7.675381183624268,7.675381183624268,0.5884272456169128,0.7675008177757263,92.94925689697266,5550.0,7.0172505378723145,419.0,0.0,0.0,0.0334952250123024,2.0,0.0,0.0,10.812090873718262,16.02818489074707,9.359746932983398,9.359746932983398,0.41290223598480225,0.6427531242370605,89.43225860595703,5340.0,10.534248352050781,629.0,0.0,0.0,0.0334952250123024,2.0,0.0,0.0,11.933353424072266,17.264171600341797,10.358244895935059,10.358244895935059,0.31968891620635986,0.5659950971603394,86.85311889648438,5186.0,13.096633911132812,782.0,0.0,0.0,0.0502428375184536,3.0,0.0,0.0,0.2857142857142857,0.2982456088066101,0.2655388414859772,0.22994986176490784,0.2062656730413437
6,0.2178212473205674,9.323653221130371,14.161820411682129,8.109500885009766,8.109500885009766,0.5407760143280029,0.7356263399124146,91.79785919189453,21925.0,8.164462089538574,1950.0,0.0,0.0,0.03768213093280792,9.0,0.0,0.0,5.470175743103027,8.115145683288574,4.811706066131592,4.811706066131592,0.848487377166748,0.9225366711616516,98.39222717285156,5875.0,1.5742756128311157,94.0,0.0,0.0,0.0334952250123024,2.0,0.0,0.0,8.928552627563477,13.444483757019043,7.763396739959717,7.763396739959717,0.5859723091125488,0.7658679485321045,92.6812973022461,5534.0,7.28521203994751,435.0,0.0,0.0,0.0334952250123024,2.0,0.0,0.0,10.901294708251953,16.044912338256836,9.444003105163574,9.444003105163574,0.41167622804641724,0.641804575920105,89.48249816894531,5343.0,10.48400592803955,626.0,0.0,0.0,0.0334952250123024,2.0,0.0,0.0,11.994592666625977,17.26787757873535,10.418898582458496,10.418898582458496,0.3193967938423157,0.5657396912574768,86.63540649414062,5173.0,13.314352989196777,795.0,0.0,0.0,0.0502428375184536,3.0,0.0,0.0,0.35714285714285715,0.28947368264198303,0.2610902190208435,0.23327067494392395,0.2161654233932495
7,0.21413007943695794,9.37724494934082,14.19715404510498,8.164158821105957,8.164158821105957,0.538481593132019,0.7339789867401123,91.76017761230469,21916.0,8.202143669128418,1959.0,0.0,0.0,0.03768213093280792,9.0,0.0,0.0,5.47813081741333,8.057601928710938,4.818471431732178,4.818471431732178,0.8506284952163696,0.9237344861030579,98.47596740722656,5880.0,1.4905376434326172,89.0,0.0,0.0,0.0334952250123024,2.0,0.0,0.0,8.975167274475098,13.459098815917969,7.806281089782715,7.806281089782715,0.5850716829299927,0.7650952935218811,92.89900970458984,5547.0,7.067492485046387,422.0,0.0,0.0,0.0334952250123024,2.0,0.0,0.0,10.953078269958496,16.10390853881836,9.49668025970459,9.49668025970459,0.4073418378829956,0.6387784481048584,89.28153228759766,5331.0,10.684977531433105,638.0,0.0,0.0,0.0334952250123024,2.0,0.0,0.0,12.102601051330566,17.344409942626953,10.535202980041504,10.535202980041504,0.3133504390716553,0.5613765120506287,86.38418579101562,5158.0,13.565567016601562,810.0,0.0,0.0,0.0502428375184536,3.0,0.0,0.0,0.42857142857142855,0.28070175647735596,0.25664159655570984,0.23659147322177887,0.22606515884399414
8,0.21162622433175338,9.464816093444824,14.256203651428223,8.251091003417969,8.251091003417969,0.5346344709396362,0.7314780354499817,91.5759506225586,21872.0,8.386367797851562,2003.0,0.0,0.0,0.03768213093280792,9.0,0.0,0.0,5.552493095397949,8.179049491882324,4.881654262542725,4.881654262542725,0.8460918068885803,0.9217469692230225,98.3084945678711,5870.0,1.6580137014389038,99.0,0.0,0.0,0.0334952250123024,2.0,0.0,0.0,9.072102546691895,13.53382396697998,7.901345252990723,7.901345252990723,0.580451488494873,0.7622135877609253,92.53056335449219,5525.0,7.435940265655518,444.0,0.0,0.0,0.0334952250123024,2.0,0.0,0.0,11.051339149475098,16.14805030822754,9.598967552185059,9.598967552185059,0.40408825874328613,0.6365151405334473,89.29827117919922,5332.0,10.668230056762695,637.0,0.0,0.0,0.0334952250123024,2.0,0.0,0.0,12.183328628540039,17.382076263427734,10.622401237487793,10.622401237487793,0.31036490201950073,0.5597099661827087,86.16647338867188,5145.0,13.783286094665527,823.0,0.0,0.0,0.0502428375184536,3.0,0.0,0.0,0.5,0.2719298303127289,0.25219297409057617,0.2399122714996338,0.23596492409706116
9,0.2092543791783728,9.550812721252441,14.35663890838623,8.316868782043457,8.316868782043457,0.5280543565750122,0.7268443703651428,91.46708679199219,21846.0,8.495226860046387,2029.0,0.0,0.0,0.03768213093280792,9.0,0.0,0.0,5.605602741241455,8.234175682067871,4.914732933044434,4.914732933044434,0.8440101146697998,0.9205145239830017,98.34197998046875,5872.0,1.6245183944702148,97.0,0.0,0.0,0.0334952250123024,2.0,0.0,0.0,9.140470504760742,13.609699249267578,7.948524475097656,7.948524475097656,0.57573401927948,0.7589216232299805,92.76502990722656,5539.0,7.201474189758301,430.0,0.0,0.0,0.0334952250123024,2.0,0.0,0.0,11.149563789367676,16.25471305847168,9.675039291381836,9.675039291381836,0.39618998765945435,0.6307689547538757,89.06381225585938,5318.0,10.902695655822754,651.0,0.0,0.0,0.0334952250123024,2.0,0.0,0.0,12.30761432647705,17.52743911743164,10.729178428649902,10.729178428649902,0.2987821698188782,0.5508905649185181,85.69754028320312,5117.0,14.252218246459961,851.0,0.0,0.0,0.0502428375184536,3.0,0.0,0.0,0.5714285714285714,0.2631579041481018,0.2477443516254425,0.2432330846786499,0.24586467444896698
10,0.20399098330786675,9.6903657913208,14.499279022216797,8.446998596191406,8.446998596191406,0.518629789352417,0.7203801274299622,91.03165435791016,21742.0,8.9306640625,2133.0,0.0,0.0,0.03768213093280792,9.0,0.0,0.0,5.606652736663818,8.244638442993164,4.925930500030518,4.925930500030518,0.8436135053634644,0.9204272627830505,98.32524108886719,5871.0,1.641266107559204,98.0,0.0,0.0,0.0334952250123024,2.0,0.0,0.0,9.232645988464355,13.687021255493164,8.029081344604492,8.029081344604492,0.570899486541748,0.7557862997055054,92.79852294921875,5541.0,7.167978763580322,428.0,0.0,0.0,0.0334952250123024,2.0,0.0,0.0,11.368083953857422,16.43674087524414,9.873983383178711,9.873983383178711,0.38259077072143555,0.6203300356864929,88.19293212890625,5266.0,11.773571968078613,703.0,0.0,0.0,0.0334952250123024,2.0,0.0,0.0,12.55408000946045,17.760665893554688,10.95899486541748,10.95899486541748,0.2799965739250183,0.5354945063591003,84.8099136352539,5064.0,15.13984203338623,904.0,0.0,0.0,0.0502428375184536,3.0,0.0,0.0,0.6428571428571429,0.25438597798347473,0.24329572916030884,0.24655388295650482,0.2557644248008728
11,0.19973537865254298,9.651968955993652,14.422356605529785,8.412090301513672,8.412090301513672,0.5237237215042114,0.723785936832428,90.98978424072266,21732.0,8.976720809936523,2144.0,0.0,0.0,0.0334952250123024,8.0,0.0,0.0,5.63328742980957,8.270029067993164,4.955561637878418,4.955561637878418,0.8426487445831299,0.920057475566864,98.24150085449219,5866.0,1.7250041961669922,103.0,0.0,0.0,0.0334952250123024,2.0,0.0,0.0,9.176066398620605,13.595109939575195,7.976750373840332,7.976750373840332,0.576643168926239,0.7594975233078003,92.44683074951172,5520.0,7.519678592681885,449.0,0.0,0.0,0.0334952250123024,2.0,0.0,0.0,11.315279960632324,16.326244354248047,9.82734489440918,9.82734489440918,0.39086395502090454,0.6267357468605042,88.09244537353516,5260.0,11.8908052444458,710.0,0.0,0.0,0.0167476125061512,1.0,0.0,0.0,12.483241081237793,17.67061996459961,10.888704299926758,10.888704299926758,0.28727883100509644,0.5419007539749146,85.17835998535156,5086.0,14.771394729614258,882.0,0.0,0.0,0.0502428375184536,3.0,0.0,0.0,0.7142857142857143,0.24561403691768646,0.23884710669517517,0.24987469613552094,0.26566416025161743
12,0.192333174265194,9.745183944702148,14.601790428161621,8.476465225219727,8.476465225219727,0.5117989778518677,0.7155685424804688,90.57109069824219,21632.0,9.391223907470703,2243.0,0.0,0.0,0.03768213093280792,9.0,0.0,0.0,5.647487163543701,8.317673683166504,4.963090419769287,4.963090419769287,0.8408304452896118,0.9188758730888367,98.2080078125,5864.0,1.7584993839263916,105.0,0.0,0.0,0.0334952250123024,2.0,0.0,0.0,9.263258934020996,13.740522384643555,8.03880500793457,8.03880500793457,0.5675383806228638,0.7534512877464294,92.22911071777344,5507.0,7.737397193908691,462.0,0.0,0.0,0.0334952250123024,2.0,0.0,0.0,11.44578742980957,16.543235778808594,9.914328575134277,9.914328575134277,0.3745642900466919,0.6146137118339539,87.60676574707031,5231.0,12.359739303588867,738.0,0.0,0.0,0.0334952250123024,2.0,0.0,0.0,12.624201774597168,17.921630859375,10.98963737487793,10.98963737487793,0.26688671112060547,0.5268088579177856,84.24049377441406,5030.0,15.709261894226074,938.0,0.0,0.0,0.0502428375184536,3.0,0.0,0.0,0.7857142857142857,0.23684212565422058,0.2343984991312027,0.25319552421569824,0.27556392550468445
13,0.18878500069420528,9.951837539672852,14.832805633544922,8.674294471740723,8.674294471740723,0.4962291121482849,0.7057570815086365,89.98493194580078,21492.0,9.98157787322998,2384.0,0.0,0.0,0.0334952250123024,8.0,0.0,0.0,5.736385345458984,8.380382537841797,5.042364597320557,5.042364597320557,0.8384214043617249,0.9172148704528809,98.19125366210938,5863.0,1.7752470970153809,106.0,0.0,0.0,0.0334952250123024,2.0,0.0,0.0,9.429878234863281,13.892670631408691,8.192144393920898,8.192144393920898,0.5579081177711487,0.7470028400421143,91.6596908569336,5473.0,8.306816101074219,496.0,0.0,0.0,0.0334952250123024,2.0,0.0,0.0,11.731009483337402,16.844636917114258,10.18631649017334,10.18631649017334,0.3515670895576477,0.600567102432251,86.7861328125,5182.0,13.19711971282959,788.0,0.0,0.0,0.0167476125061512,1.0,0.0,0.0,12.910076141357422,18.250194549560547,11.27635383605957,11.27635383605957,0.2397594451904297,0.5122097134590149,83.30262756347656,4974.0,16.647127151489258,994.0,0.0,0.0,0.0502428375184536,3.0,0.0,0.0,0.8571428571428571,0.22807016968727112,0.22994986176490784,0.25651630759239197,0.2854636609554291
step,fold10/test_loss,fold10/test_mae,fold10/test_rmse,fold10/test_mard,fold10/test_mape,fold10/test_r2,fold10/test_pearson,fold10/test_ega_zone_a_pct,fold10/test_ega_zone_a_count,fold10/test_ega_zone_b_pct,fold10/test_ega_zone_b_count,fold10/test_ega_zone_c_pct,fold10/test_ega_zone_c_count,fold10/test_ega_zone_d_pct,fold10/test_ega_zone_d_count,fold10/test_ega_zone_e_pct,fold10/test_ega_zone_e_count,fold10/test_horizon_15_mae,fold10/test_horizon_15_rmse,fold10/test_horizon_15_mard,fold10/test_horizon_15_mape,fold10/test_horizon_15_r2,fold10/test_horizon_15_pearson,fold10/test_horizon_15_ega_zone_a_pct,fold10/test_horizon_15_ega_zone_a_count,fold10/test_horizon_15_ega_zone_b_pct,fold10/test_horizon_15_ega_zone_b_count,fold10/test_horizon_15_ega_zone_c_pct,fold10/test_horizon_15_ega_zone_c_count,fold10/test_horizon_15_ega_zone_d_pct,fold10/test_horizon_15_ega_zone_d_count,fold10/test_horizon_15_ega_zone_e_pct,fold10/test_horizon_15_ega_zone_e_count,fold10/test_horizon_30_mae,fold10/test_horizon_30_rmse,fold10/test_horizon_30_mard,fold10/test_horizon_30_mape,fold10/test_horizon_30_r2,fold10/test_horizon_30_pearson,fold10/test_horizon_30_ega_zone_a_pct,fold10/test_horizon_30_ega_zone_a_count,fold10/test_horizon_30_ega_zone_b_pct,fold10/test_horizon_30_ega_zone_b_count,fold10/test_horizon_30_ega_zone_c_pct,fold10/test_horizon_30_ega_zone_c_count,fold10/test_horizon_30_ega_zone_d_pct,fold10/test_horizon_30_ega_zone_d_count,fold10/test_horizon_30_ega_zone_e_pct,fold10/test_horizon_30_ega_zone_e_count,fold10/test_horizon_45_mae,fold10/test_horizon_45_rmse,fold10/test_horizon_45_mard,fold10/test_horizon_45_mape,fold10/test_horizon_45_r2,fold10/test_horizon_45_pearson,fold10/test_horizon_45_ega_zone_a_pct,fold10/test_horizon_45_ega_zone_a_count,fold10/test_horizon_45_ega_zone_b_pct,fold10/test_horizon_45_ega_zone_b_count,fold10/test_horizon_45_ega_zone_c_pct,fold10/test_horizon_45_ega_zone_c_count,fold10/test_horizon_45_ega_zone_d_pct,fold10/test_horizon_45_ega_zone_d_count,fold10/test_horizon_45_ega_zone_e_pct,fold10/test_horizon_45_ega_zone_e_count,fold10/test_horizon_60_mae,fold10/test_horizon_60_rmse,fold10/test_horizon_60_mard,fold10/test_horizon_60_mape,fold10/test_horizon_60_r2,fold10/test_horizon_60_pearson,fold10/test_horizon_60_ega_zone_a_pct,fold10/test_horizon_60_ega_zone_a_count,fold10/test_horizon_60_ega_zone_b_pct,fold10/test_horizon_60_ega_zone_b_count,fold10/test_horizon_60_ega_zone_c_pct,fold10/test_horizon_60_ega_zone_c_count,fold10/test_horizon_60_ega_zone_d_pct,fold10/test_horizon_60_ega_zone_d_count,fold10/test_horizon_60_ega_zone_e_pct,fold10/test_horizon_60_ega_zone_e_count
0,0.43426523117616317,13.792633056640625,21.962677001953125,12.239604949951172,12.239604949951172,0.4465123414993286,0.6706733703613281,81.2303237915039,6193.0,16.59234046936035,1265.0,0.0,0.0,2.177334785461426,166.0,0.0,0.0,8.146286964416504,12.259103775024414,7.343003273010254,7.343003273010254,0.828750491142273,0.9133684635162354,92.44490814208984,1762.0,5.981112480163574,114.0,0.0,0.0,1.5739768743515015,30.0,0.0,0.0,13.275541305541992,20.061044692993164,11.803955078125,11.803955078125,0.5392097234725952,0.7362735271453857,81.8992691040039,1561.0,16.002099990844727,305.0,0.0,0.0,2.0986359119415283,40.0,0.0,0.0,16.130687713623047,24.854290008544922,14.289851188659668,14.289851188659668,0.28886109590530396,0.5447043180465698,76.75760650634766,1463.0,20.7764949798584,396.0,0.0,0.0,2.46589732170105,47.0,0.0,0.0,17.618019104003906,27.549406051635742,15.521611213684082,15.521611213684082,0.12392956018447876,0.3892480432987213,73.81951904296875,1407.0,23.60965347290039,450.0,0.0,0.0,2.570828914642334,49.0,0.0,0.0
step,fold11/train_loss,fold11/val_mae,fold11/val_rmse,fold11/val_mard,fold11/val_mape,fold11/val_r2,fold11/val_pearson,fold11/val_ega_zone_a_pct,fold11/val_ega_zone_a_count,fold11/val_ega_zone_b_pct,fold11/val_ega_zone_b_count,fold11/val_ega_zone_c_pct,fold11/val_ega_zone_c_count,fold11/val_ega_zone_d_pct,fold11/val_ega_zone_d_count,fold11/val_ega_zone_e_pct,fold11/val_ega_zone_e_count,fold11/val_horizon_15_mae,fold11/val_horizon_15_rmse,fold11/val_horizon_15_mard,fold11/val_horizon_15_mape,fold11/val_horizon_15_r2,fold11/val_horizon_15_pearson,fold11/val_horizon_15_ega_zone_a_pct,fold11/val_horizon_15_ega_zone_a_count,fold11/val_horizon_15_ega_zone_b_pct,fold11/val_horizon_15_ega_zone_b_count,fold11/val_horizon_15_ega_zone_c_pct,fold11/val_horizon_15_ega_zone_c_count,fold11/val_horizon_15_ega_zone_d_pct,fold11/val_horizon_15_ega_zone_d_count,fold11/val_horizon_15_ega_zone_e_pct,fold11/val_horizon_15_ega_zone_e_count,fold11/val_horizon_30_mae,fold11/val_horizon_30_rmse,fold11/val_horizon_30_mard,fold11/val_horizon_30_mape,fold11/val_horizon_30_r2,fold11/val_horizon_30_pearson,fold11/val_horizon_30_ega_zone_a_pct,fold11/val_horizon_30_ega_zone_a_count,fold11/val_horizon_30_ega_zone_b_pct,fold11/val_horizon_30_ega_zone_b_count,fold11/val_horizon_30_ega_zone_c_pct,fold11/val_horizon_30_ega_zone_c_count,fold11/val_horizon_30_ega_zone_d_pct,fold11/val_horizon_30_ega_zone_d_count,fold11/val_horizon_30_ega_zone_e_pct,fold11/val_horizon_30_ega_zone_e_count,fold11/val_horizon_45_mae,fold11/val_horizon_45_rmse,fold11/val_horizon_45_mard,fold11/val_horizon_45_mape,fold11/val_horizon_45_r2,fold11/val_horizon_45_pearson,fold11/val_horizon_45_ega_zone_a_pct,fold11/val_horizon_45_ega_zone_a_count,fold11/val_horizon_45_ega_zone_b_pct,fold11/val_horizon_45_ega_zone_b_count,fold11/val_horizon_45_ega_zone_c_pct,fold11/val_horizon_45_ega_zone_c_count,fold11/val_horizon_45_ega_zone_d_pct,fold11/val_horizon_45_ega_zone_d_count,fold11/val_horizon_45_ega_zone_e_pct,fold11/val_horizon_45_ega_zone_e_count,fold11/val_horizon_60_mae,fold11/val_horizon_60_rmse,fold11/val_horizon_60_mard,fold11/val_horizon_60_mape,fold11/val_horizon_60_r2,fold11/val_horizon_60_pearson,fold11/val_horizon_60_ega_zone_a_pct,fold11/val_horizon_60_ega_zone_a_count,fold11/val_horizon_60_ega_zone_b_pct,fold11/val_horizon_60_ega_zone_b_count,fold11/val_horizon_60_ega_zone_c_pct,fold11/val_horizon_60_ega_zone_c_count,fold11/val_horizon_60_ega_zone_d_pct,fold11/val_horizon_60_ega_zone_d_count,fold11/val_horizon_60_ega_zone_e_pct,fold11/val_horizon_60_ega_zone_e_count,fold11/diag_horizon_curriculum_progress,fold11/diag_loss_horizon_weight_0,fold11/diag_loss_horizon_weight_1,fold11/diag_loss_horizon_weight_2,fold11/diag_loss_horizon_weight_3
1,0.2823976526184688,13.131915092468262,20.739286422729492,11.907607078552246,11.907607078552246,0.31354331970214844,0.5629427433013916,82.95838165283203,11800.0,15.572272300720215,2215.0,0.0,0.0,1.469347596168518,209.0,0.0,0.0,10.228726387023926,15.258248329162598,9.384575843811035,9.384575843811035,0.6297335624694824,0.8136876225471497,89.96063232421875,3199.0,8.548931121826172,304.0,0.0,0.0,1.49043869972229,53.0,0.0,0.0,12.616591453552246,19.920543670654297,11.370261192321777,11.370261192321777,0.36738115549087524,0.6077232360839844,83.71765899658203,2977.0,14.791901588439941,526.0,0.0,0.0,1.49043869972229,53.0,0.0,0.0,14.237760543823242,22.499547958374023,12.860770225524902,12.860770225524902,0.1902124285697937,0.4436163306236267,79.58380126953125,2830.0,18.953880310058594,674.0,0.0,0.0,1.4623171091079712,52.0,0.0,0.0,15.444580078125,24.17850685119629,14.01482105255127,14.01482105255127,0.06481242179870605,0.3107393682003021,78.57142639160156,2794.0,19.994375228881836,711.0,0.0,0.0,1.434195637702942,51.0,0.0,0.0,0.0,0.3333333432674408,0.28333333134651184,0.21666665375232697,0.1666666716337204
2,0.2426289338830695,11.825942993164062,19.15072250366211,10.566913604736328,10.566913604736328,0.4146767258644104,0.6442897319793701,85.38385772705078,12145.0,13.217097282409668,1880.0,0.0,0.0,1.3990437984466553,199.0,0.0,0.0,7.513354778289795,11.495687484741211,6.802675247192383,6.802675247192383,0.7898280024528503,0.8928152918815613,94.1788558959961,3349.0,4.611923694610596,164.0,0.0,0.0,1.2092238664627075,43.0,0.0,0.0,11.442728996276855,17.875314712524414,10.189745903015137,10.189745903015137,0.4906138777732849,0.7013933658599854,85.65804290771484,3046.0,12.851518630981445,457.0,0.0,0.0,1.49043869972229,53.0,0.0,0.0,13.528708457946777,21.455041885375977,12.064738273620605,12.064738273620605,0.26365339756011963,0.5176390409469604,82.14286041259766,2921.0,16.394824981689453,583.0,0.0,0.0,1.4623171091079712,52.0,0.0,0.0,14.818981170654297,23.558523178100586,13.210497856140137,13.210497856140137,0.11215752363204956,0.36831092834472656,79.55567932128906,2829.0,19.01012420654297,676.0,0.0,0.0,1.434195637702942,51.0,0.0,0.0,0.07142857142857142,0.3245614171028137,0.2788847088813782,0.21998745203018188,0.17656642198562622
3,0.23574924202971542,11.507347106933594,18.699094772338867,10.250364303588867,10.250364303588867,0.4419582486152649,0.6659075617790222,85.89004516601562,12217.0,12.760123252868652,1815.0,0.0,0.0,1.349831223487854,192.0,0.0,0.0,7.036218166351318,10.717907905578613,6.358963966369629,6.358963966369629,0.8173056840896606,0.9081783294677734,94.96625518798828,3377.0,3.9370079040527344,140.0,0.0,0.0,1.0967379808425903,39.0,0.0,0.0,11.13875961303711,17.282506942749023,9.904953956604004,9.904953956604004,0.5238396525382996,0.7255353927612305,85.96737670898438,3057.0,12.626546859741211,449.0,0.0,0.0,1.4060741662979126,50.0,0.0,0.0,13.256540298461914,21.030366897583008,11.77106761932373,11.77106761932373,0.2925150394439697,0.5448477268218994,82.7896499633789,2944.0,15.748031616210938,560.0,0.0,0.0,1.4623171091079712,52.0,0.0,0.0,14.597867965698242,23.297842025756836,12.966471672058105,12.966471672058105,0.13169729709625244,0.3918914198875427,79.8368911743164,2839.0,18.72890853881836,666.0,0.0,0.0,1.434195637702942,51.0,0.0,0.0,0.14285714285714285,0.31578949093818665,0.2744360864162445,0.223308265209198,0.18646617233753204
4,0.22758836021053802,11.378640174865723,18.455698013305664,10.130566596984863,10.130566596984863,0.45639121532440186,0.6768038272857666,86.14313507080078,12253.0,12.542181968688965,1784.0,0.0,0.0,1.3146793842315674,187.0,0.0,0.0,6.844746112823486,10.348376274108887,6.1809258460998535,6.1809258460998535,0.8296864032745361,0.9132620096206665,95.3037109375,3389.0,3.6557931900024414,130.0,0.0,0.0,1.0404949188232422,37.0,0.0,0.0,11.015196800231934,16.983531951904297,9.800044059753418,9.800044059753418,0.5401716232299805,0.7361412048339844,86.64229583740234,3081.0,12.035995483398438,428.0,0.0,0.0,1.3217097520828247,47.0,0.0,0.0,13.172103881835938,20.797840118408203,11.691340446472168,11.691340446472168,0.3080734610557556,0.5593306422233582,82.56468200683594,2936.0,15.973003387451172,568.0,0.0,0.0,1.4623171091079712,52.0,0.0,0.0,14.482514381408691,23.116483688354492,12.849955558776855,12.849955558776855,0.14516299962997437,0.40716177225112915,80.0618667602539,2847.0,18.503936767578125,658.0,0.0,0.0,1.434195637702942,51.0,0.0,0.0,0.21428571428571427,0.30701756477355957,0.26998746395111084,0.22662906348705292,0.19636592268943787
5,0.22130440226734296,11.39478874206543,18.44045639038086,10.14654541015625,10.14654541015625,0.4572887420654297,0.6776067018508911,86.24156188964844,12267.0,12.464848518371582,1773.0,0.0,0.0,1.2935882806777954,184.0,0.0,0.0,6.830482006072998,10.303972244262695,6.172378063201904,6.172378063201904,0.8311448693275452,0.9139033555984497,95.58493041992188,3399.0,3.430820941925049,122.0,0.0,0.0,0.9842519760131836,35.0,0.0,0.0,11.04287052154541,16.957069396972656,9.836048126220703,9.836048126220703,0.5416034460067749,0.7369282245635986,86.81102752685547,3087.0,11.89538860321045,423.0,0.0,0.0,1.2935882806777954,46.0,0.0,0.0,13.213310241699219,20.813798904418945,11.722862243652344,11.722862243652344,0.3070111870765686,0.5591676831245422,82.33970642089844,2928.0,16.197975158691406,576.0,0.0,0.0,1.4623171091079712,52.0,0.0,0.0,14.492488861083984,23.092710494995117,12.854891777038574,12.854891777038574,0.14692038297653198,0.4094575047492981,80.2305908203125,2853.0,18.335208892822266,652.0,0.0,0.0,1.434195637702942,51.0,0.0,0.0,0.2857142857142857,0.2982456088066101,0.2655388414859772,0.22994986176490784,0.2062656730413437
6,0.21780426504453915,11.357108116149902,18.37310028076172,10.095989227294922,10.095989227294922,0.461246132850647,0.6808187961578369,86.19937896728516,12261.0,12.528121948242188,1782.0,0.0,0.0,1.2724971771240234,181.0,0.0,0.0,6.770023822784424,10.191377639770508,6.115570068359375,6.115570068359375,0.8348149657249451,0.9153733849525452,95.8942642211914,3410.0,3.177727699279785,113.0,0.0,0.0,0.928009033203125,33.0,0.0,0.0,11.014814376831055,16.864486694335938,9.797138214111328,9.797138214111328,0.5465953350067139,0.740195631980896,86.64229583740234,3081.0,12.064117431640625,429.0,0.0,0.0,1.2935882806777954,46.0,0.0,0.0,13.200286865234375,20.75745391845703,11.689556121826172,11.689556121826172,0.3107580542564392,0.5632838606834412,82.19910430908203,2923.0,16.366703033447266,582.0,0.0,0.0,1.434195637702942,51.0,0.0,0.0,14.443302154541016,23.046390533447266,12.781691551208496,12.781691551208496,0.15033918619155884,0.41480687260627747,80.0618667602539,2847.0,18.503936767578125,658.0,0.0,0.0,1.434195637702942,51.0,0.0,0.0,0.35714285714285715,0.28947368264198303,0.2610902190208435,0.23327067494392395,0.2161654233932495
7,0.21389888722021708,11.379152297973633,18.355676651000977,10.062093734741211,10.062093734741211,0.4622673988342285,0.6821860671043396,86.29077911376953,12274.0,12.471878051757812,1774.0,0.0,0.0,1.2373453378677368,176.0,0.0,0.0,6.7654194831848145,10.058520317077637,6.08220100402832,6.08220100402832,0.8390936851501465,0.9186975955963135,96.17547607421875,3420.0,2.952755928039551,105.0,0.0,0.0,0.8717659711837769,31.0,0.0,0.0,11.017547607421875,16.808143615722656,9.744874000549316,9.744874000549316,0.5496198534965515,0.7431483864784241,86.64229583740234,3081.0,12.148481369018555,432.0,0.0,0.0,1.2092238664627075,43.0,0.0,0.0,13.24081039428711,20.76182746887207,11.664604187011719,11.664604187011719,0.3104676604270935,0.5640414357185364,82.2834701538086,2926.0,16.282339096069336,579.0,0.0,0.0,1.434195637702942,51.0,0.0,0.0,14.492829322814941,23.086414337158203,12.75669002532959,12.75669002532959,0.14738541841506958,0.4135635197162628,80.0618667602539,2847.0,18.503936767578125,658.0,0.0,0.0,1.434195637702942,51.0,0.0,0.0,0.42857142857142855,0.28070175647735596,0.25664159655570984,0.23659147322177887,0.22606515884399414
8,0.21262485569709935,11.496328353881836,18.49420166015625,10.164573669433594,10.164573669433594,0.45412057638168335,0.676236629486084,85.89004516601562,12217.0,12.865579605102539,1830.0,0.0,0.0,1.2443757057189941,177.0,0.0,0.0,6.826186656951904,10.097092628479004,6.143755912780762,6.143755912780762,0.8378572463989258,0.9176501035690308,96.00675201416016,3414.0,3.0933632850646973,110.0,0.0,0.0,0.8998875617980957,32.0,0.0,0.0,11.127321243286133,16.918102264404297,9.846780776977539,9.846780776977539,0.5437077879905701,0.7388861775398254,86.1361083984375,3063.0,12.626546859741211,449.0,0.0,0.0,1.2373453378677368,44.0,0.0,0.0,13.382760047912598,20.940698623657227,11.786602020263672,11.786602020263672,0.29853522777557373,0.5537370443344116,81.72103881835938,2906.0,16.87289047241211,600.0,0.0,0.0,1.4060741662979126,50.0,0.0,0.0,14.649043083190918,23.269201278686523,12.881156921386719,12.881156921386719,0.133830726146698,0.4014851748943329,79.6962890625,2834.0,18.869516372680664,671.0,0.0,0.0,1.434195637702942,51.0,0.0,0.0,0.5,0.2719298303127289,0.25219297409057617,0.2399122714996338,0.23596492409706116
9,0.21018233324855873,11.62458324432373,18.606245040893555,10.257818222045898,10.257818222045898,0.4474864602088928,0.672182023525238,85.7705307006836,12200.0,12.985095024108887,1847.0,0.0,0.0,1.2443757057189941,177.0,0.0,0.0,6.9068732261657715,10.184868812561035,6.215908527374268,6.215908527374268,0.8350259065628052,0.9159694314002991,95.95050811767578,3412.0,3.065241813659668,109.0,0.0,0.0,0.9842519760131836,35.0,0.0,0.0,11.244647979736328,17.023094177246094,9.941957473754883,9.941957473754883,0.5380268096923828,0.7355182766914368,86.1361083984375,3063.0,12.654667854309082,450.0,0.0,0.0,1.2092238664627075,43.0,0.0,0.0,13.538898468017578,21.0931396484375,11.900842666625977,11.900842666625977,0.28828519582748413,0.5470156073570251,81.55230712890625,2900.0,17.097862243652344,608.0,0.0,0.0,1.349831223487854,48.0,0.0,0.0,14.807912826538086,23.37373161315918,12.972569465637207,12.972569465637207,0.1260312795639038,0.39566710591316223,79.44319152832031,2825.0,19.122610092163086,680.0,0.0,0.0,1.434195637702942,51.0,0.0,0.0,0.5714285714285714,0.2631579041481018,0.2477443516254425,0.2432330846786499,0.24586467444896698
10,0.2059395793327987,11.685697555541992,18.74100685119629,10.297384262084961,10.297384262084961,0.4394538998603821,0.6668906807899475,85.64398193359375,12182.0,13.10461139678955,1864.0,0.0,0.0,1.2514060735702515,178.0,0.0,0.0,6.948446273803711,10.27961254119873,6.240267276763916,6.240267276763916,0.8319423198699951,0.9139077663421631,95.61305236816406,3400.0,3.430820941925049,122.0,0.0,0.0,0.9561305046081543,34.0,0.0,0.0,11.296381950378418,17.118045806884766,9.969916343688965,9.969916343688965,0.5328588485717773,0.7318132519721985,86.24859619140625,3067.0,12.485939025878906,444.0,0.0,0.0,1.2654668092727661,45.0,0.0,0.0,13.609920501708984,21.2447452545166,11.950859069824219,11.950859069824219,0.27801764011383057,0.5412114262580872,81.41170501708984,2895.0,17.23847007751465,613.0,0.0,0.0,1.349831223487854,48.0,0.0,0.0,14.888035774230957,23.555553436279297,13.02849006652832,13.02849006652832,0.11238133907318115,0.3891071677207947,79.30258178710938,2820.0,19.263216018676758,685.0,0.0,0.0,1.434195637702942,51.0,0.0,0.0,0.6428571428571429,0.25438597798347473,0.24329572916030884,0.24655388295650482,0.2557644248008728
11,0.19931401350473713,11.824795722961426,18.888225555419922,10.359501838684082,10.359501838684082,0.4306126832962036,0.6627007722854614,85.22216033935547,12122.0,13.540494918823242,1926.0,0.0,0.0,1.2373453378677368,176.0,0.0,0.0,7.0376739501953125,10.468219757080078,6.282824993133545,6.282824993133545,0.8257187604904175,0.9104300737380981,95.5286865234375,3397.0,3.5714287757873535,127.0,0.0,0.0,0.8998875617980957,32.0,0.0,0.0,11.446050643920898,17.37261962890625,10.051301956176758,10.051301956176758,0.5188611745834351,0.7238651514053345,85.5455551147461,3042.0,13.245219230651855,471.0,0.0,0.0,1.2092238664627075,43.0,0.0,0.0,13.780609130859375,21.404937744140625,12.01992416381836,12.01992416381836,0.26708871126174927,0.5362266302108765,80.73677825927734,2871.0,17.85714340209961,635.0,0.0,0.0,1.4060741662979126,50.0,0.0,0.0,15.034850120544434,23.611379623413086,13.083955764770508,13.083955764770508,0.10816913843154907,0.39016878604888916,79.0776138305664,2812.0,19.488187789916992,693.0,0.0,0.0,1.434195637702942,51.0,0.0,0.0,0.7142857142857143,0.24561403691768646,0.23884710669517517,0.24987469613552094,0.26566416025161743
12,0.19580739964735386,11.95610237121582,19.09900665283203,10.472457885742188,10.472457885742188,0.41783368587493896,0.6544132232666016,84.88470458984375,12074.0,13.892012596130371,1976.0,0.0,0.0,1.2232846021652222,174.0,0.0,0.0,7.123918056488037,10.66125202178955,6.374107360839844,6.374107360839844,0.8192321062088013,0.9061740636825562,95.1349868774414,3383.0,4.077615261077881,145.0,0.0,0.0,0.787401556968689,28.0,0.0,0.0,11.584433555603027,17.645978927612305,10.174821853637695,10.174821853637695,0.503600537776947,0.7137107849121094,85.26434326171875,3032.0,13.498311996459961,480.0,0.0,0.0,1.2373453378677368,44.0,0.0,0.0,13.941106796264648,21.62757110595703,12.147828102111816,12.147828102111816,0.2517632842063904,0.5252938270568848,80.51181030273438,2863.0,18.053993225097656,642.0,0.0,0.0,1.434195637702942,51.0,0.0,0.0,15.174944877624512,23.796920776367188,13.193072319030762,13.193072319030762,0.09409791231155396,0.3818455636501312,78.62767028808594,2796.0,19.93813133239746,709.0,0.0,0.0,1.434195637702942,51.0,0.0,0.0,0.7857142857142857,0.23684212565422058,0.2343984991312027,0.25319552421569824,0.27556392550468445
13,0.19040339396002134,12.146906852722168,19.32503890991211,10.63542652130127,10.63542652130127,0.4039725065231323,0.6461743116378784,84.25196838378906,11984.0,14.510686874389648,2064.0,0.0,0.0,1.2373453378677368,176.0,0.0,0.0,7.3009138107299805,10.965995788574219,6.514459609985352,6.514459609985352,0.8087501525878906,0.9004617929458618,94.46006774902344,3359.0,4.696288108825684,167.0,0.0,0.0,0.8436444997787476,30.0,0.0,0.0,11.788229942321777,17.911556243896484,10.329843521118164,10.329843521118164,0.4885462522506714,0.705069899559021,84.58942413330078,3008.0,14.173229217529297,504.0,0.0,0.0,1.2373453378677368,44.0,0.0,0.0,14.12911319732666,21.856735229492188,12.314961433410645,12.314961433410645,0.23582279682159424,0.515863299369812,79.80876922607422,2838.0,18.757030487060547,667.0,0.0,0.0,1.434195637702942,51.0,0.0,0.0,15.369370460510254,23.979881286621094,13.38244342803955,13.38244342803955,0.08011436462402344,0.3738507032394409,78.14960479736328,2779.0,20.41619873046875,726.0,0.0,0.0,1.434195637702942,51.0,0.0,0.0,0.8571428571428571,0.22807016968727112,0.22994986176490784,0.25651630759239197,0.2854636609554291
14,0.18469628036356106,12.309283256530762,19.525604248046875,10.779784202575684,10.779784202575684,0.3915365934371948,0.6377748847007751,83.95669555664062,11942.0,14.812992095947266,2107.0,0.0,0.0,1.2303149700164795,175.0,0.0,0.0,7.388871669769287,11.109234809875488,6.583903789520264,6.583903789520264,0.8037212491035461,0.8978975415229797,94.60067749023438,3364.0,4.611923694610596,164.0,0.0,0.0,0.787401556968689,28.0,0.0,0.0,11.94225788116455,18.127750396728516,10.476446151733398,10.476446151733398,0.4761251211166382,0.6968678832054138,84.47694396972656,3004.0,14.257593154907227,507.0,0.0,0.0,1.2654668092727661,45.0,0.0,0.0,14.322391510009766,22.106189727783203,12.488636016845703,12.488636016845703,0.2182798981666565,0.5027992725372314,79.35882568359375,2822.0,19.206974029541016,683.0,0.0,0.0,1.434195637702942,51.0,0.0,0.0,15.583610534667969,24.17194175720215,13.570146560668945,13.570146560668945,0.06532019376754761,0.35939672589302063,77.39032745361328,2752.0,21.175477981567383,753.0,0.0,0.0,1.434195637702942,51.0,0.0,0.0,0.9285714285714286,0.21929824352264404,0.22550123929977417,0.2598370909690857,0.2953633964061737
15,0.1815854414977502,12.527486801147461,19.801237106323242,10.975529670715332,10.975529670715332,0.3742365837097168,0.6250362992286682,83.47863006591797,11874.0,15.255906105041504,2170.0,0.0,0.0,1.2654668092727661,180.0,0.0,0.0,7.53455924987793,11.325362205505371,6.718757152557373,6.718757152557373,0.79600989818573,0.8936792016029358,94.46006774902344,3359.0,4.640045166015625,165.0,0.0,0.0,0.8998875617980957,32.0,0.0,0.0,12.163164138793945,18.38593292236328,10.670068740844727,10.670068740844727,0.4610964059829712,0.6861137747764587,83.9988784790039,2987.0,14.707536697387695,523.0,0.0,0.0,1.2935882806777954,46.0,0.0,0.0,14.581090927124023,22.437393188476562,12.716317176818848,12.716317176818848,0.19468027353286743,0.48284927010536194,78.59954833984375,2795.0,19.96625328063965,710.0,0.0,0.0,1.434195637702942,51.0,0.0,0.0,15.831127166748047,24.466571807861328,13.796977996826172,13.796977996826172,0.04239577054977417,0.33953213691711426,76.85601806640625,2733.0,21.70978546142578,772.0,0.0,0.0,1.434195637702942,51.0,0.0,0.0,1.0,0.21052631735801697,0.2210526168346405,0.2631579041481018,0.3052631616592407
step,fold11/test_loss,fold11/test_mae,fold11/test_rmse,fold11/test_mard,fold11/test_mape,fold11/test_r2,fold11/test_pearson,fold11/test_ega_zone_a_pct,fold11/test_ega_zone_a_count,fold11/test_ega_zone_b_pct,fold11/test_ega_zone_b_count,fold11/test_ega_zone_c_pct,fold11/test_ega_zone_c_count,fold11/test_ega_zone_d_pct,fold11/test_ega_zone_d_count,fold11/test_ega_zone_e_pct,fold11/test_ega_zone_e_count,fold11/test_horizon_15_mae,fold11/test_horizon_15_rmse,fold11/test_horizon_15_mard,fold11/test_horizon_15_mape,fold11/test_horizon_15_r2,fold11/test_horizon_15_pearson,fold11/test_horizon_15_ega_zone_a_pct,fold11/test_horizon_15_ega_zone_a_count,fold11/test_horizon_15_ega_zone_b_pct,fold11/test_horizon_15_ega_zone_b_count,fold11/test_horizon_15_ega_zone_c_pct,fold11/test_horizon_15_ega_zone_c_count,fold11/test_horizon_15_ega_zone_d_pct,fold11/test_horizon_15_ega_zone_d_count,fold11/test_horizon_15_ega_zone_e_pct,fold11/test_horizon_15_ega_zone_e_count,fold11/test_horizon_30_mae,fold11/test_horizon_30_rmse,fold11/test_horizon_30_mard,fold11/test_horizon_30_mape,fold11/test_horizon_30_r2,fold11/test_horizon_30_pearson,fold11/test_horizon_30_ega_zone_a_pct,fold11/test_horizon_30_ega_zone_a_count,fold11/test_horizon_30_ega_zone_b_pct,fold11/test_horizon_30_ega_zone_b_count,fold11/test_horizon_30_ega_zone_c_pct,fold11/test_horizon_30_ega_zone_c_count,fold11/test_horizon_30_ega_zone_d_pct,fold11/test_horizon_30_ega_zone_d_count,fold11/test_horizon_30_ega_zone_e_pct,fold11/test_horizon_30_ega_zone_e_count,fold11/test_horizon_45_mae,fold11/test_horizon_45_rmse,fold11/test_horizon_45_mard,fold11/test_horizon_45_mape,fold11/test_horizon_45_r2,fold11/test_horizon_45_pearson,fold11/test_horizon_45_ega_zone_a_pct,fold11/test_horizon_45_ega_zone_a_count,fold11/test_horizon_45_ega_zone_b_pct,fold11/test_horizon_45_ega_zone_b_count,fold11/test_horizon_45_ega_zone_c_pct,fold11/test_horizon_45_ega_zone_c_count,fold11/test_horizon_45_ega_zone_d_pct,fold11/test_horizon_45_ega_zone_d_count,fold11/test_horizon_45_ega_zone_e_pct,fold11/test_horizon_45_ega_zone_e_count,fold11/test_horizon_60_mae,fold11/test_horizon_60_rmse,fold11/test_horizon_60_mard,fold11/test_horizon_60_mape,fold11/test_horizon_60_r2,fold11/test_horizon_60_pearson,fold11/test_horizon_60_ega_zone_a_pct,fold11/test_horizon_60_ega_zone_a_count,fold11/test_horizon_60_ega_zone_b_pct,fold11/test_horizon_60_ega_zone_b_count,fold11/test_horizon_60_ega_zone_c_pct,fold11/test_horizon_60_ega_zone_c_count,fold11/test_horizon_60_ega_zone_d_pct,fold11/test_horizon_60_ega_zone_d_count,fold11/test_horizon_60_ega_zone_e_pct,fold11/test_horizon_60_ega_zone_e_count
0,0.31848103928029703,11.569476127624512,16.848342895507812,9.372293472290039,9.372293472290039,0.5103095769882202,0.7171284556388855,88.44892120361328,7550.0,11.551077842712402,986.0,0.0,0.0,0.0,0.0,0.0,0.0,6.289531707763672,8.772350311279297,5.1542582511901855,5.1542582511901855,0.8680037260055542,0.934964656829834,99.25023651123047,2118.0,0.7497656941413879,16.0,0.0,0.0,0.0,0.0,0.0,0.0,10.867131233215332,15.473576545715332,8.797089576721191,8.797089576721191,0.5874297022819519,0.7687645554542542,90.58106994628906,1933.0,9.41893196105957,201.0,0.0,0.0,0.0,0.0,0.0,0.0,13.699275970458984,19.280500411987305,11.050667762756348,11.050667762756348,0.356462299823761,0.6046980619430542,83.78631591796875,1788.0,16.21368408203125,346.0,0.0,0.0,0.0,0.0,0.0,0.0,15.42196273803711,21.15048599243164,12.487163543701172,12.487163543701172,0.22558635473251343,0.49621593952178955,80.17807006835938,1711.0,19.821929931640625,423.0,0.0,0.0,0.0,0.0,0.0,0.0
step,fold12/train_loss,fold12/val_mae,fold12/val_rmse,fold12/val_mard,fold12/val_mape,fold12/val_r2,fold12/val_pearson,fold12/val_ega_zone_a_pct,fold12/val_ega_zone_a_count,fold12/val_ega_zone_b_pct,fold12/val_ega_zone_b_count,fold12/val_ega_zone_c_pct,fold12/val_ega_zone_c_count,fold12/val_ega_zone_d_pct,fold12/val_ega_zone_d_count,fold12/val_ega_zone_e_pct,fold12/val_ega_zone_e_count,fold12/val_horizon_15_mae,fold12/val_horizon_15_rmse,fold12/val_horizon_15_mard,fold12/val_horizon_15_mape,fold12/val_horizon_15_r2,fold12/val_horizon_15_pearson,fold12/val_horizon_15_ega_zone_a_pct,fold12/val_horizon_15_ega_zone_a_count,fold12/val_horizon_15_ega_zone_b_pct,fold12/val_horizon_15_ega_zone_b_count,fold12/val_horizon_15_ega_zone_c_pct,fold12/val_horizon_15_ega_zone_c_count,fold12/val_horizon_15_ega_zone_d_pct,fold12/val_horizon_15_ega_zone_d_count,fold12/val_horizon_15_ega_zone_e_pct,fold12/val_horizon_15_ega_zone_e_count,fold12/val_horizon_30_mae,fold12/val_horizon_30_rmse,fold12/val_horizon_30_mard,fold12/val_horizon_30_mape,fold12/val_horizon_30_r2,fold12/val_horizon_30_pearson,fold12/val_horizon_30_ega_zone_a_pct,fold12/val_horizon_30_ega_zone_a_count,fold12/val_horizon_30_ega_zone_b_pct,fold12/val_horizon_30_ega_zone_b_count,fold12/val_horizon_30_ega_zone_c_pct,fold12/val_horizon_30_ega_zone_c_count,fold12/val_horizon_30_ega_zone_d_pct,fold12/val_horizon_30_ega_zone_d_count,fold12/val_horizon_30_ega_zone_e_pct,fold12/val_horizon_30_ega_zone_e_count,fold12/val_horizon_45_mae,fold12/val_horizon_45_rmse,fold12/val_horizon_45_mard,fold12/val_horizon_45_mape,fold12/val_horizon_45_r2,fold12/val_horizon_45_pearson,fold12/val_horizon_45_ega_zone_a_pct,fold12/val_horizon_45_ega_zone_a_count,fold12/val_horizon_45_ega_zone_b_pct,fold12/val_horizon_45_ega_zone_b_count,fold12/val_horizon_45_ega_zone_c_pct,fold12/val_horizon_45_ega_zone_c_count,fold12/val_horizon_45_ega_zone_d_pct,fold12/val_horizon_45_ega_zone_d_count,fold12/val_horizon_45_ega_zone_e_pct,fold12/val_horizon_45_ega_zone_e_count,fold12/val_horizon_60_mae,fold12/val_horizon_60_rmse,fold12/val_horizon_60_mard,fold12/val_horizon_60_mape,fold12/val_horizon_60_r2,fold12/val_horizon_60_pearson,fold12/val_horizon_60_ega_zone_a_pct,fold12/val_horizon_60_ega_zone_a_count,fold12/val_horizon_60_ega_zone_b_pct,fold12/val_horizon_60_ega_zone_b_count,fold12/val_horizon_60_ega_zone_c_pct,fold12/val_horizon_60_ega_zone_c_count,fold12/val_horizon_60_ega_zone_d_pct,fold12/val_horizon_60_ega_zone_d_count,fold12/val_horizon_60_ega_zone_e_pct,fold12/val_horizon_60_ega_zone_e_count,fold12/diag_horizon_curriculum_progress,fold12/diag_loss_horizon_weight_0,fold12/diag_loss_horizon_weight_1,fold12/diag_loss_horizon_weight_2,fold12/diag_loss_horizon_weight_3
1,0.26948921085074656,10.7653226852417,15.228129386901855,10.011507987976074,10.011507987976074,0.2641456723213196,0.5328548550605774,86.41950225830078,16876.0,12.843097686767578,2508.0,0.0,0.0,0.7374026775360107,144.0,0.0,0.0,7.92572021484375,11.235015869140625,7.3895721435546875,7.3895721435546875,0.6040933728218079,0.7809873819351196,93.17902374267578,4549.0,6.104055881500244,298.0,0.0,0.0,0.7169193029403687,35.0,0.0,0.0,10.964022636413574,15.137053489685059,10.258831977844238,10.258831977844238,0.2768141031265259,0.5537014603614807,86.11225128173828,4204.0,13.129864692687988,641.0,0.0,0.0,0.7578861117362976,37.0,0.0,0.0,11.812308311462402,16.53936767578125,10.95762825012207,10.95762825012207,0.12770622968673706,0.40790319442749023,83.96149444580078,4099.0,15.280622482299805,746.0,0.0,0.0,0.7578861117362976,37.0,0.0,0.0,12.359235763549805,17.282272338867188,11.439997673034668,11.439997673034668,0.040525972843170166,0.3118523955345154,82.42523956298828,4024.0,16.857845306396484,823.0,0.0,0.0,0.7169193029403687,35.0,0.0,0.0,0.0,0.3333333432674408,0.28333333134651184,0.21666665375232697,0.1666666716337204
2,0.2329722791844563,10.305850982666016,14.81360912322998,9.4939546585083,9.4939546585083,0.3036613464355469,0.5764949917793274,87.96599578857422,17178.0,11.337566375732422,2214.0,0.0,0.0,0.6964358687400818,136.0,0.0,0.0,6.992921829223633,9.955510139465332,6.478760242462158,6.478760242462158,0.6891345977783203,0.8331032395362854,95.1864013671875,4647.0,4.199098587036133,205.0,0.0,0.0,0.6145022511482239,30.0,0.0,0.0,10.344337463378906,14.632759094238281,9.506587028503418,9.506587028503418,0.3241976499557495,0.5951312780380249,87.99671936035156,4296.0,11.265874862670898,550.0,0.0,0.0,0.7374026775360107,36.0,0.0,0.0,11.619918823242188,16.4099063873291,10.687633514404297,10.687633514404297,0.14130842685699463,0.4396960735321045,85.12904357910156,4156.0,14.154034614562988,691.0,0.0,0.0,0.7169193029403687,35.0,0.0,0.0,12.26622486114502,17.183048248291016,11.302838325500488,11.302838325500488,0.05151170492172241,0.3431738615036011,83.55182647705078,4079.0,15.731257438659668,768.0,0.0,0.0,0.7169193029403687,35.0,0.0,0.0,0.07142857142857142,0.3245614171028137,0.2788847088813782,0.21998745203018188,0.17656642198562622
3,0.2230725764665496,10.212539672851562,14.757061004638672,9.39268684387207,9.39268684387207,0.3089674711227417,0.5816999673843384,88.15034484863281,17214.0,11.153216361999512,2178.0,0.0,0.0,0.6964358687400818,136.0,0.0,0.0,6.766982078552246,9.619065284729004,6.273795127868652,6.273795127868652,0.709790825843811,0.8447112441062927,95.53461456298828,4664.0,3.8508806228637695,188.0,0.0,0.0,0.6145022511482239,30.0,0.0,0.0,10.216188430786133,14.534929275512695,9.363703727722168,9.363703727722168,0.33320385217666626,0.6035544276237488,88.30397033691406,4311.0,10.958623886108398,535.0,0.0,0.0,0.7374026775360107,36.0,0.0,0.0,11.57880973815918,16.437789916992188,10.621037483215332,10.621037483215332,0.13838768005371094,0.440181702375412,85.25194549560547,4162.0,14.031134605407715,685.0,0.0,0.0,0.7169193029403687,35.0,0.0,0.0,12.288179397583008,17.236351013183594,11.312213897705078,11.312213897705078,0.04561805725097656,0.3421552777290344,83.51085662841797,4077.0,15.772225379943848,770.0,0.0,0.0,0.7169193029403687,35.0,0.0,0.0,0.14285714285714285,0.31578949093818665,0.2744360864162445,0.223308265209198,0.18646617233753204
4,0.21195934841771175,10.274513244628906,14.828253746032715,9.467113494873047,9.467113494873047,0.3022838234901428,0.5824674367904663,88.02745056152344,17190.0,11.322203636169434,2211.0,0.0,0.0,0.6503482460975647,127.0,0.0,0.0,6.708463668823242,9.482315063476562,6.24592399597168,6.24592399597168,0.7179837226867676,0.8513955473899841,95.8009033203125,4677.0,3.7484638690948486,183.0,0.0,0.0,0.45063501596450806,22.0,0.0,0.0,10.27995491027832,14.557706832885742,9.449020385742188,9.449020385742188,0.3311123847961426,0.6070113778114319,88.11962890625,4302.0,11.163457870483398,545.0,0.0,0.0,0.7169193029403687,35.0,0.0,0.0,11.684556007385254,16.558490753173828,10.730731964111328,10.730731964111328,0.12568777799606323,0.4378387928009033,85.10855865478516,4155.0,14.174517631530762,692.0,0.0,0.0,0.7169193029403687,35.0,0.0,0.0,12.425078392028809,17.42078399658203,11.442778587341309,11.442778587341309,0.02508455514907837,0.335951030254364,83.08070373535156,4056.0,16.202377319335938,791.0,0.0,0.0,0.7169193029403687,35.0,0.0,0.0,0.21428571428571427,0.30701756477355957,0.26998746395111084,0.22662906348705292,0.19636592268943787
5,0.20676414048121777,10.391392707824707,14.981776237487793,9.576240539550781,9.576240539550781,0.2877615690231323,0.5767272114753723,87.7099609375,17128.0,11.649938583374023,2275.0,0.0,0.0,0.6401064991950989,125.0,0.0,0.0,6.6673583984375,9.435508728027344,6.202425956726074,6.202425956726074,0.7207610607147217,0.8528211712837219,95.8009033203125,4677.0,3.727980375289917,182.0,0.0,0.0,0.47111836075782776,23.0,0.0,0.0,10.364593505859375,14.651744842529297,9.522132873535156,9.522132873535156,0.32244282960891724,0.6039743423461914,87.85333251953125,4289.0,11.450224876403809,559.0,0.0,0.0,0.6964358687400818,34.0,0.0,0.0,11.866929054260254,16.760154724121094,10.909214973449707,10.909214973449707,0.10426175594329834,0.4304523468017578,84.65792846679688,4133.0,14.645637512207031,715.0,0.0,0.0,0.6964358687400818,34.0,0.0,0.0,12.666686058044434,17.69771957397461,11.671192169189453,11.671192169189453,-0.006157875061035156,0.3271492123603821,82.52765655517578,4029.0,16.775911331176758,819.0,0.0,0.0,0.6964358687400818,34.0,0.0,0.0,0.2857142857142857,0.2982456088066101,0.2655388414859772,0.22994986176490784,0.2062656730413437
6,0.20114452019461412,10.455850601196289,15.092174530029297,9.640182495117188,9.640182495117188,0.27722620964050293,0.5736015439033508,87.41294860839844,17070.0,11.921343803405762,2328.0,0.0,0.0,0.6657107472419739,130.0,0.0,0.0,6.668943405151367,9.418646812438965,6.226171016693115,6.226171016693115,0.7217581868171692,0.8545577526092529,95.63703918457031,4669.0,3.8508806228637695,188.0,0.0,0.0,0.5120851993560791,25.0,0.0,0.0,10.396421432495117,14.721050262451172,9.553594589233398,9.553594589233398,0.3160178065299988,0.602846622467041,87.62802124023438,4278.0,11.655059814453125,569.0,0.0,0.0,0.7169193029403687,35.0,0.0,0.0,11.96414566040039,16.909486770629883,10.99858283996582,10.99858283996582,0.08822870254516602,0.4257747232913971,84.33019256591797,4117.0,14.952887535095215,730.0,0.0,0.0,0.7169193029403687,35.0,0.0,0.0,12.793891906738281,17.88138771057129,11.78238582611084,11.78238582611084,-0.02715015411376953,0.31988978385925293,82.05653381347656,4006.0,17.226547241210938,841.0,0.0,0.0,0.7169193029403687,35.0,0.0,0.0,0.35714285714285715,0.28947368264198303,0.2610902190208435,0.23327067494392395,0.2161654233932495
7,0.19633154658024152,10.578808784484863,15.280799865722656,9.765121459960938,9.765121459960938,0.2590465545654297,0.5650604963302612,87.05960845947266,17001.0,12.274682998657227,2397.0,0.0,0.0,0.6657107472419739,130.0,0.0,0.0,6.644955158233643,9.381229400634766,6.215237617492676,6.215237617492676,0.723964512348175,0.8554096817970276,95.63703918457031,4669.0,3.830397605895996,187.0,0.0,0.0,0.532568633556366,26.0,0.0,0.0,10.483709335327148,14.841070175170898,9.64537525177002,9.64537525177002,0.30481934547424316,0.5981678366661072,87.7099609375,4282.0,11.573125839233398,565.0,0.0,0.0,0.7169193029403687,35.0,0.0,0.0,12.162168502807617,17.174789428710938,11.192940711975098,11.192940711975098,0.05939370393753052,0.4138537347316742,83.71569061279297,4087.0,15.587873458862305,761.0,0.0,0.0,0.6964358687400818,34.0,0.0,0.0,13.02440071105957,18.187166213989258,12.006930351257324,12.006930351257324,-0.06257998943328857,0.3068940043449402,81.17575073242188,3963.0,18.10733413696289,884.0,0.0,0.0,0.7169193029403687,35.0,0.0,0.0,0.42857142857142855,0.28070175647735596,0.25664159655570984,0.23659147322177887,0.22606515884399414
8,0.19328130821453068,10.728254318237305,15.507875442504883,9.906484603881836,9.906484603881836,0.23686152696609497,0.5567592978477478,86.7011489868164,16931.0,12.612658500671387,2463.0,0.0,0.0,0.6861941814422607,134.0,0.0,0.0,6.741158485412598,9.501541137695312,6.293149948120117,6.293149948120117,0.7168389558792114,0.8527985215187073,95.4731674194336,4661.0,3.932814359664917,192.0,0.0,0.0,0.5940188765525818,29.0,0.0,0.0,10.641193389892578,15.070989608764648,9.789493560791016,9.789493560791016,0.28311288356781006,0.5905308723449707,87.11593627929688,4253.0,12.167144775390625,594.0,0.0,0.0,0.7169193029403687,35.0,0.0,0.0,12.343114852905273,17.452709197998047,11.37435245513916,11.37435245513916,0.028706014156341553,0.4030616879463196,83.22409057617188,4063.0,16.058992385864258,784.0,0.0,0.0,0.7169193029403687,35.0,0.0,0.0,13.18754768371582,18.438159942626953,12.168943405151367,12.168943405151367,-0.09211075305938721,0.2961169183254242,80.99140167236328,3954.0,18.291683197021484,893.0,0.0,0.0,0.7169193029403687,35.0,0.0,0.0,0.5,0.2719298303127289,0.25219297409057617,0.2399122714996338,0.23596492409706116
9,0.18742769392938344,10.724895477294922,15.579865455627441,9.888434410095215,9.888434410095215,0.2297598123550415,0.5504732728004456,86.6806640625,16927.0,12.638263702392578,2468.0,0.0,0.0,0.6810733079910278,133.0,0.0,0.0,6.728054523468018,9.487320899963379,6.288883209228516,6.288883209228516,0.7176859378814697,0.8528435230255127,95.3912353515625,4657.0,4.0147480964660645,196.0,0.0,0.0,0.5940188765525818,29.0,0.0,0.0,10.593205451965332,15.065023422241211,9.739480972290039,9.739480972290039,0.28368037939071655,0.5882279872894287,87.11593627929688,4253.0,12.167144775390625,594.0,0.0,0.0,0.7169193029403687,35.0,0.0,0.0,12.310379981994629,17.515718460083008,11.322504043579102,11.322504043579102,0.02167987823486328,0.39507216215133667,83.16263580322266,4060.0,16.12044334411621,787.0,0.0,0.0,0.7169193029403687,35.0,0.0,0.0,13.267936706542969,18.63234519958496,12.20286750793457,12.20286750793457,-0.11523544788360596,0.2786509394645691,81.05284881591797,3957.0,18.250717163085938,891.0,0.0,0.0,0.6964358687400818,34.0,0.0,0.0,0.5714285714285714,0.2631579041481018,0.2477443516254425,0.2432330846786499,0.24586467444896698
10,0.18167041540933176,10.85244083404541,15.780550003051758,10.021753311157227,10.021753311157227,0.20978909730911255,0.5404244065284729,86.31707763671875,16856.0,13.012085914611816,2541.0,0.0,0.0,0.6708316206932068,131.0,0.0,0.0,6.763238906860352,9.487218856811523,6.332491397857666,6.332491397857666,0.7176920175552368,0.8520176410675049,95.49365234375,4662.0,3.9532978534698486,193.0,0.0,0.0,0.5530520081520081,27.0,0.0,0.0,10.68824291229248,15.179522514343262,9.848098754882812,9.848098754882812,0.27275049686431885,0.5816729068756104,86.74723815917969,4235.0,12.535846710205078,612.0,0.0,0.0,0.7169193029403687,35.0,0.0,0.0,12.471179008483887,17.745670318603516,11.491183280944824,11.491183280944824,-0.004176139831542969,0.3859409987926483,82.67103576660156,4036.0,16.612043380737305,811.0,0.0,0.0,0.7169193029403687,35.0,0.0,0.0,13.487098693847656,18.993921279907227,12.415236473083496,12.415236473083496,-0.15893959999084473,0.2644806504249573,80.35641479492188,3923.0,18.947153091430664,925.0,0.0,0.0,0.6964358687400818,34.0,0.0,0.0,0.6428571428571429,0.25438597798347473,0.24329572916030884,0.24655388295650482,0.2557644248008728
11,0.1756647317379831,10.962425231933594,15.917739868164062,10.128945350646973,10.128945350646973,0.19598978757858276,0.5333977937698364,85.95350646972656,16785.0,13.355181694030762,2608.0,0.0,0.0,0.6913149952888489,135.0,0.0,0.0,6.763253211975098,9.526573181152344,6.335413455963135,6.335413455963135,0.715345025062561,0.8502716422080994,95.20687866210938,4648.0,4.178615093231201,204.0,0.0,0.0,0.6145022511482239,30.0,0.0,0.0,10.734416007995605,15.263343811035156,9.886406898498535,9.886406898498535,0.2646965980529785,0.5763503909111023,86.62433624267578,4229.0,12.658746719360352,618.0,0.0,0.0,0.7169193029403687,35.0,0.0,0.0,12.647391319274902,17.926918029785156,11.657215118408203,11.657215118408203,-0.024793267250061035,0.37670180201530457,81.99507904052734,4003.0,17.287996292114258,844.0,0.0,0.0,0.7169193029403687,35.0,0.0,0.0,13.704638481140137,19.193700790405273,12.636743545532227,12.636743545532227,-0.1834472417831421,0.25833240151405334,79.98770904541016,3905.0,19.29537010192871,942.0,0.0,0.0,0.7169193029403687,35.0,0.0,0.0,0.7142857142857143,0.24561403691768646,0.23884710669517517,0.24987469613552094,0.26566416025161743
step,fold12/test_loss,fold12/test_mae,fold12/test_rmse,fold12/test_mard,fold12/test_mape,fold12/test_r2,fold12/test_pearson,fold12/test_ega_zone_a_pct,fold12/test_ega_zone_a_count,fold12/test_ega_zone_b_pct,fold12/test_ega_zone_b_count,fold12/test_ega_zone_c_pct,fold12/test_ega_zone_c_count,fold12/test_ega_zone_d_pct,fold12/test_ega_zone_d_count,fold12/test_ega_zone_e_pct,fold12/test_ega_zone_e_count,fold12/test_horizon_15_mae,fold12/test_horizon_15_rmse,fold12/test_horizon_15_mard,fold12/test_horizon_15_mape,fold12/test_horizon_15_r2,fold12/test_horizon_15_pearson,fold12/test_horizon_15_ega_zone_a_pct,fold12/test_horizon_15_ega_zone_a_count,fold12/test_horizon_15_ega_zone_b_pct,fold12/test_horizon_15_ega_zone_b_count,fold12/test_horizon_15_ega_zone_c_pct,fold12/test_horizon_15_ega_zone_c_count,fold12/test_horizon_15_ega_zone_d_pct,fold12/test_horizon_15_ega_zone_d_count,fold12/test_horizon_15_ega_zone_e_pct,fold12/test_horizon_15_ega_zone_e_count,fold12/test_horizon_30_mae,fold12/test_horizon_30_rmse,fold12/test_horizon_30_mard,fold12/test_horizon_30_mape,fold12/test_horizon_30_r2,fold12/test_horizon_30_pearson,fold12/test_horizon_30_ega_zone_a_pct,fold12/test_horizon_30_ega_zone_a_count,fold12/test_horizon_30_ega_zone_b_pct,fold12/test_horizon_30_ega_zone_b_count,fold12/test_horizon_30_ega_zone_c_pct,fold12/test_horizon_30_ega_zone_c_count,fold12/test_horizon_30_ega_zone_d_pct,fold12/test_horizon_30_ega_zone_d_count,fold12/test_horizon_30_ega_zone_e_pct,fold12/test_horizon_30_ega_zone_e_count,fold12/test_horizon_45_mae,fold12/test_horizon_45_rmse,fold12/test_horizon_45_mard,fold12/test_horizon_45_mape,fold12/test_horizon_45_r2,fold12/test_horizon_45_pearson,fold12/test_horizon_45_ega_zone_a_pct,fold12/test_horizon_45_ega_zone_a_count,fold12/test_horizon_45_ega_zone_b_pct,fold12/test_horizon_45_ega_zone_b_count,fold12/test_horizon_45_ega_zone_c_pct,fold12/test_horizon_45_ega_zone_c_count,fold12/test_horizon_45_ega_zone_d_pct,fold12/test_horizon_45_ega_zone_d_count,fold12/test_horizon_45_ega_zone_e_pct,fold12/test_horizon_45_ega_zone_e_count,fold12/test_horizon_60_mae,fold12/test_horizon_60_rmse,fold12/test_horizon_60_mard,fold12/test_horizon_60_mape,fold12/test_horizon_60_r2,fold12/test_horizon_60_pearson,fold12/test_horizon_60_ega_zone_a_pct,fold12/test_horizon_60_ega_zone_a_count,fold12/test_horizon_60_ega_zone_b_pct,fold12/test_horizon_60_ega_zone_b_count,fold12/test_horizon_60_ega_zone_c_pct,fold12/test_horizon_60_ega_zone_c_count,fold12/test_horizon_60_ega_zone_d_pct,fold12/test_horizon_60_ega_zone_d_count,fold12/test_horizon_60_ega_zone_e_pct,fold12/test_horizon_60_ega_zone_e_count
0,0.24187230940430807,9.078116416931152,14.565354347229004,7.15966796875,7.15966796875,0.42354732751846313,0.6675726175308228,92.52938079833984,6614.0,7.470621109008789,534.0,0.0,0.0,0.0,0.0,0.0,0.0,6.117811679840088,9.39279556274414,4.847035884857178,4.847035884857178,0.7625570297241211,0.8813349604606628,97.42585754394531,1741.0,2.5741465091705322,46.0,0.0,0.0,0.0,0.0,0.0,0.0,9.101960182189941,14.356892585754395,7.170572757720947,7.170572757720947,0.44018810987472534,0.6844434142112732,91.8858413696289,1642.0,8.114157676696777,145.0,0.0,0.0,0.0,0.0,0.0,0.0,10.270197868347168,16.217906951904297,8.099180221557617,8.099180221557617,0.2826738953590393,0.5573518872261047,90.43089294433594,1616.0,9.569109916687012,171.0,0.0,0.0,0.0,0.0,0.0,0.0,10.822495460510254,17.065540313720703,8.521881103515625,8.521881103515625,0.20357686281204224,0.47960251569747925,90.37493133544922,1615.0,9.625069618225098,172.0,0.0,0.0,0.0,0.0,0.0,0.0
step,fold13/train_loss,fold13/val_mae,fold13/val_rmse,fold13/val_mard,fold13/val_mape,fold13/val_r2,fold13/val_pearson,fold13/val_ega_zone_a_pct,fold13/val_ega_zone_a_count,fold13/val_ega_zone_b_pct,fold13/val_ega_zone_b_count,fold13/val_ega_zone_c_pct,fold13/val_ega_zone_c_count,fold13/val_ega_zone_d_pct,fold13/val_ega_zone_d_count,fold13/val_ega_zone_e_pct,fold13/val_ega_zone_e_count,fold13/val_horizon_15_mae,fold13/val_horizon_15_rmse,fold13/val_horizon_15_mard,fold13/val_horizon_15_mape,fold13/val_horizon_15_r2,fold13/val_horizon_15_pearson,fold13/val_horizon_15_ega_zone_a_pct,fold13/val_horizon_15_ega_zone_a_count,fold13/val_horizon_15_ega_zone_b_pct,fold13/val_horizon_15_ega_zone_b_count,fold13/val_horizon_15_ega_zone_c_pct,fold13/val_horizon_15_ega_zone_c_count,fold13/val_horizon_15_ega_zone_d_pct,fold13/val_horizon_15_ega_zone_d_count,fold13/val_horizon_15_ega_zone_e_pct,fold13/val_horizon_15_ega_zone_e_count,fold13/val_horizon_30_mae,fold13/val_horizon_30_rmse,fold13/val_horizon_30_mard,fold13/val_horizon_30_mape,fold13/val_horizon_30_r2,fold13/val_horizon_30_pearson,fold13/val_horizon_30_ega_zone_a_pct,fold13/val_horizon_30_ega_zone_a_count,fold13/val_horizon_30_ega_zone_b_pct,fold13/val_horizon_30_ega_zone_b_count,fold13/val_horizon_30_ega_zone_c_pct,fold13/val_horizon_30_ega_zone_c_count,fold13/val_horizon_30_ega_zone_d_pct,fold13/val_horizon_30_ega_zone_d_count,fold13/val_horizon_30_ega_zone_e_pct,fold13/val_horizon_30_ega_zone_e_count,fold13/val_horizon_45_mae,fold13/val_horizon_45_rmse,fold13/val_horizon_45_mard,fold13/val_horizon_45_mape,fold13/val_horizon_45_r2,fold13/val_horizon_45_pearson,fold13/val_horizon_45_ega_zone_a_pct,fold13/val_horizon_45_ega_zone_a_count,fold13/val_horizon_45_ega_zone_b_pct,fold13/val_horizon_45_ega_zone_b_count,fold13/val_horizon_45_ega_zone_c_pct,fold13/val_horizon_45_ega_zone_c_count,fold13/val_horizon_45_ega_zone_d_pct,fold13/val_horizon_45_ega_zone_d_count,fold13/val_horizon_45_ega_zone_e_pct,fold13/val_horizon_45_ega_zone_e_count,fold13/val_horizon_60_mae,fold13/val_horizon_60_rmse,fold13/val_horizon_60_mard,fold13/val_horizon_60_mape,fold13/val_horizon_60_r2,fold13/val_horizon_60_pearson,fold13/val_horizon_60_ega_zone_a_pct,fold13/val_horizon_60_ega_zone_a_count,fold13/val_horizon_60_ega_zone_b_pct,fold13/val_horizon_60_ega_zone_b_count,fold13/val_horizon_60_ega_zone_c_pct,fold13/val_horizon_60_ega_zone_c_count,fold13/val_horizon_60_ega_zone_d_pct,fold13/val_horizon_60_ega_zone_d_count,fold13/val_horizon_60_ega_zone_e_pct,fold13/val_horizon_60_ega_zone_e_count,fold13/diag_horizon_curriculum_progress,fold13/diag_loss_horizon_weight_0,fold13/diag_loss_horizon_weight_1,fold13/diag_loss_horizon_weight_2,fold13/diag_loss_horizon_weight_3
1,0.28811298408190106,11.699298858642578,16.441871643066406,9.913398742675781,9.913398742675781,0.39843660593032837,0.6337372660636902,86.85424041748047,15064.0,12.938192367553711,2244.0,0.0,0.0,0.207564577460289,36.0,0.0,0.0,8.716764450073242,12.250341415405273,7.451225280761719,7.451225280761719,0.6645799875259399,0.8257128000259399,93.45018005371094,4052.0,6.342250823974609,275.0,0.0,0.0,0.207564577460289,9.0,0.0,0.0,11.547137260437012,16.215457916259766,9.787753105163574,9.787753105163574,0.41386133432388306,0.6448312401771545,87.01568603515625,3773.0,12.776753425598145,554.0,0.0,0.0,0.207564577460289,9.0,0.0,0.0,12.894882202148438,17.911142349243164,10.865203857421875,10.865203857421875,0.28683000802993774,0.5391559600830078,84.2712173461914,3654.0,15.521218299865723,673.0,0.0,0.0,0.207564577460289,9.0,0.0,0.0,13.638413429260254,18.641878128051758,11.549412727355957,11.549412727355957,0.23062431812286377,0.48348134756088257,82.67989349365234,3585.0,17.112545013427734,742.0,0.0,0.0,0.207564577460289,9.0,0.0,0.0,0.0,0.3333333432674408,0.28333333134651184,0.21666665375232697,0.1666666716337204
2,0.24421426254113135,11.121573448181152,15.971282958984375,9.260078430175781,9.260078430175781,0.43237900733947754,0.6660204529762268,88.61853790283203,15370.0,11.173892974853516,1938.0,0.0,0.0,0.207564577460289,36.0,0.0,0.0,7.114583969116211,10.16876220703125,5.979363918304443,5.979363918304443,0.7688846588134766,0.8816457986831665,96.7020263671875,4193.0,3.0904059410095215,134.0,0.0,0.0,0.207564577460289,9.0,0.0,0.0,10.936014175415039,15.575443267822266,9.113212585449219,9.113212585449219,0.459217369556427,0.6837360262870789,89.0913314819336,3863.0,10.701107025146484,464.0,0.0,0.0,0.207564577460289,9.0,0.0,0.0,12.781246185302734,17.929351806640625,10.602705001831055,10.602705001831055,0.28537923097610474,0.549613893032074,85.42435455322266,3704.0,14.368081092834473,623.0,0.0,0.0,0.207564577460289,9.0,0.0,0.0,13.654450416564941,18.784772872924805,11.345030784606934,11.345030784606934,0.21878427267074585,0.48904508352279663,83.25646209716797,3610.0,16.535978317260742,717.0,0.0,0.0,0.207564577460289,9.0,0.0,0.0,0.07142857142857142,0.3245614171028137,0.2788847088813782,0.21998745203018188,0.17656642198562622
3,0.23315695440374312,11.149709701538086,16.027605056762695,9.20561695098877,9.20561695098877,0.4283685088157654,0.6710889339447021,88.89529418945312,15418.0,10.897140502929688,1890.0,0.0,0.0,0.207564577460289,36.0,0.0,0.0,6.913498878479004,9.8909273147583,5.749598026275635,5.749598026275635,0.7813414335250854,0.8915593028068542,97.370849609375,4222.0,2.421586751937866,105.0,0.0,0.0,0.207564577460289,9.0,0.0,0.0,10.884594917297363,15.47719955444336,9.004829406738281,9.004829406738281,0.4660179615020752,0.6945119500160217,89.36808013916016,3875.0,10.42435359954834,452.0,0.0,0.0,0.207564577460289,9.0,0.0,0.0,12.913939476013184,18.076143264770508,10.635802268981934,10.635802268981934,0.2736297845840454,0.5497324466705322,85.44741821289062,3705.0,14.34501838684082,622.0,0.0,0.0,0.207564577460289,9.0,0.0,0.0,13.88680362701416,19.06345558166504,11.432239532470703,11.432239532470703,0.19543272256851196,0.48262426257133484,83.39482879638672,3616.0,16.397602081298828,711.0,0.0,0.0,0.207564577460289,9.0,0.0,0.0,0.14285714285714285,0.31578949093818665,0.2744360864162445,0.223308265209198,0.18646617233753204
4,0.2219593148547986,11.112971305847168,15.9168701171875,9.199346542358398,9.199346542358398,0.4362400770187378,0.6760483980178833,88.96448516845703,15430.0,10.827951431274414,1878.0,0.0,0.0,0.207564577460289,36.0,0.0,0.0,6.7532854080200195,9.49743366241455,5.635213851928711,5.635213851928711,0.7983932495117188,0.9007756114006042,97.46310424804688,4226.0,2.3293356895446777,101.0,0.0,0.0,0.207564577460289,9.0,0.0,0.0,10.791327476501465,15.287832260131836,8.942813873291016,8.942813873291016,0.4790048599243164,0.7039545178413391,89.34501647949219,3874.0,10.447417259216309,453.0,0.0,0.0,0.207564577460289,9.0,0.0,0.0,12.931525230407715,18.044944763183594,10.67473316192627,10.67473316192627,0.2761348485946655,0.5513790845870972,85.56272888183594,3710.0,14.229704856872559,617.0,0.0,0.0,0.207564577460289,9.0,0.0,0.0,13.975746154785156,19.074796676635742,11.54463005065918,11.54463005065918,0.19447511434555054,0.4785647690296173,83.48709106445312,3620.0,16.30535125732422,707.0,0.0,0.0,0.207564577460289,9.0,0.0,0.0,0.21428571428571427,0.30701756477355957,0.26998746395111084,0.22662906348705292,0.19636592268943787
5,0.21905019937429185,11.193015098571777,15.96242904663086,9.28718376159668,9.28718376159668,0.4330081343650818,0.6718300580978394,88.87799835205078,15415.0,10.914437294006348,1893.0,0.0,0.0,0.207564577460289,36.0,0.0,0.0,6.692218780517578,9.386429786682129,5.605299949645996,5.605299949645996,0.8030784130096436,0.9023861885070801,97.67066192626953,4235.0,2.1217710971832275,92.0,0.0,0.0,0.207564577460289,9.0,0.0,0.0,10.811348915100098,15.261758804321289,8.977758407592773,8.977758407592773,0.4807804226875305,0.703748881816864,89.69095611572266,3889.0,10.101476669311523,438.0,0.0,0.0,0.207564577460289,9.0,0.0,0.0,13.052007675170898,18.113584518432617,10.793462753295898,10.793462753295898,0.27061760425567627,0.5451656579971313,85.28598022460938,3698.0,14.506457328796387,629.0,0.0,0.0,0.207564577460289,9.0,0.0,0.0,14.216482162475586,19.23716163635254,11.772212982177734,11.772212982177734,0.18070358037948608,0.4629676043987274,82.86439514160156,3593.0,16.928043365478516,734.0,0.0,0.0,0.207564577460289,9.0,0.0,0.0,0.2857142857142857,0.2982456088066101,0.2655388414859772,0.22994986176490784,0.2062656730413437
6,0.21395699677133126,11.370566368103027,16.131628036499023,9.447562217712402,9.447562217712402,0.42092442512512207,0.6629473567008972,88.4225082397461,15336.0,11.369926452636719,1972.0,0.0,0.0,0.207564577460289,36.0,0.0,0.0,6.822734355926514,9.478171348571777,5.705408573150635,5.705408573150635,0.7992101907730103,0.902216911315918,97.53228759765625,4229.0,2.2601475715637207,98.0,0.0,0.0,0.207564577460289,9.0,0.0,0.0,10.983342170715332,15.40735149383545,9.117386817932129,9.117386817932129,0.47082674503326416,0.6983771324157715,89.27583312988281,3871.0,10.516605377197266,456.0,0.0,0.0,0.207564577460289,9.0,0.0,0.0,13.212247848510742,18.263980865478516,10.948833465576172,10.948833465576172,0.25845515727996826,0.5340003967285156,85.03228759765625,3687.0,14.760147094726562,640.0,0.0,0.0,0.207564577460289,9.0,0.0,0.0,14.463939666748047,19.49673080444336,12.018620491027832,12.018620491027832,0.15844476222991943,0.4382043182849884,81.8496322631836,3549.0,17.94280433654785,778.0,0.0,0.0,0.207564577460289,9.0,0.0,0.0,0.35714285714285715,0.28947368264198303,0.2610902190208435,0.23327067494392395,0.2161654233932495
7,0.21339691704960895,11.416946411132812,16.193464279174805,9.491839408874512,9.491839408874512,0.4164764881134033,0.6595141291618347,88.12845611572266,15285.0,11.6697416305542,2024.0,0.0,0.0,0.20179888606071472,35.0,0.0,0.0,6.815723419189453,9.448291778564453,5.707698822021484,5.707698822021484,0.8004741668701172,0.9025818109512329,97.67066192626953,4235.0,2.144834041595459,93.0,0.0,0.0,0.18450184166431427,8.0,0.0,0.0,10.995235443115234,15.413217544555664,9.133956909179688,9.133956909179688,0.4704238176345825,0.6980217695236206,89.18357849121094,3867.0,10.608856201171875,460.0,0.0,0.0,0.207564577460289,9.0,0.0,0.0,13.290342330932617,18.351844787597656,11.017890930175781,11.017890930175781,0.2513032555580139,0.52811598777771,84.43265533447266,3661.0,15.35977840423584,666.0,0.0,0.0,0.207564577460289,9.0,0.0,0.0,14.566485404968262,19.628681182861328,12.107812881469727,12.107812881469727,0.1470150351524353,0.4288826882839203,81.22693634033203,3522.0,18.56549835205078,805.0,0.0,0.0,0.207564577460289,9.0,0.0,0.0,0.42857142857142855,0.28070175647735596,0.25664159655570984,0.23659147322177887,0.22606515884399414
8,0.20841172671609925,11.442745208740234,16.285804748535156,9.520208358764648,9.520208358764648,0.40980255603790283,0.6541697978973389,88.07656860351562,15276.0,11.721632957458496,2033.0,0.0,0.0,0.20179888606071472,35.0,0.0,0.0,6.687534809112549,9.320398330688477,5.601904392242432,5.601904392242432,0.8058392405509949,0.9040710926055908,97.6937255859375,4236.0,2.1217710971832275,92.0,0.0,0.0,0.18450184166431427,8.0,0.0,0.0,11.00216293334961,15.424641609191895,9.142731666564941,9.142731666564941,0.469638466835022,0.6968526244163513,89.25276947021484,3870.0,10.539668083190918,457.0,0.0,0.0,0.207564577460289,9.0,0.0,0.0,13.369461059570312,18.495634078979492,11.095148086547852,11.095148086547852,0.2395249605178833,0.5186110138893127,84.22509765625,3652.0,15.567342758178711,675.0,0.0,0.0,0.207564577460289,9.0,0.0,0.0,14.711817741394043,19.850238800048828,12.241048812866211,12.241048812866211,0.1276504397392273,0.4120074212551117,81.13468933105469,3518.0,18.65774917602539,809.0,0.0,0.0,0.207564577460289,9.0,0.0,0.0,0.5,0.2719298303127289,0.25219297409057617,0.2399122714996338,0.23596492409706116
9,0.20242866058219125,11.66429615020752,16.609832763671875,9.6654691696167,9.6654691696167,0.3860834240913391,0.6410545110702515,87.78828430175781,15226.0,12.009917259216309,2083.0,0.0,0.0,0.20179888606071472,35.0,0.0,0.0,6.898991584777832,9.604037284851074,5.742169380187988,5.742169380187988,0.7938419580459595,0.8997113108634949,97.76290893554688,4239.0,2.0525829792022705,89.0,0.0,0.0,0.18450184166431427,8.0,0.0,0.0,11.182775497436523,15.687429428100586,9.25871467590332,9.25871467590332,0.4514131546020508,0.6876505017280579,89.25276947021484,3870.0,10.539668083190918,457.0,0.0,0.0,0.207564577460289,9.0,0.0,0.0,13.637290954589844,18.87917137145996,11.27719783782959,11.27719783782959,0.20765864849090576,0.4988454580307007,83.78689575195312,3633.0,16.005535125732422,694.0,0.0,0.0,0.207564577460289,9.0,0.0,0.0,14.938128471374512,20.218557357788086,12.383790016174316,12.383790016174316,0.09497743844985962,0.3908021152019501,80.35055541992188,3484.0,19.44188117980957,843.0,0.0,0.0,0.207564577460289,9.0,0.0,0.0,0.5714285714285714,0.2631579041481018,0.2477443516254425,0.2432330846786499,0.24586467444896698
10,0.19722066494889748,11.610544204711914,16.566009521484375,9.63418960571289,9.63418960571289,0.38931864500045776,0.6424835920333862,87.7190933227539,15214.0,12.079105377197266,2095.0,0.0,0.0,0.20179888606071472,35.0,0.0,0.0,6.89898681640625,9.556391716003418,5.738337993621826,5.738337993621826,0.7958824038505554,0.900350034236908,97.85517120361328,4243.0,1.9603321552276611,85.0,0.0,0.0,0.18450184166431427,8.0,0.0,0.0,11.18726921081543,15.688980102539062,9.271920204162598,9.271920204162598,0.45130467414855957,0.6867225170135498,89.137451171875,3865.0,10.65498161315918,462.0,0.0,0.0,0.207564577460289,9.0,0.0,0.0,13.544539451599121,18.815715789794922,11.21743392944336,11.21743392944336,0.21297597885131836,0.5019468069076538,83.74077606201172,3631.0,16.051660537719727,696.0,0.0,0.0,0.207564577460289,9.0,0.0,0.0,14.811382293701172,20.155168533325195,12.309062957763672,12.309062957763672,0.10064339637756348,0.39394503831863403,80.14299011230469,3475.0,19.649446487426758,852.0,0.0,0.0,0.207564577460289,9.0,0.0,0.0,0.6428571428571429,0.25438597798347473,0.24329572916030884,0.24655388295650482,0.2557644248008728
11,0.1950582414164431,11.605199813842773,16.520132064819336,9.6620454788208,9.6620454788208,0.3926963806152344,0.642672061920166,87.65567779541016,15203.0,12.14252758026123,2106.0,0.0,0.0,0.20179888606071472,35.0,0.0,0.0,6.8024187088012695,9.456186294555664,5.6710944175720215,5.6710944175720215,0.8001406192779541,0.9013951420783997,97.67066192626953,4235.0,2.144834041595459,93.0,0.0,0.0,0.18450184166431427,8.0,0.0,0.0,11.154008865356445,15.629409790039062,9.272664070129395,9.272664070129395,0.4554634690284729,0.6878721117973328,89.11439514160156,3864.0,10.678044319152832,463.0,0.0,0.0,0.207564577460289,9.0,0.0,0.0,13.600625991821289,18.77869987487793,11.30937671661377,11.30937671661377,0.2160695195198059,0.5010595321655273,83.48709106445312,3620.0,16.30535125732422,707.0,0.0,0.0,0.207564577460289,9.0,0.0,0.0,14.863747596740723,20.132598876953125,12.39504623413086,12.39504623413086,0.10265642404556274,0.39225929975509644,80.35055541992188,3484.0,19.44188117980957,843.0,0.0,0.0,0.207564577460289,9.0,0.0,0.0,0.7142857142857143,0.24561403691768646,0.23884710669517517,0.24987469613552094,0.26566416025161743
12,0.1880495194397577,11.643410682678223,16.54306983947754,9.654581069946289,9.654581069946289,0.39100879430770874,0.6443324685096741,87.72486114501953,15215.0,12.073339462280273,2094.0,0.0,0.0,0.20179888606071472,35.0,0.0,0.0,6.7889723777771,9.417431831359863,5.621029853820801,5.621029853820801,0.8017753958702087,0.9046851992607117,97.85517120361328,4243.0,1.9603321552276611,85.0,0.0,0.0,0.18450184166431427,8.0,0.0,0.0,11.164981842041016,15.60743522644043,9.236239433288574,9.236239433288574,0.45699363946914673,0.6922939419746399,89.55258178710938,3883.0,10.239851951599121,444.0,0.0,0.0,0.207564577460289,9.0,0.0,0.0,13.654694557189941,18.8071346282959,11.313081741333008,11.313081741333008,0.2136937379837036,0.5024147629737854,83.83302307128906,3635.0,15.9594087600708,692.0,0.0,0.0,0.207564577460289,9.0,0.0,0.0,14.96499252319336,20.2164363861084,12.44797134399414,12.44797134399414,0.09516727924346924,0.389365017414093,79.6586685180664,3454.0,20.133764266967773,873.0,0.0,0.0,0.207564577460289,9.0,0.0,0.0,0.7857142857142857,0.23684212565422058,0.2343984991312027,0.25319552421569824,0.27556392550468445
step,fold13/test_loss,fold13/test_mae,fold13/test_rmse,fold13/test_mard,fold13/test_mape,fold13/test_r2,fold13/test_pearson,fold13/test_ega_zone_a_pct,fold13/test_ega_zone_a_count,fold13/test_ega_zone_b_pct,fold13/test_ega_zone_b_count,fold13/test_ega_zone_c_pct,fold13/test_ega_zone_c_count,fold13/test_ega_zone_d_pct,fold13/test_ega_zone_d_count,fold13/test_ega_zone_e_pct,fold13/test_ega_zone_e_count,fold13/test_horizon_15_mae,fold13/test_horizon_15_rmse,fold13/test_horizon_15_mard,fold13/test_horizon_15_mape,fold13/test_horizon_15_r2,fold13/test_horizon_15_pearson,fold13/test_horizon_15_ega_zone_a_pct,fold13/test_horizon_15_ega_zone_a_count,fold13/test_horizon_15_ega_zone_b_pct,fold13/test_horizon_15_ega_zone_b_count,fold13/test_horizon_15_ega_zone_c_pct,fold13/test_horizon_15_ega_zone_c_count,fold13/test_horizon_15_ega_zone_d_pct,fold13/test_horizon_15_ega_zone_d_count,fold13/test_horizon_15_ega_zone_e_pct,fold13/test_horizon_15_ega_zone_e_count,fold13/test_horizon_30_mae,fold13/test_horizon_30_rmse,fold13/test_horizon_30_mard,fold13/test_horizon_30_mape,fold13/test_horizon_30_r2,fold13/test_horizon_30_pearson,fold13/test_horizon_30_ega_zone_a_pct,fold13/test_horizon_30_ega_zone_a_count,fold13/test_horizon_30_ega_zone_b_pct,fold13/test_horizon_30_ega_zone_b_count,fold13/test_horizon_30_ega_zone_c_pct,fold13/test_horizon_30_ega_zone_c_count,fold13/test_horizon_30_ega_zone_d_pct,fold13/test_horizon_30_ega_zone_d_count,fold13/test_horizon_30_ega_zone_e_pct,fold13/test_horizon_30_ega_zone_e_count,fold13/test_horizon_45_mae,fold13/test_horizon_45_rmse,fold13/test_horizon_45_mard,fold13/test_horizon_45_mape,fold13/test_horizon_45_r2,fold13/test_horizon_45_pearson,fold13/test_horizon_45_ega_zone_a_pct,fold13/test_horizon_45_ega_zone_a_count,fold13/test_horizon_45_ega_zone_b_pct,fold13/test_horizon_45_ega_zone_b_count,fold13/test_horizon_45_ega_zone_c_pct,fold13/test_horizon_45_ega_zone_c_count,fold13/test_horizon_45_ega_zone_d_pct,fold13/test_horizon_45_ega_zone_d_count,fold13/test_horizon_45_ega_zone_e_pct,fold13/test_horizon_45_ega_zone_e_count,fold13/test_horizon_60_mae,fold13/test_horizon_60_rmse,fold13/test_horizon_60_mard,fold13/test_horizon_60_mape,fold13/test_horizon_60_r2,fold13/test_horizon_60_pearson,fold13/test_horizon_60_ega_zone_a_pct,fold13/test_horizon_60_ega_zone_a_count,fold13/test_horizon_60_ega_zone_b_pct,fold13/test_horizon_60_ega_zone_b_count,fold13/test_horizon_60_ega_zone_c_pct,fold13/test_horizon_60_ega_zone_c_count,fold13/test_horizon_60_ega_zone_d_pct,fold13/test_horizon_60_ega_zone_d_count,fold13/test_horizon_60_ega_zone_e_pct,fold13/test_horizon_60_ega_zone_e_count
0,0.33790836216490944,11.812505722045898,18.801557540893555,8.570375442504883,8.570375442504883,0.2997576594352722,0.6231216192245483,89.37757110595703,6950.0,10.622427940368652,826.0,0.0,0.0,0.0,0.0,0.0,0.0,6.946195602416992,10.334198951721191,5.206244468688965,5.206244468688965,0.7884024381637573,0.9026169776916504,97.32510375976562,1892.0,2.6748971939086914,52.0,0.0,0.0,0.0,0.0,0.0,0.0,11.104477882385254,17.382143020629883,8.092312812805176,8.092312812805176,0.40174901485443115,0.6851766705513,90.63786315917969,1762.0,9.362139701843262,182.0,0.0,0.0,0.0,0.0,0.0,0.0,13.764198303222656,21.377634048461914,9.895975112915039,9.895975112915039,0.0949668288230896,0.47684070467948914,86.21399688720703,1676.0,13.786008834838867,268.0,0.0,0.0,0.0,0.0,0.0,0.0,15.435148239135742,23.410602569580078,11.086966514587402,11.086966514587402,-0.0861501693725586,0.3266257643699646,83.33332824707031,1620.0,16.666667938232422,324.0,0.0,0.0,0.0,0.0,0.0,0.0
step,fold14/train_loss,fold14/val_mae,fold14/val_rmse,fold14/val_mard,fold14/val_mape,fold14/val_r2,fold14/val_pearson,fold14/val_ega_zone_a_pct,fold14/val_ega_zone_a_count,fold14/val_ega_zone_b_pct,fold14/val_ega_zone_b_count,fold14/val_ega_zone_c_pct,fold14/val_ega_zone_c_count,fold14/val_ega_zone_d_pct,fold14/val_ega_zone_d_count,fold14/val_ega_zone_e_pct,fold14/val_ega_zone_e_count,fold14/val_horizon_15_mae,fold14/val_horizon_15_rmse,fold14/val_horizon_15_mard,fold14/val_horizon_15_mape,fold14/val_horizon_15_r2,fold14/val_horizon_15_pearson,fold14/val_horizon_15_ega_zone_a_pct,fold14/val_horizon_15_ega_zone_a_count,fold14/val_horizon_15_ega_zone_b_pct,fold14/val_horizon_15_ega_zone_b_count,fold14/val_horizon_15_ega_zone_c_pct,fold14/val_horizon_15_ega_zone_c_count,fold14/val_horizon_15_ega_zone_d_pct,fold14/val_horizon_15_ega_zone_d_count,fold14/val_horizon_15_ega_zone_e_pct,fold14/val_horizon_15_ega_zone_e_count,fold14/val_horizon_30_mae,fold14/val_horizon_30_rmse,fold14/val_horizon_30_mard,fold14/val_horizon_30_mape,fold14/val_horizon_30_r2,fold14/val_horizon_30_pearson,fold14/val_horizon_30_ega_zone_a_pct,fold14/val_horizon_30_ega_zone_a_count,fold14/val_horizon_30_ega_zone_b_pct,fold14/val_horizon_30_ega_zone_b_count,fold14/val_horizon_30_ega_zone_c_pct,fold14/val_horizon_30_ega_zone_c_count,fold14/val_horizon_30_ega_zone_d_pct,fold14/val_horizon_30_ega_zone_d_count,fold14/val_horizon_30_ega_zone_e_pct,fold14/val_horizon_30_ega_zone_e_count,fold14/val_horizon_45_mae,fold14/val_horizon_45_rmse,fold14/val_horizon_45_mard,fold14/val_horizon_45_mape,fold14/val_horizon_45_r2,fold14/val_horizon_45_pearson,fold14/val_horizon_45_ega_zone_a_pct,fold14/val_horizon_45_ega_zone_a_count,fold14/val_horizon_45_ega_zone_b_pct,fold14/val_horizon_45_ega_zone_b_count,fold14/val_horizon_45_ega_zone_c_pct,fold14/val_horizon_45_ega_zone_c_count,fold14/val_horizon_45_ega_zone_d_pct,fold14/val_horizon_45_ega_zone_d_count,fold14/val_horizon_45_ega_zone_e_pct,fold14/val_horizon_45_ega_zone_e_count,fold14/val_horizon_60_mae,fold14/val_horizon_60_rmse,fold14/val_horizon_60_mard,fold14/val_horizon_60_mape,fold14/val_horizon_60_r2,fold14/val_horizon_60_pearson,fold14/val_horizon_60_ega_zone_a_pct,fold14/val_horizon_60_ega_zone_a_count,fold14/val_horizon_60_ega_zone_b_pct,fold14/val_horizon_60_ega_zone_b_count,fold14/val_horizon_60_ega_zone_c_pct,fold14/val_horizon_60_ega_zone_c_count,fold14/val_horizon_60_ega_zone_d_pct,fold14/val_horizon_60_ega_zone_d_count,fold14/val_horizon_60_ega_zone_e_pct,fold14/val_horizon_60_ega_zone_e_count,fold14/diag_horizon_curriculum_progress,fold14/diag_loss_horizon_weight_0,fold14/diag_loss_horizon_weight_1,fold14/diag_loss_horizon_weight_2,fold14/diag_loss_horizon_weight_3
1,0.2854539874121192,10.724376678466797,15.911667823791504,8.994537353515625,8.994537353515625,0.48075538873672485,0.7020803689956665,90.39762115478516,15505.0,9.526585578918457,1634.0,0.0,0.0,0.07579290866851807,13.0,0.0,0.0,8.009055137634277,11.607183456420898,6.82843017578125,6.82843017578125,0.7233250737190247,0.8685305714607239,95.7555923461914,4106.0,4.151119232177734,178.0,0.0,0.0,0.09328357875347137,4.0,0.0,0.0,10.524426460266113,15.397648811340332,8.87567138671875,8.87567138671875,0.5136483311653137,0.7288864254951477,90.85820770263672,3896.0,9.048507690429688,388.0,0.0,0.0,0.09328357875347137,4.0,0.0,0.0,11.725010871887207,17.285234451293945,9.753694534301758,9.753694534301758,0.3872922658920288,0.633002519607544,88.73600769042969,3805.0,11.194029808044434,480.0,0.0,0.0,0.06996268779039383,3.0,0.0,0.0,12.639012336730957,18.496788024902344,10.52035140991211,10.52035140991211,0.29934024810791016,0.5522164106369019,86.24067687988281,3698.0,13.712686538696289,588.0,0.0,0.0,0.04664178937673569,2.0,0.0,0.0,0.0,0.3333333432674408,0.28333333134651184,0.21666665375232697,0.1666666716337204
2,0.2495453596666131,9.86689281463623,14.959577560424805,8.188241958618164,8.188241958618164,0.5410353541374207,0.7445197105407715,91.82019805908203,15749.0,8.104011535644531,1390.0,0.0,0.0,0.07579290866851807,13.0,0.0,0.0,6.397071838378906,9.432074546813965,5.360901355743408,5.360901355743408,0.8173033595085144,0.9130590558052063,97.57463073730469,4184.0,2.332089424133301,100.0,0.0,0.0,0.09328357875347137,4.0,0.0,0.0,9.497406005859375,14.185540199279785,7.899852752685547,7.899852752685547,0.5872060060501099,0.7755471467971802,92.25746154785156,3956.0,7.649253845214844,328.0,0.0,0.0,0.09328357875347137,4.0,0.0,0.0,11.252580642700195,16.68532371520996,9.316333770751953,9.316333770751953,0.4290841817855835,0.6647156476974487,89.73880767822266,3848.0,10.191230773925781,437.0,0.0,0.0,0.06996268779039383,3.0,0.0,0.0,12.320512771606445,18.071035385131836,10.175878524780273,10.175878524780273,0.33122414350509644,0.5866400003433228,87.70988464355469,3761.0,12.243470191955566,525.0,0.0,0.0,0.04664178937673569,2.0,0.0,0.0,0.07142857142857142,0.3245614171028137,0.2788847088813782,0.21998745203018188,0.17656642198562622
3,0.24208253809902355,9.620488166809082,14.552312850952148,8.019765853881836,8.019765853881836,0.5656851530075073,0.7600144147872925,92.25746154785156,15824.0,7.666744232177734,1315.0,0.0,0.0,0.07579290866851807,13.0,0.0,0.0,6.019954204559326,8.744795799255371,5.0801100730896,5.0801100730896,0.8429580926895142,0.9251391291618347,98.13432312011719,4208.0,1.7723881006240845,76.0,0.0,0.0,0.09328357875347137,4.0,0.0,0.0,9.201652526855469,13.653465270996094,7.687673568725586,7.687673568725586,0.6175916194915771,0.7943710684776306,93.00373077392578,3988.0,6.902985095977783,296.0,0.0,0.0,0.09328357875347137,4.0,0.0,0.0,11.03636360168457,16.32432746887207,9.169807434082031,9.169807434082031,0.453521192073822,0.6821824312210083,89.94869232177734,3857.0,9.981343269348145,428.0,0.0,0.0,0.06996268779039383,3.0,0.0,0.0,12.223980903625488,17.8243408203125,10.141472816467285,10.141472816467285,0.3493589162826538,0.6004789471626282,87.9430923461914,3771.0,12.010261535644531,515.0,0.0,0.0,0.04664178937673569,2.0,0.0,0.0,0.14285714285714285,0.31578949093818665,0.2744360864162445,0.223308265209198,0.18646617233753204
4,0.23172096084903876,9.63131046295166,14.476570129394531,8.048175811767578,8.048175811767578,0.5701946020126343,0.7618225812911987,92.44985961914062,15857.0,7.474347114562988,1282.0,0.0,0.0,0.07579290866851807,13.0,0.0,0.0,5.915309429168701,8.451313972473145,5.032374858856201,5.032374858856201,0.8533221483230591,0.9292725920677185,98.46082305908203,4222.0,1.4458955526351929,62.0,0.0,0.0,0.09328357875347137,4.0,0.0,0.0,9.229602813720703,13.515462875366211,7.7326765060424805,7.7326765060424805,0.6252830028533936,0.7979982495307922,93.26026153564453,3999.0,6.64645528793335,285.0,0.0,0.0,0.09328357875347137,4.0,0.0,0.0,11.08395004272461,16.297880172729492,9.222114562988281,9.222114562988281,0.45529043674468994,0.6825408339500427,90.04197692871094,3861.0,9.888059616088867,424.0,0.0,0.0,0.06996268779039383,3.0,0.0,0.0,12.296377182006836,17.84855842590332,10.205535888671875,10.205535888671875,0.34758973121643066,0.5987521409988403,88.03638458251953,3775.0,11.916977882385254,511.0,0.0,0.0,0.04664178937673569,2.0,0.0,0.0,0.21428571428571427,0.30701756477355957,0.26998746395111084,0.22662906348705292,0.19636592268943787
5,0.22548115898947477,9.671866416931152,14.591108322143555,8.065566062927246,8.065566062927246,0.5633664131164551,0.7567799687385559,91.77355194091797,15741.0,8.150652885437012,1398.0,0.0,0.0,0.07579290866851807,13.0,0.0,0.0,5.929793357849121,8.532316207885742,5.028299808502197,5.028299808502197,0.8504969477653503,0.9263615012168884,98.41417694091797,4220.0,1.492537260055542,64.0,0.0,0.0,0.09328357875347137,4.0,0.0,0.0,9.308902740478516,13.66297435760498,7.784811496734619,7.784811496734619,0.6170588135719299,0.79210364818573,92.56063842773438,3969.0,7.346081733703613,315.0,0.0,0.0,0.09328357875347137,4.0,0.0,0.0,11.13255786895752,16.43059539794922,9.248614311218262,9.248614311218262,0.44638311862945557,0.6759942770004272,89.17910766601562,3824.0,10.750932693481445,461.0,0.0,0.0,0.06996268779039383,3.0,0.0,0.0,12.316216468811035,17.948820114135742,10.200543403625488,10.200543403625488,0.3402394652366638,0.5932165384292603,86.94029998779297,3728.0,13.013060569763184,558.0,0.0,0.0,0.04664178937673569,2.0,0.0,0.0,0.2857142857142857,0.2982456088066101,0.2655388414859772,0.22994986176490784,0.2062656730413437
6,0.21996126306475527,9.746004104614258,14.697744369506836,8.118778228759766,8.118778228759766,0.5569610595703125,0.7541500926017761,91.81436157226562,15748.0,8.109841346740723,1391.0,0.0,0.0,0.07579290866851807,13.0,0.0,0.0,5.904582977294922,8.5167236328125,4.994041442871094,4.994041442871094,0.8510428667068481,0.928342878818512,98.48413848876953,4223.0,1.4225746393203735,61.0,0.0,0.0,0.09328357875347137,4.0,0.0,0.0,9.40583324432373,13.795741081237793,7.851935863494873,7.851935863494873,0.609580397605896,0.789742112159729,92.77052307128906,3978.0,7.136193752288818,306.0,0.0,0.0,0.09328357875347137,4.0,0.0,0.0,11.259710311889648,16.585901260375977,9.349899291992188,9.349899291992188,0.4358677268028259,0.6697489619255066,89.20243072509766,3825.0,10.727611541748047,460.0,0.0,0.0,0.06996268779039383,3.0,0.0,0.0,12.413887023925781,18.059499740600586,10.279237747192383,10.279237747192383,0.33207762241363525,0.5871039032936096,86.80036926269531,3722.0,13.152985572814941,564.0,0.0,0.0,0.04664178937673569,2.0,0.0,0.0,0.35714285714285715,0.28947368264198303,0.2610902190208435,0.23327067494392395,0.2161654233932495
7,0.21377555844396176,9.745997428894043,14.724039077758789,8.095505714416504,8.095505714416504,0.5553743839263916,0.7542507648468018,91.65694427490234,15721.0,8.267257690429688,1418.0,0.0,0.0,0.07579290866851807,13.0,0.0,0.0,5.8359527587890625,8.538543701171875,4.908969402313232,4.908969402313232,0.8502786159515381,0.9276691675186157,98.39086151123047,4219.0,1.5158582925796509,65.0,0.0,0.0,0.09328357875347137,4.0,0.0,0.0,9.411982536315918,13.823480606079102,7.835726261138916,7.835726261138916,0.6080087423324585,0.7903193235397339,92.56063842773438,3969.0,7.346081733703613,315.0,0.0,0.0,0.09328357875347137,4.0,0.0,0.0,11.28015422821045,16.601594924926758,9.345719337463379,9.345719337463379,0.4347997307777405,0.6711660623550415,89.01586151123047,3817.0,10.914178848266602,468.0,0.0,0.0,0.06996268779039383,3.0,0.0,0.0,12.455902099609375,18.099199295043945,10.291608810424805,10.291608810424805,0.329137921333313,0.5867448449134827,86.66045379638672,3716.0,13.2929105758667,570.0,0.0,0.0,0.04664178937673569,2.0,0.0,0.0,0.42857142857142855,0.28070175647735596,0.25664159655570984,0.23659147322177887,0.22606515884399414
8,0.21161497822550568,9.784806251525879,14.804994583129883,8.117225646972656,8.117225646972656,0.5504716634750366,0.7518323659896851,91.8493423461914,15754.0,8.074860572814941,1385.0,0.0,0.0,0.07579290866851807,13.0,0.0,0.0,5.823068141937256,8.453177452087402,4.8970112800598145,4.8970112800598145,0.853257417678833,0.9303135871887207,98.36753845214844,4218.0,1.5391790866851807,66.0,0.0,0.0,0.09328357875347137,4.0,0.0,0.0,9.460637092590332,13.921195983886719,7.873134136199951,7.873134136199951,0.6024472713470459,0.787821352481842,92.51399230957031,3967.0,7.39272403717041,317.0,0.0,0.0,0.09328357875347137,4.0,0.0,0.0,11.364350318908691,16.75485610961914,9.397205352783203,9.397205352783203,0.4243159890174866,0.6642768979072571,89.38899230957031,3833.0,10.541045188903809,452.0,0.0,0.0,0.06996268779039383,3.0,0.0,0.0,12.491174697875977,18.18709373474121,10.301554679870605,10.301554679870605,0.32260632514953613,0.5821779370307922,87.12686157226562,3736.0,12.826492309570312,550.0,0.0,0.0,0.04664178937673569,2.0,0.0,0.0,0.5,0.2719298303127289,0.25219297409057617,0.2399122714996338,0.23596492409706116
9,0.20448383109800422,9.893592834472656,14.94228458404541,8.195450782775879,8.195450782775879,0.5420958995819092,0.7455165386199951,91.48786926269531,15692.0,8.436334609985352,1447.0,0.0,0.0,0.07579290866851807,13.0,0.0,0.0,5.887352466583252,8.572389602661133,4.935417175292969,4.935417175292969,0.8490893244743347,0.9277839660644531,98.36753845214844,4218.0,1.5391790866851807,66.0,0.0,0.0,0.09328357875347137,4.0,0.0,0.0,9.545592308044434,14.002227783203125,7.933379173278809,7.933379173278809,0.5978057384490967,0.7835668325424194,92.44403076171875,3964.0,7.462686538696289,320.0,0.0,0.0,0.09328357875347137,4.0,0.0,0.0,11.506059646606445,16.898197174072266,9.500358581542969,9.500358581542969,0.41442376375198364,0.6557883024215698,88.6427230834961,3801.0,11.287313461303711,484.0,0.0,0.0,0.06996268779039383,3.0,0.0,0.0,12.635370254516602,18.38450813293457,10.412649154663086,10.412649154663086,0.30782079696655273,0.5688084363937378,86.49720001220703,3709.0,13.456156730651855,577.0,0.0,0.0,0.04664178937673569,2.0,0.0,0.0,0.5714285714285714,0.2631579041481018,0.2477443516254425,0.2432330846786499,0.24586467444896698
10,0.19972893873987796,9.997041702270508,15.116605758666992,8.260025978088379,8.260025978088379,0.5313494205474854,0.7390617728233337,91.60447692871094,15712.0,8.325559616088867,1428.0,0.0,0.0,0.06996268779039383,12.0,0.0,0.0,5.963752269744873,8.762809753417969,4.981489181518555,4.981489181518555,0.8423104286193848,0.9248549938201904,98.18096923828125,4210.0,1.7490671873092651,75.0,0.0,0.0,0.06996268779039383,3.0,0.0,0.0,9.64013957977295,14.179818153381348,7.986381530761719,7.986381530761719,0.5875389575958252,0.7778911590576172,92.2807846069336,3957.0,7.6259331703186035,327.0,0.0,0.0,0.09328357875347137,4.0,0.0,0.0,11.610578536987305,17.048023223876953,9.566716194152832,9.566716194152832,0.40399372577667236,0.6484196782112122,89.03917694091797,3818.0,10.890857696533203,467.0,0.0,0.0,0.06996268779039383,3.0,0.0,0.0,12.77369499206543,18.589187622070312,10.505514144897461,10.505514144897461,0.2923225164413452,0.556991696357727,86.91697692871094,3727.0,13.036380767822266,559.0,0.0,0.0,0.04664178937673569,2.0,0.0,0.0,0.6428571428571429,0.25438597798347473,0.24329572916030884,0.24655388295650482,0.2557644248008728
11,0.19420260757566868,10.182003021240234,15.429994583129883,8.374857902526855,8.374857902526855,0.5117164254188538,0.7273446917533875,91.07392120361328,15621.0,8.856110572814941,1519.0,0.0,0.0,0.06996268779039383,12.0,0.0,0.0,6.193760395050049,9.297785758972168,5.1314616203308105,5.1314616203308105,0.8224685788154602,0.915128231048584,97.85447692871094,4196.0,2.075559616088867,89.0,0.0,0.0,0.06996268779039383,3.0,0.0,0.0,9.801447868347168,14.515933990478516,8.083430290222168,8.083430290222168,0.5677534341812134,0.7663236856460571,92.14086151123047,3951.0,7.765857696533203,333.0,0.0,0.0,0.09328357875347137,4.0,0.0,0.0,11.781818389892578,17.331872940063477,9.667551040649414,9.667551040649414,0.38398152589797974,0.6350083947181702,88.36286926269531,3789.0,11.567164421081543,496.0,0.0,0.0,0.06996268779039383,3.0,0.0,0.0,12.9509859085083,18.83570671081543,10.616982460021973,10.616982460021973,0.27342838048934937,0.5429821014404297,85.9375,3685.0,14.015857696533203,601.0,0.0,0.0,0.04664178937673569,2.0,0.0,0.0,0.7142857142857143,0.24561403691768646,0.23884710669517517,0.24987469613552094,0.26566416025161743
12,0.18788714478558904,10.341382026672363,15.64896297454834,8.512482643127441,8.512482643127441,0.49775952100753784,0.7166739702224731,91.02728271484375,15613.0,8.896921157836914,1526.0,0.0,0.0,0.07579290866851807,13.0,0.0,0.0,6.2623443603515625,9.431310653686523,5.189368724822998,5.189368724822998,0.8173329830169678,0.912115216255188,97.87779998779297,4197.0,2.0289177894592285,87.0,0.0,0.0,0.09328357875347137,4.0,0.0,0.0,10.010223388671875,14.781439781188965,8.260437965393066,8.260437965393066,0.5517966747283936,0.7543227076530457,91.7444076538086,3934.0,8.162313461303711,350.0,0.0,0.0,0.09328357875347137,4.0,0.0,0.0,11.993654251098633,17.57362174987793,9.847792625427246,9.847792625427246,0.3666769862174988,0.6205486059188843,88.36286926269531,3789.0,11.567164421081543,496.0,0.0,0.0,0.06996268779039383,3.0,0.0,0.0,13.099305152893066,19.06009864807129,10.752333641052246,10.752333641052246,0.2560138702392578,0.5282263159751892,86.12406921386719,3693.0,13.829290390014648,593.0,0.0,0.0,0.04664178937673569,2.0,0.0,0.0,0.7857142857142857,0.23684212565422058,0.2343984991312027,0.25319552421569824,0.27556392550468445
step,fold14/test_loss,fold14/test_mae,fold14/test_rmse,fold14/test_mard,fold14/test_mape,fold14/test_r2,fold14/test_pearson,fold14/test_ega_zone_a_pct,fold14/test_ega_zone_a_count,fold14/test_ega_zone_b_pct,fold14/test_ega_zone_b_count,fold14/test_ega_zone_c_pct,fold14/test_ega_zone_c_count,fold14/test_ega_zone_d_pct,fold14/test_ega_zone_d_count,fold14/test_ega_zone_e_pct,fold14/test_ega_zone_e_count,fold14/test_horizon_15_mae,fold14/test_horizon_15_rmse,fold14/test_horizon_15_mard,fold14/test_horizon_15_mape,fold14/test_horizon_15_r2,fold14/test_horizon_15_pearson,fold14/test_horizon_15_ega_zone_a_pct,fold14/test_horizon_15_ega_zone_a_count,fold14/test_horizon_15_ega_zone_b_pct,fold14/test_horizon_15_ega_zone_b_count,fold14/test_horizon_15_ega_zone_c_pct,fold14/test_horizon_15_ega_zone_c_count,fold14/test_horizon_15_ega_zone_d_pct,fold14/test_horizon_15_ega_zone_d_count,fold14/test_horizon_15_ega_zone_e_pct,fold14/test_horizon_15_ega_zone_e_count,fold14/test_horizon_30_mae,fold14/test_horizon_30_rmse,fold14/test_horizon_30_mard,fold14/test_horizon_30_mape,fold14/test_horizon_30_r2,fold14/test_horizon_30_pearson,fold14/test_horizon_30_ega_zone_a_pct,fold14/test_horizon_30_ega_zone_a_count,fold14/test_horizon_30_ega_zone_b_pct,fold14/test_horizon_30_ega_zone_b_count,fold14/test_horizon_30_ega_zone_c_pct,fold14/test_horizon_30_ega_zone_c_count,fold14/test_horizon_30_ega_zone_d_pct,fold14/test_horizon_30_ega_zone_d_count,fold14/test_horizon_30_ega_zone_e_pct,fold14/test_horizon_30_ega_zone_e_count,fold14/test_horizon_45_mae,fold14/test_horizon_45_rmse,fold14/test_horizon_45_mard,fold14/test_horizon_45_mape,fold14/test_horizon_45_r2,fold14/test_horizon_45_pearson,fold14/test_horizon_45_ega_zone_a_pct,fold14/test_horizon_45_ega_zone_a_count,fold14/test_horizon_45_ega_zone_b_pct,fold14/test_horizon_45_ega_zone_b_count,fold14/test_horizon_45_ega_zone_c_pct,fold14/test_horizon_45_ega_zone_c_count,fold14/test_horizon_45_ega_zone_d_pct,fold14/test_horizon_45_ega_zone_d_count,fold14/test_horizon_45_ega_zone_e_pct,fold14/test_horizon_45_ega_zone_e_count,fold14/test_horizon_60_mae,fold14/test_horizon_60_rmse,fold14/test_horizon_60_mard,fold14/test_horizon_60_mape,fold14/test_horizon_60_r2,fold14/test_horizon_60_pearson,fold14/test_horizon_60_ega_zone_a_pct,fold14/test_horizon_60_ega_zone_a_count,fold14/test_horizon_60_ega_zone_b_pct,fold14/test_horizon_60_ega_zone_b_count,fold14/test_horizon_60_ega_zone_c_pct,fold14/test_horizon_60_ega_zone_c_count,fold14/test_horizon_60_ega_zone_d_pct,fold14/test_horizon_60_ega_zone_d_count,fold14/test_horizon_60_ega_zone_e_pct,fold14/test_horizon_60_ega_zone_e_count
0,0.2997064191391665,10.869064331054688,16.866443634033203,8.81151294708252,8.81151294708252,0.3968731164932251,0.6437603235244751,88.44373321533203,4967.0,11.502849578857422,646.0,0.0,0.0,0.053418807685375214,3.0,0.0,0.0,6.3877410888671875,9.393022537231445,5.319557189941406,5.319557189941406,0.8105013370513916,0.9025233387947083,97.72079467773438,1372.0,2.2792022228240967,32.0,0.0,0.0,0.0,0.0,0.0,0.0,10.559919357299805,15.964593887329102,8.618183135986328,8.618183135986328,0.4535694718360901,0.6833582520484924,89.17378997802734,1252.0,10.754985809326172,151.0,0.0,0.0,0.07122506946325302,1.0,0.0,0.0,12.636247634887695,19.158039093017578,10.186442375183105,10.186442375183105,0.2233763337135315,0.5031223893165588,84.68660736083984,1189.0,15.242165565490723,214.0,0.0,0.0,0.07122506946325302,1.0,0.0,0.0,13.892348289489746,20.682842254638672,11.121867179870605,11.121867179870605,0.11249643564224243,0.39404335618019104,82.19373321533203,1154.0,17.735042572021484,249.0,0.0,0.0,0.07122506946325302,1.0,0.0,0.0
step,fold15/train_loss,fold15/val_mae,fold15/val_rmse,fold15/val_mard,fold15/val_mape,fold15/val_r2,fold15/val_pearson,fold15/val_ega_zone_a_pct,fold15/val_ega_zone_a_count,fold15/val_ega_zone_b_pct,fold15/val_ega_zone_b_count,fold15/val_ega_zone_c_pct,fold15/val_ega_zone_c_count,fold15/val_ega_zone_d_pct,fold15/val_ega_zone_d_count,fold15/val_ega_zone_e_pct,fold15/val_ega_zone_e_count,fold15/val_horizon_15_mae,fold15/val_horizon_15_rmse,fold15/val_horizon_15_mard,fold15/val_horizon_15_mape,fold15/val_horizon_15_r2,fold15/val_horizon_15_pearson,fold15/val_horizon_15_ega_zone_a_pct,fold15/val_horizon_15_ega_zone_a_count,fold15/val_horizon_15_ega_zone_b_pct,fold15/val_horizon_15_ega_zone_b_count,fold15/val_horizon_15_ega_zone_c_pct,fold15/val_horizon_15_ega_zone_c_count,fold15/val_horizon_15_ega_zone_d_pct,fold15/val_horizon_15_ega_zone_d_count,fold15/val_horizon_15_ega_zone_e_pct,fold15/val_horizon_15_ega_zone_e_count,fold15/val_horizon_30_mae,fold15/val_horizon_30_rmse,fold15/val_horizon_30_mard,fold15/val_horizon_30_mape,fold15/val_horizon_30_r2,fold15/val_horizon_30_pearson,fold15/val_horizon_30_ega_zone_a_pct,fold15/val_horizon_30_ega_zone_a_count,fold15/val_horizon_30_ega_zone_b_pct,fold15/val_horizon_30_ega_zone_b_count,fold15/val_horizon_30_ega_zone_c_pct,fold15/val_horizon_30_ega_zone_c_count,fold15/val_horizon_30_ega_zone_d_pct,fold15/val_horizon_30_ega_zone_d_count,fold15/val_horizon_30_ega_zone_e_pct,fold15/val_horizon_30_ega_zone_e_count,fold15/val_horizon_45_mae,fold15/val_horizon_45_rmse,fold15/val_horizon_45_mard,fold15/val_horizon_45_mape,fold15/val_horizon_45_r2,fold15/val_horizon_45_pearson,fold15/val_horizon_45_ega_zone_a_pct,fold15/val_horizon_45_ega_zone_a_count,fold15/val_horizon_45_ega_zone_b_pct,fold15/val_horizon_45_ega_zone_b_count,fold15/val_horizon_45_ega_zone_c_pct,fold15/val_horizon_45_ega_zone_c_count,fold15/val_horizon_45_ega_zone_d_pct,fold15/val_horizon_45_ega_zone_d_count,fold15/val_horizon_45_ega_zone_e_pct,fold15/val_horizon_45_ega_zone_e_count,fold15/val_horizon_60_mae,fold15/val_horizon_60_rmse,fold15/val_horizon_60_mard,fold15/val_horizon_60_mape,fold15/val_horizon_60_r2,fold15/val_horizon_60_pearson,fold15/val_horizon_60_ega_zone_a_pct,fold15/val_horizon_60_ega_zone_a_count,fold15/val_horizon_60_ega_zone_b_pct,fold15/val_horizon_60_ega_zone_b_count,fold15/val_horizon_60_ega_zone_c_pct,fold15/val_horizon_60_ega_zone_c_count,fold15/val_horizon_60_ega_zone_d_pct,fold15/val_horizon_60_ega_zone_d_count,fold15/val_horizon_60_ega_zone_e_pct,fold15/val_horizon_60_ega_zone_e_count,fold15/diag_horizon_curriculum_progress,fold15/diag_loss_horizon_weight_0,fold15/diag_loss_horizon_weight_1,fold15/diag_loss_horizon_weight_2,fold15/diag_loss_horizon_weight_3
1,0.2886799000947557,13.30907154083252,20.416406631469727,11.624052047729492,11.624052047729492,0.3457757830619812,0.5946046113967896,84.7954330444336,17824.0,14.234063148498535,2992.0,0.0,0.0,0.9705042243003845,204.0,0.0,0.0,10.515230178833008,15.629000663757324,9.366348266601562,9.366348266601562,0.6176224946975708,0.8171343207359314,90.50428009033203,4756.0,8.525214195251465,448.0,0.0,0.0,0.9705042243003845,51.0,0.0,0.0,12.84130859375,19.73162841796875,11.15833568572998,11.15833568572998,0.38948559761047363,0.6370429992675781,85.74691009521484,4506.0,13.282588005065918,698.0,0.0,0.0,0.9705042243003845,51.0,0.0,0.0,14.304903030395508,22.013721466064453,12.370739936828613,12.370739936828613,0.23847264051437378,0.48903167247772217,82.96859741210938,4360.0,16.060894012451172,844.0,0.0,0.0,0.9705042243003845,51.0,0.0,0.0,15.574851036071777,23.43313217163086,13.600784301757812,13.600784301757812,0.1361507773399353,0.37552621960639954,79.96194458007812,4202.0,19.067554473876953,1002.0,0.0,0.0,0.9705042243003845,51.0,0.0,0.0,0.0,0.3333333432674408,0.28333333134651184,0.21666665375232697,0.1666666716337204
2,0.24632582505928954,11.834428787231445,18.759614944458008,10.219657897949219,10.219657897949219,0.4476481080055237,0.6728948354721069,87.22169494628906,18334.0,11.817317008972168,2484.0,0.0,0.0,0.9609895944595337,202.0,0.0,0.0,7.621506214141846,11.821330070495605,6.649280548095703,6.649280548095703,0.7812426090240479,0.8957683444023132,94.6527099609375,4974.0,4.4148430824279785,232.0,0.0,0.0,0.9324452877044678,49.0,0.0,0.0,11.416906356811523,17.60296630859375,9.85500431060791,9.85500431060791,0.5141057372093201,0.7244186401367188,87.97335815429688,4623.0,11.056137084960938,581.0,0.0,0.0,0.9705042243003845,51.0,0.0,0.0,13.500955581665039,20.862560272216797,11.645198822021484,11.645198822021484,0.3160351514816284,0.563322126865387,84.30066680908203,4430.0,14.728829383850098,774.0,0.0,0.0,0.9705042243003845,51.0,0.0,0.0,14.79835319519043,22.865650177001953,12.72914981842041,12.72914981842041,0.17748403549194336,0.4253928065299988,81.96003723144531,4307.0,17.0694580078125,897.0,0.0,0.0,0.9705042243003845,51.0,0.0,0.0,0.07142857142857142,0.3245614171028137,0.2788847088813782,0.21998745203018188,0.17656642198562622
3,0.2372636087516381,11.514689445495605,18.20747184753418,9.965675354003906,9.965675354003906,0.4796838164329529,0.6945322155952454,87.74024963378906,18443.0,11.36060905456543,2388.0,0.0,0.0,0.8991436958312988,189.0,0.0,0.0,7.051889419555664,10.699723243713379,6.1987786293029785,6.1987786293029785,0.8207846879959106,0.9117453098297119,95.81351470947266,5035.0,3.501427173614502,184.0,0.0,0.0,0.6850618124008179,36.0,0.0,0.0,11.044736862182617,16.817094802856445,9.572208404541016,9.572208404541016,0.5565221309661865,0.7499196529388428,88.22074127197266,4636.0,10.80875301361084,568.0,0.0,0.0,0.9705042243003845,51.0,0.0,0.0,13.308762550354004,20.439678192138672,11.483744621276855,11.483744621276855,0.34348195791244507,0.5870259404182434,84.6812515258789,4450.0,14.34823989868164,754.0,0.0,0.0,0.9705042243003845,51.0,0.0,0.0,14.653367042541504,22.604623794555664,12.607964515686035,12.607964515686035,0.19615590572357178,0.4474010169506073,82.2454833984375,4322.0,16.784015655517578,882.0,0.0,0.0,0.9705042243003845,51.0,0.0,0.0,0.14285714285714285,0.31578949093818665,0.2744360864162445,0.223308265209198,0.18646617233753204
4,0.2277732937861839,11.485361099243164,18.120601654052734,9.91999626159668,9.91999626159668,0.4846370220184326,0.6993062496185303,87.64985656738281,18424.0,11.46527099609375,2410.0,0.0,0.0,0.8848715424537659,186.0,0.0,0.0,6.909764289855957,10.462639808654785,6.043560981750488,6.043560981750488,0.8286387920379639,0.9180525541305542,96.02283477783203,5046.0,3.349191427230835,176.0,0.0,0.0,0.6279733777046204,33.0,0.0,0.0,10.99288272857666,16.647233963012695,9.518458366394043,9.518458366394043,0.565435528755188,0.7571464776992798,88.50618743896484,4651.0,10.523310661315918,553.0,0.0,0.0,0.9705042243003845,51.0,0.0,0.0,13.331088066101074,20.423364639282227,11.477350234985352,11.477350234985352,0.3445294499397278,0.5888606905937195,84.26261138916016,4428.0,14.766888618469238,776.0,0.0,0.0,0.9705042243003845,51.0,0.0,0.0,14.7077054977417,22.576839447021484,12.640616416931152,12.640616416931152,0.1981307864189148,0.44882747530937195,81.80780029296875,4299.0,17.22169303894043,905.0,0.0,0.0,0.9705042243003845,51.0,0.0,0.0,0.21428571428571427,0.30701756477355957,0.26998746395111084,0.22662906348705292,0.19636592268943787
5,0.22193705280562626,11.46276569366455,18.230615615844727,9.830992698669434,9.830992698669434,0.4783601760864258,0.695056140422821,87.5880126953125,18411.0,11.527117729187012,2423.0,0.0,0.0,0.8848715424537659,186.0,0.0,0.0,6.79922342300415,10.348112106323242,5.921657562255859,5.921657562255859,0.8323698043823242,0.9192329049110413,96.28924560546875,5060.0,3.0447192192077637,160.0,0.0,0.0,0.6660323739051819,35.0,0.0,0.0,10.99523639678955,16.762832641601562,9.459381103515625,9.459381103515625,0.5593792796134949,0.752877950668335,88.43006134033203,4647.0,10.63748836517334,559.0,0.0,0.0,0.9324452877044678,49.0,0.0,0.0,13.356966972351074,20.602371215820312,11.413235664367676,11.413235664367676,0.3329890966415405,0.5805040597915649,83.93910217285156,4411.0,15.090389251708984,793.0,0.0,0.0,0.9705042243003845,51.0,0.0,0.0,14.699642181396484,22.73516845703125,12.529698371887207,12.529698371887207,0.18684452772140503,0.4415774345397949,81.6936264038086,4293.0,17.33587074279785,911.0,0.0,0.0,0.9705042243003845,51.0,0.0,0.0,0.2857142857142857,0.2982456088066101,0.2655388414859772,0.22994986176490784,0.2062656730413437
6,0.21674394467637365,11.535452842712402,18.35084342956543,9.878501892089844,9.878501892089844,0.471457302570343,0.6894588470458984,87.28353881835938,18347.0,11.845861434936523,2490.0,0.0,0.0,0.8705993890762329,183.0,0.0,0.0,6.724701881408691,10.23430061340332,5.864895343780518,5.864895343780518,0.8360368013381958,0.9195752739906311,96.36537170410156,5064.0,3.0066604614257812,158.0,0.0,0.0,0.6279733777046204,33.0,0.0,0.0,11.059491157531738,16.86331558227539,9.50360107421875,9.50360107421875,0.5540809631347656,0.7481682300567627,88.37297821044922,4644.0,10.713605880737305,563.0,0.0,0.0,0.9134157299995422,48.0,0.0,0.0,13.503618240356445,20.79027557373047,11.512621879577637,11.512621879577637,0.32076650857925415,0.5708625316619873,83.3111343383789,4378.0,15.718362808227539,826.0,0.0,0.0,0.9705042243003845,51.0,0.0,0.0,14.853999137878418,22.927406311035156,12.632889747619629,12.632889747619629,0.17303508520126343,0.4308323264122009,81.08467864990234,4261.0,17.944814682006836,943.0,0.0,0.0,0.9705042243003845,51.0,0.0,0.0,0.35714285714285715,0.28947368264198303,0.2610902190208435,0.23327067494392395,0.2161654233932495
7,0.2116105726152525,11.585023880004883,18.4377498626709,9.894600868225098,9.894600868225098,0.4664391875267029,0.6868855357170105,87.09324645996094,18307.0,12.03139877319336,2529.0,0.0,0.0,0.8753567934036255,184.0,0.0,0.0,6.725933074951172,10.268310546875,5.860430717468262,5.860430717468262,0.8349452614784241,0.9196146726608276,96.57469177246094,5075.0,2.7973358631134033,147.0,0.0,0.0,0.6279733777046204,33.0,0.0,0.0,11.110339164733887,16.97725486755371,9.513541221618652,9.513541221618652,0.5480347275733948,0.7455334663391113,88.39200592041016,4645.0,10.67554759979248,561.0,0.0,0.0,0.9324452877044678,49.0,0.0,0.0,13.583540916442871,20.903581619262695,11.545117378234863,11.545117378234863,0.3133428692817688,0.5661254525184631,82.96859741210938,4360.0,16.060894012451172,844.0,0.0,0.0,0.9705042243003845,51.0,0.0,0.0,14.920281410217285,23.00385856628418,12.659314155578613,12.659314155578613,0.1675107479095459,0.4282839298248291,80.43767547607422,4227.0,18.591815948486328,977.0,0.0,0.0,0.9705042243003845,51.0,0.0,0.0,0.42857142857142855,0.28070175647735596,0.25664159655570984,0.23659147322177887,0.22606515884399414
8,0.20957385869655099,11.639191627502441,18.526790618896484,9.921688079833984,9.921688079833984,0.4612733721733093,0.6834852695465088,86.88867950439453,18264.0,12.25975227355957,2577.0,0.0,0.0,0.8515699505805969,179.0,0.0,0.0,6.737746238708496,10.355356216430664,5.835905075073242,5.835905075073242,0.832135021686554,0.9171515107154846,96.53662872314453,5073.0,2.911512851715088,153.0,0.0,0.0,0.5518553853034973,29.0,0.0,0.0,11.151864051818848,16.99234962463379,9.52756118774414,9.52756118774414,0.5472307801246643,0.7446215152740479,87.95433044433594,4622.0,11.132255554199219,585.0,0.0,0.0,0.9134157299995422,48.0,0.0,0.0,13.645101547241211,20.997236251831055,11.581765174865723,11.581765174865723,0.3071761727333069,0.5629247426986694,82.91151428222656,4357.0,16.117982864379883,847.0,0.0,0.0,0.9705042243003845,51.0,0.0,0.0,15.022056579589844,23.15406608581543,12.741519927978516,12.741519927978516,0.15660351514816284,0.42303115129470825,80.15223693847656,4212.0,18.877260208129883,992.0,0.0,0.0,0.9705042243003845,51.0,0.0,0.0,0.5,0.2719298303127289,0.25219297409057617,0.2399122714996338,0.23596492409706116
9,0.20365437094660702,11.758708000183105,18.69056510925293,10.012120246887207,10.012120246887207,0.45170676708221436,0.6769749522209167,86.61274719238281,18206.0,12.535680770874023,2635.0,0.0,0.0,0.8515699505805969,179.0,0.0,0.0,6.7759222984313965,10.332343101501465,5.8944010734558105,5.8944010734558105,0.8328803181648254,0.9171808362007141,96.27021789550781,5059.0,3.139866828918457,165.0,0.0,0.0,0.5899143815040588,31.0,0.0,0.0,11.257491111755371,17.174726486206055,9.60180950164795,9.60180950164795,0.5374595522880554,0.7380616068840027,87.84014892578125,4616.0,11.265460968017578,592.0,0.0,0.0,0.8943862915039062,47.0,0.0,0.0,13.808792114257812,21.22220230102539,11.698772430419922,11.698772430419922,0.29225069284439087,0.5524559617042542,82.5880126953125,4340.0,16.460514068603516,865.0,0.0,0.0,0.9514747858047485,50.0,0.0,0.0,15.192628860473633,23.350343704223633,12.853495597839355,12.853495597839355,0.14224398136138916,0.41422784328460693,79.75261688232422,4191.0,19.276880264282227,1013.0,0.0,0.0,0.9705042243003845,51.0,0.0,0.0,0.5714285714285714,0.2631579041481018,0.2477443516254425,0.2432330846786499,0.24586467444896698
10,0.2002241845546643,11.902151107788086,18.779064178466797,10.156763076782227,10.156763076782227,0.4465022087097168,0.6718737483024597,85.97050476074219,18071.0,13.187440872192383,2772.0,0.0,0.0,0.8420552015304565,177.0,0.0,0.0,6.882741928100586,10.479424476623535,5.992717266082764,5.992717266082764,0.8280885219573975,0.9148066639900208,96.02283477783203,5046.0,3.425309181213379,180.0,0.0,0.0,0.5518553853034973,29.0,0.0,0.0,11.391219139099121,17.30215835571289,9.743532180786133,9.743532180786133,0.5305701494216919,0.7318854928016663,87.32635498046875,4589.0,11.779257774353027,619.0,0.0,0.0,0.8943862915039062,47.0,0.0,0.0,13.951617240905762,21.30352020263672,11.853849411010742,11.853849411010742,0.28681641817092896,0.5458282232284546,81.96003723144531,4307.0,17.08848762512207,898.0,0.0,0.0,0.9514747858047485,50.0,0.0,0.0,15.383028030395508,23.40064239501953,13.036954879760742,13.036954879760742,0.13854461908340454,0.40950536727905273,78.57278442382812,4129.0,20.456707000732422,1075.0,0.0,0.0,0.9705042243003845,51.0,0.0,0.0,0.6428571428571429,0.25438597798347473,0.24329572916030884,0.24655388295650482,0.2557644248008728
11,0.1957451033165842,12.043708801269531,18.988109588623047,10.258979797363281,10.258979797363281,0.43411076068878174,0.6634371280670166,85.74214935302734,18023.0,13.392007827758789,2815.0,0.0,0.0,0.8658420443534851,182.0,0.0,0.0,6.953558921813965,10.607222557067871,6.0707597732543945,6.0707597732543945,0.8238700032234192,0.9118695259094238,95.92768859863281,5041.0,3.501427173614502,184.0,0.0,0.0,0.5708848834037781,30.0,0.0,0.0,11.48117446899414,17.45414161682129,9.804285049438477,9.804285049438477,0.5222870111465454,0.7262468338012695,87.11703491210938,4578.0,11.931493759155273,627.0,0.0,0.0,0.9514747858047485,50.0,0.0,0.0,14.11815357208252,21.53420066833496,11.959929466247559,11.959929466247559,0.271287739276886,0.53514564037323,81.63653564453125,4290.0,17.392959594726562,914.0,0.0,0.0,0.9705042243003845,51.0,0.0,0.0,15.621944427490234,23.692001342773438,13.200948715209961,13.200948715209961,0.11695927381515503,0.3933661878108978,78.28734588623047,4114.0,20.742149353027344,1090.0,0.0,0.0,0.9705042243003845,51.0,0.0,0.0,0.7142857142857143,0.24561403691768646,0.23884710669517517,0.24987469613552094,0.26566416025161743
12,0.19098932927838025,12.143965721130371,19.170480728149414,10.33952808380127,10.33952808380127,0.42318838834762573,0.6556399464607239,85.67555236816406,18009.0,13.44433879852295,2826.0,0.0,0.0,0.8801141977310181,185.0,0.0,0.0,7.045204162597656,10.792360305786133,6.117721080780029,6.117721080780029,0.8176680207252502,0.9076322317123413,95.79447937011719,5034.0,3.5204567909240723,185.0,0.0,0.0,0.6850618124008179,36.0,0.0,0.0,11.62075424194336,17.726947784423828,9.912077903747559,9.912077903747559,0.5072370767593384,0.7155175805091858,86.90770721435547,4567.0,12.197906494140625,641.0,0.0,0.0,0.8943862915039062,47.0,0.0,0.0,14.248146057128906,21.76213264465332,12.082275390625,12.082275390625,0.25577980279922485,0.5231841802597046,81.63653564453125,4290.0,17.392959594726562,914.0,0.0,0.0,0.9705042243003845,51.0,0.0,0.0,15.661759376525879,23.784852981567383,13.246041297912598,13.246041297912598,0.11002415418624878,0.3893932104110718,78.36346435546875,4118.0,20.666032791137695,1086.0,0.0,0.0,0.9705042243003845,51.0,0.0,0.0,0.7857142857142857,0.23684212565422058,0.2343984991312027,0.25319552421569824,0.27556392550468445
step,fold15/test_loss,fold15/test_mae,fold15/test_rmse,fold15/test_mard,fold15/test_mape,fold15/test_r2,fold15/test_pearson,fold15/test_ega_zone_a_pct,fold15/test_ega_zone_a_count,fold15/test_ega_zone_b_pct,fold15/test_ega_zone_b_count,fold15/test_ega_zone_c_pct,fold15/test_ega_zone_c_count,fold15/test_ega_zone_d_pct,fold15/test_ega_zone_d_count,fold15/test_ega_zone_e_pct,fold15/test_ega_zone_e_count,fold15/test_horizon_15_mae,fold15/test_horizon_15_rmse,fold15/test_horizon_15_mard,fold15/test_horizon_15_mape,fold15/test_horizon_15_r2,fold15/test_horizon_15_pearson,fold15/test_horizon_15_ega_zone_a_pct,fold15/test_horizon_15_ega_zone_a_count,fold15/test_horizon_15_ega_zone_b_pct,fold15/test_horizon_15_ega_zone_b_count,fold15/test_horizon_15_ega_zone_c_pct,fold15/test_horizon_15_ega_zone_c_count,fold15/test_horizon_15_ega_zone_d_pct,fold15/test_horizon_15_ega_zone_d_count,fold15/test_horizon_15_ega_zone_e_pct,fold15/test_horizon_15_ega_zone_e_count,fold15/test_horizon_30_mae,fold15/test_horizon_30_rmse,fold15/test_horizon_30_mard,fold15/test_horizon_30_mape,fold15/test_horizon_30_r2,fold15/test_horizon_30_pearson,fold15/test_horizon_30_ega_zone_a_pct,fold15/test_horizon_30_ega_zone_a_count,fold15/test_horizon_30_ega_zone_b_pct,fold15/test_horizon_30_ega_zone_b_count,fold15/test_horizon_30_ega_zone_c_pct,fold15/test_horizon_30_ega_zone_c_count,fold15/test_horizon_30_ega_zone_d_pct,fold15/test_horizon_30_ega_zone_d_count,fold15/test_horizon_30_ega_zone_e_pct,fold15/test_horizon_30_ega_zone_e_count,fold15/test_horizon_45_mae,fold15/test_horizon_45_rmse,fold15/test_horizon_45_mard,fold15/test_horizon_45_mape,fold15/test_horizon_45_r2,fold15/test_horizon_45_pearson,fold15/test_horizon_45_ega_zone_a_pct,fold15/test_horizon_45_ega_zone_a_count,fold15/test_horizon_45_ega_zone_b_pct,fold15/test_horizon_45_ega_zone_b_count,fold15/test_horizon_45_ega_zone_c_pct,fold15/test_horizon_45_ega_zone_c_count,fold15/test_horizon_45_ega_zone_d_pct,fold15/test_horizon_45_ega_zone_d_count,fold15/test_horizon_45_ega_zone_e_pct,fold15/test_horizon_45_ega_zone_e_count,fold15/test_horizon_60_mae,fold15/test_horizon_60_rmse,fold15/test_horizon_60_mard,fold15/test_horizon_60_mape,fold15/test_horizon_60_r2,fold15/test_horizon_60_pearson,fold15/test_horizon_60_ega_zone_a_pct,fold15/test_horizon_60_ega_zone_a_count,fold15/test_horizon_60_ega_zone_b_pct,fold15/test_horizon_60_ega_zone_b_count,fold15/test_horizon_60_ega_zone_c_pct,fold15/test_horizon_60_ega_zone_c_count,fold15/test_horizon_60_ega_zone_d_pct,fold15/test_horizon_60_ega_zone_d_count,fold15/test_horizon_60_ega_zone_e_pct,fold15/test_horizon_60_ega_zone_e_count
0,0.1882681716282125,7.792370796203613,11.666457176208496,7.040149688720703,7.040149688720703,0.36225181818008423,0.6090256571769714,95.16970825195312,1458.0,4.5039167404174805,69.0,0.0,0.0,0.3263707458972931,5.0,0.0,0.0,5.903136730194092,8.806495666503906,5.384452819824219,5.384452819824219,0.6470750570297241,0.8257555365562439,97.3890380859375,373.0,2.088772773742676,8.0,0.0,0.0,0.522193193435669,2.0,0.0,0.0,7.548349857330322,11.239616394042969,6.816267013549805,6.816267013549805,0.41439300775527954,0.6626861095428467,95.30026245117188,365.0,4.177545547485352,16.0,0.0,0.0,0.522193193435669,2.0,0.0,0.0,8.525501251220703,12.58034610748291,7.683003902435303,7.683003902435303,0.23907631635665894,0.49045929312705994,94.77806854248047,363.0,4.9608354568481445,19.0,0.0,0.0,0.2610965967178345,1.0,0.0,0.0,9.192496299743652,13.500980377197266,8.276873588562012,8.276873588562012,0.13118022680282593,0.36965057253837585,93.21148681640625,357.0,6.788511753082275,26.0,0.0,0.0,0.0,0.0,0.0,0.0
step,fold16/train_loss,fold16/val_mae,fold16/val_rmse,fold16/val_mard,fold16/val_mape,fold16/val_r2,fold16/val_pearson,fold16/val_ega_zone_a_pct,fold16/val_ega_zone_a_count,fold16/val_ega_zone_b_pct,fold16/val_ega_zone_b_count,fold16/val_ega_zone_c_pct,fold16/val_ega_zone_c_count,fold16/val_ega_zone_d_pct,fold16/val_ega_zone_d_count,fold16/val_ega_zone_e_pct,fold16/val_ega_zone_e_count,fold16/val_horizon_15_mae,fold16/val_horizon_15_rmse,fold16/val_horizon_15_mard,fold16/val_horizon_15_mape,fold16/val_horizon_15_r2,fold16/val_horizon_15_pearson,fold16/val_horizon_15_ega_zone_a_pct,fold16/val_horizon_15_ega_zone_a_count,fold16/val_horizon_15_ega_zone_b_pct,fold16/val_horizon_15_ega_zone_b_count,fold16/val_horizon_15_ega_zone_c_pct,fold16/val_horizon_15_ega_zone_c_count,fold16/val_horizon_15_ega_zone_d_pct,fold16/val_horizon_15_ega_zone_d_count,fold16/val_horizon_15_ega_zone_e_pct,fold16/val_horizon_15_ega_zone_e_count,fold16/val_horizon_30_mae,fold16/val_horizon_30_rmse,fold16/val_horizon_30_mard,fold16/val_horizon_30_mape,fold16/val_horizon_30_r2,fold16/val_horizon_30_pearson,fold16/val_horizon_30_ega_zone_a_pct,fold16/val_horizon_30_ega_zone_a_count,fold16/val_horizon_30_ega_zone_b_pct,fold16/val_horizon_30_ega_zone_b_count,fold16/val_horizon_30_ega_zone_c_pct,fold16/val_horizon_30_ega_zone_c_count,fold16/val_horizon_30_ega_zone_d_pct,fold16/val_horizon_30_ega_zone_d_count,fold16/val_horizon_30_ega_zone_e_pct,fold16/val_horizon_30_ega_zone_e_count,fold16/val_horizon_45_mae,fold16/val_horizon_45_rmse,fold16/val_horizon_45_mard,fold16/val_horizon_45_mape,fold16/val_horizon_45_r2,fold16/val_horizon_45_pearson,fold16/val_horizon_45_ega_zone_a_pct,fold16/val_horizon_45_ega_zone_a_count,fold16/val_horizon_45_ega_zone_b_pct,fold16/val_horizon_45_ega_zone_b_count,fold16/val_horizon_45_ega_zone_c_pct,fold16/val_horizon_45_ega_zone_c_count,fold16/val_horizon_45_ega_zone_d_pct,fold16/val_horizon_45_ega_zone_d_count,fold16/val_horizon_45_ega_zone_e_pct,fold16/val_horizon_45_ega_zone_e_count,fold16/val_horizon_60_mae,fold16/val_horizon_60_rmse,fold16/val_horizon_60_mard,fold16/val_horizon_60_mape,fold16/val_horizon_60_r2,fold16/val_horizon_60_pearson,fold16/val_horizon_60_ega_zone_a_pct,fold16/val_horizon_60_ega_zone_a_count,fold16/val_horizon_60_ega_zone_b_pct,fold16/val_horizon_60_ega_zone_b_count,fold16/val_horizon_60_ega_zone_c_pct,fold16/val_horizon_60_ega_zone_c_count,fold16/val_horizon_60_ega_zone_d_pct,fold16/val_horizon_60_ega_zone_d_count,fold16/val_horizon_60_ega_zone_e_pct,fold16/val_horizon_60_ega_zone_e_count,fold16/diag_horizon_curriculum_progress,fold16/diag_loss_horizon_weight_0,fold16/diag_loss_horizon_weight_1,fold16/diag_loss_horizon_weight_2,fold16/diag_loss_horizon_weight_3
1,0.2650584909328618,13.239680290222168,20.592937469482422,11.623462677001953,11.623462677001953,0.31127798557281494,0.5583274960517883,82.62507629394531,15127.0,16.238801956176758,2973.0,0.0,0.0,1.1361154317855835,208.0,0.0,0.0,10.161866188049316,15.336033821105957,9.035487174987793,9.035487174987793,0.6171554327011108,0.8049817681312561,89.62202453613281,4102.0,9.241862297058105,423.0,0.0,0.0,1.1361154317855835,52.0,0.0,0.0,12.918599128723145,19.83758544921875,11.331413269042969,11.331413269042969,0.35912084579467773,0.6010076403617859,82.87088012695312,3793.0,15.99300765991211,732.0,0.0,0.0,1.1361154317855835,52.0,0.0,0.0,14.511218070983887,22.347232818603516,12.726192474365234,12.726192474365234,0.18865805864334106,0.44011878967285156,79.61547088623047,3644.0,19.248414993286133,881.0,0.0,0.0,1.1361154317855835,52.0,0.0,0.0,15.36703872680664,23.835981369018555,13.400753021240234,13.400753021240234,0.08218926191329956,0.32670825719833374,78.39196014404297,3588.0,20.471923828125,937.0,0.0,0.0,1.1361154317855835,52.0,0.0,0.0,0.0,0.3333333432674408,0.28333333134651184,0.21666665375232697,0.1666666716337204
2,0.23272710757388182,12.077783584594727,19.220703125,10.467180252075195,10.467180252075195,0.4000074863433838,0.6345915198326111,85.09941101074219,15580.0,13.802708625793457,2527.0,0.0,0.0,1.0978807210922241,201.0,0.0,0.0,7.729075908660889,11.814704895019531,6.804391860961914,6.804391860961914,0.7727823257446289,0.8845648765563965,94.29757690429688,4316.0,4.719248294830322,216.0,0.0,0.0,0.9831767678260803,45.0,0.0,0.0,11.704182624816895,18.075040817260742,10.141471862792969,10.141471862792969,0.46794432401657104,0.6857771873474121,85.49268341064453,3913.0,13.371203422546387,612.0,0.0,0.0,1.1361154317855835,52.0,0.0,0.0,13.793463706970215,21.485605239868164,11.90715217590332,11.90715217590332,0.2500167489051819,0.5075157284736633,81.45072937011719,3728.0,17.41315269470215,797.0,0.0,0.0,1.1361154317855835,52.0,0.0,0.0,15.084416389465332,23.448156356811523,13.015702247619629,13.015702247619629,0.11181282997131348,0.37304869294166565,79.15665435791016,3623.0,19.707231521606445,902.0,0.0,0.0,1.1361154317855835,52.0,0.0,0.0,0.07142857142857142,0.3245614171028137,0.2788847088813782,0.21998745203018188,0.17656642198562622
3,0.2253848467538194,11.842286109924316,18.834381103515625,10.262062072753906,10.262062072753906,0.42388391494750977,0.6540030241012573,85.66746520996094,15684.0,13.294734001159668,2434.0,0.0,0.0,1.0377976894378662,190.0,0.0,0.0,7.243441104888916,10.959129333496094,6.406072616577148,6.406072616577148,0.8044992685317993,0.8998628854751587,95.28074645996094,4361.0,3.910858631134033,179.0,0.0,0.0,0.8083897829055786,37.0,0.0,0.0,11.436408996582031,17.522483825683594,9.922566413879395,9.922566413879395,0.499977171421051,0.7088489532470703,86.38846588134766,3954.0,12.540966033935547,574.0,0.0,0.0,1.0705702304840088,49.0,0.0,0.0,13.639735221862793,21.17252540588379,11.763032913208008,11.763032913208008,0.27171438932418823,0.5298108458518982,81.8876953125,3748.0,16.976184844970703,777.0,0.0,0.0,1.1361154317855835,52.0,0.0,0.0,15.049558639526367,23.313508987426758,12.956573486328125,12.956573486328125,0.12198406457901001,0.3879328966140747,79.11296081542969,3621.0,19.75092887878418,904.0,0.0,0.0,1.1361154317855835,52.0,0.0,0.0,0.14285714285714285,0.31578949093818665,0.2744360864162445,0.223308265209198,0.18646617233753204
4,0.21652210342510944,11.799583435058594,18.738359451293945,10.213526725769043,10.213526725769043,0.429743230342865,0.6595187783241272,85.6620101928711,15683.0,13.32204532623291,2439.0,0.0,0.0,1.0159493684768677,186.0,0.0,0.0,7.127775192260742,10.768516540527344,6.312665939331055,6.312665939331055,0.8112407922744751,0.9020934700965881,95.52108764648438,4372.0,3.6923747062683105,169.0,0.0,0.0,0.7865414023399353,36.0,0.0,0.0,11.43127155303955,17.400556564331055,9.90593147277832,9.90593147277832,0.5069115161895752,0.7142018675804138,86.27922058105469,3949.0,12.715752601623535,582.0,0.0,0.0,1.0050251483917236,46.0,0.0,0.0,13.633517265319824,21.092243194580078,11.734792709350586,11.734792709350586,0.277226984500885,0.5377087593078613,81.80030822753906,3744.0,17.063579559326172,781.0,0.0,0.0,1.1361154317855835,52.0,0.0,0.0,15.005772590637207,23.256858825683594,12.900714874267578,12.900714874267578,0.12624597549438477,0.3963996171951294,79.04740905761719,3618.0,19.81647300720215,907.0,0.0,0.0,1.1361154317855835,52.0,0.0,0.0,0.21428571428571427,0.30701756477355957,0.26998746395111084,0.22662906348705292,0.19636592268943787
5,0.2114105275433375,11.666658401489258,18.5581111907959,10.073653221130371,10.073653221130371,0.44066131114959717,0.6677131652832031,85.71116638183594,15692.0,13.28927230834961,2433.0,0.0,0.0,0.9995629787445068,183.0,0.0,0.0,6.885336875915527,10.386984825134277,6.071101665496826,6.071101665496826,0.8243794441223145,0.9099470376968384,95.78326416015625,4384.0,3.473891258239746,159.0,0.0,0.0,0.7428447008132935,34.0,0.0,0.0,11.29999828338623,17.19192886352539,9.77418041229248,9.77418041229248,0.5186647176742554,0.7227369546890259,86.34476470947266,3952.0,12.672056198120117,580.0,0.0,0.0,0.9831767678260803,45.0,0.0,0.0,13.565922737121582,20.9571533203125,11.659660339355469,11.659660339355469,0.28645557165145874,0.5454889535903931,81.62551879882812,3736.0,17.238365173339844,789.0,0.0,0.0,1.1361154317855835,52.0,0.0,0.0,14.915374755859375,23.129196166992188,12.789663314819336,12.789663314819336,0.13581210374832153,0.40518903732299805,79.09111022949219,3620.0,19.772777557373047,905.0,0.0,0.0,1.1361154317855835,52.0,0.0,0.0,0.2857142857142857,0.2982456088066101,0.2655388414859772,0.22994986176490784,0.2062656730413437
6,0.20769574449144768,11.633671760559082,18.518117904663086,10.027668952941895,10.027668952941895,0.4430694580078125,0.6700699925422668,85.92418670654297,15731.0,13.087174415588379,2396.0,0.0,0.0,0.9886388778686523,181.0,0.0,0.0,6.8007307052612305,10.1277494430542,5.995911598205566,5.995911598205566,0.8330362439155579,0.9146199226379395,96.06729125976562,4397.0,3.2117106914520264,147.0,0.0,0.0,0.7209962606430054,33.0,0.0,0.0,11.24294662475586,17.09756088256836,9.716733932495117,9.716733932495117,0.5239343643188477,0.7270585298538208,86.7161865234375,3969.0,12.322482109069824,564.0,0.0,0.0,0.961328387260437,44.0,0.0,0.0,13.56905460357666,20.979103088378906,11.636187553405762,11.636187553405762,0.28496021032333374,0.5453941226005554,82.01878356933594,3754.0,16.845094680786133,771.0,0.0,0.0,1.1361154317855835,52.0,0.0,0.0,14.921953201293945,23.165971755981445,12.761839866638184,12.761839866638184,0.13306182622909546,0.40285319089889526,78.89447021484375,3611.0,19.969411849975586,914.0,0.0,0.0,1.1361154317855835,52.0,0.0,0.0,0.35714285714285715,0.28947368264198303,0.2610902190208435,0.23327067494392395,0.2161654233932495
7,0.20436735665794176,11.674483299255371,18.57159423828125,10.0344877243042,10.0344877243042,0.43984824419021606,0.6682147979736328,85.9187240600586,15730.0,13.092637062072754,2397.0,0.0,0.0,0.9886388778686523,181.0,0.0,0.0,6.785820960998535,10.134859085083008,5.968687057495117,5.968687057495117,0.8328016996383667,0.9149239659309387,96.08914184570312,4398.0,3.2117106914520264,147.0,0.0,0.0,0.6991478800773621,32.0,0.0,0.0,11.291894912719727,17.17536735534668,9.740585327148438,9.740585327148438,0.5195915699005127,0.7243326902389526,86.9783706665039,3981.0,12.038453102111816,551.0,0.0,0.0,0.9831767678260803,45.0,0.0,0.0,13.649872779846191,21.04298210144043,11.670079231262207,11.670079231262207,0.28059911727905273,0.5430235862731934,81.97509002685547,3752.0,16.888792037963867,773.0,0.0,0.0,1.1361154317855835,52.0,0.0,0.0,14.970342636108398,23.218544006347656,12.758599281311035,12.758599281311035,0.1291225552558899,0.40161916613578796,78.63228607177734,3599.0,20.231592178344727,926.0,0.0,0.0,1.1361154317855835,52.0,0.0,0.0,0.42857142857142855,0.28070175647735596,0.25664159655570984,0.23659147322177887,0.22606515884399414
8,0.20023901215871542,11.67638874053955,18.594343185424805,10.028091430664062,10.028091430664062,0.4384750723838806,0.6681782603263855,85.94603729248047,15735.0,13.098099708557129,2398.0,0.0,0.0,0.955866277217865,175.0,0.0,0.0,6.743314266204834,10.044747352600098,5.927645206451416,5.927645206451416,0.8357617259025574,0.9158375263214111,96.1328353881836,4400.0,3.2117106914520264,147.0,0.0,0.0,0.6554511785507202,30.0,0.0,0.0,11.26665210723877,17.153467178344727,9.706942558288574,9.706942558288574,0.5208159685134888,0.7256179451942444,87.08761596679688,3986.0,11.972908020019531,548.0,0.0,0.0,0.9394800066947937,43.0,0.0,0.0,13.661102294921875,21.07662010192871,11.666074752807617,11.666074752807617,0.2782973051071167,0.5437548160552979,82.1280288696289,3759.0,16.77954864501953,768.0,0.0,0.0,1.0924186706542969,50.0,0.0,0.0,15.034481048583984,23.31600570678711,12.811705589294434,12.811705589294434,0.12179607152938843,0.3996119201183319,78.43566131591797,3590.0,20.4282283782959,935.0,0.0,0.0,1.1361154317855835,52.0,0.0,0.0,0.5,0.2719298303127289,0.25219297409057617,0.2399122714996338,0.23596492409706116
9,0.19664438865544034,11.642261505126953,18.56608772277832,9.995238304138184,9.995238304138184,0.4401804208755493,0.6709721684455872,86.15359497070312,15773.0,12.896001815795898,2361.0,0.0,0.0,0.950404167175293,174.0,0.0,0.0,6.708186149597168,9.96849250793457,5.902310848236084,5.902310848236084,0.8382458686828613,0.916585385799408,96.22023010253906,4404.0,3.146165609359741,144.0,0.0,0.0,0.6336027979850769,29.0,0.0,0.0,11.233658790588379,17.112674713134766,9.678772926330566,9.678772926330566,0.5230922698974609,0.7278456091880798,87.10945892333984,3987.0,11.972908020019531,548.0,0.0,0.0,0.9176316857337952,42.0,0.0,0.0,13.620660781860352,21.07332992553711,11.631790161132812,11.631790161132812,0.2785225510597229,0.5468381643295288,82.10618591308594,3758.0,16.77954864501953,768.0,0.0,0.0,1.1142669916152954,51.0,0.0,0.0,15.00654125213623,23.291601181030273,12.768075942993164,12.768075942993164,0.12363356351852417,0.40515273809432983,79.17849731445312,3624.0,19.685382843017578,901.0,0.0,0.0,1.1361154317855835,52.0,0.0,0.0,0.5714285714285714,0.2631579041481018,0.2477443516254425,0.2432330846786499,0.24586467444896698
10,0.19124502255453033,11.723236083984375,18.657987594604492,10.05370807647705,10.05370807647705,0.4346245527267456,0.6675270199775696,85.85317993164062,15718.0,13.201878547668457,2417.0,0.0,0.0,0.9449421167373657,173.0,0.0,0.0,6.719651699066162,10.028210639953613,5.909875392913818,5.909875392913818,0.8363020420074463,0.9151946902275085,96.02359771728516,4395.0,3.3209524154663086,152.0,0.0,0.0,0.6554511785507202,30.0,0.0,0.0,11.271897315979004,17.17363166809082,9.703609466552734,9.703609466552734,0.5196887254714966,0.7256646156311035,86.89097595214844,3977.0,12.213239669799805,559.0,0.0,0.0,0.8957833051681519,41.0,0.0,0.0,13.700267791748047,21.144847869873047,11.692727088928223,11.692727088928223,0.2736172676086426,0.5445902347564697,81.82215881347656,3745.0,17.085426330566406,782.0,0.0,0.0,1.0924186706542969,50.0,0.0,0.0,15.201126098632812,23.44949722290039,12.908622741699219,12.908622741699219,0.11171126365661621,0.3990652561187744,78.67599487304688,3601.0,20.187896728515625,924.0,0.0,0.0,1.1361154317855835,52.0,0.0,0.0,0.6428571428571429,0.25438597798347473,0.24329572916030884,0.24655388295650482,0.2557644248008728
11,0.18738886113464617,11.82912826538086,18.83272361755371,10.147382736206055,10.147382736206055,0.42398518323898315,0.660464346408844,85.62377166748047,15676.0,13.42036247253418,2457.0,0.0,0.0,0.955866277217865,175.0,0.0,0.0,6.782605171203613,10.113696098327637,5.951866626739502,5.951866626739502,0.8334992527961731,0.9137190580368042,96.08914184570312,4398.0,3.2117106914520264,147.0,0.0,0.0,0.6991478800773621,32.0,0.0,0.0,11.381366729736328,17.345321655273438,9.788008689880371,9.788008689880371,0.5100370645523071,0.7193484902381897,86.60694885253906,3964.0,12.497268676757812,572.0,0.0,0.0,0.8957833051681519,41.0,0.0,0.0,13.839917182922363,21.365345001220703,11.824186325073242,11.824186325073242,0.258388876914978,0.5342785716056824,81.36333465576172,3724.0,17.54424285888672,803.0,0.0,0.0,1.0924186706542969,50.0,0.0,0.0,15.31262493133545,23.644472122192383,13.025468826293945,13.025468826293945,0.0968782901763916,0.38722264766693115,78.43566131591797,3590.0,20.4282283782959,935.0,0.0,0.0,1.1361154317855835,52.0,0.0,0.0,0.7142857142857143,0.24561403691768646,0.23884710669517517,0.24987469613552094,0.26566416025161743
12,0.1818326297561574,11.85830020904541,18.820234298706055,10.133747100830078,10.133747100830078,0.4247490167617798,0.6633026599884033,85.47083282470703,15648.0,13.627922058105469,2495.0,0.0,0.0,0.9012453556060791,165.0,0.0,0.0,6.804708480834961,10.127935409545898,5.952319145202637,5.952319145202637,0.833030104637146,0.9134548306465149,96.1109848022461,4399.0,3.3646492958068848,154.0,0.0,0.0,0.5243608951568604,24.0,0.0,0.0,11.430556297302246,17.339998245239258,9.801779747009277,9.801779747009277,0.5103377103805542,0.7209128737449646,86.08258819580078,3940.0,13.043478012084961,597.0,0.0,0.0,0.8739348649978638,40.0,0.0,0.0,13.870003700256348,21.34539794921875,11.804227828979492,11.804227828979492,0.2597729563713074,0.5404198169708252,81.21039581298828,3717.0,17.719030380249023,811.0,0.0,0.0,1.0705702304840088,49.0,0.0,0.0,15.327930450439453,23.620502471923828,12.976662635803223,12.976662635803223,0.0987083911895752,0.39742133021354675,78.47935485839844,3592.0,20.384531021118164,933.0,0.0,0.0,1.1361154317855835,52.0,0.0,0.0,0.7857142857142857,0.23684212565422058,0.2343984991312027,0.25319552421569824,0.27556392550468445
13,0.17808867926992838,11.964140892028809,18.91279411315918,10.20673942565918,10.20673942565918,0.4190768003463745,0.6614587306976318,85.48175811767578,15650.0,13.638846397399902,2497.0,0.0,0.0,0.8793969750404358,161.0,0.0,0.0,6.867789268493652,10.227705001831055,5.995992660522461,5.995992660522461,0.8297243118286133,0.9115678668022156,96.24208068847656,4405.0,3.2772560119628906,150.0,0.0,0.0,0.4806641936302185,22.0,0.0,0.0,11.525300025939941,17.401906967163086,9.874333381652832,9.874333381652832,0.5068350434303284,0.7197368741035461,86.14813232421875,3943.0,13.02163028717041,596.0,0.0,0.0,0.8302381038665771,38.0,0.0,0.0,14.018682479858398,21.47062110900879,11.909135818481445,11.909135818481445,0.25106245279312134,0.536902904510498,81.14485931396484,3714.0,17.784574508666992,814.0,0.0,0.0,1.0705702304840088,49.0,0.0,0.0,15.444793701171875,23.71402931213379,13.04749870300293,13.04749870300293,0.0915568470954895,0.3968918025493622,78.39196014404297,3588.0,20.471923828125,937.0,0.0,0.0,1.1361154317855835,52.0,0.0,0.0,0.8571428571428571,0.22807016968727112,0.22994986176490784,0.25651630759239197,0.2854636609554291
14,0.17259913808708036,12.143741607666016,19.155906677246094,10.372172355651855,10.372172355651855,0.4040459990501404,0.6506645679473877,85.2741928100586,15612.0,13.857330322265625,2537.0,0.0,0.0,0.8684728145599365,159.0,0.0,0.0,6.978786468505859,10.381596565246582,6.074531078338623,6.074531078338623,0.824561595916748,0.9092342853546143,96.08914184570312,4398.0,3.452042818069458,158.0,0.0,0.0,0.4588158428668976,21.0,0.0,0.0,11.695232391357422,17.604875564575195,10.011384963989258,10.011384963989258,0.49526381492614746,0.7119554877281189,85.84225463867188,3929.0,13.349355697631836,611.0,0.0,0.0,0.8083897829055786,37.0,0.0,0.0,14.246332168579102,21.780567169189453,12.131308555603027,12.131308555603027,0.2292833924293518,0.5190248489379883,80.83898162841797,3700.0,18.090452194213867,828.0,0.0,0.0,1.0705702304840088,49.0,0.0,0.0,15.654620170593262,23.993595123291016,13.271466255187988,13.271466255187988,0.07001107931137085,0.37783119082450867,78.326416015625,3585.0,20.5374698638916,940.0,0.0,0.0,1.1361154317855835,52.0,0.0,0.0,0.9285714285714286,0.21929824352264404,0.22550123929977417,0.2598370909690857,0.2953633964061737
15,0.16720199897183932,12.269421577453613,19.35758399963379,10.495940208435059,10.495940208435059,0.3914313316345215,0.6409011483192444,85.04479217529297,15570.0,14.081275939941406,2578.0,0.0,0.0,0.8739348649978638,160.0,0.0,0.0,7.081723690032959,10.525744438171387,6.172428131103516,6.172428131103516,0.8196558356285095,0.9068001508712769,95.97989654541016,4393.0,3.5394363403320312,162.0,0.0,0.0,0.4806641936302185,22.0,0.0,0.0,11.831632614135742,17.81467628479004,10.136185646057129,10.136185646057129,0.4831621050834656,0.7033145427703857,85.47083282470703,3912.0,13.72077751159668,628.0,0.0,0.0,0.8083897829055786,37.0,0.0,0.0,14.40025520324707,22.023168563842773,12.283832550048828,12.283832550048828,0.21201854944229126,0.5038843154907227,80.62049102783203,3690.0,18.308935165405273,838.0,0.0,0.0,1.0705702304840088,49.0,0.0,0.0,15.764068603515625,24.201038360595703,13.391315460205078,13.391315460205078,0.05386072397232056,0.3617595434188843,78.10792541503906,3575.0,20.75595474243164,950.0,0.0,0.0,1.1361154317855835,52.0,0.0,0.0,1.0,0.21052631735801697,0.2210526168346405,0.2631579041481018,0.3052631616592407
16,0.16086563714075344,12.291305541992188,19.34912109375,10.51512336730957,10.51512336730957,0.39196330308914185,0.6410530209541321,85.07209777832031,15575.0,14.048502922058105,2572.0,0.0,0.0,0.8793969750404358,161.0,0.0,0.0,7.132140636444092,10.60305118560791,6.215959548950195,6.215959548950195,0.8169970512390137,0.905230700969696,95.91435241699219,4390.0,3.5831332206726074,164.0,0.0,0.0,0.5025125741958618,23.0,0.0,0.0,11.861069679260254,17.80223274230957,10.163681030273438,10.163681030273438,0.4838838577270508,0.7036374807357788,85.64562225341797,3920.0,13.545991897583008,620.0,0.0,0.0,0.8083897829055786,37.0,0.0,0.0,14.41600513458252,22.009521484375,12.292632102966309,12.292632102966309,0.2129947543144226,0.5038669109344482,80.62049102783203,3690.0,18.308935165405273,838.0,0.0,0.0,1.0705702304840088,49.0,0.0,0.0,15.75600528717041,24.161758422851562,13.388222694396973,13.388222694396973,0.05692946910858154,0.3636326193809509,78.10792541503906,3575.0,20.75595474243164,950.0,0.0,0.0,1.1361154317855835,52.0,0.0,0.0,1.0,0.21052631735801697,0.2210526168346405,0.2631579041481018,0.3052631616592407
17,0.15356072522830583,12.388412475585938,19.469295501708984,10.570359230041504,10.570359230041504,0.38438689708709717,0.6359150409698486,84.94100952148438,15551.0,14.157745361328125,2592.0,0.0,0.0,0.9012453556060791,165.0,0.0,0.0,7.2236008644104,10.723609924316406,6.306955337524414,6.306955337524414,0.8128118515014648,0.9026932120323181,95.80511474609375,4385.0,3.6268298625946045,166.0,0.0,0.0,0.5680577158927917,26.0,0.0,0.0,11.98287296295166,17.9866943359375,10.251853942871094,10.251853942871094,0.47313278913497925,0.696160614490509,85.38343811035156,3908.0,13.786323547363281,631.0,0.0,0.0,0.8302381038665771,38.0,0.0,0.0,14.510876655578613,22.143238067626953,12.326339721679688,12.326339721679688,0.20340293645858765,0.496918648481369,80.42385864257812,3681.0,18.48372459411621,846.0,0.0,0.0,1.0924186706542969,50.0,0.0,0.0,15.836298942565918,24.235801696777344,13.396288871765137,13.396288871765137,0.051140546798706055,0.35999035835266113,78.15162658691406,3577.0,20.734106063842773,949.0,0.0,0.0,1.1142669916152954,51.0,0.0,0.0,1.0,0.21052631735801697,0.2210526168346405,0.2631579041481018,0.3052631616592407
step,fold16/test_loss,fold16/test_mae,fold16/test_rmse,fold16/test_mard,fold16/test_mape,fold16/test_r2,fold16/test_pearson,fold16/test_ega_zone_a_pct,fold16/test_ega_zone_a_count,fold16/test_ega_zone_b_pct,fold16/test_ega_zone_b_count,fold16/test_ega_zone_c_pct,fold16/test_ega_zone_c_count,fold16/test_ega_zone_d_pct,fold16/test_ega_zone_d_count,fold16/test_ega_zone_e_pct,fold16/test_ega_zone_e_count,fold16/test_horizon_15_mae,fold16/test_horizon_15_rmse,fold16/test_horizon_15_mard,fold16/test_horizon_15_mape,fold16/test_horizon_15_r2,fold16/test_horizon_15_pearson,fold16/test_horizon_15_ega_zone_a_pct,fold16/test_horizon_15_ega_zone_a_count,fold16/test_horizon_15_ega_zone_b_pct,fold16/test_horizon_15_ega_zone_b_count,fold16/test_horizon_15_ega_zone_c_pct,fold16/test_horizon_15_ega_zone_c_count,fold16/test_horizon_15_ega_zone_d_pct,fold16/test_horizon_15_ega_zone_d_count,fold16/test_horizon_15_ega_zone_e_pct,fold16/test_horizon_15_ega_zone_e_count,fold16/test_horizon_30_mae,fold16/test_horizon_30_rmse,fold16/test_horizon_30_mard,fold16/test_horizon_30_mape,fold16/test_horizon_30_r2,fold16/test_horizon_30_pearson,fold16/test_horizon_30_ega_zone_a_pct,fold16/test_horizon_30_ega_zone_a_count,fold16/test_horizon_30_ega_zone_b_pct,fold16/test_horizon_30_ega_zone_b_count,fold16/test_horizon_30_ega_zone_c_pct,fold16/test_horizon_30_ega_zone_c_count,fold16/test_horizon_30_ega_zone_d_pct,fold16/test_horizon_30_ega_zone_d_count,fold16/test_horizon_30_ega_zone_e_pct,fold16/test_horizon_30_ega_zone_e_count,fold16/test_horizon_45_mae,fold16/test_horizon_45_rmse,fold16/test_horizon_45_mard,fold16/test_horizon_45_mape,fold16/test_horizon_45_r2,fold16/test_horizon_45_pearson,fold16/test_horizon_45_ega_zone_a_pct,fold16/test_horizon_45_ega_zone_a_count,fold16/test_horizon_45_ega_zone_b_pct,fold16/test_horizon_45_ega_zone_b_count,fold16/test_horizon_45_ega_zone_c_pct,fold16/test_horizon_45_ega_zone_c_count,fold16/test_horizon_45_ega_zone_d_pct,fold16/test_horizon_45_ega_zone_d_count,fold16/test_horizon_45_ega_zone_e_pct,fold16/test_horizon_45_ega_zone_e_count,fold16/test_horizon_60_mae,fold16/test_horizon_60_rmse,fold16/test_horizon_60_mard,fold16/test_horizon_60_mape,fold16/test_horizon_60_r2,fold16/test_horizon_60_pearson,fold16/test_horizon_60_ega_zone_a_pct,fold16/test_horizon_60_ega_zone_a_count,fold16/test_horizon_60_ega_zone_b_pct,fold16/test_horizon_60_ega_zone_b_count,fold16/test_horizon_60_ega_zone_c_pct,fold16/test_horizon_60_ega_zone_c_count,fold16/test_horizon_60_ega_zone_d_pct,fold16/test_horizon_60_ega_zone_d_count,fold16/test_horizon_60_ega_zone_e_pct,fold16/test_horizon_60_ega_zone_e_count
0,0.2975616174585679,10.586824417114258,15.093113899230957,9.733357429504395,9.733357429504395,0.2004503607749939,0.4999295175075531,87.00980377197266,6035.0,12.84602165222168,891.0,0.0,0.0,0.14417530596256256,10.0,0.0,0.0,7.100729942321777,9.905017852783203,6.687270641326904,6.687270641326904,0.6633471250534058,0.8162314295768738,94.80968475341797,1644.0,4.901960849761963,85.0,0.0,0.0,0.2883506119251251,5.0,0.0,0.0,10.763559341430664,15.141542434692383,9.870514869689941,9.870514869689941,0.20078682899475098,0.5057622790336609,87.08189392089844,1510.0,12.68742847442627,220.0,0.0,0.0,0.23068049550056458,4.0,0.0,0.0,11.966224670410156,16.83047103881836,10.924379348754883,10.924379348754883,-0.003399968147277832,0.3232724368572235,83.96770477294922,1456.0,15.974624633789062,277.0,0.0,0.0,0.057670123875141144,1.0,0.0,0.0,12.516782760620117,17.336889266967773,11.451263427734375,11.451263427734375,-0.07750141620635986,0.2319892942905426,82.179931640625,1425.0,17.820068359375,309.0,0.0,0.0,0.0,0.0,0.0,0.0
