step,fold1/train_loss,fold1/val_mae,fold1/val_rmse,fold1/val_mard,fold1/val_mape,fold1/val_r2,fold1/val_pearson,fold1/val_ega_zone_a_pct,fold1/val_ega_zone_a_count,fold1/val_ega_zone_b_pct,fold1/val_ega_zone_b_count,fold1/val_ega_zone_c_pct,fold1/val_ega_zone_c_count,fold1/val_ega_zone_d_pct,fold1/val_ega_zone_d_count,fold1/val_ega_zone_e_pct,fold1/val_ega_zone_e_count,fold1/val_horizon_15_mae,fold1/val_horizon_15_rmse,fold1/val_horizon_15_mard,fold1/val_horizon_15_mape,fold1/val_horizon_15_r2,fold1/val_horizon_15_pearson,fold1/val_horizon_15_ega_zone_a_pct,fold1/val_horizon_15_ega_zone_a_count,fold1/val_horizon_15_ega_zone_b_pct,fold1/val_horizon_15_ega_zone_b_count,fold1/val_horizon_15_ega_zone_c_pct,fold1/val_horizon_15_ega_zone_c_count,fold1/val_horizon_15_ega_zone_d_pct,fold1/val_horizon_15_ega_zone_d_count,fold1/val_horizon_15_ega_zone_e_pct,fold1/val_horizon_15_ega_zone_e_count,fold1/val_horizon_30_mae,fold1/val_horizon_30_rmse,fold1/val_horizon_30_mard,fold1/val_horizon_30_mape,fold1/val_horizon_30_r2,fold1/val_horizon_30_pearson,fold1/val_horizon_30_ega_zone_a_pct,fold1/val_horizon_30_ega_zone_a_count,fold1/val_horizon_30_ega_zone_b_pct,fold1/val_horizon_30_ega_zone_b_count,fold1/val_horizon_30_ega_zone_c_pct,fold1/val_horizon_30_ega_zone_c_count,fold1/val_horizon_30_ega_zone_d_pct,fold1/val_horizon_30_ega_zone_d_count,fold1/val_horizon_30_ega_zone_e_pct,fold1/val_horizon_30_ega_zone_e_count,fold1/val_horizon_45_mae,fold1/val_horizon_45_rmse,fold1/val_horizon_45_mard,fold1/val_horizon_45_mape,fold1/val_horizon_45_r2,fold1/val_horizon_45_pearson,fold1/val_horizon_45_ega_zone_a_pct,fold1/val_horizon_45_ega_zone_a_count,fold1/val_horizon_45_ega_zone_b_pct,fold1/val_horizon_45_ega_zone_b_count,fold1/val_horizon_45_ega_zone_c_pct,fold1/val_horizon_45_ega_zone_c_count,fold1/val_horizon_45_ega_zone_d_pct,fold1/val_horizon_45_ega_zone_d_count,fold1/val_horizon_45_ega_zone_e_pct,fold1/val_horizon_45_ega_zone_e_count,fold1/val_horizon_60_mae,fold1/val_horizon_60_rmse,fold1/val_horizon_60_mard,fold1/val_horizon_60_mape,fold1/val_horizon_60_r2,fold1/val_horizon_60_pearson,fold1/val_horizon_60_ega_zone_a_pct,fold1/val_horizon_60_ega_zone_a_count,fold1/val_horizon_60_ega_zone_b_pct,fold1/val_horizon_60_ega_zone_b_count,fold1/val_horizon_60_ega_zone_c_pct,fold1/val_horizon_60_ega_zone_c_count,fold1/val_horizon_60_ega_zone_d_pct,fold1/val_horizon_60_ega_zone_d_count,fold1/val_horizon_60_ega_zone_e_pct,fold1/val_horizon_60_ega_zone_e_count,fold1/diag_graph_prior_weight,fold1/diag_graph_residual_mean,fold1/diag_fusion_gate_cgm,fold1/diag_fusion_gate_cgm_guided,fold1/diag_fusion_gate_physio,fold1/diag_horizon_query_similarity,fold1/diag_horizon_progressive_gate,fold1/diag_horizon_attention_similarity,fold1/diag_horizon_attention_entropy,fold1/diag_horizon_curriculum_progress,fold1/diag_loss_horizon_weight_0,fold1/diag_loss_horizon_weight_1,fold1/diag_loss_horizon_weight_2,fold1/diag_loss_horizon_weight_3
1,0.24931457445486213,12.551793098449707,19.425479888916016,9.55676555633545,9.55676555633545,0.2716880440711975,0.6144503355026245,87.03685760498047,18417.0,12.963138580322266,2743.0,0.0,0.0,0.0,0.0,0.0,0.0,7.195549488067627,10.85441780090332,5.5286335945129395,5.5286335945129395,0.7725518941879272,0.8842757940292358,97.16446685791016,5140.0,2.835538864135742,150.0,0.0,0.0,0.0,0.0,0.0,0.0,11.872233390808105,18.023462295532227,9.05395221710205,9.05395221710205,0.372905969619751,0.6700364351272583,88.01512145996094,4656.0,11.984877586364746,634.0,0.0,0.0,0.0,0.0,0.0,0.0,14.772083282470703,22.05995750427246,11.211872100830078,11.211872100830078,0.06083410978317261,0.4984862506389618,82.75992584228516,4378.0,17.240076065063477,912.0,0.0,0.0,0.0,0.0,0.0,0.0,16.367300033569336,24.08509063720703,12.43260383605957,12.43260383605957,-0.11926889419555664,0.39063647389411926,80.20793914794922,4243.0,19.79206085205078,1047.0,0.0,0.0,0.0,0.0,0.0,0.0,1.002418041229248,0.011761867441236973,0.3613515794277191,0.3157888948917389,0.32285958528518677,0.02163691259920597,0.11920291930437088,0.9999540448188782,0.9999905824661255,0.0,0.3333333432674408,0.28333333134651184,0.21666665375232697,0.1666666716337204
2,0.2451150849316913,12.42128849029541,19.075965881347656,9.45739459991455,9.45739459991455,0.29766058921813965,0.6164827942848206,87.8638916015625,18592.0,12.136106491088867,2568.0,0.0,0.0,0.0,0.0,0.0,0.0,7.125393390655518,10.736730575561523,5.48571252822876,5.48571252822876,0.7774572968482971,0.8853469491004944,97.14555358886719,5139.0,2.8544423580169678,151.0,0.0,0.0,0.0,0.0,0.0,0.0,11.790767669677734,17.755748748779297,8.988541603088379,8.988541603088379,0.39139682054519653,0.670653223991394,89.03591918945312,4710.0,10.964082717895508,580.0,0.0,0.0,0.0,0.0,0.0,0.0,14.605619430541992,21.612773895263672,11.085521697998047,11.085521697998047,0.09852427244186401,0.497236043214798,83.93194580078125,4440.0,16.06805419921875,850.0,0.0,0.0,0.0,0.0,0.0,0.0,16.163372039794922,23.620201110839844,12.269803047180176,12.269803047180176,-0.0764777660369873,0.38550227880477905,81.34215545654297,4303.0,18.65784454345703,987.0,0.0,0.0,0.0,0.0,0.0,0.0,1.004167914390564,0.011349155567586422,0.30747100710868835,0.3314782381057739,0.3610508441925049,0.024109549820423126,0.11920291930437088,0.9994258880615234,0.9996304512023926,0.07142857142857142,0.3245614171028137,0.2788847088813782,0.21998745203018188,0.17656642198562622
3,0.24485624699898934,12.260176658630371,18.89308738708496,9.321858406066895,9.321858406066895,0.31106245517730713,0.6214199066162109,87.88752746582031,18597.0,12.112476348876953,2563.0,0.0,0.0,0.0,0.0,0.0,0.0,7.028782367706299,10.651581764221191,5.412641525268555,5.412641525268555,0.7809730768203735,0.8867353796958923,97.10774993896484,5137.0,2.892249345779419,153.0,0.0,0.0,0.0,0.0,0.0,0.0,11.634538650512695,17.589014053344727,8.862174987792969,8.862174987792969,0.4027732014656067,0.6746484041213989,89.18714904785156,4718.0,10.812854766845703,572.0,0.0,0.0,0.0,0.0,0.0,0.0,14.366135597229004,21.35796546936035,10.890484809875488,10.890484809875488,0.1196553111076355,0.5039328336715698,84.00756072998047,4444.0,15.992439270019531,846.0,0.0,0.0,0.0,0.0,0.0,0.0,16.011255264282227,23.42654037475586,12.122135162353516,12.122135162353516,-0.058898091316223145,0.3911036550998688,81.24764251708984,4298.0,18.752363204956055,992.0,0.0,0.0,0.0,0.0,0.0,0.0,1.0051414966583252,0.011018241755664349,0.3064873516559601,0.31717899441719055,0.37633368372917175,0.03483282029628754,0.11920291930437088,0.9986822605133057,0.9985557198524475,0.14285714285714285,0.31578949093818665,0.2744360864162445,0.223308265209198,0.18646617233753204
4,0.24401086699159774,12.216975212097168,18.743804931640625,9.276895523071289,9.276895523071289,0.3219066262245178,0.6240480542182922,88.13327026367188,18649.0,11.866729736328125,2511.0,0.0,0.0,0.0,0.0,0.0,0.0,7.027876377105713,10.625409126281738,5.408792495727539,5.408792495727539,0.7820481657981873,0.8875152468681335,97.14555358886719,5139.0,2.8544423580169678,151.0,0.0,0.0,0.0,0.0,0.0,0.0,11.611383438110352,17.480445861816406,8.837568283081055,8.837568283081055,0.4101232886314392,0.6758674383163452,89.31947326660156,4725.0,10.680529594421387,565.0,0.0,0.0,0.0,0.0,0.0,0.0,14.319352149963379,21.195178985595703,10.836067199707031,10.836067199707031,0.13302373886108398,0.5049786567687988,84.31002044677734,4460.0,15.689981460571289,830.0,0.0,0.0,0.0,0.0,0.0,0.0,15.909287452697754,23.186635971069336,12.025151252746582,12.025151252746582,-0.03732132911682129,0.3920021057128906,81.7580337524414,4325.0,18.241966247558594,965.0,0.0,0.0,0.0,0.0,0.0,0.0,1.0071454048156738,0.010840860195457935,0.2390723079442978,0.3243314325809479,0.4365963041782379,0.041201137006282806,0.11920291930437088,0.9976746439933777,0.9971225261688232,0.21428571428571427,0.30701756477355957,0.26998746395111084,0.22662906348705292,0.19636592268943787
5,0.24156216447965095,12.219228744506836,18.684120178222656,9.270524978637695,9.270524978637695,0.32621824741363525,0.625108003616333,88.10491943359375,18643.0,11.895085334777832,2517.0,0.0,0.0,0.0,0.0,0.0,0.0,7.017096042633057,10.593928337097168,5.3985514640808105,5.3985514640808105,0.7833377122879028,0.8886573910713196,97.2022705078125,5142.0,2.797731637954712,148.0,0.0,0.0,0.0,0.0,0.0,0.0,11.605424880981445,17.42964744567871,8.833720207214355,8.833720207214355,0.413546621799469,0.676288366317749,89.4896011352539,4734.0,10.510396957397461,556.0,0.0,0.0,0.0,0.0,0.0,0.0,14.337120056152344,21.134340286254883,10.842384338378906,10.842384338378906,0.13799375295639038,0.5037620067596436,84.08317565917969,4448.0,15.916824340820312,842.0,0.0,0.0,0.0,0.0,0.0,0.0,15.917277336120605,23.10196876525879,12.007444381713867,12.007444381713867,-0.029759645462036133,0.3915928304195404,81.64461517333984,4319.0,18.35538673400879,971.0,0.0,0.0,0.0,0.0,0.0,0.0,1.003685712814331,0.010770801454782486,0.2965664863586426,0.44398239254951477,0.2594511806964874,0.05220774933695793,0.11920291930437088,0.9956899285316467,0.9938179850578308,0.2857142857142857,0.2982456088066101,0.2655388414859772,0.22994986176490784,0.2062656730413437
6,0.2410532635342403,12.19362735748291,18.634214401245117,9.27867603302002,9.27867603302002,0.3298127055168152,0.625054657459259,87.97731018066406,18616.0,12.022684097290039,2544.0,0.0,0.0,0.0,0.0,0.0,0.0,6.891432285308838,10.371894836425781,5.314757347106934,5.314757347106934,0.792324423789978,0.8931100964546204,97.56143951416016,5161.0,2.438563346862793,129.0,0.0,0.0,0.0,0.0,0.0,0.0,11.573394775390625,17.33750343322754,8.829949378967285,8.829949378967285,0.41973090171813965,0.6779466867446899,89.45179748535156,4732.0,10.54820442199707,558.0,0.0,0.0,0.0,0.0,0.0,0.0,14.357897758483887,21.119314193725586,10.89227294921875,10.89227294921875,0.13921910524368286,0.50091153383255,83.68620300292969,4427.0,16.313800811767578,863.0,0.0,0.0,0.0,0.0,0.0,0.0,15.951784133911133,23.124561309814453,12.077723503112793,12.077723503112793,-0.03177452087402344,0.3870657980442047,81.20983123779297,4296.0,18.790170669555664,994.0,0.0,0.0,0.0,0.0,0.0,0.0,1.002658486366272,0.01071569137275219,0.3356359302997589,0.4063451886177063,0.2580189108848572,0.07044711709022522,0.11920291930437088,0.9982768893241882,0.9921972751617432,0.35714285714285715,0.28947368264198303,0.2610902190208435,0.23327067494392395,0.2161654233932495
7,0.23746851987277115,12.179405212402344,18.509029388427734,9.246371269226074,9.246371269226074,0.33878713846206665,0.631390392780304,88.08129119873047,18638.0,11.91871452331543,2522.0,0.0,0.0,0.0,0.0,0.0,0.0,6.752958297729492,10.066459655761719,5.217193603515625,5.217193603515625,0.8043757677078247,0.9000205993652344,97.65595245361328,5166.0,2.344045400619507,124.0,0.0,0.0,0.0,0.0,0.0,0.0,11.546667098999023,17.180313110351562,8.791751861572266,8.791751861572266,0.43020522594451904,0.685010552406311,89.58412170410156,4739.0,10.415879249572754,551.0,0.0,0.0,0.0,0.0,0.0,0.0,14.389935493469238,21.02257537841797,10.88662052154541,10.88662052154541,0.14708679914474487,0.5051895380020142,84.0264663696289,4445.0,15.973535537719727,845.0,0.0,0.0,0.0,0.0,0.0,0.0,16.028064727783203,23.062768936157227,12.089920997619629,12.089920997619629,-0.0262678861618042,0.3883158266544342,81.05860137939453,4288.0,18.94139862060547,1002.0,0.0,0.0,0.0,0.0,0.0,0.0,1.0048975944519043,0.010669912211596966,0.3486447334289551,0.36289072036743164,0.28846457600593567,0.09140220284461975,0.11920291930437088,0.9979614615440369,0.9795061349868774,0.42857142857142855,0.28070175647735596,0.25664159655570984,0.23659147322177887,0.22606515884399414
8,0.23315596522648366,12.144000053405762,18.39534568786621,9.22397232055664,9.22397232055664,0.34688472747802734,0.63655686378479,87.98677062988281,18618.0,12.013233184814453,2542.0,0.0,0.0,0.0,0.0,0.0,0.0,6.552751541137695,9.627379417419434,5.0766401290893555,5.0766401290893555,0.821069061756134,0.9093685150146484,98.09073638916016,5189.0,1.9092626571655273,101.0,0.0,0.0,0.0,0.0,0.0,0.0,11.490033149719238,16.96718978881836,8.75552749633789,8.75552749633789,0.44425439834594727,0.6944782733917236,89.64083099365234,4742.0,10.35916805267334,548.0,0.0,0.0,0.0,0.0,0.0,0.0,14.41214656829834,20.95592498779297,10.906908988952637,10.906908988952637,0.1524863839149475,0.5063747763633728,83.81852722167969,4434.0,16.181474685668945,856.0,0.0,0.0,0.0,0.0,0.0,0.0,16.12106704711914,23.104808807373047,12.156811714172363,12.156811714172363,-0.03001260757446289,0.3837118148803711,80.39697265625,4253.0,19.603023529052734,1037.0,0.0,0.0,0.0,0.0,0.0,0.0,1.0048911571502686,0.01065757591277361,0.3407112658023834,0.36760056018829346,0.2916882336139679,0.11498770117759705,0.11920291930437088,0.9985435605049133,0.9615069627761841,0.5,0.2719298303127289,0.25219297409057617,0.2399122714996338,0.23596492409706116
9,0.2263646887358657,12.052655220031738,18.307270050048828,9.166089057922363,9.166089057922363,0.35312384366989136,0.6418231725692749,87.97258758544922,18615.0,12.027410507202148,2545.0,0.0,0.0,0.0,0.0,0.0,0.0,6.0867791175842285,8.925453186035156,4.739792823791504,4.739792823791504,0.8462094068527222,0.9221221804618835,98.52552032470703,5212.0,1.474480152130127,78.0,0.0,0.0,0.0,0.0,0.0,0.0,11.32762336730957,16.686466217041016,8.657791137695312,8.657791137695312,0.4624919295310974,0.7059047818183899,90.01890563964844,4762.0,9.981096267700195,528.0,0.0,0.0,0.0,0.0,0.0,0.0,14.515963554382324,21.028738021850586,10.99896240234375,10.99896240234375,0.14658671617507935,0.50193190574646,83.4404525756836,4414.0,16.559545516967773,876.0,0.0,0.0,0.0,0.0,0.0,0.0,16.280256271362305,23.244674682617188,12.267807960510254,12.267807960510254,-0.042520999908447266,0.37715449929237366,79.90547943115234,4227.0,20.094518661499023,1063.0,0.0,0.0,0.0,0.0,0.0,0.0,1.0035955905914307,0.010659952647984028,0.3354930281639099,0.348279744386673,0.3162272870540619,0.12577754259109497,0.11920291930437088,0.9872919917106628,0.9534298777580261,0.5714285714285714,0.2631579041481018,0.2477443516254425,0.2432330846786499,0.24586467444896698
10,0.22361975894187958,12.132184982299805,18.385644912719727,9.217395782470703,9.217395782470703,0.34757333993911743,0.6404784917831421,88.0765609741211,18637.0,11.91871452331543,2522.0,0.0047258976846933365,1.0,0.0,0.0,0.0,0.0,5.940975189208984,8.605173110961914,4.635307788848877,4.635307788848877,0.8570485711097717,0.9278867244720459,98.71455383300781,5222.0,1.2854442596435547,68.0,0.0,0.0,0.0,0.0,0.0,0.0,11.357102394104004,16.599693298339844,8.68005657196045,8.68005657196045,0.4680677056312561,0.7102411985397339,90.39697265625,4782.0,9.60302448272705,508.0,0.0,0.0,0.0,0.0,0.0,0.0,14.681631088256836,21.185657501220703,11.104955673217773,11.104955673217773,0.1338024139404297,0.49700185656547546,83.66729736328125,4426.0,16.313800811767578,863.0,0.018903590738773346,1.0,0.0,0.0,0.0,0.0,16.549030303955078,23.53076171875,12.449263572692871,12.449263572692871,-0.06834077835083008,0.36091306805610657,79.52740478515625,4207.0,20.47258949279785,1083.0,0.0,0.0,0.0,0.0,0.0,0.0,0.998089075088501,0.010693942196667194,0.330138236284256,0.3578900992870331,0.3119717240333557,0.15407070517539978,0.11920291930437088,0.9771442413330078,0.931934118270874,0.6428571428571429,0.25438597798347473,0.24329572916030884,0.24655388295650482,0.2557644248008728
11,0.21861044933556628,12.23874568939209,18.550107955932617,9.292545318603516,9.292545318603516,0.33584892749786377,0.6354680061340332,87.71739196777344,18561.0,12.27788257598877,2598.0,0.0047258976846933365,1.0,0.0,0.0,0.0,0.0,5.843284606933594,8.41596508026123,4.564634323120117,4.564634323120117,0.8632658123970032,0.9308813810348511,98.88468933105469,5231.0,1.115311861038208,59.0,0.0,0.0,0.0,0.0,0.0,0.0,11.423649787902832,16.634859085083008,8.726935386657715,8.726935386657715,0.46581149101257324,0.7098274827003479,90.32136535644531,4778.0,9.678638458251953,512.0,0.0,0.0,0.0,0.0,0.0,0.0,14.874222755432129,21.394065856933594,11.241430282592773,11.241430282592773,0.11667674779891968,0.4887712299823761,83.1758041381836,4400.0,16.8052921295166,889.0,0.018903590738773346,1.0,0.0,0.0,0.0,0.0,16.813825607299805,23.899227142333984,12.637178421020508,12.637178421020508,-0.10206091403961182,0.34592199325561523,78.48770904541016,4152.0,21.512287139892578,1138.0,0.0,0.0,0.0,0.0,0.0,0.0,0.9939214587211609,0.010723775252699852,0.3073729872703552,0.346270352602005,0.34635671973228455,0.17238084971904755,0.11920291930437088,0.9738335609436035,0.927274763584137,0.7142857142857143,0.24561403691768646,0.23884710669517517,0.24987469613552094,0.26566416025161743
12,0.2138234556860529,12.35461139678955,18.65065574645996,9.417086601257324,9.417086601257324,0.32862961292266846,0.6290903687477112,87.26370239257812,18465.0,12.736294746398926,2695.0,0.0,0.0,0.0,0.0,0.0,0.0,5.7846245765686035,8.289453506469727,4.5241498947143555,4.5241498947143555,0.8673458099365234,0.9326937198638916,98.94139862060547,5234.0,1.0586011409759521,56.0,0.0,0.0,0.0,0.0,0.0,0.0,11.508315086364746,16.682998657226562,8.822650909423828,8.822650909423828,0.4627152681350708,0.7061272859573364,90.07561492919922,4765.0,9.924386024475098,525.0,0.0,0.0,0.0,0.0,0.0,0.0,15.09299373626709,21.604726791381836,11.4550199508667,11.4550199508667,0.09919553995132446,0.4752119481563568,82.38185119628906,4358.0,17.618148803710938,932.0,0.0,0.0,0.0,0.0,0.0,0.0,17.032514572143555,24.03302574157715,12.866525650024414,12.866525650024414,-0.11443495750427246,0.3353978991508484,77.65595245361328,4108.0,22.344045639038086,1182.0,0.0,0.0,0.0,0.0,0.0,0.0,0.9890971183776855,0.010754850693047047,0.3163502812385559,0.3284328579902649,0.355216920375824,0.1719568371772766,0.11920291930437088,0.9627986550331116,0.9206604957580566,0.7857142857142857,0.23684212565422058,0.2343984991312027,0.25319552421569824,0.27556392550468445
13,0.210785286485952,12.568825721740723,18.968585968017578,9.560215950012207,9.560215950012207,0.3055453300476074,0.6177558898925781,86.85255432128906,18378.0,13.14744758605957,2782.0,0.0,0.0,0.0,0.0,0.0,0.0,5.811202049255371,8.28188705444336,4.550609111785889,4.550609111785889,0.8675878047943115,0.9330679178237915,98.94139862060547,5234.0,1.0586011409759521,56.0,0.0,0.0,0.0,0.0,0.0,0.0,11.734210968017578,16.911354064941406,8.97793960571289,8.97793960571289,0.4479060769081116,0.6988354921340942,89.65972900390625,4743.0,10.340264320373535,547.0,0.0,0.0,0.0,0.0,0.0,0.0,15.391581535339355,21.995267868041992,11.650611877441406,11.650611877441406,0.06633400917053223,0.45763424038887024,81.56900024414062,4315.0,18.431001663208008,975.0,0.0,0.0,0.0,0.0,0.0,0.0,17.338308334350586,24.512319564819336,13.061705589294434,13.061705589294434,-0.15932893753051758,0.31371673941612244,77.24007415771484,4086.0,22.759923934936523,1204.0,0.0,0.0,0.0,0.0,0.0,0.0,0.9852830171585083,0.010773807764053345,0.3166031241416931,0.32301053404808044,0.3603864312171936,0.1788782924413681,0.11920291930437088,0.9602920413017273,0.92274409532547,0.8571428571428571,0.22807016968727112,0.22994986176490784,0.25651630759239197,0.2854636609554291
14,0.20446751763497842,12.696982383728027,19.195030212402344,9.666648864746094,9.666648864746094,0.28886574506759644,0.6116129159927368,86.2948989868164,18260.0,13.70037841796875,2899.0,0.0047258976846933365,1.0,0.0,0.0,0.0,0.0,5.78927755355835,8.258647918701172,4.530974864959717,4.530974864959717,0.8683298826217651,0.9336546063423157,98.94139862060547,5234.0,1.0586011409759521,56.0,0.0,0.0,0.0,0.0,0.0,0.0,11.817769050598145,17.021081924438477,9.04671573638916,9.04671573638916,0.44071829319000244,0.6966783404350281,89.54631042480469,4737.0,10.453685760498047,553.0,0.0,0.0,0.0,0.0,0.0,0.0,15.634957313537598,22.350425720214844,11.851479530334473,11.851479530334473,0.03593873977661133,0.44679519534111023,80.43478393554688,4255.0,19.546314239501953,1034.0,0.018903590738773346,1.0,0.0,0.0,0.0,0.0,17.545928955078125,24.8260498046875,13.2374267578125,13.2374267578125,-0.18919503688812256,0.30523741245269775,76.25709533691406,4034.0,23.742910385131836,1256.0,0.0,0.0,0.0,0.0,0.0,0.0,0.9819420576095581,0.010791396722197533,0.3097646236419678,0.3227249085903168,0.36751052737236023,0.18510591983795166,0.11920291930437088,0.9646593928337097,0.9210942387580872,0.9285714285714286,0.21929824352264404,0.22550123929977417,0.2598370909690857,0.2953633964061737
15,0.19968875410868625,12.877866744995117,19.331087112426758,9.802201271057129,9.802201271057129,0.2787488102912903,0.6094558835029602,85.85066223144531,18166.0,14.144613265991211,2993.0,0.0047258976846933365,1.0,0.0,0.0,0.0,0.0,5.8612751960754395,8.315834045410156,4.5813822746276855,4.5813822746276855,0.8665001392364502,0.9334986209869385,98.97920227050781,5236.0,1.0207940340042114,54.0,0.0,0.0,0.0,0.0,0.0,0.0,11.997267723083496,17.154916763305664,9.180048942565918,9.180048942565918,0.43188852071762085,0.6942469477653503,89.31947326660156,4725.0,10.680529594421387,565.0,0.0,0.0,0.0,0.0,0.0,0.0,15.864692687988281,22.466978073120117,12.025368690490723,12.025368690490723,0.025857925415039062,0.44653522968292236,80.03781127929688,4234.0,19.943288803100586,1055.0,0.018903590738773346,1.0,0.0,0.0,0.0,0.0,17.78822898864746,25.03106689453125,13.422006607055664,13.422006607055664,-0.20891714096069336,0.3037487268447876,75.066162109375,3971.0,24.933837890625,1319.0,0.0,0.0,0.0,0.0,0.0,0.0,0.9793535470962524,0.010807153768837452,0.3085959255695343,0.3252125084400177,0.3661916255950928,0.19147594273090363,0.11920291930437088,0.9659945964813232,0.9253382086753845,1.0,0.21052631735801697,0.2210526168346405,0.2631579041481018,0.3052631616592407
16,0.19162871761894865,13.070108413696289,19.51015281677246,9.958953857421875,9.958953857421875,0.2653249502182007,0.6020808219909668,85.32608795166016,18055.0,14.673912048339844,3105.0,0.0,0.0,0.0,0.0,0.0,0.0,5.923971652984619,8.339518547058105,4.6343183517456055,4.6343183517456055,0.8657386302947998,0.93299400806427,99.05481719970703,5240.0,0.9451796412467957,50.0,0.0,0.0,0.0,0.0,0.0,0.0,12.202776908874512,17.337108612060547,9.344300270080566,9.344300270080566,0.4197573661804199,0.6872485876083374,88.65784454345703,4690.0,11.342155456542969,600.0,0.0,0.0,0.0,0.0,0.0,0.0,16.142610549926758,22.738536834716797,12.245553016662598,12.245553016662598,0.0021666884422302246,0.43325576186180115,78.96029663085938,4177.0,21.039697647094727,1113.0,0.0,0.0,0.0,0.0,0.0,0.0,18.011075973510742,25.20754051208496,13.611647605895996,13.611647605895996,-0.22602355480194092,0.2936781644821167,74.63137817382812,3948.0,25.36861801147461,1342.0,0.0,0.0,0.0,0.0,0.0,0.0,0.9770230054855347,0.010830562561750412,0.3191000819206238,0.3403781056404114,0.3405218720436096,0.18954862654209137,0.11920291930437088,0.9588818550109863,0.9262595176696777,1.0,0.21052631735801697,0.2210526168346405,0.2631579041481018,0.3052631616592407
17,0.18533771186336365,13.015485763549805,19.42800521850586,9.906933784484863,9.906933784484863,0.27149856090545654,0.6056411862373352,85.54820251464844,18102.0,14.45179557800293,3058.0,0.0,0.0,0.0,0.0,0.0,0.0,5.834841728210449,8.242313385009766,4.565252304077148,4.565252304077148,0.8688502311706543,0.9344727993011475,99.01701354980469,5238.0,0.9829867482185364,52.0,0.0,0.0,0.0,0.0,0.0,0.0,12.088927268981934,17.160015106201172,9.250391006469727,9.250391006469727,0.43155092000961304,0.6937620639801025,88.97920989990234,4707.0,11.020793914794922,583.0,0.0,0.0,0.0,0.0,0.0,0.0,16.076244354248047,22.589542388916016,12.18188762664795,12.18188762664795,0.015200376510620117,0.4398271441459656,79.86767578125,4225.0,20.132326126098633,1065.0,0.0,0.0,0.0,0.0,0.0,0.0,18.061935424804688,25.240848541259766,13.63020133972168,13.63020133972168,-0.22926557064056396,0.29442277550697327,74.32892608642578,3932.0,25.671077728271484,1358.0,0.0,0.0,0.0,0.0,0.0,0.0,0.9733437895774841,0.010863464325666428,0.32142603397369385,0.3357667326927185,0.3428072929382324,0.19154782593250275,0.11920291930437088,0.9661198258399963,0.9250826835632324,1.0,0.21052631735801697,0.2210526168346405,0.2631579041481018,0.3052631616592407
step,fold1/test_loss,fold1/test_mae,fold1/test_rmse,fold1/test_mard,fold1/test_mape,fold1/test_r2,fold1/test_pearson,fold1/test_ega_zone_a_pct,fold1/test_ega_zone_a_count,fold1/test_ega_zone_b_pct,fold1/test_ega_zone_b_count,fold1/test_ega_zone_c_pct,fold1/test_ega_zone_c_count,fold1/test_ega_zone_d_pct,fold1/test_ega_zone_d_count,fold1/test_ega_zone_e_pct,fold1/test_ega_zone_e_count,fold1/test_horizon_15_mae,fold1/test_horizon_15_rmse,fold1/test_horizon_15_mard,fold1/test_horizon_15_mape,fold1/test_horizon_15_r2,fold1/test_horizon_15_pearson,fold1/test_horizon_15_ega_zone_a_pct,fold1/test_horizon_15_ega_zone_a_count,fold1/test_horizon_15_ega_zone_b_pct,fold1/test_horizon_15_ega_zone_b_count,fold1/test_horizon_15_ega_zone_c_pct,fold1/test_horizon_15_ega_zone_c_count,fold1/test_horizon_15_ega_zone_d_pct,fold1/test_horizon_15_ega_zone_d_count,fold1/test_horizon_15_ega_zone_e_pct,fold1/test_horizon_15_ega_zone_e_count,fold1/test_horizon_30_mae,fold1/test_horizon_30_rmse,fold1/test_horizon_30_mard,fold1/test_horizon_30_mape,fold1/test_horizon_30_r2,fold1/test_horizon_30_pearson,fold1/test_horizon_30_ega_zone_a_pct,fold1/test_horizon_30_ega_zone_a_count,fold1/test_horizon_30_ega_zone_b_pct,fold1/test_horizon_30_ega_zone_b_count,fold1/test_horizon_30_ega_zone_c_pct,fold1/test_horizon_30_ega_zone_c_count,fold1/test_horizon_30_ega_zone_d_pct,fold1/test_horizon_30_ega_zone_d_count,fold1/test_horizon_30_ega_zone_e_pct,fold1/test_horizon_30_ega_zone_e_count,fold1/test_horizon_45_mae,fold1/test_horizon_45_rmse,fold1/test_horizon_45_mard,fold1/test_horizon_45_mape,fold1/test_horizon_45_r2,fold1/test_horizon_45_pearson,fold1/test_horizon_45_ega_zone_a_pct,fold1/test_horizon_45_ega_zone_a_count,fold1/test_horizon_45_ega_zone_b_pct,fold1/test_horizon_45_ega_zone_b_count,fold1/test_horizon_45_ega_zone_c_pct,fold1/test_horizon_45_ega_zone_c_count,fold1/test_horizon_45_ega_zone_d_pct,fold1/test_horizon_45_ega_zone_d_count,fold1/test_horizon_45_ega_zone_e_pct,fold1/test_horizon_45_ega_zone_e_count,fold1/test_horizon_60_mae,fold1/test_horizon_60_rmse,fold1/test_horizon_60_mard,fold1/test_horizon_60_mape,fold1/test_horizon_60_r2,fold1/test_horizon_60_pearson,fold1/test_horizon_60_ega_zone_a_pct,fold1/test_horizon_60_ega_zone_a_count,fold1/test_horizon_60_ega_zone_b_pct,fold1/test_horizon_60_ega_zone_b_count,fold1/test_horizon_60_ega_zone_c_pct,fold1/test_horizon_60_ega_zone_c_count,fold1/test_horizon_60_ega_zone_d_pct,fold1/test_horizon_60_ega_zone_d_count,fold1/test_horizon_60_ega_zone_e_pct,fold1/test_horizon_60_ega_zone_e_count
0,0.21750088980179708,8.626055717468262,12.379356384277344,8.037712097167969,8.037712097167969,0.40504395961761475,0.6570749878883362,91.79389190673828,6734.0,8.097055435180664,594.0,0.0,0.0,0.10905124992132187,8.0,0.0,0.0,4.949866771697998,7.197476387023926,4.628757953643799,4.628757953643799,0.7966783046722412,0.89482581615448,98.5278091430664,1807.0,1.3631407022476196,25.0,0.0,0.0,0.10905124992132187,2.0,0.0,0.0,8.372994422912598,12.029807090759277,7.797614574432373,7.797614574432373,0.43608933687210083,0.6791545152664185,93.12976837158203,1708.0,6.7611775398254395,124.0,0.0,0.0,0.10905124992132187,2.0,0.0,0.0,10.12167739868164,13.896954536437988,9.447277069091797,9.447277069091797,0.2529118061065674,0.5434731841087341,89.53108215332031,1642.0,10.359869003295898,190.0,0.0,0.0,0.10905124992132187,2.0,0.0,0.0,11.05968189239502,14.944849014282227,10.277198791503906,10.277198791503906,0.14227145910263062,0.45678383111953735,85.9869155883789,1577.0,13.904035568237305,255.0,0.0,0.0,0.10905124992132187,2.0,0.0,0.0
step,fold2/train_loss,fold2/val_mae,fold2/val_rmse,fold2/val_mard,fold2/val_mape,fold2/val_r2,fold2/val_pearson,fold2/val_ega_zone_a_pct,fold2/val_ega_zone_a_count,fold2/val_ega_zone_b_pct,fold2/val_ega_zone_b_count,fold2/val_ega_zone_c_pct,fold2/val_ega_zone_c_count,fold2/val_ega_zone_d_pct,fold2/val_ega_zone_d_count,fold2/val_ega_zone_e_pct,fold2/val_ega_zone_e_count,fold2/val_horizon_15_mae,fold2/val_horizon_15_rmse,fold2/val_horizon_15_mard,fold2/val_horizon_15_mape,fold2/val_horizon_15_r2,fold2/val_horizon_15_pearson,fold2/val_horizon_15_ega_zone_a_pct,fold2/val_horizon_15_ega_zone_a_count,fold2/val_horizon_15_ega_zone_b_pct,fold2/val_horizon_15_ega_zone_b_count,fold2/val_horizon_15_ega_zone_c_pct,fold2/val_horizon_15_ega_zone_c_count,fold2/val_horizon_15_ega_zone_d_pct,fold2/val_horizon_15_ega_zone_d_count,fold2/val_horizon_15_ega_zone_e_pct,fold2/val_horizon_15_ega_zone_e_count,fold2/val_horizon_30_mae,fold2/val_horizon_30_rmse,fold2/val_horizon_30_mard,fold2/val_horizon_30_mape,fold2/val_horizon_30_r2,fold2/val_horizon_30_pearson,fold2/val_horizon_30_ega_zone_a_pct,fold2/val_horizon_30_ega_zone_a_count,fold2/val_horizon_30_ega_zone_b_pct,fold2/val_horizon_30_ega_zone_b_count,fold2/val_horizon_30_ega_zone_c_pct,fold2/val_horizon_30_ega_zone_c_count,fold2/val_horizon_30_ega_zone_d_pct,fold2/val_horizon_30_ega_zone_d_count,fold2/val_horizon_30_ega_zone_e_pct,fold2/val_horizon_30_ega_zone_e_count,fold2/val_horizon_45_mae,fold2/val_horizon_45_rmse,fold2/val_horizon_45_mard,fold2/val_horizon_45_mape,fold2/val_horizon_45_r2,fold2/val_horizon_45_pearson,fold2/val_horizon_45_ega_zone_a_pct,fold2/val_horizon_45_ega_zone_a_count,fold2/val_horizon_45_ega_zone_b_pct,fold2/val_horizon_45_ega_zone_b_count,fold2/val_horizon_45_ega_zone_c_pct,fold2/val_horizon_45_ega_zone_c_count,fold2/val_horizon_45_ega_zone_d_pct,fold2/val_horizon_45_ega_zone_d_count,fold2/val_horizon_45_ega_zone_e_pct,fold2/val_horizon_45_ega_zone_e_count,fold2/val_horizon_60_mae,fold2/val_horizon_60_rmse,fold2/val_horizon_60_mard,fold2/val_horizon_60_mape,fold2/val_horizon_60_r2,fold2/val_horizon_60_pearson,fold2/val_horizon_60_ega_zone_a_pct,fold2/val_horizon_60_ega_zone_a_count,fold2/val_horizon_60_ega_zone_b_pct,fold2/val_horizon_60_ega_zone_b_count,fold2/val_horizon_60_ega_zone_c_pct,fold2/val_horizon_60_ega_zone_c_count,fold2/val_horizon_60_ega_zone_d_pct,fold2/val_horizon_60_ega_zone_d_count,fold2/val_horizon_60_ega_zone_e_pct,fold2/val_horizon_60_ega_zone_e_count,fold2/diag_graph_prior_weight,fold2/diag_graph_residual_mean,fold2/diag_fusion_gate_cgm,fold2/diag_fusion_gate_cgm_guided,fold2/diag_fusion_gate_physio,fold2/diag_horizon_query_similarity,fold2/diag_horizon_progressive_gate,fold2/diag_horizon_attention_similarity,fold2/diag_horizon_attention_entropy,fold2/diag_horizon_curriculum_progress,fold2/diag_loss_horizon_weight_0,fold2/diag_loss_horizon_weight_1,fold2/diag_loss_horizon_weight_2,fold2/diag_loss_horizon_weight_3
1,0.2353442639960736,12.169981002807617,19.346446990966797,11.02054500579834,11.02054500579834,0.336686372756958,0.6427564024925232,83.91283416748047,14094.0,14.914265632629395,2505.0,0.005953798536211252,1.0,1.1609907150268555,195.0,0.005953798536211252,1.0,7.347137451171875,11.094221115112305,6.645519256591797,6.645519256591797,0.7832141518592834,0.8875925540924072,94.21290588378906,3956.0,5.286972999572754,222.0,0.0,0.0,0.5001190304756165,21.0,0.0,0.0,11.562103271484375,17.534523010253906,10.408564567565918,10.408564567565918,0.4568738341331482,0.7076427340507507,84.78209686279297,3560.0,14.146224975585938,594.0,0.0,0.0,1.071683645248413,45.0,0.0,0.0,14.045547485351562,21.591466903686523,12.703965187072754,12.703965187072754,0.17114436626434326,0.5489262938499451,79.757080078125,3349.0,18.79018783569336,789.0,0.0,0.0,1.4527268409729004,61.0,0.0,0.0,15.725133895874023,24.50320816040039,14.324130058288574,14.324130058288574,-0.07070910930633545,0.4070017635822296,76.89926147460938,3229.0,21.43367576599121,900.0,0.02381519414484501,1.0,1.6194332838058472,68.0,0.02381519414484501,1.0,1.0031237602233887,0.011693712323904037,0.34661707282066345,0.41048210859298706,0.24290087819099426,0.09722510725259781,0.11920291930437088,0.9999679923057556,0.9999904632568359,0.0,0.3333333432674408,0.28333333134651184,0.21666665375232697,0.1666666716337204
2,0.2328671877083335,11.953780174255371,18.903644561767578,10.822505950927734,10.822505950927734,0.3667028546333313,0.6473608016967773,84.60347747802734,14210.0,14.20576286315918,2386.0,0.005953798536211252,1.0,1.184805989265442,199.0,0.0,0.0,7.286803722381592,10.998126029968262,6.5957465171813965,6.5957465171813965,0.786953330039978,0.8884382247924805,94.26053619384766,3958.0,5.215527534484863,219.0,0.0,0.0,0.5239343047142029,22.0,0.0,0.0,11.400960922241211,17.272974014282227,10.260076522827148,10.260076522827148,0.4729558229446411,0.7090852856636047,85.5203628540039,3591.0,13.407954216003418,563.0,0.0,0.0,1.071683645248413,45.0,0.0,0.0,13.761425971984863,21.049591064453125,12.449108123779297,12.449108123779297,0.2122255563735962,0.5504449009895325,80.63824462890625,3386.0,17.86139678955078,750.0,0.0,0.0,1.5003572702407837,63.0,0.0,0.0,15.365931510925293,23.811580657958984,13.98509407043457,13.98509407043457,-0.011118531227111816,0.408178448677063,77.99475860595703,3275.0,20.338176727294922,854.0,0.02381519414484501,1.0,1.643248438835144,69.0,0.0,0.0,1.0055756568908691,0.011284437030553818,0.4410448372364044,0.3244144916534424,0.23454070091247559,0.09521761536598206,0.11920291930437088,0.9991238713264465,0.9997554421424866,0.07142857142857142,0.3245614171028137,0.2788847088813782,0.21998745203018188,0.17656642198562622
3,0.23454914551645348,11.965115547180176,18.84267807006836,10.838764190673828,10.838764190673828,0.37078118324279785,0.6476450562477112,84.81185913085938,14245.0,13.985472679138184,2349.0,0.005953798536211252,1.0,1.1967134475708008,201.0,0.0,0.0,7.322347640991211,10.97305965423584,6.638579845428467,6.638579845428467,0.7879233956336975,0.8886963725090027,94.18909454345703,3955.0,5.23934268951416,220.0,0.0,0.0,0.5715646743774414,24.0,0.0,0.0,11.424522399902344,17.260047912597656,10.277099609375,10.277099609375,0.47374433279037476,0.7082191705703735,85.73470306396484,3600.0,13.193617820739746,554.0,0.0,0.0,1.071683645248413,45.0,0.0,0.0,13.772250175476074,20.971765518188477,12.469954490661621,12.469954490661621,0.21803998947143555,0.5503162741661072,80.70968627929688,3389.0,17.789949417114258,747.0,0.0,0.0,1.5003572702407837,63.0,0.0,0.0,15.341341018676758,23.70767593383789,13.9694242477417,13.9694242477417,-0.002313375473022461,0.4085268974304199,78.61395263671875,3301.0,19.71898078918457,828.0,0.02381519414484501,1.0,1.643248438835144,69.0,0.0,0.0,1.0053043365478516,0.01103656180202961,0.4806963801383972,0.23905012011528015,0.2802535593509674,0.09529536217451096,0.11920291930437088,0.9965894818305969,0.9962724447250366,0.14285714285714285,0.31578949093818665,0.2744360864162445,0.223308265209198,0.18646617233753204
4,0.23446939769121455,11.922491073608398,18.821502685546875,10.829758644104004,10.829758644104004,0.3721945285797119,0.6458577513694763,84.96665954589844,14271.0,13.82472038269043,2322.0,0.005953798536211252,1.0,1.2026673555374146,202.0,0.0,0.0,7.339298725128174,10.915833473205566,6.66511869430542,6.66511869430542,0.7901296615600586,0.8897942900657654,94.49868774414062,3968.0,4.929745197296143,207.0,0.0,0.0,0.5715646743774414,24.0,0.0,0.0,11.40233325958252,17.240772247314453,10.28648567199707,10.28648567199707,0.47491908073425293,0.707397997379303,85.5203628540039,3591.0,13.384140014648438,562.0,0.0,0.0,1.0954989194869995,46.0,0.0,0.0,13.704349517822266,20.97549819946289,12.445235252380371,12.445235252380371,0.2177615761756897,0.5453345775604248,80.94784545898438,3399.0,17.55179786682129,737.0,0.0,0.0,1.5003572702407837,63.0,0.0,0.0,15.243983268737793,23.677515029907227,13.922195434570312,13.922195434570312,0.0002351999282836914,0.40105077624320984,78.89973449707031,3313.0,19.433198928833008,816.0,0.02381519414484501,1.0,1.643248438835144,69.0,0.0,0.0,1.0031262636184692,0.010831693187355995,0.2943166494369507,0.3404969573020935,0.3651864528656006,0.11092865467071533,0.11920291930437088,0.9947172999382019,0.9752832055091858,0.21428571428571427,0.30701756477355957,0.26998746395111084,0.22662906348705292,0.19636592268943787
5,0.23039258103216848,11.784245491027832,18.610288619995117,10.695842742919922,10.695842742919922,0.3862059712409973,0.6503943204879761,85.23458099365234,14316.0,13.568706512451172,2279.0,0.0,0.0,1.1967134475708008,201.0,0.0,0.0,7.1470232009887695,10.673440933227539,6.484673023223877,6.484673023223877,0.7993467450141907,0.8946771621704102,94.90354919433594,3985.0,4.572517395019531,192.0,0.0,0.0,0.5239343047142029,22.0,0.0,0.0,11.297633171081543,17.095325469970703,10.183146476745605,10.183146476745605,0.4837411642074585,0.7098853588104248,85.87759399414062,3606.0,13.003095626831055,546.0,0.0,0.0,1.119314193725586,47.0,0.0,0.0,13.598402976989746,20.77492904663086,12.340326309204102,12.340326309204102,0.23264962434768677,0.5473232269287109,81.32888793945312,3415.0,17.17075538635254,721.0,0.0,0.0,1.5003572702407837,63.0,0.0,0.0,15.093924522399902,23.40087890625,13.775223731994629,13.775223731994629,0.023460209369659424,0.40220412611961365,78.82829284667969,3310.0,19.528459548950195,820.0,0.0,0.0,1.643248438835144,69.0,0.0,0.0,1.003448724746704,0.010689627379179,0.31796690821647644,0.33480215072631836,0.34723100066185,0.13649965822696686,0.11920291930437088,0.9959450364112854,0.9526370763778687,0.2857142857142857,0.2982456088066101,0.2655388414859772,0.22994986176490784,0.2062656730413437
6,0.22358796291717767,11.490300178527832,18.24553108215332,10.388640403747559,10.388640403747559,0.41003066301345825,0.6629953980445862,85.79423522949219,14410.0,13.050725936889648,2192.0,0.0,0.0,1.1550369262695312,194.0,0.0,0.0,6.618475914001465,9.942756652832031,6.0004191398620605,6.0004191398620605,0.8258790969848633,0.9092585444450378,95.87997436523438,4026.0,3.6675398349761963,154.0,0.0,0.0,0.4524887204170227,19.0,0.0,0.0,11.015154838562012,16.694538116455078,9.88882827758789,9.88882827758789,0.5076639652252197,0.722955584526062,86.68730926513672,3640.0,12.264824867248535,515.0,0.0,0.0,1.0478686094284058,44.0,0.0,0.0,13.406878471374512,20.484678268432617,12.111659049987793,12.111659049987793,0.25394153594970703,0.5553808212280273,81.4717788696289,3421.0,17.027864456176758,715.0,0.0,0.0,1.5003572702407837,63.0,0.0,0.0,14.92069149017334,23.11729621887207,13.553655624389648,13.553655624389648,0.04698503017425537,0.41023415327072144,79.13789367675781,3323.0,19.242677688598633,808.0,0.0,0.0,1.6194332838058472,68.0,0.0,0.0,1.00210702419281,0.010626987554132938,0.2898021936416626,0.35422348976135254,0.35597434639930725,0.1972818821668625,0.11920291930437088,0.9909785389900208,0.8775219917297363,0.35714285714285715,0.28947368264198303,0.2610902190208435,0.23327067494392395,0.2161654233932495
7,0.21897713862062632,11.304455757141113,17.89905548095703,10.199203491210938,10.199203491210938,0.43222445249557495,0.6751593351364136,86.17527770996094,14474.0,12.681591033935547,2130.0,0.0,0.0,1.1431293487548828,192.0,0.0,0.0,6.25725793838501,9.203825950622559,5.708486080169678,5.708486080169678,0.8507981896400452,0.9229517579078674,96.78495025634766,4064.0,2.7863776683807373,117.0,0.0,0.0,0.42867347598075867,18.0,0.0,0.0,10.860780715942383,16.253969192504883,9.76692008972168,9.76692008972168,0.5333065986633301,0.7383140325546265,86.8778305053711,3648.0,12.07430362701416,507.0,0.0,0.0,1.0478686094284058,44.0,0.0,0.0,13.302260398864746,20.25466537475586,11.973946571350098,11.973946571350098,0.27060168981552124,0.5601669549942017,81.7813720703125,3434.0,16.742082595825195,703.0,0.0,0.0,1.4765419960021973,62.0,0.0,0.0,14.797524452209473,22.85500717163086,13.347460746765137,13.347460746765137,0.06848818063735962,0.4089508652687073,79.25696563720703,3328.0,19.123600006103516,803.0,0.0,0.0,1.6194332838058472,68.0,0.0,0.0,1.0047180652618408,0.01055759284645319,0.4949582517147064,0.2558594346046448,0.24918240308761597,0.2523282766342163,0.11920291930437088,0.9925257563591003,0.8216028809547424,0.42857142857142855,0.28070175647735596,0.25664159655570984,0.23659147322177887,0.22606515884399414
8,0.2164500030439764,11.166211128234863,17.758169174194336,10.11464786529541,10.11464786529541,0.44112730026245117,0.6822245717048645,86.36579895019531,14506.0,12.50297737121582,2100.0,0.0,0.0,1.1312217712402344,190.0,0.0,0.0,6.0658860206604,8.939759254455566,5.564859390258789,5.564859390258789,0.8592368364334106,0.9275584816932678,96.92784118652344,4070.0,2.643486499786377,111.0,0.0,0.0,0.42867347598075867,18.0,0.0,0.0,10.696102142333984,16.03083038330078,9.658639907836914,9.658639907836914,0.5460323095321655,0.7473673224449158,87.09217071533203,3657.0,11.859967231750488,498.0,0.0,0.0,1.0478686094284058,44.0,0.0,0.0,13.179203033447266,20.130054473876953,11.903075218200684,11.903075218200684,0.2795490622520447,0.5693584084510803,82.0671615600586,3446.0,16.503929138183594,693.0,0.0,0.0,1.4289116859436035,60.0,0.0,0.0,14.723651885986328,22.787818908691406,13.332015037536621,13.332015037536621,0.07395714521408081,0.4161410927772522,79.37604522705078,3333.0,19.004526138305664,798.0,0.0,0.0,1.6194332838058472,68.0,0.0,0.0,1.0027544498443604,0.010517371818423271,0.4398259222507477,0.2807508409023285,0.2794233560562134,0.276753693819046,0.11920291930437088,0.991084098815918,0.809640645980835,0.5,0.2719298303127289,0.25219297409057617,0.2399122714996338,0.23596492409706116
9,0.2148777445590926,11.075959205627441,17.5959415435791,9.997261047363281,9.997261047363281,0.4512917399406433,0.6876016855239868,86.5086898803711,14530.0,12.366039276123047,2077.0,0.0,0.0,1.1252678632736206,189.0,0.0,0.0,6.033558368682861,8.847304344177246,5.529030799865723,5.529030799865723,0.8621333837509155,0.9291365742683411,96.9040298461914,4069.0,2.6911168098449707,113.0,0.0,0.0,0.4048583209514618,17.0,0.0,0.0,10.653238296508789,15.944068908691406,9.603325843811035,9.603325843811035,0.5509330034255981,0.7499088048934937,87.30650329589844,3666.0,11.621814727783203,488.0,0.0,0.0,1.071683645248413,45.0,0.0,0.0,13.069561004638672,19.945707321166992,11.761977195739746,11.761977195739746,0.29268401861190796,0.575676441192627,81.80519104003906,3435.0,16.765897750854492,704.0,0.0,0.0,1.4289116859436035,60.0,0.0,0.0,14.547477722167969,22.54216957092285,13.094709396362305,13.094709396362305,0.09381473064422607,0.42532435059547424,80.01905059814453,3360.0,18.385330200195312,772.0,0.0,0.0,1.5956180095672607,67.0,0.0,0.0,0.9980599880218506,0.010503205470740795,0.5422690510749817,0.2329985499382019,0.2247324287891388,0.2894894778728485,0.11920291930437088,0.9910202026367188,0.8274038434028625,0.5714285714285714,0.2631579041481018,0.2477443516254425,0.2432330846786499,0.24586467444896698
10,0.21471586380104413,11.072832107543945,17.533004760742188,9.984732627868652,9.984732627868652,0.4552099108695984,0.6895728707313538,86.49083709716797,14527.0,12.38985538482666,2081.0,0.0,0.0,1.119314193725586,188.0,0.0,0.0,6.010502815246582,8.776507377624512,5.512529373168945,5.512529373168945,0.8643310070037842,0.9302652478218079,97.09455108642578,4077.0,2.5482258796691895,107.0,0.0,0.0,0.3572279214859009,15.0,0.0,0.0,10.639657974243164,15.87062931060791,9.58676528930664,9.58676528930664,0.5550603866577148,0.7521527409553528,87.56846618652344,3677.0,11.383663177490234,478.0,0.0,0.0,1.0478686094284058,44.0,0.0,0.0,13.067874908447266,19.88515853881836,11.743030548095703,11.743030548095703,0.29697185754776,0.5775855779647827,81.85282135009766,3437.0,16.69445037841797,701.0,0.0,0.0,1.4527268409729004,61.0,0.0,0.0,14.573288917541504,22.478912353515625,13.096603393554688,13.096603393554688,0.09889334440231323,0.42693084478378296,79.4474868774414,3336.0,18.93307876586914,795.0,0.0,0.0,1.6194332838058472,68.0,0.0,0.0,0.9946854710578918,0.010486181825399399,0.5407370924949646,0.2337084710597992,0.2255544364452362,0.30277323722839355,0.11920291930437088,0.9923400282859802,0.8167123198509216,0.6428571428571429,0.25438597798347473,0.24329572916030884,0.24655388295650482,0.2557644248008728
11,0.21425481609420488,11.057679176330566,17.597862243652344,9.957574844360352,9.957574844360352,0.45117199420928955,0.6875956654548645,86.62776947021484,14550.0,12.252917289733887,2058.0,0.0,0.0,1.119314193725586,188.0,0.0,0.0,5.985993385314941,8.761356353759766,5.486915588378906,5.486915588378906,0.8647989630699158,0.930567741394043,97.213623046875,4082.0,2.429149866104126,102.0,0.0,0.0,0.3572279214859009,15.0,0.0,0.0,10.639033317565918,15.887983322143555,9.57654857635498,9.57654857635498,0.5540867447853088,0.751797080039978,87.47320556640625,3673.0,11.431293487548828,480.0,0.0,0.0,1.0954989194869995,46.0,0.0,0.0,13.058635711669922,19.960569381713867,11.712668418884277,11.712668418884277,0.2916295528411865,0.5746138691902161,81.85282135009766,3437.0,16.7182674407959,702.0,0.0,0.0,1.4289116859436035,60.0,0.0,0.0,14.547051429748535,22.608081817626953,13.054168701171875,13.054168701171875,0.08850771188735962,0.42170101404190063,79.97142028808594,3358.0,18.432960510253906,774.0,0.0,0.0,1.5956180095672607,67.0,0.0,0.0,0.9914216995239258,0.010489187203347683,0.6328451037406921,0.19463418424129486,0.17252075672149658,0.30911314487457275,0.11920291930437088,0.9885573387145996,0.8429772257804871,0.7142857142857143,0.24561403691768646,0.23884710669517517,0.24987469613552094,0.26566416025161743
12,0.2137569453277443,11.116711616516113,17.684497833251953,10.03973388671875,10.03973388671875,0.4457547664642334,0.6846793293952942,86.27053833007812,14490.0,12.598237037658691,2116.0,0.0,0.0,1.1312217712402344,190.0,0.0,0.0,5.9871110916137695,8.817839622497559,5.488612651824951,5.488612651824951,0.863050103187561,0.9296337962150574,97.14218139648438,4079.0,2.5005953311920166,105.0,0.0,0.0,0.3572279214859009,15.0,0.0,0.0,10.661445617675781,15.946122169494629,9.614622116088867,9.614622116088867,0.5508173704147339,0.7502197623252869,87.28268432617188,3665.0,11.621814727783203,488.0,0.0,0.0,1.0954989194869995,46.0,0.0,0.0,13.119624137878418,20.034423828125,11.802903175354004,11.802903175354004,0.28637784719467163,0.5724040865898132,81.61466979980469,3427.0,16.93260383605957,711.0,0.0,0.0,1.4527268409729004,61.0,0.0,0.0,14.6986665725708,22.749826431274414,13.252796173095703,13.252796173095703,0.07704228162765503,0.4152666926383972,79.04263305664062,3319.0,19.337936401367188,812.0,0.0,0.0,1.6194332838058472,68.0,0.0,0.0,0.9871923327445984,0.010496874339878559,0.49683278799057007,0.28173765540122986,0.22142958641052246,0.31600046157836914,0.11920291930437088,0.9911379814147949,0.8460607528686523,0.7857142857142857,0.23684212565422058,0.2343984991312027,0.25319552421569824,0.27556392550468445
13,0.2120468780483195,11.122788429260254,17.67096519470215,10.013626098632812,10.013626098632812,0.4466027021408081,0.6852321028709412,86.45510864257812,14521.0,12.401762962341309,2083.0,0.005953798536211252,1.0,1.1371755599975586,191.0,0.0,0.0,6.0144500732421875,8.850796699523926,5.503034591674805,5.503034591674805,0.8620244860649109,0.929128885269165,97.07073211669922,4076.0,2.5720410346984863,108.0,0.0,0.0,0.3572279214859009,15.0,0.0,0.0,10.695977210998535,15.973146438598633,9.61963939666748,9.61963939666748,0.549293577671051,0.7494249939918518,87.4017562866211,3670.0,11.478922843933105,482.0,0.0,0.0,1.119314193725586,47.0,0.0,0.0,13.13405704498291,20.032379150390625,11.772494316101074,11.772494316101074,0.2865235209465027,0.5727343559265137,81.97189331054688,3442.0,16.575374603271484,696.0,0.0,0.0,1.4527268409729004,61.0,0.0,0.0,14.64666748046875,22.67769432067871,13.159333229064941,13.159333229064941,0.08288586139678955,0.41841962933540344,79.37604522705078,3333.0,18.980710983276367,797.0,0.02381519414484501,1.0,1.6194332838058472,68.0,0.0,0.0,0.9792312383651733,0.010542496107518673,0.5254912376403809,0.26270371675491333,0.21180512011051178,0.315492182970047,0.11920291930437088,0.9907335638999939,0.8562684059143066,0.8571428571428571,0.22807016968727112,0.22994986176490784,0.25651630759239197,0.2854636609554291
14,0.21115916610555813,11.135305404663086,17.71038246154785,10.036383628845215,10.036383628845215,0.44413113594055176,0.6843398213386536,86.42533874511719,14516.0,12.431530952453613,2088.0,0.005953798536211252,1.0,1.1371755599975586,191.0,0.0,0.0,6.021373271942139,8.878154754638672,5.506694793701172,5.506694793701172,0.8611701726913452,0.9287275075912476,97.09455108642578,4077.0,2.5482258796691895,107.0,0.0,0.0,0.3572279214859009,15.0,0.0,0.0,10.698168754577637,16.00063705444336,9.627548217773438,9.627548217773438,0.5477408170700073,0.7488112449645996,87.09217071533203,3657.0,11.812335968017578,496.0,0.0,0.0,1.0954989194869995,46.0,0.0,0.0,13.14529037475586,20.048120498657227,11.797574043273926,11.797574043273926,0.2854018211364746,0.5728017687797546,81.92426300048828,3440.0,16.623004913330078,698.0,0.0,0.0,1.4527268409729004,61.0,0.0,0.0,14.676395416259766,22.75657081604004,13.213713645935059,13.213713645935059,0.07649505138397217,0.41741693019866943,79.59037780761719,3342.0,18.742557525634766,787.0,0.02381519414484501,1.0,1.643248438835144,69.0,0.0,0.0,0.9734174013137817,0.010572487488389015,0.5637198686599731,0.2431122064590454,0.19316796958446503,0.32149600982666016,0.11920291930437088,0.9876194000244141,0.8649885654449463,0.9285714285714286,0.21929824352264404,0.22550123929977417,0.2598370909690857,0.2953633964061737
15,0.20951600377880872,11.118494987487793,17.763465881347656,10.036911964416504,10.036911964416504,0.4407939314842224,0.682471513748169,86.26458740234375,14489.0,12.628006935119629,2121.0,0.005953798536211252,1.0,1.0895451307296753,183.0,0.011907597072422504,2.0,6.029123783111572,8.915684700012207,5.5141706466674805,5.5141706466674805,0.8599939942359924,0.9280993938446045,96.95166015625,4071.0,2.6911168098449707,113.0,0.0,0.0,0.3572279214859009,15.0,0.0,0.0,10.675640106201172,16.05729103088379,9.617762565612793,9.617762565612793,0.5445325374603271,0.7468597888946533,87.04454040527344,3655.0,11.883781433105469,499.0,0.0,0.0,1.071683645248413,45.0,0.0,0.0,13.123270988464355,20.120391845703125,11.799779891967773,11.799779891967773,0.2802404761314392,0.5701402425765991,81.92426300048828,3440.0,16.670635223388672,700.0,0.0,0.0,1.405096411705017,59.0,0.0,0.0,14.645944595336914,22.80365753173828,13.215934753417969,13.215934753417969,0.07266932725906372,0.41569870710372925,79.13789367675781,3323.0,19.26649284362793,809.0,0.02381519414484501,1.0,1.5241724252700806,64.0,0.04763038828969002,2.0,0.9710318446159363,0.010578040033578873,0.5680446624755859,0.2388143092393875,0.19314102828502655,0.3237898349761963,0.11920291930437088,0.9889605045318604,0.8654317855834961,1.0,0.21052631735801697,0.2210526168346405,0.2631579041481018,0.3052631616592407
16,0.20647080528781356,11.138206481933594,17.790531158447266,10.046027183532715,10.046027183532715,0.4390885829925537,0.6812333464622498,86.16932678222656,14473.0,12.717313766479492,2136.0,0.011907597072422504,2.0,1.0895451307296753,183.0,0.011907597072422504,2.0,6.016168117523193,8.914509773254395,5.499249458312988,5.499249458312988,0.8600308895111084,0.928066074848175,96.95166015625,4071.0,2.6911168098449707,113.0,0.0,0.0,0.3572279214859009,15.0,0.0,0.0,10.686537742614746,16.07789421081543,9.616798400878906,9.616798400878906,0.5433629751205444,0.7459291815757751,86.99691009521484,3653.0,11.931411743164062,501.0,0.0,0.0,1.071683645248413,45.0,0.0,0.0,13.152228355407715,20.148202896118164,11.813863754272461,11.813863754272461,0.2782493233680725,0.5684947371482849,81.75756072998047,3433.0,16.83734130859375,707.0,0.0,0.0,1.405096411705017,59.0,0.0,0.0,14.697891235351562,22.84938621520996,13.25419807434082,13.25419807434082,0.06894636154174805,0.4129716157913208,78.97118377685547,3316.0,19.40938377380371,815.0,0.04763038828969002,2.0,1.5241724252700806,64.0,0.04763038828969002,2.0,0.9693126082420349,0.010580210946500301,0.5589185357093811,0.24751073122024536,0.19357071816921234,0.3179872930049896,0.11920291930437088,0.9877538084983826,0.8788590431213379,1.0,0.21052631735801697,0.2210526168346405,0.2631579041481018,0.3052631616592407
17,0.20032847661673459,11.237196922302246,17.913951873779297,10.122121810913086,10.122121810913086,0.43127894401550293,0.6767093539237976,86.0204849243164,14448.0,12.872112274169922,2162.0,0.011907597072422504,2.0,1.083591341972351,182.0,0.011907597072422504,2.0,6.0576653480529785,8.971174240112305,5.526618480682373,5.526618480682373,0.858245849609375,0.9271125793457031,97.02310180664062,4074.0,2.5720410346984863,108.0,0.0,0.0,0.4048583209514618,17.0,0.0,0.0,10.788944244384766,16.217226028442383,9.691896438598633,9.691896438598633,0.5354140996932983,0.741360068321228,86.63967895507812,3638.0,12.312455177307129,517.0,0.0,0.0,1.0478686094284058,44.0,0.0,0.0,13.298879623413086,20.30381202697754,11.928768157958984,11.928768157958984,0.2670578360557556,0.5617793798446655,81.40033721923828,3418.0,17.218385696411133,723.0,0.0,0.0,1.3812812566757202,58.0,0.0,0.0,14.80329418182373,22.97637176513672,13.341203689575195,13.341203689575195,0.05856907367706299,0.4064025580883026,79.01881408691406,3318.0,19.38556671142578,814.0,0.04763038828969002,2.0,1.5003572702407837,63.0,0.04763038828969002,2.0,0.9678242206573486,0.010586711578071117,0.5356786847114563,0.2567954957485199,0.20752587914466858,0.30399104952812195,0.11920291930437088,0.9845514893531799,0.886915922164917,1.0,0.21052631735801697,0.2210526168346405,0.2631579041481018,0.3052631616592407
18,0.19481919838762374,11.27269172668457,17.96904945373535,10.164348602294922,10.164348602294922,0.42777514457702637,0.6743025779724121,86.02643585205078,14449.0,12.866158485412598,2161.0,0.011907597072422504,2.0,1.083591341972351,182.0,0.011907597072422504,2.0,6.041636943817139,8.948647499084473,5.51317024230957,5.51317024230957,0.8589568138122559,0.9273810982704163,96.97547149658203,4072.0,2.61967134475708,110.0,0.0,0.0,0.4048583209514618,17.0,0.0,0.0,10.797018051147461,16.216571807861328,9.706613540649414,9.706613540649414,0.5354516506195068,0.7411916255950928,86.68730926513672,3640.0,12.264824867248535,515.0,0.0,0.0,1.0478686094284058,44.0,0.0,0.0,13.337318420410156,20.372140884399414,11.976469039916992,11.976469039916992,0.26211631298065186,0.5582378506660461,81.5670394897461,3425.0,17.051679611206055,716.0,0.0,0.0,1.3812812566757202,58.0,0.0,0.0,14.914794921875,23.096914291381836,13.461142539978027,13.461142539978027,0.04866480827331543,0.3996039628982544,78.87592315673828,3312.0,19.528459548950195,820.0,0.04763038828969002,2.0,1.5003572702407837,63.0,0.04763038828969002,2.0,0.9662344455718994,0.010595596395432949,0.5414671897888184,0.2561941146850586,0.20233871042728424,0.29801681637763977,0.11920291930437088,0.9779332280158997,0.9023823738098145,1.0,0.21052631735801697,0.2210526168346405,0.2631579041481018,0.3052631616592407
step,fold2/test_loss,fold2/test_mae,fold2/test_rmse,fold2/test_mard,fold2/test_mape,fold2/test_r2,fold2/test_pearson,fold2/test_ega_zone_a_pct,fold2/test_ega_zone_a_count,fold2/test_ega_zone_b_pct,fold2/test_ega_zone_b_count,fold2/test_ega_zone_c_pct,fold2/test_ega_zone_c_count,fold2/test_ega_zone_d_pct,fold2/test_ega_zone_d_count,fold2/test_ega_zone_e_pct,fold2/test_ega_zone_e_count,fold2/test_horizon_15_mae,fold2/test_horizon_15_rmse,fold2/test_horizon_15_mard,fold2/test_horizon_15_mape,fold2/test_horizon_15_r2,fold2/test_horizon_15_pearson,fold2/test_horizon_15_ega_zone_a_pct,fold2/test_horizon_15_ega_zone_a_count,fold2/test_horizon_15_ega_zone_b_pct,fold2/test_horizon_15_ega_zone_b_count,fold2/test_horizon_15_ega_zone_c_pct,fold2/test_horizon_15_ega_zone_c_count,fold2/test_horizon_15_ega_zone_d_pct,fold2/test_horizon_15_ega_zone_d_count,fold2/test_horizon_15_ega_zone_e_pct,fold2/test_horizon_15_ega_zone_e_count,fold2/test_horizon_30_mae,fold2/test_horizon_30_rmse,fold2/test_horizon_30_mard,fold2/test_horizon_30_mape,fold2/test_horizon_30_r2,fold2/test_horizon_30_pearson,fold2/test_horizon_30_ega_zone_a_pct,fold2/test_horizon_30_ega_zone_a_count,fold2/test_horizon_30_ega_zone_b_pct,fold2/test_horizon_30_ega_zone_b_count,fold2/test_horizon_30_ega_zone_c_pct,fold2/test_horizon_30_ega_zone_c_count,fold2/test_horizon_30_ega_zone_d_pct,fold2/test_horizon_30_ega_zone_d_count,fold2/test_horizon_30_ega_zone_e_pct,fold2/test_horizon_30_ega_zone_e_count,fold2/test_horizon_45_mae,fold2/test_horizon_45_rmse,fold2/test_horizon_45_mard,fold2/test_horizon_45_mape,fold2/test_horizon_45_r2,fold2/test_horizon_45_pearson,fold2/test_horizon_45_ega_zone_a_pct,fold2/test_horizon_45_ega_zone_a_count,fold2/test_horizon_45_ega_zone_b_pct,fold2/test_horizon_45_ega_zone_b_count,fold2/test_horizon_45_ega_zone_c_pct,fold2/test_horizon_45_ega_zone_c_count,fold2/test_horizon_45_ega_zone_d_pct,fold2/test_horizon_45_ega_zone_d_count,fold2/test_horizon_45_ega_zone_e_pct,fold2/test_horizon_45_ega_zone_e_count,fold2/test_horizon_60_mae,fold2/test_horizon_60_rmse,fold2/test_horizon_60_mard,fold2/test_horizon_60_mape,fold2/test_horizon_60_r2,fold2/test_horizon_60_pearson,fold2/test_horizon_60_ega_zone_a_pct,fold2/test_horizon_60_ega_zone_a_count,fold2/test_horizon_60_ega_zone_b_pct,fold2/test_horizon_60_ega_zone_b_count,fold2/test_horizon_60_ega_zone_c_pct,fold2/test_horizon_60_ega_zone_c_count,fold2/test_horizon_60_ega_zone_d_pct,fold2/test_horizon_60_ega_zone_d_count,fold2/test_horizon_60_ega_zone_e_pct,fold2/test_horizon_60_ega_zone_e_count
0,0.35152986050791457,12.163540840148926,17.451025009155273,9.331780433654785,9.331780433654785,0.22561943531036377,0.5917922258377075,88.20317077636719,6460.0,11.796832084655762,864.0,0.0,0.0,0.0,0.0,0.0,0.0,5.86543607711792,8.18592357635498,4.605155944824219,4.605155944824219,0.8289003372192383,0.9149190783500671,99.12615966796875,1815.0,0.8738393783569336,16.0,0.0,0.0,0.0,0.0,0.0,0.0,11.748827934265137,16.285226821899414,9.10364055633545,9.10364055633545,0.3240688443183899,0.6434447169303894,89.51393127441406,1639.0,10.48607349395752,192.0,0.0,0.0,0.0,0.0,0.0,0.0,14.892812728881836,20.265119552612305,11.39992618560791,11.39992618560791,-0.04298543930053711,0.4173710346221924,83.77935028076172,1534.0,16.220643997192383,297.0,0.0,0.0,0.0,0.0,0.0,0.0,16.147085189819336,21.80046272277832,12.218401908874512,12.218401908874512,-0.20223772525787354,0.3251194357872009,80.39322662353516,1472.0,19.60677146911621,359.0,0.0,0.0,0.0,0.0,0.0,0.0
step,fold3/train_loss,fold3/val_mae,fold3/val_rmse,fold3/val_mard,fold3/val_mape,fold3/val_r2,fold3/val_pearson,fold3/val_ega_zone_a_pct,fold3/val_ega_zone_a_count,fold3/val_ega_zone_b_pct,fold3/val_ega_zone_b_count,fold3/val_ega_zone_c_pct,fold3/val_ega_zone_c_count,fold3/val_ega_zone_d_pct,fold3/val_ega_zone_d_count,fold3/val_ega_zone_e_pct,fold3/val_ega_zone_e_count,fold3/val_horizon_15_mae,fold3/val_horizon_15_rmse,fold3/val_horizon_15_mard,fold3/val_horizon_15_mape,fold3/val_horizon_15_r2,fold3/val_horizon_15_pearson,fold3/val_horizon_15_ega_zone_a_pct,fold3/val_horizon_15_ega_zone_a_count,fold3/val_horizon_15_ega_zone_b_pct,fold3/val_horizon_15_ega_zone_b_count,fold3/val_horizon_15_ega_zone_c_pct,fold3/val_horizon_15_ega_zone_c_count,fold3/val_horizon_15_ega_zone_d_pct,fold3/val_horizon_15_ega_zone_d_count,fold3/val_horizon_15_ega_zone_e_pct,fold3/val_horizon_15_ega_zone_e_count,fold3/val_horizon_30_mae,fold3/val_horizon_30_rmse,fold3/val_horizon_30_mard,fold3/val_horizon_30_mape,fold3/val_horizon_30_r2,fold3/val_horizon_30_pearson,fold3/val_horizon_30_ega_zone_a_pct,fold3/val_horizon_30_ega_zone_a_count,fold3/val_horizon_30_ega_zone_b_pct,fold3/val_horizon_30_ega_zone_b_count,fold3/val_horizon_30_ega_zone_c_pct,fold3/val_horizon_30_ega_zone_c_count,fold3/val_horizon_30_ega_zone_d_pct,fold3/val_horizon_30_ega_zone_d_count,fold3/val_horizon_30_ega_zone_e_pct,fold3/val_horizon_30_ega_zone_e_count,fold3/val_horizon_45_mae,fold3/val_horizon_45_rmse,fold3/val_horizon_45_mard,fold3/val_horizon_45_mape,fold3/val_horizon_45_r2,fold3/val_horizon_45_pearson,fold3/val_horizon_45_ega_zone_a_pct,fold3/val_horizon_45_ega_zone_a_count,fold3/val_horizon_45_ega_zone_b_pct,fold3/val_horizon_45_ega_zone_b_count,fold3/val_horizon_45_ega_zone_c_pct,fold3/val_horizon_45_ega_zone_c_count,fold3/val_horizon_45_ega_zone_d_pct,fold3/val_horizon_45_ega_zone_d_count,fold3/val_horizon_45_ega_zone_e_pct,fold3/val_horizon_45_ega_zone_e_count,fold3/val_horizon_60_mae,fold3/val_horizon_60_rmse,fold3/val_horizon_60_mard,fold3/val_horizon_60_mape,fold3/val_horizon_60_r2,fold3/val_horizon_60_pearson,fold3/val_horizon_60_ega_zone_a_pct,fold3/val_horizon_60_ega_zone_a_count,fold3/val_horizon_60_ega_zone_b_pct,fold3/val_horizon_60_ega_zone_b_count,fold3/val_horizon_60_ega_zone_c_pct,fold3/val_horizon_60_ega_zone_c_count,fold3/val_horizon_60_ega_zone_d_pct,fold3/val_horizon_60_ega_zone_d_count,fold3/val_horizon_60_ega_zone_e_pct,fold3/val_horizon_60_ega_zone_e_count,fold3/diag_graph_prior_weight,fold3/diag_graph_residual_mean,fold3/diag_fusion_gate_cgm,fold3/diag_fusion_gate_cgm_guided,fold3/diag_fusion_gate_physio,fold3/diag_horizon_query_similarity,fold3/diag_horizon_progressive_gate,fold3/diag_horizon_attention_similarity,fold3/diag_horizon_attention_entropy,fold3/diag_horizon_curriculum_progress,fold3/diag_loss_horizon_weight_0,fold3/diag_loss_horizon_weight_1,fold3/diag_loss_horizon_weight_2,fold3/diag_loss_horizon_weight_3
1,0.25251981009910934,10.71430492401123,16.671987533569336,8.671708106994629,8.671708106994629,0.4862476587295532,0.7219588756561279,88.96015167236328,19557.0,10.753275871276855,2364.0,0.0,0.0,0.28657203912734985,63.0,0.0,0.0,6.3387250900268555,9.390275001525879,5.220660209655762,5.220660209655762,0.8368215560913086,0.915486216545105,97.32532501220703,5349.0,2.5291121006011963,139.0,0.0,0.0,0.14556041359901428,8.0,0.0,0.0,10.129148483276367,15.174635887145996,8.220909118652344,8.220909118652344,0.5743896961212158,0.7712317705154419,90.4657974243164,4972.0,9.26128101348877,509.0,0.0,0.0,0.2729257643222809,15.0,0.0,0.0,12.374161720275879,18.661762237548828,9.999013900756836,9.999013900756836,0.3566904067993164,0.6459423303604126,85.35298156738281,4691.0,14.283114433288574,785.0,0.0,0.0,0.3639010190963745,20.0,0.0,0.0,14.015185356140137,21.09768295288086,11.246253967285156,11.246253967285156,0.1777743697166443,0.5419179797172546,82.6965103149414,4545.0,16.939592361450195,931.0,0.0,0.0,0.3639010190963745,20.0,0.0,0.0,1.001787781715393,0.011613632552325726,0.7447139620780945,0.08904002606868744,0.16624607145786285,0.017114996910095215,0.11920291930437088,0.9999211430549622,0.9999750852584839,0.0,0.3333333432674408,0.28333333134651184,0.21666665375232697,0.1666666716337204
2,0.24676870436213463,10.768416404724121,16.55797576904297,8.744766235351562,8.744766235351562,0.49325013160705566,0.7182237505912781,89.42867279052734,19660.0,10.28475284576416,2261.0,0.0,0.0,0.28657203912734985,63.0,0.0,0.0,6.391415119171143,9.393150329589844,5.265467643737793,5.265467643737793,0.8367215991020203,0.915208637714386,97.27074432373047,5346.0,2.5836973190307617,142.0,0.0,0.0,0.14556041359901428,8.0,0.0,0.0,10.22696590423584,15.136470794677734,8.319113731384277,8.319113731384277,0.5765278935432434,0.7670234441757202,90.64774322509766,4982.0,9.079330444335938,499.0,0.0,0.0,0.2729257643222809,15.0,0.0,0.0,12.462367057800293,18.544055938720703,10.101716041564941,10.101716041564941,0.3647800087928772,0.6376779675483704,86.02620697021484,4728.0,13.60989761352539,748.0,0.0,0.0,0.3639010190963745,20.0,0.0,0.0,13.992920875549316,20.867202758789062,11.292769432067871,11.292769432067871,0.1956409215927124,0.5311812162399292,83.77001190185547,4604.0,15.866084098815918,872.0,0.0,0.0,0.3639010190963745,20.0,0.0,0.0,1.0006990432739258,0.010929713025689125,0.5930172204971313,0.13848131895065308,0.26850152015686035,0.01968788169324398,0.11920291930437088,0.9935762286186218,0.9983444213867188,0.07142857142857142,0.3245614171028137,0.2788847088813782,0.21998745203018188,0.17656642198562622
3,0.24597789520345859,10.709885597229004,16.442129135131836,8.703919410705566,8.703919410705566,0.5003162622451782,0.7193931341171265,89.58332824707031,19694.0,10.130094528198242,2227.0,0.0,0.0,0.28657203912734985,63.0,0.0,0.0,6.3306732177734375,9.330401420593262,5.235039234161377,5.235039234161377,0.8388957977294922,0.9160493016242981,97.07060241699219,5335.0,2.7838428020477295,153.0,0.0,0.0,0.14556041359901428,8.0,0.0,0.0,10.160422325134277,15.042887687683105,8.282210350036621,8.282210350036621,0.5817480087280273,0.7679371237754822,90.61135864257812,4980.0,9.115720748901367,501.0,0.0,0.0,0.2729257643222809,15.0,0.0,0.0,12.398893356323242,18.427919387817383,10.041114807128906,10.041114807128906,0.37271153926849365,0.6373671293258667,86.49927520751953,4754.0,13.136826515197754,722.0,0.0,0.0,0.3639010190963745,20.0,0.0,0.0,13.949554443359375,20.698823928833008,11.257312774658203,11.257312774658203,0.20856934785842896,0.5288354158401489,84.15210723876953,4625.0,15.483988761901855,851.0,0.0,0.0,0.3639010190963745,20.0,0.0,0.0,0.9998756647109985,0.01027798280119896,0.4709228277206421,0.2955869436264038,0.2334902584552765,0.027322525158524513,0.11920291930437088,0.9539144039154053,0.9885005950927734,0.14285714285714285,0.31578949093818665,0.2744360864162445,0.223308265209198,0.18646617233753204
4,0.24359647948974997,10.706181526184082,16.375703811645508,8.698713302612305,8.698713302612305,0.5043454170227051,0.720553457736969,89.67886352539062,19715.0,10.039119720458984,2207.0,0.0,0.0,0.28202328085899353,62.0,0.0,0.0,6.35283899307251,9.326911926269531,5.248530387878418,5.248530387878418,0.8390162587165833,0.9163256287574768,97.08879089355469,5336.0,2.7838428020477295,153.0,0.0,0.0,0.1273653656244278,7.0,0.0,0.0,10.163865089416504,15.019938468933105,8.27701187133789,8.27701187133789,0.5830232501029968,0.7681407928466797,90.86608123779297,4994.0,8.860989570617676,487.0,0.0,0.0,0.2729257643222809,15.0,0.0,0.0,12.390610694885254,18.35686492919922,10.03303337097168,10.03303337097168,0.37753957509994507,0.6383627653121948,86.66302490234375,4763.0,12.973072052001953,713.0,0.0,0.0,0.3639010190963745,20.0,0.0,0.0,13.917409896850586,20.569162368774414,11.236285209655762,11.236285209655762,0.21845370531082153,0.5314965844154358,84.09751892089844,4622.0,15.538573265075684,854.0,0.0,0.0,0.3639010190963745,20.0,0.0,0.0,0.9987038373947144,0.009749151766300201,0.5147626996040344,0.25667643547058105,0.22856085002422333,0.038673337548971176,0.11920291930437088,0.9496216773986816,0.9869852066040039,0.21428571428571427,0.30701756477355957,0.26998746395111084,0.22662906348705292,0.19636592268943787
5,0.24140321363595874,10.706059455871582,16.316669464111328,8.676512718200684,8.676512718200684,0.5079127550125122,0.720668613910675,89.74253845214844,19729.0,9.975436210632324,2193.0,0.0,0.0,0.28202328085899353,62.0,0.0,0.0,6.311229228973389,9.230876922607422,5.21226167678833,5.21226167678833,0.8423143625259399,0.9187301993370056,97.43449401855469,5355.0,2.4381368160247803,134.0,0.0,0.0,0.1273653656244278,7.0,0.0,0.0,10.150388717651367,14.984024047851562,8.253567695617676,8.253567695617676,0.5850149393081665,0.7687398195266724,90.86608123779297,4994.0,8.860989570617676,487.0,0.0,0.0,0.2729257643222809,15.0,0.0,0.0,12.425599098205566,18.313112258911133,10.036484718322754,10.036484718322754,0.38050323724746704,0.6351165771484375,86.68122100830078,4764.0,12.954875946044922,712.0,0.0,0.0,0.3639010190963745,20.0,0.0,0.0,13.93702507019043,20.4898624420166,11.203734397888184,11.203734397888184,0.22446823120117188,0.5254667401313782,83.98835754394531,4616.0,15.647743225097656,860.0,0.0,0.0,0.3639010190963745,20.0,0.0,0.0,0.9941388368606567,0.00936884619295597,0.49823489785194397,0.3064675033092499,0.19529767334461212,0.05097678303718567,0.11920291930437088,0.9599716067314148,0.98368239402771,0.2857142857142857,0.2982456088066101,0.2655388414859772,0.22994986176490784,0.2062656730413437
6,0.2408737124627274,10.712333679199219,16.337383270263672,8.666415214538574,8.666415214538574,0.5066624879837036,0.7200453281402588,89.73799133300781,19728.0,9.970888137817383,2192.0,0.0,0.0,0.29112082719802856,64.0,0.0,0.0,6.216216087341309,9.011514663696289,5.135458946228027,5.135458946228027,0.849719762802124,0.9232209920883179,97.6892318725586,5369.0,2.1652109622955322,119.0,0.0,0.0,0.14556041359901428,8.0,0.0,0.0,10.170246124267578,14.93183708190918,8.26641845703125,8.26641845703125,0.5879005193710327,0.7709394693374634,90.86608123779297,4994.0,8.842794418334961,486.0,0.0,0.0,0.29112082719802856,16.0,0.0,0.0,12.46639633178711,18.408302307128906,10.043779373168945,10.043779373168945,0.37404632568359375,0.6302499175071716,86.66302490234375,4763.0,12.973072052001953,713.0,0.0,0.0,0.3639010190963745,20.0,0.0,0.0,13.996474266052246,20.60601043701172,11.220003128051758,11.220003128051758,0.2156510353088379,0.5176011919975281,83.73362731933594,4602.0,15.902474403381348,874.0,0.0,0.0,0.3639010190963745,20.0,0.0,0.0,0.9921711683273315,0.009082894772291183,0.4639553725719452,0.26415520906448364,0.27188950777053833,0.0716935396194458,0.11920291930437088,0.9743769764900208,0.9811729788780212,0.35714285714285715,0.28947368264198303,0.2610902190208435,0.23327067494392395,0.2161654233932495
7,0.23567666183582323,10.65245246887207,16.242263793945312,8.612195014953613,8.612195014953613,0.5123903751373291,0.7236528992652893,89.79257202148438,19740.0,9.925400733947754,2182.0,0.0,0.0,0.28202328085899353,62.0,0.0,0.0,5.929134368896484,8.534483909606934,4.908884048461914,4.908884048461914,0.8652090430259705,0.9315799474716187,98.2532730102539,5400.0,1.6375545263290405,90.0,0.0,0.0,0.10917031019926071,6.0,0.0,0.0,10.073577880859375,14.705644607543945,8.193626403808594,8.193626403808594,0.6002912521362305,0.7790827751159668,91.1390151977539,5009.0,8.569869041442871,471.0,0.0,0.0,0.29112082719802856,16.0,0.0,0.0,12.500096321105957,18.405546188354492,10.060678482055664,10.060678482055664,0.3742336630821228,0.6290704011917114,86.51746368408203,4755.0,13.118632316589355,721.0,0.0,0.0,0.3639010190963745,20.0,0.0,0.0,14.106999397277832,20.673337936401367,11.285590171813965,11.285590171813965,0.21051710844039917,0.5091848373413086,83.26055145263672,4576.0,16.375545501708984,900.0,0.0,0.0,0.3639010190963745,20.0,0.0,0.0,0.9920601844787598,0.0088669303804636,0.5027003288269043,0.24924486875534058,0.2480548471212387,0.08046485483646393,0.11920291930437088,0.9937498569488525,0.9722488522529602,0.42857142857142855,0.28070175647735596,0.25664159655570984,0.23659147322177887,0.22606515884399414
8,0.23540000485283372,10.426639556884766,15.99093246459961,8.447790145874023,8.447790145874023,0.5273640751838684,0.7326605319976807,89.97452545166016,19780.0,9.752547264099121,2144.0,0.0,0.0,0.2729257643222809,60.0,0.0,0.0,5.640002250671387,8.068904876708984,4.69464635848999,4.69464635848999,0.8795143365859985,0.9387059807777405,98.61717987060547,5420.0,1.273653507232666,70.0,0.0,0.0,0.10917031019926071,6.0,0.0,0.0,9.836878776550293,14.343560218811035,8.028305053710938,8.028305053710938,0.6197322607040405,0.7902680039405823,91.35735321044922,5021.0,8.35152816772461,459.0,0.0,0.0,0.29112082719802856,16.0,0.0,0.0,12.283797264099121,18.161865234375,9.906542778015137,9.906542778015137,0.3906938433647156,0.6392332315444946,86.80858612060547,4771.0,12.845705032348633,706.0,0.0,0.0,0.34570595622062683,19.0,0.0,0.0,13.945878028869629,20.546079635620117,11.161662101745605,11.161662101745605,0.22020673751831055,0.5151398181915283,83.114990234375,4568.0,16.5393009185791,909.0,0.0,0.0,0.34570595622062683,19.0,0.0,0.0,0.9954451322555542,0.008710197173058987,0.5435675978660583,0.22379687428474426,0.23263554275035858,0.09191328287124634,0.11920291930437088,0.9983406066894531,0.9593300819396973,0.5,0.2719298303127289,0.25219297409057617,0.2399122714996338,0.23596492409706116
9,0.2311658702986728,10.233478546142578,15.70743465423584,8.328059196472168,8.328059196472168,0.5439739227294922,0.7425209283828735,90.34297180175781,19861.0,9.388646125793457,2064.0,0.0,0.0,0.26837700605392456,59.0,0.0,0.0,5.3496856689453125,7.529928207397461,4.5105390548706055,4.5105390548706055,0.895072877407074,0.9461730718612671,98.81732177734375,5431.0,1.0917030572891235,60.0,0.0,0.0,0.09097525477409363,5.0,0.0,0.0,9.600899696350098,13.890396118164062,7.892806053161621,7.892806053161621,0.6433807611465454,0.8036649823188782,91.73944854736328,5042.0,7.969432353973389,438.0,0.0,0.0,0.29112082719802856,16.0,0.0,0.0,12.140222549438477,17.897565841674805,9.821098327636719,9.821098327636719,0.4082985520362854,0.6502935886383057,87.04512023925781,4784.0,12.609169960021973,693.0,0.0,0.0,0.34570595622062683,19.0,0.0,0.0,13.843103408813477,20.418819427490234,11.087794303894043,11.087794303894043,0.22983676195144653,0.520022451877594,83.77001190185547,4604.0,15.88428020477295,873.0,0.0,0.0,0.34570595622062683,19.0,0.0,0.0,0.9950399994850159,0.008605213835835457,0.5654751658439636,0.2154022455215454,0.21912263333797455,0.10998747497797012,0.11920291930437088,0.9937777519226074,0.9358762502670288,0.5714285714285714,0.2631579041481018,0.2477443516254425,0.2432330846786499,0.24586467444896698
10,0.2284462762244037,10.215887069702148,15.664786338806152,8.317537307739258,8.317537307739258,0.5464469194412231,0.7440451979637146,90.33842468261719,19860.0,9.393195152282715,2065.0,0.0,0.0,0.26837700605392456,59.0,0.0,0.0,5.306029796600342,7.417057991027832,4.483880996704102,4.483880996704102,0.8981949090957642,0.9477400779724121,98.83551788330078,5432.0,1.0735080242156982,59.0,0.0,0.0,0.09097525477409363,5.0,0.0,0.0,9.577998161315918,13.805140495300293,7.885495662689209,7.885495662689209,0.6477450132369995,0.8062254190444946,91.75764465332031,5043.0,7.951237201690674,437.0,0.0,0.0,0.29112082719802856,16.0,0.0,0.0,12.149188041687012,17.891664505004883,9.829062461853027,9.829062461853027,0.40868866443634033,0.650220513343811,86.93595886230469,4778.0,12.718340873718262,699.0,0.0,0.0,0.34570595622062683,19.0,0.0,0.0,13.830330848693848,20.392051696777344,11.071707725524902,11.071707725524902,0.23185473680496216,0.5197603702545166,83.82460021972656,4607.0,15.829694747924805,870.0,0.0,0.0,0.34570595622062683,19.0,0.0,0.0,0.9994016885757446,0.008496365509927273,0.5080876350402832,0.24214589595794678,0.2497665137052536,0.1249547079205513,0.11920291930437088,0.9871294498443604,0.9275541305541992,0.6428571428571429,0.25438597798347473,0.24329572916030884,0.24655388295650482,0.2557644248008728
11,0.22874540358512693,10.247817039489746,15.715418815612793,8.345536231994629,8.345536231994629,0.5435101985931396,0.7427891492843628,90.38391876220703,19870.0,9.347707748413086,2055.0,0.0,0.0,0.26837700605392456,59.0,0.0,0.0,5.310741424560547,7.398090362548828,4.491881847381592,4.491881847381592,0.8987149000167847,0.9480095505714417,98.9083023071289,5436.0,1.0007277727127075,55.0,0.0,0.0,0.09097525477409363,5.0,0.0,0.0,9.577827453613281,13.785059928894043,7.887200832366943,7.887200832366943,0.6487690210342407,0.8069290518760681,91.86681365966797,5049.0,7.842066764831543,431.0,0.0,0.0,0.29112082719802856,16.0,0.0,0.0,12.190617561340332,17.947126388549805,9.864800453186035,9.864800453186035,0.40501701831817627,0.6484034061431885,86.8995590209961,4776.0,12.754731178283691,701.0,0.0,0.0,0.34570595622062683,19.0,0.0,0.0,13.912077903747559,20.519224166870117,11.138260841369629,11.138260841369629,0.22224396467208862,0.5158984661102295,83.8609848022461,4609.0,15.793304443359375,868.0,0.0,0.0,0.34570595622062683,19.0,0.0,0.0,0.9953384399414062,0.008425770327448845,0.5001641511917114,0.26308998465538025,0.2367459535598755,0.13493482768535614,0.11920291930437088,0.9767479300498962,0.9189996719360352,0.7142857142857143,0.24561403691768646,0.23884710669517517,0.24987469613552094,0.26566416025161743
12,0.22838211005745937,10.26923656463623,15.698330879211426,8.365888595581055,8.365888595581055,0.5445023775100708,0.7425882816314697,90.33842468261719,19860.0,9.393195152282715,2065.0,0.0,0.0,0.26837700605392456,59.0,0.0,0.0,5.304018497467041,7.360270977020264,4.485037326812744,4.485037326812744,0.8997478485107422,0.948552668094635,98.9810791015625,5440.0,0.9279475808143616,51.0,0.0,0.0,0.09097525477409363,5.0,0.0,0.0,9.600634574890137,13.775620460510254,7.9105072021484375,7.9105072021484375,0.649249792098999,0.8069986701011658,91.77583312988281,5044.0,7.933042049407959,436.0,0.0,0.0,0.29112082719802856,16.0,0.0,0.0,12.236083984375,17.94367790222168,9.904410362243652,9.904410362243652,0.4052456021308899,0.6468654274940491,86.80858612060547,4771.0,12.845705032348633,706.0,0.0,0.0,0.34570595622062683,19.0,0.0,0.0,13.9362154006958,20.489839553833008,11.163597106933594,11.163597106933594,0.22446990013122559,0.512641191482544,83.7882080078125,4605.0,15.866084098815918,872.0,0.0,0.0,0.34570595622062683,19.0,0.0,0.0,0.9923564791679382,0.008357523009181023,0.49985384941101074,0.2907382845878601,0.20940789580345154,0.14617855846881866,0.11920291930437088,0.9754741191864014,0.9162606000900269,0.7857142857142857,0.23684212565422058,0.2343984991312027,0.25319552421569824,0.27556392550468445
13,0.22593170012452343,10.317487716674805,15.81454849243164,8.389256477355957,8.389256477355957,0.5377331972122192,0.738930344581604,90.1974105834961,19829.0,9.529657363891602,2095.0,0.0,0.0,0.2729257643222809,60.0,0.0,0.0,5.305817604064941,7.348336219787598,4.485407829284668,4.485407829284668,0.9000726938247681,0.9487237334251404,98.9083023071289,5436.0,1.0007277727127075,55.0,0.0,0.0,0.09097525477409363,5.0,0.0,0.0,9.627898216247559,13.823448181152344,7.9172587394714355,7.9172587394714355,0.6468100547790527,0.8058838844299316,91.79402923583984,5045.0,7.914847373962402,435.0,0.0,0.0,0.29112082719802856,16.0,0.0,0.0,12.263257026672363,18.055538177490234,9.904180526733398,9.904180526733398,0.39780718088150024,0.6430469155311584,86.49927520751953,4754.0,13.136826515197754,722.0,0.0,0.0,0.3639010190963745,20.0,0.0,0.0,14.072978973388672,20.71983528137207,11.2501802444458,11.2501802444458,0.2069617509841919,0.501122772693634,83.58806610107422,4594.0,16.06622886657715,883.0,0.0,0.0,0.34570595622062683,19.0,0.0,0.0,0.9918437004089355,0.008307169191539288,0.47931942343711853,0.31377458572387695,0.20690596103668213,0.15635639429092407,0.11920291930437088,0.9783763885498047,0.9152097105979919,0.8571428571428571,0.22807016968727112,0.22994986176490784,0.25651630759239197,0.2854636609554291
14,0.2244630301752229,10.349979400634766,15.805971145629883,8.431929588317871,8.431929588317871,0.5382344722747803,0.7389904856681824,90.30204010009766,19852.0,9.420487403869629,2071.0,0.0,0.0,0.2774745225906372,61.0,0.0,0.0,5.319097995758057,7.380852699279785,4.499603748321533,4.499603748321533,0.899186372756958,0.9482558369636536,98.85371398925781,5433.0,1.0371179580688477,57.0,0.0,0.0,0.10917031019926071,6.0,0.0,0.0,9.638751029968262,13.811779022216797,7.93862771987915,7.93862771987915,0.6474061012268066,0.8062230944633484,91.66667175292969,5038.0,8.04221248626709,442.0,0.0,0.0,0.29112082719802856,16.0,0.0,0.0,12.32103157043457,18.041290283203125,9.974294662475586,9.974294662475586,0.3987571597099304,0.6431223154067993,86.97234344482422,4780.0,12.6637544631958,696.0,0.0,0.0,0.3639010190963745,20.0,0.0,0.0,14.121039390563965,20.70228385925293,11.315186500549316,11.315186500549316,0.208304762840271,0.5004334449768066,83.71542358398438,4601.0,15.938864707946777,876.0,0.0,0.0,0.34570595622062683,19.0,0.0,0.0,0.9914876222610474,0.008283723145723343,0.4894495904445648,0.28837859630584717,0.2221718281507492,0.16821227967739105,0.11920291930437088,0.9743277430534363,0.9230828881263733,0.9285714285714286,0.21929824352264404,0.22550123929977417,0.2598370909690857,0.2953633964061737
15,0.22298410831477813,10.408819198608398,15.855741500854492,8.48696231842041,8.48696231842041,0.535321831703186,0.7374951839447021,90.17012023925781,19823.0,9.556950569152832,2101.0,0.0,0.0,0.2729257643222809,60.0,0.0,0.0,5.309806823730469,7.367559432983398,4.498899936676025,4.498899936676025,0.8995491862297058,0.9484673142433167,98.9083023071289,5436.0,0.9825327396392822,54.0,0.0,0.0,0.10917031019926071,6.0,0.0,0.0,9.676457405090332,13.85234546661377,7.974660396575928,7.974660396575928,0.645331859588623,0.8048235774040222,91.68486022949219,5039.0,8.024017333984375,441.0,0.0,0.0,0.29112082719802856,16.0,0.0,0.0,12.419994354248047,18.10045051574707,10.060186386108398,10.060186386108398,0.3948075771331787,0.6408681273460388,86.7721939086914,4769.0,12.882095336914062,708.0,0.0,0.0,0.34570595622062683,19.0,0.0,0.0,14.229016304016113,20.780359268188477,11.414103507995605,11.414103507995605,0.20232200622558594,0.4993166923522949,83.31513977050781,4579.0,16.339155197143555,898.0,0.0,0.0,0.34570595622062683,19.0,0.0,0.0,0.9920885562896729,0.00827137939631939,0.40486741065979004,0.36580973863601685,0.2293228805065155,0.17137843370437622,0.11920291930437088,0.9684979319572449,0.9214795827865601,1.0,0.21052631735801697,0.2210526168346405,0.2631579041481018,0.3052631616592407
16,0.21973785716480118,10.482922554016113,15.969151496887207,8.548267364501953,8.548267364501953,0.5286507606506348,0.7340490221977234,89.87445068359375,19758.0,9.848072052001953,2165.0,0.0,0.0,0.2774745225906372,61.0,0.0,0.0,5.343411922454834,7.425795555114746,4.519949913024902,4.519949913024902,0.8979548811912537,0.9476295709609985,98.94468688964844,5438.0,0.9461426138877869,52.0,0.0,0.0,0.10917031019926071,6.0,0.0,0.0,9.693662643432617,13.880187034606934,7.989234447479248,7.989234447479248,0.6439047455787659,0.8043447136878967,91.6120834350586,5035.0,8.096797943115234,445.0,0.0,0.0,0.29112082719802856,16.0,0.0,0.0,12.51987075805664,18.224233627319336,10.14814567565918,10.14814567565918,0.3865017890930176,0.6362023949623108,86.2263412475586,4739.0,13.40975284576416,737.0,0.0,0.0,0.3639010190963745,20.0,0.0,0.0,14.374744415283203,20.97928810119629,11.535738945007324,11.535738945007324,0.18697673082351685,0.49034735560417175,82.7146987915039,4546.0,16.939592361450195,931.0,0.0,0.0,0.34570595622062683,19.0,0.0,0.0,0.9906045198440552,0.008262057788670063,0.39587870240211487,0.37691158056259155,0.22720974683761597,0.1773516982793808,0.11920291930437088,0.9620508551597595,0.9280577898025513,1.0,0.21052631735801697,0.2210526168346405,0.2631579041481018,0.3052631616592407
17,0.21288784463170654,10.544180870056152,16.06892204284668,8.603203773498535,8.603203773498535,0.5227426290512085,0.7304070591926575,89.5924301147461,19696.0,10.1346435546875,2228.0,0.0,0.0,0.2729257643222809,60.0,0.0,0.0,5.3381805419921875,7.428574085235596,4.520120620727539,4.520120620727539,0.8978785276412964,0.9475947022438049,98.9083023071289,5436.0,0.9825327396392822,54.0,0.0,0.0,0.10917031019926071,6.0,0.0,0.0,9.74454402923584,13.91060733795166,8.03438663482666,8.03438663482666,0.642342209815979,0.8033159375190735,91.66667175292969,5038.0,8.060407638549805,443.0,0.0,0.0,0.2729257643222809,15.0,0.0,0.0,12.604434967041016,18.320600509643555,10.225091934204102,10.225091934204102,0.37999647855758667,0.6318232417106628,85.807861328125,4716.0,13.828238487243652,760.0,0.0,0.0,0.3639010190963745,20.0,0.0,0.0,14.4895601272583,21.178007125854492,11.633214950561523,11.633214950561523,0.17150163650512695,0.4800664186477661,81.98690032958984,4506.0,17.667394638061523,971.0,0.0,0.0,0.34570595622062683,19.0,0.0,0.0,0.986798882484436,0.0082595469430089,0.3902055621147156,0.3914129137992859,0.21838156878948212,0.17505782842636108,0.11920291930437088,0.9626368880271912,0.924021303653717,1.0,0.21052631735801697,0.2210526168346405,0.2631579041481018,0.3052631616592407
18,0.20686565173411772,10.667120933532715,16.179725646972656,8.72959041595459,8.72959041595459,0.5161380767822266,0.7256061434745789,89.35589599609375,19644.0,10.375727653503418,2281.0,0.0,0.0,0.26837700605392456,59.0,0.0,0.0,5.359640121459961,7.461638927459717,4.539807319641113,4.539807319641113,0.8969674110412598,0.9470934867858887,98.89009857177734,5435.0,1.0007277727127075,55.0,0.0,0.0,0.10917031019926071,6.0,0.0,0.0,9.882198333740234,14.049196243286133,8.161955833435059,8.161955833435059,0.6351801156997681,0.7985140681266785,91.50291442871094,5029.0,8.224163055419922,452.0,0.0,0.0,0.2729257643222809,15.0,0.0,0.0,12.8116455078125,18.51345443725586,10.431580543518066,10.431580543518066,0.36687469482421875,0.6216862201690674,85.55313110351562,4702.0,14.101163864135742,775.0,0.0,0.0,0.34570595622062683,19.0,0.0,0.0,14.614998817443848,21.244531631469727,11.785021781921387,11.785021781921387,0.16628843545913696,0.4752531051635742,81.4774398803711,4478.0,18.176856994628906,999.0,0.0,0.0,0.34570595622062683,19.0,0.0,0.0,0.9857847094535828,0.008255244232714176,0.3893653452396393,0.3924116790294647,0.21822306513786316,0.17402493953704834,0.11920291930437088,0.9595674872398376,0.9311760067939758,1.0,0.21052631735801697,0.2210526168346405,0.2631579041481018,0.3052631616592407
step,fold3/test_loss,fold3/test_mae,fold3/test_rmse,fold3/test_mard,fold3/test_mape,fold3/test_r2,fold3/test_pearson,fold3/test_ega_zone_a_pct,fold3/test_ega_zone_a_count,fold3/test_ega_zone_b_pct,fold3/test_ega_zone_b_count,fold3/test_ega_zone_c_pct,fold3/test_ega_zone_c_count,fold3/test_ega_zone_d_pct,fold3/test_ega_zone_d_count,fold3/test_ega_zone_e_pct,fold3/test_ega_zone_e_count,fold3/test_horizon_15_mae,fold3/test_horizon_15_rmse,fold3/test_horizon_15_mard,fold3/test_horizon_15_mape,fold3/test_horizon_15_r2,fold3/test_horizon_15_pearson,fold3/test_horizon_15_ega_zone_a_pct,fold3/test_horizon_15_ega_zone_a_count,fold3/test_horizon_15_ega_zone_b_pct,fold3/test_horizon_15_ega_zone_b_count,fold3/test_horizon_15_ega_zone_c_pct,fold3/test_horizon_15_ega_zone_c_count,fold3/test_horizon_15_ega_zone_d_pct,fold3/test_horizon_15_ega_zone_d_count,fold3/test_horizon_15_ega_zone_e_pct,fold3/test_horizon_15_ega_zone_e_count,fold3/test_horizon_30_mae,fold3/test_horizon_30_rmse,fold3/test_horizon_30_mard,fold3/test_horizon_30_mape,fold3/test_horizon_30_r2,fold3/test_horizon_30_pearson,fold3/test_horizon_30_ega_zone_a_pct,fold3/test_horizon_30_ega_zone_a_count,fold3/test_horizon_30_ega_zone_b_pct,fold3/test_horizon_30_ega_zone_b_count,fold3/test_horizon_30_ega_zone_c_pct,fold3/test_horizon_30_ega_zone_c_count,fold3/test_horizon_30_ega_zone_d_pct,fold3/test_horizon_30_ega_zone_d_count,fold3/test_horizon_30_ega_zone_e_pct,fold3/test_horizon_30_ega_zone_e_count,fold3/test_horizon_45_mae,fold3/test_horizon_45_rmse,fold3/test_horizon_45_mard,fold3/test_horizon_45_mape,fold3/test_horizon_45_r2,fold3/test_horizon_45_pearson,fold3/test_horizon_45_ega_zone_a_pct,fold3/test_horizon_45_ega_zone_a_count,fold3/test_horizon_45_ega_zone_b_pct,fold3/test_horizon_45_ega_zone_b_count,fold3/test_horizon_45_ega_zone_c_pct,fold3/test_horizon_45_ega_zone_c_count,fold3/test_horizon_45_ega_zone_d_pct,fold3/test_horizon_45_ega_zone_d_count,fold3/test_horizon_45_ega_zone_e_pct,fold3/test_horizon_45_ega_zone_e_count,fold3/test_horizon_60_mae,fold3/test_horizon_60_rmse,fold3/test_horizon_60_mard,fold3/test_horizon_60_mape,fold3/test_horizon_60_r2,fold3/test_horizon_60_pearson,fold3/test_horizon_60_ega_zone_a_pct,fold3/test_horizon_60_ega_zone_a_count,fold3/test_horizon_60_ega_zone_b_pct,fold3/test_horizon_60_ega_zone_b_count,fold3/test_horizon_60_ega_zone_c_pct,fold3/test_horizon_60_ega_zone_c_count,fold3/test_horizon_60_ega_zone_d_pct,fold3/test_horizon_60_ega_zone_d_count,fold3/test_horizon_60_ega_zone_e_pct,fold3/test_horizon_60_ega_zone_e_count
0,0.24590163710429325,9.304808616638184,14.626168251037598,8.453634262084961,8.453634262084961,0.34839051961898804,0.6150853633880615,90.42810821533203,4478.0,9.188206672668457,455.0,0.0,0.0,0.38368335366249084,19.0,0.0,0.0,4.915651798248291,6.8912787437438965,4.486189842224121,4.486189842224121,0.857007622718811,0.9272392392158508,98.94992065429688,1225.0,1.0500807762145996,13.0,0.0,0.0,0.0,0.0,0.0,0.0,8.845536231994629,13.079486846923828,8.034248352050781,8.034248352050781,0.4804759621620178,0.7044165730476379,90.9531478881836,1126.0,8.642971992492676,107.0,0.0,0.0,0.4038771986961365,5.0,0.0,0.0,11.21041488647461,16.89394760131836,10.157676696777344,10.157676696777344,0.12584322690963745,0.4370897114276886,86.51050567626953,1071.0,12.924070358276367,160.0,0.0,0.0,0.5654280781745911,7.0,0.0,0.0,12.247629165649414,18.754493713378906,11.136425971984863,11.136425971984863,-0.08127951622009277,0.24361595511436462,85.29887390136719,1056.0,14.135703086853027,175.0,0.0,0.0,0.5654280781745911,7.0,0.0,0.0
step,fold4/train_loss,fold4/val_mae,fold4/val_rmse,fold4/val_mard,fold4/val_mape,fold4/val_r2,fold4/val_pearson,fold4/val_ega_zone_a_pct,fold4/val_ega_zone_a_count,fold4/val_ega_zone_b_pct,fold4/val_ega_zone_b_count,fold4/val_ega_zone_c_pct,fold4/val_ega_zone_c_count,fold4/val_ega_zone_d_pct,fold4/val_ega_zone_d_count,fold4/val_ega_zone_e_pct,fold4/val_ega_zone_e_count,fold4/val_horizon_15_mae,fold4/val_horizon_15_rmse,fold4/val_horizon_15_mard,fold4/val_horizon_15_mape,fold4/val_horizon_15_r2,fold4/val_horizon_15_pearson,fold4/val_horizon_15_ega_zone_a_pct,fold4/val_horizon_15_ega_zone_a_count,fold4/val_horizon_15_ega_zone_b_pct,fold4/val_horizon_15_ega_zone_b_count,fold4/val_horizon_15_ega_zone_c_pct,fold4/val_horizon_15_ega_zone_c_count,fold4/val_horizon_15_ega_zone_d_pct,fold4/val_horizon_15_ega_zone_d_count,fold4/val_horizon_15_ega_zone_e_pct,fold4/val_horizon_15_ega_zone_e_count,fold4/val_horizon_30_mae,fold4/val_horizon_30_rmse,fold4/val_horizon_30_mard,fold4/val_horizon_30_mape,fold4/val_horizon_30_r2,fold4/val_horizon_30_pearson,fold4/val_horizon_30_ega_zone_a_pct,fold4/val_horizon_30_ega_zone_a_count,fold4/val_horizon_30_ega_zone_b_pct,fold4/val_horizon_30_ega_zone_b_count,fold4/val_horizon_30_ega_zone_c_pct,fold4/val_horizon_30_ega_zone_c_count,fold4/val_horizon_30_ega_zone_d_pct,fold4/val_horizon_30_ega_zone_d_count,fold4/val_horizon_30_ega_zone_e_pct,fold4/val_horizon_30_ega_zone_e_count,fold4/val_horizon_45_mae,fold4/val_horizon_45_rmse,fold4/val_horizon_45_mard,fold4/val_horizon_45_mape,fold4/val_horizon_45_r2,fold4/val_horizon_45_pearson,fold4/val_horizon_45_ega_zone_a_pct,fold4/val_horizon_45_ega_zone_a_count,fold4/val_horizon_45_ega_zone_b_pct,fold4/val_horizon_45_ega_zone_b_count,fold4/val_horizon_45_ega_zone_c_pct,fold4/val_horizon_45_ega_zone_c_count,fold4/val_horizon_45_ega_zone_d_pct,fold4/val_horizon_45_ega_zone_d_count,fold4/val_horizon_45_ega_zone_e_pct,fold4/val_horizon_45_ega_zone_e_count,fold4/val_horizon_60_mae,fold4/val_horizon_60_rmse,fold4/val_horizon_60_mard,fold4/val_horizon_60_mape,fold4/val_horizon_60_r2,fold4/val_horizon_60_pearson,fold4/val_horizon_60_ega_zone_a_pct,fold4/val_horizon_60_ega_zone_a_count,fold4/val_horizon_60_ega_zone_b_pct,fold4/val_horizon_60_ega_zone_b_count,fold4/val_horizon_60_ega_zone_c_pct,fold4/val_horizon_60_ega_zone_c_count,fold4/val_horizon_60_ega_zone_d_pct,fold4/val_horizon_60_ega_zone_d_count,fold4/val_horizon_60_ega_zone_e_pct,fold4/val_horizon_60_ega_zone_e_count,fold4/diag_graph_prior_weight,fold4/diag_graph_residual_mean,fold4/diag_fusion_gate_cgm,fold4/diag_fusion_gate_cgm_guided,fold4/diag_fusion_gate_physio,fold4/diag_horizon_query_similarity,fold4/diag_horizon_progressive_gate,fold4/diag_horizon_attention_similarity,fold4/diag_horizon_attention_entropy,fold4/diag_horizon_curriculum_progress,fold4/diag_loss_horizon_weight_0,fold4/diag_loss_horizon_weight_1,fold4/diag_loss_horizon_weight_2,fold4/diag_loss_horizon_weight_3
1,0.22656054491614697,11.922928810119629,16.978403091430664,10.314218521118164,10.314218521118164,0.32688677310943604,0.6282862424850464,85.34246826171875,18690.0,14.342466354370117,3141.0,0.0,0.0,0.3150685131549835,69.0,0.0,0.0,7.6548686027526855,10.837883949279785,6.67272424697876,6.67272424697876,0.7274248600006104,0.8564602136611938,95.10501861572266,5207.0,4.712328910827637,258.0,0.0,0.0,0.1826484054327011,10.0,0.0,0.0,11.806041717529297,16.598426818847656,10.180875778198242,10.180875778198242,0.3585127592086792,0.6482451558113098,85.95433807373047,4706.0,13.716894149780273,751.0,0.0,0.0,0.3287671208381653,18.0,0.0,0.0,13.70008373260498,19.00289535522461,11.819764137268066,11.819764137268066,0.15512561798095703,0.5246357917785645,81.04109954833984,4437.0,18.575342178344727,1017.0,0.0,0.0,0.3835616409778595,21.0,0.0,0.0,14.530717849731445,19.974666595458984,12.58350944519043,12.58350944519043,0.061670780181884766,0.46142810583114624,79.2694091796875,4340.0,20.36529541015625,1115.0,0.0,0.0,0.3652968108654022,20.0,0.0,0.0,1.0027899742126465,0.011651312932372093,0.46823039650917053,0.1953999102115631,0.33636969327926636,0.01593131758272648,0.11920291930437088,0.9999011158943176,0.999975323677063,0.0,0.3333333432674408,0.28333333134651184,0.21666665375232697,0.1666666716337204
2,0.22292528806571782,11.783374786376953,16.638708114624023,10.23427677154541,10.23427677154541,0.3535519242286682,0.6343787908554077,85.8401870727539,18799.0,13.844749450683594,3032.0,0.0,0.0,0.3150685131549835,69.0,0.0,0.0,7.568212985992432,10.68502426147461,6.614883899688721,6.614883899688721,0.7350594997406006,0.8600202798843384,95.12328338623047,5208.0,4.694064140319824,257.0,0.0,0.0,0.1826484054327011,10.0,0.0,0.0,11.685897827148438,16.308963775634766,10.130380630493164,10.130380630493164,0.3806917667388916,0.6529393792152405,86.4474868774414,4733.0,13.223745346069336,724.0,0.0,0.0,0.3287671208381653,18.0,0.0,0.0,13.541150093078613,18.594097137451172,11.74043083190918,11.74043083190918,0.19108521938323975,0.5286725759506226,81.7168960571289,4474.0,17.89954376220703,980.0,0.0,0.0,0.3835616409778595,21.0,0.0,0.0,14.338241577148438,19.531871795654297,12.451414108276367,12.451414108276367,0.10281103849411011,0.4620421230792999,80.07305908203125,4384.0,19.561643600463867,1071.0,0.0,0.0,0.3652968108654022,20.0,0.0,0.0,0.9987850189208984,0.011091012507677078,0.46971625089645386,0.11729414761066437,0.41298961639404297,0.017977891489863396,0.11920291930437088,0.9991312026977539,0.9992693662643433,0.07142857142857142,0.3245614171028137,0.2788847088813782,0.21998745203018188,0.17656642198562622
3,0.2212453956268757,11.60688304901123,16.37095832824707,10.079290390014648,10.079290390014648,0.3741897940635681,0.6434244513511658,86.35616302490234,18912.0,13.328766822814941,2919.0,0.0,0.0,0.3150685131549835,69.0,0.0,0.0,7.359301567077637,10.351033210754395,6.444831848144531,6.444831848144531,0.7513635754585266,0.8685526847839355,95.65296936035156,5237.0,4.164383411407471,228.0,0.0,0.0,0.1826484054327011,10.0,0.0,0.0,11.532177925109863,16.0389404296875,10.010358810424805,10.010358810424805,0.4010292887687683,0.661258339881897,86.95890045166016,4761.0,12.71232795715332,696.0,0.0,0.0,0.3287671208381653,18.0,0.0,0.0,13.371649742126465,18.321290969848633,11.57850170135498,11.57850170135498,0.2146473526954651,0.53701251745224,82.39269256591797,4511.0,17.223743438720703,943.0,0.0,0.0,0.3835616409778595,21.0,0.0,0.0,14.164403915405273,19.286575317382812,12.283470153808594,12.283470153808594,0.12520480155944824,0.4699963331222534,80.42008972167969,4403.0,19.21461296081543,1052.0,0.0,0.0,0.3652968108654022,20.0,0.0,0.0,0.9943923354148865,0.01069427840411663,0.164823979139328,0.0866851806640625,0.7484908103942871,0.026090947911143303,0.11920291930437088,0.9987745881080627,0.9956552982330322,0.14285714285714285,0.31578949093818665,0.2744360864162445,0.223308265209198,0.18646617233753204
4,0.21615699921549536,11.384574890136719,16.08893394470215,9.862608909606934,9.862608909606934,0.39556586742401123,0.6549116373062134,86.80364990234375,19010.0,12.904109001159668,2826.0,0.0,0.0,0.29223746061325073,64.0,0.0,0.0,6.982172012329102,9.792096138000488,6.105922698974609,6.105922698974609,0.7774904370307922,0.883449912071228,96.36529541015625,5276.0,3.488584518432617,191.0,0.0,0.0,0.14611873030662537,8.0,0.0,0.0,11.335805892944336,15.767956733703613,9.818791389465332,9.818791389465332,0.421097993850708,0.6726667284965515,87.52510833740234,4792.0,12.164382934570312,666.0,0.0,0.0,0.310502290725708,17.0,0.0,0.0,13.209507942199707,18.10993766784668,11.409273147583008,11.409273147583008,0.23266232013702393,0.5443189740180969,82.73973083496094,4530.0,16.894977569580078,925.0,0.0,0.0,0.3652968108654022,20.0,0.0,0.0,14.010814666748047,19.050764083862305,12.116451263427734,12.116451263427734,0.14646565914154053,0.4761652946472168,80.58447265625,4412.0,19.068492889404297,1044.0,0.0,0.0,0.34703195095062256,19.0,0.0,0.0,0.9919546842575073,0.010389123111963272,0.11529466509819031,0.07514169067144394,0.8095636367797852,0.033081378787755966,0.11920291930437088,0.998482882976532,0.9915586113929749,0.21428571428571427,0.30701756477355957,0.26998746395111084,0.22662906348705292,0.19636592268943787
5,0.21244829169709384,11.195551872253418,15.909509658813477,9.705070495605469,9.705070495605469,0.4089720845222473,0.6653674244880676,87.09589385986328,19074.0,12.616437911987305,2763.0,0.0,0.0,0.2876712381839752,63.0,0.0,0.0,6.625394344329834,9.343499183654785,5.822882175445557,5.822882175445557,0.7974107265472412,0.8949781060218811,96.73059844970703,5296.0,3.141552686691284,172.0,0.0,0.0,0.1278538852930069,7.0,0.0,0.0,11.121944427490234,15.528674125671387,9.643327713012695,9.643327713012695,0.4385347366333008,0.6864071488380432,88.01826477050781,4819.0,11.671233177185059,639.0,0.0,0.0,0.310502290725708,17.0,0.0,0.0,13.107531547546387,18.01563262939453,11.323761940002441,11.323761940002441,0.24063313007354736,0.5507880449295044,82.90411376953125,4539.0,16.730592727661133,916.0,0.0,0.0,0.3652968108654022,20.0,0.0,0.0,13.927338600158691,18.959068298339844,12.030306816101074,12.030306816101074,0.15466243028640747,0.4810827672481537,80.7305908203125,4420.0,18.922374725341797,1036.0,0.0,0.0,0.34703195095062256,19.0,0.0,0.0,0.9918774366378784,0.010180097073316574,0.10189265012741089,0.05419018492102623,0.843917191028595,0.053359825164079666,0.11920291930437088,0.9925538897514343,0.9800324440002441,0.2857142857142857,0.2982456088066101,0.2655388414859772,0.22994986176490784,0.2062656730413437
6,0.2082986319664418,11.151002883911133,15.829626083374023,9.667952537536621,9.667952537536621,0.41489237546920776,0.6681681871414185,87.22830963134766,19103.0,12.474885940551758,2732.0,0.0,0.0,0.29680365324020386,65.0,0.0,0.0,6.420874118804932,9.004389762878418,5.662815570831299,5.662815570831299,0.8118492960929871,0.9028459787368774,97.20547485351562,5322.0,2.6484017372131348,145.0,0.0,0.0,0.14611873030662537,8.0,0.0,0.0,11.05750560760498,15.392672538757324,9.599295616149902,9.599295616149902,0.44832634925842285,0.6916562914848328,87.94520568847656,4815.0,11.726027488708496,642.0,0.0,0.0,0.3287671208381653,18.0,0.0,0.0,13.132184982299805,17.988300323486328,11.341771125793457,11.341771125793457,0.24293559789657593,0.5495165586471558,82.9771728515625,4543.0,16.657533645629883,912.0,0.0,0.0,0.3652968108654022,20.0,0.0,0.0,13.993447303771973,18.992521286010742,12.067922592163086,12.067922592163086,0.15167665481567383,0.474124938249588,80.78538513183594,4423.0,18.86758041381836,1033.0,0.0,0.0,0.34703195095062256,19.0,0.0,0.0,0.99064040184021,0.010029850527644157,0.1314978152513504,0.05522792413830757,0.8132743239402771,0.07775389403104782,0.11920291930437088,0.9866712689399719,0.9709998369216919,0.35714285714285715,0.28947368264198303,0.2610902190208435,0.23327067494392395,0.2161654233932495
7,0.2054203825374335,11.19961929321289,15.930892944335938,9.69437313079834,9.69437313079834,0.4073822498321533,0.6653324961662292,87.20091247558594,19097.0,12.502283096313477,2738.0,0.0,0.0,0.29680365324020386,65.0,0.0,0.0,6.3426008224487305,8.868124008178711,5.59674072265625,5.59674072265625,0.8175008296966553,0.9064498543739319,97.49771881103516,5338.0,2.337899684906006,128.0,0.0,0.0,0.16438356041908264,9.0,0.0,0.0,11.086654663085938,15.434834480285645,9.622855186462402,9.622855186462402,0.44530004262924194,0.6925365924835205,87.83561706542969,4809.0,11.853880882263184,649.0,0.0,0.0,0.310502290725708,17.0,0.0,0.0,13.222002029418945,18.13981819152832,11.40074634552002,11.40074634552002,0.2301282286643982,0.5430541634559631,83.05022430419922,4547.0,16.584474563598633,908.0,0.0,0.0,0.3652968108654022,20.0,0.0,0.0,14.147217750549316,19.215688705444336,12.157149314880371,12.157149314880371,0.1316235065460205,0.45930731296539307,80.42008972167969,4403.0,19.23287582397461,1053.0,0.0,0.0,0.34703195095062256,19.0,0.0,0.0,0.9935070276260376,0.009925974532961845,0.1445235013961792,0.07225397974252701,0.783222496509552,0.09793084859848022,0.11920291930437088,0.9875202178955078,0.964318573474884,0.42857142857142855,0.28070175647735596,0.25664159655570984,0.23659147322177887,0.22606515884399414
8,0.2052727959119515,11.182519912719727,15.919327735900879,9.685966491699219,9.685966491699219,0.4082423448562622,0.6660361886024475,87.10502624511719,19076.0,12.598173141479492,2759.0,0.0,0.0,0.29680365324020386,65.0,0.0,0.0,6.279694080352783,8.750816345214844,5.541712284088135,5.541712284088135,0.8222971558570862,0.9090112447738647,97.66210174560547,5347.0,2.173516035079956,119.0,0.0,0.0,0.16438356041908264,9.0,0.0,0.0,11.071843147277832,15.366353034973145,9.611621856689453,9.611621856689453,0.4502113461494446,0.695499062538147,87.81735229492188,4808.0,11.872146606445312,650.0,0.0,0.0,0.310502290725708,17.0,0.0,0.0,13.227829933166504,18.147872924804688,11.416515350341797,11.416515350341797,0.22944432497024536,0.5425763130187988,82.55707550048828,4520.0,17.077627182006836,935.0,0.0,0.0,0.3652968108654022,20.0,0.0,0.0,14.150717735290527,19.27830696105957,12.174012184143066,12.174012184143066,0.12595468759536743,0.4563887119293213,80.38356018066406,4401.0,19.269407272338867,1055.0,0.0,0.0,0.34703195095062256,19.0,0.0,0.0,0.9942111968994141,0.009857406839728355,0.14228935539722443,0.07336539775133133,0.7843453288078308,0.1106235459446907,0.11920291930437088,0.9819310307502747,0.9636530876159668,0.5,0.2719298303127289,0.25219297409057617,0.2399122714996338,0.23596492409706116
9,0.20483430768220517,11.210247993469238,16.011573791503906,9.690905570983887,9.690905570983887,0.40136444568634033,0.6619427800178528,87.08675384521484,19072.0,12.621005058288574,2764.0,0.0,0.0,0.29223746061325073,64.0,0.0,0.0,6.23048734664917,8.722126007080078,5.493445873260498,5.493445873260498,0.8234604597091675,0.9095733165740967,97.73516082763672,5351.0,2.1187214851379395,116.0,0.0,0.0,0.14611873030662537,8.0,0.0,0.0,11.097850799560547,15.41415023803711,9.623063087463379,9.623063087463379,0.44678574800491333,0.6930027008056641,87.65296936035156,4799.0,12.018264770507812,658.0,0.0,0.0,0.3287671208381653,18.0,0.0,0.0,13.278388023376465,18.266225814819336,11.438981056213379,11.438981056213379,0.21936100721359253,0.5358884334564209,82.57534790039062,4521.0,17.077627182006836,935.0,0.0,0.0,0.34703195095062256,19.0,0.0,0.0,14.23426628112793,19.446224212646484,12.208134651184082,12.208134651184082,0.11066210269927979,0.44673407077789307,80.38356018066406,4401.0,19.269407272338867,1055.0,0.0,0.0,0.34703195095062256,19.0,0.0,0.0,0.9929088354110718,0.00980464182794094,0.14454351365566254,0.08351309597492218,0.7719434499740601,0.12298498302698135,0.11920291930437088,0.984583854675293,0.9606574773788452,0.5714285714285714,0.2631579041481018,0.2477443516254425,0.2432330846786499,0.24586467444896698
10,0.203576676529969,11.243492126464844,16.085330963134766,9.701628684997559,9.701628684997559,0.3958365321159363,0.6590126156806946,86.82648468017578,19015.0,12.885845184326172,2822.0,0.0,0.0,0.2876712381839752,63.0,0.0,0.0,6.20383358001709,8.705208778381348,5.464563846588135,5.464563846588135,0.8241446018218994,0.9099225401878357,97.62557220458984,5345.0,2.210045576095581,121.0,0.0,0.0,0.16438356041908264,9.0,0.0,0.0,11.067388534545898,15.418428421020508,9.577653884887695,9.577653884887695,0.4464786648750305,0.6934474110603333,87.83561706542969,4809.0,11.853880882263184,649.0,0.0,0.0,0.310502290725708,17.0,0.0,0.0,13.330098152160645,18.363174438476562,11.461368560791016,11.461368560791016,0.21105241775512695,0.5312773585319519,82.04566192626953,4492.0,17.6073055267334,964.0,0.0,0.0,0.34703195095062256,19.0,0.0,0.0,14.372650146484375,19.601957321166992,12.302931785583496,12.302931785583496,0.09636092185974121,0.4368579089641571,79.79908752441406,4369.0,19.872146606445312,1088.0,0.0,0.0,0.3287671208381653,18.0,0.0,0.0,0.9900227785110474,0.009785590693354607,0.14540939033031464,0.10135625302791595,0.7532344460487366,0.13047181069850922,0.11920291930437088,0.9845755100250244,0.9545039534568787,0.6428571428571429,0.25438597798347473,0.24329572916030884,0.24655388295650482,0.2557644248008728
11,0.20165463280041013,11.334166526794434,16.21190071105957,9.77721881866455,9.77721881866455,0.3862913250923157,0.6545078754425049,86.68949890136719,18985.0,13.00456714630127,2848.0,0.0,0.0,0.3059360682964325,67.0,0.0,0.0,6.253008842468262,8.768603324890137,5.508771896362305,5.508771896362305,0.8215739727020264,0.9090473055839539,97.5525131225586,5341.0,2.2831051349639893,125.0,0.0,0.0,0.16438356041908264,9.0,0.0,0.0,11.165919303894043,15.525169372558594,9.658529281616211,9.658529281616211,0.4387880563735962,0.6902723908424377,87.63469696044922,4798.0,12.036529541015625,659.0,0.0,0.0,0.3287671208381653,18.0,0.0,0.0,13.433900833129883,18.503402709960938,11.550098419189453,11.550098419189453,0.19895702600479126,0.5245769023895264,82.04566192626953,4492.0,17.589040756225586,963.0,0.0,0.0,0.3652968108654022,20.0,0.0,0.0,14.483839988708496,19.773910522460938,12.391470909118652,12.391470909118652,0.08043742179870605,0.42758092284202576,79.52511596679688,4354.0,20.109588623046875,1101.0,0.0,0.0,0.3652968108654022,20.0,0.0,0.0,0.9871432781219482,0.009773878380656242,0.12717413902282715,0.0996900126338005,0.7731359004974365,0.13727836310863495,0.11920291930437088,0.9862679839134216,0.9508087038993835,0.7142857142857143,0.24561403691768646,0.23884710669517517,0.24987469613552094,0.26566416025161743
12,0.20118708364249963,11.33678913116455,16.277202606201172,9.76982593536377,9.76982593536377,0.38133734464645386,0.6525828838348389,86.60274505615234,18966.0,13.109588623046875,2871.0,0.0,0.0,0.2876712381839752,63.0,0.0,0.0,6.233877182006836,8.757759094238281,5.486327171325684,5.486327171325684,0.8220150470733643,0.9092772006988525,97.53424835205078,5340.0,2.3013699054718018,126.0,0.0,0.0,0.16438356041908264,9.0,0.0,0.0,11.175553321838379,15.589314460754395,9.656119346618652,9.656119346618652,0.43414103984832764,0.6879902482032776,87.52510833740234,4792.0,12.164382934570312,666.0,0.0,0.0,0.310502290725708,17.0,0.0,0.0,13.433879852294922,18.587533950805664,11.540087699890137,11.540087699890137,0.19165611267089844,0.5222012996673584,82.06392669677734,4493.0,17.589040756225586,963.0,0.0,0.0,0.34703195095062256,19.0,0.0,0.0,14.50384521484375,19.86372947692871,12.396769523620605,12.396769523620605,0.07206469774246216,0.42583784461021423,79.28767395019531,4341.0,20.383562088012695,1116.0,0.0,0.0,0.3287671208381653,18.0,0.0,0.0,0.9860494136810303,0.009768400341272354,0.13719749450683594,0.10167374461889267,0.761128842830658,0.1411779373884201,0.11920291930437088,0.9899457097053528,0.9514161944389343,0.7857142857142857,0.23684212565422058,0.2343984991312027,0.25319552421569824,0.27556392550468445
13,0.19717079238309135,11.37908935546875,16.336400985717773,9.794008255004883,9.794008255004883,0.3768290877342224,0.6494224071502686,86.67579650878906,18982.0,13.036529541015625,2855.0,0.0,0.0,0.2876712381839752,63.0,0.0,0.0,6.279411315917969,8.820438385009766,5.523903846740723,5.523903846740723,0.8194582462310791,0.9078235030174255,97.62557220458984,5345.0,2.210045576095581,121.0,0.0,0.0,0.16438356041908264,9.0,0.0,0.0,11.233036041259766,15.641793251037598,9.69494342803955,9.69494342803955,0.43032485246658325,0.685123085975647,87.59817504882812,4796.0,12.091324806213379,662.0,0.0,0.0,0.310502290725708,17.0,0.0,0.0,13.475021362304688,18.64790153503418,11.554608345031738,11.554608345031738,0.18639713525772095,0.5176118612289429,82.10045623779297,4495.0,17.55251121520996,961.0,0.0,0.0,0.34703195095062256,19.0,0.0,0.0,14.528888702392578,19.932432174682617,12.40257453918457,12.40257453918457,0.06563466787338257,0.4209873080253601,79.37899780273438,4346.0,20.292238235473633,1111.0,0.0,0.0,0.3287671208381653,18.0,0.0,0.0,0.9849122762680054,0.009766126051545143,0.14971160888671875,0.09845459461212158,0.7518337965011597,0.14331550896167755,0.11920291930437088,0.9860508441925049,0.9616204500198364,0.8571428571428571,0.22807016968727112,0.22994986176490784,0.25651630759239197,0.2854636609554291
14,0.1962540849212203,11.459519386291504,16.42365074157715,9.864477157592773,9.864477157592773,0.3701547384262085,0.6465181708335876,86.42465209960938,18927.0,13.287671089172363,2910.0,0.0,0.0,0.2876712381839752,63.0,0.0,0.0,6.325227737426758,8.84647274017334,5.5594072341918945,5.5594072341918945,0.8183909058570862,0.9074257016181946,97.44292449951172,5335.0,2.410959005355835,132.0,0.0,0.0,0.14611873030662537,8.0,0.0,0.0,11.31529712677002,15.715200424194336,9.76333999633789,9.76333999633789,0.4249653220176697,0.682972252368927,87.4703140258789,4789.0,12.219178199768066,669.0,0.0,0.0,0.310502290725708,17.0,0.0,0.0,13.578749656677246,18.758371353149414,11.646316528320312,11.646316528320312,0.17672890424728394,0.51343834400177,81.8630142211914,4482.0,17.789953231811523,974.0,0.0,0.0,0.34703195095062256,19.0,0.0,0.0,14.618803024291992,20.045976638793945,12.488844871520996,12.488844871520996,0.05495917797088623,0.41680604219436646,78.92237091064453,4321.0,20.730594635009766,1135.0,0.0,0.0,0.34703195095062256,19.0,0.0,0.0,0.9864583015441895,0.009752441197633743,0.15534426271915436,0.11710304021835327,0.7275527119636536,0.14760054647922516,0.11920291930437088,0.980147123336792,0.9545055627822876,0.9285714285714286,0.21929824352264404,0.22550123929977417,0.2598370909690857,0.2953633964061737
step,fold4/test_loss,fold4/test_mae,fold4/test_rmse,fold4/test_mard,fold4/test_mape,fold4/test_r2,fold4/test_pearson,fold4/test_ega_zone_a_pct,fold4/test_ega_zone_a_count,fold4/test_ega_zone_b_pct,fold4/test_ega_zone_b_count,fold4/test_ega_zone_c_pct,fold4/test_ega_zone_c_count,fold4/test_ega_zone_d_pct,fold4/test_ega_zone_d_count,fold4/test_ega_zone_e_pct,fold4/test_ega_zone_e_count,fold4/test_horizon_15_mae,fold4/test_horizon_15_rmse,fold4/test_horizon_15_mard,fold4/test_horizon_15_mape,fold4/test_horizon_15_r2,fold4/test_horizon_15_pearson,fold4/test_horizon_15_ega_zone_a_pct,fold4/test_horizon_15_ega_zone_a_count,fold4/test_horizon_15_ega_zone_b_pct,fold4/test_horizon_15_ega_zone_b_count,fold4/test_horizon_15_ega_zone_c_pct,fold4/test_horizon_15_ega_zone_c_count,fold4/test_horizon_15_ega_zone_d_pct,fold4/test_horizon_15_ega_zone_d_count,fold4/test_horizon_15_ega_zone_e_pct,fold4/test_horizon_15_ega_zone_e_count,fold4/test_horizon_30_mae,fold4/test_horizon_30_rmse,fold4/test_horizon_30_mard,fold4/test_horizon_30_mape,fold4/test_horizon_30_r2,fold4/test_horizon_30_pearson,fold4/test_horizon_30_ega_zone_a_pct,fold4/test_horizon_30_ega_zone_a_count,fold4/test_horizon_30_ega_zone_b_pct,fold4/test_horizon_30_ega_zone_b_count,fold4/test_horizon_30_ega_zone_c_pct,fold4/test_horizon_30_ega_zone_c_count,fold4/test_horizon_30_ega_zone_d_pct,fold4/test_horizon_30_ega_zone_d_count,fold4/test_horizon_30_ega_zone_e_pct,fold4/test_horizon_30_ega_zone_e_count,fold4/test_horizon_45_mae,fold4/test_horizon_45_rmse,fold4/test_horizon_45_mard,fold4/test_horizon_45_mape,fold4/test_horizon_45_r2,fold4/test_horizon_45_pearson,fold4/test_horizon_45_ega_zone_a_pct,fold4/test_horizon_45_ega_zone_a_count,fold4/test_horizon_45_ega_zone_b_pct,fold4/test_horizon_45_ega_zone_b_count,fold4/test_horizon_45_ega_zone_c_pct,fold4/test_horizon_45_ega_zone_c_count,fold4/test_horizon_45_ega_zone_d_pct,fold4/test_horizon_45_ega_zone_d_count,fold4/test_horizon_45_ega_zone_e_pct,fold4/test_horizon_45_ega_zone_e_count,fold4/test_horizon_60_mae,fold4/test_horizon_60_rmse,fold4/test_horizon_60_mard,fold4/test_horizon_60_mape,fold4/test_horizon_60_r2,fold4/test_horizon_60_pearson,fold4/test_horizon_60_ega_zone_a_pct,fold4/test_horizon_60_ega_zone_a_count,fold4/test_horizon_60_ega_zone_b_pct,fold4/test_horizon_60_ega_zone_b_count,fold4/test_horizon_60_ega_zone_c_pct,fold4/test_horizon_60_ega_zone_c_count,fold4/test_horizon_60_ega_zone_d_pct,fold4/test_horizon_60_ega_zone_d_count,fold4/test_horizon_60_ega_zone_e_pct,fold4/test_horizon_60_ega_zone_e_count
0,0.23137772855390784,9.470312118530273,14.156633377075195,8.270730018615723,8.270730018615723,0.4595324993133545,0.6908073425292969,89.62114715576172,4542.0,10.260457992553711,520.0,0.0,0.0,0.11838989704847336,6.0,0.0,0.0,5.282297611236572,7.3751630783081055,4.602215766906738,4.602215766906738,0.850753903388977,0.9230862259864807,98.73717498779297,1251.0,1.2628254890441895,16.0,0.0,0.0,0.0,0.0,0.0,0.0,9.167415618896484,13.103272438049316,7.971878528594971,7.971878528594971,0.5340472459793091,0.739246129989624,91.4759292602539,1159.0,8.366219520568848,106.0,0.0,0.0,0.15785318613052368,2.0,0.0,0.0,11.063827514648438,16.0111083984375,9.649768829345703,9.649768829345703,0.31270259618759155,0.5864834189414978,86.50355529785156,1096.0,13.338595390319824,169.0,0.0,0.0,0.15785318613052368,2.0,0.0,0.0,12.367712020874023,17.866079330444336,10.859060287475586,10.859060287475586,0.15396618843078613,0.45999908447265625,81.76795959472656,1036.0,18.074190139770508,229.0,0.0,0.0,0.15785318613052368,2.0,0.0,0.0
step,fold5/train_loss,fold5/val_mae,fold5/val_rmse,fold5/val_mard,fold5/val_mape,fold5/val_r2,fold5/val_pearson,fold5/val_ega_zone_a_pct,fold5/val_ega_zone_a_count,fold5/val_ega_zone_b_pct,fold5/val_ega_zone_b_count,fold5/val_ega_zone_c_pct,fold5/val_ega_zone_c_count,fold5/val_ega_zone_d_pct,fold5/val_ega_zone_d_count,fold5/val_ega_zone_e_pct,fold5/val_ega_zone_e_count,fold5/val_horizon_15_mae,fold5/val_horizon_15_rmse,fold5/val_horizon_15_mard,fold5/val_horizon_15_mape,fold5/val_horizon_15_r2,fold5/val_horizon_15_pearson,fold5/val_horizon_15_ega_zone_a_pct,fold5/val_horizon_15_ega_zone_a_count,fold5/val_horizon_15_ega_zone_b_pct,fold5/val_horizon_15_ega_zone_b_count,fold5/val_horizon_15_ega_zone_c_pct,fold5/val_horizon_15_ega_zone_c_count,fold5/val_horizon_15_ega_zone_d_pct,fold5/val_horizon_15_ega_zone_d_count,fold5/val_horizon_15_ega_zone_e_pct,fold5/val_horizon_15_ega_zone_e_count,fold5/val_horizon_30_mae,fold5/val_horizon_30_rmse,fold5/val_horizon_30_mard,fold5/val_horizon_30_mape,fold5/val_horizon_30_r2,fold5/val_horizon_30_pearson,fold5/val_horizon_30_ega_zone_a_pct,fold5/val_horizon_30_ega_zone_a_count,fold5/val_horizon_30_ega_zone_b_pct,fold5/val_horizon_30_ega_zone_b_count,fold5/val_horizon_30_ega_zone_c_pct,fold5/val_horizon_30_ega_zone_c_count,fold5/val_horizon_30_ega_zone_d_pct,fold5/val_horizon_30_ega_zone_d_count,fold5/val_horizon_30_ega_zone_e_pct,fold5/val_horizon_30_ega_zone_e_count,fold5/val_horizon_45_mae,fold5/val_horizon_45_rmse,fold5/val_horizon_45_mard,fold5/val_horizon_45_mape,fold5/val_horizon_45_r2,fold5/val_horizon_45_pearson,fold5/val_horizon_45_ega_zone_a_pct,fold5/val_horizon_45_ega_zone_a_count,fold5/val_horizon_45_ega_zone_b_pct,fold5/val_horizon_45_ega_zone_b_count,fold5/val_horizon_45_ega_zone_c_pct,fold5/val_horizon_45_ega_zone_c_count,fold5/val_horizon_45_ega_zone_d_pct,fold5/val_horizon_45_ega_zone_d_count,fold5/val_horizon_45_ega_zone_e_pct,fold5/val_horizon_45_ega_zone_e_count,fold5/val_horizon_60_mae,fold5/val_horizon_60_rmse,fold5/val_horizon_60_mard,fold5/val_horizon_60_mape,fold5/val_horizon_60_r2,fold5/val_horizon_60_pearson,fold5/val_horizon_60_ega_zone_a_pct,fold5/val_horizon_60_ega_zone_a_count,fold5/val_horizon_60_ega_zone_b_pct,fold5/val_horizon_60_ega_zone_b_count,fold5/val_horizon_60_ega_zone_c_pct,fold5/val_horizon_60_ega_zone_c_count,fold5/val_horizon_60_ega_zone_d_pct,fold5/val_horizon_60_ega_zone_d_count,fold5/val_horizon_60_ega_zone_e_pct,fold5/val_horizon_60_ega_zone_e_count,fold5/diag_graph_prior_weight,fold5/diag_graph_residual_mean,fold5/diag_fusion_gate_cgm,fold5/diag_fusion_gate_cgm_guided,fold5/diag_fusion_gate_physio,fold5/diag_horizon_query_similarity,fold5/diag_horizon_progressive_gate,fold5/diag_horizon_attention_similarity,fold5/diag_horizon_attention_entropy,fold5/diag_horizon_curriculum_progress,fold5/diag_loss_horizon_weight_0,fold5/diag_loss_horizon_weight_1,fold5/diag_loss_horizon_weight_2,fold5/diag_loss_horizon_weight_3
1,0.2587360083194592,11.087327003479004,16.13210105895996,10.122254371643066,10.122254371643066,0.5435552597045898,0.7497916221618652,86.32894897460938,19683.0,12.846490859985352,2929.0,0.0,0.0,0.8245614171028137,188.0,0.0,0.0,6.655895233154297,9.785415649414062,5.984531402587891,5.984531402587891,0.8318323493003845,0.9126495718955994,96.1754379272461,5482.0,3.5789475440979004,204.0,0.0,0.0,0.24561402201652527,14.0,0.0,0.0,10.827743530273438,15.436776161193848,9.872397422790527,9.872397422790527,0.5821120738983154,0.7726724147796631,87.42105102539062,4983.0,11.789473533630371,672.0,0.0,0.0,0.7894736528396606,45.0,0.0,0.0,12.846436500549316,18.131982803344727,11.735458374023438,11.735458374023438,0.4237317442893982,0.6775214076042175,82.3859634399414,4696.0,16.59649085998535,946.0,0.0,0.0,1.017543911933899,58.0,0.0,0.0,14.019233703613281,19.446374893188477,12.896631240844727,12.896631240844727,0.3370898962020874,0.6203333139419556,79.33333587646484,4522.0,19.421052932739258,1107.0,0.0,0.0,1.2456140518188477,71.0,0.0,0.0,1.0017304420471191,0.01165730133652687,0.5140383839607239,0.3588639199733734,0.12709768116474152,0.0686030313372612,0.11920291930437088,0.9990904927253723,0.9998365640640259,0.0,0.3333333432674408,0.28333333134651184,0.21666665375232697,0.1666666716337204
2,0.2540582237258168,10.880319595336914,15.774818420410156,9.954687118530273,9.954687118530273,0.5635493993759155,0.7566187977790833,86.91227722167969,19816.0,12.214912414550781,2785.0,0.0,0.0,0.8728070259094238,199.0,0.0,0.0,6.65382194519043,9.654601097106934,6.023960590362549,6.023960590362549,0.8362984657287598,0.9145636558532715,96.29824829101562,5489.0,3.4210524559020996,195.0,0.0,0.0,0.28070175647735596,16.0,0.0,0.0,10.606717109680176,15.142851829528809,9.659751892089844,9.659751892089844,0.5978741645812988,0.7779445052146912,87.68421173095703,4998.0,11.561403274536133,659.0,0.0,0.0,0.7543859481811523,43.0,0.0,0.0,12.571610450744629,17.704023361206055,11.507122993469238,11.507122993469238,0.4506133794784546,0.6851268410682678,83.33332824707031,4750.0,15.561403274536133,887.0,0.0,0.0,1.1052632331848145,63.0,0.0,0.0,13.689126014709473,18.958633422851562,12.627913475036621,12.627913475036621,0.3699262738227844,0.6288927793502808,80.33333587646484,4579.0,18.31578826904297,1044.0,0.0,0.0,1.3508771657943726,77.0,0.0,0.0,1.0003323554992676,0.010999912396073341,0.35000988841056824,0.562735378742218,0.08725478500127792,0.07335156947374344,0.11920291930437088,0.9970337748527527,0.9960247278213501,0.07142857142857142,0.3245614171028137,0.2788847088813782,0.21998745203018188,0.17656642198562622
3,0.2535106392273231,10.930567741394043,15.75952434539795,10.031852722167969,10.031852722167969,0.5643953084945679,0.7555868625640869,86.7017593383789,19768.0,12.3421049118042,2814.0,0.0,0.0,0.9561403393745422,218.0,0.0,0.0,6.663522243499756,9.621651649475098,6.052428245544434,6.052428245544434,0.8374139666557312,0.9152064323425293,96.33332824707031,5491.0,3.3684208393096924,192.0,0.0,0.0,0.2982456088066101,17.0,0.0,0.0,10.617467880249023,15.132270812988281,9.686869621276855,9.686869621276855,0.5984359383583069,0.7772328853607178,87.78947448730469,5004.0,11.403508186340332,650.0,0.0,0.0,0.8070175647735596,46.0,0.0,0.0,12.664977073669434,17.691198348999023,11.632448196411133,11.632448196411133,0.4514090418815613,0.6817857623100281,82.77192687988281,4718.0,16.01754379272461,913.0,0.0,0.0,1.2105262279510498,69.0,0.0,0.0,13.776299476623535,18.944923400878906,12.755664825439453,12.755664825439453,0.37083733081817627,0.6248922944068909,79.91227722167969,4555.0,18.578948974609375,1059.0,0.0,0.0,1.5087718963623047,86.0,0.0,0.0,1.0017359256744385,0.010561199858784676,0.4007667303085327,0.5420367121696472,0.05719664692878723,0.09439074993133545,0.11920291930437088,0.993318498134613,0.9683927297592163,0.14285714285714285,0.31578949093818665,0.2744360864162445,0.223308265209198,0.18646617233753204
4,0.2532297582567907,10.862667083740234,15.672978401184082,9.986082077026367,9.986082077026367,0.5691665410995483,0.7589814066886902,86.63157653808594,19752.0,12.412281036376953,2830.0,0.0,0.0,0.9561403393745422,218.0,0.0,0.0,6.476302623748779,9.36178970336914,5.887296199798584,5.887296199798584,0.8460776209831238,0.9198548197746277,96.68421173095703,5511.0,3.0350875854492188,173.0,0.0,0.0,0.28070175647735596,16.0,0.0,0.0,10.52491283416748,14.992288589477539,9.619698524475098,9.619698524475098,0.6058310270309448,0.7820881009101868,87.73684692382812,5001.0,11.456140518188477,653.0,0.0,0.0,0.8070175647735596,46.0,0.0,0.0,12.651054382324219,17.63834571838379,11.644621849060059,11.644621849060059,0.45468205213546753,0.6851793527603149,82.63157653808594,4710.0,16.157896041870117,921.0,0.0,0.0,1.2105262279510498,69.0,0.0,0.0,13.798398971557617,18.948509216308594,12.792712211608887,12.792712211608887,0.37059909105300903,0.625997006893158,79.47368621826172,4530.0,19.0,1083.0,0.0,0.0,1.5263158082962036,87.0,0.0,0.0,0.9990093111991882,0.010283463634550571,0.42729759216308594,0.5198744535446167,0.052827995270490646,0.1281549483537674,0.11920291930437088,0.9934046864509583,0.9260164499282837,0.21428571428571427,0.30701756477355957,0.26998746395111084,0.22662906348705292,0.19636592268943787
5,0.2494024544668947,10.628535270690918,15.373109817504883,9.733665466308594,9.733665466308594,0.5854949951171875,0.7669227123260498,87.26753997802734,19897.0,11.785087585449219,2687.0,0.0,0.0,0.9473684430122375,216.0,0.0,0.0,6.1484808921813965,8.938936233520508,5.576167106628418,5.576167106628418,0.8596683740615845,0.9272008538246155,97.08771514892578,5534.0,2.614035129547119,149.0,0.0,0.0,0.2982456088066101,17.0,0.0,0.0,10.283645629882812,14.672354698181152,9.363480567932129,9.363480567932129,0.6224744915962219,0.790199875831604,88.63157653808594,5052.0,10.561403274536133,602.0,0.0,0.0,0.8070175647735596,46.0,0.0,0.0,12.452897071838379,17.367374420166016,11.418227195739746,11.418227195739746,0.4713084101676941,0.6910818815231323,83.31578826904297,4749.0,15.473684310913086,882.0,0.0,0.0,1.2105262279510498,69.0,0.0,0.0,13.629117012023926,18.668737411499023,12.576786994934082,12.576786994934082,0.38904792070388794,0.6311052441596985,80.03508758544922,4562.0,18.491228103637695,1054.0,0.0,0.0,1.4736841917037964,84.0,0.0,0.0,0.9994807839393616,0.01005520299077034,0.4598192870616913,0.33561840653419495,0.20456235110759735,0.16915558278560638,0.11920291930437088,0.9972200989723206,0.8915956020355225,0.2857142857142857,0.2982456088066101,0.2655388414859772,0.22994986176490784,0.2062656730413437
6,0.24389002982191843,10.46497631072998,15.225530624389648,9.575828552246094,9.575828552246094,0.5934151411056519,0.7717421650886536,87.46491241455078,19942.0,11.587719917297363,2642.0,0.0,0.0,0.9473684430122375,216.0,0.0,0.0,5.905148029327393,8.586858749389648,5.372177600860596,5.372177600860596,0.8705050945281982,0.9330283403396606,97.29824829101562,5546.0,2.4210524559020996,138.0,0.0,0.0,0.28070175647735596,16.0,0.0,0.0,10.106978416442871,14.469823837280273,9.195633888244629,9.195633888244629,0.6328249573707581,0.7964469194412231,88.80701446533203,5062.0,10.403509140014648,593.0,0.0,0.0,0.7894736528396606,45.0,0.0,0.0,12.324895858764648,17.25432777404785,11.282479286193848,11.282479286193848,0.4781685471534729,0.6950569152832031,83.5614013671875,4763.0,15.245613098144531,869.0,0.0,0.0,1.1929824352264404,68.0,0.0,0.0,13.522883415222168,18.613039016723633,12.45302963256836,12.45302963256836,0.3926880359649658,0.6330442428588867,80.19298553466797,4571.0,18.28070068359375,1042.0,0.0,0.0,1.5263158082962036,87.0,0.0,0.0,0.9997913837432861,0.009873936884105206,0.587461531162262,0.3004802167415619,0.11205824464559555,0.18540237843990326,0.11920291930437088,0.9940193295478821,0.8737380504608154,0.35714285714285715,0.28947368264198303,0.2610902190208435,0.23327067494392395,0.2161654233932495
7,0.2425164880477508,10.455822944641113,15.190439224243164,9.585164070129395,9.585164070129395,0.5952872037887573,0.7729492783546448,87.62718963623047,19979.0,11.421051979064941,2604.0,0.0,0.0,0.9517543911933899,217.0,0.0,0.0,5.7392449378967285,8.310555458068848,5.2427592277526855,5.2427592277526855,0.8787046670913696,0.9374058246612549,97.5614013671875,5561.0,2.1578946113586426,123.0,0.0,0.0,0.28070175647735596,16.0,0.0,0.0,10.064417839050293,14.353344917297363,9.177652359008789,9.177652359008789,0.6387125253677368,0.8001289367675781,89.07017517089844,5077.0,10.175437927246094,580.0,0.0,0.0,0.7543859481811523,43.0,0.0,0.0,12.369317054748535,17.268760681152344,11.332481384277344,11.332481384277344,0.47729527950286865,0.6942305564880371,83.70175170898438,4771.0,15.070176124572754,859.0,0.0,0.0,1.2280701398849487,70.0,0.0,0.0,13.650315284729004,18.700366973876953,12.587767601013184,12.587767601013184,0.38697588443756104,0.628304660320282,80.1754379272461,4570.0,18.28070068359375,1042.0,0.0,0.0,1.5438597202301025,88.0,0.0,0.0,1.002859354019165,0.009727234952151775,0.5357353687286377,0.3138525187969208,0.15041212737560272,0.19421277940273285,0.11920291930437088,0.9882290959358215,0.8578860759735107,0.42857142857142855,0.28070175647735596,0.25664159655570984,0.23659147322177887,0.22606515884399414
8,0.2379964021693012,10.391773223876953,15.151010513305664,9.51822280883789,9.51822280883789,0.5973854064941406,0.7740110158920288,87.49122619628906,19948.0,11.539473533630371,2631.0,0.0,0.0,0.9692983031272888,221.0,0.0,0.0,5.548833847045898,7.9911723136901855,5.085467338562012,5.085467338562012,0.8878485560417175,0.9422839283943176,97.80702209472656,5575.0,1.9473685026168823,111.0,0.0,0.0,0.24561402201652527,14.0,0.0,0.0,9.978699684143066,14.208874702453613,9.101958274841309,9.101958274841309,0.6459488868713379,0.8044774532318115,89.10526275634766,5079.0,10.122807502746582,577.0,0.0,0.0,0.7719298601150513,44.0,0.0,0.0,12.347025871276855,17.29535675048828,11.294296264648438,11.294296264648438,0.4756840467453003,0.6924753785133362,83.33332824707031,4750.0,15.385964393615723,877.0,0.0,0.0,1.280701756477356,73.0,0.0,0.0,13.692532539367676,18.797130584716797,12.591166496276855,12.591166496276855,0.3806154131889343,0.6217989921569824,79.71929931640625,4544.0,18.701753616333008,1066.0,0.0,0.0,1.5789473056793213,90.0,0.0,0.0,1.0040607452392578,0.009627820923924446,0.427022784948349,0.3752858638763428,0.19769138097763062,0.20473074913024902,0.11920291930437088,0.9866544604301453,0.8367761373519897,0.5,0.2719298303127289,0.25219297409057617,0.2399122714996338,0.23596492409706116
9,0.23510693199069926,10.449091911315918,15.24915885925293,9.555352210998535,9.555352210998535,0.5921522378921509,0.7703597545623779,87.3640365600586,19919.0,11.640350341796875,2654.0,0.0,0.0,0.9956139922142029,227.0,0.0,0.0,5.448893070220947,7.811199188232422,4.990546226501465,4.990546226501465,0.8928433060646057,0.9449111819267273,98.21052551269531,5598.0,1.5438597202301025,88.0,0.0,0.0,0.24561402201652527,14.0,0.0,0.0,9.999547958374023,14.181753158569336,9.111406326293945,9.111406326293945,0.6472991704940796,0.8050010800361633,89.21052551269531,5085.0,10.01754379272461,571.0,0.0,0.0,0.7719298601150513,44.0,0.0,0.0,12.471575736999512,17.430131912231445,11.385936737060547,11.385936737060547,0.4674805998802185,0.6857866644859314,83.05262756347656,4734.0,15.63157844543457,891.0,0.0,0.0,1.3157894611358643,75.0,0.0,0.0,13.876351356506348,19.084047317504883,12.733522415161133,12.733522415161133,0.36156266927719116,0.6058667898178101,78.98245239257812,4502.0,19.368419647216797,1104.0,0.0,0.0,1.6491228342056274,94.0,0.0,0.0,1.0045263767242432,0.009552699513733387,0.4165525436401367,0.36731889843940735,0.21612858772277832,0.2153346985578537,0.11920291930437088,0.9839780330657959,0.8231382966041565,0.5714285714285714,0.2631579041481018,0.2477443516254425,0.2432330846786499,0.24586467444896698
10,0.2347441565955089,10.50279712677002,15.254881858825684,9.60760498046875,9.60760498046875,0.5918460488319397,0.770160436630249,87.37281036376953,19921.0,11.631579399108887,2652.0,0.0,0.0,0.9956139922142029,227.0,0.0,0.0,5.417481899261475,7.742770195007324,4.9595537185668945,4.9595537185668945,0.894712507724762,0.9459517002105713,98.28070068359375,5602.0,1.4736841917037964,84.0,0.0,0.0,0.24561402201652527,14.0,0.0,0.0,10.026307106018066,14.172308921813965,9.135926246643066,9.135926246643066,0.6477687358856201,0.8054072260856628,89.21052551269531,5085.0,10.01754379272461,571.0,0.0,0.0,0.7719298601150513,44.0,0.0,0.0,12.561870574951172,17.458864212036133,11.472314834594727,11.472314834594727,0.46572351455688477,0.6843475699424744,82.877197265625,4724.0,15.789472579956055,900.0,0.0,0.0,1.3333333730697632,76.0,0.0,0.0,14.00553035736084,19.1109619140625,12.862624168395996,12.862624168395996,0.3597606420516968,0.6032273769378662,79.122802734375,4510.0,19.245615005493164,1097.0,0.0,0.0,1.631579041481018,93.0,0.0,0.0,1.0084166526794434,0.009503552690148354,0.4764080047607422,0.3201883137226105,0.20340371131896973,0.2093639373779297,0.11920291930437088,0.9817588329315186,0.8369077444076538,0.6428571428571429,0.25438597798347473,0.24329572916030884,0.24655388295650482,0.2557644248008728
11,0.23320488117237073,10.483485221862793,15.253555297851562,9.58896255493164,9.58896255493164,0.5919169783592224,0.7703662514686584,87.27631378173828,19899.0,11.692981719970703,2666.0,0.0,0.0,1.030701756477356,235.0,0.0,0.0,5.40231990814209,7.732890605926514,4.943774223327637,4.943774223327637,0.8949810266494751,0.9461138844490051,98.47368621826172,5613.0,1.2982455492019653,74.0,0.0,0.0,0.22807016968727112,13.0,0.0,0.0,10.033397674560547,14.198784828186035,9.140594482421875,9.140594482421875,0.646451473236084,0.8047921061515808,88.96491241455078,5071.0,10.228070259094238,583.0,0.0,0.0,0.8070175647735596,46.0,0.0,0.0,12.551241874694824,17.47406578063965,11.468192100524902,11.468192100524902,0.46479272842407227,0.6839903593063354,82.70175170898438,4714.0,15.877193450927734,905.0,0.0,0.0,1.4210525751113892,81.0,0.0,0.0,13.946986198425293,19.0771541595459,12.803292274475098,12.803292274475098,0.3620237708091736,0.60541832447052,78.96491241455078,4501.0,19.368419647216797,1104.0,0.0,0.0,1.6666667461395264,95.0,0.0,0.0,1.0063159465789795,0.009472746402025223,0.4801783859729767,0.3216506242752075,0.19817103445529938,0.20953327417373657,0.11920291930437088,0.9815447926521301,0.8576807975769043,0.7142857142857143,0.24561403691768646,0.23884710669517517,0.24987469613552094,0.26566416025161743
12,0.2322868381269195,10.485060691833496,15.27977180480957,9.574332237243652,9.574332237243652,0.5905130505561829,0.7693123817443848,87.2368392944336,19890.0,11.706140518188477,2669.0,0.0,0.0,1.05701744556427,241.0,0.0,0.0,5.410686492919922,7.697868824005127,4.947771072387695,4.947771072387695,0.8959301114082336,0.9465687870979309,98.47368621826172,5613.0,1.2982455492019653,74.0,0.0,0.0,0.22807016968727112,13.0,0.0,0.0,10.027313232421875,14.173797607421875,9.1278657913208,9.1278657913208,0.6476947665214539,0.8052322864532471,89.03508758544922,5075.0,10.175437927246094,580.0,0.0,0.0,0.7894736528396606,45.0,0.0,0.0,12.536855697631836,17.503170013427734,11.4393310546875,11.4393310546875,0.46300840377807617,0.6823921799659729,82.5614013671875,4706.0,15.964911460876465,910.0,0.0,0.0,1.4736841917037964,84.0,0.0,0.0,13.9653902053833,19.16692543029785,12.78236198425293,12.78236198425293,0.3560054898262024,0.6011519432067871,78.87718963623047,4496.0,19.38596534729004,1105.0,0.0,0.0,1.736842155456543,99.0,0.0,0.0,1.0045912265777588,0.009454157203435898,0.4648362100124359,0.3458819091320038,0.18928198516368866,0.21461130678653717,0.11920291930437088,0.9803298115730286,0.8791223168373108,0.7857142857142857,0.23684212565422058,0.2343984991312027,0.25319552421569824,0.27556392550468445
13,0.23110838297620961,10.471170425415039,15.313066482543945,9.583138465881348,9.583138465881348,0.5887265801429749,0.7686032056808472,87.01753997802734,19840.0,11.916666030883789,2717.0,0.0,0.0,1.0657894611358643,243.0,0.0,0.0,5.38609504699707,7.691834926605225,4.928515434265137,4.928515434265137,0.8960932493209839,0.9467172622680664,98.45613861083984,5612.0,1.3333333730697632,76.0,0.0,0.0,0.21052630245685577,12.0,0.0,0.0,9.984503746032715,14.199844360351562,9.103443145751953,9.103443145751953,0.6463987827301025,0.8049197793006897,88.8245620727539,5063.0,10.385964393615723,592.0,0.0,0.0,0.7894736528396606,45.0,0.0,0.0,12.533808708190918,17.564390182495117,11.464454650878906,11.464454650878906,0.45924538373947144,0.680698573589325,82.22807312011719,4687.0,16.280702590942383,928.0,0.0,0.0,1.4912279844284058,85.0,0.0,0.0,13.980274200439453,19.200321197509766,12.836141586303711,12.836141586303711,0.35375940799713135,0.6001704931259155,78.5614013671875,4478.0,19.666667938232422,1121.0,0.0,0.0,1.7719298601150513,101.0,0.0,0.0,1.004347324371338,0.009423051960766315,0.4616013467311859,0.3765839636325836,0.16181476414203644,0.20400118827819824,0.11920291930437088,0.9788020253181458,0.8936536312103271,0.8571428571428571,0.22807016968727112,0.22994986176490784,0.25651630759239197,0.2854636609554291
14,0.22955458608807364,10.469050407409668,15.31511402130127,9.557412147521973,9.557412147521973,0.5886166095733643,0.7685984373092651,87.10526275634766,19860.0,11.864034652709961,2705.0,0.0,0.0,1.030701756477356,235.0,0.0,0.0,5.399044513702393,7.720642566680908,4.9383111000061035,4.9383111000061035,0.8953134417533875,0.9462931156158447,98.4385986328125,5611.0,1.3333333730697632,76.0,0.0,0.0,0.22807016968727112,13.0,0.0,0.0,9.980569839477539,14.185016632080078,9.082145690917969,9.082145690917969,0.6471368074417114,0.8053387999534607,88.91227722167969,5068.0,10.298245429992676,587.0,0.0,0.0,0.7894736528396606,45.0,0.0,0.0,12.512412071228027,17.532608032226562,11.41428279876709,11.41428279876709,0.4612005352973938,0.682218611240387,82.40351104736328,4697.0,16.175437927246094,922.0,0.0,0.0,1.4210525751113892,81.0,0.0,0.0,13.984171867370605,19.235265731811523,12.794910430908203,12.794910430908203,0.35140490531921387,0.5988595485687256,78.66667175292969,4484.0,19.64912223815918,1120.0,0.0,0.0,1.6842104196548462,96.0,0.0,0.0,1.005455493927002,0.009387328289449215,0.4527309238910675,0.39285412430763245,0.15441499650478363,0.20341122150421143,0.11920291930437088,0.9799161553382874,0.8967368602752686,0.9285714285714286,0.21929824352264404,0.22550123929977417,0.2598370909690857,0.2953633964061737
15,0.22617650258309724,10.528910636901855,15.425798416137695,9.622832298278809,9.622832298278809,0.5826488137245178,0.7650076746940613,86.99122619628906,19834.0,11.951754570007324,2725.0,0.0,0.0,1.05701744556427,241.0,0.0,0.0,5.410764694213867,7.75806999206543,4.948514938354492,4.948514938354492,0.8942959904670715,0.9457758069038391,98.42105865478516,5610.0,1.3508771657943726,77.0,0.0,0.0,0.22807016968727112,13.0,0.0,0.0,10.01566219329834,14.264741897583008,9.116759300231934,9.116759300231934,0.6431592702865601,0.8030244708061218,88.91227722167969,5068.0,10.298245429992676,587.0,0.0,0.0,0.7894736528396606,45.0,0.0,0.0,12.579127311706543,17.645980834960938,11.493900299072266,11.493900299072266,0.4542098045349121,0.6774967908859253,82.1754379272461,4684.0,16.368419647216797,933.0,0.0,0.0,1.456140398979187,83.0,0.0,0.0,14.110092163085938,19.410564422607422,12.932159423828125,12.932159423828125,0.33952927589416504,0.5906434059143066,78.45613861083984,4472.0,19.789474487304688,1128.0,0.0,0.0,1.7543859481811523,100.0,0.0,0.0,1.0075536966323853,0.009370301850140095,0.4807918965816498,0.3651033639907837,0.15410470962524414,0.20365287363529205,0.11920291930437088,0.9779407382011414,0.9010120630264282,1.0,0.21052631735801697,0.2210526168346405,0.2631579041481018,0.3052631616592407
16,0.22101000778808574,10.596414566040039,15.562171936035156,9.6715087890625,9.6715087890625,0.5752369165420532,0.7607077956199646,86.7368392944336,19776.0,12.223684310913086,2787.0,0.0,0.0,1.0394737720489502,237.0,0.0,0.0,5.425969123840332,7.755321502685547,4.965859889984131,4.965859889984131,0.8943709135055542,0.945824146270752,98.49122619628906,5614.0,1.280701756477356,73.0,0.0,0.0,0.22807016968727112,13.0,0.0,0.0,10.08899974822998,14.353933334350586,9.171436309814453,9.171436309814453,0.6386829614639282,0.8005328178405762,88.75438690185547,5059.0,10.438596725463867,595.0,0.0,0.0,0.8070175647735596,46.0,0.0,0.0,12.676586151123047,17.822315216064453,11.5538911819458,11.5538911819458,0.4432471990585327,0.6707814335823059,81.78947448730469,4662.0,16.807018280029297,958.0,0.0,0.0,1.4035087823867798,80.0,0.0,0.0,14.194101333618164,19.61910629272461,12.994848251342773,12.994848251342773,0.32526111602783203,0.5813758373260498,77.91228485107422,4441.0,20.36842155456543,1161.0,0.0,0.0,1.719298243522644,98.0,0.0,0.0,1.008273720741272,0.009364087134599686,0.5178914666175842,0.35386061668395996,0.1282479614019394,0.20583419501781464,0.11920291930437088,0.9784247279167175,0.9080507755279541,1.0,0.21052631735801697,0.2210526168346405,0.2631579041481018,0.3052631616592407
step,fold5/test_loss,fold5/test_mae,fold5/test_rmse,fold5/test_mard,fold5/test_mape,fold5/test_r2,fold5/test_pearson,fold5/test_ega_zone_a_pct,fold5/test_ega_zone_a_count,fold5/test_ega_zone_b_pct,fold5/test_ega_zone_b_count,fold5/test_ega_zone_c_pct,fold5/test_ega_zone_c_count,fold5/test_ega_zone_d_pct,fold5/test_ega_zone_d_count,fold5/test_ega_zone_e_pct,fold5/test_ega_zone_e_count,fold5/test_horizon_15_mae,fold5/test_horizon_15_rmse,fold5/test_horizon_15_mard,fold5/test_horizon_15_mape,fold5/test_horizon_15_r2,fold5/test_horizon_15_pearson,fold5/test_horizon_15_ega_zone_a_pct,fold5/test_horizon_15_ega_zone_a_count,fold5/test_horizon_15_ega_zone_b_pct,fold5/test_horizon_15_ega_zone_b_count,fold5/test_horizon_15_ega_zone_c_pct,fold5/test_horizon_15_ega_zone_c_count,fold5/test_horizon_15_ega_zone_d_pct,fold5/test_horizon_15_ega_zone_d_count,fold5/test_horizon_15_ega_zone_e_pct,fold5/test_horizon_15_ega_zone_e_count,fold5/test_horizon_30_mae,fold5/test_horizon_30_rmse,fold5/test_horizon_30_mard,fold5/test_horizon_30_mape,fold5/test_horizon_30_r2,fold5/test_horizon_30_pearson,fold5/test_horizon_30_ega_zone_a_pct,fold5/test_horizon_30_ega_zone_a_count,fold5/test_horizon_30_ega_zone_b_pct,fold5/test_horizon_30_ega_zone_b_count,fold5/test_horizon_30_ega_zone_c_pct,fold5/test_horizon_30_ega_zone_c_count,fold5/test_horizon_30_ega_zone_d_pct,fold5/test_horizon_30_ega_zone_d_count,fold5/test_horizon_30_ega_zone_e_pct,fold5/test_horizon_30_ega_zone_e_count,fold5/test_horizon_45_mae,fold5/test_horizon_45_rmse,fold5/test_horizon_45_mard,fold5/test_horizon_45_mape,fold5/test_horizon_45_r2,fold5/test_horizon_45_pearson,fold5/test_horizon_45_ega_zone_a_pct,fold5/test_horizon_45_ega_zone_a_count,fold5/test_horizon_45_ega_zone_b_pct,fold5/test_horizon_45_ega_zone_b_count,fold5/test_horizon_45_ega_zone_c_pct,fold5/test_horizon_45_ega_zone_c_count,fold5/test_horizon_45_ega_zone_d_pct,fold5/test_horizon_45_ega_zone_d_count,fold5/test_horizon_45_ega_zone_e_pct,fold5/test_horizon_45_ega_zone_e_count,fold5/test_horizon_60_mae,fold5/test_horizon_60_rmse,fold5/test_horizon_60_mard,fold5/test_horizon_60_mape,fold5/test_horizon_60_r2,fold5/test_horizon_60_pearson,fold5/test_horizon_60_ega_zone_a_pct,fold5/test_horizon_60_ega_zone_a_count,fold5/test_horizon_60_ega_zone_b_pct,fold5/test_horizon_60_ega_zone_b_count,fold5/test_horizon_60_ega_zone_c_pct,fold5/test_horizon_60_ega_zone_c_count,fold5/test_horizon_60_ega_zone_d_pct,fold5/test_horizon_60_ega_zone_d_count,fold5/test_horizon_60_ega_zone_e_pct,fold5/test_horizon_60_ega_zone_e_count
0,0.17088093316777894,7.829057693481445,11.083320617675781,7.568471908569336,7.568471908569336,0.46482712030410767,0.7041343450546265,93.5362548828125,8205.0,6.452348232269287,566.0,0.0,0.0,0.011399908922612667,1.0,0.0,0.0,4.2051568031311035,5.7758636474609375,4.020870685577393,4.020870685577393,0.8534996509552002,0.9270250797271729,99.72640228271484,2187.0,0.2735978364944458,6.0,0.0,0.0,0.0,0.0,0.0,0.0,7.363907337188721,10.175980567932129,7.0887298583984375,7.0887298583984375,0.5510571002960205,0.7576963305473328,95.85043334960938,2102.0,4.149567127227783,91.0,0.0,0.0,0.0,0.0,0.0,0.0,9.255511283874512,12.587894439697266,8.942420959472656,8.942420959472656,0.31289225816726685,0.5974528193473816,91.74646759033203,2012.0,8.253534317016602,181.0,0.0,0.0,0.0,0.0,0.0,0.0,10.491655349731445,13.999774932861328,10.221866607666016,10.221866607666016,0.14461326599121094,0.4712086021900177,86.82170867919922,1904.0,13.132694244384766,288.0,0.0,0.0,0.04559963569045067,1.0,0.0,0.0
step,fold6/train_loss,fold6/val_mae,fold6/val_rmse,fold6/val_mard,fold6/val_mape,fold6/val_r2,fold6/val_pearson,fold6/val_ega_zone_a_pct,fold6/val_ega_zone_a_count,fold6/val_ega_zone_b_pct,fold6/val_ega_zone_b_count,fold6/val_ega_zone_c_pct,fold6/val_ega_zone_c_count,fold6/val_ega_zone_d_pct,fold6/val_ega_zone_d_count,fold6/val_ega_zone_e_pct,fold6/val_ega_zone_e_count,fold6/val_horizon_15_mae,fold6/val_horizon_15_rmse,fold6/val_horizon_15_mard,fold6/val_horizon_15_mape,fold6/val_horizon_15_r2,fold6/val_horizon_15_pearson,fold6/val_horizon_15_ega_zone_a_pct,fold6/val_horizon_15_ega_zone_a_count,fold6/val_horizon_15_ega_zone_b_pct,fold6/val_horizon_15_ega_zone_b_count,fold6/val_horizon_15_ega_zone_c_pct,fold6/val_horizon_15_ega_zone_c_count,fold6/val_horizon_15_ega_zone_d_pct,fold6/val_horizon_15_ega_zone_d_count,fold6/val_horizon_15_ega_zone_e_pct,fold6/val_horizon_15_ega_zone_e_count,fold6/val_horizon_30_mae,fold6/val_horizon_30_rmse,fold6/val_horizon_30_mard,fold6/val_horizon_30_mape,fold6/val_horizon_30_r2,fold6/val_horizon_30_pearson,fold6/val_horizon_30_ega_zone_a_pct,fold6/val_horizon_30_ega_zone_a_count,fold6/val_horizon_30_ega_zone_b_pct,fold6/val_horizon_30_ega_zone_b_count,fold6/val_horizon_30_ega_zone_c_pct,fold6/val_horizon_30_ega_zone_c_count,fold6/val_horizon_30_ega_zone_d_pct,fold6/val_horizon_30_ega_zone_d_count,fold6/val_horizon_30_ega_zone_e_pct,fold6/val_horizon_30_ega_zone_e_count,fold6/val_horizon_45_mae,fold6/val_horizon_45_rmse,fold6/val_horizon_45_mard,fold6/val_horizon_45_mape,fold6/val_horizon_45_r2,fold6/val_horizon_45_pearson,fold6/val_horizon_45_ega_zone_a_pct,fold6/val_horizon_45_ega_zone_a_count,fold6/val_horizon_45_ega_zone_b_pct,fold6/val_horizon_45_ega_zone_b_count,fold6/val_horizon_45_ega_zone_c_pct,fold6/val_horizon_45_ega_zone_c_count,fold6/val_horizon_45_ega_zone_d_pct,fold6/val_horizon_45_ega_zone_d_count,fold6/val_horizon_45_ega_zone_e_pct,fold6/val_horizon_45_ega_zone_e_count,fold6/val_horizon_60_mae,fold6/val_horizon_60_rmse,fold6/val_horizon_60_mard,fold6/val_horizon_60_mape,fold6/val_horizon_60_r2,fold6/val_horizon_60_pearson,fold6/val_horizon_60_ega_zone_a_pct,fold6/val_horizon_60_ega_zone_a_count,fold6/val_horizon_60_ega_zone_b_pct,fold6/val_horizon_60_ega_zone_b_count,fold6/val_horizon_60_ega_zone_c_pct,fold6/val_horizon_60_ega_zone_c_count,fold6/val_horizon_60_ega_zone_d_pct,fold6/val_horizon_60_ega_zone_d_count,fold6/val_horizon_60_ega_zone_e_pct,fold6/val_horizon_60_ega_zone_e_count,fold6/diag_graph_prior_weight,fold6/diag_graph_residual_mean,fold6/diag_fusion_gate_cgm,fold6/diag_fusion_gate_cgm_guided,fold6/diag_fusion_gate_physio,fold6/diag_horizon_query_similarity,fold6/diag_horizon_progressive_gate,fold6/diag_horizon_attention_similarity,fold6/diag_horizon_attention_entropy,fold6/diag_horizon_curriculum_progress,fold6/diag_loss_horizon_weight_0,fold6/diag_loss_horizon_weight_1,fold6/diag_loss_horizon_weight_2,fold6/diag_loss_horizon_weight_3
1,0.26345984918424775,11.729454040527344,19.064697265625,11.188407897949219,11.188407897949219,0.4065871238708496,0.6813300251960754,83.66647338867188,17078.0,15.015676498413086,3065.0,0.004899078980088234,1.0,1.3080540895462036,267.0,0.004899078980088234,1.0,6.48720121383667,10.164887428283691,6.105407238006592,6.105407238006592,0.8323238492012024,0.9134409427642822,95.10092163085938,4853.0,4.5267486572265625,231.0,0.0,0.0,0.3723300099372864,19.0,0.0,0.0,10.871444702148438,16.993860244750977,10.28167724609375,10.28167724609375,0.5290421843528748,0.7486777305603027,85.18518829345703,4347.0,13.59984302520752,694.0,0.0,0.0,1.2149715423583984,62.0,0.0,0.0,13.863543510437012,21.34947967529297,13.292450904846191,13.292450904846191,0.25386327505111694,0.591653048992157,79.07113647460938,4035.0,19.2631778717041,983.0,0.0,0.0,1.665686845779419,85.0,0.0,0.0,15.695626258850098,24.61573028564453,15.07409954071045,15.07409954071045,0.006121635437011719,0.45354071259498596,75.30864715576172,3843.0,22.672937393188477,1157.0,0.019596315920352936,1.0,1.979227900505066,101.0,0.019596315920352936,1.0,1.002383828163147,0.011749530211091042,0.4613392651081085,0.3214709758758545,0.21718980371952057,0.011919769458472729,0.11920291930437088,0.9999823570251465,0.9999935626983643,0.0,0.3333333432674408,0.28333333134651184,0.21666665375232697,0.1666666716337204
2,0.2580184197195475,11.6723051071167,18.817350387573242,11.21583366394043,11.21583366394043,0.4218851923942566,0.6803408861160278,83.76934814453125,17099.0,14.809915542602539,3023.0,0.004899078980088234,1.0,1.4109346866607666,288.0,0.004899078980088234,1.0,6.554786205291748,10.187895774841309,6.202356338500977,6.202356338500977,0.8315638899803162,0.9126972556114197,94.82657623291016,4839.0,4.644326686859131,237.0,0.0,0.0,0.5291005373001099,27.0,0.0,0.0,10.880887985229492,16.91240882873535,10.361783981323242,10.361783981323242,0.533545970916748,0.7447269558906555,85.34195709228516,4355.0,13.403881072998047,684.0,0.0,0.0,1.254164218902588,64.0,0.0,0.0,13.695213317871094,21.157087326049805,13.193264961242676,13.193264961242676,0.2672503590583801,0.5844847559928894,79.32588195800781,4048.0,18.89084815979004,964.0,0.0,0.0,1.7832647562026978,91.0,0.0,0.0,15.558329582214355,24.060871124267578,15.105926513671875,15.105926513671875,0.050422489643096924,0.4483124911785126,75.58299255371094,3857.0,22.300607681274414,1138.0,0.019596315920352936,1.0,2.07720947265625,106.0,0.019596315920352936,1.0,1.0024139881134033,0.011339674703776836,0.31918299198150635,0.4499090611934662,0.23090797662734985,0.02217862755060196,0.11920291930437088,0.9996106028556824,0.9997990131378174,0.07142857142857142,0.3245614171028137,0.2788847088813782,0.21998745203018188,0.17656642198562622
3,0.2555515012097922,11.58738899230957,18.717222213745117,11.132071495056152,11.132071495056152,0.4280211329460144,0.6802753806114197,83.94571685791016,17135.0,14.623750686645508,2985.0,0.004899078980088234,1.0,1.4256319999694824,291.0,0.0,0.0,6.547241687774658,10.124224662780762,6.211158275604248,6.211158275604248,0.8336626887321472,0.9138426780700684,95.0813217163086,4852.0,4.3895745277404785,224.0,0.0,0.0,0.5291005373001099,27.0,0.0,0.0,10.85294246673584,16.849245071411133,10.33812427520752,10.33812427520752,0.5370236039161682,0.7443581223487854,85.3223648071289,4354.0,13.403881072998047,684.0,0.0,0.0,1.2737605571746826,65.0,0.0,0.0,13.565942764282227,21.05567169189453,13.044685363769531,13.044685363769531,0.27425843477249146,0.5821343064308167,79.48265838623047,4056.0,18.75367546081543,957.0,0.0,0.0,1.763668417930603,90.0,0.0,0.0,15.383423805236816,23.908143997192383,14.934316635131836,14.934316635131836,0.06243908405303955,0.4441976249217987,75.89653015136719,3873.0,21.947874069213867,1120.0,0.019596315920352936,1.0,2.135998487472534,109.0,0.0,0.0,0.9996053576469421,0.011022714897990227,0.19542331993579865,0.36549869179725647,0.4390780031681061,0.03833213075995445,0.11920291930437088,0.994127094745636,0.9972671866416931,0.14285714285714285,0.31578949093818665,0.2744360864162445,0.223308265209198,0.18646617233753204
4,0.2524986341610193,11.49898624420166,18.657100677490234,11.04947566986084,11.04947566986084,0.4316897392272949,0.6792768836021423,84.0877914428711,17164.0,14.437585830688477,2947.0,0.004899078980088234,1.0,1.4697237014770508,300.0,0.0,0.0,6.489356517791748,10.03815746307373,6.154672622680664,6.154672622680664,0.8364787697792053,0.9150596857070923,95.49284362792969,4873.0,3.958455801010132,202.0,0.0,0.0,0.5486968159675598,28.0,0.0,0.0,10.80935287475586,16.81467628479004,10.304638862609863,10.304638862609863,0.5389213562011719,0.7434931993484497,85.24397277832031,4350.0,13.443072319030762,686.0,0.0,0.0,1.3129531145095825,67.0,0.0,0.0,13.456704139709473,21.005451202392578,12.940354347229004,12.940354347229004,0.2777162790298462,0.578754186630249,79.54144287109375,4059.0,18.616500854492188,950.0,0.0,0.0,1.8420536518096924,94.0,0.0,0.0,15.240532875061035,23.824832916259766,14.798233032226562,14.798233032226562,0.06896179914474487,0.439431756734848,76.0728988647461,3882.0,21.73231315612793,1109.0,0.019596315920352936,1.0,2.1751909255981445,111.0,0.0,0.0,1.0014710426330566,0.010811974294483662,0.1592235118150711,0.26227933168411255,0.5784972310066223,0.05797116085886955,0.11920291930437088,0.9888349175453186,0.9919841289520264,0.21428571428571427,0.30701756477355957,0.26998746395111084,0.22662906348705292,0.19636592268943787
5,0.25191188792849156,11.476370811462402,18.564979553222656,11.046690940856934,11.046690940856934,0.4372880458831787,0.6823070645332336,84.17107391357422,17181.0,14.34940242767334,2929.0,0.0,0.0,1.4795218706130981,302.0,0.0,0.0,6.433876991271973,9.918379783630371,6.114189147949219,6.114189147949219,0.8403578400611877,0.9171826839447021,95.5516357421875,4876.0,3.8996670246124268,199.0,0.0,0.0,0.5486968159675598,28.0,0.0,0.0,10.755232810974121,16.721296310424805,10.26950740814209,10.26950740814209,0.5440284013748169,0.7462841868400574,85.26356506347656,4351.0,13.423477172851562,685.0,0.0,0.0,1.3129531145095825,67.0,0.0,0.0,13.45727825164795,20.924333572387695,12.964889526367188,12.964889526367188,0.28328394889831543,0.5809706449508667,79.83538818359375,4074.0,18.322555541992188,935.0,0.0,0.0,1.8420536518096924,94.0,0.0,0.0,15.25909423828125,23.724040985107422,14.838171005249023,14.838171005249023,0.07682269811630249,0.44288820028305054,76.03370666503906,3880.0,21.751911163330078,1110.0,0.0,0.0,2.214383602142334,113.0,0.0,0.0,1.004202127456665,0.010660180822014809,0.16125518083572388,0.2550124526023865,0.5837323665618896,0.07666508108377457,0.11920291930437088,0.9953219294548035,0.9863573908805847,0.2857142857142857,0.2982456088066101,0.2655388414859772,0.22994986176490784,0.2062656730413437
6,0.24591925577355994,11.328885078430176,18.37706756591797,10.890260696411133,10.890260696411133,0.44862180948257446,0.6883565187454224,84.40133666992188,17228.0,14.11424732208252,2881.0,0.004899078980088234,1.0,1.4795218706130981,302.0,0.0,0.0,6.129515171051025,9.44377613067627,5.83113956451416,5.83113956451416,0.8552703261375427,0.925175666809082,96.11992645263672,4905.0,3.3705663681030273,172.0,0.0,0.0,0.5095041990280151,26.0,0.0,0.0,10.622234344482422,16.533390045166016,10.130608558654785,10.130608558654785,0.5542187690734863,0.7517393827438354,85.51832580566406,4364.0,13.149127006530762,671.0,0.0,0.0,1.3325494527816772,68.0,0.0,0.0,13.35910415649414,20.766061782836914,12.842257499694824,12.842257499694824,0.29408544301986694,0.5845306515693665,79.89418029785156,4077.0,18.244169235229492,931.0,0.0,0.0,1.861649990081787,95.0,0.0,0.0,15.204683303833008,23.602949142456055,14.75703239440918,14.75703239440918,0.08622276782989502,0.4437461495399475,76.0728988647461,3882.0,21.69312286376953,1107.0,0.019596315920352936,1.0,2.214383602142334,113.0,0.0,0.0,0.9981975555419922,0.010581126436591148,0.15452484786510468,0.28505706787109375,0.5604181289672852,0.10556038469076157,0.11920291930437088,0.9753113389015198,0.9827193021774292,0.35714285714285715,0.28947368264198303,0.2610902190208435,0.23327067494392395,0.2161654233932495
7,0.23982923358486846,11.11109733581543,18.072786331176758,10.673325538635254,10.673325538635254,0.46672970056533813,0.6983370780944824,84.93043518066406,17336.0,13.619439125061035,2780.0,0.004899078980088234,1.0,1.4403291940689087,294.0,0.004899078980088234,1.0,5.782217025756836,8.917280197143555,5.492879867553711,5.492879867553711,0.8709580302238464,0.9333806037902832,96.64903259277344,4932.0,2.900254726409912,148.0,0.0,0.0,0.4507152736186981,23.0,0.0,0.0,10.35970401763916,16.113004684448242,9.860291481018066,9.860291481018066,0.5765998363494873,0.7646594047546387,86.3609619140625,4407.0,12.365275382995605,631.0,0.0,0.0,1.2737605571746826,65.0,0.0,0.0,13.20836353302002,20.50725555419922,12.693709373474121,12.693709373474121,0.3115713596343994,0.5934134125709534,80.34489440917969,4100.0,17.813051223754883,909.0,0.0,0.0,1.8420536518096924,94.0,0.0,0.0,15.094104766845703,23.383928298950195,14.646418571472168,14.646418571472168,0.10310274362564087,0.4493064284324646,76.3668441772461,3897.0,21.39917755126953,1092.0,0.019596315920352936,1.0,2.1947872638702393,112.0,0.019596315920352936,1.0,0.9934678077697754,0.010537926107645035,0.12806552648544312,0.30507054924964905,0.5668638944625854,0.1443556249141693,0.11920291930437088,0.988832950592041,0.9721071720123291,0.42857142857142855,0.28070175647735596,0.25664159655570984,0.23659147322177887,0.22606515884399414
8,0.23352118013613907,11.041674613952637,18.006118774414062,10.593504905700684,10.593504905700684,0.47065675258636475,0.7010822296142578,85.01861572265625,17354.0,13.536155700683594,2763.0,0.004899078980088234,1.0,1.4354301691055298,293.0,0.004899078980088234,1.0,5.575718879699707,8.518503189086914,5.3126678466796875,5.3126678466796875,0.8822413682937622,0.9394136071205139,97.06055450439453,4953.0,2.5475211143493652,130.0,0.0,0.0,0.3919263482093811,20.0,0.0,0.0,10.253323554992676,15.916854858398438,9.754925727844238,9.754925727844238,0.5868455171585083,0.7712597846984863,86.61571502685547,4420.0,12.110523223876953,618.0,0.0,0.0,1.2737605571746826,65.0,0.0,0.0,13.230432510375977,20.533315658569336,12.679891586303711,12.679891586303711,0.30982059240341187,0.5927984118461609,80.18812561035156,4092.0,17.930627822875977,915.0,0.0,0.0,1.8812463283538818,96.0,0.0,0.0,15.107222557067871,23.43828010559082,14.626535415649414,14.626535415649414,0.09892851114273071,0.44504261016845703,76.21006774902344,3889.0,21.555946350097656,1100.0,0.019596315920352936,1.0,2.1947872638702393,112.0,0.019596315920352936,1.0,0.9926748871803284,0.01049908809363842,0.1279720515012741,0.27206483483314514,0.5999630689620972,0.16747219860553741,0.11920291930437088,0.9818210005760193,0.9613021016120911,0.5,0.2719298303127289,0.25219297409057617,0.2399122714996338,0.23596492409706116
9,0.22858917694549738,11.111859321594238,17.99801254272461,10.681978225708008,10.681978225708008,0.4711332321166992,0.7024820446968079,84.94023132324219,17338.0,13.614540100097656,2779.0,0.004899078980088234,1.0,1.4354301691055298,293.0,0.004899078980088234,1.0,5.523713111877441,8.311102867126465,5.282474994659424,5.282474994659424,0.8879057168960571,0.9426897168159485,97.27610778808594,4964.0,2.3711540699005127,121.0,0.0,0.0,0.35273367166519165,18.0,0.0,0.0,10.29515552520752,15.831067085266113,9.823474884033203,9.823474884033203,0.5912871360778809,0.7748001217842102,86.85086822509766,4432.0,11.875367164611816,606.0,0.0,0.0,1.2737605571746826,65.0,0.0,0.0,13.366201400756836,20.571971893310547,12.826744079589844,12.826744079589844,0.3072195053100586,0.5926825404167175,79.91378021240234,4078.0,18.185380935668945,928.0,0.0,0.0,1.900842547416687,97.0,0.0,0.0,15.262367248535156,23.51192855834961,14.795218467712402,14.795218467712402,0.0932568907737732,0.4440021514892578,75.72016906738281,3864.0,22.02625846862793,1124.0,0.019596315920352936,1.0,2.214383602142334,113.0,0.019596315920352936,1.0,0.9962517619132996,0.010468274354934692,0.21282503008842468,0.23357883095741272,0.5535961389541626,0.17159342765808105,0.11920291930437088,0.9765259623527527,0.9572384357452393,0.5714285714285714,0.2631579041481018,0.2477443516254425,0.2432330846786499,0.24586467444896698
10,0.22338265022355644,11.134661674499512,18.030166625976562,10.699641227722168,10.699641227722168,0.4692419171333313,0.7004730105400085,84.57769775390625,17264.0,13.98197078704834,2854.0,0.004899078980088234,1.0,1.4305310249328613,292.0,0.004899078980088234,1.0,5.472017765045166,8.219588279724121,5.230653762817383,5.230653762817383,0.8903607130050659,0.9438691735267639,97.29570770263672,4965.0,2.351557731628418,120.0,0.0,0.0,0.35273367166519165,18.0,0.0,0.0,10.323236465454102,15.82932186126709,9.842567443847656,9.842567443847656,0.5913772583007812,0.7741634845733643,86.67450714111328,4423.0,12.05173397064209,615.0,0.0,0.0,1.2737605571746826,65.0,0.0,0.0,13.419068336486816,20.631820678710938,12.868637084960938,12.868637084960938,0.3031827211380005,0.5885611176490784,79.26709747314453,4045.0,18.871252059936523,963.0,0.0,0.0,1.861649990081787,95.0,0.0,0.0,15.324323654174805,23.591236114501953,14.856703758239746,14.856703758239746,0.08712959289550781,0.4378868639469147,75.073486328125,3831.0,22.65334129333496,1156.0,0.019596315920352936,1.0,2.2339799404144287,114.0,0.019596315920352936,1.0,0.9941694736480713,0.010461661033332348,0.19980229437351227,0.19561097025871277,0.6045867800712585,0.1770075410604477,0.11920291930437088,0.9709675908088684,0.9620808362960815,0.6428571428571429,0.25438597798347473,0.24329572916030884,0.24655388295650482,0.2557644248008728
11,0.21887089947332006,11.150306701660156,18.05447769165039,10.714262008666992,10.714262008666992,0.46780967712402344,0.7013775110244751,84.64628601074219,17278.0,13.918283462524414,2841.0,0.004899078980088234,1.0,1.4256319999694824,291.0,0.004899078980088234,1.0,5.464305400848389,8.236303329467773,5.219540119171143,5.219540119171143,0.889914333820343,0.9436684846878052,97.3544921875,4968.0,2.3123652935028076,118.0,0.0,0.0,0.3331373631954193,17.0,0.0,0.0,10.30739688873291,15.836648941040039,9.821239471435547,9.821239471435547,0.5909988880157471,0.7749421000480652,86.73329162597656,4426.0,12.012540817260742,613.0,0.0,0.0,1.254164218902588,64.0,0.0,0.0,13.436128616333008,20.649532318115234,12.886728286743164,12.886728286743164,0.3019857406616211,0.5908746123313904,79.44346618652344,4054.0,18.69488525390625,954.0,0.0,0.0,1.861649990081787,95.0,0.0,0.0,15.393396377563477,23.63931655883789,14.929534912109375,14.929534912109375,0.08340471982955933,0.44031858444213867,75.05388641357422,3830.0,22.65334129333496,1156.0,0.019596315920352936,1.0,2.2535762786865234,115.0,0.019596315920352936,1.0,0.9916044473648071,0.010464221239089966,0.1863439977169037,0.1889844685792923,0.6246715784072876,0.17759881913661957,0.11920291930437088,0.9691598415374756,0.9655407667160034,0.7142857142857143,0.24561403691768646,0.23884710669517517,0.24987469613552094,0.26566416025161743
12,0.21385010875646615,11.150283813476562,18.015066146850586,10.709671974182129,10.709671974182129,0.4701305627822876,0.7010818123817444,84.81285858154297,17312.0,13.766412734985352,2810.0,0.004899078980088234,1.0,1.4109346866607666,288.0,0.004899078980088234,1.0,5.438105583190918,8.198188781738281,5.189905166625977,5.189905166625977,0.8909308314323425,0.9440926909446716,97.27610778808594,4964.0,2.3907504081726074,122.0,0.0,0.0,0.3331373631954193,17.0,0.0,0.0,10.3420991897583,15.869775772094727,9.84544849395752,9.84544849395752,0.5892859697341919,0.7729091644287109,86.81167602539062,4430.0,11.953752517700195,610.0,0.0,0.0,1.2345678806304932,63.0,0.0,0.0,13.459602355957031,20.632551193237305,12.907208442687988,12.907208442687988,0.3031333088874817,0.5885798931121826,79.85498809814453,4075.0,18.322555541992188,935.0,0.0,0.0,1.8224574327468872,93.0,0.0,0.0,15.361327171325684,23.524627685546875,14.896125793457031,14.896125793457031,0.0922771692276001,0.43976786732673645,75.30864715576172,3843.0,22.398590087890625,1143.0,0.019596315920352936,1.0,2.2535762786865234,115.0,0.019596315920352936,1.0,0.9878178834915161,0.010475140064954758,0.18665939569473267,0.20968793332576752,0.6036527752876282,0.1811220645904541,0.11920291930437088,0.9650792479515076,0.9605884552001953,0.7857142857142857,0.23684212565422058,0.2343984991312027,0.25319552421569824,0.27556392550468445
13,0.20511187438635117,11.209163665771484,18.066869735717773,10.771347999572754,10.771347999572754,0.4670788049697876,0.6993715167045593,84.59239959716797,17267.0,13.962374687194824,2850.0,0.004899078980088234,1.0,1.4403291940689087,294.0,0.0,0.0,5.439470291137695,8.22514820098877,5.187380790710449,5.187380790710449,0.8902122974395752,0.943662166595459,97.23692321777344,4962.0,2.410346746444702,123.0,0.0,0.0,0.35273367166519165,18.0,0.0,0.0,10.389500617980957,15.956500053405762,9.87814998626709,9.87814998626709,0.5847848653793335,0.7702301144599915,86.59612274169922,4419.0,12.1497163772583,620.0,0.0,0.0,1.254164218902588,64.0,0.0,0.0,13.529492378234863,20.710506439208984,12.981327056884766,12.981327056884766,0.29785752296447754,0.5861184597015381,79.56104278564453,4060.0,18.655691146850586,952.0,0.0,0.0,1.7832647562026978,91.0,0.0,0.0,15.478193283081055,23.54695701599121,15.038533210754395,15.038533210754395,0.0905531644821167,0.4384951889514923,74.97550201416016,3826.0,22.633745193481445,1155.0,0.019596315920352936,1.0,2.3711540699005127,121.0,0.0,0.0,0.9847308397293091,0.010492864064872265,0.18626436591148376,0.2452240288257599,0.5685116648674011,0.1781073361635208,0.11920291930437088,0.9663026332855225,0.95751953125,0.8571428571428571,0.22807016968727112,0.22994986176490784,0.25651630759239197,0.2854636609554291
14,0.19824458597903835,11.36033821105957,18.223793029785156,10.949991226196289,10.949991226196289,0.45778095722198486,0.6942792534828186,84.27885437011719,17203.0,14.246521949768066,2908.0,0.004899078980088234,1.0,1.4697237014770508,300.0,0.0,0.0,5.445885181427002,8.192986488342285,5.194092750549316,5.194092750549316,0.891069233417511,0.9441230297088623,97.25651550292969,4963.0,2.410346746444702,123.0,0.0,0.0,0.3331373631954193,17.0,0.0,0.0,10.511981010437012,15.99572467803955,10.026747703552246,10.026747703552246,0.5827409029006958,0.768988847732544,86.69410705566406,4424.0,12.012540817260742,613.0,0.0,0.0,1.2933567762374878,66.0,0.0,0.0,13.753740310668945,20.906024932861328,13.250808715820312,13.250808715820312,0.284537672996521,0.5786018371582031,78.91436004638672,4027.0,19.2631778717041,983.0,0.0,0.0,1.8224574327468872,93.0,0.0,0.0,15.729743957519531,23.84065055847168,15.328314781188965,15.328314781188965,0.06772512197494507,0.4263065457344055,74.25044250488281,3789.0,23.300018310546875,1189.0,0.019596315920352936,1.0,2.429943084716797,124.0,0.0,0.0,0.9819278120994568,0.01050911471247673,0.16850118339061737,0.2730283737182617,0.5584703683853149,0.18079157173633575,0.11920291930437088,0.9645934104919434,0.9547961950302124,0.9285714285714286,0.21929824352264404,0.22550123929977417,0.2598370909690857,0.2953633964061737
15,0.1911356639543851,11.368306159973145,18.267536163330078,10.950444221496582,10.950444221496582,0.4551748037338257,0.6914678812026978,84.26905822753906,17201.0,14.217127799987793,2902.0,0.004899078980088234,1.0,1.5089163780212402,308.0,0.0,0.0,5.4581298828125,8.21008014678955,5.207543849945068,5.207543849945068,0.8906142115592957,0.9439211487770081,97.39369201660156,4970.0,2.273172616958618,116.0,0.0,0.0,0.3331373631954193,17.0,0.0,0.0,10.554136276245117,16.072324752807617,10.066143035888672,10.066143035888672,0.5787349939346313,0.7658892869949341,86.34136962890625,4406.0,12.326082229614258,629.0,0.0,0.0,1.3325494527816772,68.0,0.0,0.0,13.762364387512207,20.9879150390625,13.248862266540527,13.248862266540527,0.2789217233657837,0.5720508694648743,78.71839904785156,4017.0,19.302371978759766,985.0,0.0,0.0,1.979227900505066,101.0,0.0,0.0,15.698593139648438,23.845211029052734,15.279230117797852,15.279230117797852,0.06736844778060913,0.4213557541370392,74.62276458740234,3808.0,22.966882705688477,1172.0,0.019596315920352936,1.0,2.3907504081726074,122.0,0.0,0.0,0.9802367687225342,0.010524338111281395,0.18498176336288452,0.29536837339401245,0.5196499228477478,0.1775563806295395,0.11920291930437088,0.9659053683280945,0.9520604014396667,1.0,0.21052631735801697,0.2210526168346405,0.2631579041481018,0.3052631616592407
16,0.18136666564184684,11.46761417388916,18.36310577392578,11.063454627990723,11.063454627990723,0.4494592547416687,0.6878459453582764,84.07799530029297,17162.0,14.432686805725098,2946.0,0.0,0.0,1.4893200397491455,304.0,0.0,0.0,5.4493184089660645,8.23271369934082,5.191015243530273,5.191015243530273,0.8900102376937866,0.9435005187988281,97.33489990234375,4967.0,2.292768955230713,117.0,0.0,0.0,0.3723300099372864,19.0,0.0,0.0,10.616908073425293,16.12714958190918,10.131507873535156,10.131507873535156,0.5758562088012695,0.763887882232666,86.28257751464844,4403.0,12.365275382995605,631.0,0.0,0.0,1.352145791053772,69.0,0.0,0.0,13.926227569580078,21.119325637817383,13.439176559448242,13.439176559448242,0.2698637843132019,0.5660829544067383,78.32647705078125,3997.0,19.772682189941406,1009.0,0.0,0.0,1.900842547416687,97.0,0.0,0.0,15.878000259399414,23.97762107849121,15.492110252380371,15.492110252380371,0.05698215961456299,0.41525837779045105,74.3680191040039,3795.0,23.300018310546875,1189.0,0.0,0.0,2.3319613933563232,119.0,0.0,0.0,0.9797146320343018,0.010528127662837505,0.1948854923248291,0.3412235677242279,0.46389099955558777,0.17808985710144043,0.11920291930437088,0.9696354866027832,0.9480682015419006,1.0,0.21052631735801697,0.2210526168346405,0.2631579041481018,0.3052631616592407
step,fold6/test_loss,fold6/test_mae,fold6/test_rmse,fold6/test_mard,fold6/test_mape,fold6/test_r2,fold6/test_pearson,fold6/test_ega_zone_a_pct,fold6/test_ega_zone_a_count,fold6/test_ega_zone_b_pct,fold6/test_ega_zone_b_count,fold6/test_ega_zone_c_pct,fold6/test_ega_zone_c_count,fold6/test_ega_zone_d_pct,fold6/test_ega_zone_d_count,fold6/test_ega_zone_e_pct,fold6/test_ega_zone_e_count,fold6/test_horizon_15_mae,fold6/test_horizon_15_rmse,fold6/test_horizon_15_mard,fold6/test_horizon_15_mape,fold6/test_horizon_15_r2,fold6/test_horizon_15_pearson,fold6/test_horizon_15_ega_zone_a_pct,fold6/test_horizon_15_ega_zone_a_count,fold6/test_horizon_15_ega_zone_b_pct,fold6/test_horizon_15_ega_zone_b_count,fold6/test_horizon_15_ega_zone_c_pct,fold6/test_horizon_15_ega_zone_c_count,fold6/test_horizon_15_ega_zone_d_pct,fold6/test_horizon_15_ega_zone_d_count,fold6/test_horizon_15_ega_zone_e_pct,fold6/test_horizon_15_ega_zone_e_count,fold6/test_horizon_30_mae,fold6/test_horizon_30_rmse,fold6/test_horizon_30_mard,fold6/test_horizon_30_mape,fold6/test_horizon_30_r2,fold6/test_horizon_30_pearson,fold6/test_horizon_30_ega_zone_a_pct,fold6/test_horizon_30_ega_zone_a_count,fold6/test_horizon_30_ega_zone_b_pct,fold6/test_horizon_30_ega_zone_b_count,fold6/test_horizon_30_ega_zone_c_pct,fold6/test_horizon_30_ega_zone_c_count,fold6/test_horizon_30_ega_zone_d_pct,fold6/test_horizon_30_ega_zone_d_count,fold6/test_horizon_30_ega_zone_e_pct,fold6/test_horizon_30_ega_zone_e_count,fold6/test_horizon_45_mae,fold6/test_horizon_45_rmse,fold6/test_horizon_45_mard,fold6/test_horizon_45_mape,fold6/test_horizon_45_r2,fold6/test_horizon_45_pearson,fold6/test_horizon_45_ega_zone_a_pct,fold6/test_horizon_45_ega_zone_a_count,fold6/test_horizon_45_ega_zone_b_pct,fold6/test_horizon_45_ega_zone_b_count,fold6/test_horizon_45_ega_zone_c_pct,fold6/test_horizon_45_ega_zone_c_count,fold6/test_horizon_45_ega_zone_d_pct,fold6/test_horizon_45_ega_zone_d_count,fold6/test_horizon_45_ega_zone_e_pct,fold6/test_horizon_45_ega_zone_e_count,fold6/test_horizon_60_mae,fold6/test_horizon_60_rmse,fold6/test_horizon_60_mard,fold6/test_horizon_60_mape,fold6/test_horizon_60_r2,fold6/test_horizon_60_pearson,fold6/test_horizon_60_ega_zone_a_pct,fold6/test_horizon_60_ega_zone_a_count,fold6/test_horizon_60_ega_zone_b_pct,fold6/test_horizon_60_ega_zone_b_count,fold6/test_horizon_60_ega_zone_c_pct,fold6/test_horizon_60_ega_zone_c_count,fold6/test_horizon_60_ega_zone_d_pct,fold6/test_horizon_60_ega_zone_d_count,fold6/test_horizon_60_ega_zone_e_pct,fold6/test_horizon_60_ega_zone_e_count
0,0.34450123443855313,11.413597106933594,17.737201690673828,8.756706237792969,8.756706237792969,0.5224741697311401,0.7307114005088806,89.53795623779297,5426.0,10.46204662322998,634.0,0.0,0.0,0.0,0.0,0.0,0.0,5.264482021331787,7.3777995109558105,4.179350852966309,4.179350852966309,0.9175745248794556,0.9586573243141174,99.60396575927734,1509.0,0.39603960514068604,6.0,0.0,0.0,0.0,0.0,0.0,0.0,10.405351638793945,15.270676612854004,8.027467727661133,8.027467727661133,0.6462581157684326,0.8080610632896423,91.88118743896484,1392.0,8.11881160736084,123.0,0.0,0.0,0.0,0.0,0.0,0.0,13.86634349822998,20.43699073791504,10.585726737976074,10.585726737976074,0.36552494764328003,0.6223987936973572,85.21452331542969,1291.0,14.785478591918945,224.0,0.0,0.0,0.0,0.0,0.0,0.0,16.118209838867188,23.51886558532715,12.234275817871094,12.234275817871094,0.158636212348938,0.4678587019443512,81.45214080810547,1234.0,18.547855377197266,281.0,0.0,0.0,0.0,0.0,0.0,0.0
step,fold7/train_loss,fold7/val_mae,fold7/val_rmse,fold7/val_mard,fold7/val_mape,fold7/val_r2,fold7/val_pearson,fold7/val_ega_zone_a_pct,fold7/val_ega_zone_a_count,fold7/val_ega_zone_b_pct,fold7/val_ega_zone_b_count,fold7/val_ega_zone_c_pct,fold7/val_ega_zone_c_count,fold7/val_ega_zone_d_pct,fold7/val_ega_zone_d_count,fold7/val_ega_zone_e_pct,fold7/val_ega_zone_e_count,fold7/val_horizon_15_mae,fold7/val_horizon_15_rmse,fold7/val_horizon_15_mard,fold7/val_horizon_15_mape,fold7/val_horizon_15_r2,fold7/val_horizon_15_pearson,fold7/val_horizon_15_ega_zone_a_pct,fold7/val_horizon_15_ega_zone_a_count,fold7/val_horizon_15_ega_zone_b_pct,fold7/val_horizon_15_ega_zone_b_count,fold7/val_horizon_15_ega_zone_c_pct,fold7/val_horizon_15_ega_zone_c_count,fold7/val_horizon_15_ega_zone_d_pct,fold7/val_horizon_15_ega_zone_d_count,fold7/val_horizon_15_ega_zone_e_pct,fold7/val_horizon_15_ega_zone_e_count,fold7/val_horizon_30_mae,fold7/val_horizon_30_rmse,fold7/val_horizon_30_mard,fold7/val_horizon_30_mape,fold7/val_horizon_30_r2,fold7/val_horizon_30_pearson,fold7/val_horizon_30_ega_zone_a_pct,fold7/val_horizon_30_ega_zone_a_count,fold7/val_horizon_30_ega_zone_b_pct,fold7/val_horizon_30_ega_zone_b_count,fold7/val_horizon_30_ega_zone_c_pct,fold7/val_horizon_30_ega_zone_c_count,fold7/val_horizon_30_ega_zone_d_pct,fold7/val_horizon_30_ega_zone_d_count,fold7/val_horizon_30_ega_zone_e_pct,fold7/val_horizon_30_ega_zone_e_count,fold7/val_horizon_45_mae,fold7/val_horizon_45_rmse,fold7/val_horizon_45_mard,fold7/val_horizon_45_mape,fold7/val_horizon_45_r2,fold7/val_horizon_45_pearson,fold7/val_horizon_45_ega_zone_a_pct,fold7/val_horizon_45_ega_zone_a_count,fold7/val_horizon_45_ega_zone_b_pct,fold7/val_horizon_45_ega_zone_b_count,fold7/val_horizon_45_ega_zone_c_pct,fold7/val_horizon_45_ega_zone_c_count,fold7/val_horizon_45_ega_zone_d_pct,fold7/val_horizon_45_ega_zone_d_count,fold7/val_horizon_45_ega_zone_e_pct,fold7/val_horizon_45_ega_zone_e_count,fold7/val_horizon_60_mae,fold7/val_horizon_60_rmse,fold7/val_horizon_60_mard,fold7/val_horizon_60_mape,fold7/val_horizon_60_r2,fold7/val_horizon_60_pearson,fold7/val_horizon_60_ega_zone_a_pct,fold7/val_horizon_60_ega_zone_a_count,fold7/val_horizon_60_ega_zone_b_pct,fold7/val_horizon_60_ega_zone_b_count,fold7/val_horizon_60_ega_zone_c_pct,fold7/val_horizon_60_ega_zone_c_count,fold7/val_horizon_60_ega_zone_d_pct,fold7/val_horizon_60_ega_zone_d_count,fold7/val_horizon_60_ega_zone_e_pct,fold7/val_horizon_60_ega_zone_e_count,fold7/diag_graph_prior_weight,fold7/diag_graph_residual_mean,fold7/diag_fusion_gate_cgm,fold7/diag_fusion_gate_cgm_guided,fold7/diag_fusion_gate_physio,fold7/diag_horizon_query_similarity,fold7/diag_horizon_progressive_gate,fold7/diag_horizon_attention_similarity,fold7/diag_horizon_attention_entropy,fold7/diag_horizon_curriculum_progress,fold7/diag_loss_horizon_weight_0,fold7/diag_loss_horizon_weight_1,fold7/diag_loss_horizon_weight_2,fold7/diag_loss_horizon_weight_3
1,0.2582134031116977,11.54310131072998,17.04970932006836,9.45555591583252,9.45555591583252,0.4234423041343689,0.6823016405105591,87.55707550048828,18408.0,12.14802074432373,2554.0,0.0,0.0,0.2949010729789734,62.0,0.0,0.0,7.048577785491943,10.245877265930176,5.836304664611816,5.836304664611816,0.791469156742096,0.8910640478134155,96.59436798095703,5077.0,3.2724506855010986,172.0,0.0,0.0,0.1331811249256134,7.0,0.0,0.0,11.187715530395508,16.23183250427246,9.185077667236328,9.185077667236328,0.4774618148803711,0.7142430543899536,88.48934936523438,4651.0,11.225266456604004,590.0,0.0,0.0,0.28538814187049866,15.0,0.0,0.0,13.404560089111328,19.197032928466797,10.940923690795898,10.940923690795898,0.26965951919555664,0.589684784412384,83.56163787841797,4392.0,16.057838439941406,844.0,0.0,0.0,0.38051748275756836,20.0,0.0,0.0,14.531553268432617,20.634775161743164,11.859914779663086,11.859914779663086,0.1560208797454834,0.5152647495269775,81.58295440673828,4288.0,18.036529541015625,948.0,0.0,0.0,0.38051748275756836,20.0,0.0,0.0,1.0024782419204712,0.011701706796884537,0.5854520797729492,0.15727673470973969,0.2572712004184723,0.08768442273139954,0.11920291930437088,0.9997089505195618,0.9999430775642395,0.0,0.3333333432674408,0.28333333134651184,0.21666665375232697,0.1666666716337204
2,0.25496856465085604,11.511356353759766,16.852130889892578,9.424395561218262,9.424395561218262,0.4367276430130005,0.684662401676178,88.11357879638672,18525.0,11.591514587402344,2437.0,0.0,0.0,0.2949010729789734,62.0,0.0,0.0,7.063210487365723,10.193784713745117,5.843990802764893,5.843990802764893,0.7935841679573059,0.892052412033081,96.59436798095703,5077.0,3.2724506855010986,172.0,0.0,0.0,0.1331811249256134,7.0,0.0,0.0,11.17340087890625,16.0762882232666,9.165458679199219,9.165458679199219,0.4874284267425537,0.7154914736747742,88.98401641845703,4677.0,10.73059368133545,564.0,0.0,0.0,0.28538814187049866,15.0,0.0,0.0,13.354101181030273,18.94331169128418,10.90904712677002,10.90904712677002,0.28883737325668335,0.5911047458648682,84.41780853271484,4437.0,15.201674461364746,799.0,0.0,0.0,0.38051748275756836,20.0,0.0,0.0,14.454712867736816,20.3658504486084,11.779086112976074,11.779086112976074,0.17787587642669678,0.5152534246444702,82.45814514160156,4334.0,17.161338806152344,902.0,0.0,0.0,0.38051748275756836,20.0,0.0,0.0,0.9997144937515259,0.011172308586537838,0.5052658915519714,0.15486469864845276,0.33986949920654297,0.08815121650695801,0.11920291930437088,0.9948051571846008,0.9973277449607849,0.07142857142857142,0.3245614171028137,0.2788847088813782,0.21998745203018188,0.17656642198562622
3,0.2539330616657025,11.500393867492676,16.722444534301758,9.421871185302734,9.421871185302734,0.4453635811805725,0.6872490644454956,88.42276000976562,18590.0,11.282343864440918,2372.0,0.0,0.0,0.2949010729789734,62.0,0.0,0.0,7.042440414428711,10.123453140258789,5.835763454437256,5.835763454437256,0.7964226603507996,0.8933038115501404,96.74657440185547,5085.0,3.120243549346924,164.0,0.0,0.0,0.1331811249256134,7.0,0.0,0.0,11.161309242248535,15.959159851074219,9.164490699768066,9.164490699768066,0.49487024545669556,0.7177413702011108,88.98401641845703,4677.0,10.73059368133545,564.0,0.0,0.0,0.28538814187049866,15.0,0.0,0.0,13.344870567321777,18.783592224121094,10.911508560180664,10.911508560180664,0.30077892541885376,0.5931192636489868,85.00760650634766,4468.0,14.611871719360352,768.0,0.0,0.0,0.38051748275756836,20.0,0.0,0.0,14.452957153320312,20.21282386779785,11.775721549987793,11.775721549987793,0.1901841163635254,0.5161622166633606,82.95281219482422,4360.0,16.666667938232422,876.0,0.0,0.0,0.38051748275756836,20.0,0.0,0.0,0.9966328740119934,0.010685865767300129,0.7370893359184265,0.08857190608978271,0.17433881759643555,0.10106446593999863,0.11920291930437088,0.9863998293876648,0.969657301902771,0.14285714285714285,0.31578949093818665,0.2744360864162445,0.223308265209198,0.18646617233753204
4,0.2517269865595896,11.359479904174805,16.519126892089844,9.27721118927002,9.27721118927002,0.45876866579055786,0.6928764581680298,88.5606918334961,18619.0,11.14440631866455,2343.0,0.0,0.0,0.2949010729789734,62.0,0.0,0.0,6.951067924499512,9.993096351623535,5.759329319000244,5.759329319000244,0.8016317486763,0.8962447643280029,96.91780853271484,5094.0,2.9490106105804443,155.0,0.0,0.0,0.1331811249256134,7.0,0.0,0.0,11.012258529663086,15.750655174255371,9.018291473388672,9.018291473388672,0.5079829096794128,0.7237510085105896,89.21232604980469,4689.0,10.502283096313477,552.0,0.0,0.0,0.28538814187049866,15.0,0.0,0.0,13.16810131072998,18.548112869262695,10.726280212402344,10.726280212402344,0.31820058822631836,0.598384439945221,85.25495147705078,4481.0,14.36453628540039,755.0,0.0,0.0,0.38051748275756836,20.0,0.0,0.0,14.306493759155273,19.988710403442383,11.60494327545166,11.60494327545166,0.20804262161254883,0.5189940333366394,82.8576889038086,4355.0,16.761796951293945,881.0,0.0,0.0,0.38051748275756836,20.0,0.0,0.0,0.9982016682624817,0.010260281153023243,0.6168611645698547,0.15333402156829834,0.22980482876300812,0.12653382122516632,0.11920291930437088,0.9848096370697021,0.9390708804130554,0.21428571428571427,0.30701756477355957,0.26998746395111084,0.22662906348705292,0.19636592268943787
5,0.24949299320260254,11.340471267700195,16.476850509643555,9.264410972595215,9.264410972595215,0.4615352749824524,0.6934975385665894,88.4798355102539,18602.0,11.230022430419922,2361.0,0.0,0.0,0.2901446223258972,61.0,0.0,0.0,6.819510459899902,9.775986671447754,5.6563029289245605,5.6563029289245605,0.8101575970649719,0.9010181427001953,97.1461181640625,5106.0,2.720700263977051,143.0,0.0,0.0,0.1331811249256134,7.0,0.0,0.0,10.978460311889648,15.671536445617676,8.998468399047852,8.998468399047852,0.5129134654998779,0.7257041931152344,89.13622283935547,4685.0,10.578386306762695,556.0,0.0,0.0,0.28538814187049866,15.0,0.0,0.0,13.191286087036133,18.531221389770508,10.750144958496094,10.750144958496094,0.3194417953491211,0.5960611701011658,85.12176513671875,4474.0,14.497716903686523,762.0,0.0,0.0,0.38051748275756836,20.0,0.0,0.0,14.372627258300781,20.034303665161133,11.652728080749512,11.652728080749512,0.20442569255828857,0.5122088193893433,82.51522064208984,4337.0,17.123287200927734,900.0,0.0,0.0,0.3614916205406189,19.0,0.0,0.0,1.00213623046875,0.009914346039295197,0.6411153674125671,0.1309719979763031,0.22791267931461334,0.16523729264736176,0.11920291930437088,0.9935218691825867,0.9124786257743835,0.2857142857142857,0.2982456088066101,0.2655388414859772,0.22994986176490784,0.2062656730413437
6,0.24551179038951013,11.250314712524414,16.42595863342285,9.164311408996582,9.164311408996582,0.46485644578933716,0.6976274847984314,88.4512939453125,18596.0,11.268074989318848,2369.0,0.0,0.0,0.2806316614151001,59.0,0.0,0.0,6.49420690536499,9.279035568237305,5.394085884094238,5.394085884094238,0.8289678692817688,0.9117214679718018,97.45053100585938,5122.0,2.416285991668701,127.0,0.0,0.0,0.1331811249256134,7.0,0.0,0.0,10.857660293579102,15.513813972473145,8.876570701599121,8.876570701599121,0.5226684808731079,0.7338835000991821,89.36453247070312,4697.0,10.369101524353027,545.0,0.0,0.0,0.2663622498512268,14.0,0.0,0.0,13.203241348266602,18.596942901611328,10.720381736755371,10.720381736755371,0.3146061301231384,0.5949956178665161,84.9124755859375,4463.0,14.726027488708496,774.0,0.0,0.0,0.3614916205406189,19.0,0.0,0.0,14.446150779724121,20.16490364074707,11.666205406188965,11.666205406188965,0.19401943683624268,0.5066697001457214,82.07762908935547,4314.0,17.560882568359375,923.0,0.0,0.0,0.3614916205406189,19.0,0.0,0.0,1.0023531913757324,0.009665129706263542,0.6650659441947937,0.11826401948928833,0.21667014062404633,0.20727437734603882,0.11920291930437088,0.9829862117767334,0.877834141254425,0.35714285714285715,0.28947368264198303,0.2610902190208435,0.23327067494392395,0.2161654233932495
7,0.23926248879221762,11.104037284851074,16.236757278442383,9.068144798278809,9.068144798278809,0.4771135449409485,0.7044932842254639,88.62252807617188,18632.0,11.101598739624023,2334.0,0.0,0.0,0.27587518095970154,58.0,0.0,0.0,6.077340126037598,8.571162223815918,5.095078945159912,5.095078945159912,0.8540676832199097,0.9245328903198242,98.24961853027344,5164.0,1.6362253427505493,86.0,0.0,0.0,0.11415524780750275,6.0,0.0,0.0,10.690918922424316,15.166536331176758,8.779930114746094,8.779930114746094,0.5437995195388794,0.7458997964859009,89.76407623291016,4718.0,9.969558715820312,524.0,0.0,0.0,0.2663622498512268,14.0,0.0,0.0,13.160797119140625,18.529346466064453,10.696903228759766,10.696903228759766,0.3195796012878418,0.5971516370773315,84.60806274414062,4447.0,15.030440330505371,790.0,0.0,0.0,0.3614916205406189,19.0,0.0,0.0,14.48709774017334,20.191675186157227,11.700666427612305,11.700666427612305,0.1918778419494629,0.5023974180221558,81.86833953857422,4303.0,17.770166397094727,934.0,0.0,0.0,0.3614916205406189,19.0,0.0,0.0,1.0044350624084473,0.009455855935811996,0.540686845779419,0.19005374610424042,0.2692594826221466,0.23198866844177246,0.11920291930437088,0.9591066241264343,0.8574416637420654,0.42857142857142855,0.28070175647735596,0.25664159655570984,0.23659147322177887,0.22606515884399414
8,0.23902237595820372,11.047335624694824,16.224822998046875,9.028916358947754,9.028916358947754,0.47788190841674805,0.7049310207366943,88.73192596435547,18655.0,10.987442970275879,2310.0,0.0,0.0,0.2806316614151001,59.0,0.0,0.0,5.907989025115967,8.313530921936035,4.971038818359375,4.971038818359375,0.8627086877822876,0.9291066527366638,98.42085266113281,5173.0,1.4459664821624756,76.0,0.0,0.0,0.1331811249256134,7.0,0.0,0.0,10.620340347290039,15.019327163696289,8.744905471801758,8.744905471801758,0.5526124238967896,0.7508067488670349,89.87823486328125,4724.0,9.855402946472168,518.0,0.0,0.0,0.2663622498512268,14.0,0.0,0.0,13.160640716552734,18.568862915039062,10.704278945922852,10.704278945922852,0.31667429208755493,0.5947561860084534,84.68416595458984,4451.0,14.954337120056152,786.0,0.0,0.0,0.3614916205406189,19.0,0.0,0.0,14.500374794006348,20.33424949645996,11.695444107055664,11.695444107055664,0.18042516708374023,0.4936417043209076,81.94444274902344,4307.0,17.694063186645508,930.0,0.0,0.0,0.3614916205406189,19.0,0.0,0.0,1.0092451572418213,0.00928334891796112,0.5862104892730713,0.20634926855564117,0.20744027197360992,0.24085970222949982,0.11920291930437088,0.9575467705726624,0.840775728225708,0.5,0.2719298303127289,0.25219297409057617,0.2399122714996338,0.23596492409706116
9,0.2363997767418885,11.013477325439453,16.203887939453125,9.015007019042969,9.015007019042969,0.4792284369468689,0.7074847221374512,88.77948760986328,18665.0,10.939878463745117,2300.0,0.0,0.0,0.2806316614151001,59.0,0.0,0.0,5.790984630584717,8.148021697998047,4.890161991119385,4.890161991119385,0.8681207895278931,0.9321389198303223,98.42085266113281,5173.0,1.4459664821624756,76.0,0.0,0.0,0.1331811249256134,7.0,0.0,0.0,10.56457233428955,14.941987991333008,8.721453666687012,8.721453666687012,0.5572080612182617,0.7550625205039978,90.1065444946289,4736.0,9.627092361450195,506.0,0.0,0.0,0.2663622498512268,14.0,0.0,0.0,13.159482955932617,18.56645965576172,10.71849536895752,10.71849536895752,0.3168511986732483,0.5974389910697937,84.66514587402344,4450.0,14.973362922668457,787.0,0.0,0.0,0.3614916205406189,19.0,0.0,0.0,14.538867950439453,20.393558502197266,11.729913711547852,11.729913711547852,0.1756373643875122,0.49456796050071716,81.9254150390625,4306.0,17.713088989257812,931.0,0.0,0.0,0.3614916205406189,19.0,0.0,0.0,1.0120561122894287,0.009149277582764626,0.6333337426185608,0.14669035375118256,0.21997596323490143,0.2459305077791214,0.11920291930437088,0.9535655379295349,0.830852746963501,0.5714285714285714,0.2631579041481018,0.2477443516254425,0.2432330846786499,0.24586467444896698
10,0.23403327348664288,11.07441234588623,16.289714813232422,9.055801391601562,9.055801391601562,0.47369712591171265,0.7041073441505432,88.70814514160156,18650.0,11.015981674194336,2316.0,0.0,0.0,0.27587518095970154,58.0,0.0,0.0,5.79565954208374,8.118735313415527,4.8876190185546875,4.8876190185546875,0.8690671324729919,0.9326279759407043,98.59208679199219,5182.0,1.2937594652175903,68.0,0.0,0.0,0.11415524780750275,6.0,0.0,0.0,10.633527755737305,15.013970375061035,8.769977569580078,8.769977569580078,0.552931547164917,0.7524092197418213,89.89726257324219,4725.0,9.836377143859863,517.0,0.0,0.0,0.2663622498512268,14.0,0.0,0.0,13.257387161254883,18.675251007080078,10.788487434387207,10.788487434387207,0.30882173776626587,0.5915650129318237,84.22754669189453,4427.0,15.410958290100098,810.0,0.0,0.0,0.3614916205406189,19.0,0.0,0.0,14.611075401306152,20.526103973388672,11.77712345123291,11.77712345123291,0.16488689184188843,0.48683997988700867,82.11567687988281,4316.0,17.522830963134766,921.0,0.0,0.0,0.3614916205406189,19.0,0.0,0.0,1.0133898258209229,0.009053322486579418,0.6333725452423096,0.12911731004714966,0.23751020431518555,0.25308898091316223,0.11920291930437088,0.9626576900482178,0.8395969867706299,0.6428571428571429,0.25438597798347473,0.24329572916030884,0.24655388295650482,0.2557644248008728
11,0.23494615517584755,11.080201148986816,16.284669876098633,9.046673774719238,9.046673774719238,0.4740229845046997,0.7042366862297058,88.78424835205078,18666.0,10.944634437561035,2301.0,0.0,0.0,0.271118700504303,57.0,0.0,0.0,5.784499645233154,8.047672271728516,4.876979351043701,4.876979351043701,0.8713491559028625,0.9338182806968689,98.72526550292969,5189.0,1.1796042919158936,62.0,0.0,0.0,0.09512937068939209,5.0,0.0,0.0,10.62548542022705,14.965062141418457,8.756956100463867,8.756956100463867,0.5558394193649292,0.7538833618164062,90.12557220458984,4737.0,9.60806655883789,505.0,0.0,0.0,0.2663622498512268,14.0,0.0,0.0,13.245016098022461,18.64412498474121,10.758976936340332,10.758976936340332,0.3111238479614258,0.592479944229126,84.36073303222656,4434.0,15.277777671813965,803.0,0.0,0.0,0.3614916205406189,19.0,0.0,0.0,14.66580581665039,20.601953506469727,11.793779373168945,11.793779373168945,0.1587035059928894,0.48183727264404297,81.9254150390625,4306.0,17.713088989257812,931.0,0.0,0.0,0.3614916205406189,19.0,0.0,0.0,1.010789394378662,0.008998666889965534,0.5977954268455505,0.18751651048660278,0.21468813717365265,0.2466895431280136,0.11920291930437088,0.9512960314750671,0.8501331806182861,0.7142857142857143,0.24561403691768646,0.23884710669517517,0.24987469613552094,0.26566416025161743
12,0.23421206161825464,11.082504272460938,16.331039428710938,9.05088996887207,9.05088996887207,0.4710233211517334,0.7023336291313171,88.67960357666016,18644.0,11.049277305603027,2323.0,0.0,0.0,0.271118700504303,57.0,0.0,0.0,5.745843887329102,7.998080730438232,4.847299098968506,4.847299098968506,0.8729298114776611,0.9346701502799988,98.70623779296875,5188.0,1.1986300945281982,63.0,0.0,0.0,0.09512937068939209,5.0,0.0,0.0,10.6373872756958,14.960951805114746,8.76855754852295,8.76855754852295,0.5560834407806396,0.754021406173706,89.95433807373047,4728.0,9.77929973602295,514.0,0.0,0.0,0.2663622498512268,14.0,0.0,0.0,13.274079322814941,18.721649169921875,10.783266067504883,10.783266067504883,0.30538302659988403,0.5885794162750244,84.32267761230469,4432.0,15.315829277038574,805.0,0.0,0.0,0.3614916205406189,19.0,0.0,0.0,14.672701835632324,20.700532913208008,11.804434776306152,11.804434776306152,0.15063315629959106,0.47546887397766113,81.73516082763672,4296.0,17.903348922729492,941.0,0.0,0.0,0.3614916205406189,19.0,0.0,0.0,1.0136423110961914,0.008948467671871185,0.6042311787605286,0.1625591218471527,0.2332097887992859,0.2569737732410431,0.11920291930437088,0.9658718109130859,0.8424279689788818,0.7857142857142857,0.23684212565422058,0.2343984991312027,0.25319552421569824,0.27556392550468445
13,0.23340470371653188,11.130778312683105,16.426162719726562,9.061362266540527,9.061362266540527,0.46484309434890747,0.6995981931686401,88.54642486572266,18616.0,11.18245792388916,2351.0,0.0,0.0,0.271118700504303,57.0,0.0,0.0,5.734770774841309,7.990899562835693,4.829248428344727,4.829248428344727,0.8731579184532166,0.9348793625831604,98.68721008300781,5187.0,1.2176560163497925,64.0,0.0,0.0,0.09512937068939209,5.0,0.0,0.0,10.667572975158691,15.00916862487793,8.770709991455078,8.770709991455078,0.5532174110412598,0.7527905702590942,89.82115173339844,4721.0,9.912481307983398,521.0,0.0,0.0,0.2663622498512268,14.0,0.0,0.0,13.3565034866333,18.850797653198242,10.811957359313965,10.811957359313965,0.29576659202575684,0.5833677649497986,84.18949890136719,4425.0,15.449010848999023,812.0,0.0,0.0,0.3614916205406189,19.0,0.0,0.0,14.764265060424805,20.85169219970703,11.83353328704834,11.83353328704834,0.13818329572677612,0.46894770860671997,81.48782348632812,4283.0,18.150684356689453,954.0,0.0,0.0,0.3614916205406189,19.0,0.0,0.0,1.0183639526367188,0.008901422843337059,0.5574502944946289,0.193307563662529,0.24924218654632568,0.2547593414783478,0.11920291930437088,0.9609478116035461,0.8493462800979614,0.8571428571428571,0.22807016968727112,0.22994986176490784,0.25651630759239197,0.2854636609554291
14,0.23088460527463425,11.240378379821777,16.590761184692383,9.143538475036621,9.143538475036621,0.4540642499923706,0.6930965185165405,88.54642486572266,18616.0,11.18245792388916,2351.0,0.0,0.0,0.271118700504303,57.0,0.0,0.0,5.756363868713379,8.024031639099121,4.838623523712158,4.838623523712158,0.8721039295196533,0.9344130158424377,98.70623779296875,5188.0,1.1986300945281982,63.0,0.0,0.0,0.09512937068939209,5.0,0.0,0.0,10.801548957824707,15.192523002624512,8.857606887817383,8.857606887817383,0.5422348976135254,0.7466855049133301,89.76407623291016,4718.0,9.969558715820312,524.0,0.0,0.0,0.2663622498512268,14.0,0.0,0.0,13.507075309753418,19.05064582824707,10.929532051086426,10.929532051086426,0.2807554602622986,0.5732065439224243,84.0753402709961,4419.0,15.563165664672852,818.0,0.0,0.0,0.3614916205406189,19.0,0.0,0.0,14.896526336669922,21.0449161529541,11.948392868041992,11.948392868041992,0.12213712930679321,0.4563036262989044,81.64002990722656,4291.0,17.998477935791016,946.0,0.0,0.0,0.3614916205406189,19.0,0.0,0.0,1.0180095434188843,0.008877147920429707,0.5407311320304871,0.19983603060245514,0.2594328820705414,0.25870510935783386,0.11920291930437088,0.9569382667541504,0.8563987016677856,0.9285714285714286,0.21929824352264404,0.22550123929977417,0.2598370909690857,0.2953633964061737
15,0.22869387423312074,11.387876510620117,16.849098205566406,9.238611221313477,9.238611221313477,0.4369303584098816,0.6844903826713562,88.3466567993164,18574.0,11.382229804992676,2393.0,0.0,0.0,0.271118700504303,57.0,0.0,0.0,5.832783222198486,8.111650466918945,4.893547534942627,4.893547534942627,0.8692954778671265,0.9330694079399109,98.72526550292969,5189.0,1.1796042919158936,62.0,0.0,0.0,0.09512937068939209,5.0,0.0,0.0,10.930092811584473,15.3780517578125,8.93981647491455,8.93981647491455,0.5309863090515137,0.740749716758728,89.45966339111328,4702.0,10.273972511291504,540.0,0.0,0.0,0.2663622498512268,14.0,0.0,0.0,13.697880744934082,19.375329971313477,11.050573348999023,11.050573348999023,0.25603020191192627,0.5602396130561829,83.77092742919922,4403.0,15.86758041381836,834.0,0.0,0.0,0.3614916205406189,19.0,0.0,0.0,15.09074878692627,21.39816665649414,12.07050895690918,12.07050895690918,0.09241890907287598,0.4425763785839081,81.43074798583984,4280.0,18.207763671875,957.0,0.0,0.0,0.3614916205406189,19.0,0.0,0.0,1.0178734064102173,0.008863084018230438,0.5523458123207092,0.18887877464294434,0.25877538323402405,0.26463690400123596,0.11920291930437088,0.9587511420249939,0.8621279001235962,1.0,0.21052631735801697,0.2210526168346405,0.2631579041481018,0.3052631616592407
16,0.22395456264024405,11.425999641418457,16.926029205322266,9.2669038772583,9.2669038772583,0.43177682161331177,0.6816087961196899,88.16114807128906,18535.0,11.567731857299805,2432.0,0.0,0.0,0.271118700504303,57.0,0.0,0.0,5.856724262237549,8.159008979797363,4.908565998077393,4.908565998077393,0.8677648305892944,0.9323290586471558,98.6681900024414,5186.0,1.2366819381713867,65.0,0.0,0.0,0.09512937068939209,5.0,0.0,0.0,10.945323944091797,15.404566764831543,8.95013427734375,8.95013427734375,0.5293675065040588,0.7399200797080994,89.34551239013672,4696.0,10.388127326965332,546.0,0.0,0.0,0.2663622498512268,14.0,0.0,0.0,13.728837013244629,19.418659210205078,11.075756072998047,11.075756072998047,0.2526988387107849,0.5584579706192017,83.46651458740234,4387.0,16.171993255615234,850.0,0.0,0.0,0.3614916205406189,19.0,0.0,0.0,15.173115730285645,21.564027786254883,12.133158683776855,12.133158683776855,0.07829475402832031,0.4334008991718292,81.16438293457031,4266.0,18.474124908447266,971.0,0.0,0.0,0.3614916205406189,19.0,0.0,0.0,1.0201328992843628,0.008848275057971478,0.567234992980957,0.1898392289876938,0.24292582273483276,0.26175156235694885,0.11920291930437088,0.9615066647529602,0.8586891889572144,1.0,0.21052631735801697,0.2210526168346405,0.2631579041481018,0.3052631616592407
17,0.2200778104014719,11.403778076171875,16.8344669342041,9.263779640197754,9.263779640197754,0.43790775537490845,0.6842809319496155,88.13736724853516,18530.0,11.58675765991211,2436.0,0.0,0.0,0.27587518095970154,58.0,0.0,0.0,5.800440311431885,8.095322608947754,4.866590976715088,4.866590976715088,0.8698211908340454,0.9332518577575684,98.6681900024414,5186.0,1.2176560163497925,64.0,0.0,0.0,0.11415524780750275,6.0,0.0,0.0,10.93517017364502,15.356703758239746,8.956792831420898,8.956792831420898,0.53228759765625,0.7410382628440857,89.5357666015625,4706.0,10.197869300842285,536.0,0.0,0.0,0.2663622498512268,14.0,0.0,0.0,13.756131172180176,19.353225708007812,11.11419677734375,11.11419677734375,0.25772666931152344,0.5603156089782715,83.33332824707031,4380.0,16.30517578125,857.0,0.0,0.0,0.3614916205406189,19.0,0.0,0.0,15.123371124267578,21.39362907409668,12.117533683776855,12.117533683776855,0.09280383586883545,0.44059860706329346,81.01217651367188,4258.0,18.626331329345703,979.0,0.0,0.0,0.3614916205406189,19.0,0.0,0.0,1.0216643810272217,0.008836699649691582,0.5777922868728638,0.20393407344818115,0.21827368438243866,0.25401633977890015,0.11920291930437088,0.9596534371376038,0.8772068619728088,1.0,0.21052631735801697,0.2210526168346405,0.2631579041481018,0.3052631616592407
step,fold7/test_loss,fold7/test_mae,fold7/test_rmse,fold7/test_mard,fold7/test_mape,fold7/test_r2,fold7/test_pearson,fold7/test_ega_zone_a_pct,fold7/test_ega_zone_a_count,fold7/test_ega_zone_b_pct,fold7/test_ega_zone_b_count,fold7/test_ega_zone_c_pct,fold7/test_ega_zone_c_count,fold7/test_ega_zone_d_pct,fold7/test_ega_zone_d_count,fold7/test_ega_zone_e_pct,fold7/test_ega_zone_e_count,fold7/test_horizon_15_mae,fold7/test_horizon_15_rmse,fold7/test_horizon_15_mard,fold7/test_horizon_15_mape,fold7/test_horizon_15_r2,fold7/test_horizon_15_pearson,fold7/test_horizon_15_ega_zone_a_pct,fold7/test_horizon_15_ega_zone_a_count,fold7/test_horizon_15_ega_zone_b_pct,fold7/test_horizon_15_ega_zone_b_count,fold7/test_horizon_15_ega_zone_c_pct,fold7/test_horizon_15_ega_zone_c_count,fold7/test_horizon_15_ega_zone_d_pct,fold7/test_horizon_15_ega_zone_d_count,fold7/test_horizon_15_ega_zone_e_pct,fold7/test_horizon_15_ega_zone_e_count,fold7/test_horizon_30_mae,fold7/test_horizon_30_rmse,fold7/test_horizon_30_mard,fold7/test_horizon_30_mape,fold7/test_horizon_30_r2,fold7/test_horizon_30_pearson,fold7/test_horizon_30_ega_zone_a_pct,fold7/test_horizon_30_ega_zone_a_count,fold7/test_horizon_30_ega_zone_b_pct,fold7/test_horizon_30_ega_zone_b_count,fold7/test_horizon_30_ega_zone_c_pct,fold7/test_horizon_30_ega_zone_c_count,fold7/test_horizon_30_ega_zone_d_pct,fold7/test_horizon_30_ega_zone_d_count,fold7/test_horizon_30_ega_zone_e_pct,fold7/test_horizon_30_ega_zone_e_count,fold7/test_horizon_45_mae,fold7/test_horizon_45_rmse,fold7/test_horizon_45_mard,fold7/test_horizon_45_mape,fold7/test_horizon_45_r2,fold7/test_horizon_45_pearson,fold7/test_horizon_45_ega_zone_a_pct,fold7/test_horizon_45_ega_zone_a_count,fold7/test_horizon_45_ega_zone_b_pct,fold7/test_horizon_45_ega_zone_b_count,fold7/test_horizon_45_ega_zone_c_pct,fold7/test_horizon_45_ega_zone_c_count,fold7/test_horizon_45_ega_zone_d_pct,fold7/test_horizon_45_ega_zone_d_count,fold7/test_horizon_45_ega_zone_e_pct,fold7/test_horizon_45_ega_zone_e_count,fold7/test_horizon_60_mae,fold7/test_horizon_60_rmse,fold7/test_horizon_60_mard,fold7/test_horizon_60_mape,fold7/test_horizon_60_r2,fold7/test_horizon_60_pearson,fold7/test_horizon_60_ega_zone_a_pct,fold7/test_horizon_60_ega_zone_a_count,fold7/test_horizon_60_ega_zone_b_pct,fold7/test_horizon_60_ega_zone_b_count,fold7/test_horizon_60_ega_zone_c_pct,fold7/test_horizon_60_ega_zone_c_count,fold7/test_horizon_60_ega_zone_d_pct,fold7/test_horizon_60_ega_zone_d_count,fold7/test_horizon_60_ega_zone_e_pct,fold7/test_horizon_60_ega_zone_e_count
0,0.25712921541334416,9.442033767700195,14.283984184265137,10.249717712402344,10.249717712402344,0.4030415415763855,0.6788560152053833,85.79632568359375,6723.0,12.30219554901123,964.0,0.0,0.0,1.9014803171157837,149.0,0.0,0.0,4.595383167266846,6.816279411315918,4.9140472412109375,4.9140472412109375,0.8652257323265076,0.9324018359184265,98.1623306274414,1923.0,1.4803471565246582,29.0,0.0,0.0,0.35732516646385193,7.0,0.0,0.0,8.533417701721191,12.575034141540527,9.211034774780273,9.211034774780273,0.5361863970756531,0.7546322345733643,88.20826721191406,1728.0,10.260336875915527,201.0,0.0,0.0,1.5313935279846191,30.0,0.0,0.0,11.246696472167969,16.24090003967285,12.2213773727417,12.2213773727417,0.2257697582244873,0.568789541721344,81.57222747802734,1598.0,15.926493644714355,312.0,0.0,0.0,2.5012760162353516,49.0,0.0,0.0,13.3926362991333,18.648557662963867,14.652410507202148,14.652410507202148,-0.020579814910888672,0.4126776456832886,75.24246978759766,1474.0,21.541603088378906,422.0,0.0,0.0,3.2159264087677,63.0,0.0,0.0
step,fold8/train_loss,fold8/val_mae,fold8/val_rmse,fold8/val_mard,fold8/val_mape,fold8/val_r2,fold8/val_pearson,fold8/val_ega_zone_a_pct,fold8/val_ega_zone_a_count,fold8/val_ega_zone_b_pct,fold8/val_ega_zone_b_count,fold8/val_ega_zone_c_pct,fold8/val_ega_zone_c_count,fold8/val_ega_zone_d_pct,fold8/val_ega_zone_d_count,fold8/val_ega_zone_e_pct,fold8/val_ega_zone_e_count,fold8/val_horizon_15_mae,fold8/val_horizon_15_rmse,fold8/val_horizon_15_mard,fold8/val_horizon_15_mape,fold8/val_horizon_15_r2,fold8/val_horizon_15_pearson,fold8/val_horizon_15_ega_zone_a_pct,fold8/val_horizon_15_ega_zone_a_count,fold8/val_horizon_15_ega_zone_b_pct,fold8/val_horizon_15_ega_zone_b_count,fold8/val_horizon_15_ega_zone_c_pct,fold8/val_horizon_15_ega_zone_c_count,fold8/val_horizon_15_ega_zone_d_pct,fold8/val_horizon_15_ega_zone_d_count,fold8/val_horizon_15_ega_zone_e_pct,fold8/val_horizon_15_ega_zone_e_count,fold8/val_horizon_30_mae,fold8/val_horizon_30_rmse,fold8/val_horizon_30_mard,fold8/val_horizon_30_mape,fold8/val_horizon_30_r2,fold8/val_horizon_30_pearson,fold8/val_horizon_30_ega_zone_a_pct,fold8/val_horizon_30_ega_zone_a_count,fold8/val_horizon_30_ega_zone_b_pct,fold8/val_horizon_30_ega_zone_b_count,fold8/val_horizon_30_ega_zone_c_pct,fold8/val_horizon_30_ega_zone_c_count,fold8/val_horizon_30_ega_zone_d_pct,fold8/val_horizon_30_ega_zone_d_count,fold8/val_horizon_30_ega_zone_e_pct,fold8/val_horizon_30_ega_zone_e_count,fold8/val_horizon_45_mae,fold8/val_horizon_45_rmse,fold8/val_horizon_45_mard,fold8/val_horizon_45_mape,fold8/val_horizon_45_r2,fold8/val_horizon_45_pearson,fold8/val_horizon_45_ega_zone_a_pct,fold8/val_horizon_45_ega_zone_a_count,fold8/val_horizon_45_ega_zone_b_pct,fold8/val_horizon_45_ega_zone_b_count,fold8/val_horizon_45_ega_zone_c_pct,fold8/val_horizon_45_ega_zone_c_count,fold8/val_horizon_45_ega_zone_d_pct,fold8/val_horizon_45_ega_zone_d_count,fold8/val_horizon_45_ega_zone_e_pct,fold8/val_horizon_45_ega_zone_e_count,fold8/val_horizon_60_mae,fold8/val_horizon_60_rmse,fold8/val_horizon_60_mard,fold8/val_horizon_60_mape,fold8/val_horizon_60_r2,fold8/val_horizon_60_pearson,fold8/val_horizon_60_ega_zone_a_pct,fold8/val_horizon_60_ega_zone_a_count,fold8/val_horizon_60_ega_zone_b_pct,fold8/val_horizon_60_ega_zone_b_count,fold8/val_horizon_60_ega_zone_c_pct,fold8/val_horizon_60_ega_zone_c_count,fold8/val_horizon_60_ega_zone_d_pct,fold8/val_horizon_60_ega_zone_d_count,fold8/val_horizon_60_ega_zone_e_pct,fold8/val_horizon_60_ega_zone_e_count,fold8/diag_graph_prior_weight,fold8/diag_graph_residual_mean,fold8/diag_fusion_gate_cgm,fold8/diag_fusion_gate_cgm_guided,fold8/diag_fusion_gate_physio,fold8/diag_horizon_query_similarity,fold8/diag_horizon_progressive_gate,fold8/diag_horizon_attention_similarity,fold8/diag_horizon_attention_entropy,fold8/diag_horizon_curriculum_progress,fold8/diag_loss_horizon_weight_0,fold8/diag_loss_horizon_weight_1,fold8/diag_loss_horizon_weight_2,fold8/diag_loss_horizon_weight_3
1,0.2518101798441441,9.273653030395508,14.705739974975586,7.802335262298584,7.802335262298584,0.5489862561225891,0.7512959241867065,91.94641876220703,17091.0,8.037443161010742,1494.0,0.0,0.0,0.016139443963766098,3.0,0.0,0.0,5.355359077453613,8.062646865844727,4.531548500061035,4.531548500061035,0.864136815071106,0.9299142956733704,98.47212982177734,4576.0,1.4848289489746094,69.0,0.0,0.0,0.04303852096199989,2.0,0.0,0.0,8.731904029846191,13.219688415527344,7.319793701171875,7.319793701171875,0.6354576349258423,0.8008061051368713,93.522705078125,4346.0,6.477297306060791,301.0,0.0,0.0,0.0,0.0,0.0,0.0,10.793539047241211,16.53944969177246,9.074113845825195,9.074113845825195,0.4296639561653137,0.6773982048034668,89.11125946044922,4141.0,10.888745307922363,506.0,0.0,0.0,0.0,0.0,0.0,0.0,12.213812828063965,18.754074096679688,10.283886909484863,10.283886909484863,0.2679891586303711,0.5787715911865234,86.67958068847656,4028.0,13.298901557922363,618.0,0.0,0.0,0.021519260480999947,1.0,0.0,0.0,1.0025525093078613,0.011598516255617142,0.5627678632736206,0.2708112597465515,0.16642089188098907,-0.022476082667708397,0.11920291930437088,0.9999255537986755,0.9999732971191406,0.0,0.3333333432674408,0.28333333134651184,0.21666665375232697,0.1666666716337204
2,0.24715558858078565,9.403729438781738,14.681096076965332,7.975801944732666,7.975801944732666,0.5504965782165527,0.7482768893241882,91.9571762084961,17093.0,8.026683807373047,1492.0,0.0,0.0,0.016139443963766098,3.0,0.0,0.0,5.403735160827637,8.050573348999023,4.607375144958496,4.607375144958496,0.8645433783531189,0.9298877120018005,98.47212982177734,4576.0,1.4848289489746094,69.0,0.0,0.0,0.04303852096199989,2.0,0.0,0.0,8.822702407836914,13.208915710449219,7.45912504196167,7.45912504196167,0.6360515356063843,0.799366295337677,93.45814514160156,4343.0,6.5418548583984375,304.0,0.0,0.0,0.0,0.0,0.0,0.0,10.972068786621094,16.532941818237305,9.284815788269043,9.284815788269043,0.43011271953582764,0.6713391542434692,89.17581176757812,4144.0,10.824188232421875,503.0,0.0,0.0,0.0,0.0,0.0,0.0,12.416412353515625,18.695266723632812,10.55189037322998,10.55189037322998,0.2725726366043091,0.5675444006919861,86.72261810302734,4030.0,13.255864143371582,616.0,0.0,0.0,0.021519260480999947,1.0,0.0,0.0,1.002638339996338,0.010503023862838745,0.5167540907859802,0.22581909596920013,0.25742682814598083,-0.011400868184864521,0.11920291930437088,0.9992167949676514,0.9992676377296448,0.07142857142857142,0.3245614171028137,0.2788847088813782,0.21998745203018188,0.17656642198562622
3,0.24777011404169486,9.468817710876465,14.63851547241211,8.020207405090332,8.020207405090332,0.5531002283096313,0.747843325138092,92.15084838867188,17129.0,7.833010673522949,1456.0,0.0,0.0,0.016139443963766098,3.0,0.0,0.0,5.462864875793457,8.050498008728027,4.658430576324463,4.658430576324463,0.8645459413528442,0.9301342964172363,98.53668975830078,4579.0,1.4202711582183838,66.0,0.0,0.0,0.04303852096199989,2.0,0.0,0.0,8.88245677947998,13.203396797180176,7.51018762588501,7.51018762588501,0.6363555192947388,0.7986119985580444,93.56574249267578,4348.0,6.434258937835693,299.0,0.0,0.0,0.0,0.0,0.0,0.0,11.051227569580078,16.50029945373535,9.336365699768066,9.336365699768066,0.43236076831817627,0.6687358021736145,89.41252136230469,4155.0,10.587475776672363,492.0,0.0,0.0,0.0,0.0,0.0,0.0,12.478721618652344,18.59420394897461,10.575844764709473,10.575844764709473,0.28041595220565796,0.5652198195457458,87.08843994140625,4047.0,12.890036582946777,599.0,0.0,0.0,0.021519260480999947,1.0,0.0,0.0,1.0032920837402344,0.009190111421048641,0.5680577158927917,0.14306466281414032,0.2888776361942291,0.015883395448327065,0.11920291930437088,0.9935281276702881,0.9950652122497559,0.14285714285714285,0.31578949093818665,0.2744360864162445,0.223308265209198,0.18646617233753204
4,0.24666202266184495,9.399394035339355,14.625213623046875,7.946147918701172,7.946147918701172,0.5539120435714722,0.7466526627540588,92.15084838867188,17129.0,7.833010673522949,1456.0,0.0,0.0,0.016139443963766098,3.0,0.0,0.0,5.411285877227783,8.035848617553711,4.613059997558594,4.613059997558594,0.8650384545326233,0.9309657216072083,98.51516723632812,4578.0,1.4417904615402222,67.0,0.0,0.0,0.04303852096199989,2.0,0.0,0.0,8.800894737243652,13.194957733154297,7.435463905334473,7.435463905334473,0.6368203163146973,0.7984743118286133,93.65181732177734,4352.0,6.34818172454834,295.0,0.0,0.0,0.0,0.0,0.0,0.0,10.95229434967041,16.474075317382812,9.233016014099121,9.233016014099121,0.4341636896133423,0.6662204265594482,89.64923858642578,4166.0,10.350763320922852,481.0,0.0,0.0,0.0,0.0,0.0,0.0,12.433100700378418,18.587915420532227,10.503050804138184,10.503050804138184,0.2809026837348938,0.5566591024398804,86.78717803955078,4033.0,13.191307067871094,613.0,0.0,0.0,0.021519260480999947,1.0,0.0,0.0,1.0021319389343262,0.007980432361364365,0.5259844064712524,0.21964971721172333,0.2543658912181854,0.04119325429201126,0.11920291930437088,0.9887962341308594,0.988723874092102,0.21428571428571427,0.30701756477355957,0.26998746395111084,0.22662906348705292,0.19636592268943787
5,0.2436130507991667,9.308632850646973,14.411463737487793,7.884189605712891,7.884189605712891,0.5668561458587646,0.7536531090736389,92.33914947509766,17164.0,7.644716739654541,1421.0,0.0,0.0,0.016139443963766098,3.0,0.0,0.0,5.258350372314453,7.757872581481934,4.490223407745361,4.490223407745361,0.8742141127586365,0.9362297058105469,98.77339935302734,4590.0,1.1835592985153198,55.0,0.0,0.0,0.04303852096199989,2.0,0.0,0.0,8.753959655761719,13.047569274902344,7.4122796058654785,7.4122796058654785,0.6448884010314941,0.8034272193908691,93.84548950195312,4361.0,6.154508113861084,286.0,0.0,0.0,0.0,0.0,0.0,0.0,10.905256271362305,16.29167938232422,9.21511459350586,9.21511459350586,0.44662386178970337,0.6713969707489014,89.82139587402344,4174.0,10.178609848022461,473.0,0.0,0.0,0.0,0.0,0.0,0.0,12.316962242126465,18.30078125,10.41914176940918,10.41914176940918,0.30294740200042725,0.5648372173309326,86.91629028320312,4039.0,13.062191009521484,607.0,0.0,0.0,0.021519260480999947,1.0,0.0,0.0,1.0005888938903809,0.007122665643692017,0.5243855714797974,0.22753088176250458,0.24808351695537567,0.07331304252147675,0.11920291930437088,0.9966409802436829,0.9795799255371094,0.2857142857142857,0.2982456088066101,0.2655388414859772,0.22994986176490784,0.2062656730413437
6,0.2401277895663212,9.113425254821777,14.147706985473633,7.744263172149658,7.744263172149658,0.5825657248497009,0.7635654807090759,92.46826171875,17188.0,7.5102219581604,1396.0,0.0,0.0,0.021519260480999947,4.0,0.0,0.0,5.025551795959473,7.303197383880615,4.309898853302002,4.309898853302002,0.8885262608528137,0.9436915516853333,99.07467651367188,4604.0,0.8822896480560303,41.0,0.0,0.0,0.04303852096199989,2.0,0.0,0.0,8.539946556091309,12.705860137939453,7.253283500671387,7.253283500671387,0.6632452607154846,0.81501704454422,94.125244140625,4374.0,5.853238582611084,272.0,0.0,0.0,0.021519260480999947,1.0,0.0,0.0,10.74625301361084,16.088420867919922,9.108179092407227,9.108179092407227,0.4603457450866699,0.6799291968345642,89.82139587402344,4174.0,10.178609848022461,473.0,0.0,0.0,0.0,0.0,0.0,0.0,12.141947746276855,18.08362579345703,10.305691719055176,10.305691719055176,0.31939154863357544,0.5754295587539673,86.85173034667969,4036.0,13.126749038696289,610.0,0.0,0.0,0.021519260480999947,1.0,0.0,0.0,0.9999774098396301,0.0065293097868561745,0.6077325940132141,0.27779629826545715,0.11447116732597351,0.11714324355125427,0.11920291930437088,0.9987156391143799,0.951837956905365,0.35714285714285715,0.28947368264198303,0.2610902190208435,0.23327067494392395,0.2161654233932495
7,0.2364599725021003,8.987767219543457,14.001279830932617,7.6266279220581055,7.6266279220581055,0.5911617279052734,0.7692459225654602,92.57048034667969,17207.0,7.4080047607421875,1377.0,0.0,0.0,0.021519260480999947,4.0,0.0,0.0,4.831226825714111,6.9466633796691895,4.161743640899658,4.161743640899658,0.8991445899009705,0.9488357305526733,99.16075134277344,4608.0,0.7962126135826111,37.0,0.0,0.0,0.04303852096199989,2.0,0.0,0.0,8.362693786621094,12.435540199279785,7.1016645431518555,7.1016645431518555,0.6774219274520874,0.8236875534057617,94.426513671875,4388.0,5.551969051361084,258.0,0.0,0.0,0.021519260480999947,1.0,0.0,0.0,10.631300926208496,15.953594207763672,8.991419792175293,8.991419792175293,0.4693528413772583,0.686241090297699,89.95050811767578,4180.0,10.049494743347168,467.0,0.0,0.0,0.0,0.0,0.0,0.0,12.125846862792969,18.075603485107422,10.251684188842773,10.251684188842773,0.3199954032897949,0.5735967755317688,86.74413299560547,4031.0,13.234344482421875,615.0,0.0,0.0,0.021519260480999947,1.0,0.0,0.0,0.9994245171546936,0.006109317764639854,0.6353334188461304,0.21041208505630493,0.15425457060337067,0.1438063532114029,0.11920291930437088,0.998164176940918,0.9361829161643982,0.42857142857142855,0.28070175647735596,0.25664159655570984,0.23659147322177887,0.22606515884399414
8,0.23478688938753545,8.951207160949707,13.862010955810547,7.634002685546875,7.634002685546875,0.5992546081542969,0.7742206454277039,92.71572875976562,17234.0,7.262750148773193,1350.0,0.0,0.0,0.021519260480999947,4.0,0.0,0.0,4.6881937980651855,6.64072322845459,4.075305938720703,4.075305938720703,0.9078326225280762,0.953217625617981,99.33290100097656,4616.0,0.6240585446357727,29.0,0.0,0.0,0.04303852096199989,2.0,0.0,0.0,8.313965797424316,12.181245803833008,7.111745834350586,7.111745834350586,0.6904798150062561,0.8312351107597351,94.72777557373047,4402.0,5.250699520111084,244.0,0.0,0.0,0.021519260480999947,1.0,0.0,0.0,10.629776954650879,15.82046127319336,9.028385162353516,9.028385162353516,0.4781724810600281,0.6920650005340576,90.23025512695312,4193.0,9.769743919372559,454.0,0.0,0.0,0.0,0.0,0.0,0.0,12.172893524169922,18.05138397216797,10.320576667785645,10.320576667785645,0.3218163251876831,0.5743237733840942,86.57197570800781,4023.0,13.406498908996582,623.0,0.0,0.0,0.021519260480999947,1.0,0.0,0.0,1.000622034072876,0.005787133704870939,0.6869987845420837,0.19315214455127716,0.11984913051128387,0.15427376329898834,0.11920291930437088,0.9971104264259338,0.9224854707717896,0.5,0.2719298303127289,0.25219297409057617,0.2399122714996338,0.23596492409706116
9,0.2328228277711574,8.923713684082031,13.768098831176758,7.629978656768799,7.629978656768799,0.6046661734580994,0.77763831615448,92.79642486572266,17249.0,7.1820526123046875,1335.0,0.0,0.0,0.021519260480999947,4.0,0.0,0.0,4.662327289581299,6.518805503845215,4.063630104064941,4.063630104064941,0.9111857414245605,0.9550200700759888,99.35442352294922,4617.0,0.6025392413139343,28.0,0.0,0.0,0.04303852096199989,2.0,0.0,0.0,8.266016006469727,12.025781631469727,7.098618030548096,7.098618030548096,0.6983299255371094,0.836155354976654,94.98600769042969,4414.0,4.992468357086182,232.0,0.0,0.0,0.021519260480999947,1.0,0.0,0.0,10.635564804077148,15.727612495422363,9.057416915893555,9.057416915893555,0.4842796325683594,0.696035623550415,90.38088989257812,4200.0,9.619109153747559,447.0,0.0,0.0,0.0,0.0,0.0,0.0,12.13094425201416,17.993614196777344,10.300250053405762,10.300250053405762,0.326150119304657,0.5760693550109863,86.46438598632812,4018.0,13.514095306396484,628.0,0.0,0.0,0.021519260480999947,1.0,0.0,0.0,1.002956748008728,0.005574105307459831,0.6453719735145569,0.2391640692949295,0.11546400189399719,0.16426637768745422,0.11920291930437088,0.9969659447669983,0.9109675884246826,0.5714285714285714,0.2631579041481018,0.2477443516254425,0.2432330846786499,0.24586467444896698
10,0.23192819494395014,8.942648887634277,13.744282722473145,7.65614652633667,7.65614652633667,0.60603266954422,0.7786259055137634,92.69959259033203,17231.0,7.2788896560668945,1353.0,0.0,0.0,0.021519260480999947,4.0,0.0,0.0,4.710208892822266,6.543484210968018,4.1061577796936035,4.1061577796936035,0.9105120301246643,0.9546579718589783,99.28986358642578,4614.0,0.6670970320701599,31.0,0.0,0.0,0.04303852096199989,2.0,0.0,0.0,8.285432815551758,12.00448989868164,7.115965366363525,7.115965366363525,0.6993972063064575,0.8367003798484802,94.92145538330078,4411.0,5.057025909423828,235.0,0.0,0.0,0.021519260480999947,1.0,0.0,0.0,10.63263988494873,15.695612907409668,9.065291404724121,9.065291404724121,0.4863760471343994,0.6976062655448914,90.31632995605469,4197.0,9.683667182922363,450.0,0.0,0.0,0.0,0.0,0.0,0.0,12.142314910888672,17.953941345214844,10.337173461914062,10.337173461914062,0.32911837100982666,0.5780446529388428,86.27071380615234,4009.0,13.707769393920898,637.0,0.0,0.0,0.021519260480999947,1.0,0.0,0.0,1.0014547109603882,0.005433953367173672,0.6827288269996643,0.22544364631175995,0.09182752668857574,0.16538091003894806,0.11920291930437088,0.9961187243461609,0.9041021466255188,0.6428571428571429,0.25438597798347473,0.24329572916030884,0.24655388295650482,0.2557644248008728
11,0.23377918081434837,8.901361465454102,13.670212745666504,7.624755859375,7.624755859375,0.6102675199508667,0.781378984451294,92.7587661743164,17242.0,7.225091934204102,1343.0,0.0,0.0,0.016139443963766098,3.0,0.0,0.0,4.669106960296631,6.488677024841309,4.075733661651611,4.075733661651611,0.912004828453064,0.9554852843284607,99.3113784790039,4615.0,0.6670970320701599,31.0,0.0,0.0,0.021519260480999947,1.0,0.0,0.0,8.268542289733887,11.941986083984375,7.1075758934021,7.1075758934021,0.7025193572044373,0.8386290669441223,94.94297790527344,4412.0,5.035506725311279,234.0,0.0,0.0,0.021519260480999947,1.0,0.0,0.0,10.589897155761719,15.610590934753418,9.034849166870117,9.034849166870117,0.4919254779815674,0.7015853524208069,90.38088989257812,4200.0,9.619109153747559,447.0,0.0,0.0,0.0,0.0,0.0,0.0,12.077901840209961,17.86321449279785,10.280865669250488,10.280865669250488,0.3358815908432007,0.5840029120445251,86.39982604980469,4015.0,13.578653335571289,631.0,0.0,0.0,0.021519260480999947,1.0,0.0,0.0,0.9981098175048828,0.005348025355488062,0.663628101348877,0.21459515392780304,0.1217767521739006,0.17689847946166992,0.11920291930437088,0.997493326663971,0.894467830657959,0.7142857142857143,0.24561403691768646,0.23884710669517517,0.24987469613552094,0.26566416025161743
12,0.23225657064126007,8.900092124938965,13.70114517211914,7.616397857666016,7.616397857666016,0.6085017919540405,0.7801448702812195,92.72649383544922,17236.0,7.257370471954346,1349.0,0.0,0.0,0.016139443963766098,3.0,0.0,0.0,4.622307777404785,6.393011093139648,4.038571357727051,4.038571357727051,0.9145804047584534,0.9567347764968872,99.37593841552734,4618.0,0.6025392413139343,28.0,0.0,0.0,0.021519260480999947,1.0,0.0,0.0,8.22533893585205,11.918905258178711,7.065849781036377,7.065849781036377,0.7036681175231934,0.83926922082901,95.05056762695312,4417.0,4.927910327911377,229.0,0.0,0.0,0.021519260480999947,1.0,0.0,0.0,10.623279571533203,15.678827285766602,9.04808235168457,9.04808235168457,0.4874740242958069,0.6983042359352112,90.23025512695312,4193.0,9.769743919372559,454.0,0.0,0.0,0.0,0.0,0.0,0.0,12.129443168640137,17.947952270507812,10.313088417053223,10.313088417053223,0.3295658826828003,0.5782155394554138,86.24919128417969,4008.0,13.729288101196289,638.0,0.0,0.0,0.021519260480999947,1.0,0.0,0.0,0.9938100576400757,0.005292201414704323,0.6499250531196594,0.23166529834270477,0.11840973794460297,0.1752747744321823,0.11920291930437088,0.9965801239013672,0.9011561870574951,0.7857142857142857,0.23684212565422058,0.2343984991312027,0.25319552421569824,0.27556392550468445
13,0.2314010457829165,8.909571647644043,13.672444343566895,7.6529107093811035,7.6529107093811035,0.610140323638916,0.7813358902931213,92.75338745117188,17241.0,7.225091934204102,1343.0,0.0,0.0,0.021519260480999947,4.0,0.0,0.0,4.641290664672852,6.392584800720215,4.0626091957092285,4.0626091957092285,0.9145917892456055,0.9568427801132202,99.37593841552734,4618.0,0.5810199975967407,27.0,0.0,0.0,0.04303852096199989,2.0,0.0,0.0,8.240363121032715,11.901789665222168,7.106725215911865,7.106725215911865,0.7045186161994934,0.8399257063865662,95.07209014892578,4418.0,4.906391143798828,228.0,0.0,0.0,0.021519260480999947,1.0,0.0,0.0,10.636852264404297,15.65610122680664,9.094830513000488,9.094830513000488,0.4889587163925171,0.699419379234314,90.1226577758789,4188.0,9.877340316772461,459.0,0.0,0.0,0.0,0.0,0.0,0.0,12.11977767944336,17.891666412353516,10.347478866577148,10.347478866577148,0.33376437425613403,0.581398069858551,86.44286346435547,4017.0,13.535614013671875,629.0,0.0,0.0,0.021519260480999947,1.0,0.0,0.0,0.9886558055877686,0.005256934091448784,0.6445000767707825,0.24693331122398376,0.10856669396162033,0.175737664103508,0.11920291930437088,0.994682788848877,0.8981953859329224,0.8571428571428571,0.22807016968727112,0.22994986176490784,0.25651630759239197,0.2854636609554291
14,0.22993043135687224,8.90983772277832,13.708378791809082,7.651334285736084,7.651334285736084,0.6080883145332336,0.7800601720809937,92.624267578125,17217.0,7.354207515716553,1367.0,0.0,0.0,0.021519260480999947,4.0,0.0,0.0,4.60956335067749,6.390467166900635,4.033774375915527,4.033774375915527,0.9146483540534973,0.9568398594856262,99.3974609375,4619.0,0.5595007538795471,26.0,0.0,0.0,0.04303852096199989,2.0,0.0,0.0,8.225020408630371,11.912670135498047,7.085958957672119,7.085958957672119,0.7039780616760254,0.8394789695739746,95.00753021240234,4415.0,4.970949172973633,231.0,0.0,0.0,0.021519260480999947,1.0,0.0,0.0,10.646262168884277,15.685690879821777,9.1033935546875,9.1033935546875,0.48702526092529297,0.6981569528579712,89.99354553222656,4182.0,10.00645637512207,465.0,0.0,0.0,0.0,0.0,0.0,0.0,12.158504486083984,17.96908187866211,10.382209777832031,10.382209777832031,0.3279864192008972,0.5770480632781982,86.09855651855469,4001.0,13.879921913146973,645.0,0.0,0.0,0.021519260480999947,1.0,0.0,0.0,0.9852923154830933,0.005236014723777771,0.6150299906730652,0.2475343942642212,0.137435644865036,0.17485453188419342,0.11920291930437088,0.9948855042457581,0.9060555100440979,0.9285714285714286,0.21929824352264404,0.22550123929977417,0.2598370909690857,0.2953633964061737
15,0.22955908925167715,8.992696762084961,13.767993927001953,7.73382043838501,7.73382043838501,0.6046721935272217,0.7779330611228943,92.48977661132812,17192.0,7.488702297210693,1392.0,0.0,0.0,0.021519260480999947,4.0,0.0,0.0,4.627674579620361,6.414528846740723,4.0514817237854,4.0514817237854,0.9140044450759888,0.9565022587776184,99.33290100097656,4616.0,0.6240585446357727,29.0,0.0,0.0,0.04303852096199989,2.0,0.0,0.0,8.297420501708984,11.971003532409668,7.154131889343262,7.154131889343262,0.7010719180107117,0.8379311561584473,94.96449279785156,4413.0,5.0139875411987305,233.0,0.0,0.0,0.021519260480999947,1.0,0.0,0.0,10.764913558959961,15.762364387512207,9.218551635742188,9.218551635742188,0.4819980263710022,0.6946002840995789,89.92898559570312,4179.0,10.071013450622559,468.0,0.0,0.0,0.0,0.0,0.0,0.0,12.280780792236328,18.03683090209961,10.511114120483398,10.511114120483398,0.3229093551635742,0.5728165507316589,85.73272705078125,3984.0,14.245750427246094,662.0,0.0,0.0,0.021519260480999947,1.0,0.0,0.0,0.9867815375328064,0.0052176062017679214,0.6185885667800903,0.23101304471492767,0.15039841830730438,0.16824263334274292,0.11920291930437088,0.9945037364959717,0.9054147601127625,1.0,0.21052631735801697,0.2210526168346405,0.2631579041481018,0.3052631616592407
16,0.22700061386303677,8.984694480895996,13.771035194396973,7.7145233154296875,7.7145233154296875,0.6044975519180298,0.7779566049575806,92.51129913330078,17196.0,7.472562789916992,1389.0,0.0,0.0,0.016139443963766098,3.0,0.0,0.0,4.6232781410217285,6.411434173583984,4.040008544921875,4.040008544921875,0.9140874147415161,0.9565366506576538,99.33290100097656,4616.0,0.6455777883529663,30.0,0.0,0.0,0.021519260480999947,1.0,0.0,0.0,8.293351173400879,11.980985641479492,7.145253658294678,7.145253658294678,0.700573205947876,0.8374673128128052,94.96449279785156,4413.0,5.0139875411987305,233.0,0.0,0.0,0.021519260480999947,1.0,0.0,0.0,10.747696876525879,15.768118858337402,9.186922073364258,9.186922073364258,0.4816197156906128,0.694574773311615,89.79986572265625,4173.0,10.200129508972168,474.0,0.0,0.0,0.0,0.0,0.0,0.0,12.27445125579834,18.035568237304688,10.485909461975098,10.485909461975098,0.32300424575805664,0.5740094780921936,85.94792175292969,3994.0,14.030557632446289,652.0,0.0,0.0,0.021519260480999947,1.0,0.0,0.0,0.9862402677536011,0.005208179820328951,0.5838041305541992,0.2657935619354248,0.15040233731269836,0.1726548820734024,0.11920291930437088,0.9936938881874084,0.915839672088623,1.0,0.21052631735801697,0.2210526168346405,0.2631579041481018,0.3052631616592407
17,0.22096680220226844,8.990409851074219,13.854581832885742,7.72037935256958,7.72037935256958,0.5996840596199036,0.7749083638191223,92.50053405761719,17194.0,7.483323097229004,1391.0,0.0,0.0,0.016139443963766098,3.0,0.0,0.0,4.583250999450684,6.368913173675537,4.002360820770264,4.002360820770264,0.9152231216430664,0.9570465087890625,99.37593841552734,4618.0,0.6025392413139343,28.0,0.0,0.0,0.021519260480999947,1.0,0.0,0.0,8.31125545501709,12.059762001037598,7.15640115737915,7.15640115737915,0.6966227293014526,0.8350294232368469,94.89993286132812,4410.0,5.078545093536377,236.0,0.0,0.0,0.021519260480999947,1.0,0.0,0.0,10.774808883666992,15.896736145019531,9.217855453491211,9.217855453491211,0.47312861680984497,0.6885623335838318,89.99354553222656,4182.0,10.00645637512207,465.0,0.0,0.0,0.0,0.0,0.0,0.0,12.29232120513916,18.14085578918457,10.504900932312012,10.504900932312012,0.3150767683982849,0.5676636099815369,85.73272705078125,3984.0,14.245750427246094,662.0,0.0,0.0,0.021519260480999947,1.0,0.0,0.0,0.9834820628166199,0.005207243375480175,0.6038745045661926,0.24184192717075348,0.1542835533618927,0.17679207026958466,0.11920291930437088,0.9919899106025696,0.9232103824615479,1.0,0.21052631735801697,0.2210526168346405,0.2631579041481018,0.3052631616592407
18,0.2181676609914436,9.108159065246582,13.9700288772583,7.837399959564209,7.837399959564209,0.5929847955703735,0.770949125289917,92.29072570800781,17155.0,7.693134784698486,1430.0,0.0,0.0,0.016139443963766098,3.0,0.0,0.0,4.648614883422852,6.4581828117370605,4.0630784034729,4.0630784034729,0.9128299951553345,0.9559885263442993,99.35442352294922,4617.0,0.6240585446357727,29.0,0.0,0.0,0.021519260480999947,1.0,0.0,0.0,8.453825950622559,12.201199531555176,7.291166305541992,7.291166305541992,0.6894649267196655,0.830954909324646,94.70626068115234,4401.0,5.272218704223633,245.0,0.0,0.0,0.021519260480999947,1.0,0.0,0.0,10.91136360168457,16.040672302246094,9.352716445922852,9.352716445922852,0.4635443091392517,0.68208909034729,89.6707534790039,4167.0,10.329244613647461,480.0,0.0,0.0,0.0,0.0,0.0,0.0,12.418835639953613,18.241880416870117,10.6426362991333,10.6426362991333,0.30742716789245605,0.5627541542053223,85.43146514892578,3970.0,14.547019958496094,676.0,0.0,0.0,0.021519260480999947,1.0,0.0,0.0,0.9796730279922485,0.0052118971943855286,0.6179357171058655,0.25713446736335754,0.12492986023426056,0.17336492240428925,0.11920291930437088,0.9912251830101013,0.9327461123466492,1.0,0.21052631735801697,0.2210526168346405,0.2631579041481018,0.3052631616592407
19,0.21318619195454336,9.198153495788574,14.101171493530273,7.922311782836914,7.922311782836914,0.5853073000907898,0.7664927244186401,91.96255493164062,17094.0,8.0213041305542,1491.0,0.0,0.0,0.016139443963766098,3.0,0.0,0.0,4.646415710449219,6.4335455894470215,4.0644211769104,4.0644211769104,0.9134937524795532,0.9563645720481873,99.3974609375,4619.0,0.5810199975967407,27.0,0.0,0.0,0.021519260480999947,1.0,0.0,0.0,8.502559661865234,12.24196720123291,7.347281455993652,7.347281455993652,0.6873863339424133,0.8299708366394043,94.68474578857422,4400.0,5.293737888336182,246.0,0.0,0.0,0.021519260480999947,1.0,0.0,0.0,11.056568145751953,16.227436065673828,9.485893249511719,9.485893249511719,0.45097947120666504,0.6740954518318176,88.9175796508789,4132.0,11.082419395446777,515.0,0.0,0.0,0.0,0.0,0.0,0.0,12.58707046508789,18.46039581298828,10.791654586791992,10.791654586791992,0.2907354235649109,0.5516899824142456,84.8504409790039,3943.0,15.128040313720703,703.0,0.0,0.0,0.021519260480999947,1.0,0.0,0.0,0.9768590927124023,0.0052175456658005714,0.5920237898826599,0.27480456233024597,0.1331717073917389,0.16793251037597656,0.11920291930437088,0.9889765381813049,0.9359002113342285,1.0,0.21052631735801697,0.2210526168346405,0.2631579041481018,0.3052631616592407
step,fold8/test_loss,fold8/test_mae,fold8/test_rmse,fold8/test_mard,fold8/test_mape,fold8/test_r2,fold8/test_pearson,fold8/test_ega_zone_a_pct,fold8/test_ega_zone_a_count,fold8/test_ega_zone_b_pct,fold8/test_ega_zone_b_count,fold8/test_ega_zone_c_pct,fold8/test_ega_zone_c_count,fold8/test_ega_zone_d_pct,fold8/test_ega_zone_d_count,fold8/test_ega_zone_e_pct,fold8/test_ega_zone_e_count,fold8/test_horizon_15_mae,fold8/test_horizon_15_rmse,fold8/test_horizon_15_mard,fold8/test_horizon_15_mape,fold8/test_horizon_15_r2,fold8/test_horizon_15_pearson,fold8/test_horizon_15_ega_zone_a_pct,fold8/test_horizon_15_ega_zone_a_count,fold8/test_horizon_15_ega_zone_b_pct,fold8/test_horizon_15_ega_zone_b_count,fold8/test_horizon_15_ega_zone_c_pct,fold8/test_horizon_15_ega_zone_c_count,fold8/test_horizon_15_ega_zone_d_pct,fold8/test_horizon_15_ega_zone_d_count,fold8/test_horizon_15_ega_zone_e_pct,fold8/test_horizon_15_ega_zone_e_count,fold8/test_horizon_30_mae,fold8/test_horizon_30_rmse,fold8/test_horizon_30_mard,fold8/test_horizon_30_mape,fold8/test_horizon_30_r2,fold8/test_horizon_30_pearson,fold8/test_horizon_30_ega_zone_a_pct,fold8/test_horizon_30_ega_zone_a_count,fold8/test_horizon_30_ega_zone_b_pct,fold8/test_horizon_30_ega_zone_b_count,fold8/test_horizon_30_ega_zone_c_pct,fold8/test_horizon_30_ega_zone_c_count,fold8/test_horizon_30_ega_zone_d_pct,fold8/test_horizon_30_ega_zone_d_count,fold8/test_horizon_30_ega_zone_e_pct,fold8/test_horizon_30_ega_zone_e_count,fold8/test_horizon_45_mae,fold8/test_horizon_45_rmse,fold8/test_horizon_45_mard,fold8/test_horizon_45_mape,fold8/test_horizon_45_r2,fold8/test_horizon_45_pearson,fold8/test_horizon_45_ega_zone_a_pct,fold8/test_horizon_45_ega_zone_a_count,fold8/test_horizon_45_ega_zone_b_pct,fold8/test_horizon_45_ega_zone_b_count,fold8/test_horizon_45_ega_zone_c_pct,fold8/test_horizon_45_ega_zone_c_count,fold8/test_horizon_45_ega_zone_d_pct,fold8/test_horizon_45_ega_zone_d_count,fold8/test_horizon_45_ega_zone_e_pct,fold8/test_horizon_45_ega_zone_e_count,fold8/test_horizon_60_mae,fold8/test_horizon_60_rmse,fold8/test_horizon_60_mard,fold8/test_horizon_60_mape,fold8/test_horizon_60_r2,fold8/test_horizon_60_pearson,fold8/test_horizon_60_ega_zone_a_pct,fold8/test_horizon_60_ega_zone_a_count,fold8/test_horizon_60_ega_zone_b_pct,fold8/test_horizon_60_ega_zone_b_count,fold8/test_horizon_60_ega_zone_c_pct,fold8/test_horizon_60_ega_zone_c_count,fold8/test_horizon_60_ega_zone_d_pct,fold8/test_horizon_60_ega_zone_d_count,fold8/test_horizon_60_ega_zone_e_pct,fold8/test_horizon_60_ega_zone_e_count
0,0.25201035372873876,9.785581588745117,13.869128227233887,9.017216682434082,9.017216682434082,0.4079894423484802,0.6658382415771484,88.93978881835938,6795.0,10.314135551452637,788.0,0.0,0.0,0.746073305606842,57.0,0.0,0.0,6.144382476806641,8.595817565917969,5.697770595550537,5.697770595550537,0.7724018096923828,0.8847686052322388,97.01570892333984,1853.0,2.6701571941375732,51.0,0.0,0.0,0.3141361176967621,6.0,0.0,0.0,9.832292556762695,13.627138137817383,9.064719200134277,9.064719200134277,0.43089884519577026,0.6843962073326111,88.5340347290039,1691.0,10.680628776550293,204.0,0.0,0.0,0.7853402495384216,15.0,0.0,0.0,11.199557304382324,15.460883140563965,10.337841033935547,10.337841033935547,0.26445358991622925,0.563072144985199,85.75916290283203,1638.0,13.298429489135742,254.0,0.0,0.0,0.9424083828926086,18.0,0.0,0.0,11.966096878051758,16.455543518066406,10.968533515930176,10.968533515930176,0.16345953941345215,0.48103153705596924,84.45026397705078,1613.0,14.607329368591309,279.0,0.0,0.0,0.9424083828926086,18.0,0.0,0.0
step,fold9/train_loss,fold9/val_mae,fold9/val_rmse,fold9/val_mard,fold9/val_mape,fold9/val_r2,fold9/val_pearson,fold9/val_ega_zone_a_pct,fold9/val_ega_zone_a_count,fold9/val_ega_zone_b_pct,fold9/val_ega_zone_b_count,fold9/val_ega_zone_c_pct,fold9/val_ega_zone_c_count,fold9/val_ega_zone_d_pct,fold9/val_ega_zone_d_count,fold9/val_ega_zone_e_pct,fold9/val_ega_zone_e_count,fold9/val_horizon_15_mae,fold9/val_horizon_15_rmse,fold9/val_horizon_15_mard,fold9/val_horizon_15_mape,fold9/val_horizon_15_r2,fold9/val_horizon_15_pearson,fold9/val_horizon_15_ega_zone_a_pct,fold9/val_horizon_15_ega_zone_a_count,fold9/val_horizon_15_ega_zone_b_pct,fold9/val_horizon_15_ega_zone_b_count,fold9/val_horizon_15_ega_zone_c_pct,fold9/val_horizon_15_ega_zone_c_count,fold9/val_horizon_15_ega_zone_d_pct,fold9/val_horizon_15_ega_zone_d_count,fold9/val_horizon_15_ega_zone_e_pct,fold9/val_horizon_15_ega_zone_e_count,fold9/val_horizon_30_mae,fold9/val_horizon_30_rmse,fold9/val_horizon_30_mard,fold9/val_horizon_30_mape,fold9/val_horizon_30_r2,fold9/val_horizon_30_pearson,fold9/val_horizon_30_ega_zone_a_pct,fold9/val_horizon_30_ega_zone_a_count,fold9/val_horizon_30_ega_zone_b_pct,fold9/val_horizon_30_ega_zone_b_count,fold9/val_horizon_30_ega_zone_c_pct,fold9/val_horizon_30_ega_zone_c_count,fold9/val_horizon_30_ega_zone_d_pct,fold9/val_horizon_30_ega_zone_d_count,fold9/val_horizon_30_ega_zone_e_pct,fold9/val_horizon_30_ega_zone_e_count,fold9/val_horizon_45_mae,fold9/val_horizon_45_rmse,fold9/val_horizon_45_mard,fold9/val_horizon_45_mape,fold9/val_horizon_45_r2,fold9/val_horizon_45_pearson,fold9/val_horizon_45_ega_zone_a_pct,fold9/val_horizon_45_ega_zone_a_count,fold9/val_horizon_45_ega_zone_b_pct,fold9/val_horizon_45_ega_zone_b_count,fold9/val_horizon_45_ega_zone_c_pct,fold9/val_horizon_45_ega_zone_c_count,fold9/val_horizon_45_ega_zone_d_pct,fold9/val_horizon_45_ega_zone_d_count,fold9/val_horizon_45_ega_zone_e_pct,fold9/val_horizon_45_ega_zone_e_count,fold9/val_horizon_60_mae,fold9/val_horizon_60_rmse,fold9/val_horizon_60_mard,fold9/val_horizon_60_mape,fold9/val_horizon_60_r2,fold9/val_horizon_60_pearson,fold9/val_horizon_60_ega_zone_a_pct,fold9/val_horizon_60_ega_zone_a_count,fold9/val_horizon_60_ega_zone_b_pct,fold9/val_horizon_60_ega_zone_b_count,fold9/val_horizon_60_ega_zone_c_pct,fold9/val_horizon_60_ega_zone_c_count,fold9/val_horizon_60_ega_zone_d_pct,fold9/val_horizon_60_ega_zone_d_count,fold9/val_horizon_60_ega_zone_e_pct,fold9/val_horizon_60_ega_zone_e_count,fold9/diag_graph_prior_weight,fold9/diag_graph_residual_mean,fold9/diag_fusion_gate_cgm,fold9/diag_fusion_gate_cgm_guided,fold9/diag_fusion_gate_physio,fold9/diag_horizon_query_similarity,fold9/diag_horizon_progressive_gate,fold9/diag_horizon_attention_similarity,fold9/diag_horizon_attention_entropy,fold9/diag_horizon_curriculum_progress,fold9/diag_loss_horizon_weight_0,fold9/diag_loss_horizon_weight_1,fold9/diag_loss_horizon_weight_2,fold9/diag_loss_horizon_weight_3
1,0.2469041902362615,12.65828800201416,20.23414421081543,11.273392677307129,11.273392677307129,0.34657585620880127,0.6449986100196838,83.40129089355469,11863.0,15.572272300720215,2215.0,0.007030371576547623,1.0,1.012373447418213,144.0,0.007030371576547623,1.0,7.2848920822143555,11.04761028289795,6.468736171722412,6.468736171722412,0.805892825126648,0.8990864753723145,94.82565307617188,3372.0,4.696288108825684,167.0,0.0,0.0,0.47806525230407715,17.0,0.0,0.0,11.824400901794434,18.062761306762695,10.450915336608887,10.450915336608887,0.4798746705055237,0.7187180519104004,84.95500946044922,3021.0,14.14510726928711,503.0,0.0,0.0,0.8998875617980957,32.0,0.0,0.0,14.699559211730957,22.60280418395996,13.066741943359375,13.066741943359375,0.18276280164718628,0.5475149750709534,78.76828002929688,2801.0,19.96625328063965,710.0,0.0,0.0,1.2654668092727661,45.0,0.0,0.0,16.824296951293945,26.047697067260742,15.107176780700684,15.107176780700684,-0.08537161350250244,0.3936169445514679,75.05624389648438,2669.0,23.481441497802734,835.0,0.02812148630619049,1.0,1.4060741662979126,50.0,0.02812148630619049,1.0,1.0034098625183105,0.011622732505202293,0.46053358912467957,0.21259805560112,0.3268683850765228,0.08620568364858627,0.11920291930437088,0.9999364018440247,0.9999868869781494,0.0,0.3333333432674408,0.28333333134651184,0.21666665375232697,0.1666666716337204
2,0.24329524734153077,12.480224609375,19.871917724609375,11.123193740844727,11.123193740844727,0.36976122856140137,0.6467640995979309,84.012939453125,11950.0,14.946569442749023,2126.0,0.007030371576547623,1.0,1.0264341831207275,146.0,0.007030371576547623,1.0,7.257737159729004,10.974570274353027,6.457659721374512,6.457659721374512,0.8084509372711182,0.8996227979660034,94.85376739501953,3373.0,4.668166637420654,166.0,0.0,0.0,0.47806525230407715,17.0,0.0,0.0,11.719449043273926,17.836071014404297,10.37563705444336,10.37563705444336,0.4928479790687561,0.7185730934143066,85.46119689941406,3039.0,13.582676887512207,483.0,0.0,0.0,0.9561305046081543,34.0,0.0,0.0,14.50177001953125,22.217283248901367,12.899036407470703,12.899036407470703,0.21040308475494385,0.5450912714004517,79.66816711425781,2833.0,19.06636619567871,678.0,0.0,0.0,1.2654668092727661,45.0,0.0,0.0,16.441944122314453,25.444019317626953,14.760440826416016,14.760440826416016,-0.03564572334289551,0.3901575207710266,76.06861877441406,2705.0,22.469066619873047,799.0,0.02812148630619049,1.0,1.4060741662979126,50.0,0.02812148630619049,1.0,1.0022082328796387,0.011003120802342892,0.4228038191795349,0.20346994698047638,0.3737263083457947,0.08330167829990387,0.11920291930437088,0.9991719722747803,0.9998461008071899,0.07142857142857142,0.3245614171028137,0.2788847088813782,0.21998745203018188,0.17656642198562622
3,0.24452249982756222,12.403144836425781,19.836875915527344,11.069628715515137,11.069628715515137,0.37198197841644287,0.6465097069740295,84.1816635131836,11974.0,14.784871101379395,2103.0,0.0,0.0,1.0334645509719849,147.0,0.0,0.0,7.241052150726318,10.955492973327637,6.450450420379639,6.450450420379639,0.8091163039207458,0.8999820351600647,94.9381332397461,3376.0,4.583802223205566,163.0,0.0,0.0,0.47806525230407715,17.0,0.0,0.0,11.66459846496582,17.82391357421875,10.341353416442871,10.341353416442871,0.49353909492492676,0.7178823351860046,85.71428680419922,3048.0,13.329583168029785,474.0,0.0,0.0,0.9561305046081543,34.0,0.0,0.0,14.38330364227295,22.18968391418457,12.817856788635254,12.817856788635254,0.212363600730896,0.543631374835968,79.64004516601562,2832.0,19.0944881439209,679.0,0.0,0.0,1.2654668092727661,45.0,0.0,0.0,16.32362174987793,25.375377655029297,14.668851852416992,14.668851852416992,-0.030065417289733887,0.38742727041244507,76.43419647216797,2718.0,22.131608963012695,787.0,0.0,0.0,1.434195637702942,51.0,0.0,0.0,1.0016841888427734,0.010498729534447193,0.5564917922019958,0.11544787138700485,0.3280603289604187,0.08023885637521744,0.11920291930437088,0.9941573739051819,0.9976032972335815,0.14285714285714285,0.31578949093818665,0.2744360864162445,0.223308265209198,0.18646617233753204
4,0.24208041959394208,12.304001808166504,19.731395721435547,10.985530853271484,10.985530853271484,0.37864309549331665,0.6454412341117859,84.48397064208984,12017.0,14.475534439086914,2059.0,0.007030371576547623,1.0,1.0334645509719849,147.0,0.0,0.0,7.195499420166016,10.89009952545166,6.4042792320251465,6.4042792320251465,0.8113883137702942,0.9010027050971985,95.1349868774414,3383.0,4.386951923370361,156.0,0.0,0.0,0.47806525230407715,17.0,0.0,0.0,11.620169639587402,17.771886825561523,10.298821449279785,10.298821449279785,0.4964914917945862,0.7164060473442078,85.91114044189453,3055.0,13.132733345031738,467.0,0.0,0.0,0.9561305046081543,34.0,0.0,0.0,14.278843879699707,22.088926315307617,12.737350463867188,12.737350463867188,0.2195003628730774,0.5390413999557495,79.97750091552734,2844.0,18.757030487060547,667.0,0.0,0.0,1.2654668092727661,45.0,0.0,0.0,16.121490478515625,25.198352813720703,14.501669883728027,14.501669883728027,-0.015743494033813477,0.381091833114624,76.91226196289062,2735.0,21.62542152404785,769.0,0.02812148630619049,1.0,1.434195637702942,51.0,0.0,0.0,1.0035287141799927,0.010141178965568542,0.5851419568061829,0.17069102823734283,0.24416705965995789,0.08498465269804001,0.11920291930437088,0.9946374893188477,0.9961333870887756,0.21428571428571427,0.30701756477355957,0.26998746395111084,0.22662906348705292,0.19636592268943787
5,0.23987376736522537,12.228683471679688,19.599197387695312,10.889742851257324,10.889742851257324,0.38694125413894653,0.6469096541404724,84.89173126220703,12075.0,14.067773818969727,2001.0,0.0,0.0,1.0404949188232422,148.0,0.0,0.0,7.171988010406494,10.798731803894043,6.389429569244385,6.389429569244385,0.814539909362793,0.9026302099227905,95.38807678222656,3392.0,4.1338582038879395,147.0,0.0,0.0,0.47806525230407715,17.0,0.0,0.0,11.615900039672852,17.735286712646484,10.27505874633789,10.27505874633789,0.4985632300376892,0.7156507968902588,85.96737670898438,3057.0,13.07649040222168,465.0,0.0,0.0,0.9561305046081543,34.0,0.0,0.0,14.189950942993164,21.97895622253418,12.612199783325195,12.612199783325195,0.22725248336791992,0.5367555618286133,80.39932250976562,2859.0,18.307086944580078,651.0,0.0,0.0,1.2935882806777954,46.0,0.0,0.0,15.936895370483398,24.945674896240234,14.282282829284668,14.282282829284668,0.0045250654220581055,0.3824758529663086,77.81214904785156,2767.0,20.7536563873291,738.0,0.0,0.0,1.434195637702942,51.0,0.0,0.0,1.0038084983825684,0.009909718297421932,0.567200243473053,0.12202068418264389,0.3107791543006897,0.0845186710357666,0.11920291930437088,0.997246503829956,0.9961097240447998,0.2857142857142857,0.2982456088066101,0.2655388414859772,0.22994986176490784,0.2062656730413437
6,0.23709320740699102,12.033697128295898,19.2038516998291,10.67904281616211,10.67904281616211,0.41142451763153076,0.6604437828063965,85.18700408935547,12117.0,13.779526710510254,1960.0,0.0,0.0,1.0334645509719849,147.0,0.0,0.0,6.942774772644043,10.437686920166016,6.1835036277771,6.1835036277771,0.8267339468002319,0.9095590710639954,95.66929626464844,3402.0,3.8526434898376465,137.0,0.0,0.0,0.47806525230407715,17.0,0.0,0.0,11.458312034606934,17.417665481567383,10.102867126464844,10.102867126464844,0.5163628458976746,0.7260763645172119,86.67041778564453,3082.0,12.373453140258789,440.0,0.0,0.0,0.9561305046081543,34.0,0.0,0.0,14.014631271362305,21.587507247924805,12.406153678894043,12.406153678894043,0.2545328736305237,0.5503934621810913,80.8211441040039,2874.0,17.91338539123535,637.0,0.0,0.0,1.2654668092727661,45.0,0.0,0.0,15.719074249267578,24.429710388183594,14.023645401000977,14.023645401000977,0.04527902603149414,0.4004482328891754,77.58717346191406,2759.0,20.978628158569336,746.0,0.0,0.0,1.434195637702942,51.0,0.0,0.0,0.9979022741317749,0.009794306010007858,0.542651355266571,0.145729660987854,0.3116190433502197,0.10506103187799454,0.11920291930437088,0.9992218613624573,0.9943346977233887,0.35714285714285715,0.28947368264198303,0.2610902190208435,0.23327067494392395,0.2161654233932495
7,0.2312982740215442,11.842399597167969,18.91627311706543,10.503808975219727,10.503808975219727,0.42892032861709595,0.6722925901412964,85.53852081298828,12167.0,13.44909954071045,1913.0,0.0,0.0,1.012373447418213,144.0,0.0,0.0,6.558797836303711,9.732010841369629,5.865933895111084,5.865933895111084,0.8493704795837402,0.9217450022697449,96.42857360839844,3429.0,3.149606227874756,112.0,0.0,0.0,0.4218222498893738,15.0,0.0,0.0,11.31291675567627,17.02570343017578,9.98812198638916,9.98812198638916,0.5378851890563965,0.7400299310684204,86.8953857421875,3090.0,12.176603317260742,433.0,0.0,0.0,0.928009033203125,33.0,0.0,0.0,13.916231155395508,21.391332626342773,12.303173065185547,12.303173065185547,0.26801997423171997,0.5603851675987244,81.18672180175781,2887.0,17.547807693481445,624.0,0.0,0.0,1.2654668092727661,45.0,0.0,0.0,15.581652641296387,24.271915435791016,13.858003616333008,13.858003616333008,0.05757272243499756,0.4086078107357025,77.64341735839844,2761.0,20.92238426208496,744.0,0.0,0.0,1.434195637702942,51.0,0.0,0.0,0.9962835907936096,0.009728915058076382,0.5623602867126465,0.15749956667423248,0.2801401913166046,0.12429838627576828,0.11920291930437088,0.9978033900260925,0.9931703805923462,0.42857142857142855,0.28070175647735596,0.25664159655570984,0.23659147322177887,0.22606515884399414
8,0.22782793992619904,11.734430313110352,18.738428115844727,10.424360275268555,10.424360275268555,0.439608097076416,0.6794177293777466,85.84083557128906,12210.0,13.146793365478516,1870.0,0.0,0.0,1.012373447418213,144.0,0.0,0.0,6.331154823303223,9.343854904174805,5.668726921081543,5.668726921081543,0.8611464500427246,0.9281123876571655,96.79415130615234,3442.0,2.8402698040008545,101.0,0.0,0.0,0.3655792772769928,13.0,0.0,0.0,11.20528507232666,16.79056167602539,9.91530704498291,9.91530704498291,0.5505615472793579,0.7481956481933594,87.45781707763672,3110.0,11.557929992675781,411.0,0.0,0.0,0.9842519760131836,35.0,0.0,0.0,13.8682279586792,21.253658294677734,12.277143478393555,12.277143478393555,0.2774118185043335,0.5662039518356323,81.41170501708984,2895.0,17.32283592224121,616.0,0.0,0.0,1.2654668092727661,45.0,0.0,0.0,15.533050537109375,24.157114028930664,13.836261749267578,13.836261749267578,0.0664665699005127,0.41309887170791626,77.69966125488281,2763.0,20.86614227294922,742.0,0.0,0.0,1.434195637702942,51.0,0.0,0.0,0.988305926322937,0.009701771661639214,0.5519803166389465,0.19458922743797302,0.25343045592308044,0.13715121150016785,0.11920291930437088,0.9920617938041687,0.9844957590103149,0.5,0.2719298303127289,0.25219297409057617,0.2399122714996338,0.23596492409706116
9,0.22598949673344168,11.786270141601562,18.721431732177734,10.472566604614258,10.472566604614258,0.4406242370605469,0.6828829646110535,85.70022583007812,12190.0,13.294431686401367,1891.0,0.0,0.0,1.0053430795669556,143.0,0.0,0.0,6.193558692932129,9.109655380249023,5.550596714019775,5.550596714019775,0.8680197596549988,0.9319080710411072,96.9066390991211,3446.0,2.7277839183807373,97.0,0.0,0.0,0.3655792772769928,13.0,0.0,0.0,11.185389518737793,16.684402465820312,9.911088943481445,9.911088943481445,0.5562267899513245,0.7536120414733887,87.31720733642578,3105.0,11.726659774780273,417.0,0.0,0.0,0.9561305046081543,34.0,0.0,0.0,14.00763988494873,21.27495765686035,12.405537605285645,12.405537605285645,0.275962769985199,0.5701704025268555,81.18672180175781,2887.0,17.547807693481445,624.0,0.0,0.0,1.2654668092727661,45.0,0.0,0.0,15.758490562438965,24.248489379882812,14.023043632507324,14.023043632507324,0.0593910813331604,0.4159258306026459,77.39032745361328,2752.0,21.175477981567383,753.0,0.0,0.0,1.434195637702942,51.0,0.0,0.0,0.9788181781768799,0.009703170508146286,0.5237349271774292,0.19233007729053497,0.2839350402355194,0.14190977811813354,0.11920291930437088,0.9879658818244934,0.9792157411575317,0.5714285714285714,0.2631579041481018,0.2477443516254425,0.2432330846786499,0.24586467444896698
10,0.22432543227682897,11.690863609313965,18.55772590637207,10.400837898254395,10.400837898254395,0.4503641724586487,0.688215970993042,85.87598419189453,12215.0,13.118672370910645,1866.0,0.0,0.0,1.0053430795669556,143.0,0.0,0.0,6.163212299346924,9.017647743225098,5.524044513702393,5.524044513702393,0.870672345161438,0.9334627985954285,97.07536315917969,3452.0,2.5590550899505615,91.0,0.0,0.0,0.3655792772769928,13.0,0.0,0.0,11.094515800476074,16.536571502685547,9.846421241760254,9.846421241760254,0.5640560388565063,0.758228600025177,87.31720733642578,3105.0,11.726659774780273,417.0,0.0,0.0,0.9561305046081543,34.0,0.0,0.0,13.871938705444336,21.090145111083984,12.30531120300293,12.30531120300293,0.2884873151779175,0.5764989256858826,81.49606323242188,2898.0,17.23847007751465,613.0,0.0,0.0,1.2654668092727661,45.0,0.0,0.0,15.633790016174316,24.041349411010742,13.927576065063477,13.927576065063477,0.07539242506027222,0.42051467299461365,77.61529541015625,2760.0,20.95050621032715,745.0,0.0,0.0,1.434195637702942,51.0,0.0,0.0,0.9672771096229553,0.009726938791573048,0.43965670466423035,0.22128045558929443,0.3390628695487976,0.14665618538856506,0.11920291930437088,0.9904225468635559,0.9756567478179932,0.6428571428571429,0.25438597798347473,0.24329572916030884,0.24655388295650482,0.2557644248008728
11,0.22285356065908224,11.684030532836914,18.454851150512695,10.377010345458984,10.377010345458984,0.4564410448074341,0.6923321485519409,85.61585998535156,12178.0,13.378795623779297,1903.0,0.0,0.0,1.0053430795669556,143.0,0.0,0.0,6.080674171447754,8.873980522155762,5.44892692565918,5.44892692565918,0.8747603297233582,0.935677170753479,96.93476104736328,3447.0,2.6715409755706787,95.0,0.0,0.0,0.3937007784843445,14.0,0.0,0.0,11.059244155883789,16.405567169189453,9.81325912475586,9.81325912475586,0.570935845375061,0.7627202868461609,87.37345123291016,3107.0,11.69853687286377,416.0,0.0,0.0,0.928009033203125,33.0,0.0,0.0,13.929819107055664,21.015575408935547,12.331396102905273,12.331396102905273,0.29350996017456055,0.5801469087600708,80.65241241455078,2868.0,18.082115173339844,643.0,0.0,0.0,1.2654668092727661,45.0,0.0,0.0,15.66638469696045,23.932859420776367,13.91445541381836,13.91445541381836,0.08371835947036743,0.4255799651145935,77.5028076171875,2756.0,21.062992095947266,749.0,0.0,0.0,1.434195637702942,51.0,0.0,0.0,0.957763671875,0.00974540039896965,0.4077126979827881,0.2511747479438782,0.3411126434803009,0.15916773676872253,0.11920291930437088,0.9894528388977051,0.9776865839958191,0.7142857142857143,0.24561403691768646,0.23884710669517517,0.24987469613552094,0.26566416025161743
12,0.2184240115887181,11.706323623657227,18.46921730041504,10.38994312286377,10.38994312286377,0.4555944800376892,0.6909578442573547,85.531494140625,12166.0,13.477221488952637,1917.0,0.0,0.0,0.9912823438644409,141.0,0.0,0.0,6.090980529785156,8.883882522583008,5.4546217918396,5.4546217918396,0.874480664730072,0.9354429841041565,97.01912689208984,3450.0,2.6434195041656494,94.0,0.0,0.0,0.3374578058719635,12.0,0.0,0.0,11.094269752502441,16.449359893798828,9.830933570861816,9.830933570861816,0.5686421394348145,0.7610483765602112,87.2890853881836,3104.0,11.782902717590332,419.0,0.0,0.0,0.928009033203125,33.0,0.0,0.0,13.943338394165039,21.0308837890625,12.339295387268066,12.339295387268066,0.2924802303314209,0.5784898996353149,80.53993225097656,2864.0,18.19460105895996,647.0,0.0,0.0,1.2654668092727661,45.0,0.0,0.0,15.696707725524902,23.93000602722168,13.934925079345703,13.934925079345703,0.08393692970275879,0.42294758558273315,77.27783966064453,2748.0,21.2879638671875,757.0,0.0,0.0,1.434195637702942,51.0,0.0,0.0,0.9548282623291016,0.009750895202159882,0.3665054738521576,0.2863254249095917,0.3471691608428955,0.1600518673658371,0.11920291930437088,0.9871537685394287,0.9787765741348267,0.7857142857142857,0.23684212565422058,0.2343984991312027,0.25319552421569824,0.27556392550468445
13,0.21662728342090257,11.701446533203125,18.517547607421875,10.381458282470703,10.381458282470703,0.4527416229248047,0.6904850602149963,85.5174331665039,12164.0,13.491281509399414,1919.0,0.0,0.0,0.9912823438644409,141.0,0.0,0.0,6.05613899230957,8.85899543762207,5.417665004730225,5.417665004730225,0.8751829266548157,0.9358794689178467,97.10348510742188,3453.0,2.5309336185455322,90.0,0.0,0.0,0.3655792772769928,13.0,0.0,0.0,11.057998657226562,16.440221786499023,9.793375015258789,9.793375015258789,0.569121241569519,0.7618845105171204,87.03599548339844,3095.0,12.064117431640625,429.0,0.0,0.0,0.8998875617980957,32.0,0.0,0.0,13.940103530883789,21.079771041870117,12.33253002166748,12.33253002166748,0.28918713331222534,0.5787849426269531,80.56805419921875,2865.0,18.166479110717773,646.0,0.0,0.0,1.2654668092727661,45.0,0.0,0.0,15.751544952392578,24.05158233642578,13.982259750366211,13.982259750366211,0.0746050477027893,0.4216516613960266,77.3622055053711,2751.0,21.20359992980957,754.0,0.0,0.0,1.434195637702942,51.0,0.0,0.0,0.9517180323600769,0.009762227535247803,0.3869474232196808,0.2541358768939972,0.3589167892932892,0.17215962707996368,0.11920291930437088,0.9892018437385559,0.979769229888916,0.8571428571428571,0.22807016968727112,0.22994986176490784,0.25651630759239197,0.2854636609554291
14,0.2113354029557461,11.861844062805176,18.740854263305664,10.534578323364258,10.534578323364258,0.43946295976638794,0.6821829080581665,85.14482116699219,12111.0,13.856861114501953,1971.0,0.0,0.0,0.9983127117156982,142.0,0.0,0.0,6.08689546585083,8.921399116516113,5.439195156097412,5.439195156097412,0.8734183311462402,0.9349478483200073,96.99100494384766,3449.0,2.6434195041656494,94.0,0.0,0.0,0.3655792772769928,13.0,0.0,0.0,11.234944343566895,16.67220687866211,9.940925598144531,9.940925598144531,0.5568753480911255,0.7545350193977356,86.95162963867188,3092.0,12.120360374450684,431.0,0.0,0.0,0.928009033203125,33.0,0.0,0.0,14.144648551940918,21.34735870361328,12.528169631958008,12.528169631958008,0.2710264325141907,0.5664434432983398,79.94937896728516,2843.0,18.757030487060547,667.0,0.0,0.0,1.2935882806777954,46.0,0.0,0.0,15.98088550567627,24.323135375976562,14.230026245117188,14.230026245117188,0.05359089374542236,0.40550899505615234,76.68728637695312,2727.0,21.90663719177246,779.0,0.0,0.0,1.4060741662979126,50.0,0.0,0.0,0.9470216631889343,0.009781618602573872,0.3771243691444397,0.26345038414001465,0.3594253361225128,0.1817629188299179,0.11920291930437088,0.9904613494873047,0.9788590669631958,0.9285714285714286,0.21929824352264404,0.22550123929977417,0.2598370909690857,0.2953633964061737
15,0.20853731215002927,11.863303184509277,18.725210189819336,10.550695419311523,10.550695419311523,0.4403983950614929,0.6833204627037048,85.08155059814453,12102.0,13.927165031433105,1981.0,0.0,0.0,0.9912823438644409,141.0,0.0,0.0,6.1247029304504395,8.92287540435791,5.480499744415283,5.480499744415283,0.8733763694763184,0.935028076171875,97.01912689208984,3450.0,2.6434195041656494,94.0,0.0,0.0,0.3374578058719635,12.0,0.0,0.0,11.240111351013184,16.68643569946289,9.966452598571777,9.966452598571777,0.5561186075210571,0.7545125484466553,86.361083984375,3071.0,12.68278980255127,451.0,0.0,0.0,0.9561305046081543,34.0,0.0,0.0,14.135913848876953,21.360963821411133,12.541547775268555,12.541547775268555,0.27009689807891846,0.5668131113052368,80.0618667602539,2847.0,18.672666549682617,664.0,0.0,0.0,1.2654668092727661,45.0,0.0,0.0,15.952483177185059,24.252595901489258,14.214282989501953,14.214282989501953,0.05907231569290161,0.410033255815506,76.88414001464844,2734.0,21.70978546142578,772.0,0.0,0.0,1.4060741662979126,50.0,0.0,0.0,0.9463915824890137,0.009795964695513248,0.3512726426124573,0.259549081325531,0.3891783356666565,0.18351607024669647,0.11920291930437088,0.991661787033081,0.9811363220214844,1.0,0.21052631735801697,0.2210526168346405,0.2631579041481018,0.3052631616592407
16,0.20093177111017987,11.98625659942627,18.8603515625,10.672858238220215,10.672858238220215,0.4322919249534607,0.6788734793663025,84.80736541748047,12063.0,14.215411186218262,2022.0,0.0,0.0,0.970191240310669,138.0,0.007030371576547623,1.0,6.09343147277832,8.900944709777832,5.458904266357422,5.458904266357422,0.8739980459213257,0.9353895783424377,97.04724884033203,3451.0,2.6434195041656494,94.0,0.0,0.0,0.3093363344669342,11.0,0.0,0.0,11.251596450805664,16.713115692138672,9.986262321472168,9.986262321472168,0.5546980500221252,0.7537586688995361,86.81102752685547,3087.0,12.2328462600708,435.0,0.0,0.0,0.9561305046081543,34.0,0.0,0.0,14.349456787109375,21.529815673828125,12.744575500488281,12.744575500488281,0.2585119605064392,0.5600957870483398,79.44319152832031,2825.0,19.319459915161133,687.0,0.0,0.0,1.2373453378677368,44.0,0.0,0.0,16.250547409057617,24.510475158691406,14.501696586608887,14.501696586608887,0.03895610570907593,0.3986322283744812,75.92800903320312,2700.0,22.665916442871094,806.0,0.0,0.0,1.3779526948928833,49.0,0.02812148630619049,1.0,0.9460753202438354,0.009810307063162327,0.3547736704349518,0.26449358463287354,0.38073277473449707,0.19452665746212006,0.11920291930437088,0.9926339983940125,0.9821251034736633,1.0,0.21052631735801697,0.2210526168346405,0.2631579041481018,0.3052631616592407
17,0.19126651659125818,12.16380786895752,19.08504295349121,10.845688819885254,10.845688819885254,0.41868460178375244,0.671383798122406,84.13948059082031,11968.0,14.876265525817871,2116.0,0.0,0.0,0.9772216081619263,139.0,0.007030371576547623,1.0,6.120407581329346,8.911492347717285,5.482015132904053,5.482015132904053,0.8736993074417114,0.9352434277534485,96.93476104736328,3447.0,2.7559053897857666,98.0,0.0,0.0,0.3093363344669342,11.0,0.0,0.0,11.375913619995117,16.851316452026367,10.109528541564941,10.109528541564941,0.5473031997680664,0.7495101094245911,86.33296203613281,3070.0,12.71091079711914,452.0,0.0,0.0,0.9561305046081543,34.0,0.0,0.0,14.594354629516602,21.796688079833984,12.980315208435059,12.980315208435059,0.2400159239768982,0.5491628646850586,78.29021453857422,2784.0,20.444320678710938,727.0,0.0,0.0,1.2654668092727661,45.0,0.0,0.0,16.564552307128906,24.86922836303711,14.810900688171387,14.810900688171387,0.01061713695526123,0.3837240934371948,75.0,2667.0,23.59392547607422,839.0,0.0,0.0,1.3779526948928833,49.0,0.02812148630619049,1.0,0.94591224193573,0.009822878986597061,0.35494235157966614,0.2779073417186737,0.3671504259109497,0.19249634444713593,0.11920291930437088,0.9947279095649719,0.9819861650466919,1.0,0.21052631735801697,0.2210526168346405,0.2631579041481018,0.3052631616592407
18,0.18499364569295593,12.304152488708496,19.27889633178711,10.94221305847168,10.94221305847168,0.40681540966033936,0.663641095161438,83.85123443603516,11927.0,15.143420219421387,2154.0,0.0,0.0,1.0053430795669556,143.0,0.0,0.0,6.156741619110107,8.975461959838867,5.507512092590332,5.507512092590332,0.871879518032074,0.9342263340950012,96.93476104736328,3447.0,2.7277839183807373,97.0,0.0,0.0,0.3374578058719635,12.0,0.0,0.0,11.52660846710205,17.03748321533203,10.218518257141113,10.218518257141113,0.537245512008667,0.743191123008728,85.99549865722656,3058.0,12.992125511169434,462.0,0.0,0.0,1.012373447418213,36.0,0.0,0.0,14.81362247467041,22.10304832458496,13.137526512145996,13.137526512145996,0.21850204467773438,0.5342845320701599,77.64341735839844,2761.0,21.11923599243164,751.0,0.0,0.0,1.2373453378677368,44.0,0.0,0.0,16.719636917114258,25.046436309814453,14.905298233032227,14.905298233032227,-0.003533005714416504,0.37327924370765686,74.83126831054688,2661.0,23.734533309936523,844.0,0.0,0.0,1.434195637702942,51.0,0.0,0.0,0.9443421363830566,0.009837020188570023,0.35502350330352783,0.28472796082496643,0.3602485656738281,0.19554774463176727,0.11920291930437088,0.9943626523017883,0.9833836555480957,1.0,0.21052631735801697,0.2210526168346405,0.2631579041481018,0.3052631616592407
19,0.1771820609320843,12.427635192871094,19.488967895507812,11.042644500732422,11.042644500732422,0.39381784200668335,0.6555602550506592,83.6192398071289,11894.0,15.403543472290039,2191.0,0.0,0.0,0.9772216081619263,139.0,0.0,0.0,6.1979827880859375,9.049833297729492,5.53188419342041,5.53188419342041,0.869747519493103,0.9331222176551819,96.9066390991211,3446.0,2.784026861190796,99.0,0.0,0.0,0.3093363344669342,11.0,0.0,0.0,11.658418655395508,17.218494415283203,10.325176239013672,10.325176239013672,0.5273604393005371,0.7371328473091125,85.60179901123047,3044.0,13.442069053649902,478.0,0.0,0.0,0.9561305046081543,34.0,0.0,0.0,14.972284317016602,22.352867126464844,13.274137496948242,13.274137496948242,0.20073652267456055,0.5219764113426208,77.69966125488281,2763.0,21.062992095947266,749.0,0.0,0.0,1.2373453378677368,44.0,0.0,0.0,16.88185691833496,25.322967529296875,15.03938102722168,15.03938102722168,-0.02581477165222168,0.35751083493232727,74.26884460449219,2641.0,24.325084686279297,865.0,0.0,0.0,1.4060741662979126,50.0,0.0,0.0,0.9442933201789856,0.009844697080552578,0.3464023768901825,0.2810303270816803,0.372567355632782,0.20014794170856476,0.11920291930437088,0.9951140284538269,0.9846570491790771,1.0,0.21052631735801697,0.2210526168346405,0.2631579041481018,0.3052631616592407
step,fold9/test_loss,fold9/test_mae,fold9/test_rmse,fold9/test_mard,fold9/test_mape,fold9/test_r2,fold9/test_pearson,fold9/test_ega_zone_a_pct,fold9/test_ega_zone_a_count,fold9/test_ega_zone_b_pct,fold9/test_ega_zone_b_count,fold9/test_ega_zone_c_pct,fold9/test_ega_zone_c_count,fold9/test_ega_zone_d_pct,fold9/test_ega_zone_d_count,fold9/test_ega_zone_e_pct,fold9/test_ega_zone_e_count,fold9/test_horizon_15_mae,fold9/test_horizon_15_rmse,fold9/test_horizon_15_mard,fold9/test_horizon_15_mape,fold9/test_horizon_15_r2,fold9/test_horizon_15_pearson,fold9/test_horizon_15_ega_zone_a_pct,fold9/test_horizon_15_ega_zone_a_count,fold9/test_horizon_15_ega_zone_b_pct,fold9/test_horizon_15_ega_zone_b_count,fold9/test_horizon_15_ega_zone_c_pct,fold9/test_horizon_15_ega_zone_c_count,fold9/test_horizon_15_ega_zone_d_pct,fold9/test_horizon_15_ega_zone_d_count,fold9/test_horizon_15_ega_zone_e_pct,fold9/test_horizon_15_ega_zone_e_count,fold9/test_horizon_30_mae,fold9/test_horizon_30_rmse,fold9/test_horizon_30_mard,fold9/test_horizon_30_mape,fold9/test_horizon_30_r2,fold9/test_horizon_30_pearson,fold9/test_horizon_30_ega_zone_a_pct,fold9/test_horizon_30_ega_zone_a_count,fold9/test_horizon_30_ega_zone_b_pct,fold9/test_horizon_30_ega_zone_b_count,fold9/test_horizon_30_ega_zone_c_pct,fold9/test_horizon_30_ega_zone_c_count,fold9/test_horizon_30_ega_zone_d_pct,fold9/test_horizon_30_ega_zone_d_count,fold9/test_horizon_30_ega_zone_e_pct,fold9/test_horizon_30_ega_zone_e_count,fold9/test_horizon_45_mae,fold9/test_horizon_45_rmse,fold9/test_horizon_45_mard,fold9/test_horizon_45_mape,fold9/test_horizon_45_r2,fold9/test_horizon_45_pearson,fold9/test_horizon_45_ega_zone_a_pct,fold9/test_horizon_45_ega_zone_a_count,fold9/test_horizon_45_ega_zone_b_pct,fold9/test_horizon_45_ega_zone_b_count,fold9/test_horizon_45_ega_zone_c_pct,fold9/test_horizon_45_ega_zone_c_count,fold9/test_horizon_45_ega_zone_d_pct,fold9/test_horizon_45_ega_zone_d_count,fold9/test_horizon_45_ega_zone_e_pct,fold9/test_horizon_45_ega_zone_e_count,fold9/test_horizon_60_mae,fold9/test_horizon_60_rmse,fold9/test_horizon_60_mard,fold9/test_horizon_60_mape,fold9/test_horizon_60_r2,fold9/test_horizon_60_pearson,fold9/test_horizon_60_ega_zone_a_pct,fold9/test_horizon_60_ega_zone_a_count,fold9/test_horizon_60_ega_zone_b_pct,fold9/test_horizon_60_ega_zone_b_count,fold9/test_horizon_60_ega_zone_c_pct,fold9/test_horizon_60_ega_zone_c_count,fold9/test_horizon_60_ega_zone_d_pct,fold9/test_horizon_60_ega_zone_d_count,fold9/test_horizon_60_ega_zone_e_pct,fold9/test_horizon_60_ega_zone_e_count
0,0.31546611589604906,10.847654342651367,17.407594680786133,8.15749740600586,8.15749740600586,0.43161046504974365,0.6854540705680847,90.62047576904297,7507.0,9.37952709197998,777.0,0.0,0.0,0.0,0.0,0.0,0.0,5.199713706970215,7.381626129150391,4.030908584594727,4.030908584594727,0.8978087306022644,0.9496227502822876,99.42057037353516,2059.0,0.5794302225112915,12.0,0.0,0.0,0.0,0.0,0.0,0.0,9.900956153869629,14.833054542541504,7.492269039154053,7.492269039154053,0.5871120095252991,0.7794822454452515,92.7088394165039,1920.0,7.291163444519043,151.0,0.0,0.0,0.0,0.0,0.0,0.0,13.164849281311035,20.12940788269043,9.835769653320312,9.835769653320312,0.23987752199172974,0.5565783381462097,87.10767364501953,1804.0,12.892322540283203,267.0,0.0,0.0,0.0,0.0,0.0,0.0,15.125101089477539,23.073715209960938,11.271044731140137,11.271044731140137,0.001806795597076416,0.38537734746932983,83.24480438232422,1724.0,16.755189895629883,347.0,0.0,0.0,0.0,0.0,0.0,0.0
step,fold10/train_loss,fold10/val_mae,fold10/val_rmse,fold10/val_mard,fold10/val_mape,fold10/val_r2,fold10/val_pearson,fold10/val_ega_zone_a_pct,fold10/val_ega_zone_a_count,fold10/val_ega_zone_b_pct,fold10/val_ega_zone_b_count,fold10/val_ega_zone_c_pct,fold10/val_ega_zone_c_count,fold10/val_ega_zone_d_pct,fold10/val_ega_zone_d_count,fold10/val_ega_zone_e_pct,fold10/val_ega_zone_e_count,fold10/val_horizon_15_mae,fold10/val_horizon_15_rmse,fold10/val_horizon_15_mard,fold10/val_horizon_15_mape,fold10/val_horizon_15_r2,fold10/val_horizon_15_pearson,fold10/val_horizon_15_ega_zone_a_pct,fold10/val_horizon_15_ega_zone_a_count,fold10/val_horizon_15_ega_zone_b_pct,fold10/val_horizon_15_ega_zone_b_count,fold10/val_horizon_15_ega_zone_c_pct,fold10/val_horizon_15_ega_zone_c_count,fold10/val_horizon_15_ega_zone_d_pct,fold10/val_horizon_15_ega_zone_d_count,fold10/val_horizon_15_ega_zone_e_pct,fold10/val_horizon_15_ega_zone_e_count,fold10/val_horizon_30_mae,fold10/val_horizon_30_rmse,fold10/val_horizon_30_mard,fold10/val_horizon_30_mape,fold10/val_horizon_30_r2,fold10/val_horizon_30_pearson,fold10/val_horizon_30_ega_zone_a_pct,fold10/val_horizon_30_ega_zone_a_count,fold10/val_horizon_30_ega_zone_b_pct,fold10/val_horizon_30_ega_zone_b_count,fold10/val_horizon_30_ega_zone_c_pct,fold10/val_horizon_30_ega_zone_c_count,fold10/val_horizon_30_ega_zone_d_pct,fold10/val_horizon_30_ega_zone_d_count,fold10/val_horizon_30_ega_zone_e_pct,fold10/val_horizon_30_ega_zone_e_count,fold10/val_horizon_45_mae,fold10/val_horizon_45_rmse,fold10/val_horizon_45_mard,fold10/val_horizon_45_mape,fold10/val_horizon_45_r2,fold10/val_horizon_45_pearson,fold10/val_horizon_45_ega_zone_a_pct,fold10/val_horizon_45_ega_zone_a_count,fold10/val_horizon_45_ega_zone_b_pct,fold10/val_horizon_45_ega_zone_b_count,fold10/val_horizon_45_ega_zone_c_pct,fold10/val_horizon_45_ega_zone_c_count,fold10/val_horizon_45_ega_zone_d_pct,fold10/val_horizon_45_ega_zone_d_count,fold10/val_horizon_45_ega_zone_e_pct,fold10/val_horizon_45_ega_zone_e_count,fold10/val_horizon_60_mae,fold10/val_horizon_60_rmse,fold10/val_horizon_60_mard,fold10/val_horizon_60_mape,fold10/val_horizon_60_r2,fold10/val_horizon_60_pearson,fold10/val_horizon_60_ega_zone_a_pct,fold10/val_horizon_60_ega_zone_a_count,fold10/val_horizon_60_ega_zone_b_pct,fold10/val_horizon_60_ega_zone_b_count,fold10/val_horizon_60_ega_zone_c_pct,fold10/val_horizon_60_ega_zone_c_count,fold10/val_horizon_60_ega_zone_d_pct,fold10/val_horizon_60_ega_zone_d_count,fold10/val_horizon_60_ega_zone_e_pct,fold10/val_horizon_60_ega_zone_e_count,fold10/diag_graph_prior_weight,fold10/diag_graph_residual_mean,fold10/diag_fusion_gate_cgm,fold10/diag_fusion_gate_cgm_guided,fold10/diag_fusion_gate_physio,fold10/diag_horizon_query_similarity,fold10/diag_horizon_progressive_gate,fold10/diag_horizon_attention_similarity,fold10/diag_horizon_attention_entropy,fold10/diag_horizon_curriculum_progress,fold10/diag_loss_horizon_weight_0,fold10/diag_loss_horizon_weight_1,fold10/diag_loss_horizon_weight_2,fold10/diag_loss_horizon_weight_3
1,0.2450307538742668,9.69362735748291,15.383235931396484,8.317634582519531,8.317634582519531,0.4581465721130371,0.698452353477478,90.72601318359375,21669.0,9.236309051513672,2206.0,0.0,0.0,0.03768213093280792,9.0,0.0,0.0,5.719368934631348,8.856203079223633,4.947136878967285,4.947136878967285,0.8195523619651794,0.9055544137954712,97.88980102539062,5845.0,2.0767040252685547,124.0,0.0,0.0,0.0334952250123024,2.0,0.0,0.0,9.18567180633545,14.299005508422852,7.859216690063477,7.859216690063477,0.5316691398620605,0.7415425181388855,91.76017761230469,5479.0,8.206330299377441,490.0,0.0,0.0,0.0334952250123024,2.0,0.0,0.0,11.282267570495605,17.35759925842285,9.653046607971191,9.653046607971191,0.31147295236587524,0.6083471179008484,87.90821838378906,5249.0,12.058281898498535,720.0,0.0,0.0,0.0334952250123024,2.0,0.0,0.0,12.587201118469238,19.036691665649414,10.811137199401855,10.811137199401855,0.17282187938690186,0.5178674459457397,85.34584045410156,5096.0,14.60391902923584,872.0,0.0,0.0,0.0502428375184536,3.0,0.0,0.0,1.0027046203613281,0.011683446355164051,0.31088700890541077,0.25576257705688477,0.43335044384002686,-0.0885733962059021,0.11920291930437088,0.9999340176582336,0.9999847412109375,0.0,0.3333333432674408,0.28333333134651184,0.21666665375232697,0.1666666716337204
2,0.24131118422169298,9.717611312866211,15.152746200561523,8.341625213623047,8.341625213623047,0.4742622375488281,0.7005390524864197,91.22006225585938,21787.0,8.742254257202148,2088.0,0.0,0.0,0.03768213093280792,9.0,0.0,0.0,5.748355388641357,8.767928123474121,4.988029956817627,4.988029956817627,0.8231316804885864,0.9072736501693726,97.92329406738281,5847.0,2.0432088375091553,122.0,0.0,0.0,0.0334952250123024,2.0,0.0,0.0,9.234918594360352,14.095613479614258,7.925504684448242,7.925504684448242,0.5448976755142212,0.7441590428352356,92.21236419677734,5506.0,7.754144668579102,463.0,0.0,0.0,0.0334952250123024,2.0,0.0,0.0,11.323211669921875,17.066659927368164,9.688125610351562,9.688125610351562,0.3343609571456909,0.6075918674468994,88.77909851074219,5301.0,11.187405586242676,668.0,0.0,0.0,0.0334952250123024,2.0,0.0,0.0,12.563956260681152,18.750709533691406,10.764837265014648,10.764837265014648,0.19748806953430176,0.5138606429100037,85.96549987792969,5133.0,13.984256744384766,835.0,0.0,0.0,0.0502428375184536,3.0,0.0,0.0,1.0038609504699707,0.01121863629668951,0.15714646875858307,0.2179117351770401,0.6249417662620544,-0.08234403282403946,0.11920291930437088,0.9968557953834534,0.9989634156227112,0.07142857142857142,0.3245614171028137,0.2788847088813782,0.21998745203018188,0.17656642198562622
3,0.24102070213591434,9.793546676635742,15.100354194641113,8.40831470489502,8.40831470489502,0.47789156436920166,0.6995114088058472,91.17400360107422,21776.0,8.788310050964355,2099.0,0.0,0.0,0.03768213093280792,9.0,0.0,0.0,5.803136825561523,8.74500846862793,5.034144401550293,5.034144401550293,0.8240551352500916,0.9079278707504272,97.956787109375,5849.0,2.009713649749756,120.0,0.0,0.0,0.0334952250123024,2.0,0.0,0.0,9.302634239196777,14.024323463439941,7.988847732543945,7.988847732543945,0.5494894981384277,0.7447323799133301,92.48031616210938,5522.0,7.486183166503906,447.0,0.0,0.0,0.0334952250123024,2.0,0.0,0.0,11.39974594116211,17.0000057220459,9.754871368408203,9.754871368408203,0.3395501375198364,0.6051220297813416,88.5613784790039,5288.0,11.40512466430664,681.0,0.0,0.0,0.0334952250123024,2.0,0.0,0.0,12.668671607971191,18.7063045501709,10.855396270751953,10.855396270751953,0.20128458738327026,0.5065849423408508,85.69754028320312,5117.0,14.252218246459961,851.0,0.0,0.0,0.0502428375184536,3.0,0.0,0.0,1.002563238143921,0.01088688150048256,0.07702334970235825,0.16075117886066437,0.7622255682945251,-0.06338264793157578,0.11920291930437088,0.9929103851318359,0.9886012673377991,0.14285714285714285,0.31578949093818665,0.2744360864162445,0.223308265209198,0.18646617233753204
4,0.24076044348121364,9.744086265563965,14.969581604003906,8.374468803405762,8.374468803405762,0.4868955612182617,0.7040162086486816,91.32473754882812,21812.0,8.637581825256348,2063.0,0.0,0.0,0.03768213093280792,9.0,0.0,0.0,5.762300491333008,8.679645538330078,5.000990390777588,5.000990390777588,0.8266754150390625,0.9093969464302063,97.99028778076172,5851.0,1.9762184619903564,118.0,0.0,0.0,0.0334952250123024,2.0,0.0,0.0,9.240943908691406,13.901338577270508,7.943882942199707,7.943882942199707,0.5573562383651733,0.748943567276001,92.61430358886719,5530.0,7.352202415466309,439.0,0.0,0.0,0.0334952250123024,2.0,0.0,0.0,11.312699317932129,16.83091926574707,9.684823036193848,9.684823036193848,0.3526228070259094,0.611331045627594,88.86283874511719,5306.0,11.103668212890625,663.0,0.0,0.0,0.0334952250123024,2.0,0.0,0.0,12.66040325164795,18.560449600219727,10.868181228637695,10.868181228637695,0.2136913537979126,0.5095945596694946,85.8315200805664,5125.0,14.118237495422363,843.0,0.0,0.0,0.0502428375184536,3.0,0.0,0.0,1.0012685060501099,0.010688654147088528,0.06990064680576324,0.13408145308494568,0.7960178256034851,-0.03902711346745491,0.11920291930437088,0.9859671592712402,0.9574437141418457,0.21428571428571427,0.30701756477355957,0.26998746395111084,0.22662906348705292,0.19636592268943787
5,0.2393745625618126,9.741280555725098,14.915718078613281,8.397512435913086,8.397512435913086,0.4905813932418823,0.7057821154594421,91.22843933105469,21789.0,8.733880996704102,2086.0,0.0,0.0,0.03768213093280792,9.0,0.0,0.0,5.755849361419678,8.632977485656738,5.006524562835693,5.006524562835693,0.8285342454910278,0.9104574918746948,98.07402801513672,5856.0,1.8924802541732788,113.0,0.0,0.0,0.0334952250123024,2.0,0.0,0.0,9.251856803894043,13.867383003234863,7.978768825531006,7.978768825531006,0.5595160126686096,0.7499203085899353,92.5138168334961,5524.0,7.452687740325928,445.0,0.0,0.0,0.0334952250123024,2.0,0.0,0.0,11.308459281921387,16.7722110748291,9.714071273803711,9.714071273803711,0.35713130235671997,0.6133316159248352,88.7288589477539,5298.0,11.237648963928223,671.0,0.0,0.0,0.0334952250123024,2.0,0.0,0.0,12.648957252502441,18.48715591430664,10.890681266784668,10.890681266784668,0.21988922357559204,0.5113661289215088,85.59705352783203,5111.0,14.352705001831055,857.0,0.0,0.0,0.0502428375184536,3.0,0.0,0.0,0.9946205615997314,0.010597200132906437,0.058896247297525406,0.15198557078838348,0.789118230342865,-0.021664777770638466,0.11920291930437088,0.9898426532745361,0.9416916966438293,0.2857142857142857,0.2982456088066101,0.2655388414859772,0.22994986176490784,0.2062656730413437
6,0.23760055320959458,9.794724464416504,14.912124633789062,8.479146957397461,8.479146957397461,0.4908268451690674,0.7047678232192993,91.0860824584961,21755.0,8.876235008239746,2120.0,0.0,0.0,0.03768213093280792,9.0,0.0,0.0,5.69029426574707,8.527408599853516,4.969230651855469,4.969230651855469,0.8327021598815918,0.9128695130348206,98.10751342773438,5858.0,1.8589850664138794,111.0,0.0,0.0,0.0334952250123024,2.0,0.0,0.0,9.315648078918457,13.848363876342773,8.071747779846191,8.071747779846191,0.5607234239578247,0.7499209642410278,92.5138168334961,5524.0,7.452687740325928,445.0,0.0,0.0,0.0334952250123024,2.0,0.0,0.0,11.44533634185791,16.798885345458984,9.88034439086914,9.88034439086914,0.35508477687835693,0.6087429523468018,88.54463195800781,5287.0,11.421873092651367,682.0,0.0,0.0,0.0334952250123024,2.0,0.0,0.0,12.727621078491211,18.514570236206055,10.995261192321777,10.995261192321777,0.21757400035858154,0.5056285858154297,85.17835998535156,5086.0,14.771394729614258,882.0,0.0,0.0,0.0502428375184536,3.0,0.0,0.0,0.9919388294219971,0.01053999736905098,0.05425066128373146,0.11335237324237823,0.832396924495697,-0.002851400524377823,0.11920291930437088,0.9908257126808167,0.9485659599304199,0.35714285714285715,0.28947368264198303,0.2610902190208435,0.23327067494392395,0.2161654233932495
7,0.23557016247350687,9.819907188415527,14.902298927307129,8.502941131591797,8.502941131591797,0.49149757623672485,0.7043499946594238,90.97721862792969,21729.0,8.985095024108887,2146.0,0.0,0.0,0.03768213093280792,9.0,0.0,0.0,5.627312183380127,8.443158149719238,4.913794040679932,4.913794040679932,0.835991621017456,0.9146709442138672,98.2080078125,5864.0,1.7584993839263916,105.0,0.0,0.0,0.0334952250123024,2.0,0.0,0.0,9.322835922241211,13.831009864807129,8.079254150390625,8.079254150390625,0.5618237257003784,0.75022953748703,92.3965835571289,5517.0,7.569921016693115,452.0,0.0,0.0,0.0334952250123024,2.0,0.0,0.0,11.503669738769531,16.798063278198242,9.933049201965332,9.933049201965332,0.3551478981971741,0.6063713431358337,88.41065216064453,5279.0,11.555853843688965,690.0,0.0,0.0,0.0334952250123024,2.0,0.0,0.0,12.825806617736816,18.535247802734375,11.08566665649414,11.08566665649414,0.21582525968551636,0.49972352385520935,84.89364624023438,5069.0,15.05610466003418,899.0,0.0,0.0,0.0502428375184536,3.0,0.0,0.0,0.9883547425270081,0.010528279468417168,0.05848260596394539,0.16913923621177673,0.772378146648407,0.006398558616638184,0.11920291930437088,0.9881994128227234,0.9443219900131226,0.42857142857142855,0.28070175647735596,0.25664159655570984,0.23659147322177887,0.22606515884399414
8,0.2290791363765215,9.867384910583496,14.917617797851562,8.549139976501465,8.549139976501465,0.4904516339302063,0.7030656337738037,90.83068084716797,21694.0,9.131636619567871,2181.0,0.0,0.0,0.03768213093280792,9.0,0.0,0.0,5.5158867835998535,8.209821701049805,4.824893951416016,4.824893951416016,0.8449314832687378,0.9197012782096863,98.47596740722656,5880.0,1.4905376434326172,89.0,0.0,0.0,0.0334952250123024,2.0,0.0,0.0,9.361224174499512,13.784184455871582,8.122577667236328,8.122577667236328,0.5647855997085571,0.7518028020858765,92.580810546875,5528.0,7.385697364807129,441.0,0.0,0.0,0.0334952250123024,2.0,0.0,0.0,11.610568046569824,16.84665870666504,10.02930736541748,10.02930736541748,0.35141152143478394,0.6021625399589539,88.07569885253906,5259.0,11.8908052444458,710.0,0.0,0.0,0.0334952250123024,2.0,0.0,0.0,12.981863021850586,18.67957305908203,11.219783782958984,11.219783782958984,0.203565776348114,0.4880571961402893,84.19025421142578,5027.0,15.759504318237305,941.0,0.0,0.0,0.0502428375184536,3.0,0.0,0.0,0.9797214269638062,0.010552755557000637,0.06867021322250366,0.17114420235157013,0.7601855993270874,0.01323625911027193,0.11920291930437088,0.9831212162971497,0.942185640335083,0.5,0.2719298303127289,0.25219297409057617,0.2399122714996338,0.23596492409706116
9,0.2223067451639356,9.913803100585938,14.934548377990723,8.624309539794922,8.624309539794922,0.4892943501472473,0.7022207379341125,90.4371109008789,21600.0,9.52939224243164,2276.0,0.0,0.0,0.0334952250123024,8.0,0.0,0.0,5.292839527130127,7.766109466552734,4.660067558288574,4.660067558288574,0.8612403869628906,0.9286875128746033,98.74392700195312,5896.0,1.2225757837295532,73.0,0.0,0.0,0.0334952250123024,2.0,0.0,0.0,9.368127822875977,13.649658203125,8.16665267944336,8.16665267944336,0.5732390880584717,0.7572636008262634,92.91576385498047,5548.0,7.050745010375977,421.0,0.0,0.0,0.0334952250123024,2.0,0.0,0.0,11.764169692993164,16.959552764892578,10.197517395019531,10.197517395019531,0.3426896333694458,0.5949443578720093,87.40579223632812,5219.0,12.560709953308105,750.0,0.0,0.0,0.0334952250123024,2.0,0.0,0.0,13.230076789855957,18.918533325195312,11.473004341125488,11.473004341125488,0.18305844068527222,0.47120195627212524,82.68296813964844,4937.0,17.283536911010742,1032.0,0.0,0.0,0.0334952250123024,2.0,0.0,0.0,0.9754819869995117,0.010566779412329197,0.06514431536197662,0.21396967768669128,0.7208860516548157,0.03889387473464012,0.11920291930437088,0.9910948872566223,0.9292489886283875,0.5714285714285714,0.2631579041481018,0.2477443516254425,0.2432330846786499,0.24586467444896698
10,0.21277056904511116,9.799675941467285,14.847915649414062,8.526494026184082,8.526494026184082,0.4952022433280945,0.7068524956703186,90.32825469970703,21574.0,9.642438888549805,2303.0,0.0,0.0,0.029308322817087173,7.0,0.0,0.0,4.959429740905762,7.3429765701293945,4.353951454162598,4.353951454162598,0.875948965549469,0.9361878633499146,98.91140747070312,5906.0,1.055099606513977,63.0,0.0,0.0,0.0334952250123024,2.0,0.0,0.0,9.151336669921875,13.394855499267578,7.970829963684082,7.970829963684082,0.5890233516693115,0.7676240801811218,93.08323669433594,5558.0,6.8832688331604,411.0,0.0,0.0,0.0334952250123024,2.0,0.0,0.0,11.763887405395508,16.95488739013672,10.204670906066895,10.204670906066895,0.34305113554000854,0.5956217050552368,87.03734588623047,5197.0,12.945905685424805,773.0,0.0,0.0,0.0167476125061512,1.0,0.0,0.0,13.32404899597168,19.000856399536133,11.576520919799805,11.576520919799805,0.1759331226348877,0.4669371545314789,82.28102111816406,4913.0,17.68548011779785,1056.0,0.0,0.0,0.0334952250123024,2.0,0.0,0.0,0.9723297357559204,0.010578828863799572,0.08332885056734085,0.185411274433136,0.7312599420547485,0.06063782051205635,0.11920291930437088,0.9923616051673889,0.9250922203063965,0.6428571428571429,0.25438597798347473,0.24329572916030884,0.24655388295650482,0.2557644248008728
11,0.20493828605261769,9.789959907531738,14.896624565124512,8.527617454528809,8.527617454528809,0.49188482761383057,0.7061899900436401,90.00167083740234,21496.0,9.969017028808594,2381.0,0.0,0.0,0.029308322817087173,7.0,0.0,0.0,4.840613842010498,7.161783695220947,4.2588791847229,4.2588791847229,0.8819954991340637,0.9392690062522888,98.94490051269531,5908.0,1.0216044187545776,61.0,0.0,0.0,0.0334952250123024,2.0,0.0,0.0,9.101676940917969,13.340865135192871,7.936472415924072,7.936472415924072,0.5923296213150024,0.7701602578163147,92.91576385498047,5548.0,7.050745010375977,421.0,0.0,0.0,0.0334952250123024,2.0,0.0,0.0,11.772322654724121,17.02446937561035,10.225288391113281,10.225288391113281,0.33764803409576416,0.5948520302772522,86.26696014404297,5151.0,13.71629524230957,819.0,0.0,0.0,0.0167476125061512,1.0,0.0,0.0,13.44522762298584,19.19727325439453,11.689834594726562,11.689834594726562,0.15880799293518066,0.4598056375980377,81.87908172607422,4889.0,18.08742332458496,1080.0,0.0,0.0,0.0334952250123024,2.0,0.0,0.0,0.9663869142532349,0.010593543760478497,0.07975909113883972,0.1961769312620163,0.7240639925003052,0.07764841616153717,0.11920291930437088,0.9943463206291199,0.9219293594360352,0.7142857142857143,0.24561403691768646,0.23884710669517517,0.24987469613552094,0.26566416025161743
12,0.197283550776936,9.885581970214844,15.035050392150879,8.627738952636719,8.627738952636719,0.4823976159095764,0.7001656889915466,89.70440673828125,21425.0,10.266286849975586,2452.0,0.0,0.0,0.029308322817087173,7.0,0.0,0.0,4.825927734375,7.102468490600586,4.246942520141602,4.246942520141602,0.8839420676231384,0.9402631521224976,98.92815399169922,5907.0,1.0383520126342773,62.0,0.0,0.0,0.0334952250123024,2.0,0.0,0.0,9.156045913696289,13.39958381652832,7.996866703033447,7.996866703033447,0.5887331366539001,0.7678625583648682,92.96600341796875,5551.0,7.000502109527588,418.0,0.0,0.0,0.0334952250123024,2.0,0.0,0.0,11.934428215026855,17.22785758972168,10.391828536987305,10.391828536987305,0.321727454662323,0.5832518935203552,86.01573944091797,5136.0,13.967509269714355,834.0,0.0,0.0,0.0167476125061512,1.0,0.0,0.0,13.625934600830078,19.427249908447266,11.875320434570312,11.875320434570312,0.13853293657302856,0.4450010061264038,80.90772247314453,4831.0,19.05878448486328,1138.0,0.0,0.0,0.0334952250123024,2.0,0.0,0.0,0.9579705595970154,0.010623658075928688,0.08057177811861038,0.24849006533622742,0.6709381937980652,0.08546087890863419,0.11920291930437088,0.9925046563148499,0.9329298734664917,0.7857142857142857,0.23684212565422058,0.2343984991312027,0.25319552421569824,0.27556392550468445
13,0.18922746666455637,10.118590354919434,15.35034465789795,8.842327117919922,8.842327117919922,0.4604611396789551,0.6868951916694641,88.91307830810547,21236.0,11.057611465454102,2641.0,0.0,0.0,0.029308322817087173,7.0,0.0,0.0,4.855431079864502,7.092199325561523,4.274971008300781,4.274971008300781,0.8842774629592896,0.9404309988021851,99.01189422607422,5912.0,0.9546139240264893,57.0,0.0,0.0,0.0334952250123024,2.0,0.0,0.0,9.332778930664062,13.589249610900879,8.151924133300781,8.151924133300781,0.5770081281661987,0.7605145573616028,92.34634399414062,5514.0,7.620163917541504,455.0,0.0,0.0,0.0334952250123024,2.0,0.0,0.0,12.270760536193848,17.639625549316406,10.692303657531738,10.692303657531738,0.28891676664352417,0.561875581741333,84.742919921875,5060.0,15.240327835083008,910.0,0.0,0.0,0.0167476125061512,1.0,0.0,0.0,14.015386581420898,19.91002082824707,12.25010871887207,12.25010871887207,0.09518569707870483,0.4190315008163452,79.55116271972656,4750.0,20.415340423583984,1219.0,0.0,0.0,0.0334952250123024,2.0,0.0,0.0,0.948860764503479,0.010660069063305855,0.07832018285989761,0.22588367760181427,0.6957960724830627,0.09322897344827652,0.11920291930437088,0.9955083727836609,0.9294005632400513,0.8571428571428571,0.22807016968727112,0.22994986176490784,0.25651630759239197,0.2854636609554291
step,fold10/test_loss,fold10/test_mae,fold10/test_rmse,fold10/test_mard,fold10/test_mape,fold10/test_r2,fold10/test_pearson,fold10/test_ega_zone_a_pct,fold10/test_ega_zone_a_count,fold10/test_ega_zone_b_pct,fold10/test_ega_zone_b_count,fold10/test_ega_zone_c_pct,fold10/test_ega_zone_c_count,fold10/test_ega_zone_d_pct,fold10/test_ega_zone_d_count,fold10/test_ega_zone_e_pct,fold10/test_ega_zone_e_count,fold10/test_horizon_15_mae,fold10/test_horizon_15_rmse,fold10/test_horizon_15_mard,fold10/test_horizon_15_mape,fold10/test_horizon_15_r2,fold10/test_horizon_15_pearson,fold10/test_horizon_15_ega_zone_a_pct,fold10/test_horizon_15_ega_zone_a_count,fold10/test_horizon_15_ega_zone_b_pct,fold10/test_horizon_15_ega_zone_b_count,fold10/test_horizon_15_ega_zone_c_pct,fold10/test_horizon_15_ega_zone_c_count,fold10/test_horizon_15_ega_zone_d_pct,fold10/test_horizon_15_ega_zone_d_count,fold10/test_horizon_15_ega_zone_e_pct,fold10/test_horizon_15_ega_zone_e_count,fold10/test_horizon_30_mae,fold10/test_horizon_30_rmse,fold10/test_horizon_30_mard,fold10/test_horizon_30_mape,fold10/test_horizon_30_r2,fold10/test_horizon_30_pearson,fold10/test_horizon_30_ega_zone_a_pct,fold10/test_horizon_30_ega_zone_a_count,fold10/test_horizon_30_ega_zone_b_pct,fold10/test_horizon_30_ega_zone_b_count,fold10/test_horizon_30_ega_zone_c_pct,fold10/test_horizon_30_ega_zone_c_count,fold10/test_horizon_30_ega_zone_d_pct,fold10/test_horizon_30_ega_zone_d_count,fold10/test_horizon_30_ega_zone_e_pct,fold10/test_horizon_30_ega_zone_e_count,fold10/test_horizon_45_mae,fold10/test_horizon_45_rmse,fold10/test_horizon_45_mard,fold10/test_horizon_45_mape,fold10/test_horizon_45_r2,fold10/test_horizon_45_pearson,fold10/test_horizon_45_ega_zone_a_pct,fold10/test_horizon_45_ega_zone_a_count,fold10/test_horizon_45_ega_zone_b_pct,fold10/test_horizon_45_ega_zone_b_count,fold10/test_horizon_45_ega_zone_c_pct,fold10/test_horizon_45_ega_zone_c_count,fold10/test_horizon_45_ega_zone_d_pct,fold10/test_horizon_45_ega_zone_d_count,fold10/test_horizon_45_ega_zone_e_pct,fold10/test_horizon_45_ega_zone_e_count,fold10/test_horizon_60_mae,fold10/test_horizon_60_rmse,fold10/test_horizon_60_mard,fold10/test_horizon_60_mape,fold10/test_horizon_60_r2,fold10/test_horizon_60_pearson,fold10/test_horizon_60_ega_zone_a_pct,fold10/test_horizon_60_ega_zone_a_count,fold10/test_horizon_60_ega_zone_b_pct,fold10/test_horizon_60_ega_zone_b_count,fold10/test_horizon_60_ega_zone_c_pct,fold10/test_horizon_60_ega_zone_c_count,fold10/test_horizon_60_ega_zone_d_pct,fold10/test_horizon_60_ega_zone_d_count,fold10/test_horizon_60_ega_zone_e_pct,fold10/test_horizon_60_ega_zone_e_count
0,0.4659606265637082,14.692986488342285,23.51641273498535,13.333477020263672,13.333477020263672,0.36542999744415283,0.6404101252555847,79.68257904052734,6075.0,18.467994689941406,1408.0,0.013116473332047462,1.0,1.8100734949111938,138.0,0.026232946664094925,2.0,8.34485912322998,12.597269058227539,7.477071285247803,7.477071285247803,0.8191724419593811,0.90535968542099,92.91709899902344,1771.0,6.243441581726074,119.0,0.0,0.0,0.8394542932510376,16.0,0.0,0.0,13.762533187866211,20.963197708129883,12.343144416809082,12.343144416809082,0.4968339204788208,0.7190844416618347,80.7974853515625,1540.0,17.523609161376953,334.0,0.0,0.0,1.6789085865020752,32.0,0.0,0.0,17.15239143371582,26.38157844543457,15.566115379333496,15.566115379333496,0.19877731800079346,0.5314704775810242,74.23924255371094,1415.0,23.504722595214844,448.0,0.0,0.0,2.2560336589813232,43.0,0.0,0.0,19.512163162231445,30.29772186279297,17.94757652282715,17.94757652282715,-0.05958199501037598,0.35881224274635315,70.7764892578125,1349.0,26.600208282470703,507.0,0.05246589332818985,1.0,2.46589732170105,47.0,0.1049317866563797,2.0
step,fold11/train_loss,fold11/val_mae,fold11/val_rmse,fold11/val_mard,fold11/val_mape,fold11/val_r2,fold11/val_pearson,fold11/val_ega_zone_a_pct,fold11/val_ega_zone_a_count,fold11/val_ega_zone_b_pct,fold11/val_ega_zone_b_count,fold11/val_ega_zone_c_pct,fold11/val_ega_zone_c_count,fold11/val_ega_zone_d_pct,fold11/val_ega_zone_d_count,fold11/val_ega_zone_e_pct,fold11/val_ega_zone_e_count,fold11/val_horizon_15_mae,fold11/val_horizon_15_rmse,fold11/val_horizon_15_mard,fold11/val_horizon_15_mape,fold11/val_horizon_15_r2,fold11/val_horizon_15_pearson,fold11/val_horizon_15_ega_zone_a_pct,fold11/val_horizon_15_ega_zone_a_count,fold11/val_horizon_15_ega_zone_b_pct,fold11/val_horizon_15_ega_zone_b_count,fold11/val_horizon_15_ega_zone_c_pct,fold11/val_horizon_15_ega_zone_c_count,fold11/val_horizon_15_ega_zone_d_pct,fold11/val_horizon_15_ega_zone_d_count,fold11/val_horizon_15_ega_zone_e_pct,fold11/val_horizon_15_ega_zone_e_count,fold11/val_horizon_30_mae,fold11/val_horizon_30_rmse,fold11/val_horizon_30_mard,fold11/val_horizon_30_mape,fold11/val_horizon_30_r2,fold11/val_horizon_30_pearson,fold11/val_horizon_30_ega_zone_a_pct,fold11/val_horizon_30_ega_zone_a_count,fold11/val_horizon_30_ega_zone_b_pct,fold11/val_horizon_30_ega_zone_b_count,fold11/val_horizon_30_ega_zone_c_pct,fold11/val_horizon_30_ega_zone_c_count,fold11/val_horizon_30_ega_zone_d_pct,fold11/val_horizon_30_ega_zone_d_count,fold11/val_horizon_30_ega_zone_e_pct,fold11/val_horizon_30_ega_zone_e_count,fold11/val_horizon_45_mae,fold11/val_horizon_45_rmse,fold11/val_horizon_45_mard,fold11/val_horizon_45_mape,fold11/val_horizon_45_r2,fold11/val_horizon_45_pearson,fold11/val_horizon_45_ega_zone_a_pct,fold11/val_horizon_45_ega_zone_a_count,fold11/val_horizon_45_ega_zone_b_pct,fold11/val_horizon_45_ega_zone_b_count,fold11/val_horizon_45_ega_zone_c_pct,fold11/val_horizon_45_ega_zone_c_count,fold11/val_horizon_45_ega_zone_d_pct,fold11/val_horizon_45_ega_zone_d_count,fold11/val_horizon_45_ega_zone_e_pct,fold11/val_horizon_45_ega_zone_e_count,fold11/val_horizon_60_mae,fold11/val_horizon_60_rmse,fold11/val_horizon_60_mard,fold11/val_horizon_60_mape,fold11/val_horizon_60_r2,fold11/val_horizon_60_pearson,fold11/val_horizon_60_ega_zone_a_pct,fold11/val_horizon_60_ega_zone_a_count,fold11/val_horizon_60_ega_zone_b_pct,fold11/val_horizon_60_ega_zone_b_count,fold11/val_horizon_60_ega_zone_c_pct,fold11/val_horizon_60_ega_zone_c_count,fold11/val_horizon_60_ega_zone_d_pct,fold11/val_horizon_60_ega_zone_d_count,fold11/val_horizon_60_ega_zone_e_pct,fold11/val_horizon_60_ega_zone_e_count,fold11/diag_graph_prior_weight,fold11/diag_graph_residual_mean,fold11/diag_fusion_gate_cgm,fold11/diag_fusion_gate_cgm_guided,fold11/diag_fusion_gate_physio,fold11/diag_horizon_query_similarity,fold11/diag_horizon_progressive_gate,fold11/diag_horizon_attention_similarity,fold11/diag_horizon_attention_entropy,fold11/diag_horizon_curriculum_progress,fold11/diag_loss_horizon_weight_0,fold11/diag_loss_horizon_weight_1,fold11/diag_loss_horizon_weight_2,fold11/diag_loss_horizon_weight_3
1,0.24109813901834906,12.609880447387695,20.220693588256836,11.239346504211426,11.239346504211426,0.34744423627853394,0.6457443237304688,83.3731689453125,11859.0,15.656636238098145,2227.0,0.007030371576547623,1.0,0.9561305046081543,136.0,0.007030371576547623,1.0,7.251989364624023,11.06999683380127,6.437798023223877,6.437798023223877,0.8051053285598755,0.8989743590354919,94.7694091796875,3370.0,4.83689546585083,172.0,0.0,0.0,0.3937007784843445,14.0,0.0,0.0,11.794950485229492,18.110618591308594,10.407292366027832,10.407292366027832,0.477114737033844,0.7183578014373779,84.73003387451172,3013.0,14.45444393157959,514.0,0.0,0.0,0.8155230283737183,29.0,0.0,0.0,14.691970825195312,22.689067840576172,13.06925106048584,13.06925106048584,0.17651283740997314,0.5468791127204895,78.8807601928711,2805.0,19.910011291503906,708.0,0.0,0.0,1.2092238664627075,43.0,0.0,0.0,16.700618743896484,25.887693405151367,15.043042182922363,15.043042182922363,-0.07207822799682617,0.393034964799881,75.11248779296875,2671.0,23.425195693969727,833.0,0.02812148630619049,1.0,1.4060741662979126,50.0,0.02812148630619049,1.0,1.0021324157714844,0.011608602479100227,0.4575197696685791,0.16375571489334106,0.378724604845047,-0.011781617999076843,0.11920291930437088,0.999915599822998,0.9999668598175049,0.0,0.3333333432674408,0.28333333134651184,0.21666665375232697,0.1666666716337204
2,0.23493936526563877,12.374333381652832,20.018095016479492,11.065474510192871,11.065474510192871,0.36045515537261963,0.6434311866760254,83.86529541015625,11929.0,15.094206809997559,2147.0,0.007030371576547623,1.0,1.0264341831207275,146.0,0.007030371576547623,1.0,7.179149150848389,10.968550682067871,6.3989410400390625,6.3989410400390625,0.8086609840393066,0.9000285863876343,94.82565307617188,3372.0,4.696288108825684,167.0,0.0,0.0,0.47806525230407715,17.0,0.0,0.0,11.625079154968262,17.951581954956055,10.314529418945312,10.314529418945312,0.4862578511238098,0.7165951132774353,85.15185546875,3028.0,13.892012596130371,494.0,0.0,0.0,0.9561305046081543,34.0,0.0,0.0,14.374276161193848,22.42294692993164,12.837388038635254,12.837388038635254,0.1957169771194458,0.5401955842971802,79.33070373535156,2821.0,19.403823852539062,690.0,0.0,0.0,1.2654668092727661,45.0,0.0,0.0,16.31882667541504,25.642532348632812,14.711037635803223,14.711037635803223,-0.05186891555786133,0.3816051483154297,76.1529769897461,2708.0,22.384700775146484,796.0,0.02812148630619049,1.0,1.4060741662979126,50.0,0.02812148630619049,1.0,1.0048304796218872,0.011099191382527351,0.2738631069660187,0.17600834369659424,0.5501285791397095,-0.005075853317975998,0.11920291930437088,0.9978823661804199,0.9979685544967651,0.07142857142857142,0.3245614171028137,0.2788847088813782,0.21998745203018188,0.17656642198562622
3,0.23496946841060948,12.35024356842041,19.867855072021484,11.057127952575684,11.057127952575684,0.37001895904541016,0.6454743146896362,84.09730529785156,11962.0,14.855175018310547,2113.0,0.014060743153095245,2.0,1.0334645509719849,147.0,0.0,0.0,7.179649829864502,10.867639541625977,6.409091472625732,6.409091472625732,0.8121654987335205,0.9016364812850952,95.07874298095703,3381.0,4.44319486618042,158.0,0.0,0.0,0.47806525230407715,17.0,0.0,0.0,11.612984657287598,17.79742431640625,10.319612503051758,10.319612503051758,0.49504339694976807,0.7189443707466125,85.60179901123047,3044.0,13.442069053649902,478.0,0.0,0.0,0.9561305046081543,34.0,0.0,0.0,14.327812194824219,22.234451293945312,12.819046974182129,12.819046974182129,0.20918232202529907,0.5424199104309082,79.61192321777344,2831.0,19.122610092163086,680.0,0.0,0.0,1.2654668092727661,45.0,0.0,0.0,16.28052520751953,25.48925018310547,14.680761337280273,14.680761337280273,-0.03933095932006836,0.3807518184185028,76.09674072265625,2706.0,22.412822723388672,797.0,0.05624297261238098,2.0,1.434195637702942,51.0,0.0,0.0,1.0079896450042725,0.010855506174266338,0.18516644835472107,0.24224525690078735,0.572588324546814,0.008216616697609425,0.11920291930437088,0.9960495829582214,0.9874345660209656,0.14285714285714285,0.31578949093818665,0.2744360864162445,0.223308265209198,0.18646617233753204
4,0.23269607212975357,12.129620552062988,19.589868545532227,10.852849006652832,10.852849006652832,0.38752472400665283,0.6515527367591858,84.73003387451172,12052.0,14.236502647399902,2025.0,0.007030371576547623,1.0,1.0264341831207275,146.0,0.0,0.0,6.927021026611328,10.468462944030762,6.185951232910156,6.185951232910156,0.825710654258728,0.9089295268058777,95.64117431640625,3401.0,3.908886432647705,139.0,0.0,0.0,0.44994378089904785,16.0,0.0,0.0,11.410667419433594,17.508451461791992,10.127143859863281,10.127143859863281,0.511307954788208,0.7258108854293823,86.22047424316406,3066.0,12.823396682739258,456.0,0.0,0.0,0.9561305046081543,34.0,0.0,0.0,14.10863971710205,21.982954025268555,12.607065200805664,12.607065200805664,0.22697120904922485,0.5451236963272095,80.03374481201172,2846.0,18.700786590576172,665.0,0.0,0.0,1.2654668092727661,45.0,0.0,0.0,16.072153091430664,25.212432861328125,14.49123764038086,14.49123764038086,-0.01687908172607422,0.3804267644882202,77.02474975585938,2739.0,21.512935638427734,765.0,0.02812148630619049,1.0,1.434195637702942,51.0,0.0,0.0,1.0076158046722412,0.010729149915277958,0.19477003812789917,0.1924544721841812,0.6127755045890808,0.030126124620437622,0.11920291930437088,0.9731112122535706,0.9492202997207642,0.21428571428571427,0.30701756477355957,0.26998746395111084,0.22662906348705292,0.19636592268943787
5,0.22674713927268092,11.956893920898438,19.313819885253906,10.717180252075195,10.717180252075195,0.4046643376350403,0.6624177694320679,85.02531433105469,12094.0,13.962316513061523,1986.0,0.0,0.0,1.012373447418213,144.0,0.0,0.0,6.587189197540283,9.874288558959961,5.9166131019592285,5.9166131019592285,0.8449339866638184,0.9194060564041138,96.1473617553711,3419.0,3.458942413330078,123.0,0.0,0.0,0.3937007784843445,14.0,0.0,0.0,11.257675170898438,17.167062759399414,10.011737823486328,10.011737823486328,0.5301797389984131,0.7380577921867371,86.30484008789062,3069.0,12.739032745361328,453.0,0.0,0.0,0.9561305046081543,34.0,0.0,0.0,13.969947814941406,21.741209030151367,12.49443244934082,12.49443244934082,0.24387967586517334,0.5541642904281616,80.93363189697266,2878.0,17.800899505615234,633.0,0.0,0.0,1.2654668092727661,45.0,0.0,0.0,16.01276206970215,25.044055938720703,14.445938110351562,14.445938110351562,-0.0033423900604248047,0.3861589729785919,76.71540832519531,2728.0,21.850393295288086,777.0,0.0,0.0,1.434195637702942,51.0,0.0,0.0,1.002058506011963,0.010689353570342064,0.195781871676445,0.19147689640522003,0.612741231918335,0.07515279203653336,0.11920291930437088,0.9489237666130066,0.9190170764923096,0.2857142857142857,0.2982456088066101,0.2655388414859772,0.22994986176490784,0.2062656730413437
6,0.22165751579651535,11.80946159362793,19.04916763305664,10.587055206298828,10.587055206298828,0.4208679795265198,0.6720120906829834,85.28543090820312,12131.0,13.695162773132324,1948.0,0.007030371576547623,1.0,1.012373447418213,144.0,0.0,0.0,6.369594097137451,9.437518119812012,5.727598667144775,5.727598667144775,0.8583487272262573,0.9267950654029846,96.6535415649414,3437.0,2.952755928039551,105.0,0.0,0.0,0.3937007784843445,14.0,0.0,0.0,11.144598007202148,16.885271072387695,9.913302421569824,9.913302421569824,0.545477032661438,0.7474543452262878,86.64229583740234,3081.0,12.401575088500977,441.0,0.0,0.0,0.9561305046081543,34.0,0.0,0.0,13.876462936401367,21.517574310302734,12.41156005859375,12.41156005859375,0.25935494899749756,0.5622209906578064,80.8492660522461,2875.0,17.885265350341797,636.0,0.0,0.0,1.2654668092727661,45.0,0.0,0.0,15.847193717956543,24.7850399017334,14.295758247375488,14.295758247375488,0.01730448007583618,0.3931109309196472,76.99662780761719,2738.0,21.541057586669922,766.0,0.02812148630619049,1.0,1.434195637702942,51.0,0.0,0.0,0.9972102642059326,0.010697921738028526,0.20585530996322632,0.17557868361473083,0.61856609582901,0.09441455453634262,0.11920291930437088,0.9542006850242615,0.9059394598007202,0.35714285714285715,0.28947368264198303,0.2610902190208435,0.23327067494392395,0.2161654233932495
7,0.21803124184145425,11.68941593170166,18.861797332763672,10.480951309204102,10.480951309204102,0.43220484256744385,0.6762130260467529,85.63694763183594,12181.0,13.336613655090332,1897.0,0.007030371576547623,1.0,1.0194038152694702,145.0,0.0,0.0,6.211031913757324,9.117263793945312,5.58927583694458,5.58927583694458,0.8677992224693298,0.931757390499115,96.8785171508789,3445.0,2.7277839183807373,97.0,0.0,0.0,0.3937007784843445,14.0,0.0,0.0,11.035438537597656,16.67804527282715,9.82698917388916,9.82698917388916,0.5565649271011353,0.7526918649673462,86.83914184570312,3088.0,12.176603317260742,433.0,0.0,0.0,0.9842519760131836,35.0,0.0,0.0,13.801843643188477,21.382081985473633,12.338950157165527,12.338950157165527,0.2686530351638794,0.5626399517059326,81.2992172241211,2891.0,17.435321807861328,620.0,0.0,0.0,1.2654668092727661,45.0,0.0,0.0,15.7093505859375,24.588504791259766,14.168591499328613,14.168591499328613,0.03282731771469116,0.39112401008605957,77.53092956542969,2757.0,21.006750106811523,747.0,0.02812148630619049,1.0,1.434195637702942,51.0,0.0,0.0,0.9895540475845337,0.010748888365924358,0.19293802976608276,0.1786956787109375,0.6283663511276245,0.10845518857240677,0.11920291930437088,0.9660062789916992,0.8981798887252808,0.42857142857142855,0.28070175647735596,0.25664159655570984,0.23659147322177887,0.22606515884399414
8,0.21664342704384712,11.552980422973633,18.66953468322754,10.349837303161621,10.349837303161621,0.4437211751937866,0.6820140480995178,86.03064727783203,12237.0,12.928852081298828,1839.0,0.007030371576547623,1.0,1.0334645509719849,147.0,0.0,0.0,6.088078022003174,8.922189712524414,5.477982521057129,5.477982521057129,0.8733958601951599,0.9347357749938965,97.07536315917969,3452.0,2.5309336185455322,90.0,0.0,0.0,0.3937007784843445,14.0,0.0,0.0,10.92033863067627,16.487314224243164,9.722850799560547,9.722850799560547,0.5666491985321045,0.7580368518829346,87.7109146118164,3119.0,11.276715278625488,401.0,0.0,0.0,1.012373447418213,36.0,0.0,0.0,13.665265083312988,21.179180145263672,12.204825401306152,12.204825401306152,0.28246718645095825,0.5685470104217529,81.63667297363281,2903.0,17.069740295410156,607.0,0.0,0.0,1.2935882806777954,46.0,0.0,0.0,15.538240432739258,24.376453399658203,13.993692398071289,13.993692398071289,0.04943722486495972,0.3963433802127838,77.69966125488281,2763.0,20.83802032470703,741.0,0.02812148630619049,1.0,1.434195637702942,51.0,0.0,0.0,0.9820563197135925,0.010780133306980133,0.20312757790088654,0.15159015357494354,0.6452823281288147,0.12572838366031647,0.11920291930437088,0.970798671245575,0.8873070478439331,0.5,0.2719298303127289,0.25219297409057617,0.2399122714996338,0.23596492409706116
9,0.21496948795714854,11.614123344421387,18.743309020996094,10.415879249572754,10.415879249572754,0.4393160939216614,0.6809388399124146,85.81974029541016,12207.0,13.167884826660156,1873.0,0.007030371576547623,1.0,1.0053430795669556,143.0,0.0,0.0,6.048956871032715,8.845199584960938,5.448877334594727,5.448877334594727,0.8755713701248169,0.9360514879226685,97.10348510742188,3453.0,2.502812147140503,89.0,0.0,0.0,0.3937007784843445,14.0,0.0,0.0,10.934700012207031,16.485828399658203,9.748041152954102,9.748041152954102,0.5667272806167603,0.7593321204185486,87.17660522460938,3100.0,11.89538860321045,423.0,0.0,0.0,0.928009033203125,33.0,0.0,0.0,13.7693510055542,21.266599655151367,12.311663627624512,12.311663627624512,0.27653151750564575,0.5674360394477844,81.24296569824219,2889.0,17.49156379699707,622.0,0.0,0.0,1.2654668092727661,45.0,0.0,0.0,15.703485488891602,24.555208206176758,14.154932975769043,14.154932975769043,0.03544497489929199,0.3901919722557068,77.75590515136719,2765.0,20.78177833557129,739.0,0.02812148630619049,1.0,1.434195637702942,51.0,0.0,0.0,0.9785324335098267,0.010788511484861374,0.20148150622844696,0.15386612713336945,0.6446524262428284,0.14702259004116058,0.11920291930437088,0.9812825322151184,0.8913723826408386,0.5714285714285714,0.2631579041481018,0.2477443516254425,0.2432330846786499,0.24586467444896698
10,0.21342402725549195,11.570547103881836,18.608139038085938,10.366847038269043,10.366847038269043,0.4473739266395569,0.6843921542167664,85.90410614013672,12219.0,13.083520889282227,1861.0,0.007030371576547623,1.0,1.0053430795669556,143.0,0.0,0.0,6.02553653717041,8.788199424743652,5.432518005371094,5.432518005371094,0.8771699070930481,0.9367888569831848,97.24409484863281,3458.0,2.3903262615203857,85.0,0.0,0.0,0.3655792772769928,13.0,0.0,0.0,10.924734115600586,16.412734985351562,9.735613822937012,9.735613822937012,0.5705608129501343,0.7607896327972412,87.23284912109375,3102.0,11.811023712158203,420.0,0.0,0.0,0.9561305046081543,34.0,0.0,0.0,13.696615219116211,21.11396598815918,12.22730827331543,12.22730827331543,0.2868790626525879,0.5714914798736572,81.46794128417969,2897.0,17.266592025756836,614.0,0.0,0.0,1.2654668092727661,45.0,0.0,0.0,15.635300636291504,24.344228744506836,14.071944236755371,14.071944236755371,0.05194878578186035,0.396032452583313,77.67153930664062,2762.0,20.86614227294922,742.0,0.02812148630619049,1.0,1.434195637702942,51.0,0.0,0.0,0.9718296527862549,0.010812073014676571,0.22718924283981323,0.14499227702617645,0.6278185248374939,0.16198591887950897,0.11920291930437088,0.978452205657959,0.8891692161560059,0.6428571428571429,0.25438597798347473,0.24329572916030884,0.24655388295650482,0.2557644248008728
11,0.21001498854460837,11.702649116516113,18.758317947387695,10.511285781860352,10.511285781860352,0.43841779232025146,0.6799782514572144,85.3627700805664,12142.0,13.638919830322266,1940.0,0.007030371576547623,1.0,0.9912823438644409,141.0,0.0,0.0,6.029970169067383,8.758034706115723,5.4430832862854,5.4430832862854,0.8780116438865662,0.93733811378479,97.13160705566406,3454.0,2.5590550899505615,91.0,0.0,0.0,0.3093363344669342,11.0,0.0,0.0,11.006122589111328,16.498720169067383,9.830306053161621,9.830306053161621,0.566049337387085,0.7587647438049316,86.97975158691406,3093.0,12.035995483398438,428.0,0.0,0.0,0.9842519760131836,35.0,0.0,0.0,13.89793872833252,21.30286407470703,12.441207885742188,12.441207885742188,0.27406197786331177,0.5645530223846436,80.48368835449219,2862.0,18.27896499633789,650.0,0.0,0.0,1.2373453378677368,44.0,0.0,0.0,15.87656307220459,24.59217071533203,14.330543518066406,14.330543518066406,0.03253889083862305,0.3868076503276825,76.85601806640625,2733.0,21.681665420532227,771.0,0.02812148630619049,1.0,1.434195637702942,51.0,0.0,0.0,0.9691388010978699,0.010839450173079967,0.2641964256763458,0.15968723595142365,0.5761164426803589,0.16211320459842682,0.11920291930437088,0.975186824798584,0.9049084186553955,0.7142857142857143,0.24561403691768646,0.23884710669517517,0.24987469613552094,0.26566416025161743
12,0.2085680088075269,11.797257423400879,18.970924377441406,10.587519645690918,10.587519645690918,0.4256157875061035,0.672633707523346,85.20106506347656,12119.0,13.779526710510254,1960.0,0.014060743153095245,2.0,1.0053430795669556,143.0,0.0,0.0,6.056751251220703,8.82280445098877,5.455768585205078,5.455768585205078,0.8762006759643555,0.9363678097724915,97.15972900390625,3455.0,2.502812147140503,89.0,0.0,0.0,0.3374578058719635,12.0,0.0,0.0,11.07705020904541,16.65562629699707,9.873191833496094,9.873191833496094,0.5577561855316162,0.7539818286895752,86.8953857421875,3090.0,12.120360374450684,431.0,0.0,0.0,0.9842519760131836,35.0,0.0,0.0,14.021209716796875,21.55820655822754,12.542268753051758,12.542268753051758,0.25655514001846313,0.553979218006134,80.37120056152344,2858.0,18.36332893371582,653.0,0.0,0.0,1.2654668092727661,45.0,0.0,0.0,16.034021377563477,24.891281127929688,14.478848457336426,14.478848457336426,0.008861720561981201,0.3719201683998108,76.3779525756836,2716.0,22.131608963012695,787.0,0.05624297261238098,2.0,1.434195637702942,51.0,0.0,0.0,0.9685402512550354,0.010858634486794472,0.28350067138671875,0.16728506982326508,0.5492143034934998,0.16835974156856537,0.11920291930437088,0.9738879203796387,0.9064664840698242,0.7857142857142857,0.23684212565422058,0.2343984991312027,0.25319552421569824,0.27556392550468445
13,0.2042460693420371,11.762054443359375,18.927261352539062,10.535511016845703,10.535511016845703,0.4282567501068115,0.6740128993988037,85.04640197753906,12097.0,13.941225051879883,1983.0,0.014060743153095245,2.0,0.9983127117156982,142.0,0.0,0.0,6.035079002380371,8.795247077941895,5.441648960113525,5.441648960113525,0.8769728541374207,0.9367649555206299,97.24409484863281,3458.0,2.418447732925415,86.0,0.0,0.0,0.3374578058719635,12.0,0.0,0.0,11.05545425415039,16.7172908782959,9.851984024047852,9.851984024047852,0.5544754862785339,0.7518067955970764,86.44544219970703,3074.0,12.570303916931152,447.0,0.0,0.0,0.9842519760131836,35.0,0.0,0.0,13.998297691345215,21.519149780273438,12.489559173583984,12.489559173583984,0.2592465281486511,0.5554315447807312,80.25871276855469,2854.0,18.503936767578125,658.0,0.0,0.0,1.2373453378677368,44.0,0.0,0.0,15.959388732910156,24.760189056396484,14.35885238647461,14.35885238647461,0.01927405595779419,0.37911832332611084,76.23734283447266,2711.0,22.272214889526367,792.0,0.05624297261238098,2.0,1.434195637702942,51.0,0.0,0.0,0.9632164835929871,0.010914329439401627,0.2662515640258789,0.1573186069726944,0.5764298439025879,0.16505122184753418,0.11920291930437088,0.9628859162330627,0.9177192449569702,0.8571428571428571,0.22807016968727112,0.22994986176490784,0.25651630759239197,0.2854636609554291
14,0.20102951252827791,11.903107643127441,19.05084228515625,10.661890983581543,10.661890983581543,0.4207662343978882,0.6708049774169922,84.56130981445312,12028.0,14.412261962890625,2050.0,0.02109111286699772,3.0,1.0053430795669556,143.0,0.0,0.0,6.052103519439697,8.844457626342773,5.455348014831543,5.455348014831543,0.8755922913551331,0.9359895586967468,97.21597290039062,3457.0,2.4465692043304443,87.0,0.0,0.0,0.3374578058719635,12.0,0.0,0.0,11.14787483215332,16.812335968017578,9.93233585357666,9.93233585357666,0.5493951439857483,0.7495754361152649,86.05174255371094,3060.0,12.964004516601562,461.0,0.0,0.0,0.9842519760131836,35.0,0.0,0.0,14.211984634399414,21.66836929321289,12.681367874145508,12.681367874145508,0.248937726020813,0.5521243810653687,79.35882568359375,2822.0,19.375701904296875,689.0,0.0,0.0,1.2654668092727661,45.0,0.0,0.0,16.200471878051758,24.926715850830078,14.578511238098145,14.578511238098145,0.0060378313064575195,0.3760926127433777,75.6186752319336,2689.0,22.86276626586914,813.0,0.08436445146799088,3.0,1.434195637702942,51.0,0.0,0.0,0.9581788778305054,0.010967002250254154,0.2691352069377899,0.15735484659671783,0.5735099911689758,0.16620053350925446,0.11920291930437088,0.9641343951225281,0.9095675945281982,0.9285714285714286,0.21929824352264404,0.22550123929977417,0.2598370909690857,0.2953633964061737
15,0.19530897533414968,11.870733261108398,18.945436477661133,10.634552955627441,10.634552955627441,0.4271582365036011,0.6750220656394958,84.54021453857422,12025.0,14.440382957458496,2054.0,0.007030371576547623,1.0,1.012373447418213,144.0,0.0,0.0,6.000949859619141,8.759228706359863,5.419216156005859,5.419216156005859,0.8779783844947815,0.9372853636741638,97.21597290039062,3457.0,2.4465692043304443,87.0,0.0,0.0,0.3374578058719635,12.0,0.0,0.0,11.112196922302246,16.696239471435547,9.914610862731934,9.914610862731934,0.5555968284606934,0.7533689737319946,86.38919830322266,3072.0,12.626546859741211,449.0,0.0,0.0,0.9842519760131836,35.0,0.0,0.0,14.175620079040527,21.547740936279297,12.651756286621094,12.651756286621094,0.2572767734527588,0.55787593126297,79.30258178710938,2820.0,19.403823852539062,690.0,0.0,0.0,1.2935882806777954,46.0,0.0,0.0,16.19416618347168,24.817825317382812,14.552627563476562,14.552627563476562,0.014702796936035156,0.3833627998828888,75.25308990478516,2676.0,23.284587860107422,828.0,0.02812148630619049,1.0,1.434195637702942,51.0,0.0,0.0,0.9528844356536865,0.011015504598617554,0.2644350528717041,0.16158322989940643,0.573981761932373,0.16875553131103516,0.11920291930437088,0.9521926045417786,0.9179595708847046,1.0,0.21052631735801697,0.2210526168346405,0.2631579041481018,0.3052631616592407
16,0.1878079411084133,11.891918182373047,19.094331741333008,10.644948959350586,10.644948959350586,0.41811859607696533,0.6715061664581299,84.62457275390625,12037.0,14.341958045959473,2040.0,0.02109111286699772,3.0,1.012373447418213,144.0,0.0,0.0,5.9906182289123535,8.764445304870605,5.403445243835449,5.403445243835449,0.8778330087661743,0.9372017979621887,97.30033874511719,3460.0,2.334083318710327,83.0,0.0,0.0,0.3655792772769928,13.0,0.0,0.0,11.099176406860352,16.72093963623047,9.892370223999023,9.892370223999023,0.5542810559272766,0.7532448768615723,86.41732025146484,3073.0,12.570303916931152,447.0,0.0,0.0,1.012373447418213,36.0,0.0,0.0,14.20801067352295,21.69854736328125,12.669381141662598,12.669381141662598,0.24684423208236694,0.5548915266990662,79.33070373535156,2821.0,19.43194580078125,691.0,0.0,0.0,1.2373453378677368,44.0,0.0,0.0,16.269865036010742,25.122535705566406,14.61459732055664,14.61459732055664,-0.00964045524597168,0.3776335120201111,75.44994354248047,2683.0,23.031496047973633,819.0,0.08436445146799088,3.0,1.434195637702942,51.0,0.0,0.0,0.9509190320968628,0.01105330791324377,0.26418977975845337,0.1785440295934677,0.5572662353515625,0.16517698764801025,0.11920291930437088,0.9509815573692322,0.9205712080001831,1.0,0.21052631735801697,0.2210526168346405,0.2631579041481018,0.3052631616592407
17,0.1820612372637463,11.921399116516113,19.259695053100586,10.668210983276367,10.668210983276367,0.4079964756965637,0.6651154160499573,84.68081665039062,12045.0,14.278684616088867,2031.0,0.02812148630619049,4.0,1.012373447418213,144.0,0.0,0.0,5.988917350769043,8.758679389953613,5.401075839996338,5.401075839996338,0.8779937028884888,0.937199056148529,97.272216796875,3459.0,2.3903262615203857,85.0,0.0,0.0,0.3374578058719635,12.0,0.0,0.0,11.118480682373047,16.797819137573242,9.90445327758789,9.90445327758789,0.5501729846000671,0.7503159642219543,86.33296203613281,3070.0,12.654667854309082,450.0,0.0,0.0,1.012373447418213,36.0,0.0,0.0,14.25622844696045,21.887277603149414,12.707209587097168,12.707209587097168,0.23368555307388306,0.5462605953216553,79.55567932128906,2829.0,19.178852081298828,682.0,0.0,0.0,1.2654668092727661,45.0,0.0,0.0,16.32197380065918,25.412776947021484,14.660106658935547,14.660106658935547,-0.03310394287109375,0.36336153745651245,75.56243133544922,2687.0,22.890888214111328,814.0,0.11248594522476196,4.0,1.434195637702942,51.0,0.0,0.0,0.9481494426727295,0.011071023531258106,0.26314932107925415,0.19256485998630524,0.5442858934402466,0.17027439177036285,0.11920291930437088,0.9420695900917053,0.9301846623420715,1.0,0.21052631735801697,0.2210526168346405,0.2631579041481018,0.3052631616592407
step,fold11/train_loss,fold11/val_mae,fold11/val_rmse,fold11/val_mard,fold11/val_mape,fold11/val_r2,fold11/val_pearson,fold11/val_ega_zone_a_pct,fold11/val_ega_zone_a_count,fold11/val_ega_zone_b_pct,fold11/val_ega_zone_b_count,fold11/val_ega_zone_c_pct,fold11/val_ega_zone_c_count,fold11/val_ega_zone_d_pct,fold11/val_ega_zone_d_count,fold11/val_ega_zone_e_pct,fold11/val_ega_zone_e_count,fold11/val_horizon_15_mae,fold11/val_horizon_15_rmse,fold11/val_horizon_15_mard,fold11/val_horizon_15_mape,fold11/val_horizon_15_r2,fold11/val_horizon_15_pearson,fold11/val_horizon_15_ega_zone_a_pct,fold11/val_horizon_15_ega_zone_a_count,fold11/val_horizon_15_ega_zone_b_pct,fold11/val_horizon_15_ega_zone_b_count,fold11/val_horizon_15_ega_zone_c_pct,fold11/val_horizon_15_ega_zone_c_count,fold11/val_horizon_15_ega_zone_d_pct,fold11/val_horizon_15_ega_zone_d_count,fold11/val_horizon_15_ega_zone_e_pct,fold11/val_horizon_15_ega_zone_e_count,fold11/val_horizon_30_mae,fold11/val_horizon_30_rmse,fold11/val_horizon_30_mard,fold11/val_horizon_30_mape,fold11/val_horizon_30_r2,fold11/val_horizon_30_pearson,fold11/val_horizon_30_ega_zone_a_pct,fold11/val_horizon_30_ega_zone_a_count,fold11/val_horizon_30_ega_zone_b_pct,fold11/val_horizon_30_ega_zone_b_count,fold11/val_horizon_30_ega_zone_c_pct,fold11/val_horizon_30_ega_zone_c_count,fold11/val_horizon_30_ega_zone_d_pct,fold11/val_horizon_30_ega_zone_d_count,fold11/val_horizon_30_ega_zone_e_pct,fold11/val_horizon_30_ega_zone_e_count,fold11/val_horizon_45_mae,fold11/val_horizon_45_rmse,fold11/val_horizon_45_mard,fold11/val_horizon_45_mape,fold11/val_horizon_45_r2,fold11/val_horizon_45_pearson,fold11/val_horizon_45_ega_zone_a_pct,fold11/val_horizon_45_ega_zone_a_count,fold11/val_horizon_45_ega_zone_b_pct,fold11/val_horizon_45_ega_zone_b_count,fold11/val_horizon_45_ega_zone_c_pct,fold11/val_horizon_45_ega_zone_c_count,fold11/val_horizon_45_ega_zone_d_pct,fold11/val_horizon_45_ega_zone_d_count,fold11/val_horizon_45_ega_zone_e_pct,fold11/val_horizon_45_ega_zone_e_count,fold11/val_horizon_60_mae,fold11/val_horizon_60_rmse,fold11/val_horizon_60_mard,fold11/val_horizon_60_mape,fold11/val_horizon_60_r2,fold11/val_horizon_60_pearson,fold11/val_horizon_60_ega_zone_a_pct,fold11/val_horizon_60_ega_zone_a_count,fold11/val_horizon_60_ega_zone_b_pct,fold11/val_horizon_60_ega_zone_b_count,fold11/val_horizon_60_ega_zone_c_pct,fold11/val_horizon_60_ega_zone_c_count,fold11/val_horizon_60_ega_zone_d_pct,fold11/val_horizon_60_ega_zone_d_count,fold11/val_horizon_60_ega_zone_e_pct,fold11/val_horizon_60_ega_zone_e_count,fold11/diag_graph_prior_weight,fold11/diag_graph_residual_mean,fold11/diag_fusion_gate_cgm,fold11/diag_fusion_gate_cgm_guided,fold11/diag_fusion_gate_physio,fold11/diag_horizon_query_similarity,fold11/diag_horizon_progressive_gate,fold11/diag_horizon_attention_similarity,fold11/diag_horizon_attention_entropy,fold11/diag_horizon_curriculum_progress,fold11/diag_loss_horizon_weight_0,fold11/diag_loss_horizon_weight_1,fold11/diag_loss_horizon_weight_2,fold11/diag_loss_horizon_weight_3
1,0.24109813901834906,12.609880447387695,20.220693588256836,11.239346504211426,11.239346504211426,0.34744423627853394,0.6457443237304688,83.3731689453125,11859.0,15.656636238098145,2227.0,0.007030371576547623,1.0,0.9561305046081543,136.0,0.007030371576547623,1.0,7.251989364624023,11.06999683380127,6.437798023223877,6.437798023223877,0.8051053285598755,0.8989743590354919,94.7694091796875,3370.0,4.83689546585083,172.0,0.0,0.0,0.3937007784843445,14.0,0.0,0.0,11.794950485229492,18.110618591308594,10.407292366027832,10.407292366027832,0.477114737033844,0.7183578014373779,84.73003387451172,3013.0,14.45444393157959,514.0,0.0,0.0,0.8155230283737183,29.0,0.0,0.0,14.691970825195312,22.689067840576172,13.06925106048584,13.06925106048584,0.17651283740997314,0.5468791127204895,78.8807601928711,2805.0,19.910011291503906,708.0,0.0,0.0,1.2092238664627075,43.0,0.0,0.0,16.700618743896484,25.887693405151367,15.043042182922363,15.043042182922363,-0.07207822799682617,0.393034964799881,75.11248779296875,2671.0,23.425195693969727,833.0,0.02812148630619049,1.0,1.4060741662979126,50.0,0.02812148630619049,1.0,1.0021324157714844,0.011608602479100227,0.4575197696685791,0.16375571489334106,0.378724604845047,-0.011781617999076843,0.11920291930437088,0.999915599822998,0.9999668598175049,0.0,0.3333333432674408,0.28333333134651184,0.21666665375232697,0.1666666716337204
2,0.23493936526563877,12.374333381652832,20.018095016479492,11.065474510192871,11.065474510192871,0.36045515537261963,0.6434311866760254,83.86529541015625,11929.0,15.094206809997559,2147.0,0.007030371576547623,1.0,1.0264341831207275,146.0,0.007030371576547623,1.0,7.179149150848389,10.968550682067871,6.3989410400390625,6.3989410400390625,0.8086609840393066,0.9000285863876343,94.82565307617188,3372.0,4.696288108825684,167.0,0.0,0.0,0.47806525230407715,17.0,0.0,0.0,11.625079154968262,17.951581954956055,10.314529418945312,10.314529418945312,0.4862578511238098,0.7165951132774353,85.15185546875,3028.0,13.892012596130371,494.0,0.0,0.0,0.9561305046081543,34.0,0.0,0.0,14.374276161193848,22.42294692993164,12.837388038635254,12.837388038635254,0.1957169771194458,0.5401955842971802,79.33070373535156,2821.0,19.403823852539062,690.0,0.0,0.0,1.2654668092727661,45.0,0.0,0.0,16.31882667541504,25.642532348632812,14.711037635803223,14.711037635803223,-0.05186891555786133,0.3816051483154297,76.1529769897461,2708.0,22.384700775146484,796.0,0.02812148630619049,1.0,1.4060741662979126,50.0,0.02812148630619049,1.0,1.0048304796218872,0.011099191382527351,0.2738631069660187,0.17600834369659424,0.5501285791397095,-0.005075853317975998,0.11920291930437088,0.9978823661804199,0.9979685544967651,0.07142857142857142,0.3245614171028137,0.2788847088813782,0.21998745203018188,0.17656642198562622
3,0.23496946841060948,12.35024356842041,19.867855072021484,11.057127952575684,11.057127952575684,0.37001895904541016,0.6454743146896362,84.09730529785156,11962.0,14.855175018310547,2113.0,0.014060743153095245,2.0,1.0334645509719849,147.0,0.0,0.0,7.179649829864502,10.867639541625977,6.409091472625732,6.409091472625732,0.8121654987335205,0.9016364812850952,95.07874298095703,3381.0,4.44319486618042,158.0,0.0,0.0,0.47806525230407715,17.0,0.0,0.0,11.612984657287598,17.79742431640625,10.319612503051758,10.319612503051758,0.49504339694976807,0.7189443707466125,85.60179901123047,3044.0,13.442069053649902,478.0,0.0,0.0,0.9561305046081543,34.0,0.0,0.0,14.327812194824219,22.234451293945312,12.819046974182129,12.819046974182129,0.20918232202529907,0.5424199104309082,79.61192321777344,2831.0,19.122610092163086,680.0,0.0,0.0,1.2654668092727661,45.0,0.0,0.0,16.28052520751953,25.48925018310547,14.680761337280273,14.680761337280273,-0.03933095932006836,0.3807518184185028,76.09674072265625,2706.0,22.412822723388672,797.0,0.05624297261238098,2.0,1.434195637702942,51.0,0.0,0.0,1.0079896450042725,0.010855506174266338,0.18516644835472107,0.24224525690078735,0.572588324546814,0.008216616697609425,0.11920291930437088,0.9960495829582214,0.9874345660209656,0.14285714285714285,0.31578949093818665,0.2744360864162445,0.223308265209198,0.18646617233753204
4,0.23269607212975357,12.129620552062988,19.589868545532227,10.852849006652832,10.852849006652832,0.38752472400665283,0.6515527367591858,84.73003387451172,12052.0,14.236502647399902,2025.0,0.007030371576547623,1.0,1.0264341831207275,146.0,0.0,0.0,6.927021026611328,10.468462944030762,6.185951232910156,6.185951232910156,0.825710654258728,0.9089295268058777,95.64117431640625,3401.0,3.908886432647705,139.0,0.0,0.0,0.44994378089904785,16.0,0.0,0.0,11.410667419433594,17.508451461791992,10.127143859863281,10.127143859863281,0.511307954788208,0.7258108854293823,86.22047424316406,3066.0,12.823396682739258,456.0,0.0,0.0,0.9561305046081543,34.0,0.0,0.0,14.10863971710205,21.982954025268555,12.607065200805664,12.607065200805664,0.22697120904922485,0.5451236963272095,80.03374481201172,2846.0,18.700786590576172,665.0,0.0,0.0,1.2654668092727661,45.0,0.0,0.0,16.072153091430664,25.212432861328125,14.49123764038086,14.49123764038086,-0.01687908172607422,0.3804267644882202,77.02474975585938,2739.0,21.512935638427734,765.0,0.02812148630619049,1.0,1.434195637702942,51.0,0.0,0.0,1.0076158046722412,0.010729149915277958,0.19477003812789917,0.1924544721841812,0.6127755045890808,0.030126124620437622,0.11920291930437088,0.9731112122535706,0.9492202997207642,0.21428571428571427,0.30701756477355957,0.26998746395111084,0.22662906348705292,0.19636592268943787
5,0.22674713927268092,11.956893920898438,19.313819885253906,10.717180252075195,10.717180252075195,0.4046643376350403,0.6624177694320679,85.02531433105469,12094.0,13.962316513061523,1986.0,0.0,0.0,1.012373447418213,144.0,0.0,0.0,6.587189197540283,9.874288558959961,5.9166131019592285,5.9166131019592285,0.8449339866638184,0.9194060564041138,96.1473617553711,3419.0,3.458942413330078,123.0,0.0,0.0,0.3937007784843445,14.0,0.0,0.0,11.257675170898438,17.167062759399414,10.011737823486328,10.011737823486328,0.5301797389984131,0.7380577921867371,86.30484008789062,3069.0,12.739032745361328,453.0,0.0,0.0,0.9561305046081543,34.0,0.0,0.0,13.969947814941406,21.741209030151367,12.49443244934082,12.49443244934082,0.24387967586517334,0.5541642904281616,80.93363189697266,2878.0,17.800899505615234,633.0,0.0,0.0,1.2654668092727661,45.0,0.0,0.0,16.01276206970215,25.044055938720703,14.445938110351562,14.445938110351562,-0.0033423900604248047,0.3861589729785919,76.71540832519531,2728.0,21.850393295288086,777.0,0.0,0.0,1.434195637702942,51.0,0.0,0.0,1.002058506011963,0.010689353570342064,0.195781871676445,0.19147689640522003,0.612741231918335,0.07515279203653336,0.11920291930437088,0.9489237666130066,0.9190170764923096,0.2857142857142857,0.2982456088066101,0.2655388414859772,0.22994986176490784,0.2062656730413437
6,0.22165751579651535,11.80946159362793,19.04916763305664,10.587055206298828,10.587055206298828,0.4208679795265198,0.6720120906829834,85.28543090820312,12131.0,13.695162773132324,1948.0,0.007030371576547623,1.0,1.012373447418213,144.0,0.0,0.0,6.369594097137451,9.437518119812012,5.727598667144775,5.727598667144775,0.8583487272262573,0.9267950654029846,96.6535415649414,3437.0,2.952755928039551,105.0,0.0,0.0,0.3937007784843445,14.0,0.0,0.0,11.144598007202148,16.885271072387695,9.913302421569824,9.913302421569824,0.545477032661438,0.7474543452262878,86.64229583740234,3081.0,12.401575088500977,441.0,0.0,0.0,0.9561305046081543,34.0,0.0,0.0,13.876462936401367,21.517574310302734,12.41156005859375,12.41156005859375,0.25935494899749756,0.5622209906578064,80.8492660522461,2875.0,17.885265350341797,636.0,0.0,0.0,1.2654668092727661,45.0,0.0,0.0,15.847193717956543,24.7850399017334,14.295758247375488,14.295758247375488,0.01730448007583618,0.3931109309196472,76.99662780761719,2738.0,21.541057586669922,766.0,0.02812148630619049,1.0,1.434195637702942,51.0,0.0,0.0,0.9972102642059326,0.010697921738028526,0.20585530996322632,0.17557868361473083,0.61856609582901,0.09441455453634262,0.11920291930437088,0.9542006850242615,0.9059394598007202,0.35714285714285715,0.28947368264198303,0.2610902190208435,0.23327067494392395,0.2161654233932495
7,0.21803124184145425,11.68941593170166,18.861797332763672,10.480951309204102,10.480951309204102,0.43220484256744385,0.6762130260467529,85.63694763183594,12181.0,13.336613655090332,1897.0,0.007030371576547623,1.0,1.0194038152694702,145.0,0.0,0.0,6.211031913757324,9.117263793945312,5.58927583694458,5.58927583694458,0.8677992224693298,0.931757390499115,96.8785171508789,3445.0,2.7277839183807373,97.0,0.0,0.0,0.3937007784843445,14.0,0.0,0.0,11.035438537597656,16.67804527282715,9.82698917388916,9.82698917388916,0.5565649271011353,0.7526918649673462,86.83914184570312,3088.0,12.176603317260742,433.0,0.0,0.0,0.9842519760131836,35.0,0.0,0.0,13.801843643188477,21.382081985473633,12.338950157165527,12.338950157165527,0.2686530351638794,0.5626399517059326,81.2992172241211,2891.0,17.435321807861328,620.0,0.0,0.0,1.2654668092727661,45.0,0.0,0.0,15.7093505859375,24.588504791259766,14.168591499328613,14.168591499328613,0.03282731771469116,0.39112401008605957,77.53092956542969,2757.0,21.006750106811523,747.0,0.02812148630619049,1.0,1.434195637702942,51.0,0.0,0.0,0.9895540475845337,0.010748888365924358,0.19293802976608276,0.1786956787109375,0.6283663511276245,0.10845518857240677,0.11920291930437088,0.9660062789916992,0.8981798887252808,0.42857142857142855,0.28070175647735596,0.25664159655570984,0.23659147322177887,0.22606515884399414
8,0.21664342704384712,11.552980422973633,18.66953468322754,10.349837303161621,10.349837303161621,0.4437211751937866,0.6820140480995178,86.03064727783203,12237.0,12.928852081298828,1839.0,0.007030371576547623,1.0,1.0334645509719849,147.0,0.0,0.0,6.088078022003174,8.922189712524414,5.477982521057129,5.477982521057129,0.8733958601951599,0.9347357749938965,97.07536315917969,3452.0,2.5309336185455322,90.0,0.0,0.0,0.3937007784843445,14.0,0.0,0.0,10.92033863067627,16.487314224243164,9.722850799560547,9.722850799560547,0.5666491985321045,0.7580368518829346,87.7109146118164,3119.0,11.276715278625488,401.0,0.0,0.0,1.012373447418213,36.0,0.0,0.0,13.665265083312988,21.179180145263672,12.204825401306152,12.204825401306152,0.28246718645095825,0.5685470104217529,81.63667297363281,2903.0,17.069740295410156,607.0,0.0,0.0,1.2935882806777954,46.0,0.0,0.0,15.538240432739258,24.376453399658203,13.993692398071289,13.993692398071289,0.04943722486495972,0.3963433802127838,77.69966125488281,2763.0,20.83802032470703,741.0,0.02812148630619049,1.0,1.434195637702942,51.0,0.0,0.0,0.9820563197135925,0.010780133306980133,0.20312757790088654,0.15159015357494354,0.6452823281288147,0.12572838366031647,0.11920291930437088,0.970798671245575,0.8873070478439331,0.5,0.2719298303127289,0.25219297409057617,0.2399122714996338,0.23596492409706116
9,0.21496948795714854,11.614123344421387,18.743309020996094,10.415879249572754,10.415879249572754,0.4393160939216614,0.6809388399124146,85.81974029541016,12207.0,13.167884826660156,1873.0,0.007030371576547623,1.0,1.0053430795669556,143.0,0.0,0.0,6.048956871032715,8.845199584960938,5.448877334594727,5.448877334594727,0.8755713701248169,0.9360514879226685,97.10348510742188,3453.0,2.502812147140503,89.0,0.0,0.0,0.3937007784843445,14.0,0.0,0.0,10.934700012207031,16.485828399658203,9.748041152954102,9.748041152954102,0.5667272806167603,0.7593321204185486,87.17660522460938,3100.0,11.89538860321045,423.0,0.0,0.0,0.928009033203125,33.0,0.0,0.0,13.7693510055542,21.266599655151367,12.311663627624512,12.311663627624512,0.27653151750564575,0.5674360394477844,81.24296569824219,2889.0,17.49156379699707,622.0,0.0,0.0,1.2654668092727661,45.0,0.0,0.0,15.703485488891602,24.555208206176758,14.154932975769043,14.154932975769043,0.03544497489929199,0.3901919722557068,77.75590515136719,2765.0,20.78177833557129,739.0,0.02812148630619049,1.0,1.434195637702942,51.0,0.0,0.0,0.9785324335098267,0.010788511484861374,0.20148150622844696,0.15386612713336945,0.6446524262428284,0.14702259004116058,0.11920291930437088,0.9812825322151184,0.8913723826408386,0.5714285714285714,0.2631579041481018,0.2477443516254425,0.2432330846786499,0.24586467444896698
10,0.21342402725549195,11.570547103881836,18.608139038085938,10.366847038269043,10.366847038269043,0.4473739266395569,0.6843921542167664,85.90410614013672,12219.0,13.083520889282227,1861.0,0.007030371576547623,1.0,1.0053430795669556,143.0,0.0,0.0,6.02553653717041,8.788199424743652,5.432518005371094,5.432518005371094,0.8771699070930481,0.9367888569831848,97.24409484863281,3458.0,2.3903262615203857,85.0,0.0,0.0,0.3655792772769928,13.0,0.0,0.0,10.924734115600586,16.412734985351562,9.735613822937012,9.735613822937012,0.5705608129501343,0.7607896327972412,87.23284912109375,3102.0,11.811023712158203,420.0,0.0,0.0,0.9561305046081543,34.0,0.0,0.0,13.696615219116211,21.11396598815918,12.22730827331543,12.22730827331543,0.2868790626525879,0.5714914798736572,81.46794128417969,2897.0,17.266592025756836,614.0,0.0,0.0,1.2654668092727661,45.0,0.0,0.0,15.635300636291504,24.344228744506836,14.071944236755371,14.071944236755371,0.05194878578186035,0.396032452583313,77.67153930664062,2762.0,20.86614227294922,742.0,0.02812148630619049,1.0,1.434195637702942,51.0,0.0,0.0,0.9718296527862549,0.010812073014676571,0.22718924283981323,0.14499227702617645,0.6278185248374939,0.16198591887950897,0.11920291930437088,0.978452205657959,0.8891692161560059,0.6428571428571429,0.25438597798347473,0.24329572916030884,0.24655388295650482,0.2557644248008728
11,0.21001498854460837,11.702649116516113,18.758317947387695,10.511285781860352,10.511285781860352,0.43841779232025146,0.6799782514572144,85.3627700805664,12142.0,13.638919830322266,1940.0,0.007030371576547623,1.0,0.9912823438644409,141.0,0.0,0.0,6.029970169067383,8.758034706115723,5.4430832862854,5.4430832862854,0.8780116438865662,0.93733811378479,97.13160705566406,3454.0,2.5590550899505615,91.0,0.0,0.0,0.3093363344669342,11.0,0.0,0.0,11.006122589111328,16.498720169067383,9.830306053161621,9.830306053161621,0.566049337387085,0.7587647438049316,86.97975158691406,3093.0,12.035995483398438,428.0,0.0,0.0,0.9842519760131836,35.0,0.0,0.0,13.89793872833252,21.30286407470703,12.441207885742188,12.441207885742188,0.27406197786331177,0.5645530223846436,80.48368835449219,2862.0,18.27896499633789,650.0,0.0,0.0,1.2373453378677368,44.0,0.0,0.0,15.87656307220459,24.59217071533203,14.330543518066406,14.330543518066406,0.03253889083862305,0.3868076503276825,76.85601806640625,2733.0,21.681665420532227,771.0,0.02812148630619049,1.0,1.434195637702942,51.0,0.0,0.0,0.9691388010978699,0.010839450173079967,0.2641964256763458,0.15968723595142365,0.5761164426803589,0.16211320459842682,0.11920291930437088,0.975186824798584,0.9049084186553955,0.7142857142857143,0.24561403691768646,0.23884710669517517,0.24987469613552094,0.26566416025161743
12,0.2085680088075269,11.797257423400879,18.970924377441406,10.587519645690918,10.587519645690918,0.4256157875061035,0.672633707523346,85.20106506347656,12119.0,13.779526710510254,1960.0,0.014060743153095245,2.0,1.0053430795669556,143.0,0.0,0.0,6.056751251220703,8.82280445098877,5.455768585205078,5.455768585205078,0.8762006759643555,0.9363678097724915,97.15972900390625,3455.0,2.502812147140503,89.0,0.0,0.0,0.3374578058719635,12.0,0.0,0.0,11.07705020904541,16.65562629699707,9.873191833496094,9.873191833496094,0.5577561855316162,0.7539818286895752,86.8953857421875,3090.0,12.120360374450684,431.0,0.0,0.0,0.9842519760131836,35.0,0.0,0.0,14.021209716796875,21.55820655822754,12.542268753051758,12.542268753051758,0.25655514001846313,0.553979218006134,80.37120056152344,2858.0,18.36332893371582,653.0,0.0,0.0,1.2654668092727661,45.0,0.0,0.0,16.034021377563477,24.891281127929688,14.478848457336426,14.478848457336426,0.008861720561981201,0.3719201683998108,76.3779525756836,2716.0,22.131608963012695,787.0,0.05624297261238098,2.0,1.434195637702942,51.0,0.0,0.0,0.9685402512550354,0.010858634486794472,0.28350067138671875,0.16728506982326508,0.5492143034934998,0.16835974156856537,0.11920291930437088,0.9738879203796387,0.9064664840698242,0.7857142857142857,0.23684212565422058,0.2343984991312027,0.25319552421569824,0.27556392550468445
13,0.2042460693420371,11.762054443359375,18.927261352539062,10.535511016845703,10.535511016845703,0.4282567501068115,0.6740128993988037,85.04640197753906,12097.0,13.941225051879883,1983.0,0.014060743153095245,2.0,0.9983127117156982,142.0,0.0,0.0,6.035079002380371,8.795247077941895,5.441648960113525,5.441648960113525,0.8769728541374207,0.9367649555206299,97.24409484863281,3458.0,2.418447732925415,86.0,0.0,0.0,0.3374578058719635,12.0,0.0,0.0,11.05545425415039,16.7172908782959,9.851984024047852,9.851984024047852,0.5544754862785339,0.7518067955970764,86.44544219970703,3074.0,12.570303916931152,447.0,0.0,0.0,0.9842519760131836,35.0,0.0,0.0,13.998297691345215,21.519149780273438,12.489559173583984,12.489559173583984,0.2592465281486511,0.5554315447807312,80.25871276855469,2854.0,18.503936767578125,658.0,0.0,0.0,1.2373453378677368,44.0,0.0,0.0,15.959388732910156,24.760189056396484,14.35885238647461,14.35885238647461,0.01927405595779419,0.37911832332611084,76.23734283447266,2711.0,22.272214889526367,792.0,0.05624297261238098,2.0,1.434195637702942,51.0,0.0,0.0,0.9632164835929871,0.010914329439401627,0.2662515640258789,0.1573186069726944,0.5764298439025879,0.16505122184753418,0.11920291930437088,0.9628859162330627,0.9177192449569702,0.8571428571428571,0.22807016968727112,0.22994986176490784,0.25651630759239197,0.2854636609554291
14,0.20102951252827791,11.903107643127441,19.05084228515625,10.661890983581543,10.661890983581543,0.4207662343978882,0.6708049774169922,84.56130981445312,12028.0,14.412261962890625,2050.0,0.02109111286699772,3.0,1.0053430795669556,143.0,0.0,0.0,6.052103519439697,8.844457626342773,5.455348014831543,5.455348014831543,0.8755922913551331,0.9359895586967468,97.21597290039062,3457.0,2.4465692043304443,87.0,0.0,0.0,0.3374578058719635,12.0,0.0,0.0,11.14787483215332,16.812335968017578,9.93233585357666,9.93233585357666,0.5493951439857483,0.7495754361152649,86.05174255371094,3060.0,12.964004516601562,461.0,0.0,0.0,0.9842519760131836,35.0,0.0,0.0,14.211984634399414,21.66836929321289,12.681367874145508,12.681367874145508,0.248937726020813,0.5521243810653687,79.35882568359375,2822.0,19.375701904296875,689.0,0.0,0.0,1.2654668092727661,45.0,0.0,0.0,16.200471878051758,24.926715850830078,14.578511238098145,14.578511238098145,0.0060378313064575195,0.3760926127433777,75.6186752319336,2689.0,22.86276626586914,813.0,0.08436445146799088,3.0,1.434195637702942,51.0,0.0,0.0,0.9581788778305054,0.010967002250254154,0.2691352069377899,0.15735484659671783,0.5735099911689758,0.16620053350925446,0.11920291930437088,0.9641343951225281,0.9095675945281982,0.9285714285714286,0.21929824352264404,0.22550123929977417,0.2598370909690857,0.2953633964061737
15,0.19530897533414968,11.870733261108398,18.945436477661133,10.634552955627441,10.634552955627441,0.4271582365036011,0.6750220656394958,84.54021453857422,12025.0,14.440382957458496,2054.0,0.007030371576547623,1.0,1.012373447418213,144.0,0.0,0.0,6.000949859619141,8.759228706359863,5.419216156005859,5.419216156005859,0.8779783844947815,0.9372853636741638,97.21597290039062,3457.0,2.4465692043304443,87.0,0.0,0.0,0.3374578058719635,12.0,0.0,0.0,11.112196922302246,16.696239471435547,9.914610862731934,9.914610862731934,0.5555968284606934,0.7533689737319946,86.38919830322266,3072.0,12.626546859741211,449.0,0.0,0.0,0.9842519760131836,35.0,0.0,0.0,14.175620079040527,21.547740936279297,12.651756286621094,12.651756286621094,0.2572767734527588,0.55787593126297,79.30258178710938,2820.0,19.403823852539062,690.0,0.0,0.0,1.2935882806777954,46.0,0.0,0.0,16.19416618347168,24.817825317382812,14.552627563476562,14.552627563476562,0.014702796936035156,0.3833627998828888,75.25308990478516,2676.0,23.284587860107422,828.0,0.02812148630619049,1.0,1.434195637702942,51.0,0.0,0.0,0.9528844356536865,0.011015504598617554,0.2644350528717041,0.16158322989940643,0.573981761932373,0.16875553131103516,0.11920291930437088,0.9521926045417786,0.9179595708847046,1.0,0.21052631735801697,0.2210526168346405,0.2631579041481018,0.3052631616592407
16,0.1878079411084133,11.891918182373047,19.094331741333008,10.644948959350586,10.644948959350586,0.41811859607696533,0.6715061664581299,84.62457275390625,12037.0,14.341958045959473,2040.0,0.02109111286699772,3.0,1.012373447418213,144.0,0.0,0.0,5.9906182289123535,8.764445304870605,5.403445243835449,5.403445243835449,0.8778330087661743,0.9372017979621887,97.30033874511719,3460.0,2.334083318710327,83.0,0.0,0.0,0.3655792772769928,13.0,0.0,0.0,11.099176406860352,16.72093963623047,9.892370223999023,9.892370223999023,0.5542810559272766,0.7532448768615723,86.41732025146484,3073.0,12.570303916931152,447.0,0.0,0.0,1.012373447418213,36.0,0.0,0.0,14.20801067352295,21.69854736328125,12.669381141662598,12.669381141662598,0.24684423208236694,0.5548915266990662,79.33070373535156,2821.0,19.43194580078125,691.0,0.0,0.0,1.2373453378677368,44.0,0.0,0.0,16.269865036010742,25.122535705566406,14.61459732055664,14.61459732055664,-0.00964045524597168,0.3776335120201111,75.44994354248047,2683.0,23.031496047973633,819.0,0.08436445146799088,3.0,1.434195637702942,51.0,0.0,0.0,0.9509190320968628,0.01105330791324377,0.26418977975845337,0.1785440295934677,0.5572662353515625,0.16517698764801025,0.11920291930437088,0.9509815573692322,0.9205712080001831,1.0,0.21052631735801697,0.2210526168346405,0.2631579041481018,0.3052631616592407
17,0.1820612372637463,11.921399116516113,19.259695053100586,10.668210983276367,10.668210983276367,0.4079964756965637,0.6651154160499573,84.68081665039062,12045.0,14.278684616088867,2031.0,0.02812148630619049,4.0,1.012373447418213,144.0,0.0,0.0,5.988917350769043,8.758679389953613,5.401075839996338,5.401075839996338,0.8779937028884888,0.937199056148529,97.272216796875,3459.0,2.3903262615203857,85.0,0.0,0.0,0.3374578058719635,12.0,0.0,0.0,11.118480682373047,16.797819137573242,9.90445327758789,9.90445327758789,0.5501729846000671,0.7503159642219543,86.33296203613281,3070.0,12.654667854309082,450.0,0.0,0.0,1.012373447418213,36.0,0.0,0.0,14.25622844696045,21.887277603149414,12.707209587097168,12.707209587097168,0.23368555307388306,0.5462605953216553,79.55567932128906,2829.0,19.178852081298828,682.0,0.0,0.0,1.2654668092727661,45.0,0.0,0.0,16.32197380065918,25.412776947021484,14.660106658935547,14.660106658935547,-0.03310394287109375,0.36336153745651245,75.56243133544922,2687.0,22.890888214111328,814.0,0.11248594522476196,4.0,1.434195637702942,51.0,0.0,0.0,0.9481494426727295,0.011071023531258106,0.26314932107925415,0.19256485998630524,0.5442858934402466,0.17027439177036285,0.11920291930437088,0.9420695900917053,0.9301846623420715,1.0,0.21052631735801697,0.2210526168346405,0.2631579041481018,0.3052631616592407
18,0.174244073411775,11.929498672485352,19.289262771606445,10.663371086120605,10.663371086120605,0.406177282333374,0.6635813117027283,84.79330444335938,12061.0,14.138076782226562,2011.0,0.03515185788273811,5.0,1.0334645509719849,147.0,0.0,0.0,5.9899091720581055,8.755488395690918,5.3987226486206055,5.3987226486206055,0.8780825734138489,0.9372642636299133,97.21597290039062,3457.0,2.418447732925415,86.0,0.0,0.0,0.3655792772769928,13.0,0.0,0.0,11.121825218200684,16.79254913330078,9.901293754577637,9.901293754577637,0.5504552125930786,0.7501093149185181,86.5016860961914,3076.0,12.485939025878906,444.0,0.0,0.0,1.012373447418213,36.0,0.0,0.0,14.28681468963623,21.9331111907959,12.719167709350586,12.719167709350586,0.23047268390655518,0.5431749224662781,79.78064727783203,2837.0,18.89763832092285,672.0,0.0,0.0,1.3217097520828247,47.0,0.0,0.0,16.319442749023438,25.467487335205078,14.634299278259277,14.634299278259277,-0.037557125091552734,0.3583506643772125,75.67491149902344,2691.0,22.750280380249023,809.0,0.14060743153095245,5.0,1.434195637702942,51.0,0.0,0.0,0.9449437856674194,0.01109396293759346,0.25638678669929504,0.20027822256088257,0.5433350801467896,0.1752832680940628,0.11920291930437088,0.9424393773078918,0.9294243454933167,1.0,0.21052631735801697,0.2210526168346405,0.2631579041481018,0.3052631616592407
step,fold11/test_loss,fold11/test_mae,fold11/test_rmse,fold11/test_mard,fold11/test_mape,fold11/test_r2,fold11/test_pearson,fold11/test_ega_zone_a_pct,fold11/test_ega_zone_a_count,fold11/test_ega_zone_b_pct,fold11/test_ega_zone_b_count,fold11/test_ega_zone_c_pct,fold11/test_ega_zone_c_count,fold11/test_ega_zone_d_pct,fold11/test_ega_zone_d_count,fold11/test_ega_zone_e_pct,fold11/test_ega_zone_e_count,fold11/test_horizon_15_mae,fold11/test_horizon_15_rmse,fold11/test_horizon_15_mard,fold11/test_horizon_15_mape,fold11/test_horizon_15_r2,fold11/test_horizon_15_pearson,fold11/test_horizon_15_ega_zone_a_pct,fold11/test_horizon_15_ega_zone_a_count,fold11/test_horizon_15_ega_zone_b_pct,fold11/test_horizon_15_ega_zone_b_count,fold11/test_horizon_15_ega_zone_c_pct,fold11/test_horizon_15_ega_zone_c_count,fold11/test_horizon_15_ega_zone_d_pct,fold11/test_horizon_15_ega_zone_d_count,fold11/test_horizon_15_ega_zone_e_pct,fold11/test_horizon_15_ega_zone_e_count,fold11/test_horizon_30_mae,fold11/test_horizon_30_rmse,fold11/test_horizon_30_mard,fold11/test_horizon_30_mape,fold11/test_horizon_30_r2,fold11/test_horizon_30_pearson,fold11/test_horizon_30_ega_zone_a_pct,fold11/test_horizon_30_ega_zone_a_count,fold11/test_horizon_30_ega_zone_b_pct,fold11/test_horizon_30_ega_zone_b_count,fold11/test_horizon_30_ega_zone_c_pct,fold11/test_horizon_30_ega_zone_c_count,fold11/test_horizon_30_ega_zone_d_pct,fold11/test_horizon_30_ega_zone_d_count,fold11/test_horizon_30_ega_zone_e_pct,fold11/test_horizon_30_ega_zone_e_count,fold11/test_horizon_45_mae,fold11/test_horizon_45_rmse,fold11/test_horizon_45_mard,fold11/test_horizon_45_mape,fold11/test_horizon_45_r2,fold11/test_horizon_45_pearson,fold11/test_horizon_45_ega_zone_a_pct,fold11/test_horizon_45_ega_zone_a_count,fold11/test_horizon_45_ega_zone_b_pct,fold11/test_horizon_45_ega_zone_b_count,fold11/test_horizon_45_ega_zone_c_pct,fold11/test_horizon_45_ega_zone_c_count,fold11/test_horizon_45_ega_zone_d_pct,fold11/test_horizon_45_ega_zone_d_count,fold11/test_horizon_45_ega_zone_e_pct,fold11/test_horizon_45_ega_zone_e_count,fold11/test_horizon_60_mae,fold11/test_horizon_60_rmse,fold11/test_horizon_60_mard,fold11/test_horizon_60_mape,fold11/test_horizon_60_r2,fold11/test_horizon_60_pearson,fold11/test_horizon_60_ega_zone_a_pct,fold11/test_horizon_60_ega_zone_a_count,fold11/test_horizon_60_ega_zone_b_pct,fold11/test_horizon_60_ega_zone_b_count,fold11/test_horizon_60_ega_zone_c_pct,fold11/test_horizon_60_ega_zone_c_count,fold11/test_horizon_60_ega_zone_d_pct,fold11/test_horizon_60_ega_zone_d_count,fold11/test_horizon_60_ega_zone_e_pct,fold11/test_horizon_60_ega_zone_e_count
0,0.3105657842523491,11.227289199829102,16.907079696655273,9.054731369018555,9.054731369018555,0.506889283657074,0.7233279943466187,88.95267486572266,7593.0,11.04732894897461,943.0,0.0,0.0,0.0,0.0,0.0,0.0,5.237363815307617,7.468709945678711,4.335033416748047,4.335033416748047,0.9043200016021729,0.950958251953125,99.43767547607422,2122.0,0.5623242855072021,12.0,0.0,0.0,0.0,0.0,0.0,0.0,10.256916046142578,14.767997741699219,8.321703910827637,8.321703910827637,0.6241974234580994,0.7932459712028503,92.2680435180664,1969.0,7.731958389282227,165.0,0.0,0.0,0.0,0.0,0.0,0.0,13.620109558105469,19.388418197631836,10.9277982711792,10.9277982711792,0.3492380380630493,0.618637204170227,84.48921966552734,1803.0,15.510778427124023,331.0,0.0,0.0,0.0,0.0,0.0,0.0,15.794768333435059,22.217365264892578,12.634390830993652,12.634390830993652,0.14548951387405396,0.4786616563796997,79.6157455444336,1699.0,20.384254455566406,435.0,0.0,0.0,0.0,0.0,0.0,0.0
step,fold12/train_loss,fold12/val_mae,fold12/val_rmse,fold12/val_mard,fold12/val_mape,fold12/val_r2,fold12/val_pearson,fold12/val_ega_zone_a_pct,fold12/val_ega_zone_a_count,fold12/val_ega_zone_b_pct,fold12/val_ega_zone_b_count,fold12/val_ega_zone_c_pct,fold12/val_ega_zone_c_count,fold12/val_ega_zone_d_pct,fold12/val_ega_zone_d_count,fold12/val_ega_zone_e_pct,fold12/val_ega_zone_e_count,fold12/val_horizon_15_mae,fold12/val_horizon_15_rmse,fold12/val_horizon_15_mard,fold12/val_horizon_15_mape,fold12/val_horizon_15_r2,fold12/val_horizon_15_pearson,fold12/val_horizon_15_ega_zone_a_pct,fold12/val_horizon_15_ega_zone_a_count,fold12/val_horizon_15_ega_zone_b_pct,fold12/val_horizon_15_ega_zone_b_count,fold12/val_horizon_15_ega_zone_c_pct,fold12/val_horizon_15_ega_zone_c_count,fold12/val_horizon_15_ega_zone_d_pct,fold12/val_horizon_15_ega_zone_d_count,fold12/val_horizon_15_ega_zone_e_pct,fold12/val_horizon_15_ega_zone_e_count,fold12/val_horizon_30_mae,fold12/val_horizon_30_rmse,fold12/val_horizon_30_mard,fold12/val_horizon_30_mape,fold12/val_horizon_30_r2,fold12/val_horizon_30_pearson,fold12/val_horizon_30_ega_zone_a_pct,fold12/val_horizon_30_ega_zone_a_count,fold12/val_horizon_30_ega_zone_b_pct,fold12/val_horizon_30_ega_zone_b_count,fold12/val_horizon_30_ega_zone_c_pct,fold12/val_horizon_30_ega_zone_c_count,fold12/val_horizon_30_ega_zone_d_pct,fold12/val_horizon_30_ega_zone_d_count,fold12/val_horizon_30_ega_zone_e_pct,fold12/val_horizon_30_ega_zone_e_count,fold12/val_horizon_45_mae,fold12/val_horizon_45_rmse,fold12/val_horizon_45_mard,fold12/val_horizon_45_mape,fold12/val_horizon_45_r2,fold12/val_horizon_45_pearson,fold12/val_horizon_45_ega_zone_a_pct,fold12/val_horizon_45_ega_zone_a_count,fold12/val_horizon_45_ega_zone_b_pct,fold12/val_horizon_45_ega_zone_b_count,fold12/val_horizon_45_ega_zone_c_pct,fold12/val_horizon_45_ega_zone_c_count,fold12/val_horizon_45_ega_zone_d_pct,fold12/val_horizon_45_ega_zone_d_count,fold12/val_horizon_45_ega_zone_e_pct,fold12/val_horizon_45_ega_zone_e_count,fold12/val_horizon_60_mae,fold12/val_horizon_60_rmse,fold12/val_horizon_60_mard,fold12/val_horizon_60_mape,fold12/val_horizon_60_r2,fold12/val_horizon_60_pearson,fold12/val_horizon_60_ega_zone_a_pct,fold12/val_horizon_60_ega_zone_a_count,fold12/val_horizon_60_ega_zone_b_pct,fold12/val_horizon_60_ega_zone_b_count,fold12/val_horizon_60_ega_zone_c_pct,fold12/val_horizon_60_ega_zone_c_count,fold12/val_horizon_60_ega_zone_d_pct,fold12/val_horizon_60_ega_zone_d_count,fold12/val_horizon_60_ega_zone_e_pct,fold12/val_horizon_60_ega_zone_e_count,fold12/diag_graph_prior_weight,fold12/diag_graph_residual_mean,fold12/diag_fusion_gate_cgm,fold12/diag_fusion_gate_cgm_guided,fold12/diag_fusion_gate_physio,fold12/diag_horizon_query_similarity,fold12/diag_horizon_progressive_gate,fold12/diag_horizon_attention_similarity,fold12/diag_horizon_attention_entropy,fold12/diag_horizon_curriculum_progress,fold12/diag_loss_horizon_weight_0,fold12/diag_loss_horizon_weight_1,fold12/diag_loss_horizon_weight_2,fold12/diag_loss_horizon_weight_3
1,0.23051295255933524,10.904279708862305,16.077259063720703,9.973445892333984,9.973445892333984,0.17979437112808228,0.5515472292900085,85.76403045654297,16748.0,13.795575141906738,2694.0,0.0,0.0,0.4403932988643646,86.0,0.0,0.0,6.948946475982666,10.197086334228516,6.353363513946533,6.353363513946533,0.6738648414611816,0.829687774181366,94.83818054199219,4630.0,4.977468490600586,243.0,0.0,0.0,0.18435066938400269,9.0,0.0,0.0,10.715770721435547,15.471287727355957,9.791786193847656,9.791786193847656,0.24452489614486694,0.5897012948989868,86.21466827392578,4209.0,13.314215660095215,650.0,0.0,0.0,0.47111836075782776,23.0,0.0,0.0,12.49515151977539,17.912965774536133,11.436637878417969,11.436637878417969,-0.023198843002319336,0.430711567401886,81.99507904052734,4003.0,17.45186424255371,852.0,0.0,0.0,0.5530520081520081,27.0,0.0,0.0,13.45724868774414,19.22751235961914,12.311996459960938,12.311996459960938,-0.18762052059173584,0.3234773576259613,80.00819396972656,3906.0,19.438753128051758,949.0,0.0,0.0,0.5530520081520081,27.0,0.0,0.0,1.00148344039917,0.0117393359541893,0.38029131293296814,0.1596924066543579,0.46001631021499634,-0.036893103271722794,0.11920291930437088,0.9998977184295654,0.9999502897262573,0.0,0.3333333432674408,0.28333333134651184,0.21666665375232697,0.1666666716337204
2,0.22609730921789575,10.672268867492676,15.63798999786377,9.771263122558594,9.771263122558594,0.22400200366973877,0.5595269203186035,86.34780883789062,16862.0,13.201557159423828,2578.0,0.0,0.0,0.45063501596450806,88.0,0.0,0.0,6.942908763885498,10.066967964172363,6.376972675323486,6.376972675323486,0.6821349859237671,0.8319386839866638,94.79721069335938,4628.0,4.956984996795654,242.0,0.0,0.0,0.2458008974790573,12.0,0.0,0.0,10.532567977905273,15.1387939453125,9.622381210327148,9.622381210327148,0.2766478657722473,0.593131422996521,86.87013244628906,4241.0,12.658746719360352,618.0,0.0,0.0,0.47111836075782776,23.0,0.0,0.0,12.162593841552734,17.38934898376465,11.13437271118164,11.13437271118164,0.035745441913604736,0.4362241327762604,82.65055084228516,4035.0,16.79639434814453,820.0,0.0,0.0,0.5530520081520081,27.0,0.0,0.0,13.051003456115723,18.581457138061523,11.951325416564941,11.951325416564941,-0.10915195941925049,0.33025822043418884,81.07333374023438,3958.0,18.394100189208984,898.0,0.0,0.0,0.532568633556366,26.0,0.0,0.0,0.9968655109405518,0.011237431317567825,0.24453027546405792,0.16649392247200012,0.5889758467674255,-0.021019449457526207,0.11920291930437088,0.9988567233085632,0.9956507682800293,0.07142857142857142,0.3245614171028137,0.2788847088813782,0.21998745203018188,0.17656642198562622
3,0.2247849782739015,10.753167152404785,15.618969917297363,9.88593864440918,9.88593864440918,0.22588849067687988,0.5597090125083923,86.1634521484375,16826.0,13.39102840423584,2615.0,0.0,0.0,0.44551411271095276,87.0,0.0,0.0,6.9798126220703125,10.0674467086792,6.4191670417785645,6.4191670417785645,0.6821047067642212,0.8332586288452148,94.7767333984375,4627.0,4.977468490600586,243.0,0.0,0.0,0.2458008974790573,12.0,0.0,0.0,10.628246307373047,15.153011322021484,9.74662971496582,9.74662971496582,0.27528858184814453,0.5919982194900513,86.56288146972656,4226.0,12.986480712890625,634.0,0.0,0.0,0.45063501596450806,22.0,0.0,0.0,12.274508476257324,17.34438133239746,11.28933334350586,11.28933334350586,0.04072600603103638,0.4327845275402069,82.67103576660156,4036.0,16.775911331176758,819.0,0.0,0.0,0.5530520081520081,27.0,0.0,0.0,13.130098342895508,18.547618865966797,12.088624954223633,12.088624954223633,-0.10511600971221924,0.3260916471481323,80.64317321777344,3937.0,18.82425308227539,919.0,0.0,0.0,0.532568633556366,26.0,0.0,0.0,0.9978084564208984,0.010768387466669083,0.26293936371803284,0.1298041194677353,0.6072564721107483,0.016429247334599495,0.11920291930437088,0.9983006119728088,0.9539467692375183,0.14285714285714285,0.31578949093818665,0.2744360864162445,0.223308265209198,0.18646617233753204
4,0.22209854426842823,10.707733154296875,15.536481857299805,9.857402801513672,9.857402801513672,0.23404347896575928,0.5675095915794373,86.3734130859375,16867.0,13.175952911376953,2573.0,0.0,0.0,0.45063501596450806,88.0,0.0,0.0,6.768548011779785,9.737375259399414,6.224820613861084,6.224820613861084,0.702608048915863,0.8457812070846558,95.49365234375,4662.0,4.281032562255859,209.0,0.0,0.0,0.22531750798225403,11.0,0.0,0.0,10.61001968383789,15.073150634765625,9.740103721618652,9.740103721618652,0.28290730714797974,0.5999187231063843,86.80868530273438,4238.0,12.720195770263672,621.0,0.0,0.0,0.47111836075782776,23.0,0.0,0.0,12.308998107910156,17.328750610351562,11.340256690979004,11.340256690979004,0.04245418310165405,0.4357408285140991,82.44571685791016,4025.0,16.980745315551758,829.0,0.0,0.0,0.5735354423522949,28.0,0.0,0.0,13.143366813659668,18.526391983032227,12.124428749084473,12.124428749084473,-0.10258769989013672,0.3268066346645355,80.74559783935547,3942.0,18.72183609008789,914.0,0.0,0.0,0.532568633556366,26.0,0.0,0.0,0.9932795763015747,0.010456620715558529,0.19407960772514343,0.1549813449382782,0.6509391069412231,0.0755801647901535,0.11920291930437088,0.9953911304473877,0.8518854379653931,0.21428571428571427,0.30701756477355957,0.26998746395111084,0.22662906348705292,0.19636592268943787
5,0.2159571253168951,10.403573989868164,15.149993896484375,9.577559471130371,9.577559471130371,0.2716776132583618,0.5849116444587708,87.01863861083984,16993.0,12.540966033935547,2449.0,0.0,0.0,0.4403932988643646,86.0,0.0,0.0,6.303069114685059,9.018436431884766,5.819461345672607,5.819461345672607,0.7449015378952026,0.8680437207221985,96.4973373413086,4711.0,3.2773454189300537,160.0,0.0,0.0,0.22531750798225403,11.0,0.0,0.0,10.292902946472168,14.637319564819336,9.448841094970703,9.448841094970703,0.3237764239311218,0.6202961802482605,87.77140045166016,4285.0,11.777959823608398,575.0,0.0,0.0,0.45063501596450806,22.0,0.0,0.0,12.061880111694336,17.008996963500977,11.098484992980957,11.098484992980957,0.07746583223342896,0.4472217857837677,82.95780181884766,4050.0,16.48914337158203,805.0,0.0,0.0,0.5530520081520081,27.0,0.0,0.0,12.956448554992676,18.25376319885254,11.943449974060059,11.943449974060059,-0.07037603855133057,0.33088672161102295,80.84801483154297,3947.0,18.61941909790039,909.0,0.0,0.0,0.532568633556366,26.0,0.0,0.0,0.9908766150474548,0.010249004699289799,0.16812162101268768,0.17035579681396484,0.661522626876831,0.12817002832889557,0.11920291930437088,0.9962262511253357,0.7967488169670105,0.2857142857142857,0.2982456088066101,0.2655388414859772,0.22994986176490784,0.2062656730413437
6,0.21013946270491884,10.180737495422363,14.881240844726562,9.35998821258545,9.35998821258545,0.29728853702545166,0.5977567434310913,87.50511932373047,17088.0,12.064727783203125,2356.0,0.0,0.0,0.4301515817642212,84.0,0.0,0.0,6.000604152679443,8.579554557800293,5.557562351226807,5.557562351226807,0.7691260576248169,0.8810824751853943,96.96845245361328,4734.0,2.847193717956543,139.0,0.0,0.0,0.18435066938400269,9.0,0.0,0.0,10.049223899841309,14.319555282592773,9.222977638244629,9.222977638244629,0.35281819105148315,0.6367504596710205,88.07865142822266,4300.0,11.470708847045898,560.0,0.0,0.0,0.45063501596450806,22.0,0.0,0.0,11.866394996643066,16.786014556884766,10.886505126953125,10.886505126953125,0.10149556398391724,0.4565590023994446,83.44940185546875,4074.0,15.997542381286621,781.0,0.0,0.0,0.5530520081520081,27.0,0.0,0.0,12.80672550201416,18.03819465637207,11.772912979125977,11.772912979125977,-0.04524385929107666,0.3346434533596039,81.52396392822266,3980.0,17.943466186523438,876.0,0.0,0.0,0.532568633556366,26.0,0.0,0.0,0.9883397221565247,0.010109920054674149,0.22994157671928406,0.0969058945775032,0.6731525659561157,0.15754620730876923,0.11920291930437088,0.9981557726860046,0.7556740045547485,0.35714285714285715,0.28947368264198303,0.2610902190208435,0.23327067494392395,0.2161654233932495
7,0.2073633656343843,10.21242904663086,14.930919647216797,9.40290355682373,9.40290355682373,0.29258888959884644,0.599668025970459,87.38221740722656,17064.0,12.1927490234375,2381.0,0.0,0.0,0.4250307083129883,83.0,0.0,0.0,5.903343677520752,8.434727668762207,5.4786529541015625,5.4786529541015625,0.7768548727035522,0.8863523602485657,97.2347412109375,4747.0,2.601392984390259,127.0,0.0,0.0,0.1638672649860382,8.0,0.0,0.0,10.064316749572754,14.326092720031738,9.24752426147461,9.24752426147461,0.35222721099853516,0.6410459280014038,88.01720428466797,4297.0,11.532158851623535,563.0,0.0,0.0,0.45063501596450806,22.0,0.0,0.0,11.952176094055176,16.874778747558594,10.981966018676758,10.981966018676758,0.0919678807258606,0.45742350816726685,83.18312072753906,4061.0,16.263826370239258,794.0,0.0,0.0,0.5530520081520081,27.0,0.0,0.0,12.929878234863281,18.182125091552734,11.903468132019043,11.903468132019043,-0.061990976333618164,0.33171671628952026,81.09381103515625,3959.0,18.37361717224121,897.0,0.0,0.0,0.532568633556366,26.0,0.0,0.0,0.9817899465560913,0.010013786144554615,0.20797283947467804,0.12512296438217163,0.6669041514396667,0.17697715759277344,0.11920291930437088,0.996971607208252,0.7672941088676453,0.42857142857142855,0.28070175647735596,0.25664159655570984,0.23659147322177887,0.22606515884399414
8,0.2062420685982017,10.196433067321777,14.90241527557373,9.391518592834473,9.391518592834473,0.2952873110771179,0.6015605330467224,87.36685180664062,17061.0,12.218353271484375,2386.0,0.0,0.0,0.41478899121284485,81.0,0.0,0.0,5.880721092224121,8.37671947479248,5.458059310913086,5.458059310913086,0.7799135446548462,0.8874069452285767,97.337158203125,4752.0,2.4989757537841797,122.0,0.0,0.0,0.1638672649860382,8.0,0.0,0.0,10.057642936706543,14.29161548614502,9.251982688903809,9.251982688903809,0.35534125566482544,0.6425994634628296,87.93527221679688,4293.0,11.614092826843262,567.0,0.0,0.0,0.45063501596450806,22.0,0.0,0.0,11.934721946716309,16.8463077545166,10.970885276794434,10.970885276794434,0.09502935409545898,0.46217647194862366,83.20360565185547,4062.0,16.263826370239258,794.0,0.0,0.0,0.532568633556366,26.0,0.0,0.0,12.912643432617188,18.16893196105957,11.885147094726562,11.885147094726562,-0.06045031547546387,0.3368108868598938,80.99140167236328,3954.0,18.496517181396484,903.0,0.0,0.0,0.5120851993560791,25.0,0.0,0.0,0.9778361320495605,0.009937424212694168,0.2355172485113144,0.14223693311214447,0.6222458481788635,0.18139010667800903,0.11920291930437088,0.99676913022995,0.7726351022720337,0.5,0.2719298303127289,0.25219297409057617,0.2399122714996338,0.23596492409706116
9,0.20419079802617257,10.188912391662598,14.914108276367188,9.362014770507812,9.362014770507812,0.2941809892654419,0.6013201475143433,87.53584289550781,17094.0,12.044243812561035,2352.0,0.0,0.0,0.41990989446640015,82.0,0.0,0.0,5.843593120574951,8.335129737854004,5.418095588684082,5.418095588684082,0.7820935249328613,0.8887395858764648,97.39860534667969,4755.0,2.437525510787964,119.0,0.0,0.0,0.1638672649860382,8.0,0.0,0.0,10.044203758239746,14.327255249023438,9.2145357131958,9.2145357131958,0.3521220088005066,0.6427509784698486,88.32445526123047,4312.0,11.224907875061035,548.0,0.0,0.0,0.45063501596450806,22.0,0.0,0.0,11.944620132446289,16.870271682739258,10.950566291809082,10.950566291809082,0.09245294332504272,0.46010857820510864,83.44940185546875,4074.0,16.01802635192871,782.0,0.0,0.0,0.532568633556366,26.0,0.0,0.0,12.923229217529297,18.17613410949707,11.864864349365234,11.864864349365234,-0.06129121780395508,0.33385002613067627,80.97091674804688,3953.0,18.496517181396484,903.0,0.0,0.0,0.532568633556366,26.0,0.0,0.0,0.9743162989616394,0.009886574931442738,0.2907998859882355,0.15402847528457642,0.5551716685295105,0.17809902131557465,0.11920291930437088,0.9964789748191833,0.7815830707550049,0.5714285714285714,0.2631579041481018,0.2477443516254425,0.2432330846786499,0.24586467444896698
10,0.20225175341994822,10.23017406463623,14.960610389709473,9.406052589416504,9.406052589416504,0.2897726893424988,0.5991224646568298,87.44879150390625,17077.0,12.131298065185547,2369.0,0.0,0.0,0.41990989446640015,82.0,0.0,0.0,5.841353416442871,8.329497337341309,5.417318820953369,5.417318820953369,0.782387912273407,0.889369547367096,97.4190902709961,4756.0,2.4170420169830322,118.0,0.0,0.0,0.1638672649860382,8.0,0.0,0.0,10.072301864624023,14.346351623535156,9.242860794067383,9.242860794067383,0.3503938317298889,0.6416000127792358,88.26300811767578,4309.0,11.286357879638672,551.0,0.0,0.0,0.45063501596450806,22.0,0.0,0.0,12.000136375427246,16.927099227905273,11.011002540588379,11.011002540588379,0.08632844686508179,0.4551052749156952,83.32650756835938,4068.0,16.140926361083984,788.0,0.0,0.0,0.532568633556366,26.0,0.0,0.0,13.006903648376465,18.263469696044922,11.95302677154541,11.95302677154541,-0.07151472568511963,0.3279433846473694,80.78656005859375,3944.0,18.68086814880371,912.0,0.0,0.0,0.532568633556366,26.0,0.0,0.0,0.9721609354019165,0.009842229075729847,0.3768695592880249,0.208670511841774,0.4144599735736847,0.1717790961265564,0.11920291930437088,0.99623042345047,0.7890293598175049,0.6428571428571429,0.25438597798347473,0.24329572916030884,0.24655388295650482,0.2557644248008728
11,0.2011468881619699,10.222651481628418,14.981751441955566,9.390905380249023,9.390905380249023,0.2877640128135681,0.599754273891449,87.60753631591797,17108.0,11.972552299499512,2338.0,0.0,0.0,0.41990989446640015,82.0,0.0,0.0,5.858011245727539,8.356014251708984,5.430563449859619,5.430563449859619,0.7810001969337463,0.889290988445282,97.50102233886719,4760.0,2.335108518600464,114.0,0.0,0.0,0.1638672649860382,8.0,0.0,0.0,10.045489311218262,14.354084014892578,9.207649230957031,9.207649230957031,0.3496933579444885,0.6432022452354431,87.99671936035156,4296.0,11.552641868591309,564.0,0.0,0.0,0.45063501596450806,22.0,0.0,0.0,11.985616683959961,16.93511390686035,10.983818054199219,10.983818054199219,0.08546298742294312,0.4570428431034088,83.83858489990234,4093.0,15.628840446472168,763.0,0.0,0.0,0.532568633556366,26.0,0.0,0.0,13.001490592956543,18.30712127685547,11.941591262817383,11.941591262817383,-0.07664263248443604,0.3271447718143463,81.09381103515625,3959.0,18.37361717224121,897.0,0.0,0.0,0.532568633556366,26.0,0.0,0.0,0.9733138084411621,0.009802530519664288,0.36867383122444153,0.2523922622203827,0.37893393635749817,0.16918446123600006,0.11920291930437088,0.9952996373176575,0.8031255602836609,0.7142857142857143,0.24561403691768646,0.23884710669517517,0.24987469613552094,0.26566416025161743
12,0.1978455319563987,10.320274353027344,15.156427383422852,9.474442481994629,9.474442481994629,0.27105891704559326,0.5937990546226501,87.13642120361328,17016.0,12.453911781311035,2432.0,0.0,0.0,0.4096681773662567,80.0,0.0,0.0,5.865228176116943,8.40521240234375,5.431714057922363,5.431714057922363,0.7784137725830078,0.8885993957519531,97.39860534667969,4755.0,2.437525510787964,119.0,0.0,0.0,0.1638672649860382,8.0,0.0,0.0,10.12401008605957,14.529630661010742,9.269099235534668,9.269099235534668,0.33368992805480957,0.637948215007782,87.62802124023438,4278.0,11.921343803405762,582.0,0.0,0.0,0.45063501596450806,22.0,0.0,0.0,12.12485122680664,17.157108306884766,11.108628273010254,11.108628273010254,0.061329543590545654,0.44846516847610474,83.12166595458984,4058.0,16.345760345458984,798.0,0.0,0.0,0.532568633556366,26.0,0.0,0.0,13.167007446289062,18.51337242126465,12.088333129882812,12.088333129882812,-0.10103869438171387,0.32004812359809875,80.39737701416016,3925.0,19.111019134521484,933.0,0.0,0.0,0.4916017949581146,24.0,0.0,0.0,0.9710781574249268,0.009789782576262951,0.36820054054260254,0.2788839638233185,0.35291555523872375,0.1757836490869522,0.11920291930437088,0.9948554635047913,0.804726243019104,0.7857142857142857,0.23684212565422058,0.2343984991312027,0.25319552421569824,0.27556392550468445
13,0.19556605227014207,10.380098342895508,15.223978996276855,9.521017074584961,9.521017074584961,0.2645466923713684,0.5892820358276367,87.15178680419922,17019.0,12.438549995422363,2429.0,0.0,0.0,0.4096681773662567,80.0,0.0,0.0,5.873755931854248,8.408136367797852,5.430464267730713,5.430464267730713,0.7782595753669739,0.8880574107170105,97.39860534667969,4755.0,2.437525510787964,119.0,0.0,0.0,0.1638672649860382,8.0,0.0,0.0,10.154409408569336,14.540461540222168,9.289861679077148,9.289861679077148,0.3326961398124695,0.6355319619178772,87.75092315673828,4284.0,11.798442840576172,576.0,0.0,0.0,0.45063501596450806,22.0,0.0,0.0,12.201860427856445,17.247053146362305,11.170150756835938,11.170150756835938,0.051461756229400635,0.44193580746650696,83.08070373535156,4056.0,16.38672637939453,800.0,0.0,0.0,0.532568633556366,26.0,0.0,0.0,13.290366172790527,18.641231536865234,12.19359302520752,12.19359302520752,-0.11629962921142578,0.3116277754306793,80.37689208984375,3924.0,19.13150405883789,934.0,0.0,0.0,0.4916017949581146,24.0,0.0,0.0,0.969265878200531,0.00978655181825161,0.3606114089488983,0.29980605840682983,0.33958256244659424,0.1907159686088562,0.11920291930437088,0.9952244758605957,0.8162015080451965,0.8571428571428571,0.22807016968727112,0.22994986176490784,0.25651630759239197,0.2854636609554291
14,0.19180614428303025,10.416573524475098,15.225954055786133,9.56081771850586,9.56081771850586,0.2643558382987976,0.5871313810348511,87.06985473632812,17003.0,12.520483016967773,2445.0,0.0,0.0,0.4096681773662567,80.0,0.0,0.0,5.882230758666992,8.42724609375,5.444370746612549,5.444370746612549,0.7772505283355713,0.8871095180511475,97.29618835449219,4750.0,2.5194592475891113,123.0,0.0,0.0,0.18435066938400269,9.0,0.0,0.0,10.186354637145996,14.549559593200684,9.328280448913574,9.328280448913574,0.3318607807159424,0.6324106454849243,87.93527221679688,4293.0,11.614092826843262,567.0,0.0,0.0,0.45063501596450806,22.0,0.0,0.0,12.249431610107422,17.26251792907715,11.21927547454834,11.21927547454834,0.04975998401641846,0.43772366642951965,82.89635467529297,4047.0,16.59156036376953,810.0,0.0,0.0,0.5120851993560791,25.0,0.0,0.0,13.348273277282715,18.617626190185547,12.251343727111816,12.251343727111816,-0.11347413063049316,0.310462087392807,80.15157318115234,3913.0,19.356821060180664,945.0,0.0,0.0,0.4916017949581146,24.0,0.0,0.0,0.9648675322532654,0.00979379191994667,0.3513549566268921,0.30875372886657715,0.3398912847042084,0.1919853240251541,0.11920291930437088,0.9955375790596008,0.8228355646133423,0.9285714285714286,0.21929824352264404,0.22550123929977417,0.2598370909690857,0.2953633964061737
step,fold12/test_loss,fold12/test_mae,fold12/test_rmse,fold12/test_mard,fold12/test_mape,fold12/test_r2,fold12/test_pearson,fold12/test_ega_zone_a_pct,fold12/test_ega_zone_a_count,fold12/test_ega_zone_b_pct,fold12/test_ega_zone_b_count,fold12/test_ega_zone_c_pct,fold12/test_ega_zone_c_count,fold12/test_ega_zone_d_pct,fold12/test_ega_zone_d_count,fold12/test_ega_zone_e_pct,fold12/test_ega_zone_e_count,fold12/test_horizon_15_mae,fold12/test_horizon_15_rmse,fold12/test_horizon_15_mard,fold12/test_horizon_15_mape,fold12/test_horizon_15_r2,fold12/test_horizon_15_pearson,fold12/test_horizon_15_ega_zone_a_pct,fold12/test_horizon_15_ega_zone_a_count,fold12/test_horizon_15_ega_zone_b_pct,fold12/test_horizon_15_ega_zone_b_count,fold12/test_horizon_15_ega_zone_c_pct,fold12/test_horizon_15_ega_zone_c_count,fold12/test_horizon_15_ega_zone_d_pct,fold12/test_horizon_15_ega_zone_d_count,fold12/test_horizon_15_ega_zone_e_pct,fold12/test_horizon_15_ega_zone_e_count,fold12/test_horizon_30_mae,fold12/test_horizon_30_rmse,fold12/test_horizon_30_mard,fold12/test_horizon_30_mape,fold12/test_horizon_30_r2,fold12/test_horizon_30_pearson,fold12/test_horizon_30_ega_zone_a_pct,fold12/test_horizon_30_ega_zone_a_count,fold12/test_horizon_30_ega_zone_b_pct,fold12/test_horizon_30_ega_zone_b_count,fold12/test_horizon_30_ega_zone_c_pct,fold12/test_horizon_30_ega_zone_c_count,fold12/test_horizon_30_ega_zone_d_pct,fold12/test_horizon_30_ega_zone_d_count,fold12/test_horizon_30_ega_zone_e_pct,fold12/test_horizon_30_ega_zone_e_count,fold12/test_horizon_45_mae,fold12/test_horizon_45_rmse,fold12/test_horizon_45_mard,fold12/test_horizon_45_mape,fold12/test_horizon_45_r2,fold12/test_horizon_45_pearson,fold12/test_horizon_45_ega_zone_a_pct,fold12/test_horizon_45_ega_zone_a_count,fold12/test_horizon_45_ega_zone_b_pct,fold12/test_horizon_45_ega_zone_b_count,fold12/test_horizon_45_ega_zone_c_pct,fold12/test_horizon_45_ega_zone_c_count,fold12/test_horizon_45_ega_zone_d_pct,fold12/test_horizon_45_ega_zone_d_count,fold12/test_horizon_45_ega_zone_e_pct,fold12/test_horizon_45_ega_zone_e_count,fold12/test_horizon_60_mae,fold12/test_horizon_60_rmse,fold12/test_horizon_60_mard,fold12/test_horizon_60_mape,fold12/test_horizon_60_r2,fold12/test_horizon_60_pearson,fold12/test_horizon_60_ega_zone_a_pct,fold12/test_horizon_60_ega_zone_a_count,fold12/test_horizon_60_ega_zone_b_pct,fold12/test_horizon_60_ega_zone_b_count,fold12/test_horizon_60_ega_zone_c_pct,fold12/test_horizon_60_ega_zone_c_count,fold12/test_horizon_60_ega_zone_d_pct,fold12/test_horizon_60_ega_zone_d_count,fold12/test_horizon_60_ega_zone_e_pct,fold12/test_horizon_60_ega_zone_e_count
0,0.24488128157187655,9.205941200256348,14.884137153625488,7.303799152374268,7.303799152374268,0.39803826808929443,0.6593142747879028,92.43144989013672,6607.0,7.568551063537598,541.0,0.0,0.0,0.0,0.0,0.0,0.0,5.397688865661621,8.047876358032227,4.3319926261901855,4.3319926261901855,0.8256860375404358,0.9101192355155945,98.4331283569336,1759.0,1.5668717622756958,28.0,0.0,0.0,0.0,0.0,0.0,0.0,9.128804206848145,14.156729698181152,7.244056701660156,7.244056701660156,0.455689013004303,0.6966006755828857,92.50140380859375,1653.0,7.498600959777832,134.0,0.0,0.0,0.0,0.0,0.0,0.0,10.733153343200684,16.895153045654297,8.492410659790039,8.492410659790039,0.22151309251785278,0.5371123552322388,90.26300811767578,1613.0,9.73698902130127,174.0,0.0,0.0,0.0,0.0,0.0,0.0,11.564122200012207,18.317279815673828,9.146737098693848,9.146737098693848,0.08245831727981567,0.4308687150478363,88.52825927734375,1582.0,11.471739768981934,205.0,0.0,0.0,0.0,0.0,0.0,0.0
step,fold13/train_loss,fold13/val_mae,fold13/val_rmse,fold13/val_mard,fold13/val_mape,fold13/val_r2,fold13/val_pearson,fold13/val_ega_zone_a_pct,fold13/val_ega_zone_a_count,fold13/val_ega_zone_b_pct,fold13/val_ega_zone_b_count,fold13/val_ega_zone_c_pct,fold13/val_ega_zone_c_count,fold13/val_ega_zone_d_pct,fold13/val_ega_zone_d_count,fold13/val_ega_zone_e_pct,fold13/val_ega_zone_e_count,fold13/val_horizon_15_mae,fold13/val_horizon_15_rmse,fold13/val_horizon_15_mard,fold13/val_horizon_15_mape,fold13/val_horizon_15_r2,fold13/val_horizon_15_pearson,fold13/val_horizon_15_ega_zone_a_pct,fold13/val_horizon_15_ega_zone_a_count,fold13/val_horizon_15_ega_zone_b_pct,fold13/val_horizon_15_ega_zone_b_count,fold13/val_horizon_15_ega_zone_c_pct,fold13/val_horizon_15_ega_zone_c_count,fold13/val_horizon_15_ega_zone_d_pct,fold13/val_horizon_15_ega_zone_d_count,fold13/val_horizon_15_ega_zone_e_pct,fold13/val_horizon_15_ega_zone_e_count,fold13/val_horizon_30_mae,fold13/val_horizon_30_rmse,fold13/val_horizon_30_mard,fold13/val_horizon_30_mape,fold13/val_horizon_30_r2,fold13/val_horizon_30_pearson,fold13/val_horizon_30_ega_zone_a_pct,fold13/val_horizon_30_ega_zone_a_count,fold13/val_horizon_30_ega_zone_b_pct,fold13/val_horizon_30_ega_zone_b_count,fold13/val_horizon_30_ega_zone_c_pct,fold13/val_horizon_30_ega_zone_c_count,fold13/val_horizon_30_ega_zone_d_pct,fold13/val_horizon_30_ega_zone_d_count,fold13/val_horizon_30_ega_zone_e_pct,fold13/val_horizon_30_ega_zone_e_count,fold13/val_horizon_45_mae,fold13/val_horizon_45_rmse,fold13/val_horizon_45_mard,fold13/val_horizon_45_mape,fold13/val_horizon_45_r2,fold13/val_horizon_45_pearson,fold13/val_horizon_45_ega_zone_a_pct,fold13/val_horizon_45_ega_zone_a_count,fold13/val_horizon_45_ega_zone_b_pct,fold13/val_horizon_45_ega_zone_b_count,fold13/val_horizon_45_ega_zone_c_pct,fold13/val_horizon_45_ega_zone_c_count,fold13/val_horizon_45_ega_zone_d_pct,fold13/val_horizon_45_ega_zone_d_count,fold13/val_horizon_45_ega_zone_e_pct,fold13/val_horizon_45_ega_zone_e_count,fold13/val_horizon_60_mae,fold13/val_horizon_60_rmse,fold13/val_horizon_60_mard,fold13/val_horizon_60_mape,fold13/val_horizon_60_r2,fold13/val_horizon_60_pearson,fold13/val_horizon_60_ega_zone_a_pct,fold13/val_horizon_60_ega_zone_a_count,fold13/val_horizon_60_ega_zone_b_pct,fold13/val_horizon_60_ega_zone_b_count,fold13/val_horizon_60_ega_zone_c_pct,fold13/val_horizon_60_ega_zone_c_count,fold13/val_horizon_60_ega_zone_d_pct,fold13/val_horizon_60_ega_zone_d_count,fold13/val_horizon_60_ega_zone_e_pct,fold13/val_horizon_60_ega_zone_e_count,fold13/diag_graph_prior_weight,fold13/diag_graph_residual_mean,fold13/diag_fusion_gate_cgm,fold13/diag_fusion_gate_cgm_guided,fold13/diag_fusion_gate_physio,fold13/diag_horizon_query_similarity,fold13/diag_horizon_progressive_gate,fold13/diag_horizon_attention_similarity,fold13/diag_horizon_attention_entropy,fold13/diag_horizon_curriculum_progress,fold13/diag_loss_horizon_weight_0,fold13/diag_loss_horizon_weight_1,fold13/diag_loss_horizon_weight_2,fold13/diag_loss_horizon_weight_3
1,0.23738108738162342,11.543440818786621,17.129819869995117,9.58803653717041,9.58803653717041,0.3470432162284851,0.63993239402771,87.2520751953125,15133.0,12.592251777648926,2184.0,0.0,0.0,0.15567342936992645,27.0,0.0,0.0,6.875431060791016,10.052044868469238,5.703428268432617,5.703428268432617,0.7741597294807434,0.8821332454681396,97.00184631347656,4206.0,2.9520294666290283,128.0,0.0,0.0,0.04612546041607857,2.0,0.0,0.0,11.130293846130371,16.309612274169922,9.249321937561035,9.249321937561035,0.40703487396240234,0.6752735376358032,88.14575958251953,3822.0,11.692804336547852,507.0,0.0,0.0,0.16143910586833954,7.0,0.0,0.0,13.482370376586914,19.398855209350586,11.184829711914062,11.184829711914062,0.16343700885772705,0.5282475352287292,83.04888916015625,3601.0,16.743541717529297,726.0,0.0,0.0,0.207564577460289,9.0,0.0,0.0,14.685669898986816,20.745128631591797,12.214567184448242,12.214567184448242,0.047222793102264404,0.4515687823295593,80.81181335449219,3504.0,18.980627059936523,823.0,0.0,0.0,0.207564577460289,9.0,0.0,0.0,1.0033841133117676,0.011741962283849716,0.37107622623443604,0.15892444550991058,0.46999937295913696,0.01786693185567856,0.11920291930437088,0.9999188780784607,0.9999582767486572,0.0,0.3333333432674408,0.28333333134651184,0.21666665375232697,0.1666666716337204
2,0.2342493977589042,11.389616966247559,16.81047248840332,9.454365730285645,9.454365730285645,0.3711620569229126,0.6469060778617859,87.91513061523438,15248.0,11.929197311401367,2069.0,0.0,0.0,0.15567342936992645,27.0,0.0,0.0,6.803393840789795,9.90383529663086,5.652840614318848,5.652840614318848,0.7807703018188477,0.8848367929458618,97.07103729248047,4209.0,2.8828413486480713,125.0,0.0,0.0,0.04612546041607857,2.0,0.0,0.0,11.002676963806152,16.000228881835938,9.133588790893555,9.133588790893555,0.429317831993103,0.6821146607398987,88.90682220458984,3855.0,10.931734085083008,474.0,0.0,0.0,0.16143910586833954,7.0,0.0,0.0,13.320505142211914,19.016502380371094,11.040997505187988,11.040997505187988,0.19608938694000244,0.5355926156044006,83.97140502929688,3641.0,15.821033477783203,686.0,0.0,0.0,0.207564577460289,9.0,0.0,0.0,14.431889533996582,20.36289405822754,11.990039825439453,11.990039825439453,0.08200973272323608,0.4570556581020355,81.71125793457031,3543.0,18.081180572509766,784.0,0.0,0.0,0.207564577460289,9.0,0.0,0.0,1.0053942203521729,0.011338268406689167,0.3692231774330139,0.14385560154914856,0.48692119121551514,0.029195575043559074,0.11920291930437088,0.9981419444084167,0.9982853531837463,0.07142857142857142,0.3245614171028137,0.2788847088813782,0.21998745203018188,0.17656642198562622
3,0.2345719634141707,11.308738708496094,16.646583557128906,9.425304412841797,9.425304412841797,0.3833637237548828,0.6493068337440491,88.01314544677734,15265.0,11.831180572509766,2052.0,0.0,0.0,0.15567342936992645,27.0,0.0,0.0,6.790063381195068,9.862713813781738,5.652673244476318,5.652673244476318,0.7825870513916016,0.8855396509170532,97.23247528076172,4216.0,2.721402168273926,118.0,0.0,0.0,0.04612546041607857,2.0,0.0,0.0,10.947585105895996,15.859973907470703,9.117084503173828,9.117084503173828,0.4392790198326111,0.6843994855880737,88.86070251464844,3853.0,10.977859497070312,476.0,0.0,0.0,0.16143910586833954,7.0,0.0,0.0,13.195453643798828,18.802791595458984,10.99030590057373,10.99030590057373,0.2140568494796753,0.5377113819122314,84.17896270751953,3650.0,15.613468170166016,677.0,0.0,0.0,0.207564577460289,9.0,0.0,0.0,14.301856994628906,20.151378631591797,11.941152572631836,11.941152572631836,0.10098159313201904,0.45506927371025085,81.78044891357422,3546.0,18.011993408203125,781.0,0.0,0.0,0.207564577460289,9.0,0.0,0.0,1.0062536001205444,0.010995794087648392,0.24005550146102905,0.18399755656719208,0.5759469866752625,0.04901207610964775,0.11920291930437088,0.9964469075202942,0.9892786741256714,0.14285714285714285,0.31578949093818665,0.2744360864162445,0.223308265209198,0.18646617233753204
4,0.23376710405586662,11.201791763305664,16.520572662353516,9.346366882324219,9.346366882324219,0.39266395568847656,0.6524178981781006,88.13422393798828,15286.0,11.710101127624512,2031.0,0.0,0.0,0.15567342936992645,27.0,0.0,0.0,6.708834171295166,9.73466968536377,5.591481685638428,5.591481685638428,0.7881956100463867,0.8885833621025085,97.27859497070312,4218.0,2.675276756286621,116.0,0.0,0.0,0.04612546041607857,2.0,0.0,0.0,10.85164737701416,15.748686790466309,9.049083709716797,9.049083709716797,0.44712042808532715,0.6870962977409363,89.0913314819336,3863.0,10.747232437133789,466.0,0.0,0.0,0.16143910586833954,7.0,0.0,0.0,13.070441246032715,18.67983055114746,10.899210929870605,10.899210929870605,0.22430258989334106,0.5391576290130615,84.4787826538086,3663.0,15.313653945922852,664.0,0.0,0.0,0.207564577460289,9.0,0.0,0.0,14.176244735717773,19.99990463256836,11.845687866210938,11.845687866210938,0.11444622278213501,0.45618706941604614,81.68818664550781,3542.0,18.104244232177734,785.0,0.0,0.0,0.207564577460289,9.0,0.0,0.0,1.0032017230987549,0.010776499286293983,0.15340791642665863,0.3208746910095215,0.5257174372673035,0.060494501143693924,0.11920291930437088,0.9964990019798279,0.981242299079895,0.21428571428571427,0.30701756477355957,0.26998746395111084,0.22662906348705292,0.19636592268943787
5,0.23052171729129492,10.98969554901123,16.261667251586914,9.177387237548828,9.177387237548828,0.4115508198738098,0.6616421341896057,88.35332489013672,15324.0,11.491005897521973,1993.0,0.0,0.0,0.15567342936992645,27.0,0.0,0.0,6.397668361663818,9.228632926940918,5.340941429138184,5.340941429138184,0.8096436858177185,0.9003772139549255,97.62454223632812,4233.0,2.3293356895446777,101.0,0.0,0.0,0.04612546041607857,2.0,0.0,0.0,10.730673789978027,15.560144424438477,8.9561185836792,8.9561185836792,0.46027928590774536,0.6924695372581482,89.5295181274414,3882.0,10.309040069580078,447.0,0.0,0.0,0.16143910586833954,7.0,0.0,0.0,12.892142295837402,18.452789306640625,10.758050918579102,10.758050918579102,0.24304407835006714,0.5449573397636414,84.2020263671875,3651.0,15.590405464172363,676.0,0.0,0.0,0.207564577460289,9.0,0.0,0.0,13.938295364379883,19.74781036376953,11.654440879821777,11.654440879821777,0.13662993907928467,0.46334072947502136,82.05719757080078,3558.0,17.735239028930664,769.0,0.0,0.0,0.207564577460289,9.0,0.0,0.0,0.9987149238586426,0.010654473677277565,0.16112306714057922,0.26734787225723267,0.5715291500091553,0.07634026557207108,0.11920291930437088,0.9705321192741394,0.9645369648933411,0.2857142857142857,0.2982456088066101,0.2655388414859772,0.22994986176490784,0.2062656730413437
6,0.22609755656808486,10.771549224853516,15.986936569213867,9.001211166381836,9.001211166381836,0.43126577138900757,0.6708785891532898,88.72232055664062,15388.0,11.122001647949219,1929.0,0.0,0.0,0.15567342936992645,27.0,0.0,0.0,6.01617431640625,8.59887409210205,5.0349650382995605,5.0349650382995605,0.8347369432449341,0.9138162136077881,98.10885620117188,4254.0,1.8450183868408203,80.0,0.0,0.0,0.04612546041607857,2.0,0.0,0.0,10.509317398071289,15.210410118103027,8.784067153930664,8.784067153930664,0.4842684268951416,0.7044563293457031,89.8062744140625,3894.0,10.03228759765625,435.0,0.0,0.0,0.16143910586833954,7.0,0.0,0.0,12.752946853637695,18.267242431640625,10.639997482299805,10.639997482299805,0.2581903338432312,0.548136830329895,84.68634796142578,3672.0,15.106087684631348,655.0,0.0,0.0,0.207564577460289,9.0,0.0,0.0,13.807757377624512,19.579050064086914,11.545817375183105,11.545817375183105,0.15132325887680054,0.4634774923324585,82.28782653808594,3568.0,17.504613876342773,759.0,0.0,0.0,0.207564577460289,9.0,0.0,0.0,0.9999008178710938,0.010583486407995224,0.18583685159683228,0.303252249956131,0.5109109282493591,0.09993202239274979,0.11920291930437088,0.9872573018074036,0.9369091987609863,0.35714285714285715,0.28947368264198303,0.2610902190208435,0.23327067494392395,0.2161654233932495
7,0.22259965780487556,10.579638481140137,15.771366119384766,8.818021774291992,8.818021774291992,0.44650018215179443,0.6831211447715759,89.08556365966797,15451.0,10.758763313293457,1866.0,0.0,0.0,0.15567342936992645,27.0,0.0,0.0,5.708399772644043,8.108993530273438,4.790085792541504,4.790085792541504,0.8530307412147522,0.9240128397941589,98.57010650634766,4274.0,1.3837637901306152,60.0,0.0,0.0,0.04612546041607857,2.0,0.0,0.0,10.276335716247559,14.845569610595703,8.564729690551758,8.564729690551758,0.508712649345398,0.7231500148773193,90.56734466552734,3927.0,9.271218299865723,402.0,0.0,0.0,0.16143910586833954,7.0,0.0,0.0,12.637094497680664,18.139820098876953,10.505576133728027,10.505576133728027,0.26850324869155884,0.5577827095985413,84.91697692871094,3682.0,14.87546157836914,645.0,0.0,0.0,0.207564577460289,9.0,0.0,0.0,13.696722984313965,19.487028121948242,11.411699295043945,11.411699295043945,0.15928202867507935,0.46816760301589966,82.28782653808594,3568.0,17.504613876342773,759.0,0.0,0.0,0.207564577460289,9.0,0.0,0.0,0.997394323348999,0.01053657941520214,0.23350848257541656,0.3219532370567322,0.44453832507133484,0.1142914816737175,0.11920291930437088,0.9950196146965027,0.8970578908920288,0.42857142857142855,0.28070175647735596,0.25664159655570984,0.23659147322177887,0.22606515884399414
8,0.21982558916179365,10.516300201416016,15.824195861816406,8.75090217590332,8.75090217590332,0.4427857995033264,0.6834743618965149,89.02790832519531,15441.0,10.810654640197754,1875.0,0.005765682552009821,1.0,0.15567342936992645,27.0,0.0,0.0,5.5272746086120605,7.8758015632629395,4.644205570220947,4.644205570220947,0.8613620400428772,0.9287874698638916,98.7315444946289,4281.0,1.2223247289657593,53.0,0.0,0.0,0.04612546041607857,2.0,0.0,0.0,10.187432289123535,14.812793731689453,8.49178695678711,8.49178695678711,0.5108795762062073,0.7266779541969299,90.42896270751953,3921.0,9.40959358215332,408.0,0.0,0.0,0.16143910586833954,7.0,0.0,0.0,12.636463165283203,18.276622772216797,10.483260154724121,10.483260154724121,0.2574283480644226,0.5545472502708435,84.82472229003906,3678.0,14.944648742675781,648.0,0.023062730208039284,1.0,0.207564577460289,9.0,0.0,0.0,13.714035034179688,19.65041160583496,11.384359359741211,11.384359359741211,0.14512550830841064,0.4624846577644348,82.12638854980469,3561.0,17.666051864624023,766.0,0.0,0.0,0.207564577460289,9.0,0.0,0.0,0.994780421257019,0.010503998957574368,0.27538955211639404,0.28741273283958435,0.4371977150440216,0.11966151744127274,0.11920291930437088,0.9936003088951111,0.8794693946838379,0.5,0.2719298303127289,0.25219297409057617,0.2399122714996338,0.23596492409706116
9,0.21771724720557492,10.509119033813477,15.848737716674805,8.749302864074707,8.749302864074707,0.44105613231658936,0.6821580529212952,88.95294952392578,15428.0,10.90290641784668,1891.0,0.0,0.0,0.1441420614719391,25.0,0.0,0.0,5.430994033813477,7.736066818237305,4.57218599319458,4.57218599319458,0.8662379384040833,0.9314194321632385,98.82380676269531,4285.0,1.176199197769165,51.0,0.0,0.0,0.0,0.0,0.0,0.0,10.134966850280762,14.743879318237305,8.454072952270508,8.454072952270508,0.5154200792312622,0.7293286323547363,90.4059066772461,3920.0,9.432657241821289,409.0,0.0,0.0,0.16143910586833954,7.0,0.0,0.0,12.640360832214355,18.290565490722656,10.492292404174805,10.492292404174805,0.256294846534729,0.5520219206809998,84.75553131103516,3675.0,15.036900520324707,652.0,0.0,0.0,0.207564577460289,9.0,0.0,0.0,13.83015251159668,19.823131561279297,11.478660583496094,11.478660583496094,0.13003146648406982,0.4487142264842987,81.82656860351562,3548.0,17.965866088867188,779.0,0.0,0.0,0.207564577460289,9.0,0.0,0.0,0.9924753308296204,0.010471251793205738,0.3383496105670929,0.2845625877380371,0.37708786129951477,0.12666089832782745,0.11920291930437088,0.9911413788795471,0.8782556056976318,0.5714285714285714,0.2631579041481018,0.2477443516254425,0.2432330846786499,0.24586467444896698
10,0.2167436585338197,10.566998481750488,16.003652572631836,8.796031951904297,8.796031951904297,0.43007582426071167,0.6751843690872192,88.92411804199219,15423.0,10.925969123840332,1895.0,0.005765682552009821,1.0,0.1441420614719391,25.0,0.0,0.0,5.401584148406982,7.667108535766602,4.540578842163086,4.540578842163086,0.8686119914054871,0.932600736618042,98.91605377197266,4289.0,1.0839483737945557,47.0,0.0,0.0,0.0,0.0,0.0,0.0,10.161067962646484,14.81444263458252,8.471940994262695,8.471940994262695,0.5107706785202026,0.7269226312637329,90.38284301757812,3919.0,9.455719947814941,410.0,0.0,0.0,0.16143910586833954,7.0,0.0,0.0,12.754589080810547,18.493318557739258,10.592636108398438,10.592636108398438,0.23971539735794067,0.5402518510818481,84.61715698242188,3669.0,15.152214050292969,657.0,0.023062730208039284,1.0,0.207564577460289,9.0,0.0,0.0,13.95075511932373,20.105039596557617,11.57896900177002,11.57896900177002,0.10511147975921631,0.43034011125564575,81.78044891357422,3546.0,18.011993408203125,781.0,0.0,0.0,0.207564577460289,9.0,0.0,0.0,0.9926536083221436,0.010434228926897049,0.34240975975990295,0.3424864709377289,0.3151038587093353,0.1236984133720398,0.11920291930437088,0.9870014786720276,0.886974036693573,0.6428571428571429,0.25438597798347473,0.24329572916030884,0.24655388295650482,0.2557644248008728
11,0.21573081975565814,10.541414260864258,15.972275733947754,8.790258407592773,8.790258407592773,0.4323084354400635,0.6760557889938354,88.9183578491211,15422.0,10.925969123840332,1895.0,0.005765682552009821,1.0,0.14990775287151337,26.0,0.0,0.0,5.349287509918213,7.610982418060303,4.500634670257568,4.500634670257568,0.8705285787582397,0.9336609244346619,98.89299011230469,4288.0,1.0839483737945557,47.0,0.0,0.0,0.023062730208039284,1.0,0.0,0.0,10.121416091918945,14.751290321350098,8.448067665100098,8.448067665100098,0.5149328112602234,0.7293739914894104,90.33671569824219,3917.0,9.501845359802246,412.0,0.0,0.0,0.16143910586833954,7.0,0.0,0.0,12.729190826416016,18.456836700439453,10.595203399658203,10.595203399658203,0.24271202087402344,0.5409907698631287,84.66328430175781,3671.0,15.106087684631348,655.0,0.023062730208039284,1.0,0.207564577460289,9.0,0.0,0.0,13.9657621383667,20.10651397705078,11.6171236038208,11.6171236038208,0.10498028993606567,0.4274067282676697,81.78044891357422,3546.0,18.011993408203125,781.0,0.0,0.0,0.207564577460289,9.0,0.0,0.0,0.9949331283569336,0.010397488251328468,0.34166526794433594,0.3627164363861084,0.2956183850765228,0.1258803755044937,0.11920291930437088,0.9844216704368591,0.886246919631958,0.7142857142857143,0.24561403691768646,0.23884710669517517,0.24987469613552094,0.26566416025161743
12,0.21339704863337217,10.557761192321777,16.014493942260742,8.808110237121582,8.808110237121582,0.4293033480644226,0.6732061505317688,88.86646270751953,15413.0,10.983625411987305,1905.0,0.005765682552009821,1.0,0.1441420614719391,25.0,0.0,0.0,5.309185028076172,7.566213607788086,4.469783306121826,4.469783306121826,0.8720471858978271,0.9342155456542969,98.98523712158203,4292.0,1.014760136604309,44.0,0.0,0.0,0.0,0.0,0.0,0.0,10.08674430847168,14.648133277893066,8.424546241760254,8.424546241760254,0.5216933488845825,0.7320044040679932,90.54428100585938,3926.0,9.294280052185059,403.0,0.0,0.0,0.16143910586833954,7.0,0.0,0.0,12.763073921203613,18.4950008392334,10.630757331848145,10.630757331848145,0.239577054977417,0.5383433103561401,84.36346435546875,3658.0,15.405903816223145,668.0,0.023062730208039284,1.0,0.207564577460289,9.0,0.0,0.0,14.072040557861328,20.297183990478516,11.707362174987793,11.707362174987793,0.08792483806610107,0.41450557112693787,81.5728759765625,3537.0,18.21955680847168,790.0,0.0,0.0,0.207564577460289,9.0,0.0,0.0,0.9967970848083496,0.010374767705798149,0.351958692073822,0.37377867102622986,0.2742626965045929,0.12161138653755188,0.11920291930437088,0.9826849102973938,0.8965353965759277,0.7857142857142857,0.23684212565422058,0.2343984991312027,0.25319552421569824,0.27556392550468445
13,0.211828744265533,10.599912643432617,16.03773307800293,8.8441162109375,8.8441162109375,0.4276459217071533,0.672415018081665,88.82611083984375,15406.0,11.023985862731934,1912.0,0.005765682552009821,1.0,0.1441420614719391,25.0,0.0,0.0,5.310422420501709,7.547630786895752,4.468430995941162,4.468430995941162,0.8726749420166016,0.9345706701278687,98.91605377197266,4289.0,1.0839483737945557,47.0,0.0,0.0,0.0,0.0,0.0,0.0,10.107640266418457,14.654982566833496,8.442255973815918,8.442255973815918,0.5212459564208984,0.7319712042808533,90.47509765625,3923.0,9.363469123840332,406.0,0.0,0.0,0.16143910586833954,7.0,0.0,0.0,12.819649696350098,18.51511573791504,10.676152229309082,10.676152229309082,0.2379220724105835,0.5376675128936768,84.31734466552734,3656.0,15.45202922821045,670.0,0.023062730208039284,1.0,0.207564577460289,9.0,0.0,0.0,14.161940574645996,20.3541316986084,11.78962516784668,11.78962516784668,0.08279955387115479,0.4118470549583435,81.59593963623047,3538.0,18.196495056152344,789.0,0.0,0.0,0.207564577460289,9.0,0.0,0.0,0.9933954477310181,0.0103696808218956,0.3800729513168335,0.33819252252578735,0.28173455595970154,0.12641938030719757,0.11920291930437088,0.9759424328804016,0.90231853723526,0.8571428571428571,0.22807016968727112,0.22994986176490784,0.25651630759239197,0.2854636609554291
14,0.20848349705231173,10.688325881958008,16.200586318969727,8.91581916809082,8.91581916809082,0.4159631133079529,0.6679868698120117,88.55512237548828,15359.0,11.300738334655762,1960.0,0.005765682552009821,1.0,0.138376384973526,24.0,0.0,0.0,5.290792465209961,7.5360331535339355,4.456937789916992,4.456937789916992,0.8730659484863281,0.9349786639213562,98.93911743164062,4290.0,1.0608855485916138,46.0,0.0,0.0,0.0,0.0,0.0,0.0,10.174345970153809,14.742018699645996,8.503179550170898,8.503179550170898,0.5155423879623413,0.7307183742523193,90.1983413696289,3911.0,9.64022159576416,418.0,0.0,0.0,0.16143910586833954,7.0,0.0,0.0,12.955318450927734,18.70588493347168,10.78615665435791,10.78615665435791,0.2221372127532959,0.5319371819496155,83.83302307128906,3635.0,15.9594087600708,692.0,0.023062730208039284,1.0,0.18450184166431427,8.0,0.0,0.0,14.332850456237793,20.635089874267578,11.917004585266113,11.917004585266113,0.057303667068481445,0.4014783799648285,81.25,3523.0,18.542436599731445,804.0,0.0,0.0,0.207564577460289,9.0,0.0,0.0,0.9939415454864502,0.010362071916460991,0.3635360598564148,0.3219393789768219,0.3145246207714081,0.12932948768138885,0.11920291930437088,0.9699099659919739,0.9098211526870728,0.9285714285714286,0.21929824352264404,0.22550123929977417,0.2598370909690857,0.2953633964061737
15,0.20777535976782133,10.810455322265625,16.352922439575195,9.021300315856934,9.021300315856934,0.4049277901649475,0.661256730556488,88.37061309814453,15327.0,11.48523998260498,1992.0,0.005765682552009821,1.0,0.138376384973526,24.0,0.0,0.0,5.3636698722839355,7.636404514312744,4.511216163635254,4.511216163635254,0.8696622252464294,0.9330859780311584,98.91605377197266,4289.0,1.0839483737945557,47.0,0.0,0.0,0.0,0.0,0.0,0.0,10.317364692687988,14.942179679870605,8.617385864257812,8.617385864257812,0.5022975206375122,0.7226820588111877,90.10608673095703,3907.0,9.73247241973877,422.0,0.0,0.0,0.16143910586833954,7.0,0.0,0.0,13.148127555847168,18.934246063232422,10.953847885131836,10.953847885131836,0.20302891731262207,0.5207573771476746,83.32564544677734,3613.0,16.46678924560547,714.0,0.023062730208039284,1.0,0.18450184166431427,8.0,0.0,0.0,14.412657737731934,20.726388931274414,12.002750396728516,12.002750396728516,0.04894334077835083,0.3976195454597473,81.13468933105469,3518.0,18.65774917602539,809.0,0.0,0.0,0.207564577460289,9.0,0.0,0.0,0.9931925535202026,0.010360359214246273,0.3678473234176636,0.3015058934688568,0.3306468725204468,0.12769879400730133,0.11920291930437088,0.969244658946991,0.9171544313430786,1.0,0.21052631735801697,0.2210526168346405,0.2631579041481018,0.3052631616592407
16,0.20148415762646749,10.864897727966309,16.446338653564453,9.07091236114502,9.07091236114502,0.3981097340583801,0.6576326489448547,88.23800659179688,15304.0,11.606319427490234,2013.0,0.01729704812169075,3.0,0.138376384973526,24.0,0.0,0.0,5.3776164054870605,7.661309242248535,4.518594264984131,4.518594264984131,0.8688106536865234,0.9326648116111755,98.84686279296875,4286.0,1.1531364917755127,50.0,0.0,0.0,0.0,0.0,0.0,0.0,10.352917671203613,15.020415306091309,8.641300201416016,8.641300201416016,0.49707210063934326,0.7194849848747253,90.01383972167969,3903.0,9.824723243713379,426.0,0.0,0.0,0.16143910586833954,7.0,0.0,0.0,13.21810245513916,19.048065185546875,11.017822265625,11.017822265625,0.19341856241226196,0.5162268280982971,83.53321075439453,3622.0,16.21310043334961,703.0,0.069188192486763,3.0,0.18450184166431427,8.0,0.0,0.0,14.510951042175293,20.851640701293945,12.105935096740723,12.105935096740723,0.03741401433944702,0.3928377032279968,80.55811309814453,3493.0,19.234317779541016,834.0,0.0,0.0,0.207564577460289,9.0,0.0,0.0,0.9946494698524475,0.010357409715652466,0.34961503744125366,0.3163986802101135,0.3339863419532776,0.13409431278705597,0.11920291930437088,0.9686983227729797,0.9237135648727417,1.0,0.21052631735801697,0.2210526168346405,0.2631579041481018,0.3052631616592407
step,fold13/test_loss,fold13/test_mae,fold13/test_rmse,fold13/test_mard,fold13/test_mape,fold13/test_r2,fold13/test_pearson,fold13/test_ega_zone_a_pct,fold13/test_ega_zone_a_count,fold13/test_ega_zone_b_pct,fold13/test_ega_zone_b_count,fold13/test_ega_zone_c_pct,fold13/test_ega_zone_c_count,fold13/test_ega_zone_d_pct,fold13/test_ega_zone_d_count,fold13/test_ega_zone_e_pct,fold13/test_ega_zone_e_count,fold13/test_horizon_15_mae,fold13/test_horizon_15_rmse,fold13/test_horizon_15_mard,fold13/test_horizon_15_mape,fold13/test_horizon_15_r2,fold13/test_horizon_15_pearson,fold13/test_horizon_15_ega_zone_a_pct,fold13/test_horizon_15_ega_zone_a_count,fold13/test_horizon_15_ega_zone_b_pct,fold13/test_horizon_15_ega_zone_b_count,fold13/test_horizon_15_ega_zone_c_pct,fold13/test_horizon_15_ega_zone_c_count,fold13/test_horizon_15_ega_zone_d_pct,fold13/test_horizon_15_ega_zone_d_count,fold13/test_horizon_15_ega_zone_e_pct,fold13/test_horizon_15_ega_zone_e_count,fold13/test_horizon_30_mae,fold13/test_horizon_30_rmse,fold13/test_horizon_30_mard,fold13/test_horizon_30_mape,fold13/test_horizon_30_r2,fold13/test_horizon_30_pearson,fold13/test_horizon_30_ega_zone_a_pct,fold13/test_horizon_30_ega_zone_a_count,fold13/test_horizon_30_ega_zone_b_pct,fold13/test_horizon_30_ega_zone_b_count,fold13/test_horizon_30_ega_zone_c_pct,fold13/test_horizon_30_ega_zone_c_count,fold13/test_horizon_30_ega_zone_d_pct,fold13/test_horizon_30_ega_zone_d_count,fold13/test_horizon_30_ega_zone_e_pct,fold13/test_horizon_30_ega_zone_e_count,fold13/test_horizon_45_mae,fold13/test_horizon_45_rmse,fold13/test_horizon_45_mard,fold13/test_horizon_45_mape,fold13/test_horizon_45_r2,fold13/test_horizon_45_pearson,fold13/test_horizon_45_ega_zone_a_pct,fold13/test_horizon_45_ega_zone_a_count,fold13/test_horizon_45_ega_zone_b_pct,fold13/test_horizon_45_ega_zone_b_count,fold13/test_horizon_45_ega_zone_c_pct,fold13/test_horizon_45_ega_zone_c_count,fold13/test_horizon_45_ega_zone_d_pct,fold13/test_horizon_45_ega_zone_d_count,fold13/test_horizon_45_ega_zone_e_pct,fold13/test_horizon_45_ega_zone_e_count,fold13/test_horizon_60_mae,fold13/test_horizon_60_rmse,fold13/test_horizon_60_mard,fold13/test_horizon_60_mape,fold13/test_horizon_60_r2,fold13/test_horizon_60_pearson,fold13/test_horizon_60_ega_zone_a_pct,fold13/test_horizon_60_ega_zone_a_count,fold13/test_horizon_60_ega_zone_b_pct,fold13/test_horizon_60_ega_zone_b_count,fold13/test_horizon_60_ega_zone_c_pct,fold13/test_horizon_60_ega_zone_c_count,fold13/test_horizon_60_ega_zone_d_pct,fold13/test_horizon_60_ega_zone_d_count,fold13/test_horizon_60_ega_zone_e_pct,fold13/test_horizon_60_ega_zone_e_count
0,0.32546581812356234,11.314828872680664,18.453683853149414,8.34550666809082,8.34550666809082,0.32543009519577026,0.6395661234855652,89.82767486572266,6985.0,10.172325134277344,791.0,0.0,0.0,0.0,0.0,0.0,0.0,5.380268096923828,8.283937454223633,4.132162570953369,4.132162570953369,0.8640339374542236,0.9325929880142212,98.66255187988281,1918.0,1.3374485969543457,26.0,0.0,0.0,0.0,0.0,0.0,0.0,10.39648723602295,16.315227508544922,7.733409881591797,7.733409881591797,0.47293633222579956,0.7227507829666138,91.87242889404297,1786.0,8.127572059631348,158.0,0.0,0.0,0.0,0.0,0.0,0.0,13.645340919494629,21.246200561523438,9.97459888458252,9.97459888458252,0.10606122016906738,0.5001397132873535,86.3168716430664,1678.0,13.683126449584961,266.0,0.0,0.0,0.0,0.0,0.0,0.0,15.837218284606934,23.998804092407227,11.541855812072754,11.541855812072754,-0.14141583442687988,0.329399973154068,82.45884704589844,1603.0,17.541152954101562,341.0,0.0,0.0,0.0,0.0,0.0,0.0
step,fold14/train_loss,fold14/val_mae,fold14/val_rmse,fold14/val_mard,fold14/val_mape,fold14/val_r2,fold14/val_pearson,fold14/val_ega_zone_a_pct,fold14/val_ega_zone_a_count,fold14/val_ega_zone_b_pct,fold14/val_ega_zone_b_count,fold14/val_ega_zone_c_pct,fold14/val_ega_zone_c_count,fold14/val_ega_zone_d_pct,fold14/val_ega_zone_d_count,fold14/val_ega_zone_e_pct,fold14/val_ega_zone_e_count,fold14/val_horizon_15_mae,fold14/val_horizon_15_rmse,fold14/val_horizon_15_mard,fold14/val_horizon_15_mape,fold14/val_horizon_15_r2,fold14/val_horizon_15_pearson,fold14/val_horizon_15_ega_zone_a_pct,fold14/val_horizon_15_ega_zone_a_count,fold14/val_horizon_15_ega_zone_b_pct,fold14/val_horizon_15_ega_zone_b_count,fold14/val_horizon_15_ega_zone_c_pct,fold14/val_horizon_15_ega_zone_c_count,fold14/val_horizon_15_ega_zone_d_pct,fold14/val_horizon_15_ega_zone_d_count,fold14/val_horizon_15_ega_zone_e_pct,fold14/val_horizon_15_ega_zone_e_count,fold14/val_horizon_30_mae,fold14/val_horizon_30_rmse,fold14/val_horizon_30_mard,fold14/val_horizon_30_mape,fold14/val_horizon_30_r2,fold14/val_horizon_30_pearson,fold14/val_horizon_30_ega_zone_a_pct,fold14/val_horizon_30_ega_zone_a_count,fold14/val_horizon_30_ega_zone_b_pct,fold14/val_horizon_30_ega_zone_b_count,fold14/val_horizon_30_ega_zone_c_pct,fold14/val_horizon_30_ega_zone_c_count,fold14/val_horizon_30_ega_zone_d_pct,fold14/val_horizon_30_ega_zone_d_count,fold14/val_horizon_30_ega_zone_e_pct,fold14/val_horizon_30_ega_zone_e_count,fold14/val_horizon_45_mae,fold14/val_horizon_45_rmse,fold14/val_horizon_45_mard,fold14/val_horizon_45_mape,fold14/val_horizon_45_r2,fold14/val_horizon_45_pearson,fold14/val_horizon_45_ega_zone_a_pct,fold14/val_horizon_45_ega_zone_a_count,fold14/val_horizon_45_ega_zone_b_pct,fold14/val_horizon_45_ega_zone_b_count,fold14/val_horizon_45_ega_zone_c_pct,fold14/val_horizon_45_ega_zone_c_count,fold14/val_horizon_45_ega_zone_d_pct,fold14/val_horizon_45_ega_zone_d_count,fold14/val_horizon_45_ega_zone_e_pct,fold14/val_horizon_45_ega_zone_e_count,fold14/val_horizon_60_mae,fold14/val_horizon_60_rmse,fold14/val_horizon_60_mard,fold14/val_horizon_60_mape,fold14/val_horizon_60_r2,fold14/val_horizon_60_pearson,fold14/val_horizon_60_ega_zone_a_pct,fold14/val_horizon_60_ega_zone_a_count,fold14/val_horizon_60_ega_zone_b_pct,fold14/val_horizon_60_ega_zone_b_count,fold14/val_horizon_60_ega_zone_c_pct,fold14/val_horizon_60_ega_zone_c_count,fold14/val_horizon_60_ega_zone_d_pct,fold14/val_horizon_60_ega_zone_d_count,fold14/val_horizon_60_ega_zone_e_pct,fold14/val_horizon_60_ega_zone_e_count,fold14/diag_graph_prior_weight,fold14/diag_graph_residual_mean,fold14/diag_fusion_gate_cgm,fold14/diag_fusion_gate_cgm_guided,fold14/diag_fusion_gate_physio,fold14/diag_horizon_query_similarity,fold14/diag_horizon_progressive_gate,fold14/diag_horizon_attention_similarity,fold14/diag_horizon_attention_entropy,fold14/diag_horizon_curriculum_progress,fold14/diag_loss_horizon_weight_0,fold14/diag_loss_horizon_weight_1,fold14/diag_loss_horizon_weight_2,fold14/diag_loss_horizon_weight_3
1,0.24752013701018483,9.704779624938965,14.960264205932617,8.095126152038574,8.095126152038574,0.5409932136535645,0.7472558617591858,91.58699035644531,15709.0,8.354710578918457,1433.0,0.0,0.0,0.05830223858356476,10.0,0.0,0.0,5.806654453277588,8.54258918762207,4.916735649108887,4.916735649108887,0.8501366972923279,0.9222030639648438,98.11100769042969,4207.0,1.7957088947296143,77.0,0.0,0.0,0.09328357875347137,4.0,0.0,0.0,9.245929718017578,13.753650665283203,7.7140116691589355,7.7140116691589355,0.6119589805603027,0.7888685464859009,92.67723846435547,3974.0,7.276119232177734,312.0,0.0,0.0,0.04664178937673569,2.0,0.0,0.0,11.231424331665039,16.757186889648438,9.368597984313965,9.368597984313965,0.4241558313369751,0.6734225749969482,88.87593078613281,3811.0,11.077425956726074,475.0,0.0,0.0,0.04664178937673569,2.0,0.0,0.0,12.535107612609863,18.769548416137695,10.381162643432617,10.381162643432617,0.27852344512939453,0.5874986052513123,86.68376922607422,3717.0,13.2695894241333,569.0,0.0,0.0,0.04664178937673569,2.0,0.0,0.0,1.0022729635238647,0.011568358168005943,0.6289111971855164,0.23303841054439545,0.13805043697357178,0.0024242314975708723,0.11920291930437088,0.9999657273292542,0.99998939037323,0.0,0.3333333432674408,0.28333333134651184,0.21666665375232697,0.1666666716337204
2,0.24301355222419416,9.780261993408203,14.939191818237305,8.145713806152344,8.145713806152344,0.5422853827476501,0.7437963485717773,91.90181732177734,15763.0,8.039878845214844,1379.0,0.0,0.0,0.05830223858356476,10.0,0.0,0.0,5.8408203125,8.524104118347168,4.940910816192627,4.940910816192627,0.8507845997810364,0.9227626919746399,98.22761535644531,4212.0,1.6791045665740967,72.0,0.0,0.0,0.09328357875347137,4.0,0.0,0.0,9.312923431396484,13.693134307861328,7.775653839111328,7.775653839111328,0.6153662800788879,0.7876279354095459,92.86380767822266,3982.0,7.089552402496338,304.0,0.0,0.0,0.04664178937673569,2.0,0.0,0.0,11.312507629394531,16.764156341552734,9.39295768737793,9.39295768737793,0.4236767292022705,0.6672602295875549,89.5055923461914,3838.0,10.447761535644531,448.0,0.0,0.0,0.04664178937673569,2.0,0.0,0.0,12.654791831970215,18.748828887939453,10.473331451416016,10.473331451416016,0.28011554479599,0.5740142464637756,87.01026153564453,3731.0,12.943096160888672,555.0,0.0,0.0,0.04664178937673569,2.0,0.0,0.0,0.9996336698532104,0.011039653792977333,0.5922768712043762,0.27946558594703674,0.12825752794742584,0.0167375635355711,0.11920291930437088,0.9998023509979248,0.9981276988983154,0.07142857142857142,0.3245614171028137,0.2788847088813782,0.21998745203018188,0.17656642198562622
3,0.24320737684582314,9.890847206115723,15.056072235107422,8.244172096252441,8.244172096252441,0.5350952744483948,0.7377413511276245,91.6452865600586,15719.0,8.296408653259277,1423.0,0.0,0.0,0.05830223858356476,10.0,0.0,0.0,5.846036434173584,8.550904273986816,4.941530704498291,4.941530704498291,0.8498448729515076,0.9224600791931152,98.18096923828125,4210.0,1.7257462739944458,74.0,0.0,0.0,0.09328357875347137,4.0,0.0,0.0,9.3947114944458,13.778959274291992,7.846360683441162,7.846360683441162,0.6105296611785889,0.7837875485420227,92.7938461303711,3979.0,7.159514904022217,307.0,0.0,0.0,0.04664178937673569,2.0,0.0,0.0,11.45966625213623,16.895795822143555,9.521946907043457,9.521946907043457,0.41459012031555176,0.6589474081993103,89.41231536865234,3834.0,10.541045188903809,452.0,0.0,0.0,0.04664178937673569,2.0,0.0,0.0,12.862977027893066,18.928701400756836,10.666847229003906,10.666847229003906,0.26623642444610596,0.5580084323883057,86.19403076171875,3696.0,13.759328842163086,590.0,0.0,0.0,0.04664178937673569,2.0,0.0,0.0,0.9960898756980896,0.010751385241746902,0.5787934064865112,0.25538158416748047,0.1658249944448471,0.03661128878593445,0.11920291930437088,0.9988107681274414,0.9867833852767944,0.14285714285714285,0.31578949093818665,0.2744360864162445,0.223308265209198,0.18646617233753204
4,0.2426968145013156,9.933127403259277,15.114444732666016,8.282506942749023,8.282506942749023,0.5314834117889404,0.7343161702156067,91.38292694091797,15674.0,8.558769226074219,1468.0,0.0,0.0,0.05830223858356476,10.0,0.0,0.0,5.803677082061768,8.520766258239746,4.905606269836426,4.905606269836426,0.8509014248847961,0.923145592212677,98.18096923828125,4210.0,1.7257462739944458,74.0,0.0,0.0,0.09328357875347137,4.0,0.0,0.0,9.404541969299316,13.821086883544922,7.853582382202148,7.853582382202148,0.6081444621086121,0.7818527817726135,92.77052307128906,3978.0,7.182835578918457,308.0,0.0,0.0,0.04664178937673569,2.0,0.0,0.0,11.543367385864258,16.97356605529785,9.5965576171875,9.5965576171875,0.40918850898742676,0.6527727246284485,89.10913848876953,3821.0,10.844216346740723,465.0,0.0,0.0,0.04664178937673569,2.0,0.0,0.0,12.980925559997559,19.027822494506836,10.77428150177002,10.77428150177002,0.25853151082992554,0.5483769178390503,85.47108459472656,3665.0,14.48227596282959,621.0,0.0,0.0,0.04664178937673569,2.0,0.0,0.0,0.9937350749969482,0.010597742162644863,0.5385449528694153,0.25975170731544495,0.20170332491397858,0.05067991092801094,0.11920291930437088,0.9921051859855652,0.9704577326774597,0.21428571428571427,0.30701756477355957,0.26998746395111084,0.22662906348705292,0.19636592268943787
5,0.24110350693760493,9.808104515075684,14.943707466125488,8.206742286682129,8.206742286682129,0.542008638381958,0.74057537317276,91.35961151123047,15670.0,8.576258659362793,1471.0,0.0,0.0,0.064132459461689,11.0,0.0,0.0,5.563315391540527,8.152557373046875,4.72968053817749,4.72968053817749,0.8635090589523315,0.9293901324272156,98.36753845214844,4218.0,1.5391790866851807,66.0,0.0,0.0,0.09328357875347137,4.0,0.0,0.0,9.293381690979004,13.621461868286133,7.799041271209717,7.799041271209717,0.6193822622299194,0.7880237698554993,92.7938461303711,3979.0,7.136193752288818,306.0,0.0,0.0,0.06996268779039383,3.0,0.0,0.0,11.474727630615234,16.864429473876953,9.561690330505371,9.561690330505371,0.4167616367340088,0.6571797728538513,88.68936157226562,3803.0,11.263992309570312,483.0,0.0,0.0,0.04664178937673569,2.0,0.0,0.0,12.90099048614502,18.890213012695312,10.736557006835938,10.736557006835938,0.26921719312667847,0.5548069477081299,85.58768463134766,3670.0,14.365671157836914,616.0,0.0,0.0,0.04664178937673569,2.0,0.0,0.0,0.9870778322219849,0.010521692223846912,0.38614097237586975,0.3531748950481415,0.2606841027736664,0.0806567594408989,0.11920291930437088,0.9853828549385071,0.9441217184066772,0.2857142857142857,0.2982456088066101,0.2655388414859772,0.22994986176490784,0.2062656730413437
6,0.23368197444084368,9.636566162109375,14.750160217285156,8.061066627502441,8.061066627502441,0.5537953972816467,0.7488589286804199,91.53451538085938,15700.0,8.407182693481445,1442.0,0.0,0.0,0.05830223858356476,10.0,0.0,0.0,5.087433815002441,7.387499809265137,4.324520111083984,4.324520111083984,0.8879243731498718,0.942455530166626,98.8572769165039,4239.0,1.0727611780166626,46.0,0.0,0.0,0.06996268779039383,3.0,0.0,0.0,9.05945873260498,13.248214721679688,7.595381259918213,7.595381259918213,0.6399554014205933,0.8014224171638489,93.02704620361328,3989.0,6.902985095977783,296.0,0.0,0.0,0.06996268779039383,3.0,0.0,0.0,11.458856582641602,16.796146392822266,9.556716918945312,9.556716918945312,0.42147505283355713,0.6605504155158997,88.68936157226562,3803.0,11.263992309570312,483.0,0.0,0.0,0.04664178937673569,2.0,0.0,0.0,12.940521240234375,18.922685623168945,10.767651557922363,10.767651557922363,0.26670271158218384,0.5527414679527283,85.56436157226562,3669.0,14.388992309570312,617.0,0.0,0.0,0.04664178937673569,2.0,0.0,0.0,0.980746328830719,0.010482493788003922,0.31309667229652405,0.41613221168518066,0.27077117562294006,0.12519507110118866,0.11920291930437088,0.9809620976448059,0.9149746298789978,0.35714285714285715,0.28947368264198303,0.2610902190208435,0.23327067494392395,0.2161654233932495
7,0.22984319857126614,9.44941520690918,14.495903968811035,7.904008865356445,7.904008865356445,0.5690457224845886,0.7586463689804077,91.87266540527344,15758.0,8.074860572814941,1385.0,0.0,0.0,0.05247201770544052,9.0,0.0,0.0,4.896423816680908,6.989189624786377,4.1750359535217285,4.1750359535217285,0.8996840715408325,0.948901891708374,99.0438461303711,4247.0,0.8861940503120422,38.0,0.0,0.0,0.06996268779039383,3.0,0.0,0.0,8.865628242492676,12.89169979095459,7.441727638244629,7.441727638244629,0.6590725183486938,0.8133652210235596,93.68003845214844,4017.0,6.25,268.0,0.0,0.0,0.06996268779039383,3.0,0.0,0.0,11.277896881103516,16.571197509765625,9.398322105407715,9.398322105407715,0.43686747550964355,0.6707279086112976,89.08582305908203,3820.0,10.890857696533203,467.0,0.0,0.0,0.023320894688367844,1.0,0.0,0.0,12.757710456848145,18.731678009033203,10.600951194763184,10.600951194763184,0.28143197298049927,0.561336100101471,85.68096923828125,3674.0,14.272387504577637,612.0,0.0,0.0,0.04664178937673569,2.0,0.0,0.0,0.971260666847229,0.010481135919690132,0.2697116434574127,0.45335885882377625,0.2769296169281006,0.14291146397590637,0.11920291930437088,0.9802215099334717,0.9010655879974365,0.42857142857142855,0.28070175647735596,0.25664159655570984,0.23659147322177887,0.22606515884399414
8,0.22621263645311754,9.403257369995117,14.425764083862305,7.8576250076293945,7.8576250076293945,0.5732060670852661,0.7611651420593262,91.89598846435547,15762.0,8.057369232177734,1382.0,0.0,0.0,0.04664178937673569,8.0,0.0,0.0,4.826048851013184,6.823099136352539,4.129876136779785,4.129876136779785,0.9043952226638794,0.9511752724647522,99.13713073730469,4251.0,0.7929104566574097,34.0,0.0,0.0,0.06996268779039383,3.0,0.0,0.0,8.808076858520508,12.775704383850098,7.397299289703369,7.397299289703369,0.6651800870895386,0.8170406222343445,93.88993072509766,4026.0,6.040112018585205,259.0,0.0,0.0,0.06996268779039383,3.0,0.0,0.0,11.23857593536377,16.517126083374023,9.353506088256836,9.353506088256836,0.4405364990234375,0.6725585460662842,88.6427230834961,3801.0,11.333954811096191,486.0,0.0,0.0,0.023320894688367844,1.0,0.0,0.0,12.740330696105957,18.703527450561523,10.549818992614746,10.549818992614746,0.2835901379585266,0.5612785220146179,85.91417694091797,3684.0,14.0625,603.0,0.0,0.0,0.023320894688367844,1.0,0.0,0.0,0.9622910022735596,0.01052174624055624,0.29136690497398376,0.47288331389427185,0.23574979603290558,0.15189455449581146,0.11920291930437088,0.9814551472663879,0.8910999298095703,0.5,0.2719298303127289,0.25219297409057617,0.2399122714996338,0.23596492409706116
9,0.2254097295031181,9.445712089538574,14.469860076904297,7.904512405395508,7.904512405395508,0.5705928802490234,0.759243905544281,91.93096923828125,15768.0,8.028218269348145,1377.0,0.0,0.0,0.04081156849861145,7.0,0.0,0.0,4.8235602378845215,6.798605442047119,4.134505748748779,4.134505748748779,0.9050804376602173,0.9516205191612244,99.13713073730469,4251.0,0.7929104566574097,34.0,0.0,0.0,0.06996268779039383,3.0,0.0,0.0,8.870240211486816,12.828099250793457,7.457434177398682,7.457434177398682,0.6624281406402588,0.8155038952827454,93.77332305908203,4021.0,6.156716346740723,264.0,0.0,0.0,0.06996268779039383,3.0,0.0,0.0,11.32439136505127,16.600296020507812,9.438959121704102,9.438959121704102,0.4348881244659424,0.6674486994743347,88.75932312011719,3806.0,11.217350959777832,481.0,0.0,0.0,0.023320894688367844,1.0,0.0,0.0,12.76465892791748,18.73917007446289,10.587150573730469,10.587150573730469,0.2808570861816406,0.5564664006233215,86.05410766601562,3690.0,13.945895195007324,598.0,0.0,0.0,0.0,0.0,0.0,0.0,0.9506996870040894,0.01054304838180542,0.3114102780818939,0.4972071647644043,0.19138260185718536,0.16913928091526031,0.11920291930437088,0.9818093180656433,0.8831351399421692,0.5714285714285714,0.2631579041481018,0.2477443516254425,0.2432330846786499,0.24586467444896698
10,0.2243661521078659,9.37808609008789,14.407512664794922,7.85907506942749,7.85907506942749,0.5742853283882141,0.7616838812828064,92.03008270263672,15785.0,7.923274517059326,1359.0,0.0,0.0,0.04664178937673569,8.0,0.0,0.0,4.792848110198975,6.766050338745117,4.109243869781494,4.109243869781494,0.9059872627258301,0.9520208835601807,99.13713073730469,4251.0,0.7929104566574097,34.0,0.0,0.0,0.06996268779039383,3.0,0.0,0.0,8.867609977722168,12.845934867858887,7.455639362335205,7.455639362335205,0.6614887714385986,0.8148369193077087,93.8432846069336,4024.0,6.086753845214844,261.0,0.0,0.0,0.06996268779039383,3.0,0.0,0.0,11.221221923828125,16.549026489257812,9.362702369689941,9.362702369689941,0.438373327255249,0.6705415844917297,88.85261535644531,3810.0,11.124067306518555,477.0,0.0,0.0,0.023320894688367844,1.0,0.0,0.0,12.63066291809082,18.591341018676758,10.508710861206055,10.508710861206055,0.2921585440635681,0.5656406879425049,86.28731536865234,3700.0,13.689366340637207,587.0,0.0,0.0,0.023320894688367844,1.0,0.0,0.0,0.9456589221954346,0.010555069893598557,0.3037179112434387,0.48031774163246155,0.21596437692642212,0.16423822939395905,0.11920291930437088,0.985783040523529,0.8907223343849182,0.6428571428571429,0.25438597798347473,0.24329572916030884,0.24655388295650482,0.2557644248008728
11,0.22090852798528615,9.500750541687012,14.621550559997559,7.952637195587158,7.952637195587158,0.5615426301956177,0.7531563639640808,91.66278076171875,15722.0,8.284748077392578,1421.0,0.0,0.0,0.05247201770544052,9.0,0.0,0.0,4.79745626449585,6.7713751792907715,4.117063999176025,4.117063999176025,0.9058392643928528,0.9519222378730774,99.16045379638672,4252.0,0.7695895433425903,33.0,0.0,0.0,0.06996268779039383,3.0,0.0,0.0,8.963935852050781,12.991448402404785,7.53718900680542,7.53718900680542,0.6537763476371765,0.8098070025444031,93.35354614257812,4003.0,6.576492786407471,282.0,0.0,0.0,0.06996268779039383,3.0,0.0,0.0,11.406055450439453,16.83746337890625,9.50781536102295,9.50781536102295,0.4186254143714905,0.6559505462646484,88.4561538696289,3793.0,11.520522117614746,494.0,0.0,0.0,0.023320894688367844,1.0,0.0,0.0,12.835554122924805,18.895227432250977,10.648479461669922,10.648479461669922,0.268829345703125,0.5460919141769409,85.68096923828125,3674.0,14.272387504577637,612.0,0.0,0.0,0.04664178937673569,2.0,0.0,0.0,0.9403261542320251,0.010582377202808857,0.3128527104854584,0.43134403228759766,0.25580331683158875,0.16179700195789337,0.11920291930437088,0.9850396513938904,0.894609808921814,0.7142857142857143,0.24561403691768646,0.23884710669517517,0.24987469613552094,0.26566416025161743
12,0.21856930506019012,9.62136173248291,14.853578567504883,8.042813301086426,8.042813301086426,0.5475164651870728,0.7443788647651672,91.39459228515625,15676.0,8.56459903717041,1469.0,0.0,0.0,0.04081156849861145,7.0,0.0,0.0,4.803122043609619,6.807786464691162,4.1157917976379395,4.1157917976379395,0.904823899269104,0.9513590931892395,99.16045379638672,4252.0,0.7695895433425903,33.0,0.0,0.0,0.06996268779039383,3.0,0.0,0.0,9.086146354675293,13.233708381652832,7.625941276550293,7.625941276550293,0.6407433748245239,0.8018879890441895,93.05036926269531,3990.0,6.879664421081543,295.0,0.0,0.0,0.06996268779039383,3.0,0.0,0.0,11.588067054748535,17.134536743164062,9.650036811828613,9.650036811828613,0.397929310798645,0.641685962677002,88.1063461303711,3778.0,11.870335578918457,509.0,0.0,0.0,0.023320894688367844,1.0,0.0,0.0,13.008111953735352,19.16887855529785,10.779483795166016,10.779483795166016,0.24749749898910522,0.5305888056755066,85.26119232177734,3656.0,14.738805770874023,632.0,0.0,0.0,0.0,0.0,0.0,0.0,0.9353063106536865,0.010599794797599316,0.341742604970932,0.4099747836589813,0.24828267097473145,0.14927877485752106,0.11920291930437088,0.9797971844673157,0.9134920239448547,0.7857142857142857,0.23684212565422058,0.2343984991312027,0.25319552421569824,0.27556392550468445
13,0.21624682234642453,9.623775482177734,14.7555513381958,8.09056568145752,8.09056568145752,0.553469181060791,0.7479209303855896,91.4354019165039,15683.0,8.523787498474121,1462.0,0.0,0.0,0.04081156849861145,7.0,0.0,0.0,4.82521390914917,6.840908050537109,4.145181655883789,4.145181655883789,0.9038954973220825,0.9507750868797302,99.18376922607422,4253.0,0.746268630027771,32.0,0.0,0.0,0.06996268779039383,3.0,0.0,0.0,9.131942749023438,13.203593254089355,7.7023820877075195,7.7023820877075195,0.6423766613006592,0.8025703430175781,93.09701538085938,3992.0,6.833022117614746,293.0,0.0,0.0,0.06996268779039383,3.0,0.0,0.0,11.597962379455566,17.024789810180664,9.717884063720703,9.717884063720703,0.4056171178817749,0.6470386385917664,88.08302307128906,3777.0,11.893656730651855,510.0,0.0,0.0,0.023320894688367844,1.0,0.0,0.0,12.939985275268555,18.97178840637207,10.796815872192383,10.796815872192383,0.2628920078277588,0.5421679615974426,85.37779998779297,3661.0,14.622200965881348,627.0,0.0,0.0,0.0,0.0,0.0,0.0,0.9344462156295776,0.010601981543004513,0.35800984501838684,0.40053895115852356,0.2414511889219284,0.15281017124652863,0.11920291930437088,0.9787703156471252,0.9157530069351196,0.8571428571428571,0.22807016968727112,0.22994986176490784,0.25651630759239197,0.2854636609554291
14,0.21340899779740052,9.714652061462402,14.88742733001709,8.151885986328125,8.151885986328125,0.5454518795013428,0.74357008934021,91.20802307128906,15644.0,8.751165390014648,1501.0,0.0,0.0,0.04081156849861145,7.0,0.0,0.0,4.837703227996826,6.86275053024292,4.1527791023254395,4.1527791023254395,0.9032808542251587,0.9505631923675537,99.09048461914062,4249.0,0.8395522832870483,36.0,0.0,0.0,0.06996268779039383,3.0,0.0,0.0,9.189939498901367,13.333450317382812,7.735121250152588,7.735121250152588,0.6353076100349426,0.7986723184585571,92.72388458251953,3976.0,7.2061567306518555,309.0,0.0,0.0,0.06996268779039383,3.0,0.0,0.0,11.73571491241455,17.19078254699707,9.817927360534668,9.817927360534668,0.3939701318740845,0.6400859355926514,87.80317687988281,3765.0,12.173507690429688,522.0,0.0,0.0,0.023320894688367844,1.0,0.0,0.0,13.09524917602539,19.134801864624023,10.901712417602539,10.901712417602539,0.2501705288887024,0.5353211164474487,85.21454620361328,3654.0,14.78544807434082,634.0,0.0,0.0,0.0,0.0,0.0,0.0,0.9326354265213013,0.01061423122882843,0.33326926827430725,0.4215283691883087,0.24520237743854523,0.1550934761762619,0.11920291930437088,0.9780368804931641,0.919302761554718,0.9285714285714286,0.21929824352264404,0.22550123929977417,0.2598370909690857,0.2953633964061737
15,0.2087004357208468,9.66693115234375,14.934893608093262,8.110298156738281,8.110298156738281,0.5425487756729126,0.7419022917747498,91.13223266601562,15631.0,8.826959609985352,1514.0,0.0,0.0,0.04081156849861145,7.0,0.0,0.0,4.801511764526367,6.846292495727539,4.125222682952881,4.125222682952881,0.9037441611289978,0.9507662057876587,99.13713073730469,4251.0,0.7929104566574097,34.0,0.0,0.0,0.06996268779039383,3.0,0.0,0.0,9.120323181152344,13.342455863952637,7.67301082611084,7.67301082611084,0.6348148584365845,0.7982988953590393,92.88713073730469,3983.0,7.042910099029541,302.0,0.0,0.0,0.06996268779039383,3.0,0.0,0.0,11.687713623046875,17.277023315429688,9.768269538879395,9.768269538879395,0.3878743648529053,0.6366549134254456,87.80317687988281,3765.0,12.173507690429688,522.0,0.0,0.0,0.023320894688367844,1.0,0.0,0.0,13.058176040649414,19.20457649230957,10.874690055847168,10.874690055847168,0.24469208717346191,0.5325462222099304,84.70149230957031,3632.0,15.298507690429688,656.0,0.0,0.0,0.0,0.0,0.0,0.0,0.9299087524414062,0.010640518739819527,0.33143144845962524,0.4213201105594635,0.24724842607975006,0.15843291580677032,0.11920291930437088,0.9786622524261475,0.9168729186058044,1.0,0.21052631735801697,0.2210526168346405,0.2631579041481018,0.3052631616592407
16,0.20395464971014537,9.744081497192383,15.085060119628906,8.177759170532227,8.177759170532227,0.5333033800125122,0.736720085144043,91.015625,15611.0,8.937732696533203,1533.0,0.0,0.0,0.04664178937673569,8.0,0.0,0.0,4.826383113861084,6.885971546173096,4.139011859893799,4.139011859893799,0.9026252031326294,0.9501928091049194,99.18376922607422,4253.0,0.746268630027771,32.0,0.0,0.0,0.06996268779039383,3.0,0.0,0.0,9.190814018249512,13.473276138305664,7.727941989898682,7.727941989898682,0.6276185512542725,0.794166088104248,92.65391540527344,3973.0,7.276119232177734,312.0,0.0,0.0,0.06996268779039383,3.0,0.0,0.0,11.79681396484375,17.498228073120117,9.865177154541016,9.865177154541016,0.3720993399620056,0.6278611421585083,87.63993072509766,3758.0,12.336753845214844,529.0,0.0,0.0,0.023320894688367844,1.0,0.0,0.0,13.162318229675293,19.3675594329834,10.978904724121094,10.978904724121094,0.23181766271591187,0.5259658098220825,84.58488464355469,3627.0,15.391790390014648,660.0,0.0,0.0,0.023320894688367844,1.0,0.0,0.0,0.9317811131477356,0.010642245411872864,0.36794528365135193,0.3701893985271454,0.2618653476238251,0.15203934907913208,0.11920291930437088,0.9780439734458923,0.9152033925056458,1.0,0.21052631735801697,0.2210526168346405,0.2631579041481018,0.3052631616592407
17,0.19723046394648566,9.76377010345459,15.094284057617188,8.198810577392578,8.198810577392578,0.5327324867248535,0.736022412776947,90.93400573730469,15597.0,9.019355773925781,1547.0,0.0,0.0,0.04664178937673569,8.0,0.0,0.0,4.8149333000183105,6.861913204193115,4.131941795349121,4.131941795349121,0.9033044576644897,0.9505070447921753,99.23040771484375,4255.0,0.6996268630027771,30.0,0.0,0.0,0.06996268779039383,3.0,0.0,0.0,9.19113826751709,13.480267524719238,7.730045318603516,7.730045318603516,0.627232015132904,0.7938476204872131,92.7005615234375,3975.0,7.229477882385254,310.0,0.0,0.0,0.06996268779039383,3.0,0.0,0.0,11.815339088439941,17.500932693481445,9.885090827941895,9.885090827941895,0.37190526723861694,0.6269266605377197,87.52332305908203,3753.0,12.453357696533203,534.0,0.0,0.0,0.023320894688367844,1.0,0.0,0.0,13.233668327331543,19.397512435913086,11.048168182373047,11.048168182373047,0.2294396162033081,0.5225294232368469,84.2817153930664,3614.0,15.694962501525879,673.0,0.0,0.0,0.023320894688367844,1.0,0.0,0.0,0.9310227632522583,0.010653097182512283,0.34518370032310486,0.3819237947463989,0.2728925943374634,0.14979830384254456,0.11920291930437088,0.9712880253791809,0.9250655174255371,1.0,0.21052631735801697,0.2210526168346405,0.2631579041481018,0.3052631616592407
18,0.19180111110332868,9.875741958618164,15.166207313537598,8.316293716430664,8.316293716430664,0.5282688736915588,0.7336265444755554,90.61917114257812,15543.0,9.340019226074219,1602.0,0.0,0.0,0.04081156849861145,7.0,0.0,0.0,4.8299407958984375,6.852785587310791,4.153631210327148,4.153631210327148,0.9035614728927612,0.9506305456161499,99.20709228515625,4254.0,0.7229477763175964,31.0,0.0,0.0,0.06996268779039383,3.0,0.0,0.0,9.256759643554688,13.478492736816406,7.809004306793213,7.809004306793213,0.6273301839828491,0.7937736511230469,92.58395385742188,3970.0,7.346081733703613,315.0,0.0,0.0,0.06996268779039383,3.0,0.0,0.0,11.976702690124512,17.6072940826416,10.048775672912598,10.048775672912598,0.3642476201057434,0.6227937936782837,87.0802230834961,3734.0,12.896455764770508,553.0,0.0,0.0,0.023320894688367844,1.0,0.0,0.0,13.439562797546387,19.52967071533203,11.253766059875488,11.253766059875488,0.21890407800674438,0.518162190914154,83.60540771484375,3585.0,16.394590377807617,703.0,0.0,0.0,0.0,0.0,0.0,0.0,0.9305402040481567,0.010660994797945023,0.3441820442676544,0.3700070381164551,0.2858109772205353,0.1452532559633255,0.11920291930437088,0.9697226881980896,0.9354632496833801,1.0,0.21052631735801697,0.2210526168346405,0.2631579041481018,0.3052631616592407
step,fold14/test_loss,fold14/test_mae,fold14/test_rmse,fold14/test_mard,fold14/test_mape,fold14/test_r2,fold14/test_pearson,fold14/test_ega_zone_a_pct,fold14/test_ega_zone_a_count,fold14/test_ega_zone_b_pct,fold14/test_ega_zone_b_count,fold14/test_ega_zone_c_pct,fold14/test_ega_zone_c_count,fold14/test_ega_zone_d_pct,fold14/test_ega_zone_d_count,fold14/test_ega_zone_e_pct,fold14/test_ega_zone_e_count,fold14/test_horizon_15_mae,fold14/test_horizon_15_rmse,fold14/test_horizon_15_mard,fold14/test_horizon_15_mape,fold14/test_horizon_15_r2,fold14/test_horizon_15_pearson,fold14/test_horizon_15_ega_zone_a_pct,fold14/test_horizon_15_ega_zone_a_count,fold14/test_horizon_15_ega_zone_b_pct,fold14/test_horizon_15_ega_zone_b_count,fold14/test_horizon_15_ega_zone_c_pct,fold14/test_horizon_15_ega_zone_c_count,fold14/test_horizon_15_ega_zone_d_pct,fold14/test_horizon_15_ega_zone_d_count,fold14/test_horizon_15_ega_zone_e_pct,fold14/test_horizon_15_ega_zone_e_count,fold14/test_horizon_30_mae,fold14/test_horizon_30_rmse,fold14/test_horizon_30_mard,fold14/test_horizon_30_mape,fold14/test_horizon_30_r2,fold14/test_horizon_30_pearson,fold14/test_horizon_30_ega_zone_a_pct,fold14/test_horizon_30_ega_zone_a_count,fold14/test_horizon_30_ega_zone_b_pct,fold14/test_horizon_30_ega_zone_b_count,fold14/test_horizon_30_ega_zone_c_pct,fold14/test_horizon_30_ega_zone_c_count,fold14/test_horizon_30_ega_zone_d_pct,fold14/test_horizon_30_ega_zone_d_count,fold14/test_horizon_30_ega_zone_e_pct,fold14/test_horizon_30_ega_zone_e_count,fold14/test_horizon_45_mae,fold14/test_horizon_45_rmse,fold14/test_horizon_45_mard,fold14/test_horizon_45_mape,fold14/test_horizon_45_r2,fold14/test_horizon_45_pearson,fold14/test_horizon_45_ega_zone_a_pct,fold14/test_horizon_45_ega_zone_a_count,fold14/test_horizon_45_ega_zone_b_pct,fold14/test_horizon_45_ega_zone_b_count,fold14/test_horizon_45_ega_zone_c_pct,fold14/test_horizon_45_ega_zone_c_count,fold14/test_horizon_45_ega_zone_d_pct,fold14/test_horizon_45_ega_zone_d_count,fold14/test_horizon_45_ega_zone_e_pct,fold14/test_horizon_45_ega_zone_e_count,fold14/test_horizon_60_mae,fold14/test_horizon_60_rmse,fold14/test_horizon_60_mard,fold14/test_horizon_60_mape,fold14/test_horizon_60_r2,fold14/test_horizon_60_pearson,fold14/test_horizon_60_ega_zone_a_pct,fold14/test_horizon_60_ega_zone_a_count,fold14/test_horizon_60_ega_zone_b_pct,fold14/test_horizon_60_ega_zone_b_count,fold14/test_horizon_60_ega_zone_c_pct,fold14/test_horizon_60_ega_zone_c_count,fold14/test_horizon_60_ega_zone_d_pct,fold14/test_horizon_60_ega_zone_d_count,fold14/test_horizon_60_ega_zone_e_pct,fold14/test_horizon_60_ega_zone_e_count
0,0.29904572674182067,10.998556137084961,16.902671813964844,8.954458236694336,8.954458236694336,0.3942793607711792,0.649462878704071,88.12322235107422,4949.0,11.823362350463867,664.0,0.0,0.0,0.053418807685375214,3.0,0.0,0.0,5.435349464416504,7.83550500869751,4.5160627365112305,4.5160627365112305,0.8681350350379944,0.9324403405189514,99.00285339355469,1390.0,0.9971509575843811,14.0,0.0,0.0,0.0,0.0,0.0,0.0,10.284049034118652,15.279576301574707,8.421422958374023,8.421422958374023,0.4994564652442932,0.7177681922912598,90.2421646118164,1267.0,9.686609268188477,136.0,0.0,0.0,0.07122506946325302,1.0,0.0,0.0,13.294797897338867,19.473979949951172,10.781033515930176,10.781033515930176,0.1975499987602234,0.5037975907325745,83.47578430175781,1172.0,16.452991485595703,231.0,0.0,0.0,0.07122506946325302,1.0,0.0,0.0,14.980026245117188,21.649585723876953,12.09931468963623,12.09931468963623,0.027591347694396973,0.36077991127967834,79.77207946777344,1120.0,20.156694412231445,283.0,0.0,0.0,0.07122506946325302,1.0,0.0,0.0
step,fold15/train_loss,fold15/val_mae,fold15/val_rmse,fold15/val_mard,fold15/val_mape,fold15/val_r2,fold15/val_pearson,fold15/val_ega_zone_a_pct,fold15/val_ega_zone_a_count,fold15/val_ega_zone_b_pct,fold15/val_ega_zone_b_count,fold15/val_ega_zone_c_pct,fold15/val_ega_zone_c_count,fold15/val_ega_zone_d_pct,fold15/val_ega_zone_d_count,fold15/val_ega_zone_e_pct,fold15/val_ega_zone_e_count,fold15/val_horizon_15_mae,fold15/val_horizon_15_rmse,fold15/val_horizon_15_mard,fold15/val_horizon_15_mape,fold15/val_horizon_15_r2,fold15/val_horizon_15_pearson,fold15/val_horizon_15_ega_zone_a_pct,fold15/val_horizon_15_ega_zone_a_count,fold15/val_horizon_15_ega_zone_b_pct,fold15/val_horizon_15_ega_zone_b_count,fold15/val_horizon_15_ega_zone_c_pct,fold15/val_horizon_15_ega_zone_c_count,fold15/val_horizon_15_ega_zone_d_pct,fold15/val_horizon_15_ega_zone_d_count,fold15/val_horizon_15_ega_zone_e_pct,fold15/val_horizon_15_ega_zone_e_count,fold15/val_horizon_30_mae,fold15/val_horizon_30_rmse,fold15/val_horizon_30_mard,fold15/val_horizon_30_mape,fold15/val_horizon_30_r2,fold15/val_horizon_30_pearson,fold15/val_horizon_30_ega_zone_a_pct,fold15/val_horizon_30_ega_zone_a_count,fold15/val_horizon_30_ega_zone_b_pct,fold15/val_horizon_30_ega_zone_b_count,fold15/val_horizon_30_ega_zone_c_pct,fold15/val_horizon_30_ega_zone_c_count,fold15/val_horizon_30_ega_zone_d_pct,fold15/val_horizon_30_ega_zone_d_count,fold15/val_horizon_30_ega_zone_e_pct,fold15/val_horizon_30_ega_zone_e_count,fold15/val_horizon_45_mae,fold15/val_horizon_45_rmse,fold15/val_horizon_45_mard,fold15/val_horizon_45_mape,fold15/val_horizon_45_r2,fold15/val_horizon_45_pearson,fold15/val_horizon_45_ega_zone_a_pct,fold15/val_horizon_45_ega_zone_a_count,fold15/val_horizon_45_ega_zone_b_pct,fold15/val_horizon_45_ega_zone_b_count,fold15/val_horizon_45_ega_zone_c_pct,fold15/val_horizon_45_ega_zone_c_count,fold15/val_horizon_45_ega_zone_d_pct,fold15/val_horizon_45_ega_zone_d_count,fold15/val_horizon_45_ega_zone_e_pct,fold15/val_horizon_45_ega_zone_e_count,fold15/val_horizon_60_mae,fold15/val_horizon_60_rmse,fold15/val_horizon_60_mard,fold15/val_horizon_60_mape,fold15/val_horizon_60_r2,fold15/val_horizon_60_pearson,fold15/val_horizon_60_ega_zone_a_pct,fold15/val_horizon_60_ega_zone_a_count,fold15/val_horizon_60_ega_zone_b_pct,fold15/val_horizon_60_ega_zone_b_count,fold15/val_horizon_60_ega_zone_c_pct,fold15/val_horizon_60_ega_zone_c_count,fold15/val_horizon_60_ega_zone_d_pct,fold15/val_horizon_60_ega_zone_d_count,fold15/val_horizon_60_ega_zone_e_pct,fold15/val_horizon_60_ega_zone_e_count,fold15/diag_graph_prior_weight,fold15/diag_graph_residual_mean,fold15/diag_fusion_gate_cgm,fold15/diag_fusion_gate_cgm_guided,fold15/diag_fusion_gate_physio,fold15/diag_horizon_query_similarity,fold15/diag_horizon_progressive_gate,fold15/diag_horizon_attention_similarity,fold15/diag_horizon_attention_entropy,fold15/diag_horizon_curriculum_progress,fold15/diag_loss_horizon_weight_0,fold15/diag_loss_horizon_weight_1,fold15/diag_loss_horizon_weight_2,fold15/diag_loss_horizon_weight_3
1,0.24732601242875554,11.638108253479004,18.737720489501953,10.14933967590332,10.14933967590332,0.4489366412162781,0.6977989077568054,86.44624328613281,18171.0,12.87821102142334,2707.0,0.004757374059408903,1.0,0.6707897186279297,141.0,0.0,0.0,6.742087364196777,10.342607498168945,5.911342620849609,5.911342620849609,0.8325481414794922,0.9130301475524902,95.79447937011719,5034.0,3.9200761318206787,206.0,0.0,0.0,0.28544244170188904,15.0,0.0,0.0,10.989755630493164,16.94548988342285,9.582657814025879,9.582657814025879,0.5497244596481323,0.7556262016296387,87.23120880126953,4584.0,12.159847259521484,639.0,0.0,0.0,0.6089438796043396,32.0,0.0,0.0,13.494558334350586,21.002485275268555,11.707442283630371,11.707442283630371,0.3068297505378723,0.6114509701728821,82.75927734375,4349.0,16.422454833984375,863.0,0.0,0.0,0.8182682991027832,43.0,0.0,0.0,15.326028823852539,23.857603073120117,13.395913124084473,13.395913124084473,0.10457170009613037,0.48740214109420776,80.0,4204.0,19.010465621948242,999.0,0.019029496237635612,1.0,0.9705042243003845,51.0,0.0,0.0,1.0020406246185303,0.011671870946884155,0.49227142333984375,0.12582801282405853,0.3819005489349365,0.03834747150540352,0.11920291930437088,0.9998958110809326,0.9999700784683228,0.0,0.3333333432674408,0.28333333134651184,0.21666665375232697,0.1666666716337204
2,0.24321119054241436,11.611099243164062,18.581335067749023,10.134199142456055,10.134199142456055,0.4580966830253601,0.6960115432739258,86.8601303100586,18258.0,12.431017875671387,2613.0,0.004757374059408903,1.0,0.7040913105010986,148.0,0.0,0.0,6.731674671173096,10.242801666259766,5.901703834533691,5.901703834533691,0.8357642889022827,0.9142541885375977,95.96575164794922,5043.0,3.6917221546173096,194.0,0.0,0.0,0.34253090620040894,18.0,0.0,0.0,10.9789457321167,16.80984878540039,9.565520286560059,9.565520286560059,0.556904137134552,0.7542527914047241,87.63082885742188,4605.0,11.722168922424316,616.0,0.0,0.0,0.6470028758049011,34.0,0.0,0.0,13.470868110656738,20.826448440551758,11.711509704589844,11.711509704589844,0.31840091943740845,0.6066786050796509,83.4823989868164,4387.0,15.661275863647461,823.0,0.0,0.0,0.8563272953033447,45.0,0.0,0.0,15.262906074523926,23.660873413085938,13.358065605163574,13.358065605163574,0.11927807331085205,0.47964879870414734,80.36156463623047,4223.0,18.648906707763672,980.0,0.019029496237635612,1.0,0.9705042243003845,51.0,0.0,0.0,1.0028738975524902,0.011046507395803928,0.649251401424408,0.07266085594892502,0.2780877947807312,0.053055357187986374,0.11920291930437088,0.9875096678733826,0.9891238212585449,0.07142857142857142,0.3245614171028137,0.2788847088813782,0.21998745203018188,0.17656642198562622
3,0.24215947089358697,11.625040054321289,18.39639663696289,10.163860321044922,10.163860321044922,0.4688299894332886,0.6970945596694946,87.1027603149414,18309.0,12.183634757995605,2561.0,0.004757374059408903,1.0,0.7088487148284912,149.0,0.0,0.0,6.673879146575928,10.061043739318848,5.8557963371276855,5.8557963371276855,0.8415412902832031,0.9173566699028015,96.25119018554688,5058.0,3.4062798023223877,179.0,0.0,0.0,0.34253090620040894,18.0,0.0,0.0,10.9991455078125,16.659217834472656,9.586888313293457,9.586888313293457,0.5648096799850464,0.7558786869049072,87.95433044433594,4622.0,11.39866828918457,599.0,0.0,0.0,0.6470028758049011,34.0,0.0,0.0,13.526884078979492,20.658512115478516,11.786992073059082,11.786992073059082,0.32934892177581787,0.6034184098243713,83.4823989868164,4387.0,15.642245292663574,822.0,0.0,0.0,0.8753567934036255,46.0,0.0,0.0,15.300253868103027,23.413270950317383,13.42576789855957,13.42576789855957,0.13761454820632935,0.4706636667251587,80.7231216430664,4242.0,18.28734588623047,961.0,0.019029496237635612,1.0,0.9705042243003845,51.0,0.0,0.0,1.0059157609939575,0.010497722774744034,0.2880561649799347,0.0627533569931984,0.6491904854774475,0.06724391877651215,0.11920291930437088,0.9863839149475098,0.9346065521240234,0.14285714285714285,0.31578949093818665,0.2744360864162445,0.223308265209198,0.18646617233753204
4,0.238296655180202,11.510354995727539,18.17186164855957,10.11357307434082,10.11357307434082,0.48171722888946533,0.7038898468017578,87.36441802978516,18364.0,11.936250686645508,2509.0,0.0,0.0,0.6993339657783508,147.0,0.0,0.0,6.467373847961426,9.691741943359375,5.707918643951416,5.707918643951416,0.8529605865478516,0.9236474633216858,96.5176010131836,5072.0,3.1588964462280273,166.0,0.0,0.0,0.32350143790245056,17.0,0.0,0.0,10.873950004577637,16.42181968688965,9.518590927124023,9.518590927124023,0.5771243572235107,0.7629862427711487,88.37297821044922,4644.0,10.980018615722656,577.0,0.0,0.0,0.6470028758049011,34.0,0.0,0.0,13.471735000610352,20.463254928588867,11.808945655822754,11.808945655822754,0.34196656942367554,0.6093704700469971,83.90104675292969,4409.0,15.242626190185547,801.0,0.0,0.0,0.8563272953033447,45.0,0.0,0.0,15.228361129760742,23.2059326171875,13.41883373260498,13.41883373260498,0.15282076597213745,0.47513359785079956,80.66603088378906,4239.0,18.36346435546875,965.0,0.0,0.0,0.9705042243003845,51.0,0.0,0.0,1.004858374595642,0.010182552970945835,0.12282911688089371,0.23878951370716095,0.6383814215660095,0.08663907647132874,0.11920291930437088,0.9940252304077148,0.9407024383544922,0.21428571428571427,0.30701756477355957,0.26998746395111084,0.22662906348705292,0.19636592268943787
5,0.2320646819965317,11.134222984313965,17.858030319213867,9.735021591186523,9.735021591186523,0.49946415424346924,0.7151510715484619,88.03996276855469,18506.0,11.2892484664917,2373.0,0.0,0.0,0.6707897186279297,141.0,0.0,0.0,5.795795917510986,8.7557954788208,5.105494022369385,5.105494022369385,0.879988968372345,0.9380952715873718,97.3739242553711,5117.0,2.3596575260162354,124.0,0.0,0.0,0.2664129436016083,14.0,0.0,0.0,10.506302833557129,15.979292869567871,9.157585144042969,9.157585144042969,0.5996081829071045,0.7766517400741577,88.84871673583984,4669.0,10.561369895935059,555.0,0.0,0.0,0.5899143815040588,31.0,0.0,0.0,13.234678268432617,20.275543212890625,11.53518295288086,11.53518295288086,0.35398364067077637,0.6157517433166504,84.52902221679688,4442.0,14.614651679992676,768.0,0.0,0.0,0.8563272953033447,45.0,0.0,0.0,15.00011920928955,23.0767822265625,13.141827583312988,13.141827583312988,0.16222435235977173,0.4796029031276703,81.40818786621094,4278.0,17.621313095092773,926.0,0.0,0.0,0.9705042243003845,51.0,0.0,0.0,0.9967401623725891,0.010036292485892773,0.12846733629703522,0.31893762946128845,0.5525950193405151,0.11825243383646011,0.11920291930437088,0.9859983921051025,0.8826491236686707,0.2857142857142857,0.2982456088066101,0.2655388414859772,0.22994986176490784,0.2062656730413437
6,0.22716505576796753,10.972506523132324,17.67606544494629,9.586431503295898,9.586431503295898,0.5096126794815063,0.7217369675636292,88.20171356201172,18540.0,11.127497673034668,2339.0,0.0,0.0,0.6707897186279297,141.0,0.0,0.0,5.559352397918701,8.325569152832031,4.905606269836426,4.905606269836426,0.8914929628372192,0.9443823099136353,97.83063507080078,5141.0,1.902949571609497,100.0,0.0,0.0,0.2664129436016083,14.0,0.0,0.0,10.27345085144043,15.713319778442383,8.956450462341309,8.956450462341309,0.6128262281417847,0.7854103446006775,89.32444763183594,4694.0,10.08563232421875,530.0,0.0,0.0,0.5899143815040588,31.0,0.0,0.0,13.122099876403809,20.160274505615234,11.424250602722168,11.424250602722168,0.36130809783935547,0.6201248168945312,84.26261138916016,4428.0,14.881065368652344,782.0,0.0,0.0,0.8563272953033447,45.0,0.0,0.0,14.935127258300781,22.958940505981445,13.059420585632324,13.059420585632324,0.17075872421264648,0.4797753393650055,81.38915252685547,4277.0,17.640342712402344,927.0,0.0,0.0,0.9705042243003845,51.0,0.0,0.0,0.9912799596786499,0.009964670054614544,0.1418916881084442,0.39715179800987244,0.46095651388168335,0.15049529075622559,0.11920291930437088,0.9898467063903809,0.8370333909988403,0.35714285714285715,0.28947368264198303,0.2610902190208435,0.23327067494392395,0.2161654233932495
7,0.22367439302442327,10.854735374450684,17.41813850402832,9.478143692016602,9.478143692016602,0.5238195657730103,0.7290468811988831,88.40628051757812,18583.0,10.918172836303711,2295.0,0.0,0.0,0.6755470633506775,142.0,0.0,0.0,5.445988178253174,8.041879653930664,4.818114757537842,4.818114757537842,0.8987616300582886,0.9481627941131592,98.05899047851562,5153.0,1.6745957136154175,88.0,0.0,0.0,0.2664129436016083,14.0,0.0,0.0,10.173057556152344,15.46158504486084,8.877008438110352,8.877008438110352,0.6251322031021118,0.7922419309616089,89.41960144042969,4699.0,9.952425956726074,523.0,0.0,0.0,0.6279733777046204,33.0,0.0,0.0,13.019905090332031,19.9146785736084,11.324178695678711,11.324178695678711,0.37677454948425293,0.6268381476402283,84.3387222290039,4432.0,14.82397747039795,779.0,0.0,0.0,0.8372978568077087,44.0,0.0,0.0,14.77999496459961,22.654787063598633,12.893274307250977,12.893274307250977,0.19258427619934082,0.4875257909297943,81.80780029296875,4299.0,17.22169303894043,905.0,0.0,0.0,0.9705042243003845,51.0,0.0,0.0,0.9910242557525635,0.009918294847011566,0.10967663675546646,0.4601441025733948,0.43017932772636414,0.16379064321517944,0.11920291930437088,0.9932997226715088,0.8146448135375977,0.42857142857142855,0.28070175647735596,0.25664159655570984,0.23659147322177887,0.22606515884399414
8,0.22220787250515955,10.793489456176758,17.33531379699707,9.422142028808594,9.422142028808594,0.5283374786376953,0.7309637069702148,88.51094055175781,18605.0,10.837297439575195,2278.0,0.0,0.0,0.6517602205276489,137.0,0.0,0.0,5.387718677520752,7.962131023406982,4.773570537567139,4.773570537567139,0.9007595777511597,0.9491894245147705,98.24928283691406,5163.0,1.5033302307128906,79.0,0.0,0.0,0.24738344550132751,13.0,0.0,0.0,10.144100189208984,15.43149471282959,8.85049057006836,8.85049057006836,0.6265898942947388,0.792779266834259,89.62892150878906,4710.0,9.762131690979004,513.0,0.0,0.0,0.6089438796043396,32.0,0.0,0.0,12.958643913269043,19.842636108398438,11.267691612243652,11.267691612243652,0.381275475025177,0.6279481649398804,84.31969451904297,4431.0,14.86203670501709,781.0,0.0,0.0,0.8182682991027832,43.0,0.0,0.0,14.683491706848145,22.512121200561523,12.796815872192383,12.796815872192383,0.20272141695022583,0.4907800257205963,81.84586334228516,4301.0,17.22169303894043,905.0,0.0,0.0,0.9324452877044678,49.0,0.0,0.0,0.9818798303604126,0.009938660077750683,0.11392983794212341,0.4407481551170349,0.44532203674316406,0.1658237725496292,0.11920291930437088,0.9917027950286865,0.813444197177887,0.5,0.2719298303127289,0.25219297409057617,0.2399122714996338,0.23596492409706116
9,0.22121024593688693,10.749305725097656,17.254432678222656,9.350153923034668,9.350153923034668,0.532728374004364,0.7333661913871765,88.45384979248047,18593.0,10.903901100158691,2292.0,0.0,0.0,0.6422454714775085,135.0,0.0,0.0,5.304996967315674,7.840757369995117,4.701102256774902,4.701102256774902,0.9037621021270752,0.9508209824562073,98.24928283691406,5163.0,1.5223596096038818,80.0,0.0,0.0,0.22835393249988556,12.0,0.0,0.0,10.09846019744873,15.326322555541992,8.78857135772705,8.78857135772705,0.6316624879837036,0.7958291172981262,89.78115844726562,4718.0,9.628924369812012,506.0,0.0,0.0,0.5899143815040588,31.0,0.0,0.0,12.926186561584473,19.76397132873535,11.185348510742188,11.185348510742188,0.3861715793609619,0.6302468180656433,84.09133911132812,4419.0,15.090389251708984,793.0,0.0,0.0,0.8182682991027832,43.0,0.0,0.0,14.667579650878906,22.447128295898438,12.72559642791748,12.72559642791748,0.20731830596923828,0.49064382910728455,81.6936264038086,4293.0,17.373929977416992,913.0,0.0,0.0,0.9324452877044678,49.0,0.0,0.0,0.9747219085693359,0.009959552437067032,0.11767174303531647,0.526970386505127,0.3553578853607178,0.18129736185073853,0.11920291930437088,0.9951837062835693,0.8120834231376648,0.5714285714285714,0.2631579041481018,0.2477443516254425,0.2432330846786499,0.24586467444896698
10,0.2180470335234828,10.819722175598145,17.391277313232422,9.399654388427734,9.399654388427734,0.5252871513366699,0.7288798689842224,88.34442901611328,18570.0,11.013320922851562,2315.0,0.0,0.0,0.6422454714775085,135.0,0.0,0.0,5.3252668380737305,7.833856105804443,4.718861103057861,4.718861103057861,0.9039314389228821,0.9509323239326477,98.26831817626953,5164.0,1.5223596096038818,80.0,0.0,0.0,0.20932446420192719,11.0,0.0,0.0,10.150120735168457,15.427873611450195,8.829253196716309,8.829253196716309,0.6267651319503784,0.7930179834365845,89.49571990966797,4703.0,9.914366722106934,521.0,0.0,0.0,0.5899143815040588,31.0,0.0,0.0,13.023931503295898,19.94399642944336,11.254142761230469,11.254142761230469,0.3749382495880127,0.6226664781570435,83.97716522216797,4413.0,15.185538291931152,798.0,0.0,0.0,0.8372978568077087,44.0,0.0,0.0,14.779573440551758,22.64232063293457,12.796357154846191,12.796357154846191,0.19347262382507324,0.48061054944992065,81.63653564453125,4290.0,17.43101692199707,916.0,0.0,0.0,0.9324452877044678,49.0,0.0,0.0,0.9664932489395142,0.009997503831982613,0.1257259100675583,0.5407284498214722,0.33354559540748596,0.18293976783752441,0.11920291930437088,0.9950001239776611,0.8178943991661072,0.6428571428571429,0.25438597798347473,0.24329572916030884,0.24655388295650482,0.2557644248008728
11,0.21690632498388673,10.876726150512695,17.45738983154297,9.460816383361816,9.460816383361816,0.5216710567474365,0.7259429693222046,88.44434356689453,18591.0,10.922930717468262,2296.0,0.0,0.0,0.6327307224273682,133.0,0.0,0.0,5.332001686096191,7.873628616333008,4.727522373199463,4.727522373199463,0.9029535055160522,0.9503770470619202,98.11608123779297,5156.0,1.6745957136154175,88.0,0.0,0.0,0.20932446420192719,11.0,0.0,0.0,10.189507484436035,15.487590789794922,8.872167587280273,8.872167587280273,0.6238701343536377,0.7908908128738403,89.74310302734375,4716.0,9.686013221740723,509.0,0.0,0.0,0.5708848834037781,30.0,0.0,0.0,13.099215507507324,20.023801803588867,11.33604621887207,11.33604621887207,0.36992591619491577,0.6175256371498108,84.24357604980469,4427.0,14.938155174255371,785.0,0.0,0.0,0.8182682991027832,43.0,0.0,0.0,14.886177062988281,22.720687866210938,12.907530784606934,12.907530784606934,0.18787997961044312,0.47268548607826233,81.67459106445312,4292.0,17.392959594726562,914.0,0.0,0.0,0.9324452877044678,49.0,0.0,0.0,0.955428421497345,0.010051780380308628,0.1302734762430191,0.5739212036132812,0.29580533504486084,0.181776225566864,0.11920291930437088,0.9932298064231873,0.8210170269012451,0.7142857142857143,0.24561403691768646,0.23884710669517517,0.24987469613552094,0.26566416025161743
12,0.21430355943350785,10.940699577331543,17.52204132080078,9.520258903503418,9.520258903503418,0.5181216597557068,0.7237094044685364,88.21122741699219,18542.0,11.160799026489258,2346.0,0.0,0.0,0.6279733777046204,132.0,0.0,0.0,5.342740058898926,7.862318992614746,4.734933853149414,4.734933853149414,0.9032320976257324,0.950518786907196,98.19219970703125,5160.0,1.5984776020050049,84.0,0.0,0.0,0.20932446420192719,11.0,0.0,0.0,10.254997253417969,15.538707733154297,8.92829704284668,8.92829704284668,0.6213831901550293,0.7892434597015381,89.4576644897461,4701.0,9.971455574035645,524.0,0.0,0.0,0.5708848834037781,30.0,0.0,0.0,13.197808265686035,20.12010383605957,11.428833961486816,11.428833961486816,0.36385083198547363,0.6136519312858582,84.03425598144531,4416.0,15.147479057312012,796.0,0.0,0.0,0.8182682991027832,43.0,0.0,0.0,14.967248916625977,22.803546905517578,12.988970756530762,12.988970756530762,0.18194591999053955,0.47047680616378784,81.16080474853516,4265.0,17.925785064697266,942.0,0.0,0.0,0.9134157299995422,48.0,0.0,0.0,0.9489938616752625,0.010089241899549961,0.13939964771270752,0.6066848635673523,0.25391554832458496,0.18740427494049072,0.11920291930437088,0.9869315028190613,0.8430665731430054,0.7857142857142857,0.23684212565422058,0.2343984991312027,0.25319552421569824,0.27556392550468445
13,0.21187126101306938,11.028362274169922,17.589153289794922,9.573468208312988,9.573468208312988,0.5144232511520386,0.7217987775802612,88.04472351074219,18507.0,11.317792892456055,2379.0,0.0,0.0,0.6374881267547607,134.0,0.0,0.0,5.342912197113037,7.857513904571533,4.731923580169678,4.731923580169678,0.9033503532409668,0.9506386518478394,98.1351089477539,5157.0,1.6365365982055664,86.0,0.0,0.0,0.22835393249988556,12.0,0.0,0.0,10.340433120727539,15.60099983215332,8.98655891418457,8.98655891418457,0.6183415055274963,0.7876631021499634,89.64795684814453,4711.0,9.781161308288574,514.0,0.0,0.0,0.5708848834037781,30.0,0.0,0.0,13.339228630065918,20.203907012939453,11.515705108642578,11.515705108642578,0.358540415763855,0.610609233379364,83.76783752441406,4402.0,15.394862174987793,809.0,0.0,0.0,0.8372978568077087,44.0,0.0,0.0,15.090877532958984,22.895057678222656,13.059682846069336,13.059682846069336,0.1753670573234558,0.4666348993778229,80.62797546386719,4237.0,18.45861053466797,970.0,0.0,0.0,0.9134157299995422,48.0,0.0,0.0,0.9394298195838928,0.010150195099413395,0.13877971470355988,0.5789073705673218,0.28231295943260193,0.1935035139322281,0.11920291930437088,0.987802267074585,0.836607813835144,0.8571428571428571,0.22807016968727112,0.22994986176490784,0.25651630759239197,0.2854636609554291
14,0.20784678326811415,11.111209869384766,17.695444107055664,9.643667221069336,9.643667221069336,0.5085368752479553,0.7183619737625122,87.7259750366211,18440.0,11.62226390838623,2443.0,0.0,0.0,0.6517602205276489,137.0,0.0,0.0,5.359554767608643,7.850210189819336,4.744421482086182,4.744421482086182,0.903529942035675,0.9507430195808411,98.21122741699219,5161.0,1.560418725013733,82.0,0.0,0.0,0.22835393249988556,12.0,0.0,0.0,10.401302337646484,15.641494750976562,9.036425590515137,9.036425590515137,0.6163576245307922,0.7864341735839844,89.17221069335938,4686.0,10.199810028076172,536.0,0.0,0.0,0.6279733777046204,33.0,0.0,0.0,13.443293571472168,20.324813842773438,11.607612609863281,11.607612609863281,0.3508399724960327,0.6060250401496887,83.4443359375,4385.0,15.718362808227539,826.0,0.0,0.0,0.8372978568077087,44.0,0.0,0.0,15.240690231323242,23.089710235595703,13.186210632324219,13.186210632324219,0.161285400390625,0.4582456648349762,80.07611846923828,4208.0,19.010465621948242,999.0,0.0,0.0,0.9134157299995422,48.0,0.0,0.0,0.927592396736145,0.01021773461252451,0.15536026656627655,0.5983643531799316,0.24627546966075897,0.1861466020345688,0.11920291930437088,0.9871022701263428,0.842003583908081,0.9285714285714286,0.21929824352264404,0.22550123929977417,0.2598370909690857,0.2953633964061737
15,0.2050200681661529,11.136274337768555,17.758075714111328,9.672639846801758,9.672639846801758,0.5050516724586487,0.7169255614280701,87.47383117675781,18387.0,11.869647979736328,2495.0,0.009514748118817806,2.0,0.6470028758049011,136.0,0.0,0.0,5.373631000518799,7.8982930183410645,4.752427101135254,4.752427101135254,0.9023445844650269,0.9502316117286682,98.17317199707031,5159.0,1.5984776020050049,84.0,0.0,0.0,0.22835393249988556,12.0,0.0,0.0,10.416669845581055,15.672690391540527,9.05191707611084,9.05191707611084,0.6148258447647095,0.7858220338821411,89.24833679199219,4690.0,10.12369155883789,532.0,0.0,0.0,0.6279733777046204,33.0,0.0,0.0,13.474862098693848,20.359270095825195,11.653550148010254,11.653550148010254,0.3486372232437134,0.6064897775650024,82.9305419921875,4358.0,16.251190185546875,854.0,0.0,0.0,0.8182682991027832,43.0,0.0,0.0,15.279935836791992,23.21381187438965,13.232666015625,13.232666015625,0.1522454023361206,0.4572088420391083,79.54328918457031,4180.0,19.505231857299805,1025.0,0.038058992475271225,2.0,0.9134157299995422,48.0,0.0,0.0,0.9190374612808228,0.010267925448715687,0.15086162090301514,0.5913399457931519,0.2577984631061554,0.1921468824148178,0.11920291930437088,0.987537145614624,0.8334358334541321,1.0,0.21052631735801697,0.2210526168346405,0.2631579041481018,0.3052631616592407
16,0.19697747610498292,11.293449401855469,18.031187057495117,9.8060941696167,9.8060941696167,0.4897105097770691,0.7079351544380188,87.08372497558594,18305.0,12.27878189086914,2581.0,0.0,0.0,0.6374881267547607,134.0,0.0,0.0,5.416001319885254,7.966766357421875,4.789406776428223,4.789406776428223,0.9006440043449402,0.9493074417114258,98.15413665771484,5158.0,1.6175071001052856,85.0,0.0,0.0,0.22835393249988556,12.0,0.0,0.0,10.5363130569458,15.916502952575684,9.150046348571777,9.150046348571777,0.6027486324310303,0.7787432074546814,88.88677215576172,4671.0,10.523310661315918,553.0,0.0,0.0,0.5899143815040588,31.0,0.0,0.0,13.705513000488281,20.72989273071289,11.851655960083008,11.851655960083008,0.3247062563896179,0.5910267233848572,82.3786849975586,4329.0,16.803043365478516,883.0,0.0,0.0,0.8182682991027832,43.0,0.0,0.0,15.515971183776855,23.536392211914062,13.433267593383789,13.433267593383789,0.1285209059715271,0.44213953614234924,78.91531372070312,4147.0,20.1712646484375,1060.0,0.0,0.0,0.9134157299995422,48.0,0.0,0.0,0.9107954502105713,0.010316851548850536,0.16832569241523743,0.6152506470680237,0.21642372012138367,0.19038142263889313,0.11920291930437088,0.984515905380249,0.8462045788764954,1.0,0.21052631735801697,0.2210526168346405,0.2631579041481018,0.3052631616592407
17,0.1899320897153522,11.509407997131348,18.28618621826172,10.019720077514648,10.019720077514648,0.47517532110214233,0.6992356777191162,86.5509033203125,18193.0,12.802092552185059,2691.0,0.009514748118817806,2.0,0.6327307224273682,133.0,0.004757374059408903,1.0,5.462347984313965,8.0237455368042,4.829696178436279,4.829696178436279,0.8992177248001099,0.9485695362091064,98.09705352783203,5155.0,1.6745957136154175,88.0,0.0,0.0,0.22835393249988556,12.0,0.0,0.0,10.71282958984375,16.04819107055664,9.317208290100098,9.317208290100098,0.5961480140686035,0.7746760249137878,88.33491516113281,4642.0,11.075166702270508,582.0,0.0,0.0,0.5899143815040588,31.0,0.0,0.0,14.001659393310547,21.033315658569336,12.141938209533691,12.141938209533691,0.304793119430542,0.5787457227706909,81.71265411376953,4294.0,17.46907615661621,918.0,0.0,0.0,0.8182682991027832,43.0,0.0,0.0,15.860797882080078,23.941869735717773,13.790042877197266,13.790042877197266,0.09823501110076904,0.4243362545967102,78.05899047851562,4102.0,20.989534378051758,1103.0,0.038058992475271225,2.0,0.8943862915039062,47.0,0.019029496237635612,1.0,0.9030916094779968,0.010361130349338055,0.17906326055526733,0.5859037041664124,0.2350330799818039,0.18035082519054413,0.11920291930437088,0.9771559834480286,0.8582733869552612,1.0,0.21052631735801697,0.2210526168346405,0.2631579041481018,0.3052631616592407
step,fold15/test_loss,fold15/test_mae,fold15/test_rmse,fold15/test_mard,fold15/test_mape,fold15/test_r2,fold15/test_pearson,fold15/test_ega_zone_a_pct,fold15/test_ega_zone_a_count,fold15/test_ega_zone_b_pct,fold15/test_ega_zone_b_count,fold15/test_ega_zone_c_pct,fold15/test_ega_zone_c_count,fold15/test_ega_zone_d_pct,fold15/test_ega_zone_d_count,fold15/test_ega_zone_e_pct,fold15/test_ega_zone_e_count,fold15/test_horizon_15_mae,fold15/test_horizon_15_rmse,fold15/test_horizon_15_mard,fold15/test_horizon_15_mape,fold15/test_horizon_15_r2,fold15/test_horizon_15_pearson,fold15/test_horizon_15_ega_zone_a_pct,fold15/test_horizon_15_ega_zone_a_count,fold15/test_horizon_15_ega_zone_b_pct,fold15/test_horizon_15_ega_zone_b_count,fold15/test_horizon_15_ega_zone_c_pct,fold15/test_horizon_15_ega_zone_c_count,fold15/test_horizon_15_ega_zone_d_pct,fold15/test_horizon_15_ega_zone_d_count,fold15/test_horizon_15_ega_zone_e_pct,fold15/test_horizon_15_ega_zone_e_count,fold15/test_horizon_30_mae,fold15/test_horizon_30_rmse,fold15/test_horizon_30_mard,fold15/test_horizon_30_mape,fold15/test_horizon_30_r2,fold15/test_horizon_30_pearson,fold15/test_horizon_30_ega_zone_a_pct,fold15/test_horizon_30_ega_zone_a_count,fold15/test_horizon_30_ega_zone_b_pct,fold15/test_horizon_30_ega_zone_b_count,fold15/test_horizon_30_ega_zone_c_pct,fold15/test_horizon_30_ega_zone_c_count,fold15/test_horizon_30_ega_zone_d_pct,fold15/test_horizon_30_ega_zone_d_count,fold15/test_horizon_30_ega_zone_e_pct,fold15/test_horizon_30_ega_zone_e_count,fold15/test_horizon_45_mae,fold15/test_horizon_45_rmse,fold15/test_horizon_45_mard,fold15/test_horizon_45_mape,fold15/test_horizon_45_r2,fold15/test_horizon_45_pearson,fold15/test_horizon_45_ega_zone_a_pct,fold15/test_horizon_45_ega_zone_a_count,fold15/test_horizon_45_ega_zone_b_pct,fold15/test_horizon_45_ega_zone_b_count,fold15/test_horizon_45_ega_zone_c_pct,fold15/test_horizon_45_ega_zone_c_count,fold15/test_horizon_45_ega_zone_d_pct,fold15/test_horizon_45_ega_zone_d_count,fold15/test_horizon_45_ega_zone_e_pct,fold15/test_horizon_45_ega_zone_e_count,fold15/test_horizon_60_mae,fold15/test_horizon_60_rmse,fold15/test_horizon_60_mard,fold15/test_horizon_60_mape,fold15/test_horizon_60_r2,fold15/test_horizon_60_pearson,fold15/test_horizon_60_ega_zone_a_pct,fold15/test_horizon_60_ega_zone_a_count,fold15/test_horizon_60_ega_zone_b_pct,fold15/test_horizon_60_ega_zone_b_count,fold15/test_horizon_60_ega_zone_c_pct,fold15/test_horizon_60_ega_zone_c_count,fold15/test_horizon_60_ega_zone_d_pct,fold15/test_horizon_60_ega_zone_d_count,fold15/test_horizon_60_ega_zone_e_pct,fold15/test_horizon_60_ega_zone_e_count
0,0.20076613104841418,8.159448623657227,11.873923301696777,7.534327983856201,7.534327983856201,0.3393678665161133,0.648207426071167,93.66840362548828,1435.0,6.20104455947876,95.0,0.0,0.0,0.13054829835891724,2.0,0.0,0.0,4.992281913757324,7.330773830413818,4.716194152832031,4.716194152832031,0.7554454207420349,0.8794940710067749,97.65013122558594,374.0,2.088772773742676,8.0,0.0,0.0,0.2610965967178345,1.0,0.0,0.0,7.7876811027526855,10.978179931640625,7.207876205444336,7.207876205444336,0.44131892919540405,0.7068805694580078,95.0391616821289,364.0,4.6997389793396,18.0,0.0,0.0,0.2610965967178345,1.0,0.0,0.0,9.1752347946167,13.110028266906738,8.444598197937012,8.444598197937012,0.17365163564682007,0.5446423292160034,93.21148681640625,357.0,6.788511753082275,26.0,0.0,0.0,0.0,0.0,0.0,0.0,10.682597160339355,14.758953094482422,9.768644332885742,9.768644332885742,-0.038269758224487305,0.4001675248146057,88.77284240722656,340.0,11.227153778076172,43.0,0.0,0.0,0.0,0.0,0.0,0.0
step,fold16/train_loss,fold16/val_mae,fold16/val_rmse,fold16/val_mard,fold16/val_mape,fold16/val_r2,fold16/val_pearson,fold16/val_ega_zone_a_pct,fold16/val_ega_zone_a_count,fold16/val_ega_zone_b_pct,fold16/val_ega_zone_b_count,fold16/val_ega_zone_c_pct,fold16/val_ega_zone_c_count,fold16/val_ega_zone_d_pct,fold16/val_ega_zone_d_count,fold16/val_ega_zone_e_pct,fold16/val_ega_zone_e_count,fold16/val_horizon_15_mae,fold16/val_horizon_15_rmse,fold16/val_horizon_15_mard,fold16/val_horizon_15_mape,fold16/val_horizon_15_r2,fold16/val_horizon_15_pearson,fold16/val_horizon_15_ega_zone_a_pct,fold16/val_horizon_15_ega_zone_a_count,fold16/val_horizon_15_ega_zone_b_pct,fold16/val_horizon_15_ega_zone_b_count,fold16/val_horizon_15_ega_zone_c_pct,fold16/val_horizon_15_ega_zone_c_count,fold16/val_horizon_15_ega_zone_d_pct,fold16/val_horizon_15_ega_zone_d_count,fold16/val_horizon_15_ega_zone_e_pct,fold16/val_horizon_15_ega_zone_e_count,fold16/val_horizon_30_mae,fold16/val_horizon_30_rmse,fold16/val_horizon_30_mard,fold16/val_horizon_30_mape,fold16/val_horizon_30_r2,fold16/val_horizon_30_pearson,fold16/val_horizon_30_ega_zone_a_pct,fold16/val_horizon_30_ega_zone_a_count,fold16/val_horizon_30_ega_zone_b_pct,fold16/val_horizon_30_ega_zone_b_count,fold16/val_horizon_30_ega_zone_c_pct,fold16/val_horizon_30_ega_zone_c_count,fold16/val_horizon_30_ega_zone_d_pct,fold16/val_horizon_30_ega_zone_d_count,fold16/val_horizon_30_ega_zone_e_pct,fold16/val_horizon_30_ega_zone_e_count,fold16/val_horizon_45_mae,fold16/val_horizon_45_rmse,fold16/val_horizon_45_mard,fold16/val_horizon_45_mape,fold16/val_horizon_45_r2,fold16/val_horizon_45_pearson,fold16/val_horizon_45_ega_zone_a_pct,fold16/val_horizon_45_ega_zone_a_count,fold16/val_horizon_45_ega_zone_b_pct,fold16/val_horizon_45_ega_zone_b_count,fold16/val_horizon_45_ega_zone_c_pct,fold16/val_horizon_45_ega_zone_c_count,fold16/val_horizon_45_ega_zone_d_pct,fold16/val_horizon_45_ega_zone_d_count,fold16/val_horizon_45_ega_zone_e_pct,fold16/val_horizon_45_ega_zone_e_count,fold16/val_horizon_60_mae,fold16/val_horizon_60_rmse,fold16/val_horizon_60_mard,fold16/val_horizon_60_mape,fold16/val_horizon_60_r2,fold16/val_horizon_60_pearson,fold16/val_horizon_60_ega_zone_a_pct,fold16/val_horizon_60_ega_zone_a_count,fold16/val_horizon_60_ega_zone_b_pct,fold16/val_horizon_60_ega_zone_b_count,fold16/val_horizon_60_ega_zone_c_pct,fold16/val_horizon_60_ega_zone_c_count,fold16/val_horizon_60_ega_zone_d_pct,fold16/val_horizon_60_ega_zone_d_count,fold16/val_horizon_60_ega_zone_e_pct,fold16/val_horizon_60_ega_zone_e_count,fold16/diag_graph_prior_weight,fold16/diag_graph_residual_mean,fold16/diag_fusion_gate_cgm,fold16/diag_fusion_gate_cgm_guided,fold16/diag_fusion_gate_physio,fold16/diag_horizon_query_similarity,fold16/diag_horizon_progressive_gate,fold16/diag_horizon_attention_similarity,fold16/diag_horizon_attention_entropy,fold16/diag_horizon_curriculum_progress,fold16/diag_loss_horizon_weight_0,fold16/diag_loss_horizon_weight_1,fold16/diag_loss_horizon_weight_2,fold16/diag_loss_horizon_weight_3
1,0.22596142884759216,12.98936939239502,20.53275489807129,11.24795913696289,11.24795913696289,0.3152977228164673,0.630060076713562,82.81079864501953,15161.0,16.419052124023438,3006.0,0.005462092813104391,1.0,0.75923091173172,139.0,0.005462092813104391,1.0,7.415351390838623,11.2606782913208,6.395362854003906,6.395362854003906,0.7935925126075745,0.8934952020645142,94.86563110351562,4342.0,4.872186660766602,223.0,0.0,0.0,0.2621804475784302,12.0,0.0,0.0,12.214540481567383,18.531705856323242,10.510286331176758,10.510286331176758,0.44071996212005615,0.699702799320221,83.81035614013672,3836.0,15.490495681762695,709.0,0.0,0.0,0.6991478800773621,32.0,0.0,0.0,15.20004940032959,23.0810489654541,13.131957054138184,13.131957054138184,0.13449907302856445,0.5248397588729858,77.97683715820312,3569.0,21.061830520629883,964.0,0.0,0.0,0.961328387260437,44.0,0.0,0.0,17.12754249572754,26.142194747924805,14.954228401184082,14.954228401184082,-0.10400521755218506,0.38038015365600586,74.59033966064453,3414.0,24.251693725585938,1110.0,0.021848371252417564,1.0,1.1142669916152954,51.0,0.021848371252417564,1.0,1.003253698348999,0.011728215031325817,0.31620219349861145,0.1775134950876236,0.5062843561172485,-0.023211322724819183,0.11920291930437088,0.9997702240943909,0.9999517202377319,0.0,0.3333333432674408,0.28333333134651184,0.21666665375232697,0.1666666716337204
2,0.22409188502814611,12.780012130737305,20.17536735534668,11.128189086914062,11.128189086914062,0.3389257788658142,0.6319736242294312,83.30237579345703,15251.0,15.889228820800781,2909.0,0.005462092813104391,1.0,0.7974656224250793,146.0,0.005462092813104391,1.0,7.354516506195068,11.115894317626953,6.378971576690674,6.378971576690674,0.7988661527633667,0.8947888016700745,95.01856994628906,4349.0,4.653703212738037,213.0,0.0,0.0,0.3277255892753601,15.0,0.0,0.0,12.046930313110352,18.27593994140625,10.426715850830078,10.426715850830078,0.4560513496398926,0.70049649477005,84.26917266845703,3857.0,14.987982749938965,686.0,0.0,0.0,0.7428447008132935,34.0,0.0,0.0,14.914830207824707,22.653860092163086,12.964452743530273,12.964452743530273,0.166240394115448,0.5241608619689941,78.74153137207031,3604.0,20.253440856933594,927.0,0.0,0.0,1.0050251483917236,46.0,0.0,0.0,16.803770065307617,25.640033721923828,14.742615699768066,14.742615699768066,-0.06199955940246582,0.37819117307662964,75.18025207519531,3441.0,23.661787033081055,1083.0,0.021848371252417564,1.0,1.1142669916152954,51.0,0.021848371252417564,1.0,1.003617286682129,0.011113413609564304,0.21850208938121796,0.06333868950605392,0.7181593179702759,-0.016179582104086876,0.11920291930437088,0.9982436299324036,0.9992806315422058,0.07142857142857142,0.3245614171028137,0.2788847088813782,0.21998745203018188,0.17656642198562622
3,0.22469125374061935,12.645676612854004,19.965330123901367,11.015872955322266,11.015872955322266,0.35261839628219604,0.63568514585495,83.65741729736328,15316.0,15.534192085266113,2844.0,0.005462092813104391,1.0,0.8029276728630066,147.0,0.0,0.0,7.2848711013793945,10.976932525634766,6.328643321990967,6.328643321990967,0.803863525390625,0.8972187638282776,95.32444763183594,4363.0,4.34782600402832,199.0,0.0,0.0,0.3277255892753601,15.0,0.0,0.0,11.925773620605469,18.104162216186523,10.327847480773926,10.327847480773926,0.4662284851074219,0.703377366065979,84.85907745361328,3884.0,14.398077011108398,659.0,0.0,0.0,0.7428447008132935,34.0,0.0,0.0,14.773524284362793,22.416275024414062,12.855060577392578,12.855060577392578,0.18363696336746216,0.5267613530158997,78.91632080078125,3612.0,20.078655242919922,919.0,0.0,0.0,1.0050251483917236,46.0,0.0,0.0,16.598539352416992,25.371530532836914,14.551939010620117,14.551939010620117,-0.03987324237823486,0.37995848059654236,75.52982330322266,3457.0,23.312211990356445,1067.0,0.021848371252417564,1.0,1.1361154317855835,52.0,0.0,0.0,1.0015645027160645,0.010460480116307735,0.1994900405406952,0.07768769562244415,0.7228223085403442,-0.00842358823865652,0.11920291930437088,0.9766524434089661,0.9807965755462646,0.14285714285714285,0.31578949093818665,0.2744360864162445,0.223308265209198,0.18646617233753204
4,0.22309736109658546,12.517304420471191,19.739465713500977,10.906091690063477,10.906091690063477,0.36718302965164185,0.6402636170387268,83.9906005859375,15377.0,15.195542335510254,2782.0,0.0,0.0,0.8138518929481506,149.0,0.0,0.0,7.209365367889404,10.806743621826172,6.274423599243164,6.274423599243164,0.8098982572555542,0.9003996253013611,95.43368530273438,4368.0,4.21673583984375,193.0,0.0,0.0,0.34957394003868103,16.0,0.0,0.0,11.827798843383789,17.919599533081055,10.241508483886719,10.241508483886719,0.477056086063385,0.7068848609924316,85.18680572509766,3899.0,14.048502922058105,643.0,0.0,0.0,0.764693021774292,35.0,0.0,0.0,14.597073554992676,22.166133880615234,12.697991371154785,12.697991371154785,0.20175480842590332,0.5291242599487305,79.4625244140625,3637.0,19.532445907592773,894.0,0.0,0.0,1.0050251483917236,46.0,0.0,0.0,16.434980392456055,25.086862564086914,14.410446166992188,14.410446166992188,-0.016669511795043945,0.3824886679649353,75.87939453125,3473.0,22.984487533569336,1052.0,0.0,0.0,1.1361154317855835,52.0,0.0,0.0,1.003359079360962,0.009897229261696339,0.1642797440290451,0.07851617783308029,0.7572041749954224,0.005592333618551493,0.11920291930437088,0.9798293113708496,0.9410854578018188,0.21428571428571427,0.30701756477355957,0.26998746395111084,0.22662906348705292,0.19636592268943787
5,0.21917095298210906,12.195344924926758,19.34475326538086,10.629693984985352,10.629693984985352,0.3922378420829773,0.650637149810791,84.61874389648438,15492.0,14.578326225280762,2669.0,0.005462092813104391,1.0,0.7974656224250793,146.0,0.0,0.0,6.803531646728516,10.24837875366211,5.911703109741211,5.911703109741211,0.829035222530365,0.9111406207084656,95.87065887451172,4388.0,3.845313549041748,176.0,0.0,0.0,0.2840288579463959,13.0,0.0,0.0,11.551209449768066,17.521203994750977,10.004764556884766,10.004764556884766,0.5000501275062561,0.7177959680557251,86.06073760986328,3939.0,13.174568176269531,603.0,0.0,0.0,0.764693021774292,35.0,0.0,0.0,14.337908744812012,21.8176212310791,12.484380722045898,12.484380722045898,0.22665870189666748,0.5344775915145874,80.13983154296875,3668.0,18.855146408081055,863.0,0.0,0.0,1.0050251483917236,46.0,0.0,0.0,16.088727951049805,24.674829483032227,14.117923736572266,14.117923736572266,0.016452312469482422,0.3830212354660034,76.40375518798828,3497.0,22.438278198242188,1027.0,0.021848371252417564,1.0,1.1361154317855835,52.0,0.0,0.0,1.001772403717041,0.009489079937338829,0.16999486088752747,0.08135911822319031,0.7486459612846375,0.03946451097726822,0.11920291930437088,0.9905822277069092,0.8742791414260864,0.2857142857142857,0.2982456088066101,0.2655388414859772,0.22994986176490784,0.2062656730413437
6,0.21667497192668744,12.01117992401123,19.188426971435547,10.472243309020996,10.472243309020996,0.40202081203460693,0.6596379280090332,84.91370391845703,15546.0,14.305221557617188,2619.0,0.005462092813104391,1.0,0.775617241859436,142.0,0.0,0.0,6.420363903045654,9.591404914855957,5.60125207901001,5.60125207901001,0.850252091884613,0.9226406812667847,96.6353530883789,4423.0,3.102468967437744,142.0,0.0,0.0,0.2621804475784302,12.0,0.0,0.0,11.34842586517334,17.210390090942383,9.826436042785645,9.826436042785645,0.517630398273468,0.7310231924057007,86.65064239501953,3966.0,12.650208473205566,579.0,0.0,0.0,0.6991478800773621,32.0,0.0,0.0,14.21786880493164,21.761686325073242,12.365097999572754,12.365097999572754,0.2306188941001892,0.542243242263794,80.13983154296875,3668.0,18.855146408081055,863.0,0.0,0.0,1.0050251483917236,46.0,0.0,0.0,16.058061599731445,24.71880340576172,14.096183776855469,14.096183776855469,0.012943506240844727,0.38588011264801025,76.22897338867188,3489.0,22.613065719604492,1035.0,0.021848371252417564,1.0,1.1361154317855835,52.0,0.0,0.0,1.0027599334716797,0.009242906235158443,0.17694981396198273,0.08852403610944748,0.7345262169837952,0.07295022159814835,0.11920291930437088,0.9891273975372314,0.8309530019760132,0.35714285714285715,0.28947368264198303,0.2610902190208435,0.23327067494392395,0.2161654233932495
7,0.21150362208758566,11.827597618103027,18.886308670043945,10.301474571228027,10.301474571228027,0.4207026958465576,0.6691967844963074,85.54183959960938,15661.0,13.68254280090332,2505.0,0.0,0.0,0.775617241859436,142.0,0.0,0.0,6.189092636108398,9.167747497558594,5.409611701965332,5.409611701965332,0.8631888031959534,0.9294443130493164,97.18155670166016,4448.0,2.5562596321105957,117.0,0.0,0.0,0.2621804475784302,12.0,0.0,0.0,11.22061824798584,16.9653377532959,9.721038818359375,9.721038818359375,0.5312691926956177,0.7383807897567749,87.02206420898438,3983.0,12.278785705566406,562.0,0.0,0.0,0.6991478800773621,32.0,0.0,0.0,14.063282012939453,21.510147094726562,12.205339431762695,12.205339431762695,0.2483024001121521,0.5493115782737732,80.64234161376953,3691.0,18.352632522583008,840.0,0.0,0.0,1.0050251483917236,46.0,0.0,0.0,15.837395668029785,24.335445404052734,13.869908332824707,13.869908332824707,0.04332214593887329,0.3936963677406311,77.32139587402344,3539.0,21.542495727539062,986.0,0.0,0.0,1.1361154317855835,52.0,0.0,0.0,1.004242181777954,0.009097297675907612,0.2741207480430603,0.2464756965637207,0.479403555393219,0.09854263067245483,0.11920291930437088,0.9890748858451843,0.8071186542510986,0.42857142857142855,0.28070175647735596,0.25664159655570984,0.23659147322177887,0.22606515884399414
8,0.20747812486845768,11.702322959899902,18.697053909301758,10.191595077514648,10.191595077514648,0.43225449323654175,0.6746628284454346,85.89141082763672,15725.0,13.32204532623291,2439.0,0.005462092813104391,1.0,0.7810792922973633,143.0,0.0,0.0,6.021001815795898,8.866649627685547,5.27021598815918,5.27021598815918,0.8720278739929199,0.9340705871582031,97.55298614501953,4465.0,2.1848373413085938,100.0,0.0,0.0,0.2621804475784302,12.0,0.0,0.0,11.085891723632812,16.747766494750977,9.608416557312012,9.608416557312012,0.5432144403457642,0.744913637638092,87.45903015136719,4003.0,11.819969177246094,541.0,0.0,0.0,0.7209962606430054,33.0,0.0,0.0,13.973186492919922,21.334640502929688,12.124494552612305,12.124494552612305,0.26051896810531616,0.5531563758850098,80.9263687133789,3704.0,18.068603515625,827.0,0.0,0.0,1.0050251483917236,46.0,0.0,0.0,15.729211807250977,24.167070388793945,13.763253211975098,13.763253211975098,0.056514739990234375,0.39364829659461975,77.62726593017578,3553.0,21.21476936340332,971.0,0.021848371252417564,1.0,1.1361154317855835,52.0,0.0,0.0,1.0001771450042725,0.009017571806907654,0.2744142711162567,0.256227970123291,0.46935781836509705,0.10548367351293564,0.11920291930437088,0.9827070236206055,0.828627347946167,0.5,0.2719298303127289,0.25219297409057617,0.2399122714996338,0.23596492409706116
9,0.20623838169465036,11.643970489501953,18.678104400634766,10.133831977844238,10.133831977844238,0.433404803276062,0.674044668674469,85.858642578125,15719.0,13.36028003692627,2446.0,0.005462092813104391,1.0,0.770155131816864,141.0,0.005462092813104391,1.0,5.931525707244873,8.759599685668945,5.19570779800415,5.19570779800415,0.8750993013381958,0.9357121586799622,97.48743438720703,4462.0,2.272230863571167,104.0,0.0,0.0,0.24033209681510925,11.0,0.0,0.0,11.00218391418457,16.674997329711914,9.544540405273438,9.544540405273438,0.5471752882003784,0.7464536428451538,87.37164306640625,3999.0,11.907362937927246,545.0,0.0,0.0,0.7209962606430054,33.0,0.0,0.0,13.946287155151367,21.345012664794922,12.088103294372559,12.088103294372559,0.2597997188568115,0.5491183996200562,80.79528045654297,3698.0,18.19969367980957,833.0,0.0,0.0,1.0050251483917236,46.0,0.0,0.0,15.695887565612793,24.18864631652832,13.706978797912598,13.706978797912598,0.05482947826385498,0.3859136998653412,77.78020477294922,3560.0,21.061830520629883,964.0,0.021848371252417564,1.0,1.1142669916152954,51.0,0.021848371252417564,1.0,0.9983001947402954,0.008965995162725449,0.32026171684265137,0.23330052196979523,0.44643786549568176,0.10880354791879654,0.11920291930437088,0.9842806458473206,0.8246311545372009,0.5714285714285714,0.2631579041481018,0.2477443516254425,0.2432330846786499,0.24586467444896698
10,0.20455830343666945,11.584820747375488,18.46396827697754,10.097057342529297,10.097057342529297,0.4463217854499817,0.6807724833488464,85.98973083496094,15743.0,13.245574951171875,2425.0,0.0,0.0,0.764693021774292,140.0,0.0,0.0,5.900352954864502,8.678679466247559,5.173964977264404,5.173964977264404,0.877396285533905,0.9368659853935242,97.55298614501953,4465.0,2.2066855430603027,101.0,0.0,0.0,0.24033209681510925,11.0,0.0,0.0,10.936074256896973,16.50811004638672,9.496758460998535,9.496758460998535,0.5561939477920532,0.7511084079742432,87.65567016601562,4012.0,11.645182609558105,533.0,0.0,0.0,0.6991478800773621,32.0,0.0,0.0,13.875609397888184,21.08872413635254,12.048749923706055,12.048749923706055,0.27746814489364624,0.5588400959968567,80.9700698852539,3706.0,18.046756744384766,826.0,0.0,0.0,0.9831767678260803,45.0,0.0,0.0,15.627245903015137,23.897724151611328,13.668753623962402,13.668753623962402,0.07742822170257568,0.39675086736679077,77.78020477294922,3560.0,21.08367919921875,965.0,0.0,0.0,1.1361154317855835,52.0,0.0,0.0,0.9902745485305786,0.00895591452717781,0.3717121481895447,0.24415060877799988,0.38413727283477783,0.11619717627763748,0.11920291930437088,0.9838438034057617,0.8281619548797607,0.6428571428571429,0.25438597798347473,0.24329572916030884,0.24655388295650482,0.2557644248008728
11,0.20209300552783055,11.609420776367188,18.537988662719727,10.117380142211914,10.117380142211914,0.44187361001968384,0.6795367002487183,85.76578521728516,15702.0,13.464058876037598,2465.0,0.005462092813104391,1.0,0.75923091173172,139.0,0.005462092813104391,1.0,5.884759902954102,8.669421195983887,5.158517360687256,5.158517360687256,0.8776577115058899,0.9370366930961609,97.5966796875,4467.0,2.1629889011383057,99.0,0.0,0.0,0.24033209681510925,11.0,0.0,0.0,10.919330596923828,16.52564811706543,9.479884147644043,9.479884147644043,0.5552505254745483,0.7513091564178467,87.56827545166016,4008.0,11.732576370239258,537.0,0.0,0.0,0.6991478800773621,32.0,0.0,0.0,13.899130821228027,21.152328491210938,12.068387985229492,12.068387985229492,0.27310317754745483,0.5588125586509705,80.64234161376953,3691.0,18.374481201171875,841.0,0.0,0.0,0.9831767678260803,45.0,0.0,0.0,15.734463691711426,24.0614070892334,13.762736320495605,13.762736320495605,0.06474703550338745,0.395651251077652,77.25584411621094,3536.0,21.586191177368164,988.0,0.021848371252417564,1.0,1.1142669916152954,51.0,0.021848371252417564,1.0,0.9819463491439819,0.008956443518400192,0.3561505079269409,0.245512917637825,0.39833661913871765,0.12108474224805832,0.11920291930437088,0.9861595034599304,0.8327703475952148,0.7142857142857143,0.24561403691768646,0.23884710669517517,0.24987469613552094,0.26566416025161743
12,0.19885605821111316,11.716973304748535,18.67011260986328,10.214030265808105,10.214030265808105,0.43388956785202026,0.6747875213623047,85.54183959960938,15661.0,13.68254280090332,2505.0,0.0,0.0,0.770155131816864,141.0,0.005462092813104391,1.0,5.904575347900391,8.708906173706055,5.176808834075928,5.176808834075928,0.8765407800674438,0.9364247918128967,97.5748291015625,4466.0,2.1848373413085938,100.0,0.0,0.0,0.24033209681510925,11.0,0.0,0.0,11.01136589050293,16.622467041015625,9.570021629333496,9.570021629333496,0.5500238537788391,0.7483088970184326,87.24055480957031,3993.0,12.038453102111816,551.0,0.0,0.0,0.7209962606430054,33.0,0.0,0.0,14.048661231994629,21.314531326293945,12.20726490020752,12.20726490020752,0.2619122266769409,0.5522390604019165,80.42385864257812,3681.0,18.571115493774414,850.0,0.0,0.0,1.0050251483917236,46.0,0.0,0.0,15.903289794921875,24.245235443115234,13.902026176452637,13.902026176452637,0.05040168762207031,0.3860766291618347,76.9281234741211,3521.0,21.935766220092773,1004.0,0.0,0.0,1.1142669916152954,51.0,0.021848371252417564,1.0,0.9721289873123169,0.008964423090219498,0.3548031449317932,0.23617465794086456,0.4090222418308258,0.11802161484956741,0.11920291930437088,0.9847383499145508,0.8449558019638062,0.7857142857142857,0.23684212565422058,0.2343984991312027,0.25319552421569824,0.27556392550468445
13,0.1950569770593667,11.71954345703125,18.693782806396484,10.244498252868652,10.244498252868652,0.43245309591293335,0.6736314296722412,85.48721313476562,15651.0,13.742626190185547,2516.0,0.0,0.0,0.764693021774292,140.0,0.005462092813104391,1.0,5.856070518493652,8.705778121948242,5.143026828765869,5.143026828765869,0.8766294121742249,0.9364891052246094,97.61852264404297,4468.0,2.1411404609680176,98.0,0.0,0.0,0.24033209681510925,11.0,0.0,0.0,11.031900405883789,16.675676345825195,9.615440368652344,9.615440368652344,0.5471384525299072,0.7465358972549438,87.17500305175781,3990.0,12.103998184204102,554.0,0.0,0.0,0.7209962606430054,33.0,0.0,0.0,14.096983909606934,21.36581039428711,12.291269302368164,12.291269302368164,0.25835657119750977,0.5486178398132324,80.40200805664062,3680.0,18.61481285095215,852.0,0.0,0.0,0.9831767678260803,45.0,0.0,0.0,15.893224716186523,24.23764991760254,13.92825698852539,13.92825698852539,0.05099588632583618,0.3843838572502136,76.75332641601562,3513.0,22.110553741455078,1012.0,0.0,0.0,1.1142669916152954,51.0,0.021848371252417564,1.0,0.9666420817375183,0.008978334255516529,0.35714736580848694,0.24951283633708954,0.3933398425579071,0.12078415602445602,0.11920291930437088,0.9846162796020508,0.8546231985092163,0.8571428571428571,0.22807016968727112,0.22994986176490784,0.25651630759239197,0.2854636609554291
14,0.19102144564804052,11.672182083129883,18.687114715576172,10.201193809509277,10.201193809509277,0.4328579306602478,0.6741470098495483,85.50907135009766,15655.0,13.715316772460938,2511.0,0.0,0.0,0.770155131816864,141.0,0.005462092813104391,1.0,5.842564582824707,8.698907852172852,5.1324639320373535,5.1324639320373535,0.8768240809440613,0.9366080164909363,97.48743438720703,4462.0,2.272230863571167,104.0,0.0,0.0,0.24033209681510925,11.0,0.0,0.0,10.98720932006836,16.646509170532227,9.576861381530762,9.576861381530762,0.5487213134765625,0.7476566433906555,87.39348602294922,4000.0,11.885515213012695,544.0,0.0,0.0,0.7209962606430054,33.0,0.0,0.0,14.011327743530273,21.35843276977539,12.212567329406738,12.212567329406738,0.2588686943054199,0.5496045351028442,80.29277038574219,3675.0,18.702205657958984,856.0,0.0,0.0,1.0050251483917236,46.0,0.0,0.0,15.847624778747559,24.246095657348633,13.882883071899414,13.882883071899414,0.05033433437347412,0.3845655024051666,76.8625717163086,3518.0,22.001310348510742,1007.0,0.0,0.0,1.1142669916152954,51.0,0.021848371252417564,1.0,0.9615286588668823,0.008988749235868454,0.3814786672592163,0.25661560893058777,0.3619057238101959,0.1208789050579071,0.11920291930437088,0.9832728505134583,0.8642621040344238,0.9285714285714286,0.21929824352264404,0.22550123929977417,0.2598370909690857,0.2953633964061737
15,0.18677619907399073,11.742881774902344,18.805240631103516,10.258753776550293,10.258753776550293,0.4256651997566223,0.6712303757667542,85.35612487792969,15627.0,13.868254661560059,2539.0,0.005462092813104391,1.0,0.764693021774292,140.0,0.005462092813104391,1.0,5.865057945251465,8.72152328491211,5.152134418487549,5.152134418487549,0.8761827945709229,0.936281144618988,97.48743438720703,4462.0,2.272230863571167,104.0,0.0,0.0,0.24033209681510925,11.0,0.0,0.0,11.043331146240234,16.75555419921875,9.6165132522583,9.6165132522583,0.5427896976470947,0.7448647618293762,86.91282653808594,3978.0,12.366178512573242,566.0,0.0,0.0,0.7209962606430054,33.0,0.0,0.0,14.087526321411133,21.487960815429688,12.273008346557617,12.273008346557617,0.2498522400856018,0.5467325448989868,80.5112533569336,3685.0,18.505571365356445,847.0,0.0,0.0,0.9831767678260803,45.0,0.0,0.0,15.975615501403809,24.413162231445312,13.99336051940918,13.99336051940918,0.03720200061798096,0.3831903040409088,76.51300048828125,3502.0,22.329036712646484,1022.0,0.021848371252417564,1.0,1.1142669916152954,51.0,0.021848371252417564,1.0,0.9597798585891724,0.00899135135114193,0.37117335200309753,0.2370089888572693,0.3918175995349884,0.12620003521442413,0.11920291930437088,0.9836180210113525,0.8779406547546387,1.0,0.21052631735801697,0.2210526168346405,0.2631579041481018,0.3052631616592407
16,0.17942488136698553,11.820990562438965,18.937036514282227,10.335592269897461,10.335592269897461,0.41758662462234497,0.6683000922203064,85.29058074951172,15615.0,13.922874450683594,2549.0,0.005462092813104391,1.0,0.775617241859436,142.0,0.005462092813104391,1.0,5.913595199584961,8.79623031616211,5.191795349121094,5.191795349121094,0.8740524649620056,0.9352568984031677,97.3781967163086,4457.0,2.381472587585449,109.0,0.0,0.0,0.24033209681510925,11.0,0.0,0.0,11.099575996398926,16.867128372192383,9.673256874084473,9.673256874084473,0.5366802215576172,0.7420488595962524,86.738037109375,3970.0,12.497268676757812,572.0,0.0,0.0,0.764693021774292,35.0,0.0,0.0,14.181024551391602,21.641952514648438,12.36949634552002,12.36949634552002,0.2390618920326233,0.5440185070037842,80.40200805664062,3680.0,18.61481285095215,852.0,0.0,0.0,0.9831767678260803,45.0,0.0,0.0,16.089771270751953,24.580427169799805,14.107820510864258,14.107820510864258,0.023963749408721924,0.38326290249824524,76.64409637451172,3508.0,22.197946548461914,1016.0,0.021848371252417564,1.0,1.1142669916152954,51.0,0.021848371252417564,1.0,0.9580046534538269,0.008998876437544823,0.3759348690509796,0.23613107204437256,0.387934148311615,0.1291724592447281,0.11920291930437088,0.9805238842964172,0.8810461163520813,1.0,0.21052631735801697,0.2210526168346405,0.2631579041481018,0.3052631616592407
17,0.1721202276747034,11.997469902038574,19.148216247558594,10.512697219848633,10.512697219848633,0.40452444553375244,0.6601245999336243,84.79899597167969,15525.0,14.403539657592773,2637.0,0.010924185626208782,2.0,0.770155131816864,141.0,0.016386277973651886,3.0,5.947606563568115,8.835796356201172,5.2234978675842285,5.2234978675842285,0.8729168772697449,0.9345680475234985,97.44374084472656,4460.0,2.315927505493164,106.0,0.0,0.0,0.24033209681510925,11.0,0.0,0.0,11.256200790405273,17.043691635131836,9.828363418579102,9.828363418579102,0.526929497718811,0.7357999086380005,86.5195541381836,3960.0,12.715752601623535,582.0,0.0,0.0,0.764693021774292,35.0,0.0,0.0,14.446889877319336,21.932039260864258,12.639200210571289,12.639200210571289,0.21852624416351318,0.5305340886116028,79.7028579711914,3648.0,19.270265579223633,882.0,0.021848371252417564,1.0,1.0050251483917236,46.0,0.0,0.0,16.33917999267578,24.84035873413086,14.359725952148438,14.359725952148438,0.0032118558883666992,0.3708471655845642,75.52982330322266,3457.0,23.312211990356445,1067.0,0.021848371252417564,1.0,1.0705702304840088,49.0,0.06554511189460754,3.0,0.9538959860801697,0.009012479335069656,0.369953453540802,0.2364519238471985,0.3935945928096771,0.1293872445821762,0.11920291930437088,0.9775033593177795,0.8889319896697998,1.0,0.21052631735801697,0.2210526168346405,0.2631579041481018,0.3052631616592407
18,0.16497967272525488,12.007164001464844,19.118146896362305,10.491386413574219,10.491386413574219,0.40639322996139526,0.6611906886100769,84.8536148071289,15535.0,14.33253288269043,2624.0,0.010924185626208782,2.0,0.7974656224250793,146.0,0.005462092813104391,1.0,5.92305326461792,8.834028244018555,5.195257663726807,5.195257663726807,0.8729677796363831,0.9346542358398438,97.3781967163086,4457.0,2.381472587585449,109.0,0.0,0.0,0.24033209681510925,11.0,0.0,0.0,11.233976364135742,17.02867889404297,9.781991004943848,9.781991004943848,0.5277625322341919,0.7361389994621277,86.58509826660156,3963.0,12.628358840942383,578.0,0.0,0.0,0.7865414023399353,36.0,0.0,0.0,14.489360809326172,21.917264938354492,12.630064964294434,12.630064964294434,0.21957868337631226,0.5304543375968933,79.528076171875,3640.0,19.401355743408203,888.0,0.021848371252417564,1.0,1.0487217903137207,48.0,0.0,0.0,16.382265090942383,24.771587371826172,14.35822868347168,14.35822868347168,0.008723616600036621,0.3736705482006073,75.92308807373047,3475.0,22.918943405151367,1049.0,0.021848371252417564,1.0,1.1142669916152954,51.0,0.021848371252417564,1.0,0.9547595977783203,0.00900957826524973,0.3793911933898926,0.23362405598163605,0.38698476552963257,0.1325402408838272,0.11920291930437088,0.9755221009254456,0.8935873508453369,1.0,0.21052631735801697,0.2210526168346405,0.2631579041481018,0.3052631616592407
step,fold16/test_loss,fold16/test_mae,fold16/test_rmse,fold16/test_mard,fold16/test_mape,fold16/test_r2,fold16/test_pearson,fold16/test_ega_zone_a_pct,fold16/test_ega_zone_a_count,fold16/test_ega_zone_b_pct,fold16/test_ega_zone_b_count,fold16/test_ega_zone_c_pct,fold16/test_ega_zone_c_count,fold16/test_ega_zone_d_pct,fold16/test_ega_zone_d_count,fold16/test_ega_zone_e_pct,fold16/test_ega_zone_e_count,fold16/test_horizon_15_mae,fold16/test_horizon_15_rmse,fold16/test_horizon_15_mard,fold16/test_horizon_15_mape,fold16/test_horizon_15_r2,fold16/test_horizon_15_pearson,fold16/test_horizon_15_ega_zone_a_pct,fold16/test_horizon_15_ega_zone_a_count,fold16/test_horizon_15_ega_zone_b_pct,fold16/test_horizon_15_ega_zone_b_count,fold16/test_horizon_15_ega_zone_c_pct,fold16/test_horizon_15_ega_zone_c_count,fold16/test_horizon_15_ega_zone_d_pct,fold16/test_horizon_15_ega_zone_d_count,fold16/test_horizon_15_ega_zone_e_pct,fold16/test_horizon_15_ega_zone_e_count,fold16/test_horizon_30_mae,fold16/test_horizon_30_rmse,fold16/test_horizon_30_mard,fold16/test_horizon_30_mape,fold16/test_horizon_30_r2,fold16/test_horizon_30_pearson,fold16/test_horizon_30_ega_zone_a_pct,fold16/test_horizon_30_ega_zone_a_count,fold16/test_horizon_30_ega_zone_b_pct,fold16/test_horizon_30_ega_zone_b_count,fold16/test_horizon_30_ega_zone_c_pct,fold16/test_horizon_30_ega_zone_c_count,fold16/test_horizon_30_ega_zone_d_pct,fold16/test_horizon_30_ega_zone_d_count,fold16/test_horizon_30_ega_zone_e_pct,fold16/test_horizon_30_ega_zone_e_count,fold16/test_horizon_45_mae,fold16/test_horizon_45_rmse,fold16/test_horizon_45_mard,fold16/test_horizon_45_mape,fold16/test_horizon_45_r2,fold16/test_horizon_45_pearson,fold16/test_horizon_45_ega_zone_a_pct,fold16/test_horizon_45_ega_zone_a_count,fold16/test_horizon_45_ega_zone_b_pct,fold16/test_horizon_45_ega_zone_b_count,fold16/test_horizon_45_ega_zone_c_pct,fold16/test_horizon_45_ega_zone_c_count,fold16/test_horizon_45_ega_zone_d_pct,fold16/test_horizon_45_ega_zone_d_count,fold16/test_horizon_45_ega_zone_e_pct,fold16/test_horizon_45_ega_zone_e_count,fold16/test_horizon_60_mae,fold16/test_horizon_60_rmse,fold16/test_horizon_60_mard,fold16/test_horizon_60_mape,fold16/test_horizon_60_r2,fold16/test_horizon_60_pearson,fold16/test_horizon_60_ega_zone_a_pct,fold16/test_horizon_60_ega_zone_a_count,fold16/test_horizon_60_ega_zone_b_pct,fold16/test_horizon_60_ega_zone_b_count,fold16/test_horizon_60_ega_zone_c_pct,fold16/test_horizon_60_ega_zone_c_count,fold16/test_horizon_60_ega_zone_d_pct,fold16/test_horizon_60_ega_zone_d_count,fold16/test_horizon_60_ega_zone_e_pct,fold16/test_horizon_60_ega_zone_e_count
0,0.3212515956871512,11.293661117553711,16.010421752929688,10.392624855041504,10.392624855041504,0.10030919313430786,0.4864548146724701,84.83275604248047,5884.0,15.06632137298584,1045.0,0.0,0.0,0.10092272609472275,7.0,0.0,0.0,6.589893341064453,9.21068000793457,6.162696361541748,6.162696361541748,0.7088912725448608,0.8501960039138794,96.48212432861328,1673.0,3.344867467880249,58.0,0.0,0.0,0.17301037907600403,3.0,0.0,0.0,11.345659255981445,15.726608276367188,10.421272277832031,10.421272277832031,0.1378306746482849,0.5193538665771484,85.12110900878906,1476.0,14.705883026123047,255.0,0.0,0.0,0.17301037907600403,3.0,0.0,0.0,13.229049682617188,18.083053588867188,12.107003211975098,12.107003211975098,-0.15831053256988525,0.30364102125167847,79.70011901855469,1382.0,20.24221420288086,351.0,0.0,0.0,0.057670123875141144,1.0,0.0,0.0,14.010038375854492,19.13569450378418,12.879528045654297,12.879528045654297,-0.3126952648162842,0.16286960244178772,78.0276870727539,1353.0,21.972318649291992,381.0,0.0,0.0,0.0,0.0,0.0,0.0
