step,fold1/train_loss,fold1/val_mae,fold1/val_rmse,fold1/val_mard,fold1/val_r2,fold1/val_pearson,fold1/val_ega_zone_a_pct,fold1/val_ega_zone_a_count,fold1/val_ega_zone_b_pct,fold1/val_ega_zone_b_count,fold1/val_ega_zone_c_pct,fold1/val_ega_zone_c_count,fold1/val_ega_zone_d_pct,fold1/val_ega_zone_d_count,fold1/val_ega_zone_e_pct,fold1/val_ega_zone_e_count,fold1/val_horizon_15_mae,fold1/val_horizon_15_rmse,fold1/val_horizon_15_mard,fold1/val_horizon_15_r2,fold1/val_horizon_15_pearson,fold1/val_horizon_15_ega_zone_a_pct,fold1/val_horizon_15_ega_zone_a_count,fold1/val_horizon_15_ega_zone_b_pct,fold1/val_horizon_15_ega_zone_b_count,fold1/val_horizon_15_ega_zone_c_pct,fold1/val_horizon_15_ega_zone_c_count,fold1/val_horizon_15_ega_zone_d_pct,fold1/val_horizon_15_ega_zone_d_count,fold1/val_horizon_15_ega_zone_e_pct,fold1/val_horizon_15_ega_zone_e_count,fold1/val_horizon_30_mae,fold1/val_horizon_30_rmse,fold1/val_horizon_30_mard,fold1/val_horizon_30_r2,fold1/val_horizon_30_pearson,fold1/val_horizon_30_ega_zone_a_pct,fold1/val_horizon_30_ega_zone_a_count,fold1/val_horizon_30_ega_zone_b_pct,fold1/val_horizon_30_ega_zone_b_count,fold1/val_horizon_30_ega_zone_c_pct,fold1/val_horizon_30_ega_zone_c_count,fold1/val_horizon_30_ega_zone_d_pct,fold1/val_horizon_30_ega_zone_d_count,fold1/val_horizon_30_ega_zone_e_pct,fold1/val_horizon_30_ega_zone_e_count,fold1/val_horizon_45_mae,fold1/val_horizon_45_rmse,fold1/val_horizon_45_mard,fold1/val_horizon_45_r2,fold1/val_horizon_45_pearson,fold1/val_horizon_45_ega_zone_a_pct,fold1/val_horizon_45_ega_zone_a_count,fold1/val_horizon_45_ega_zone_b_pct,fold1/val_horizon_45_ega_zone_b_count,fold1/val_horizon_45_ega_zone_c_pct,fold1/val_horizon_45_ega_zone_c_count,fold1/val_horizon_45_ega_zone_d_pct,fold1/val_horizon_45_ega_zone_d_count,fold1/val_horizon_45_ega_zone_e_pct,fold1/val_horizon_45_ega_zone_e_count,fold1/val_horizon_60_mae,fold1/val_horizon_60_rmse,fold1/val_horizon_60_mard,fold1/val_horizon_60_r2,fold1/val_horizon_60_pearson,fold1/val_horizon_60_ega_zone_a_pct,fold1/val_horizon_60_ega_zone_a_count,fold1/val_horizon_60_ega_zone_b_pct,fold1/val_horizon_60_ega_zone_b_count,fold1/val_horizon_60_ega_zone_c_pct,fold1/val_horizon_60_ega_zone_c_count,fold1/val_horizon_60_ega_zone_d_pct,fold1/val_horizon_60_ega_zone_d_count,fold1/val_horizon_60_ega_zone_e_pct,fold1/val_horizon_60_ega_zone_e_count,fold1/diag_graph_prior_weight,fold1/diag_graph_residual_mean,fold1/diag_fusion_gate_cgm,fold1/diag_fusion_gate_cgm_guided,fold1/diag_fusion_gate_physio,fold1/diag_horizon_query_similarity,fold1/diag_horizon_progressive_gate,fold1/diag_horizon_attention_similarity,fold1/diag_horizon_attention_entropy,fold1/diag_horizon_curriculum_progress,fold1/diag_loss_horizon_weight_0,fold1/diag_loss_horizon_weight_1,fold1/diag_loss_horizon_weight_2,fold1/diag_loss_horizon_weight_3
1,0.24976761959270233,12.470537185668945,19.33043670654297,9.511414527893066,0.2787973880767822,0.6147686243057251,87.1361083984375,18438.0,12.863893508911133,2722.0,0.0,0.0,0.0,0.0,0.0,0.0,7.077178955078125,10.763627052307129,5.464287757873535,0.7763409614562988,0.8844039440155029,97.10774993896484,5137.0,2.892249345779419,153.0,0.0,0.0,0.0,0.0,0.0,0.0,11.791478157043457,17.927635192871094,9.018967628479004,0.37955647706985474,0.6698237657546997,88.16635131835938,4664.0,11.833648681640625,626.0,0.0,0.0,0.0,0.0,0.0,0.0,14.683692932128906,21.933650970458984,11.163162231445312,0.07155776023864746,0.497739315032959,82.85444641113281,4383.0,17.145557403564453,907.0,0.0,0.0,0.0,0.0,0.0,0.0,16.329797744750977,24.006711959838867,12.399239540100098,-0.11199593544006348,0.389682412147522,80.41587829589844,4254.0,19.584121704101562,1036.0,0.0,0.0,0.0,0.0,0.0,0.0,1.001731276512146,0.011661859229207039,0.22850413620471954,0.6320708394050598,0.13942506909370422,0.04276728630065918,0.11920291930437088,0.9998628497123718,0.9999507069587708,0.0,0.3333333432674408,0.28333333134651184,0.21666665375232697,0.1666666716337204
2,0.2436330152350623,12.413822174072266,19.118385314941406,9.429840087890625,0.29453349113464355,0.6179102063179016,87.89697265625,18599.0,12.10302448272705,2561.0,0.0,0.0,0.0,0.0,0.0,0.0,7.106689929962158,10.744772911071777,5.466187000274658,0.7771238088607788,0.8854976892471313,97.14555358886719,5139.0,2.8544423580169678,151.0,0.0,0.0,0.0,0.0,0.0,0.0,11.792824745178223,17.762657165527344,8.976999282836914,0.3909231424331665,0.6713079810142517,89.16824340820312,4717.0,10.831758499145508,573.0,0.0,0.0,0.0,0.0,0.0,0.0,14.586904525756836,21.65341567993164,11.046091079711914,0.09513074159622192,0.5003876090049744,83.81852722167969,4434.0,16.181474685668945,856.0,0.0,0.0,0.0,0.0,0.0,0.0,16.168867111206055,23.711137771606445,12.230084419250488,-0.08478236198425293,0.39108365774154663,81.45557403564453,4309.0,18.544424057006836,981.0,0.0,0.0,0.0,0.0,0.0,0.0,1.0055301189422607,0.011100975796580315,0.14068125188350677,0.7781486511230469,0.08117005228996277,0.06550531089305878,0.11920291930437088,0.9961113333702087,0.9959070086479187,0.07142857142857142,0.3245614171028137,0.2788847088813782,0.21998745203018188,0.17656642198562622
3,0.2432859126621212,12.35155200958252,19.012784957885742,9.402181625366211,0.30230534076690674,0.6177302002906799,87.9442367553711,18609.0,12.055766105651855,2551.0,0.0,0.0,0.0,0.0,0.0,0.0,7.041271686553955,10.67431926727295,5.424813270568848,0.780036985874176,0.8860886096954346,97.29678344726562,5147.0,2.703213691711426,143.0,0.0,0.0,0.0,0.0,0.0,0.0,11.738386154174805,17.673891067504883,8.949419021606445,0.3969954252243042,0.6716452836990356,89.26275634765625,4722.0,10.737239837646484,568.0,0.0,0.0,0.0,0.0,0.0,0.0,14.5200834274292,21.530019760131836,11.016860008239746,0.1054145097732544,0.4991947114467621,83.91304779052734,4439.0,16.086956024169922,851.0,0.0,0.0,0.0,0.0,0.0,0.0,16.10646629333496,23.58165740966797,12.217632293701172,-0.07296741008758545,0.3868102431297302,81.3043441772461,4301.0,18.69565200805664,989.0,0.0,0.0,0.0,0.0,0.0,0.0,1.0019903182983398,0.010700915940105915,0.08023574203252792,0.8417342901229858,0.07802995294332504,0.11013180762529373,0.11920291930437088,0.9921337962150574,0.9761896133422852,0.14285714285714285,0.31578949093818665,0.2744360864162445,0.223308265209198,0.18646617233753204
4,0.2437623801573039,12.371941566467285,18.99693489074707,9.412405967712402,0.3034680485725403,0.6190667748451233,87.98204040527344,18617.0,12.017958641052246,2543.0,0.0,0.0,0.0,0.0,0.0,0.0,7.061001777648926,10.660566329956055,5.43563985824585,0.7806034684181213,0.8868406414985657,97.3345947265625,5149.0,2.6654064655303955,141.0,0.0,0.0,0.0,0.0,0.0,0.0,11.767699241638184,17.664358139038086,8.965426445007324,0.3976457118988037,0.6727262735366821,89.28166961669922,4723.0,10.718337059020996,567.0,0.0,0.0,0.0,0.0,0.0,0.0,14.518616676330566,21.499849319458008,11.010150909423828,0.10791993141174316,0.5015125870704651,83.8941421508789,4438.0,16.105859756469727,852.0,0.0,0.0,0.0,0.0,0.0,0.0,16.140445709228516,23.571453094482422,12.238405227661133,-0.07203900814056396,0.388510525226593,81.41777038574219,4307.0,18.582231521606445,983.0,0.0,0.0,0.0,0.0,0.0,0.0,0.9957872629165649,0.01047251932322979,0.08947068452835083,0.8079409003257751,0.10258851945400238,0.13153067231178284,0.11920291930437088,0.9970357418060303,0.97391277551651,0.21428571428571427,0.30701756477355957,0.26998746395111084,0.22662906348705292,0.19636592268943787
5,0.2408476726486675,12.312071800231934,18.919292449951172,9.358633041381836,0.30914998054504395,0.6208378672599792,88.02457427978516,18626.0,11.975425720214844,2534.0,0.0,0.0,0.0,0.0,0.0,0.0,6.9335126876831055,10.407760620117188,5.33560848236084,0.7908856868743896,0.8922956585884094,97.56143951416016,5161.0,2.438563346862793,129.0,0.0,0.0,0.0,0.0,0.0,0.0,11.680642127990723,17.53690528869629,8.891414642333984,0.4063066840171814,0.6767764687538147,89.30056762695312,4724.0,10.699433326721191,566.0,0.0,0.0,0.0,0.0,0.0,0.0,14.458312034606934,21.414175033569336,10.959165573120117,0.11501538753509521,0.5021697282791138,83.96975708007812,4442.0,16.03024673461914,848.0,0.0,0.0,0.0,0.0,0.0,0.0,16.17582130432129,23.607778549194336,12.248340606689453,-0.07534563541412354,0.38217616081237793,81.26654052734375,4299.0,18.73345947265625,991.0,0.0,0.0,0.0,0.0,0.0,0.0,0.990562915802002,0.010364222340285778,0.09921523928642273,0.7976807951927185,0.10310398787260056,0.146895632147789,0.11920291930437088,0.9979351162910461,0.9608453512191772,0.2857142857142857,0.2982456088066101,0.2655388414859772,0.22994986176490784,0.2062656730413437
6,0.23673829096914184,12.269229888916016,18.765947341918945,9.305291175842285,0.3203035593032837,0.6309410333633423,88.2419662475586,18672.0,11.758033752441406,2488.0,0.0,0.0,0.0,0.0,0.0,0.0,6.619588851928711,9.761518478393555,5.0915069580078125,0.8160482048988342,0.9071835875511169,98.20416259765625,5195.0,1.7958412170410156,95.0,0.0,0.0,0.0,0.0,0.0,0.0,11.591781616210938,17.190698623657227,8.811710357666016,0.42951613664627075,0.6932246685028076,89.75425720214844,4748.0,10.245746612548828,542.0,0.0,0.0,0.0,0.0,0.0,0.0,14.534599304199219,21.357362747192383,10.991438865661621,0.11970490217208862,0.5086230039596558,84.12097930908203,4450.0,15.879016876220703,840.0,0.0,0.0,0.0,0.0,0.0,0.0,16.330951690673828,23.700183868408203,12.326506614685059,-0.08378040790557861,0.3840314447879791,80.88846588134766,4279.0,19.111530303955078,1011.0,0.0,0.0,0.0,0.0,0.0,0.0,0.9902733564376831,0.01029721088707447,0.10197994858026505,0.6361818313598633,0.26183822751045227,0.1543494611978531,0.11920291930437088,0.9909902215003967,0.9119446873664856,0.35714285714285715,0.28947368264198303,0.2610902190208435,0.23327067494392395,0.2161654233932495
7,0.23232573050702524,11.912230491638184,18.40401268005371,9.042091369628906,0.34626907110214233,0.6452887058258057,88.65784454345703,18760.0,11.342155456542969,2400.0,0.0,0.0,0.0,0.0,0.0,0.0,5.989947319030762,8.86606216430664,4.6526336669921875,0.8482492566108704,0.9226999282836914,98.65784454345703,5219.0,1.3421549797058105,71.0,0.0,0.0,0.0,0.0,0.0,0.0,11.205023765563965,16.69558334350586,8.5438814163208,0.4619044065475464,0.7108334898948669,90.34026336669922,4779.0,9.659734725952148,511.0,0.0,0.0,0.0,0.0,0.0,0.0,14.347311973571777,21.140121459960938,10.843026161193848,0.1375221610069275,0.5171231031417847,84.48014831542969,4469.0,15.519848823547363,821.0,0.0,0.0,0.0,0.0,0.0,0.0,16.10663604736328,23.46436309814453,12.128823280334473,-0.06231999397277832,0.3923112154006958,81.15312194824219,4293.0,18.846881866455078,997.0,0.0,0.0,0.0,0.0,0.0,0.0,0.9890452027320862,0.010242092423141003,0.08873652666807175,0.7839330434799194,0.1273304671049118,0.15661928057670593,0.11920291930437088,0.9820420145988464,0.878974437713623,0.42857142857142855,0.28070175647735596,0.25664159655570984,0.23659147322177887,0.22606515884399414
8,0.22919425064857976,11.966073989868164,18.4598388671875,9.083905220031738,0.34229713678359985,0.645989179611206,88.3412094116211,18693.0,11.65878963470459,2467.0,0.0,0.0,0.0,0.0,0.0,0.0,5.7694244384765625,8.467007637023926,4.5072922706604,0.8616021871566772,0.9296447038650513,98.94139862060547,5234.0,1.0586011409759521,56.0,0.0,0.0,0.0,0.0,0.0,0.0,11.156071662902832,16.53037452697754,8.525659561157227,0.4725010395050049,0.7178655862808228,90.28355407714844,4776.0,9.716445922851562,514.0,0.0,0.0,0.0,0.0,0.0,0.0,14.522598266601562,21.27215003967285,10.970294952392578,0.12671548128128052,0.5136891007423401,83.79962158203125,4433.0,16.20037841796875,857.0,0.0,0.0,0.0,0.0,0.0,0.0,16.41619873046875,23.78265380859375,12.332371711730957,-0.09133589267730713,0.3805754780769348,80.34026336669922,4250.0,19.65973472595215,1040.0,0.0,0.0,0.0,0.0,0.0,0.0,0.9881235957145691,0.010205252096056938,0.09652305394411087,0.8098430037498474,0.09363393485546112,0.16704308986663818,0.11920291930437088,0.9809539914131165,0.8551599979400635,0.5,0.2719298303127289,0.25219297409057617,0.2399122714996338,0.23596492409706116
9,0.22652156005198684,12.12423324584961,18.581798553466797,9.194743156433105,0.33357781171798706,0.6427765488624573,88.1427230834961,18651.0,11.857277870178223,2509.0,0.0,0.0,0.0,0.0,0.0,0.0,5.766117572784424,8.34068489074707,4.508110046386719,0.8657010197639465,0.9321622252464294,99.03591918945312,5239.0,0.9640831351280212,51.0,0.0,0.0,0.0,0.0,0.0,0.0,11.296675682067871,16.557497024536133,8.625232696533203,0.4707685708999634,0.7188693881034851,90.45368194580078,4785.0,9.546313285827637,505.0,0.0,0.0,0.0,0.0,0.0,0.0,14.764307975769043,21.481536865234375,11.13640022277832,0.10943889617919922,0.5051988959312439,83.3081283569336,4407.0,16.691871643066406,883.0,0.0,0.0,0.0,0.0,0.0,0.0,16.669836044311523,23.99913787841797,12.509228706359863,-0.11129438877105713,0.36865147948265076,79.77315521240234,4220.0,20.226842880249023,1070.0,0.0,0.0,0.0,0.0,0.0,0.0,0.9902051687240601,0.010176245123147964,0.1465993970632553,0.7575602531433105,0.09584037959575653,0.17056488990783691,0.11920291930437088,0.979607105255127,0.8798844814300537,0.5714285714285714,0.2631579041481018,0.2477443516254425,0.2432330846786499,0.24586467444896698
10,0.2240393010778827,12.032574653625488,18.47105598449707,9.13563346862793,0.341497540473938,0.6467934846878052,88.14744567871094,18652.0,11.85255241394043,2508.0,0.0,0.0,0.0,0.0,0.0,0.0,5.687210559844971,8.201336860656738,4.456375598907471,0.8701509833335876,0.9343470335006714,99.0926284790039,5242.0,0.9073724150657654,48.0,0.0,0.0,0.0,0.0,0.0,0.0,11.21353816986084,16.454330444335938,8.575331687927246,0.4773431420326233,0.7220459580421448,90.58601379394531,4792.0,9.413989067077637,498.0,0.0,0.0,0.0,0.0,0.0,0.0,14.649515151977539,21.356670379638672,11.06152629852295,0.119762122631073,0.5097337365150452,83.34593963623047,4409.0,16.654064178466797,881.0,0.0,0.0,0.0,0.0,0.0,0.0,16.58003807067871,23.887348175048828,12.449300765991211,-0.10096549987792969,0.3727816641330719,79.56521606445312,4209.0,20.434782028198242,1081.0,0.0,0.0,0.0,0.0,0.0,0.0,0.9913978576660156,0.01015746220946312,0.22576904296875,0.6626861691474915,0.11154485493898392,0.18130971491336823,0.11920291930437088,0.985907793045044,0.8799315094947815,0.6428571428571429,0.25438597798347473,0.24329572916030884,0.24655388295650482,0.2557644248008728
11,0.22353566459283258,12.205233573913574,18.608985900878906,9.257761001586914,0.3316262364387512,0.6406709551811218,87.96314239501953,18613.0,12.03686237335205,2547.0,0.0,0.0,0.0,0.0,0.0,0.0,5.742626190185547,8.234753608703613,4.489367961883545,0.8690906763076782,0.9338635206222534,99.11153411865234,5243.0,0.8884688019752502,47.0,0.0,0.0,0.0,0.0,0.0,0.0,11.366369247436523,16.5471248626709,8.683316230773926,0.4714314341545105,0.7181398868560791,90.54820251464844,4790.0,9.451796531677246,500.0,0.0,0.0,0.0,0.0,0.0,0.0,14.866403579711914,21.500465393066406,11.217272758483887,0.1078687310218811,0.500768780708313,83.10018920898438,4396.0,16.899810791015625,894.0,0.0,0.0,0.0,0.0,0.0,0.0,16.845539093017578,24.10993194580078,12.641087532043457,-0.12157893180847168,0.3592013716697693,79.0926284790039,4184.0,20.907371520996094,1106.0,0.0,0.0,0.0,0.0,0.0,0.0,0.9935598373413086,0.010162023827433586,0.20259222388267517,0.6914819478988647,0.1059257835149765,0.18498176336288452,0.11920291930437088,0.9821014404296875,0.8977460265159607,0.7142857142857143,0.24561403691768646,0.23884710669517517,0.24987469613552094,0.26566416025161743
12,0.22092349139417505,12.255131721496582,18.686256408691406,9.290338516235352,0.3260641098022461,0.6369245648384094,87.7646484375,18571.0,12.230623245239258,2588.0,0.0047258976846933365,1.0,0.0,0.0,0.0,0.0,5.7147955894470215,8.154006004333496,4.467348575592041,0.871645450592041,0.9354152083396912,99.13043212890625,5244.0,0.8695651888847351,46.0,0.0,0.0,0.0,0.0,0.0,0.0,11.398603439331055,16.5760440826416,8.697835922241211,0.469582200050354,0.7171054482460022,90.32136535644531,4778.0,9.678638458251953,512.0,0.0,0.0,0.0,0.0,0.0,0.0,14.985885620117188,21.64902687072754,11.304299354553223,0.09549754858016968,0.49076735973358154,82.85444641113281,4383.0,17.12665367126465,906.0,0.018903590738773346,1.0,0.0,0.0,0.0,0.0,16.92124366760254,24.22336196899414,12.69186782836914,-0.1321570873260498,0.3479645550251007,78.75236511230469,4166.0,21.247636795043945,1124.0,0.0,0.0,0.0,0.0,0.0,0.0,0.9908647537231445,0.010173652321100235,0.212427020072937,0.6322658658027649,0.1553070992231369,0.191218301653862,0.11920291930437088,0.9820197224617004,0.9049946069717407,0.7857142857142857,0.23684212565422058,0.2343984991312027,0.25319552421569824,0.27556392550468445
13,0.21817271333282134,12.329861640930176,18.80336570739746,9.356510162353516,0.31759029626846313,0.6324079632759094,87.75519561767578,18569.0,12.24007511138916,2590.0,0.0047258976846933365,1.0,0.0,0.0,0.0,0.0,5.799378871917725,8.277819633483887,4.523857593536377,0.8677178621292114,0.9335974454879761,99.20604705810547,5248.0,0.7939507961273193,42.0,0.0,0.0,0.0,0.0,0.0,0.0,11.543231964111328,16.80965805053711,8.805232048034668,0.4545261263847351,0.7092825174331665,89.73534393310547,4747.0,10.264650344848633,543.0,0.0,0.0,0.0,0.0,0.0,0.0,15.091442108154297,21.82890510559082,11.398381233215332,0.08040428161621094,0.48529353737831116,82.85444641113281,4383.0,17.12665367126465,906.0,0.018903590738773346,1.0,0.0,0.0,0.0,0.0,16.885398864746094,24.221446990966797,12.69857120513916,-0.13197791576385498,0.3483325242996216,79.2249526977539,4191.0,20.775047302246094,1099.0,0.0,0.0,0.0,0.0,0.0,0.0,0.9907803535461426,0.010181885212659836,0.24119336903095245,0.5778494477272034,0.18095724284648895,0.19689540565013885,0.11920291930437088,0.985983669757843,0.9042613506317139,0.8571428571428571,0.22807016968727112,0.22994986176490784,0.25651630759239197,0.2854636609554291
14,0.21334014825666797,12.56999683380127,19.004573822021484,9.539332389831543,0.3029077649116516,0.6258717179298401,87.06993865966797,18424.0,12.925331115722656,2735.0,0.0047258976846933365,1.0,0.0,0.0,0.0,0.0,5.837380886077881,8.268607139587402,4.56146240234375,0.8680121898651123,0.9337140917778015,99.20604705810547,5248.0,0.7939507961273193,42.0,0.0,0.0,0.0,0.0,0.0,0.0,11.76701831817627,16.94243812561035,8.980603218078613,0.44587451219558716,0.7051761746406555,89.35728454589844,4727.0,10.642722129821777,563.0,0.0,0.0,0.0,0.0,0.0,0.0,15.423689842224121,22.04427146911621,11.654232025146484,0.06216913461685181,0.47611913084983826,81.7580337524414,4325.0,18.22306251525879,964.0,0.018903590738773346,1.0,0.0,0.0,0.0,0.0,17.251893997192383,24.562761306762695,12.96103572845459,-0.16410517692565918,0.3349946439266205,77.95841217041016,4124.0,22.041587829589844,1166.0,0.0,0.0,0.0,0.0,0.0,0.0,0.9905181527137756,0.010182606056332588,0.23622260987758636,0.5718092918395996,0.19196817278862,0.19661729037761688,0.11920291930437088,0.9860526919364929,0.9248989820480347,0.9285714285714286,0.21929824352264404,0.22550123929977417,0.2598370909690857,0.2953633964061737
15,0.21152984731836527,12.599483489990234,18.986417770385742,9.583270072937012,0.30423903465270996,0.6259751319885254,87.10302734375,18431.0,12.89697551727295,2729.0,0.0,0.0,0.0,0.0,0.0,0.0,5.852506160736084,8.27039623260498,4.57588529586792,0.8679550290107727,0.933660089969635,99.24385833740234,5250.0,0.7561436891555786,40.0,0.0,0.0,0.0,0.0,0.0,0.0,11.781612396240234,16.92334747314453,9.006691932678223,0.44712263345718384,0.7051945924758911,89.41398620605469,4730.0,10.58601188659668,560.0,0.0,0.0,0.0,0.0,0.0,0.0,15.457198143005371,22.012054443359375,11.708550453186035,0.06490838527679443,0.4768844544887543,81.92816162109375,4334.0,18.07183265686035,956.0,0.0,0.0,0.0,0.0,0.0,0.0,17.306612014770508,24.54804801940918,13.041952133178711,-0.16271090507507324,0.33628928661346436,77.82608795166016,4117.0,22.173912048339844,1173.0,0.0,0.0,0.0,0.0,0.0,0.0,0.9902887940406799,0.010190056636929512,0.23707935214042664,0.5755361914634705,0.1873844414949417,0.20087604224681854,0.11920291930437088,0.9851837754249573,0.9227946400642395,1.0,0.21052631735801697,0.2210526168346405,0.2631579041481018,0.3052631616592407
step,fold1/test_loss,fold1/test_mae,fold1/test_rmse,fold1/test_mard,fold1/test_r2,fold1/test_pearson,fold1/test_ega_zone_a_pct,fold1/test_ega_zone_a_count,fold1/test_ega_zone_b_pct,fold1/test_ega_zone_b_count,fold1/test_ega_zone_c_pct,fold1/test_ega_zone_c_count,fold1/test_ega_zone_d_pct,fold1/test_ega_zone_d_count,fold1/test_ega_zone_e_pct,fold1/test_ega_zone_e_count,fold1/test_horizon_15_mae,fold1/test_horizon_15_rmse,fold1/test_horizon_15_mard,fold1/test_horizon_15_r2,fold1/test_horizon_15_pearson,fold1/test_horizon_15_ega_zone_a_pct,fold1/test_horizon_15_ega_zone_a_count,fold1/test_horizon_15_ega_zone_b_pct,fold1/test_horizon_15_ega_zone_b_count,fold1/test_horizon_15_ega_zone_c_pct,fold1/test_horizon_15_ega_zone_c_count,fold1/test_horizon_15_ega_zone_d_pct,fold1/test_horizon_15_ega_zone_d_count,fold1/test_horizon_15_ega_zone_e_pct,fold1/test_horizon_15_ega_zone_e_count,fold1/test_horizon_30_mae,fold1/test_horizon_30_rmse,fold1/test_horizon_30_mard,fold1/test_horizon_30_r2,fold1/test_horizon_30_pearson,fold1/test_horizon_30_ega_zone_a_pct,fold1/test_horizon_30_ega_zone_a_count,fold1/test_horizon_30_ega_zone_b_pct,fold1/test_horizon_30_ega_zone_b_count,fold1/test_horizon_30_ega_zone_c_pct,fold1/test_horizon_30_ega_zone_c_count,fold1/test_horizon_30_ega_zone_d_pct,fold1/test_horizon_30_ega_zone_d_count,fold1/test_horizon_30_ega_zone_e_pct,fold1/test_horizon_30_ega_zone_e_count,fold1/test_horizon_45_mae,fold1/test_horizon_45_rmse,fold1/test_horizon_45_mard,fold1/test_horizon_45_r2,fold1/test_horizon_45_pearson,fold1/test_horizon_45_ega_zone_a_pct,fold1/test_horizon_45_ega_zone_a_count,fold1/test_horizon_45_ega_zone_b_pct,fold1/test_horizon_45_ega_zone_b_count,fold1/test_horizon_45_ega_zone_c_pct,fold1/test_horizon_45_ega_zone_c_count,fold1/test_horizon_45_ega_zone_d_pct,fold1/test_horizon_45_ega_zone_d_count,fold1/test_horizon_45_ega_zone_e_pct,fold1/test_horizon_45_ega_zone_e_count,fold1/test_horizon_60_mae,fold1/test_horizon_60_rmse,fold1/test_horizon_60_mard,fold1/test_horizon_60_r2,fold1/test_horizon_60_pearson,fold1/test_horizon_60_ega_zone_a_pct,fold1/test_horizon_60_ega_zone_a_count,fold1/test_horizon_60_ega_zone_b_pct,fold1/test_horizon_60_ega_zone_b_count,fold1/test_horizon_60_ega_zone_c_pct,fold1/test_horizon_60_ega_zone_c_count,fold1/test_horizon_60_ega_zone_d_pct,fold1/test_horizon_60_ega_zone_d_count,fold1/test_horizon_60_ega_zone_e_pct,fold1/test_horizon_60_ega_zone_e_count
0,0.19972532028850318,8.219643592834473,11.627342224121094,7.675422668457031,0.4751325249671936,0.6984385251998901,92.95256042480469,6819.0,6.965649127960205,511.0,0.0,0.0,0.08178844302892685,6.0,0.0,0.0,4.678135871887207,6.676902770996094,4.399838924407959,0.8250260353088379,0.9100092053413391,98.6913833618164,1810.0,1.19956374168396,22.0,0.0,0.0,0.10905124992132187,2.0,0.0,0.0,8.048791885375977,11.371678352355957,7.519362926483154,0.49610263109207153,0.7139968276023865,93.72955322265625,1719.0,6.161396026611328,113.0,0.0,0.0,0.10905124992132187,2.0,0.0,0.0,9.607527732849121,13.123127937316895,8.970071792602539,0.33379584550857544,0.5954374670982361,91.05779266357422,1670.0,8.887677192687988,163.0,0.0,0.0,0.054525624960660934,1.0,0.0,0.0,10.544116973876953,13.952338218688965,9.812416076660156,0.2524147033691406,0.5266368389129639,88.33151245117188,1620.0,11.613958358764648,213.0,0.0,0.0,0.054525624960660934,1.0,0.0,0.0
step,fold2/train_loss,fold2/val_mae,fold2/val_rmse,fold2/val_mard,fold2/val_r2,fold2/val_pearson,fold2/val_ega_zone_a_pct,fold2/val_ega_zone_a_count,fold2/val_ega_zone_b_pct,fold2/val_ega_zone_b_count,fold2/val_ega_zone_c_pct,fold2/val_ega_zone_c_count,fold2/val_ega_zone_d_pct,fold2/val_ega_zone_d_count,fold2/val_ega_zone_e_pct,fold2/val_ega_zone_e_count,fold2/val_horizon_15_mae,fold2/val_horizon_15_rmse,fold2/val_horizon_15_mard,fold2/val_horizon_15_r2,fold2/val_horizon_15_pearson,fold2/val_horizon_15_ega_zone_a_pct,fold2/val_horizon_15_ega_zone_a_count,fold2/val_horizon_15_ega_zone_b_pct,fold2/val_horizon_15_ega_zone_b_count,fold2/val_horizon_15_ega_zone_c_pct,fold2/val_horizon_15_ega_zone_c_count,fold2/val_horizon_15_ega_zone_d_pct,fold2/val_horizon_15_ega_zone_d_count,fold2/val_horizon_15_ega_zone_e_pct,fold2/val_horizon_15_ega_zone_e_count,fold2/val_horizon_30_mae,fold2/val_horizon_30_rmse,fold2/val_horizon_30_mard,fold2/val_horizon_30_r2,fold2/val_horizon_30_pearson,fold2/val_horizon_30_ega_zone_a_pct,fold2/val_horizon_30_ega_zone_a_count,fold2/val_horizon_30_ega_zone_b_pct,fold2/val_horizon_30_ega_zone_b_count,fold2/val_horizon_30_ega_zone_c_pct,fold2/val_horizon_30_ega_zone_c_count,fold2/val_horizon_30_ega_zone_d_pct,fold2/val_horizon_30_ega_zone_d_count,fold2/val_horizon_30_ega_zone_e_pct,fold2/val_horizon_30_ega_zone_e_count,fold2/val_horizon_45_mae,fold2/val_horizon_45_rmse,fold2/val_horizon_45_mard,fold2/val_horizon_45_r2,fold2/val_horizon_45_pearson,fold2/val_horizon_45_ega_zone_a_pct,fold2/val_horizon_45_ega_zone_a_count,fold2/val_horizon_45_ega_zone_b_pct,fold2/val_horizon_45_ega_zone_b_count,fold2/val_horizon_45_ega_zone_c_pct,fold2/val_horizon_45_ega_zone_c_count,fold2/val_horizon_45_ega_zone_d_pct,fold2/val_horizon_45_ega_zone_d_count,fold2/val_horizon_45_ega_zone_e_pct,fold2/val_horizon_45_ega_zone_e_count,fold2/val_horizon_60_mae,fold2/val_horizon_60_rmse,fold2/val_horizon_60_mard,fold2/val_horizon_60_r2,fold2/val_horizon_60_pearson,fold2/val_horizon_60_ega_zone_a_pct,fold2/val_horizon_60_ega_zone_a_count,fold2/val_horizon_60_ega_zone_b_pct,fold2/val_horizon_60_ega_zone_b_count,fold2/val_horizon_60_ega_zone_c_pct,fold2/val_horizon_60_ega_zone_c_count,fold2/val_horizon_60_ega_zone_d_pct,fold2/val_horizon_60_ega_zone_d_count,fold2/val_horizon_60_ega_zone_e_pct,fold2/val_horizon_60_ega_zone_e_count,fold2/diag_graph_prior_weight,fold2/diag_graph_residual_mean,fold2/diag_fusion_gate_cgm,fold2/diag_fusion_gate_cgm_guided,fold2/diag_fusion_gate_physio,fold2/diag_horizon_query_similarity,fold2/diag_horizon_progressive_gate,fold2/diag_horizon_attention_similarity,fold2/diag_horizon_attention_entropy,fold2/diag_horizon_curriculum_progress,fold2/diag_loss_horizon_weight_0,fold2/diag_loss_horizon_weight_1,fold2/diag_loss_horizon_weight_2,fold2/diag_loss_horizon_weight_3
1,0.234685597496648,12.10629653930664,19.276660919189453,10.937209129333496,0.3414630889892578,0.6432229280471802,84.12122344970703,14129.0,14.729698181152344,2474.0,0.005953798536211252,1.0,1.1371755599975586,191.0,0.005953798536211252,1.0,7.326389789581299,11.098832130432129,6.61021089553833,0.7830339074134827,0.8873553276062012,94.40342712402344,3964.0,5.144082069396973,216.0,0.0,0.0,0.4524887204170227,19.0,0.0,0.0,11.500138282775879,17.52935791015625,10.305621147155762,0.4571937322616577,0.7071318626403809,84.97261047363281,3568.0,14.00333309173584,588.0,0.0,0.0,1.0240533351898193,43.0,0.0,0.0,13.95362663269043,21.431432723999023,12.61589527130127,0.1833857297897339,0.5494953989982605,79.9952392578125,3359.0,18.55203628540039,779.0,0.0,0.0,1.4527268409729004,61.0,0.0,0.0,15.645030975341797,24.425195693969727,14.217108726501465,-0.06390213966369629,0.40714123845100403,77.11360168457031,3238.0,21.21933937072754,891.0,0.02381519414484501,1.0,1.6194332838058472,68.0,0.02381519414484501,1.0,1.0010926723480225,0.011709149926900864,0.4902431070804596,0.1812378615140915,0.3285190165042877,-0.02812468819320202,0.11920291930437088,0.9999623894691467,0.9999807476997375,0.0,0.3333333432674408,0.28333333134651184,0.21666665375232697,0.1666666716337204
2,0.23329573476110962,11.974793434143066,18.967342376708984,10.836027145385742,0.3624277114868164,0.6457713842391968,84.63919830322266,14216.0,14.164087295532227,2379.0,0.005953798536211252,1.0,1.1907596588134766,200.0,0.0,0.0,7.308344841003418,11.036149024963379,6.614798545837402,0.7854776978492737,0.887749195098877,94.33198547363281,3961.0,5.120266437530518,215.0,0.0,0.0,0.5477494597434998,23.0,0.0,0.0,11.431982040405273,17.34709358215332,10.278068542480469,0.46842294931411743,0.7069491744041443,85.49654388427734,3590.0,13.431769371032715,564.0,0.0,0.0,1.071683645248413,45.0,0.0,0.0,13.772710800170898,21.098342895507812,12.457477569580078,0.20857232809066772,0.5489315390586853,80.59061431884766,3384.0,17.909027099609375,752.0,0.0,0.0,1.5003572702407837,63.0,0.0,0.0,15.386134147644043,23.8994140625,13.993765830993652,-0.018591642379760742,0.4074539840221405,78.13765716552734,3281.0,20.195283889770508,848.0,0.02381519414484501,1.0,1.643248438835144,69.0,0.0,0.0,1.0020248889923096,0.011333725415170193,0.4456128180027008,0.19585302472114563,0.35853418707847595,-0.027139224112033844,0.11920291930437088,0.999751091003418,0.999933660030365,0.07142857142857142,0.3245614171028137,0.2788847088813782,0.21998745203018188,0.17656642198562622
3,0.23461720139297182,11.953409194946289,18.933229446411133,10.836503982543945,0.3647189736366272,0.6446372866630554,84.71064758300781,14228.0,14.086687088012695,2366.0,0.005953798536211252,1.0,1.1907596588134766,200.0,0.005953798536211252,1.0,7.306407451629639,11.031185150146484,6.622963905334473,0.7856706380844116,0.8877050876617432,94.21290588378906,3956.0,5.215527534484863,219.0,0.0,0.0,0.5715646743774414,24.0,0.0,0.0,11.429974555969238,17.36553955078125,10.296428680419922,0.46729177236557007,0.7054833769798279,85.49654388427734,3590.0,13.431769371032715,564.0,0.0,0.0,1.071683645248413,45.0,0.0,0.0,13.778221130371094,21.082063674926758,12.498985290527344,0.20979315042495728,0.5455465912818909,80.54298400878906,3382.0,17.956655502319336,754.0,0.0,0.0,1.5003572702407837,63.0,0.0,0.0,15.299029350280762,23.794248580932617,13.927639961242676,-0.009647130966186523,0.4027220606803894,78.59014129638672,3300.0,19.742795944213867,829.0,0.02381519414484501,1.0,1.6194332838058472,68.0,0.02381519414484501,1.0,1.0031769275665283,0.011038165539503098,0.4153428077697754,0.2116798311471939,0.3729774057865143,-0.030857129022479057,0.11920291930437088,0.9968934059143066,0.9994347095489502,0.14285714285714285,0.31578949093818665,0.2744360864162445,0.223308265209198,0.18646617233753204
4,0.23203803622066635,11.872424125671387,18.866527557373047,10.759281158447266,0.3691874146461487,0.6444893479347229,84.77018737792969,14238.0,14.02715015411377,2356.0,0.005953798536211252,1.0,1.1967134475708008,201.0,0.0,0.0,7.289297580718994,11.000636100769043,6.607524871826172,0.7868561148643494,0.8881915807723999,94.18909454345703,3955.0,5.23934268951416,220.0,0.0,0.0,0.5715646743774414,24.0,0.0,0.0,11.393997192382812,17.33118438720703,10.260610580444336,0.46939754486083984,0.7047369480133057,85.66325378417969,3597.0,13.265063285827637,557.0,0.0,0.0,1.071683645248413,45.0,0.0,0.0,13.671409606933594,21.01303482055664,12.390732765197754,0.21495944261550903,0.5432727932929993,80.66206359863281,3387.0,17.837581634521484,749.0,0.0,0.0,1.5003572702407837,63.0,0.0,0.0,15.134987831115723,23.682308197021484,13.77825927734375,-0.00016951560974121094,0.4006112813949585,78.56632232666016,3299.0,19.766611099243164,830.0,0.02381519414484501,1.0,1.643248438835144,69.0,0.0,0.0,1.0013782978057861,0.010842393152415752,0.33119750022888184,0.3158571422100067,0.3529454171657562,-0.025069328024983406,0.11920291930437088,0.983569324016571,0.9968665242195129,0.21428571428571427,0.30701756477355957,0.26998746395111084,0.22662906348705292,0.19636592268943787
5,0.23210979895754602,11.851324081420898,18.884098052978516,10.743042945861816,0.3680117726325989,0.6447612047195435,84.72850799560547,14231.0,14.086687088012695,2366.0,0.005953798536211252,1.0,1.1669445037841797,196.0,0.011907597072422504,2.0,7.2392377853393555,10.947056770324707,6.5620222091674805,0.7889273166656494,0.8892744183540344,94.18909454345703,3955.0,5.23934268951416,220.0,0.0,0.0,0.5715646743774414,24.0,0.0,0.0,11.33969497680664,17.296524047851562,10.208710670471191,0.4715176224708557,0.7054717540740967,85.54417419433594,3592.0,13.407954216003418,563.0,0.0,0.0,1.0478686094284058,44.0,0.0,0.0,13.663454055786133,21.071271896362305,12.390180587768555,0.21060186624526978,0.5443392992019653,80.66206359863281,3387.0,17.86139678955078,750.0,0.0,0.0,1.4765419960021973,62.0,0.0,0.0,15.162908554077148,23.736692428588867,13.811262130737305,-0.004768490791320801,0.40209242701530457,78.51869201660156,3297.0,19.838056564331055,833.0,0.02381519414484501,1.0,1.5718028545379639,66.0,0.04763038828969002,2.0,1.0057179927825928,0.010740930214524269,0.3699152171611786,0.2783983051776886,0.3516865372657776,-0.015135427005589008,0.11920291930437088,0.9889936447143555,0.996959924697876,0.2857142857142857,0.2982456088066101,0.2655388414859772,0.22994986176490784,0.2062656730413437
6,0.23033325843498875,11.76960563659668,18.727880477905273,10.630051612854004,0.3784247040748596,0.6474840044975281,84.97261047363281,14272.0,13.836627960205078,2324.0,0.005953798536211252,1.0,1.1788520812988281,198.0,0.005953798536211252,1.0,7.212586402893066,10.84480094909668,6.533319473266602,0.7928521633148193,0.8910734057426453,94.4748764038086,3967.0,4.9535603523254395,208.0,0.0,0.0,0.5715646743774414,24.0,0.0,0.0,11.309453010559082,17.189973831176758,10.153851509094238,0.4780087471008301,0.7069635987281799,85.92522430419922,3608.0,13.003095626831055,546.0,0.0,0.0,1.071683645248413,45.0,0.0,0.0,13.548638343811035,20.91067123413086,12.223759651184082,0.22258931398391724,0.5451929569244385,80.75732421875,3391.0,17.76613426208496,746.0,0.0,0.0,1.4765419960021973,62.0,0.0,0.0,15.007743835449219,23.50687026977539,13.609272003173828,0.014593958854675293,0.40574613213539124,78.7330322265625,3306.0,19.623720169067383,824.0,0.02381519414484501,1.0,1.5956180095672607,67.0,0.02381519414484501,1.0,1.0058958530426025,0.010694182477891445,0.3703395426273346,0.28698214888572693,0.3426783084869385,-0.002641834318637848,0.11920291930437088,0.9936547875404358,0.9954958558082581,0.35714285714285715,0.28947368264198303,0.2610902190208435,0.23327067494392395,0.2161654233932495
7,0.22648416474263627,11.693424224853516,18.563142776489258,10.548964500427246,0.38931190967559814,0.6521362662315369,85.29411315917969,14326.0,13.53893756866455,2274.0,0.0,0.0,1.1669445037841797,196.0,0.0,0.0,7.062904357910156,10.650659561157227,6.405213356018066,0.8002023696899414,0.8952860236167908,94.66539764404297,3975.0,4.810669422149658,202.0,0.0,0.0,0.5239343047142029,22.0,0.0,0.0,11.230145454406738,17.043350219726562,10.088546752929688,0.4868754744529724,0.7112708687782288,86.40151977539062,3628.0,12.550607681274414,527.0,0.0,0.0,1.0478686094284058,44.0,0.0,0.0,13.537027359008789,20.785133361816406,12.189374923706055,0.23189568519592285,0.5455289483070374,81.23362731933594,3411.0,17.289831161499023,726.0,0.0,0.0,1.4765419960021973,62.0,0.0,0.0,14.943620681762695,23.290054321289062,13.512725830078125,0.03268790245056152,0.4088974893093109,78.87592315673828,3312.0,19.5046443939209,819.0,0.0,0.0,1.6194332838058472,68.0,0.0,0.0,1.0048656463623047,0.010684390552341938,0.3455559313297272,0.2736983597278595,0.3807457685470581,0.004934323485940695,0.11920291930437088,0.9871706962585449,0.9904837608337402,0.42857142857142855,0.28070175647735596,0.25664159655570984,0.23659147322177887,0.22606515884399414
8,0.224535113867139,11.554691314697266,18.340030670166016,10.437704086303711,0.40390342473983765,0.6603232622146606,85.58585357666016,14375.0,13.247201919555664,2225.0,0.0,0.0,1.1669445037841797,196.0,0.0,0.0,6.777978897094727,10.2306489944458,6.169143199920654,0.8156497478485107,0.9037948846817017,95.2369613647461,3999.0,4.262919902801514,179.0,0.0,0.0,0.5001190304756165,21.0,0.0,0.0,11.075451850891113,16.815353393554688,9.958626747131348,0.5005123019218445,0.7194873094558716,86.5444107055664,3634.0,12.38390064239502,520.0,0.0,0.0,1.071683645248413,45.0,0.0,0.0,13.466008186340332,20.59539794921875,12.134203910827637,0.245854914188385,0.5517157316207886,81.49559783935547,3422.0,17.027864456176758,715.0,0.0,0.0,1.4765419960021973,62.0,0.0,0.0,14.89932918548584,23.104854583740234,13.488839149475098,0.04801064729690552,0.41336238384246826,79.06644439697266,3320.0,19.31412124633789,811.0,0.0,0.0,1.6194332838058472,68.0,0.0,0.0,1.0008805990219116,0.010702308267354965,0.3956144154071808,0.27083733677864075,0.33354830741882324,0.028171561658382416,0.11920291930437088,0.9781479239463806,0.9826642274856567,0.5,0.2719298303127289,0.25219297409057617,0.2399122714996338,0.23596492409706116
9,0.21895365760267574,11.470745086669922,18.211467742919922,10.38817310333252,0.4122313857078552,0.6674496531486511,85.77042388916016,14406.0,13.074541091918945,2196.0,0.0,0.0,1.1550369262695312,194.0,0.0,0.0,6.4228363037109375,9.605035781860352,5.877119064331055,0.8375067710876465,0.9158957600593567,95.97523498535156,4030.0,3.572279214859009,150.0,0.0,0.0,0.4524887204170227,19.0,0.0,0.0,10.942906379699707,16.548465728759766,9.867799758911133,0.5162417888641357,0.7309626936912537,86.71112060546875,3641.0,12.217194557189941,513.0,0.0,0.0,1.071683645248413,45.0,0.0,0.0,13.51327133178711,20.592491149902344,12.201201438903809,0.24606764316558838,0.5536526441574097,81.49559783935547,3422.0,17.027864456176758,715.0,0.0,0.0,1.4765419960021973,62.0,0.0,0.0,15.003965377807617,23.16184425354004,13.606575012207031,0.0433085560798645,0.41240379214286804,78.89973449707031,3313.0,19.4808292388916,818.0,0.0,0.0,1.6194332838058472,68.0,0.0,0.0,0.9989246129989624,0.010708846151828766,0.4410974979400635,0.2579200565814972,0.3009825348854065,0.038087476044893265,0.11920291930437088,0.9319160580635071,0.9700337648391724,0.5714285714285714,0.2631579041481018,0.2477443516254425,0.2432330846786499,0.24586467444896698
10,0.21413882798895212,11.322747230529785,17.977479934692383,10.2634916305542,0.42723822593688965,0.6773430705070496,85.9668960571289,14439.0,12.895928382873535,2166.0,0.0,0.0,1.1371755599975586,191.0,0.0,0.0,6.2206292152404785,9.252050399780273,5.702449321746826,0.8492305874824524,0.9224891662597656,96.33245849609375,4045.0,3.2388665676116943,136.0,0.0,0.0,0.42867347598075867,18.0,0.0,0.0,10.833320617675781,16.320968627929688,9.78532600402832,0.5294511914253235,0.7397579550743103,86.97309112548828,3652.0,11.955227851867676,502.0,0.0,0.0,1.071683645248413,45.0,0.0,0.0,13.386754989624023,20.370729446411133,12.09434700012207,0.2622186541557312,0.5647128224372864,81.5670394897461,3425.0,17.00404930114746,714.0,0.0,0.0,1.4289116859436035,60.0,0.0,0.0,14.850284576416016,22.93071937561035,13.471847534179688,0.06230628490447998,0.4230205714702606,78.99500274658203,3317.0,19.38556671142578,814.0,0.0,0.0,1.6194332838058472,68.0,0.0,0.0,0.9949362277984619,0.010717298835515976,0.40462830662727356,0.2680647075176239,0.3273070752620697,0.05254955217242241,0.11920291930437088,0.8946599960327148,0.934418797492981,0.6428571428571429,0.25438597798347473,0.24329572916030884,0.24655388295650482,0.2557644248008728
11,0.2117466828402351,11.322027206420898,17.983646392822266,10.276138305664062,0.42684513330459595,0.6782548427581787,86.03834533691406,14451.0,12.836389541625977,2156.0,0.0,0.0,1.1252678632736206,189.0,0.0,0.0,6.181174278259277,9.172411918640137,5.669283390045166,0.8518149256706238,0.9240834712982178,96.47534942626953,4051.0,3.095975160598755,130.0,0.0,0.0,0.42867347598075867,18.0,0.0,0.0,10.812348365783691,16.27953338623047,9.77746868133545,0.5318374633789062,0.7421669960021973,87.16361236572266,3660.0,11.764705657958984,494.0,0.0,0.0,1.071683645248413,45.0,0.0,0.0,13.38664722442627,20.388608932495117,12.11400318145752,0.2609228491783142,0.5658625364303589,81.7813720703125,3434.0,16.78971290588379,705.0,0.0,0.0,1.4289116859436035,60.0,0.0,0.0,14.907940864562988,22.995529174804688,13.54379940032959,0.05699843168258667,0.4207768738269806,78.7330322265625,3306.0,19.695165634155273,827.0,0.0,0.0,1.5718028545379639,66.0,0.0,0.0,0.9943704605102539,0.010720300488173962,0.41032975912094116,0.27540215849876404,0.3142681419849396,0.059670452028512955,0.11920291930437088,0.9025014042854309,0.9250218868255615,0.7142857142857143,0.24561403691768646,0.23884710669517517,0.24987469613552094,0.26566416025161743
12,0.20978415649122711,11.262486457824707,17.86671257019043,10.212065696716309,0.43427443504333496,0.6816822290420532,86.07406616210938,14457.0,12.794713973999023,2149.0,0.0,0.0,1.1312217712402344,190.0,0.0,0.0,6.1504225730896,9.105707168579102,5.651344299316406,0.8539624214172363,0.9251630306243896,96.64205932617188,4058.0,2.9292690753936768,123.0,0.0,0.0,0.42867347598075867,18.0,0.0,0.0,10.787959098815918,16.223247528076172,9.762616157531738,0.5350691080093384,0.7439255118370056,86.68730926513672,3640.0,12.241009712219238,514.0,0.0,0.0,1.071683645248413,45.0,0.0,0.0,13.307616233825684,20.251724243164062,12.024165153503418,0.270813524723053,0.5700989365577698,81.99571228027344,3443.0,16.575374603271484,696.0,0.0,0.0,1.4289116859436035,60.0,0.0,0.0,14.803948402404785,22.81749153137207,13.410136222839355,0.07154393196105957,0.42510923743247986,78.97118377685547,3316.0,19.433198928833008,816.0,0.0,0.0,1.5956180095672607,67.0,0.0,0.0,0.992241621017456,0.010729542933404446,0.39943528175354004,0.27539101243019104,0.3251737952232361,0.05435168370604515,0.11920291930437088,0.9056050181388855,0.9273556470870972,0.7857142857142857,0.23684212565422058,0.2343984991312027,0.25319552421569824,0.27556392550468445
13,0.20909875950279452,11.296745300292969,17.98825454711914,10.242280006408691,0.4265514016151428,0.6791713833808899,85.9371337890625,14434.0,12.949511528015137,2175.0,0.0,0.0,1.1133602857589722,187.0,0.0,0.0,6.143231391906738,9.091787338256836,5.642542839050293,0.8544085621833801,0.925580620765686,96.68968963623047,4060.0,2.905453681945801,122.0,0.0,0.0,0.4048583209514618,17.0,0.0,0.0,10.81722640991211,16.316795349121094,9.783366203308105,0.5296918153762817,0.7419908046722412,86.7825698852539,3644.0,12.169564247131348,511.0,0.0,0.0,1.0478686094284058,44.0,0.0,0.0,13.371849060058594,20.403295516967773,12.085617065429688,0.259857714176178,0.5669956207275391,81.63848876953125,3428.0,16.93260383605957,711.0,0.0,0.0,1.4289116859436035,60.0,0.0,0.0,14.854676246643066,23.002525329589844,13.457599639892578,0.05642443895339966,0.422514945268631,78.63777160644531,3302.0,19.79042625427246,831.0,0.0,0.0,1.5718028545379639,66.0,0.0,0.0,0.9928522706031799,0.010746967047452927,0.42454993724823,0.26712536811828613,0.3083246946334839,0.06309717893600464,0.11920291930437088,0.9082615375518799,0.9267918467521667,0.8571428571428571,0.22807016968727112,0.22994986176490784,0.25651630759239197,0.2854636609554291
14,0.2060889804498973,11.288199424743652,17.978961944580078,10.216412544250488,0.42714375257492065,0.6785345673561096,85.84186553955078,14418.0,13.050725936889648,2192.0,0.0,0.0,1.107406497001648,186.0,0.0,0.0,6.152431011199951,9.101552963256836,5.645603656768799,0.8540956377983093,0.9254230260848999,96.78495025634766,4064.0,2.834007978439331,119.0,0.0,0.0,0.38104310631752014,16.0,0.0,0.0,10.819746017456055,16.315662384033203,9.771767616271973,0.529757022857666,0.7412453889846802,86.68730926513672,3640.0,12.264824867248535,515.0,0.0,0.0,1.0478686094284058,44.0,0.0,0.0,13.357598304748535,20.436267852783203,12.048872947692871,0.25746363401412964,0.5633594393730164,81.28125762939453,3413.0,17.289831161499023,726.0,0.0,0.0,1.4289116859436035,60.0,0.0,0.0,14.82302188873291,22.941055297851562,13.399404525756836,0.06146097183227539,0.42202556133270264,78.61395263671875,3301.0,19.814241409301758,832.0,0.0,0.0,1.5718028545379639,66.0,0.0,0.0,0.9904270172119141,0.010768777690827847,0.45905402302742004,0.24960295855998993,0.2913430631160736,0.06712652742862701,0.11920291930437088,0.9018712043762207,0.9332833886146545,0.9285714285714286,0.21929824352264404,0.22550123929977417,0.2598370909690857,0.2953633964061737
15,0.2018578853055241,11.314933776855469,18.007417678833008,10.222872734069824,0.42532891035079956,0.677424430847168,85.75851440429688,14404.0,13.12812614440918,2205.0,0.0,0.0,1.1133602857589722,187.0,0.0,0.0,6.143512725830078,9.107694625854492,5.637079238891602,0.8538986444473267,0.9253003001213074,96.6658706665039,4059.0,2.9292690753936768,123.0,0.0,0.0,0.4048583209514618,17.0,0.0,0.0,10.85692310333252,16.380762100219727,9.790425300598145,0.5259971618652344,0.7387632131576538,86.56822967529297,3635.0,12.360085487365723,519.0,0.0,0.0,1.071683645248413,45.0,0.0,0.0,13.408164024353027,20.49051856994629,12.06747055053711,0.2535160779953003,0.5610059499740601,81.2574462890625,3412.0,17.337461471557617,728.0,0.0,0.0,1.405096411705017,59.0,0.0,0.0,14.851136207580566,22.933109283447266,13.396516799926758,0.062110960483551025,0.423144668340683,78.54251098632812,3298.0,19.88568687438965,835.0,0.0,0.0,1.5718028545379639,66.0,0.0,0.0,0.9866830110549927,0.010790213942527771,0.47143033146858215,0.24162296950817108,0.28694674372673035,0.068766750395298,0.11920291930437088,0.906599223613739,0.9412143230438232,1.0,0.21052631735801697,0.2210526168346405,0.2631579041481018,0.3052631616592407
16,0.19626416640896951,11.340420722961426,18.055076599121094,10.254593849182129,0.42228299379348755,0.6753876805305481,85.68707275390625,14392.0,13.199570655822754,2217.0,0.0,0.0,1.1133602857589722,187.0,0.0,0.0,6.123529434204102,9.091156005859375,5.619496822357178,0.854428768157959,0.9254018664360046,96.73731994628906,4062.0,2.857823371887207,120.0,0.0,0.0,0.4048583209514618,17.0,0.0,0.0,10.871527671813965,16.40784454345703,9.805660247802734,0.5244284272193909,0.7372313737869263,86.52059936523438,3633.0,12.407716751098633,521.0,0.0,0.0,1.071683645248413,45.0,0.0,0.0,13.463482856750488,20.546472549438477,12.128034591674805,0.2494335174560547,0.5589959025382996,80.9716567993164,3400.0,17.62324333190918,740.0,0.0,0.0,1.405096411705017,59.0,0.0,0.0,14.903141021728516,23.019975662231445,13.465182304382324,0.05499237775802612,0.41953593492507935,78.51869201660156,3297.0,19.909502029418945,836.0,0.0,0.0,1.5718028545379639,66.0,0.0,0.0,0.9841636419296265,0.010810058563947678,0.506372332572937,0.2334766387939453,0.26015105843544006,0.0755191445350647,0.11920291930437088,0.9106228947639465,0.9443418979644775,1.0,0.21052631735801697,0.2210526168346405,0.2631579041481018,0.3052631616592407
17,0.18967435696998175,11.367767333984375,18.14022445678711,10.273195266723633,0.41682112216949463,0.6718223690986633,85.56204223632812,14371.0,13.312692642211914,2236.0,0.0,0.0,1.1252678632736206,189.0,0.0,0.0,6.124239444732666,9.102157592773438,5.618258953094482,0.8540762662887573,0.9251819252967834,96.6658706665039,4059.0,2.9292690753936768,123.0,0.0,0.0,0.4048583209514618,17.0,0.0,0.0,10.870305061340332,16.451892852783203,9.799612045288086,0.5218715667724609,0.735714316368103,86.52059936523438,3633.0,12.407716751098633,521.0,0.0,0.0,1.071683645248413,45.0,0.0,0.0,13.503698348999023,20.663606643676758,12.162429809570312,0.24085134267807007,0.5526920557022095,80.92402648925781,3398.0,17.62324333190918,740.0,0.0,0.0,1.4527268409729004,61.0,0.0,0.0,14.972823143005371,23.146753311157227,13.512478828430176,0.044554829597473145,0.4108719527721405,78.13765716552734,3281.0,20.290544509887695,852.0,0.0,0.0,1.5718028545379639,66.0,0.0,0.0,0.982312798500061,0.01082676276564598,0.5244690179824829,0.22553279995918274,0.24999821186065674,0.0814332365989685,0.11920291930437088,0.9144735336303711,0.948299765586853,1.0,0.21052631735801697,0.2210526168346405,0.2631579041481018,0.3052631616592407
18,0.1849276568959741,11.449600219726562,18.347394943237305,10.34200668334961,0.4034246802330017,0.6654338836669922,85.55608367919922,14370.0,13.324600219726562,2238.0,0.005953798536211252,1.0,1.1133602857589722,187.0,0.0,0.0,6.126309871673584,9.120369911193848,5.6154069900512695,0.8534917235374451,0.9249587655067444,96.64205932617188,4058.0,2.9768991470336914,125.0,0.0,0.0,0.38104310631752014,16.0,0.0,0.0,10.915690422058105,16.565629959106445,9.832786560058594,0.5152378678321838,0.7326964735984802,86.73493957519531,3642.0,12.193379402160645,512.0,0.0,0.0,1.071683645248413,45.0,0.0,0.0,13.626385688781738,20.91436767578125,12.257250785827637,0.22231441736221313,0.5439207553863525,80.9716567993164,3400.0,17.599428176879883,739.0,0.0,0.0,1.4289116859436035,60.0,0.0,0.0,15.130014419555664,23.48394203186035,13.662582397460938,0.01651531457901001,0.3982100784778595,77.87568664550781,3270.0,20.528697967529297,862.0,0.02381519414484501,1.0,1.5718028545379639,66.0,0.0,0.0,0.978797435760498,0.010857608169317245,0.5331662893295288,0.22262394428253174,0.24420979619026184,0.08004496991634369,0.11920291930437088,0.9203376770019531,0.9484087824821472,1.0,0.21052631735801697,0.2210526168346405,0.2631579041481018,0.3052631616592407
19,0.18086148057366233,11.412599563598633,18.324892044067383,10.297323226928711,0.4048871397972107,0.6662551164627075,85.57990264892578,14374.0,13.294832229614258,2233.0,0.005953798536211252,1.0,1.1133602857589722,187.0,0.005953798536211252,1.0,6.105647087097168,9.103785514831543,5.594040870666504,0.8540240526199341,0.9252318143844604,96.6658706665039,4059.0,2.9292690753936768,123.0,0.0,0.0,0.4048583209514618,17.0,0.0,0.0,10.869369506835938,16.543039321899414,9.782968521118164,0.5165590643882751,0.7336073517799377,86.40151977539062,3628.0,12.526792526245117,526.0,0.0,0.0,1.071683645248413,45.0,0.0,0.0,13.573165893554688,20.867252349853516,12.190925598144531,0.2258143424987793,0.5456992983818054,81.0669174194336,3404.0,17.504167556762695,735.0,0.0,0.0,1.4289116859436035,60.0,0.0,0.0,15.102215766906738,23.477933883666992,13.621358871459961,0.017018496990203857,0.3983161747455597,78.18528747558594,3283.0,20.219099044799805,849.0,0.02381519414484501,1.0,1.5479875802993774,65.0,0.02381519414484501,1.0,0.9775964021682739,0.010873932391405106,0.5663022994995117,0.20687271654605865,0.22682499885559082,0.08232153952121735,0.11920291930437088,0.9259364604949951,0.9489161968231201,1.0,0.21052631735801697,0.2210526168346405,0.2631579041481018,0.3052631616592407
20,0.17241887837026332,11.502799987792969,18.454227447509766,10.363658905029297,0.3964569568634033,0.6615034937858582,85.31793212890625,14330.0,13.556798934936523,2277.0,0.005953798536211252,1.0,1.1133602857589722,187.0,0.005953798536211252,1.0,6.134204387664795,9.115924835205078,5.6139421463012695,0.8536344766616821,0.9249392747879028,96.73731994628906,4062.0,2.881638526916504,121.0,0.0,0.0,0.38104310631752014,16.0,0.0,0.0,10.945647239685059,16.641143798828125,9.832923889160156,0.5108082294464111,0.7302229404449463,86.21099853515625,3620.0,12.717313766479492,534.0,0.0,0.0,1.071683645248413,45.0,0.0,0.0,13.698296546936035,21.047788619995117,12.286859512329102,0.2123604416847229,0.5383923649787903,80.68587493896484,3388.0,17.86139678955078,750.0,0.0,0.0,1.4527268409729004,61.0,0.0,0.0,15.233055114746094,23.64734649658203,13.72091007232666,0.0027813315391540527,0.3905152380466461,77.63753509521484,3260.0,20.766849517822266,872.0,0.02381519414484501,1.0,1.5479875802993774,65.0,0.02381519414484501,1.0,0.9762284755706787,0.010891880840063095,0.5420936942100525,0.2212824821472168,0.23662389814853668,0.08445759862661362,0.11920291930437088,0.9310656189918518,0.9489604234695435,1.0,0.21052631735801697,0.2210526168346405,0.2631579041481018,0.3052631616592407
step,fold2/test_loss,fold2/test_mae,fold2/test_rmse,fold2/test_mard,fold2/test_r2,fold2/test_pearson,fold2/test_ega_zone_a_pct,fold2/test_ega_zone_a_count,fold2/test_ega_zone_b_pct,fold2/test_ega_zone_b_count,fold2/test_ega_zone_c_pct,fold2/test_ega_zone_c_count,fold2/test_ega_zone_d_pct,fold2/test_ega_zone_d_count,fold2/test_ega_zone_e_pct,fold2/test_ega_zone_e_count,fold2/test_horizon_15_mae,fold2/test_horizon_15_rmse,fold2/test_horizon_15_mard,fold2/test_horizon_15_r2,fold2/test_horizon_15_pearson,fold2/test_horizon_15_ega_zone_a_pct,fold2/test_horizon_15_ega_zone_a_count,fold2/test_horizon_15_ega_zone_b_pct,fold2/test_horizon_15_ega_zone_b_count,fold2/test_horizon_15_ega_zone_c_pct,fold2/test_horizon_15_ega_zone_c_count,fold2/test_horizon_15_ega_zone_d_pct,fold2/test_horizon_15_ega_zone_d_count,fold2/test_horizon_15_ega_zone_e_pct,fold2/test_horizon_15_ega_zone_e_count,fold2/test_horizon_30_mae,fold2/test_horizon_30_rmse,fold2/test_horizon_30_mard,fold2/test_horizon_30_r2,fold2/test_horizon_30_pearson,fold2/test_horizon_30_ega_zone_a_pct,fold2/test_horizon_30_ega_zone_a_count,fold2/test_horizon_30_ega_zone_b_pct,fold2/test_horizon_30_ega_zone_b_count,fold2/test_horizon_30_ega_zone_c_pct,fold2/test_horizon_30_ega_zone_c_count,fold2/test_horizon_30_ega_zone_d_pct,fold2/test_horizon_30_ega_zone_d_count,fold2/test_horizon_30_ega_zone_e_pct,fold2/test_horizon_30_ega_zone_e_count,fold2/test_horizon_45_mae,fold2/test_horizon_45_rmse,fold2/test_horizon_45_mard,fold2/test_horizon_45_r2,fold2/test_horizon_45_pearson,fold2/test_horizon_45_ega_zone_a_pct,fold2/test_horizon_45_ega_zone_a_count,fold2/test_horizon_45_ega_zone_b_pct,fold2/test_horizon_45_ega_zone_b_count,fold2/test_horizon_45_ega_zone_c_pct,fold2/test_horizon_45_ega_zone_c_count,fold2/test_horizon_45_ega_zone_d_pct,fold2/test_horizon_45_ega_zone_d_count,fold2/test_horizon_45_ega_zone_e_pct,fold2/test_horizon_45_ega_zone_e_count,fold2/test_horizon_60_mae,fold2/test_horizon_60_rmse,fold2/test_horizon_60_mard,fold2/test_horizon_60_r2,fold2/test_horizon_60_pearson,fold2/test_horizon_60_ega_zone_a_pct,fold2/test_horizon_60_ega_zone_a_count,fold2/test_horizon_60_ega_zone_b_pct,fold2/test_horizon_60_ega_zone_b_count,fold2/test_horizon_60_ega_zone_c_pct,fold2/test_horizon_60_ega_zone_c_count,fold2/test_horizon_60_ega_zone_d_pct,fold2/test_horizon_60_ega_zone_d_count,fold2/test_horizon_60_ega_zone_e_pct,fold2/test_horizon_60_ega_zone_e_count
0,0.366182875130295,12.448549270629883,17.980195999145508,9.618861198425293,0.1779441237449646,0.5556994676589966,87.38394165039062,6400.0,12.616056442260742,924.0,0.0,0.0,0.0,0.0,0.0,0.0,6.13003396987915,8.557427406311035,4.815676689147949,0.8130178451538086,0.9055145978927612,98.96231079101562,1812.0,1.0376843214035034,19.0,0.0,0.0,0.0,0.0,0.0,0.0,11.989761352539062,16.70442008972168,9.347670555114746,0.2888231873512268,0.6148931384086609,88.8585433959961,1627.0,11.14145278930664,204.0,0.0,0.0,0.0,0.0,0.0,0.0,15.213854789733887,20.915239334106445,11.736666679382324,-0.11097824573516846,0.36919623613357544,82.14090728759766,1504.0,17.859094619750977,327.0,0.0,0.0,0.0,0.0,0.0,0.0,16.460542678833008,22.437360763549805,12.575429916381836,-0.2735103368759155,0.27137860655784607,79.5739974975586,1457.0,20.425996780395508,374.0,0.0,0.0,0.0,0.0,0.0,0.0
step,fold3/train_loss,fold3/val_mae,fold3/val_rmse,fold3/val_mard,fold3/val_r2,fold3/val_pearson,fold3/val_ega_zone_a_pct,fold3/val_ega_zone_a_count,fold3/val_ega_zone_b_pct,fold3/val_ega_zone_b_count,fold3/val_ega_zone_c_pct,fold3/val_ega_zone_c_count,fold3/val_ega_zone_d_pct,fold3/val_ega_zone_d_count,fold3/val_ega_zone_e_pct,fold3/val_ega_zone_e_count,fold3/val_horizon_15_mae,fold3/val_horizon_15_rmse,fold3/val_horizon_15_mard,fold3/val_horizon_15_r2,fold3/val_horizon_15_pearson,fold3/val_horizon_15_ega_zone_a_pct,fold3/val_horizon_15_ega_zone_a_count,fold3/val_horizon_15_ega_zone_b_pct,fold3/val_horizon_15_ega_zone_b_count,fold3/val_horizon_15_ega_zone_c_pct,fold3/val_horizon_15_ega_zone_c_count,fold3/val_horizon_15_ega_zone_d_pct,fold3/val_horizon_15_ega_zone_d_count,fold3/val_horizon_15_ega_zone_e_pct,fold3/val_horizon_15_ega_zone_e_count,fold3/val_horizon_30_mae,fold3/val_horizon_30_rmse,fold3/val_horizon_30_mard,fold3/val_horizon_30_r2,fold3/val_horizon_30_pearson,fold3/val_horizon_30_ega_zone_a_pct,fold3/val_horizon_30_ega_zone_a_count,fold3/val_horizon_30_ega_zone_b_pct,fold3/val_horizon_30_ega_zone_b_count,fold3/val_horizon_30_ega_zone_c_pct,fold3/val_horizon_30_ega_zone_c_count,fold3/val_horizon_30_ega_zone_d_pct,fold3/val_horizon_30_ega_zone_d_count,fold3/val_horizon_30_ega_zone_e_pct,fold3/val_horizon_30_ega_zone_e_count,fold3/val_horizon_45_mae,fold3/val_horizon_45_rmse,fold3/val_horizon_45_mard,fold3/val_horizon_45_r2,fold3/val_horizon_45_pearson,fold3/val_horizon_45_ega_zone_a_pct,fold3/val_horizon_45_ega_zone_a_count,fold3/val_horizon_45_ega_zone_b_pct,fold3/val_horizon_45_ega_zone_b_count,fold3/val_horizon_45_ega_zone_c_pct,fold3/val_horizon_45_ega_zone_c_count,fold3/val_horizon_45_ega_zone_d_pct,fold3/val_horizon_45_ega_zone_d_count,fold3/val_horizon_45_ega_zone_e_pct,fold3/val_horizon_45_ega_zone_e_count,fold3/val_horizon_60_mae,fold3/val_horizon_60_rmse,fold3/val_horizon_60_mard,fold3/val_horizon_60_r2,fold3/val_horizon_60_pearson,fold3/val_horizon_60_ega_zone_a_pct,fold3/val_horizon_60_ega_zone_a_count,fold3/val_horizon_60_ega_zone_b_pct,fold3/val_horizon_60_ega_zone_b_count,fold3/val_horizon_60_ega_zone_c_pct,fold3/val_horizon_60_ega_zone_c_count,fold3/val_horizon_60_ega_zone_d_pct,fold3/val_horizon_60_ega_zone_d_count,fold3/val_horizon_60_ega_zone_e_pct,fold3/val_horizon_60_ega_zone_e_count,fold3/diag_graph_prior_weight,fold3/diag_graph_residual_mean,fold3/diag_fusion_gate_cgm,fold3/diag_fusion_gate_cgm_guided,fold3/diag_fusion_gate_physio,fold3/diag_horizon_query_similarity,fold3/diag_horizon_progressive_gate,fold3/diag_horizon_attention_similarity,fold3/diag_horizon_attention_entropy,fold3/diag_horizon_curriculum_progress,fold3/diag_loss_horizon_weight_0,fold3/diag_loss_horizon_weight_1,fold3/diag_loss_horizon_weight_2,fold3/diag_loss_horizon_weight_3
1,0.2504034007255545,10.692532539367676,16.670339584350586,8.650633811950684,0.4863491654396057,0.7205892205238342,89.03748321533203,19574.0,10.680495262145996,2348.0,0.0,0.0,0.28202328085899353,62.0,0.0,0.0,6.3288469314575195,9.422294616699219,5.198679447174072,0.8357068300247192,0.9151895046234131,97.19795989990234,5342.0,2.6746726036071777,147.0,0.0,0.0,0.1273653656244278,7.0,0.0,0.0,10.127685546875,15.19084644317627,8.203283309936523,0.573479950428009,0.7696597576141357,90.44760131835938,4971.0,9.279476165771484,510.0,0.0,0.0,0.2729257643222809,15.0,0.0,0.0,12.365022659301758,18.70148468017578,9.974709510803223,0.3539488911628723,0.6429060697555542,85.5349349975586,4701.0,14.101163864135742,775.0,0.0,0.0,0.3639010190963745,20.0,0.0,0.0,13.948575973510742,21.0312557220459,11.225869178771973,0.18294382095336914,0.5386112332344055,82.96943664550781,4560.0,16.666667938232422,916.0,0.0,0.0,0.3639010190963745,20.0,0.0,0.0,1.0020806789398193,0.011682786978781223,0.38789358735084534,0.44557586312294006,0.166530579328537,-0.03302280232310295,0.11920291930437088,0.9998981952667236,0.9999826550483704,0.0,0.3333333432674408,0.28333333134651184,0.21666665375232697,0.1666666716337204
2,0.24542847866631978,10.757111549377441,16.59714698791504,8.726059913635254,0.49084973335266113,0.7173362374305725,89.38318634033203,19650.0,10.334789276123047,2272.0,0.0,0.0,0.28202328085899353,62.0,0.0,0.0,6.382487773895264,9.431527137756348,5.247928619384766,0.835384726524353,0.9146741032600403,97.27074432373047,5346.0,2.6018922328948975,143.0,0.0,0.0,0.1273653656244278,7.0,0.0,0.0,10.18253231048584,15.159895896911621,8.279906272888184,0.5752161741256714,0.7664039134979248,90.62954711914062,4981.0,9.097525596618652,500.0,0.0,0.0,0.2729257643222809,15.0,0.0,0.0,12.431400299072266,18.584243774414062,10.061297416687012,0.36202383041381836,0.637154221534729,86.04439544677734,4729.0,13.591703414916992,747.0,0.0,0.0,0.3639010190963745,20.0,0.0,0.0,14.032020568847656,20.921539306640625,11.315105438232422,0.1914464235305786,0.5293108820915222,83.58806610107422,4594.0,16.04803466796875,882.0,0.0,0.0,0.3639010190963745,20.0,0.0,0.0,1.0008646249771118,0.01124904677271843,0.29376357793807983,0.565424919128418,0.14081156253814697,-0.026316575706005096,0.11920291930437088,0.9981205463409424,0.9994835257530212,0.07142857142857142,0.3245614171028137,0.2788847088813782,0.21998745203018188,0.17656642198562622
3,0.24341584512145556,10.724784851074219,16.490327835083008,8.691707611083984,0.4973822832107544,0.7173671126365662,89.5924301147461,19696.0,10.1255464553833,2226.0,0.0,0.0,0.28202328085899353,62.0,0.0,0.0,6.373166084289551,9.412956237792969,5.241456508636475,0.8360323309898376,0.9152417182922363,97.34352111816406,5350.0,2.5291121006011963,139.0,0.0,0.0,0.1273653656244278,7.0,0.0,0.0,10.203356742858887,15.143569946289062,8.290891647338867,0.5761306285858154,0.7646640539169312,90.55677032470703,4977.0,9.170305252075195,504.0,0.0,0.0,0.2729257643222809,15.0,0.0,0.0,12.395052909851074,18.473770141601562,10.01779842376709,0.36958611011505127,0.6341080069541931,86.44468688964844,4751.0,13.191411972045898,725.0,0.0,0.0,0.3639010190963745,20.0,0.0,0.0,13.927565574645996,20.700538635253906,11.216681480407715,0.20843827724456787,0.5273553729057312,84.02474212646484,4618.0,15.611353874206543,858.0,0.0,0.0,0.3639010190963745,20.0,0.0,0.0,1.0000425577163696,0.010850198566913605,0.31759020686149597,0.5358153581619263,0.14659444987773895,-0.009871702641248703,0.11920291930437088,0.9896740913391113,0.9963407516479492,0.14285714285714285,0.31578949093818665,0.2744360864162445,0.223308265209198,0.18646617233753204
4,0.24212661862934998,10.781695365905762,16.542875289916992,8.72846794128418,0.4941740036010742,0.7146627306938171,89.61062622070312,19700.0,10.111899375915527,2223.0,0.0,0.0,0.2774745225906372,61.0,0.0,0.0,6.386351108551025,9.399009704589844,5.254676342010498,0.8365178108215332,0.9157699346542358,97.27074432373047,5346.0,2.6018922328948975,143.0,0.0,0.0,0.1273653656244278,7.0,0.0,0.0,10.253853797912598,15.186491966247559,8.326271057128906,0.5737244486808777,0.7627999782562256,90.8115005493164,4991.0,8.91557502746582,490.0,0.0,0.0,0.2729257643222809,15.0,0.0,0.0,12.473307609558105,18.55820083618164,10.066288948059082,0.3638104796409607,0.62884521484375,86.49927520751953,4754.0,13.136826515197754,722.0,0.0,0.0,0.3639010190963745,20.0,0.0,0.0,14.01326847076416,20.767501831054688,11.266637802124023,0.20330876111984253,0.5215446352958679,83.8609848022461,4609.0,15.793304443359375,868.0,0.0,0.0,0.34570595622062683,19.0,0.0,0.0,0.99819016456604,0.010547283105552197,0.2780047655105591,0.5770412683486938,0.14495399594306946,0.006364146713167429,0.11920291930437088,0.9897768497467041,0.996131181716919,0.21428571428571427,0.30701756477355957,0.26998746395111084,0.22662906348705292,0.19636592268943787
5,0.2380608108946282,10.802496910095215,16.529312133789062,8.722428321838379,0.4950031638145447,0.7147583365440369,89.45142364501953,19665.0,10.280203819274902,2260.0,0.0,0.0,0.26837700605392456,59.0,0.0,0.0,6.236801624298096,9.12271785736084,5.13775110244751,0.8459879159927368,0.9212576150894165,97.54367065429688,5361.0,2.3289666175842285,128.0,0.0,0.0,0.1273653656244278,7.0,0.0,0.0,10.259020805358887,15.128976821899414,8.314874649047852,0.5769470930099487,0.7652888894081116,90.72052001953125,4986.0,9.024744987487793,496.0,0.0,0.0,0.2547307312488556,14.0,0.0,0.0,12.605222702026367,18.644290924072266,10.140414237976074,0.35789430141448975,0.6225818991661072,86.18995666503906,4737.0,13.464337348937988,740.0,0.0,0.0,0.34570595622062683,19.0,0.0,0.0,14.108942985534668,20.81233024597168,11.296679496765137,0.1998656988143921,0.5121594667434692,83.35153198242188,4581.0,16.302766799926758,896.0,0.0,0.0,0.34570595622062683,19.0,0.0,0.0,0.9975125789642334,0.010348469950258732,0.30804121494293213,0.5325705409049988,0.15938833355903625,0.022839456796646118,0.11920291930437088,0.9894538521766663,0.9877324104309082,0.2857142857142857,0.2982456088066101,0.2655388414859772,0.22994986176490784,0.2062656730413437
6,0.23328220359264376,10.850337028503418,16.611387252807617,8.736852645874023,0.48997563123703003,0.7121598124504089,89.42867279052734,19660.0,10.307496070861816,2266.0,0.0,0.0,0.26382824778556824,58.0,0.0,0.0,6.0331854820251465,8.726637840270996,4.990155220031738,0.8590710759162903,0.9284181594848633,97.9803466796875,5385.0,1.910480260848999,105.0,0.0,0.0,0.10917031019926071,6.0,0.0,0.0,10.289563179016113,15.091498374938965,8.326990127563477,0.57904052734375,0.7678545117378235,90.68413543701172,4984.0,9.061135292053223,498.0,0.0,0.0,0.2547307312488556,14.0,0.0,0.0,12.74996566772461,18.83657455444336,10.218957901000977,0.344581663608551,0.6130093336105347,85.98980712890625,4726.0,13.664482116699219,751.0,0.0,0.0,0.34570595622062683,19.0,0.0,0.0,14.328635215759277,21.095699310302734,11.411307334899902,0.1779288649559021,0.4933440089225769,83.06040954589844,4565.0,16.593887329101562,912.0,0.0,0.0,0.34570595622062683,19.0,0.0,0.0,0.993820309638977,0.010222130455076694,0.3466489315032959,0.45997464656829834,0.19337640702724457,0.04344078525900841,0.11920291930437088,0.968703031539917,0.9683851003646851,0.35714285714285715,0.28947368264198303,0.2610902190208435,0.23327067494392395,0.2161654233932495
7,0.2328664860481555,10.67224407196045,16.444990158081055,8.606246948242188,0.5001423358917236,0.7192087173461914,89.50145721435547,19676.0,10.230167388916016,2249.0,0.0,0.0,0.26837700605392456,59.0,0.0,0.0,5.761288166046143,8.29453182220459,4.792954921722412,0.8726819753646851,0.9350863099098206,98.21688842773438,5398.0,1.6739447116851807,92.0,0.0,0.0,0.10917031019926071,6.0,0.0,0.0,10.092361450195312,14.803131103515625,8.179706573486328,0.594974160194397,0.7780330777168274,91.02983856201172,5003.0,8.715429306030273,479.0,0.0,0.0,0.2547307312488556,14.0,0.0,0.0,12.619302749633789,18.730762481689453,10.121735572814941,0.3519245386123657,0.6192970871925354,85.86244201660156,4719.0,13.791849136352539,758.0,0.0,0.0,0.34570595622062683,19.0,0.0,0.0,14.216020584106445,21.047025680541992,11.33059310913086,0.18171805143356323,0.49756741523742676,82.89665222167969,4556.0,16.73944664001465,920.0,0.0,0.0,0.3639010190963745,20.0,0.0,0.0,0.9934813976287842,0.01012932788580656,0.31772562861442566,0.5004437565803528,0.18183061480522156,0.06160951778292656,0.11920291930437088,0.9456455111503601,0.9375948309898376,0.42857142857142855,0.28070175647735596,0.25664159655570984,0.23659147322177887,0.22606515884399414
8,0.22737577846577273,10.585687637329102,16.301746368408203,8.544303894042969,0.5088123083114624,0.7248238325119019,89.65156555175781,19709.0,10.084607124328613,2217.0,0.0,0.0,0.26382824778556824,58.0,0.0,0.0,5.551029682159424,7.920464038848877,4.645694255828857,0.8839066028594971,0.9404210448265076,98.38064575195312,5407.0,1.510189175605774,83.0,0.0,0.0,0.10917031019926071,6.0,0.0,0.0,9.963480949401855,14.51920223236084,8.099162101745605,0.6103622913360596,0.7865157127380371,91.28457641601562,5017.0,8.460699081420898,465.0,0.0,0.0,0.2547307312488556,14.0,0.0,0.0,12.613235473632812,18.63507080078125,10.119420051574707,0.35852932929992676,0.6238958835601807,85.86244201660156,4719.0,13.791849136352539,758.0,0.0,0.0,0.34570595622062683,19.0,0.0,0.0,14.215003967285156,21.02809715270996,11.312941551208496,0.18318915367126465,0.49939605593681335,83.07860565185547,4566.0,16.57569122314453,911.0,0.0,0.0,0.34570595622062683,19.0,0.0,0.0,0.9932103157043457,0.010056478902697563,0.3291260600090027,0.5054478645324707,0.16542616486549377,0.07765806466341019,0.11920291930437088,0.9387480616569519,0.9232006072998047,0.5,0.2719298303127289,0.25219297409057617,0.2399122714996338,0.23596492409706116
9,0.22488821082879012,10.721879005432129,16.478469848632812,8.6619291305542,0.49810492992401123,0.7177541851997375,89.52874755859375,19682.0,10.198326110839844,2242.0,0.0,0.0,0.2729257643222809,60.0,0.0,0.0,5.548142910003662,7.820540428161621,4.651821613311768,0.8868173956871033,0.9418696761131287,98.52620697021484,5415.0,1.364628791809082,75.0,0.0,0.0,0.10917031019926071,6.0,0.0,0.0,10.054247856140137,14.580102920532227,8.187198638916016,0.607086718082428,0.7837947010993958,91.32096099853516,5019.0,8.424308776855469,463.0,0.0,0.0,0.2547307312488556,14.0,0.0,0.0,12.84859848022461,18.93985939025879,10.310397148132324,0.3373744487762451,0.6091185212135315,85.51673889160156,4700.0,14.119359970092773,776.0,0.0,0.0,0.3639010190963745,20.0,0.0,0.0,14.436524391174316,21.300270080566406,11.498300552368164,0.16190791130065918,0.48267972469329834,82.75109100341797,4548.0,16.885007858276367,928.0,0.0,0.0,0.3639010190963745,20.0,0.0,0.0,0.9909934997558594,0.009999680332839489,0.3541437089443207,0.4909670650959015,0.1548892706632614,0.09334994107484818,0.11920291930437088,0.9410313963890076,0.9138953685760498,0.5714285714285714,0.2631579041481018,0.2477443516254425,0.2432330846786499,0.24586467444896698
10,0.22048349839404466,10.863489151000977,16.651321411132812,8.76347541809082,0.48752039670944214,0.7128413915634155,89.2467269897461,19620.0,10.498544692993164,2308.0,0.0,0.0,0.2547307312488556,56.0,0.0,0.0,5.566082000732422,7.760995388031006,4.665520191192627,0.8885343670845032,0.9428138136863708,98.63536834716797,5421.0,1.273653507232666,70.0,0.0,0.0,0.09097525477409363,5.0,0.0,0.0,10.174973487854004,14.65046501159668,8.272012710571289,0.6032851934432983,0.7826922535896301,91.19359588623047,5012.0,8.569869041442871,471.0,0.0,0.0,0.23653565347194672,13.0,0.0,0.0,13.043452262878418,19.150922775268555,10.449551582336426,0.3225235939025879,0.6022472381591797,85.09825134277344,4677.0,14.556041717529297,800.0,0.0,0.0,0.34570595622062683,19.0,0.0,0.0,14.66944694519043,21.620336532592773,11.666820526123047,0.13653165102005005,0.4702087938785553,82.05968475341797,4510.0,17.594614028930664,967.0,0.0,0.0,0.34570595622062683,19.0,0.0,0.0,0.9844657182693481,0.009951220825314522,0.34856754541397095,0.47920677065849304,0.1722257286310196,0.11017649620771408,0.11920291930437088,0.9406182169914246,0.9167630076408386,0.6428571428571429,0.25438597798347473,0.24329572916030884,0.24655388295650482,0.2557644248008728
11,0.21918262304057315,11.021482467651367,16.76954460144043,8.934101104736328,0.48021751642227173,0.70732182264328,88.92376708984375,19549.0,10.82150650024414,2379.0,0.0,0.0,0.2547307312488556,56.0,0.0,0.0,5.587161064147949,7.748496055603027,4.701099395751953,0.8888930678367615,0.9428611397743225,98.63536834716797,5421.0,1.273653507232666,70.0,0.0,0.0,0.09097525477409363,5.0,0.0,0.0,10.304779052734375,14.695501327514648,8.43175983428955,0.6008424758911133,0.779851496219635,91.12081909179688,5008.0,8.642648696899414,475.0,0.0,0.0,0.23653565347194672,13.0,0.0,0.0,13.298993110656738,19.318565368652344,10.719561576843262,0.310610830783844,0.5920203924179077,84.57060241699219,4648.0,15.083697319030762,829.0,0.0,0.0,0.34570595622062683,19.0,0.0,0.0,14.89499282836914,21.80978012084961,11.88398265838623,0.1213335394859314,0.4585544466972351,81.36827087402344,4472.0,18.286026000976562,1005.0,0.0,0.0,0.34570595622062683,19.0,0.0,0.0,0.9812018871307373,0.00992098730057478,0.350756973028183,0.4734548330307007,0.1757882535457611,0.12371916323900223,0.11920291930437088,0.9509720206260681,0.9137477874755859,0.7142857142857143,0.24561403691768646,0.23884710669517517,0.24987469613552094,0.26566416025161743
12,0.2162026218692602,10.953878402709961,16.745487213134766,8.865367889404297,0.48170775175094604,0.7102121114730835,88.82368469238281,19527.0,10.912481307983398,2399.0,0.0,0.0,0.26382824778556824,58.0,0.0,0.0,5.535525798797607,7.6701340675354,4.662075042724609,0.8911290168762207,0.9440718293190002,98.63536834716797,5421.0,1.2554584741592407,69.0,0.0,0.0,0.10917031019926071,6.0,0.0,0.0,10.21371078491211,14.620966911315918,8.352533340454102,0.6048811674118042,0.7833403944969177,91.30276489257812,5018.0,8.460699081420898,465.0,0.0,0.0,0.23653565347194672,13.0,0.0,0.0,13.199419021606445,19.272239685058594,10.615797996520996,0.31391316652297974,0.5980759859085083,84.29766845703125,4633.0,15.338428497314453,843.0,0.0,0.0,0.3639010190963745,20.0,0.0,0.0,14.866857528686523,21.854576110839844,11.831071853637695,0.11772036552429199,0.4618445932865143,81.05895233154297,4455.0,18.5953426361084,1022.0,0.0,0.0,0.34570595622062683,19.0,0.0,0.0,0.9799032211303711,0.009890238754451275,0.3535071909427643,0.4663119614124298,0.18018090724945068,0.1327698975801468,0.11920291930437088,0.9623487591743469,0.9102968573570251,0.7857142857142857,0.23684212565422058,0.2343984991312027,0.25319552421569824,0.27556392550468445
13,0.20973578463431009,11.238264083862305,17.16351890563965,9.079612731933594,0.45550763607025146,0.694494366645813,88.12317657470703,19373.0,11.622089385986328,2555.0,0.0,0.0,0.2547307312488556,56.0,0.0,0.0,5.5811872482299805,7.73607873916626,4.693081855773926,0.8892489075660706,0.9431338310241699,98.7081527709961,5425.0,1.2008733749389648,66.0,0.0,0.0,0.09097525477409363,5.0,0.0,0.0,10.449694633483887,14.939115524291992,8.523488998413086,0.5874987244606018,0.7732755541801453,90.68413543701172,4984.0,9.079330444335938,499.0,0.0,0.0,0.23653565347194672,13.0,0.0,0.0,13.5768404006958,19.776206970214844,10.9034423828125,0.2775617241859436,0.5740975141525269,83.1695785522461,4571.0,16.484716415405273,906.0,0.0,0.0,0.34570595622062683,19.0,0.0,0.0,15.345337867736816,22.454912185668945,12.198437690734863,0.06858277320861816,0.42993104457855225,79.93086242675781,4393.0,19.723434448242188,1084.0,0.0,0.0,0.34570595622062683,19.0,0.0,0.0,0.9773406386375427,0.009878043085336685,0.34152960777282715,0.4883446991443634,0.1701257973909378,0.13435615599155426,0.11920291930437088,0.9632356762886047,0.9130055904388428,0.8571428571428571,0.22807016968727112,0.22994986176490784,0.25651630759239197,0.2854636609554291
14,0.20620912748736683,11.355990409851074,17.27387237548828,9.182393074035645,0.4484834671020508,0.6894956827163696,87.89574432373047,19323.0,11.844978332519531,2604.0,0.0,0.0,0.2592794895172119,57.0,0.0,0.0,5.599834442138672,7.735738754272461,4.709490776062012,0.8892586827278137,0.9431433081626892,98.59898376464844,5419.0,1.3100436925888062,72.0,0.0,0.0,0.09097525477409363,5.0,0.0,0.0,10.5481538772583,15.018317222595215,8.611527442932129,0.5831132531166077,0.7701998353004456,90.33842468261719,4965.0,9.406841278076172,517.0,0.0,0.0,0.2547307312488556,14.0,0.0,0.0,13.740964889526367,19.92925453186035,11.042491912841797,0.26633667945861816,0.5651946067810059,82.91484832763672,4557.0,16.73944664001465,920.0,0.0,0.0,0.34570595622062683,19.0,0.0,0.0,15.535009384155273,22.6048641204834,12.366058349609375,0.05610150098800659,0.41727909445762634,79.730712890625,4382.0,19.923582077026367,1095.0,0.0,0.0,0.34570595622062683,19.0,0.0,0.0,0.9762986898422241,0.009868628345429897,0.35102882981300354,0.48395225405693054,0.16501903533935547,0.14139240980148315,0.11920291930437088,0.9640669226646423,0.9182738661766052,0.9285714285714286,0.21929824352264404,0.22550123929977417,0.2598370909690857,0.2953633964061737
15,0.19856522907731483,11.522904396057129,17.50343894958496,9.298391342163086,0.433726966381073,0.6826958060264587,87.55004119873047,19247.0,12.186135292053223,2679.0,0.0,0.0,0.26382824778556824,58.0,0.0,0.0,5.648909568786621,7.793045520782471,4.749860763549805,0.8876118063926697,0.9423061609268188,98.7081527709961,5425.0,1.2008733749389648,66.0,0.0,0.0,0.09097525477409363,5.0,0.0,0.0,10.72611141204834,15.263151168823242,8.73254680633545,0.5694100260734558,0.7631720900535583,89.9381332397461,4943.0,9.80713176727295,539.0,0.0,0.0,0.2547307312488556,14.0,0.0,0.0,13.942794799804688,20.173261642456055,11.180630683898926,0.2482612133026123,0.5580662488937378,82.31440734863281,4524.0,17.33988380432129,953.0,0.0,0.0,0.34570595622062683,19.0,0.0,0.0,15.773804664611816,22.909072875976562,12.53052806854248,0.03052520751953125,0.40720486640930176,79.23944854736328,4355.0,20.396652221679688,1121.0,0.0,0.0,0.3639010190963745,20.0,0.0,0.0,0.9726672172546387,0.00987629871815443,0.3488917052745819,0.47503772377967834,0.17607061564922333,0.13983236253261566,0.11920291930437088,0.9623164534568787,0.925130307674408,1.0,0.21052631735801697,0.2210526168346405,0.2631579041481018,0.3052631616592407
16,0.19127237458625962,11.780482292175293,17.851747512817383,9.519883155822754,0.4109656810760498,0.6687642335891724,86.93595886230469,19112.0,12.80931568145752,2816.0,0.0,0.0,0.2547307312488556,56.0,0.0,0.0,5.727445125579834,7.872499465942383,4.815311431884766,0.8853084444999695,0.9411025047302246,98.653564453125,5422.0,1.2554584741592407,69.0,0.0,0.0,0.09097525477409363,5.0,0.0,0.0,10.945639610290527,15.533671379089355,8.92207145690918,0.5540114045143127,0.7531891465187073,89.13755798339844,4899.0,10.607714653015137,583.0,0.0,0.0,0.2547307312488556,14.0,0.0,0.0,14.3156156539917,20.612308502197266,11.505047798156738,0.21518373489379883,0.5368970632553101,81.76856231689453,4494.0,17.9039306640625,984.0,0.0,0.0,0.32751092314720154,18.0,0.0,0.0,16.133228302001953,23.379499435424805,12.837101936340332,-0.009698987007141113,0.38344869017601013,78.18413543701172,4297.0,21.47016143798828,1180.0,0.0,0.0,0.34570595622062683,19.0,0.0,0.0,0.9698199033737183,0.009878807701170444,0.35764867067337036,0.4628760814666748,0.17947527766227722,0.14139701426029205,0.11920291930437088,0.962453305721283,0.9299874901771545,1.0,0.21052631735801697,0.2210526168346405,0.2631579041481018,0.3052631616592407
step,fold3/test_loss,fold3/test_mae,fold3/test_rmse,fold3/test_mard,fold3/test_r2,fold3/test_pearson,fold3/test_ega_zone_a_pct,fold3/test_ega_zone_a_count,fold3/test_ega_zone_b_pct,fold3/test_ega_zone_b_count,fold3/test_ega_zone_c_pct,fold3/test_ega_zone_c_count,fold3/test_ega_zone_d_pct,fold3/test_ega_zone_d_count,fold3/test_ega_zone_e_pct,fold3/test_ega_zone_e_count,fold3/test_horizon_15_mae,fold3/test_horizon_15_rmse,fold3/test_horizon_15_mard,fold3/test_horizon_15_r2,fold3/test_horizon_15_pearson,fold3/test_horizon_15_ega_zone_a_pct,fold3/test_horizon_15_ega_zone_a_count,fold3/test_horizon_15_ega_zone_b_pct,fold3/test_horizon_15_ega_zone_b_count,fold3/test_horizon_15_ega_zone_c_pct,fold3/test_horizon_15_ega_zone_c_count,fold3/test_horizon_15_ega_zone_d_pct,fold3/test_horizon_15_ega_zone_d_count,fold3/test_horizon_15_ega_zone_e_pct,fold3/test_horizon_15_ega_zone_e_count,fold3/test_horizon_30_mae,fold3/test_horizon_30_rmse,fold3/test_horizon_30_mard,fold3/test_horizon_30_r2,fold3/test_horizon_30_pearson,fold3/test_horizon_30_ega_zone_a_pct,fold3/test_horizon_30_ega_zone_a_count,fold3/test_horizon_30_ega_zone_b_pct,fold3/test_horizon_30_ega_zone_b_count,fold3/test_horizon_30_ega_zone_c_pct,fold3/test_horizon_30_ega_zone_c_count,fold3/test_horizon_30_ega_zone_d_pct,fold3/test_horizon_30_ega_zone_d_count,fold3/test_horizon_30_ega_zone_e_pct,fold3/test_horizon_30_ega_zone_e_count,fold3/test_horizon_45_mae,fold3/test_horizon_45_rmse,fold3/test_horizon_45_mard,fold3/test_horizon_45_r2,fold3/test_horizon_45_pearson,fold3/test_horizon_45_ega_zone_a_pct,fold3/test_horizon_45_ega_zone_a_count,fold3/test_horizon_45_ega_zone_b_pct,fold3/test_horizon_45_ega_zone_b_count,fold3/test_horizon_45_ega_zone_c_pct,fold3/test_horizon_45_ega_zone_c_count,fold3/test_horizon_45_ega_zone_d_pct,fold3/test_horizon_45_ega_zone_d_count,fold3/test_horizon_45_ega_zone_e_pct,fold3/test_horizon_45_ega_zone_e_count,fold3/test_horizon_60_mae,fold3/test_horizon_60_rmse,fold3/test_horizon_60_mard,fold3/test_horizon_60_r2,fold3/test_horizon_60_pearson,fold3/test_horizon_60_ega_zone_a_pct,fold3/test_horizon_60_ega_zone_a_count,fold3/test_horizon_60_ega_zone_b_pct,fold3/test_horizon_60_ega_zone_b_count,fold3/test_horizon_60_ega_zone_c_pct,fold3/test_horizon_60_ega_zone_c_count,fold3/test_horizon_60_ega_zone_d_pct,fold3/test_horizon_60_ega_zone_d_count,fold3/test_horizon_60_ega_zone_e_pct,fold3/test_horizon_60_ega_zone_e_count
0,0.24908890265833003,9.4148530960083,14.815896987915039,8.56096076965332,0.3313756585121155,0.6013954877853394,90.16558837890625,4465.0,9.41033935546875,466.0,0.0,0.0,0.4240710735321045,21.0,0.0,0.0,5.140256404876709,7.3521294593811035,4.675541877746582,0.8372430801391602,0.9165657758712769,98.22293853759766,1216.0,1.615508794784546,20.0,0.0,0.0,0.16155089437961578,2.0,0.0,0.0,8.964179992675781,13.376988410949707,8.139710426330566,0.45657336711883545,0.6870424151420593,91.19547271728516,1129.0,8.400646209716797,104.0,0.0,0.0,0.4038771986961365,5.0,0.0,0.0,11.22654914855957,16.99469757080078,10.193517684936523,0.11538577079772949,0.4242076575756073,86.67205047607422,1073.0,12.762519836425781,158.0,0.0,0.0,0.5654280781745911,7.0,0.0,0.0,12.328428268432617,18.873945236206055,11.235074996948242,-0.09509730339050293,0.23155643045902252,84.57189178466797,1047.0,14.862682342529297,184.0,0.0,0.0,0.5654280781745911,7.0,0.0,0.0
step,fold4/train_loss,fold4/val_mae,fold4/val_rmse,fold4/val_mard,fold4/val_r2,fold4/val_pearson,fold4/val_ega_zone_a_pct,fold4/val_ega_zone_a_count,fold4/val_ega_zone_b_pct,fold4/val_ega_zone_b_count,fold4/val_ega_zone_c_pct,fold4/val_ega_zone_c_count,fold4/val_ega_zone_d_pct,fold4/val_ega_zone_d_count,fold4/val_ega_zone_e_pct,fold4/val_ega_zone_e_count,fold4/val_horizon_15_mae,fold4/val_horizon_15_rmse,fold4/val_horizon_15_mard,fold4/val_horizon_15_r2,fold4/val_horizon_15_pearson,fold4/val_horizon_15_ega_zone_a_pct,fold4/val_horizon_15_ega_zone_a_count,fold4/val_horizon_15_ega_zone_b_pct,fold4/val_horizon_15_ega_zone_b_count,fold4/val_horizon_15_ega_zone_c_pct,fold4/val_horizon_15_ega_zone_c_count,fold4/val_horizon_15_ega_zone_d_pct,fold4/val_horizon_15_ega_zone_d_count,fold4/val_horizon_15_ega_zone_e_pct,fold4/val_horizon_15_ega_zone_e_count,fold4/val_horizon_30_mae,fold4/val_horizon_30_rmse,fold4/val_horizon_30_mard,fold4/val_horizon_30_r2,fold4/val_horizon_30_pearson,fold4/val_horizon_30_ega_zone_a_pct,fold4/val_horizon_30_ega_zone_a_count,fold4/val_horizon_30_ega_zone_b_pct,fold4/val_horizon_30_ega_zone_b_count,fold4/val_horizon_30_ega_zone_c_pct,fold4/val_horizon_30_ega_zone_c_count,fold4/val_horizon_30_ega_zone_d_pct,fold4/val_horizon_30_ega_zone_d_count,fold4/val_horizon_30_ega_zone_e_pct,fold4/val_horizon_30_ega_zone_e_count,fold4/val_horizon_45_mae,fold4/val_horizon_45_rmse,fold4/val_horizon_45_mard,fold4/val_horizon_45_r2,fold4/val_horizon_45_pearson,fold4/val_horizon_45_ega_zone_a_pct,fold4/val_horizon_45_ega_zone_a_count,fold4/val_horizon_45_ega_zone_b_pct,fold4/val_horizon_45_ega_zone_b_count,fold4/val_horizon_45_ega_zone_c_pct,fold4/val_horizon_45_ega_zone_c_count,fold4/val_horizon_45_ega_zone_d_pct,fold4/val_horizon_45_ega_zone_d_count,fold4/val_horizon_45_ega_zone_e_pct,fold4/val_horizon_45_ega_zone_e_count,fold4/val_horizon_60_mae,fold4/val_horizon_60_rmse,fold4/val_horizon_60_mard,fold4/val_horizon_60_r2,fold4/val_horizon_60_pearson,fold4/val_horizon_60_ega_zone_a_pct,fold4/val_horizon_60_ega_zone_a_count,fold4/val_horizon_60_ega_zone_b_pct,fold4/val_horizon_60_ega_zone_b_count,fold4/val_horizon_60_ega_zone_c_pct,fold4/val_horizon_60_ega_zone_c_count,fold4/val_horizon_60_ega_zone_d_pct,fold4/val_horizon_60_ega_zone_d_count,fold4/val_horizon_60_ega_zone_e_pct,fold4/val_horizon_60_ega_zone_e_count,fold4/diag_graph_prior_weight,fold4/diag_graph_residual_mean,fold4/diag_fusion_gate_cgm,fold4/diag_fusion_gate_cgm_guided,fold4/diag_fusion_gate_physio,fold4/diag_horizon_query_similarity,fold4/diag_horizon_progressive_gate,fold4/diag_horizon_attention_similarity,fold4/diag_horizon_attention_entropy,fold4/diag_horizon_curriculum_progress,fold4/diag_loss_horizon_weight_0,fold4/diag_loss_horizon_weight_1,fold4/diag_loss_horizon_weight_2,fold4/diag_loss_horizon_weight_3
1,0.22722164142031137,11.964681625366211,17.011817932128906,10.338032722473145,0.32423466444015503,0.6259112358093262,85.31050109863281,18683.0,14.369863510131836,3147.0,0.0,0.0,0.31963470578193665,70.0,0.0,0.0,7.694127559661865,10.868760108947754,6.719470024108887,0.7258695363998413,0.8558429479598999,95.03196716308594,5203.0,4.767123222351074,261.0,0.0,0.0,0.2009132355451584,11.0,0.0,0.0,11.857682228088379,16.617839813232422,10.247076034545898,0.3570113182067871,0.6459410190582275,85.8630142211914,4701.0,13.808218955993652,756.0,0.0,0.0,0.3287671208381653,18.0,0.0,0.0,13.75477123260498,19.052257537841797,11.858083724975586,0.1507306694984436,0.5195040106773376,81.00456237792969,4435.0,18.61187171936035,1019.0,0.0,0.0,0.3835616409778595,21.0,0.0,0.0,14.552145957946777,20.00841522216797,12.52750301361084,0.05849730968475342,0.45742693543434143,79.34246826171875,4344.0,20.292238235473633,1111.0,0.0,0.0,0.3652968108654022,20.0,0.0,0.0,1.0025660991668701,0.011600065976381302,0.6080185174942017,0.18203236162662506,0.20994916558265686,0.0653863325715065,0.11920291930437088,0.9999551177024841,0.9999814033508301,0.0,0.3333333432674408,0.28333333134651184,0.21666665375232697,0.1666666716337204
2,0.22503258596933085,11.843635559082031,16.761009216308594,10.268411636352539,0.3440137505531311,0.6306689381599426,85.68949890136719,18766.0,14.0,3066.0,0.0,0.0,0.310502290725708,68.0,0.0,0.0,7.640839099884033,10.767485618591309,6.680078029632568,0.7309544086456299,0.8580335378646851,95.08676147460938,5206.0,4.730593681335449,259.0,0.0,0.0,0.1826484054327011,10.0,0.0,0.0,11.76596450805664,16.419538497924805,10.195744514465332,0.37226539850234985,0.6498062610626221,86.1552505493164,4717.0,13.515981674194336,740.0,0.0,0.0,0.3287671208381653,18.0,0.0,0.0,13.594405174255371,18.723644256591797,11.768786430358887,0.17977440357208252,0.5245153903961182,81.36986541748047,4455.0,18.24657440185547,999.0,0.0,0.0,0.3835616409778595,21.0,0.0,0.0,14.373330116271973,19.687837600708008,12.429035186767578,0.0884253978729248,0.45808935165405273,80.1461181640625,4388.0,19.50684928894043,1068.0,0.0,0.0,0.34703195095062256,19.0,0.0,0.0,1.0029716491699219,0.010739052668213844,0.23136290907859802,0.41667088866233826,0.3519662618637085,0.06585198640823364,0.11920291930437088,0.9995799660682678,0.9997633695602417,0.07142857142857142,0.3245614171028137,0.2788847088813782,0.21998745203018188,0.17656642198562622
3,0.22471857141156132,11.798639297485352,16.651018142700195,10.231864929199219,0.35259509086608887,0.633602499961853,85.74885559082031,18779.0,13.94063949584961,3053.0,0.0,0.0,0.310502290725708,68.0,0.0,0.0,7.638388156890869,10.72901439666748,6.680520057678223,0.7328734397888184,0.8588021993637085,95.21461486816406,5213.0,4.6027398109436035,252.0,0.0,0.0,0.1826484054327011,10.0,0.0,0.0,11.716808319091797,16.312124252319336,10.157206535339355,0.38045161962509155,0.6522790193557739,86.50228118896484,4736.0,13.168950080871582,721.0,0.0,0.0,0.3287671208381653,18.0,0.0,0.0,13.535723686218262,18.589014053344727,11.717988967895508,0.19152748584747314,0.5287004113197327,81.66210174560547,4471.0,17.95433807373047,983.0,0.0,0.0,0.3835616409778595,21.0,0.0,0.0,14.303640365600586,19.551904678344727,12.371745109558105,0.10096967220306396,0.4608839750289917,79.61643981933594,4359.0,20.036529541015625,1097.0,0.0,0.0,0.34703195095062256,19.0,0.0,0.0,1.0005637407302856,0.009938537143170834,0.1271345019340515,0.4369335472583771,0.4359320104122162,0.07263616472482681,0.11920291930437088,0.9984540939331055,0.9973888993263245,0.14285714285714285,0.31578949093818665,0.2744360864162445,0.223308265209198,0.18646617233753204
4,0.22459277653450677,11.72793197631836,16.54433250427246,10.16433048248291,0.360864520072937,0.6359509825706482,85.92237091064453,18817.0,13.771688461303711,3016.0,0.0,0.0,0.3059360682964325,67.0,0.0,0.0,7.554316997528076,10.632346153259277,6.606175899505615,0.7376654148101807,0.8610901832580566,95.23287200927734,5214.0,4.584475040435791,251.0,0.0,0.0,0.1826484054327011,10.0,0.0,0.0,11.63474178314209,16.19385528564453,10.084184646606445,0.3894028663635254,0.6549010872840881,86.75799560546875,4750.0,12.931506156921387,708.0,0.0,0.0,0.310502290725708,17.0,0.0,0.0,13.475153923034668,18.474695205688477,11.652920722961426,0.20144081115722656,0.5299440026283264,82.0091323852539,4490.0,17.6073055267334,964.0,0.0,0.0,0.3835616409778595,21.0,0.0,0.0,14.247514724731445,19.44884490966797,12.314042091369629,0.11042243242263794,0.4614050090312958,79.68949890136719,4363.0,19.963470458984375,1093.0,0.0,0.0,0.34703195095062256,19.0,0.0,0.0,1.0008574724197388,0.009276135824620724,0.14320465922355652,0.6447883248329163,0.212007075548172,0.06503239274024963,0.11920291930437088,0.998968780040741,0.9963095188140869,0.21428571428571427,0.30701756477355957,0.26998746395111084,0.22662906348705292,0.19636592268943787
5,0.22438141087893884,11.592100143432617,16.38132095336914,10.077825546264648,0.3733973503112793,0.6434985399246216,85.89498138427734,18811.0,13.803653717041016,3023.0,0.0,0.0,0.30136987566947937,66.0,0.0,0.0,7.4469828605651855,10.54055118560791,6.527772426605225,0.7421756386756897,0.8641092777252197,95.19635009765625,5212.0,4.621004581451416,253.0,0.0,0.0,0.1826484054327011,10.0,0.0,0.0,11.490606307983398,16.056602478027344,9.985827445983887,0.39970946311950684,0.661771297454834,86.55707550048828,4739.0,13.132420539855957,719.0,0.0,0.0,0.310502290725708,17.0,0.0,0.0,13.313210487365723,18.276521682739258,11.54694652557373,0.21848076581954956,0.5387617349624634,82.0091323852539,4490.0,17.62557029724121,965.0,0.0,0.0,0.3652968108654022,20.0,0.0,0.0,14.117599487304688,19.246862411499023,12.250753402709961,0.12880373001098633,0.47105634212493896,79.81735229492188,4370.0,19.835617065429688,1086.0,0.0,0.0,0.34703195095062256,19.0,0.0,0.0,1.0035598278045654,0.008807580918073654,0.22179478406906128,0.49705907702445984,0.2811461389064789,0.07046831399202347,0.11920291930437088,0.9979647994041443,0.9911757707595825,0.2857142857142857,0.2982456088066101,0.2655388414859772,0.22994986176490784,0.2062656730413437
6,0.2227038444493197,11.564566612243652,16.349485397338867,10.009467124938965,0.37583041191101074,0.6411311030387878,86.19634246826172,18877.0,13.488584518432617,2954.0,0.0,0.0,0.3150685131549835,69.0,0.0,0.0,7.384205341339111,10.383247375488281,6.4632720947265625,0.7498135566711426,0.8675018548965454,95.43379211425781,5225.0,4.383561611175537,240.0,0.0,0.0,0.1826484054327011,10.0,0.0,0.0,11.486004829406738,16.030370712280273,9.944295883178711,0.4016692042350769,0.6587927937507629,86.90410614013672,4758.0,12.767122268676758,699.0,0.0,0.0,0.3287671208381653,18.0,0.0,0.0,13.31626033782959,18.283382415771484,11.491167068481445,0.21789401769638062,0.5316011905670166,82.4474868774414,4514.0,17.168949127197266,940.0,0.0,0.0,0.3835616409778595,21.0,0.0,0.0,14.071793556213379,19.239439010620117,12.139130592346191,0.12947559356689453,0.46434012055397034,80.0,4380.0,19.634702682495117,1075.0,0.0,0.0,0.3652968108654022,20.0,0.0,0.0,0.9988222122192383,0.008472982794046402,0.21200767159461975,0.5747935175895691,0.21319885551929474,0.08913227915763855,0.11920291930437088,0.9879844784736633,0.9791220426559448,0.35714285714285715,0.28947368264198303,0.2610902190208435,0.23327067494392395,0.2161654233932495
7,0.22066278870379186,11.437881469726562,16.168275833129883,9.909709930419922,0.38958972692489624,0.6492325663566589,86.60730743408203,18967.0,13.091323852539062,2867.0,0.0,0.0,0.30136987566947937,66.0,0.0,0.0,6.9884352684021,9.819252014160156,6.133762359619141,0.7762545943260193,0.8822746276855469,96.25570678710938,5270.0,3.579908609390259,196.0,0.0,0.0,0.16438356041908264,9.0,0.0,0.0,11.348563194274902,15.758264541625977,9.844131469726562,0.42180949449539185,0.6700987815856934,87.32420349121094,4781.0,12.365296363830566,677.0,0.0,0.0,0.310502290725708,17.0,0.0,0.0,13.261844635009766,18.16522979736328,11.456682205200195,0.2279697060585022,0.5362707376480103,82.4474868774414,4514.0,17.168949127197266,940.0,0.0,0.0,0.3835616409778595,21.0,0.0,0.0,14.152678489685059,19.259706497192383,12.204259872436523,0.12764042615890503,0.4607294201850891,80.40182495117188,4402.0,19.251140594482422,1054.0,0.0,0.0,0.34703195095062256,19.0,0.0,0.0,0.9960235953330994,0.008223081938922405,0.2424837052822113,0.566829264163971,0.19068703055381775,0.09636515378952026,0.11920291930437088,0.9428906440734863,0.9555531740188599,0.42857142857142855,0.28070175647735596,0.25664159655570984,0.23659147322177887,0.22606515884399414
8,0.21560061418064355,11.224462509155273,15.989480972290039,9.708685874938965,0.4030153155326843,0.6612972021102905,86.9863052368164,19050.0,12.73059368133545,2788.0,0.0,0.0,0.2831050157546997,62.0,0.0,0.0,6.538734436035156,9.226079940795898,5.745845317840576,0.8024706244468689,0.8977580666542053,97.05936431884766,5314.0,2.8127853870391846,154.0,0.0,0.0,0.1278538852930069,7.0,0.0,0.0,11.096807479858398,15.479110717773438,9.607782363891602,0.4421130418777466,0.6869676113128662,87.90867614746094,4813.0,11.78082275390625,645.0,0.0,0.0,0.310502290725708,17.0,0.0,0.0,13.167725563049316,18.100297927856445,11.348098754882812,0.23347914218902588,0.544012725353241,82.64839935302734,4525.0,17.004566192626953,931.0,0.0,0.0,0.34703195095062256,19.0,0.0,0.0,14.09458065032959,19.243436813354492,12.133015632629395,0.12911373376846313,0.46469369530677795,80.32876586914062,4398.0,19.324201583862305,1058.0,0.0,0.0,0.34703195095062256,19.0,0.0,0.0,0.9917023181915283,0.008022557944059372,0.24601896107196808,0.5185166597366333,0.2354644387960434,0.11004588752985,0.11920291930437088,0.9165831208229065,0.9144723415374756,0.5,0.2719298303127289,0.25219297409057617,0.2399122714996338,0.23596492409706116
9,0.2123338299900738,11.15585994720459,15.944005012512207,9.646533966064453,0.4064062833786011,0.6662548184394836,87.10502624511719,19076.0,12.616437911987305,2763.0,0.0,0.0,0.2785388231277466,61.0,0.0,0.0,6.3748345375061035,9.003127098083496,5.62553071975708,0.8119020462036133,0.9033666849136353,97.33333587646484,5329.0,2.5388126373291016,139.0,0.0,0.0,0.1278538852930069,7.0,0.0,0.0,11.015135765075684,15.381514549255371,9.547147750854492,0.44912582635879517,0.6941335201263428,87.89041137695312,4812.0,11.799086570739746,646.0,0.0,0.0,0.310502290725708,17.0,0.0,0.0,13.127277374267578,18.08245849609375,11.301271438598633,0.23498934507369995,0.5496554970741272,82.8858413696289,4538.0,16.76712417602539,918.0,0.0,0.0,0.34703195095062256,19.0,0.0,0.0,14.106191635131836,19.293073654174805,12.11218547821045,0.1246151328086853,0.4649892747402191,80.31050109863281,4397.0,19.360729217529297,1060.0,0.0,0.0,0.3287671208381653,18.0,0.0,0.0,0.9933422803878784,0.007846977561712265,0.2292003482580185,0.4893597662448883,0.28143996000289917,0.12639200687408447,0.11920291930437088,0.9221721291542053,0.9098289012908936,0.5714285714285714,0.2631579041481018,0.2477443516254425,0.2432330846786499,0.24586467444896698
10,0.2115400340364191,11.109286308288574,15.891357421875,9.619023323059082,0.410319983959198,0.669203519821167,87.11872100830078,19079.0,12.607306480407715,2761.0,0.0,0.0,0.27397260069847107,60.0,0.0,0.0,6.284539222717285,8.851909637451172,5.562505722045898,0.8181675672531128,0.9069064855575562,97.44292449951172,5335.0,2.4292237758636475,133.0,0.0,0.0,0.1278538852930069,7.0,0.0,0.0,10.971105575561523,15.320327758789062,9.525364875793457,0.45349979400634766,0.6980170011520386,87.83561706542969,4809.0,11.853880882263184,649.0,0.0,0.0,0.310502290725708,17.0,0.0,0.0,13.113855361938477,18.061267852783203,11.305633544921875,0.23678123950958252,0.551023006439209,83.03196716308594,4546.0,16.621004104614258,910.0,0.0,0.0,0.34703195095062256,19.0,0.0,0.0,14.067649841308594,19.25779914855957,12.08259105682373,0.1278133988380432,0.4664705991744995,80.16438293457031,4389.0,19.525114059448242,1069.0,0.0,0.0,0.310502290725708,17.0,0.0,0.0,0.9888182878494263,0.007725500501692295,0.24308545887470245,0.5037049055099487,0.25320965051651,0.1396748274564743,0.11920291930437088,0.9380800127983093,0.8938825130462646,0.6428571428571429,0.25438597798347473,0.24329572916030884,0.24655388295650482,0.2557644248008728
11,0.21096444660205121,11.170347213745117,15.977518081665039,9.670550346374512,0.40390825271606445,0.6657788753509521,86.94976806640625,19042.0,12.77625560760498,2798.0,0.0,0.0,0.27397260069847107,60.0,0.0,0.0,6.299005508422852,8.867016792297363,5.568560600280762,0.8175464272499084,0.9066983461380005,97.5525131225586,5341.0,2.3196346759796143,127.0,0.0,0.0,0.1278538852930069,7.0,0.0,0.0,11.014381408691406,15.373700141906738,9.564682960510254,0.44968539476394653,0.6966493129730225,87.59817504882812,4796.0,12.091324806213379,662.0,0.0,0.0,0.310502290725708,17.0,0.0,0.0,13.1840181350708,18.160919189453125,11.36927318572998,0.22833597660064697,0.545868456363678,82.61186981201172,4523.0,17.041095733642578,933.0,0.0,0.0,0.34703195095062256,19.0,0.0,0.0,14.183985710144043,19.399246215820312,12.179686546325684,0.11495399475097656,0.45833417773246765,80.03652954101562,4382.0,19.652969360351562,1076.0,0.0,0.0,0.310502290725708,17.0,0.0,0.0,0.9871628284454346,0.007627449929714203,0.25777655839920044,0.4450053572654724,0.2972181439399719,0.14616067707538605,0.11920291930437088,0.9259279370307922,0.9080178737640381,0.7142857142857143,0.24561403691768646,0.23884710669517517,0.24987469613552094,0.26566416025161743
12,0.21168393085111525,11.208102226257324,16.03413200378418,9.689347267150879,0.39967644214630127,0.6628769040107727,86.91323852539062,19034.0,12.808218955993652,2805.0,0.0,0.0,0.2785388231277466,61.0,0.0,0.0,6.326929092407227,8.901362419128418,5.59932279586792,0.8161302208900452,0.9056029319763184,97.4246597290039,5334.0,2.44748854637146,134.0,0.0,0.0,0.1278538852930069,7.0,0.0,0.0,11.050304412841797,15.411309242248535,9.589611053466797,0.44698965549468994,0.6948679089546204,87.63469696044922,4798.0,12.054794311523438,660.0,0.0,0.0,0.310502290725708,17.0,0.0,0.0,13.224339485168457,18.22793960571289,11.377421379089355,0.22263002395629883,0.5419884324073792,82.70319366455078,4528.0,16.949771881103516,928.0,0.0,0.0,0.34703195095062256,19.0,0.0,0.0,14.2308349609375,19.477506637573242,12.19103717803955,0.10779869556427002,0.453436940908432,79.89041137695312,4374.0,19.78082275390625,1083.0,0.0,0.0,0.3287671208381653,18.0,0.0,0.0,0.9908283948898315,0.007538655772805214,0.27055639028549194,0.4566980302333832,0.27274566888809204,0.1498626321554184,0.11920291930437088,0.9224269986152649,0.9181556701660156,0.7857142857142857,0.23684212565422058,0.2343984991312027,0.25319552421569824,0.27556392550468445
13,0.21264361353109693,11.141212463378906,15.975522994995117,9.636917114257812,0.40405720472335815,0.6658887267112732,87.06392669677734,19067.0,12.63926887512207,2768.0,0.0,0.0,0.29680365324020386,65.0,0.0,0.0,6.268523216247559,8.853799819946289,5.535466194152832,0.8180899620056152,0.9069564938545227,97.51598358154297,5339.0,2.337899684906006,128.0,0.0,0.0,0.14611873030662537,8.0,0.0,0.0,11.02576732635498,15.433473587036133,9.565951347351074,0.44539785385131836,0.6944099068641663,87.45205688476562,4788.0,12.219178199768066,669.0,0.0,0.0,0.3287671208381653,18.0,0.0,0.0,13.171293258666992,18.173070907592773,11.346338272094727,0.22730296850204468,0.5458065271377563,82.83104705810547,4535.0,16.803653717041016,920.0,0.0,0.0,0.3652968108654022,20.0,0.0,0.0,14.099273681640625,19.33977699279785,12.09991455078125,0.1203719973564148,0.4606945812702179,80.45661926269531,4405.0,19.196346282958984,1051.0,0.0,0.0,0.34703195095062256,19.0,0.0,0.0,0.9977335333824158,0.007460068445652723,0.2935296595096588,0.4867962896823883,0.21967415511608124,0.15293721854686737,0.11920291930437088,0.9296924471855164,0.9023289084434509,0.8571428571428571,0.22807016968727112,0.22994986176490784,0.25651630759239197,0.2854636609554291
14,0.21558411617215376,11.044878005981445,15.83696460723877,9.551271438598633,0.4143497943878174,0.671541154384613,87.33333587646484,19126.0,12.36986255645752,2709.0,0.0,0.0,0.29680365324020386,65.0,0.0,0.0,6.195556640625,8.697869300842285,5.478219509124756,0.8244410157203674,0.9105865955352783,97.60730743408203,5344.0,2.246575355529785,123.0,0.0,0.0,0.14611873030662537,8.0,0.0,0.0,10.974080085754395,15.316765785217285,9.513192176818848,0.4537539482116699,0.6997292041778564,87.8538818359375,4810.0,11.817351341247559,647.0,0.0,0.0,0.3287671208381653,18.0,0.0,0.0,13.075125694274902,18.044963836669922,11.2603120803833,0.2381584644317627,0.5503177046775818,83.1598129272461,4553.0,16.474885940551758,902.0,0.0,0.0,0.3652968108654022,20.0,0.0,0.0,13.9347505569458,19.166658401489258,11.953362464904785,0.1360493302345276,0.46687549352645874,80.71233367919922,4419.0,18.94063949584961,1037.0,0.0,0.0,0.34703195095062256,19.0,0.0,0.0,0.9998619556427002,0.007392236962914467,0.37287789583206177,0.36312589049339294,0.26399627327919006,0.15383587777614594,0.11920291930437088,0.9485756754875183,0.8814363479614258,0.9285714285714286,0.21929824352264404,0.22550123929977417,0.2598370909690857,0.2953633964061737
15,0.2138919639375532,11.118369102478027,15.958147048950195,9.611032485961914,0.4053528904914856,0.667727530002594,86.88584899902344,19028.0,12.817351341247559,2807.0,0.0,0.0,0.29680365324020386,65.0,0.0,0.0,6.24066686630249,8.79029369354248,5.508047103881836,0.8206901550292969,0.9089633226394653,97.4063949584961,5333.0,2.44748854637146,134.0,0.0,0.0,0.14611873030662537,8.0,0.0,0.0,11.008646011352539,15.416874885559082,9.542197227478027,0.4465901255607605,0.6972112059593201,87.4703140258789,4789.0,12.200913429260254,668.0,0.0,0.0,0.3287671208381653,18.0,0.0,0.0,13.144693374633789,18.17814064025879,11.316203117370605,0.22687184810638428,0.5461406111717224,82.73973083496094,4530.0,16.894977569580078,925.0,0.0,0.0,0.3652968108654022,20.0,0.0,0.0,14.079474449157715,19.319828033447266,12.077680587768555,0.12218570709228516,0.45992839336395264,79.92694091796875,4376.0,19.726028442382812,1080.0,0.0,0.0,0.34703195095062256,19.0,0.0,0.0,1.0009100437164307,0.007324529811739922,0.381340354681015,0.3694847524166107,0.24917495250701904,0.1625010222196579,0.11920291930437088,0.9353761672973633,0.8860889077186584,1.0,0.21052631735801697,0.2210526168346405,0.2631579041481018,0.3052631616592407
16,0.20891395162056492,11.21607494354248,16.112173080444336,9.67831802368164,0.3938184380531311,0.6609742641448975,86.83561706542969,19017.0,12.881278991699219,2821.0,0.0,0.0,0.2831050157546997,62.0,0.0,0.0,6.252507209777832,8.82623291015625,5.51278018951416,0.8192209601402283,0.907874584197998,97.47945404052734,5337.0,2.374429225921631,130.0,0.0,0.0,0.14611873030662537,8.0,0.0,0.0,11.087068557739258,15.514954566955566,9.597996711730957,0.4395263195037842,0.6924073696136475,87.4703140258789,4789.0,12.219178199768066,669.0,0.0,0.0,0.310502290725708,17.0,0.0,0.0,13.264299392700195,18.351438522338867,11.399380683898926,0.21206063032150269,0.5372995138168335,82.39269256591797,4511.0,17.26027488708496,945.0,0.0,0.0,0.34703195095062256,19.0,0.0,0.0,14.260428428649902,19.570817947387695,12.203116416931152,0.09922951459884644,0.4471459686756134,80.0,4380.0,19.671232223510742,1077.0,0.0,0.0,0.3287671208381653,18.0,0.0,0.0,0.9990019798278809,0.007273207884281874,0.35482311248779297,0.3912809193134308,0.253896027803421,0.16453994810581207,0.11920291930437088,0.9266296029090881,0.8867262601852417,1.0,0.21052631735801697,0.2210526168346405,0.2631579041481018,0.3052631616592407
17,0.20388065257460136,11.223194122314453,16.10417366027832,9.69534969329834,0.39442020654678345,0.6630976796150208,86.86758422851562,19024.0,12.84931468963623,2814.0,0.0,0.0,0.2831050157546997,62.0,0.0,0.0,6.280152797698975,8.874418258666992,5.535773277282715,0.8172417283058167,0.9071061015129089,97.53424835205078,5340.0,2.3196346759796143,127.0,0.0,0.0,0.14611873030662537,8.0,0.0,0.0,11.099348068237305,15.554688453674316,9.613903999328613,0.43665188550949097,0.6932962536811829,87.54338073730469,4793.0,12.146119117736816,665.0,0.0,0.0,0.310502290725708,17.0,0.0,0.0,13.265583992004395,18.34066390991211,11.413585662841797,0.21298563480377197,0.5418199300765991,82.39269256591797,4511.0,17.26027488708496,945.0,0.0,0.0,0.34703195095062256,19.0,0.0,0.0,14.24769401550293,19.501129150390625,12.218132972717285,0.1056331992149353,0.45376312732696533,80.0,4380.0,19.671232223510742,1077.0,0.0,0.0,0.3287671208381653,18.0,0.0,0.0,0.9981741905212402,0.007227892521768808,0.37666985392570496,0.37104809284210205,0.2522820830345154,0.16308942437171936,0.11920291930437088,0.9243669509887695,0.8889853358268738,1.0,0.21052631735801697,0.2210526168346405,0.2631579041481018,0.3052631616592407
18,0.20173445641292143,11.225983619689941,16.11324119567871,9.698648452758789,0.39373815059661865,0.6609323024749756,86.9771728515625,19048.0,12.748858451843262,2792.0,0.0,0.0,0.27397260069847107,60.0,0.0,0.0,6.281681060791016,8.8822603225708,5.533329010009766,0.8169185519218445,0.9066002368927002,97.51598358154297,5339.0,2.3561644554138184,129.0,0.0,0.0,0.1278538852930069,7.0,0.0,0.0,11.095369338989258,15.529925346374512,9.608879089355469,0.43844419717788696,0.6918890476226807,87.78082275390625,4806.0,11.908676147460938,652.0,0.0,0.0,0.310502290725708,17.0,0.0,0.0,13.27731990814209,18.353599548339844,11.428018569946289,0.21187496185302734,0.5379689931869507,82.33789825439453,4508.0,17.3150691986084,948.0,0.0,0.0,0.34703195095062256,19.0,0.0,0.0,14.249566078186035,19.535053253173828,12.224365234375,0.10251879692077637,0.4494112432003021,80.27397155761719,4395.0,19.415525436401367,1063.0,0.0,0.0,0.310502290725708,17.0,0.0,0.0,1.0004923343658447,0.007189003750681877,0.35450389981269836,0.39546898007392883,0.2500271797180176,0.16108889877796173,0.11920291930437088,0.907004177570343,0.9045370221138,1.0,0.21052631735801697,0.2210526168346405,0.2631579041481018,0.3052631616592407
19,0.19641995296549442,11.3279447555542,16.253185272216797,9.765640258789062,0.38316160440444946,0.6566664576530457,86.7305908203125,18994.0,12.995433807373047,2846.0,0.0,0.0,0.27397260069847107,60.0,0.0,0.0,6.329734802246094,8.932852745056152,5.5624165534973145,0.814827024936676,0.9057461023330688,97.53424835205078,5340.0,2.337899684906006,128.0,0.0,0.0,0.1278538852930069,7.0,0.0,0.0,11.202803611755371,15.65989875793457,9.678031921386719,0.4290052652359009,0.6875411868095398,87.32420349121094,4781.0,12.365296363830566,677.0,0.0,0.0,0.310502290725708,17.0,0.0,0.0,13.410984992980957,18.52688217163086,11.519493103027344,0.1969228982925415,0.5322007536888123,82.33789825439453,4508.0,17.3150691986084,948.0,0.0,0.0,0.34703195095062256,19.0,0.0,0.0,14.368254661560059,19.70762825012207,12.302620887756348,0.08659189939498901,0.44495269656181335,79.72602844238281,4365.0,19.963470458984375,1093.0,0.0,0.0,0.310502290725708,17.0,0.0,0.0,0.9987607002258301,0.007175897713750601,0.36892324686050415,0.3666881322860718,0.26438865065574646,0.16557277739048004,0.11920291930437088,0.9044798016548157,0.9068477749824524,1.0,0.21052631735801697,0.2210526168346405,0.2631579041481018,0.3052631616592407
20,0.1926148156902496,11.306134223937988,16.200868606567383,9.750869750976562,0.38712620735168457,0.6600946187973022,86.8219223022461,19014.0,12.904109001159668,2826.0,0.0,0.0,0.27397260069847107,60.0,0.0,0.0,6.3411970138549805,8.944419860839844,5.5735883712768555,0.8143471479415894,0.9055657982826233,97.46118927001953,5336.0,2.410959005355835,132.0,0.0,0.0,0.1278538852930069,7.0,0.0,0.0,11.210354804992676,15.654874801635742,9.692039489746094,0.42937159538269043,0.6886450052261353,87.36072540283203,4783.0,12.328766822814941,675.0,0.0,0.0,0.310502290725708,17.0,0.0,0.0,13.384747505187988,18.466453552246094,11.501459121704102,0.2021530270576477,0.5380361676216125,82.2831039428711,4505.0,17.369863510131836,951.0,0.0,0.0,0.34703195095062256,19.0,0.0,0.0,14.288237571716309,19.590429306030273,12.236388206481934,0.09742337465286255,0.4553055465221405,80.18264770507812,4390.0,19.50684928894043,1068.0,0.0,0.0,0.310502290725708,17.0,0.0,0.0,0.9991778135299683,0.007161925081163645,0.36996400356292725,0.3384474217891693,0.29158860445022583,0.16387781500816345,0.11920291930437088,0.9005077481269836,0.9119152426719666,1.0,0.21052631735801697,0.2210526168346405,0.2631579041481018,0.3052631616592407
21,0.1891162730490047,11.3657808303833,16.30059051513672,9.783371925354004,0.3795582056045532,0.6561639904975891,86.72602844238281,18993.0,13.0,2847.0,0.0,0.0,0.27397260069847107,60.0,0.0,0.0,6.364415168762207,8.967216491699219,5.589076995849609,0.8133995532989502,0.9049175381660461,97.46118927001953,5336.0,2.410959005355835,132.0,0.0,0.0,0.1278538852930069,7.0,0.0,0.0,11.259343147277832,15.713173866271973,9.71621322631836,0.42511361837387085,0.6856656670570374,87.2694091796875,4778.0,12.420090675354004,680.0,0.0,0.0,0.310502290725708,17.0,0.0,0.0,13.460787773132324,18.585908889770508,11.539982795715332,0.1917974352836609,0.5327986478805542,82.19178009033203,4500.0,17.4611873626709,956.0,0.0,0.0,0.34703195095062256,19.0,0.0,0.0,14.378582954406738,19.750595092773438,12.288217544555664,0.08260458707809448,0.4495818316936493,79.98173522949219,4379.0,19.707763671875,1079.0,0.0,0.0,0.310502290725708,17.0,0.0,0.0,1.0000073909759521,0.007147088646888733,0.3680571913719177,0.3419203758239746,0.29002252221107483,0.1642989069223404,0.11920291930437088,0.8912509083747864,0.9173503518104553,1.0,0.21052631735801697,0.2210526168346405,0.2631579041481018,0.3052631616592407
22,0.1848494169965843,11.37110710144043,16.301342010498047,9.783917427062988,0.3795009255409241,0.6574739813804626,86.68036651611328,18983.0,13.050228118896484,2858.0,0.0,0.0,0.26940637826919556,59.0,0.0,0.0,6.371190071105957,8.998109817504883,5.59489631652832,0.8121116161346436,0.9042935371398926,97.4063949584961,5333.0,2.4657535552978516,135.0,0.0,0.0,0.1278538852930069,7.0,0.0,0.0,11.274153709411621,15.727023124694824,9.726034164428711,0.42409980297088623,0.6863914728164673,87.37899780273438,4784.0,12.310502052307129,674.0,0.0,0.0,0.310502290725708,17.0,0.0,0.0,13.45363712310791,18.584917068481445,11.529129981994629,0.19188380241394043,0.5350738167762756,82.08219146728516,4494.0,17.589040756225586,963.0,0.0,0.0,0.3287671208381653,18.0,0.0,0.0,14.385446548461914,19.728927612304688,12.285609245300293,0.08461642265319824,0.4548053443431854,79.8538818359375,4372.0,19.835617065429688,1086.0,0.0,0.0,0.310502290725708,17.0,0.0,0.0,1.0009037256240845,0.007135184481739998,0.36056384444236755,0.3341485857963562,0.30528759956359863,0.16112390160560608,0.11920291930437088,0.8930881023406982,0.9181885123252869,1.0,0.21052631735801697,0.2210526168346405,0.2631579041481018,0.3052631616592407
step,fold4/test_loss,fold4/test_mae,fold4/test_rmse,fold4/test_mard,fold4/test_r2,fold4/test_pearson,fold4/test_ega_zone_a_pct,fold4/test_ega_zone_a_count,fold4/test_ega_zone_b_pct,fold4/test_ega_zone_b_count,fold4/test_ega_zone_c_pct,fold4/test_ega_zone_c_count,fold4/test_ega_zone_d_pct,fold4/test_ega_zone_d_count,fold4/test_ega_zone_e_pct,fold4/test_ega_zone_e_count,fold4/test_horizon_15_mae,fold4/test_horizon_15_rmse,fold4/test_horizon_15_mard,fold4/test_horizon_15_r2,fold4/test_horizon_15_pearson,fold4/test_horizon_15_ega_zone_a_pct,fold4/test_horizon_15_ega_zone_a_count,fold4/test_horizon_15_ega_zone_b_pct,fold4/test_horizon_15_ega_zone_b_count,fold4/test_horizon_15_ega_zone_c_pct,fold4/test_horizon_15_ega_zone_c_count,fold4/test_horizon_15_ega_zone_d_pct,fold4/test_horizon_15_ega_zone_d_count,fold4/test_horizon_15_ega_zone_e_pct,fold4/test_horizon_15_ega_zone_e_count,fold4/test_horizon_30_mae,fold4/test_horizon_30_rmse,fold4/test_horizon_30_mard,fold4/test_horizon_30_r2,fold4/test_horizon_30_pearson,fold4/test_horizon_30_ega_zone_a_pct,fold4/test_horizon_30_ega_zone_a_count,fold4/test_horizon_30_ega_zone_b_pct,fold4/test_horizon_30_ega_zone_b_count,fold4/test_horizon_30_ega_zone_c_pct,fold4/test_horizon_30_ega_zone_c_count,fold4/test_horizon_30_ega_zone_d_pct,fold4/test_horizon_30_ega_zone_d_count,fold4/test_horizon_30_ega_zone_e_pct,fold4/test_horizon_30_ega_zone_e_count,fold4/test_horizon_45_mae,fold4/test_horizon_45_rmse,fold4/test_horizon_45_mard,fold4/test_horizon_45_r2,fold4/test_horizon_45_pearson,fold4/test_horizon_45_ega_zone_a_pct,fold4/test_horizon_45_ega_zone_a_count,fold4/test_horizon_45_ega_zone_b_pct,fold4/test_horizon_45_ega_zone_b_count,fold4/test_horizon_45_ega_zone_c_pct,fold4/test_horizon_45_ega_zone_c_count,fold4/test_horizon_45_ega_zone_d_pct,fold4/test_horizon_45_ega_zone_d_count,fold4/test_horizon_45_ega_zone_e_pct,fold4/test_horizon_45_ega_zone_e_count,fold4/test_horizon_60_mae,fold4/test_horizon_60_rmse,fold4/test_horizon_60_mard,fold4/test_horizon_60_r2,fold4/test_horizon_60_pearson,fold4/test_horizon_60_ega_zone_a_pct,fold4/test_horizon_60_ega_zone_a_count,fold4/test_horizon_60_ega_zone_b_pct,fold4/test_horizon_60_ega_zone_b_count,fold4/test_horizon_60_ega_zone_c_pct,fold4/test_horizon_60_ega_zone_c_count,fold4/test_horizon_60_ega_zone_d_pct,fold4/test_horizon_60_ega_zone_d_count,fold4/test_horizon_60_ega_zone_e_pct,fold4/test_horizon_60_ega_zone_e_count
0,0.2287176419534642,9.515484809875488,14.053678512573242,8.288844108581543,0.4673650860786438,0.6964905858039856,89.66061401367188,4544.0,10.22099494934082,518.0,0.0,0.0,0.11838989704847336,6.0,0.0,0.0,5.294259548187256,7.294618606567383,4.613508224487305,0.8539959788322449,0.9253189563751221,99.21073150634766,1257.0,0.7892659902572632,10.0,0.0,0.0,0.0,0.0,0.0,0.0,9.198430061340332,13.043296813964844,7.986746788024902,0.5383029580116272,0.7437040209770203,91.39700317382812,1158.0,8.445145606994629,107.0,0.0,0.0,0.15785318613052368,2.0,0.0,0.0,11.127643585205078,15.954036712646484,9.681565284729004,0.3175935745239258,0.5896953344345093,86.26677703857422,1093.0,13.575374603271484,172.0,0.0,0.0,0.15785318613052368,2.0,0.0,0.0,12.441607475280762,17.667858123779297,10.873558044433594,0.1726352572441101,0.4709503948688507,81.76795959472656,1036.0,18.074190139770508,229.0,0.0,0.0,0.15785318613052368,2.0,0.0,0.0
step,fold5/train_loss,fold5/val_mae,fold5/val_rmse,fold5/val_mard,fold5/val_r2,fold5/val_pearson,fold5/val_ega_zone_a_pct,fold5/val_ega_zone_a_count,fold5/val_ega_zone_b_pct,fold5/val_ega_zone_b_count,fold5/val_ega_zone_c_pct,fold5/val_ega_zone_c_count,fold5/val_ega_zone_d_pct,fold5/val_ega_zone_d_count,fold5/val_ega_zone_e_pct,fold5/val_ega_zone_e_count,fold5/val_horizon_15_mae,fold5/val_horizon_15_rmse,fold5/val_horizon_15_mard,fold5/val_horizon_15_r2,fold5/val_horizon_15_pearson,fold5/val_horizon_15_ega_zone_a_pct,fold5/val_horizon_15_ega_zone_a_count,fold5/val_horizon_15_ega_zone_b_pct,fold5/val_horizon_15_ega_zone_b_count,fold5/val_horizon_15_ega_zone_c_pct,fold5/val_horizon_15_ega_zone_c_count,fold5/val_horizon_15_ega_zone_d_pct,fold5/val_horizon_15_ega_zone_d_count,fold5/val_horizon_15_ega_zone_e_pct,fold5/val_horizon_15_ega_zone_e_count,fold5/val_horizon_30_mae,fold5/val_horizon_30_rmse,fold5/val_horizon_30_mard,fold5/val_horizon_30_r2,fold5/val_horizon_30_pearson,fold5/val_horizon_30_ega_zone_a_pct,fold5/val_horizon_30_ega_zone_a_count,fold5/val_horizon_30_ega_zone_b_pct,fold5/val_horizon_30_ega_zone_b_count,fold5/val_horizon_30_ega_zone_c_pct,fold5/val_horizon_30_ega_zone_c_count,fold5/val_horizon_30_ega_zone_d_pct,fold5/val_horizon_30_ega_zone_d_count,fold5/val_horizon_30_ega_zone_e_pct,fold5/val_horizon_30_ega_zone_e_count,fold5/val_horizon_45_mae,fold5/val_horizon_45_rmse,fold5/val_horizon_45_mard,fold5/val_horizon_45_r2,fold5/val_horizon_45_pearson,fold5/val_horizon_45_ega_zone_a_pct,fold5/val_horizon_45_ega_zone_a_count,fold5/val_horizon_45_ega_zone_b_pct,fold5/val_horizon_45_ega_zone_b_count,fold5/val_horizon_45_ega_zone_c_pct,fold5/val_horizon_45_ega_zone_c_count,fold5/val_horizon_45_ega_zone_d_pct,fold5/val_horizon_45_ega_zone_d_count,fold5/val_horizon_45_ega_zone_e_pct,fold5/val_horizon_45_ega_zone_e_count,fold5/val_horizon_60_mae,fold5/val_horizon_60_rmse,fold5/val_horizon_60_mard,fold5/val_horizon_60_r2,fold5/val_horizon_60_pearson,fold5/val_horizon_60_ega_zone_a_pct,fold5/val_horizon_60_ega_zone_a_count,fold5/val_horizon_60_ega_zone_b_pct,fold5/val_horizon_60_ega_zone_b_count,fold5/val_horizon_60_ega_zone_c_pct,fold5/val_horizon_60_ega_zone_c_count,fold5/val_horizon_60_ega_zone_d_pct,fold5/val_horizon_60_ega_zone_d_count,fold5/val_horizon_60_ega_zone_e_pct,fold5/val_horizon_60_ega_zone_e_count,fold5/diag_graph_prior_weight,fold5/diag_graph_residual_mean,fold5/diag_fusion_gate_cgm,fold5/diag_fusion_gate_cgm_guided,fold5/diag_fusion_gate_physio,fold5/diag_horizon_query_similarity,fold5/diag_horizon_progressive_gate,fold5/diag_horizon_attention_similarity,fold5/diag_horizon_attention_entropy,fold5/diag_horizon_curriculum_progress,fold5/diag_loss_horizon_weight_0,fold5/diag_loss_horizon_weight_1,fold5/diag_loss_horizon_weight_2,fold5/diag_loss_horizon_weight_3
1,0.2589641064583787,11.090648651123047,16.12185287475586,10.10331916809082,0.5441349744796753,0.7485865354537964,86.46929931640625,19715.0,12.701754570007324,2896.0,0.0,0.0,0.8289474248886108,189.0,0.0,0.0,6.789200305938721,9.777304649353027,6.162834167480469,0.8321110010147095,0.9127065539360046,96.21052551269531,5484.0,3.4912281036376953,199.0,0.0,0.0,0.2982456088066101,17.0,0.0,0.0,10.70279598236084,15.362980842590332,9.678610801696777,0.5860979557037354,0.7724717259407043,87.66666412353516,4997.0,11.578947067260742,660.0,0.0,0.0,0.7543859481811523,43.0,0.0,0.0,12.817218780517578,18.10852813720703,11.651731491088867,0.4252217411994934,0.6751790046691895,82.6140365600586,4709.0,16.368419647216797,933.0,0.0,0.0,1.017543911933899,58.0,0.0,0.0,14.053377151489258,19.496694564819336,12.920101165771484,0.3336549401283264,0.618692934513092,79.3859634399414,4525.0,19.368419647216797,1104.0,0.0,0.0,1.2456140518188477,71.0,0.0,0.0,1.0025107860565186,0.011666210368275642,0.49356985092163086,0.20657861232757568,0.29985159635543823,0.03380788862705231,0.11920291930437088,0.9991546273231506,0.9998594522476196,0.0,0.3333333432674408,0.28333333134651184,0.21666665375232697,0.1666666716337204
2,0.2533336971958327,10.9813871383667,15.788735389709473,10.064156532287598,0.5627789497375488,0.7553097605705261,86.89035034179688,19811.0,12.228070259094238,2788.0,0.0,0.0,0.8815789818763733,201.0,0.0,0.0,6.703980445861816,9.65256404876709,6.086216926574707,0.8363676071166992,0.9146391749382019,96.31578826904297,5490.0,3.3684208393096924,192.0,0.0,0.0,0.31578949093818665,18.0,0.0,0.0,10.633173942565918,15.119361877441406,9.67820930480957,0.5991207957267761,0.7776152491569519,87.85964965820312,5008.0,11.385964393615723,649.0,0.0,0.0,0.7543859481811523,43.0,0.0,0.0,12.722383499145508,17.722673416137695,11.66429328918457,0.4494553208351135,0.6821727156639099,83.21052551269531,4743.0,15.684211730957031,894.0,0.0,0.0,1.1052632331848145,63.0,0.0,0.0,13.866011619567871,19.00726890563965,12.827909469604492,0.36668944358825684,0.6259087920188904,80.1754379272461,4570.0,18.473684310913086,1053.0,0.0,0.0,1.3508771657943726,77.0,0.0,0.0,1.003753900527954,0.011192360892891884,0.28139710426330566,0.28702232241630554,0.43158063292503357,0.043587978929281235,0.11920291930437088,0.9950515627861023,0.9953709244728088,0.07142857142857142,0.3245614171028137,0.2788847088813782,0.21998745203018188,0.17656642198562622
3,0.2520589590252528,10.861865997314453,15.62359619140625,9.956353187561035,0.5718772411346436,0.7583470940589905,86.94737243652344,19824.0,12.114035606384277,2762.0,0.0,0.0,0.9385964870452881,214.0,0.0,0.0,6.64662504196167,9.552119255065918,6.043496131896973,0.8397554159164429,0.9164927005767822,96.42105102539062,5496.0,3.263158082962036,186.0,0.0,0.0,0.31578949093818665,18.0,0.0,0.0,10.517333030700684,14.970941543579102,9.579922676086426,0.6069526672363281,0.7804699540138245,88.01753997802734,5017.0,11.210526466369629,639.0,0.0,0.0,0.7719298601150513,44.0,0.0,0.0,12.586780548095703,17.545438766479492,11.540748596191406,0.4604116678237915,0.6846761107444763,83.07017517089844,4735.0,15.719297409057617,896.0,0.0,0.0,1.2105262279510498,69.0,0.0,0.0,13.696723937988281,18.792884826660156,12.661250114440918,0.3808952569961548,0.6275215744972229,80.28070068359375,4576.0,18.263158798217773,1041.0,0.0,0.0,1.456140398979187,83.0,0.0,0.0,1.0027751922607422,0.010935856960713863,0.24476797878742218,0.3240011930465698,0.4312308728694916,0.0602850615978241,0.11920291930437088,0.988750696182251,0.970276951789856,0.14285714285714285,0.31578949093818665,0.2744360864162445,0.223308265209198,0.18646617233753204
4,0.25105410232258346,10.821651458740234,15.566290855407715,9.909221649169922,0.5750120878219604,0.7596678733825684,86.94737243652344,19824.0,12.087718963623047,2756.0,0.0,0.0,0.9649122953414917,220.0,0.0,0.0,6.551687240600586,9.44078540802002,5.957420825958252,0.8434690237045288,0.9184786081314087,96.66666412353516,5510.0,3.0175437927246094,172.0,0.0,0.0,0.31578949093818665,18.0,0.0,0.0,10.493529319763184,14.900558471679688,9.568216323852539,0.6106396913528442,0.7822021842002869,88.1754379272461,5026.0,11.0,627.0,0.0,0.0,0.8245614171028137,47.0,0.0,0.0,12.560898780822754,17.493864059448242,11.501477241516113,0.4635792374610901,0.6850147247314453,83.10526275634766,4737.0,15.684211730957031,894.0,0.0,0.0,1.2105262279510498,69.0,0.0,0.0,13.680487632751465,18.76292610168457,12.609773635864258,0.38286757469177246,0.6264662146568298,79.84210205078125,4551.0,18.64912223815918,1063.0,0.0,0.0,1.5087718963623047,86.0,0.0,0.0,1.0038412809371948,0.01078123226761818,0.25021159648895264,0.36210551857948303,0.38768288493156433,0.087352454662323,0.11920291930437088,0.989738404750824,0.9328383207321167,0.21428571428571427,0.30701756477355957,0.26998746395111084,0.22662906348705292,0.19636592268943787
5,0.24714118237921467,10.763988494873047,15.388985633850098,9.897727012634277,0.5846383571624756,0.7654068470001221,87.16666412353516,19874.0,11.850876808166504,2702.0,0.0,0.0,0.9824560880661011,224.0,0.0,0.0,6.352675914764404,9.073714256286621,5.804272651672363,0.8554047346115112,0.9250348806381226,97.01754760742188,5530.0,2.649122953414917,151.0,0.0,0.0,0.3333333432674408,19.0,0.0,0.0,10.416662216186523,14.687967300415039,9.53356647491455,0.621670663356781,0.7888924479484558,88.54386138916016,5047.0,10.631579399108887,606.0,0.0,0.0,0.8245614171028137,47.0,0.0,0.0,12.562682151794434,17.339523315429688,11.555612564086914,0.4730026125907898,0.6902934312820435,83.33332824707031,4750.0,15.438596725463867,880.0,0.0,0.0,1.2280701398849487,70.0,0.0,0.0,13.723933219909668,18.66965103149414,12.697456359863281,0.3889881372451782,0.6286299824714661,79.77192687988281,4547.0,18.6842098236084,1065.0,0.0,0.0,1.5438597202301025,88.0,0.0,0.0,1.0031778812408447,0.010692411102354527,0.16018082201480865,0.42642033100128174,0.4133988916873932,0.12134744971990585,0.11920291930437088,0.9886476993560791,0.8596481084823608,0.2857142857142857,0.2982456088066101,0.2655388414859772,0.22994986176490784,0.2062656730413437
6,0.24256556020409803,10.562362670898438,15.241738319396973,9.67890453338623,0.5925490856170654,0.7703083753585815,87.52192687988281,19955.0,11.5,2622.0,0.0,0.0,0.9780701994895935,223.0,0.0,0.0,5.908231735229492,8.49793529510498,5.39409875869751,0.8731732964515686,0.9345055222511292,97.6140365600586,5564.0,2.087719440460205,119.0,0.0,0.0,0.2982456088066101,17.0,0.0,0.0,10.163236618041992,14.446752548217773,9.267590522766113,0.6339949369430542,0.7965230941772461,88.877197265625,5066.0,10.333333015441895,589.0,0.0,0.0,0.7894736528396606,45.0,0.0,0.0,12.448813438415527,17.283227920532227,11.406976699829102,0.47641903162002563,0.6919666528701782,83.77193450927734,4775.0,14.947368621826172,852.0,0.0,0.0,1.280701756477356,73.0,0.0,0.0,13.729167938232422,18.697830200195312,12.646952629089355,0.3871423006057739,0.6260142922401428,79.8245620727539,4550.0,18.63157844543457,1062.0,0.0,0.0,1.5438597202301025,88.0,0.0,0.0,1.002251148223877,0.010629087686538696,0.2639828622341156,0.44446495175361633,0.29155221581459045,0.1535484343767166,0.11920291930437088,0.9895026087760925,0.8110583424568176,0.35714285714285715,0.28947368264198303,0.2610902190208435,0.23327067494392395,0.2161654233932495
7,0.23914947085442712,10.478168487548828,15.231612205505371,9.575172424316406,0.593090295791626,0.7712314128875732,87.55262756347656,19962.0,11.5,2622.0,0.0,0.0,0.9473684430122375,216.0,0.0,0.0,5.67943000793457,8.200663566589355,5.174274921417236,0.8818913102149963,0.9391463994979858,97.80702209472656,5575.0,1.9649121761322021,112.0,0.0,0.0,0.22807016968727112,13.0,0.0,0.0,10.047330856323242,14.331236839294434,9.127734184265137,0.639824628829956,0.8006890416145325,89.0,5073.0,10.210525512695312,582.0,0.0,0.0,0.7894736528396606,45.0,0.0,0.0,12.404520034790039,17.339580535888672,11.332037925720215,0.4729991555213928,0.6904189586639404,83.66666412353516,4769.0,15.1578950881958,864.0,0.0,0.0,1.175438642501831,67.0,0.0,0.0,13.781397819519043,18.83379364013672,12.666644096374512,0.37819695472717285,0.6199520826339722,79.7368392944336,4545.0,18.66666603088379,1064.0,0.0,0.0,1.5964912176132202,91.0,0.0,0.0,1.001676082611084,0.010584401898086071,0.46789655089378357,0.31133580207824707,0.22076773643493652,0.17126892507076263,0.11920291930437088,0.9905875325202942,0.8014781475067139,0.42857142857142855,0.28070175647735596,0.25664159655570984,0.23659147322177887,0.22606515884399414
8,0.23547465993650635,10.490202903747559,15.218107223510742,9.591893196105957,0.5938115119934082,0.7717046737670898,87.39473724365234,19926.0,11.631579399108887,2652.0,0.0,0.0,0.9736842513084412,222.0,0.0,0.0,5.569828510284424,7.982200622558594,5.082671642303467,0.8881002068519592,0.9424233436584473,98.07017517089844,5590.0,1.7017543315887451,97.0,0.0,0.0,0.22807016968727112,13.0,0.0,0.0,10.045038223266602,14.248831748962402,9.1436128616333,0.6439547538757324,0.8031374216079712,88.96491241455078,5071.0,10.245614051818848,584.0,0.0,0.0,0.7894736528396606,45.0,0.0,0.0,12.46068000793457,17.37010955810547,11.37972354888916,0.4711418151855469,0.6891328692436218,83.31578826904297,4749.0,15.421051979064941,879.0,0.0,0.0,1.2631579637527466,72.0,0.0,0.0,13.88526439666748,18.918182373046875,12.761563301086426,0.3726121187210083,0.6154347062110901,79.22806549072266,4516.0,19.157896041870117,1092.0,0.0,0.0,1.6140351295471191,92.0,0.0,0.0,1.0018811225891113,0.010538964532315731,0.5108134150505066,0.2454705387353897,0.2437160462141037,0.18542055785655975,0.11920291930437088,0.9876553416252136,0.7939473986625671,0.5,0.2719298303127289,0.25219297409057617,0.2399122714996338,0.23596492409706116
9,0.23405740622204424,10.429094314575195,15.222945213317871,9.516236305236816,0.5935532450675964,0.7718560099601746,87.37718963623047,19922.0,11.627192497253418,2651.0,0.0,0.0,0.9956139922142029,227.0,0.0,0.0,5.506170272827148,7.911240577697754,5.019570827484131,0.8900809288024902,0.9435315132141113,98.15789794921875,5595.0,1.6140351295471191,92.0,0.0,0.0,0.22807016968727112,13.0,0.0,0.0,9.986098289489746,14.23304271697998,9.071588516235352,0.6447433829307556,0.8038625717163086,88.96491241455078,5071.0,10.245614051818848,584.0,0.0,0.0,0.7894736528396606,45.0,0.0,0.0,12.411153793334961,17.397489547729492,11.31401538848877,0.4694732427597046,0.6885548233985901,83.14035034179688,4739.0,15.54386043548584,886.0,0.0,0.0,1.3157894611358643,75.0,0.0,0.0,13.812954902648926,18.950258255004883,12.659771919250488,0.370482861995697,0.6145738363265991,79.24561309814453,4517.0,19.105262756347656,1089.0,0.0,0.0,1.6491228342056274,94.0,0.0,0.0,1.0011227130889893,0.010500011034309864,0.5341532230377197,0.22544758021831512,0.24039919674396515,0.18701648712158203,0.11920291930437088,0.9844045042991638,0.7796512246131897,0.5714285714285714,0.2631579041481018,0.2477443516254425,0.2432330846786499,0.24586467444896698
10,0.2332668933181328,10.441411018371582,15.227156639099121,9.522366523742676,0.5933282971382141,0.7716253995895386,87.39473724365234,19926.0,11.622807502746582,2650.0,0.0,0.0,0.9824560880661011,224.0,0.0,0.0,5.49265193939209,7.865983486175537,4.995769500732422,0.8913348913192749,0.944262683391571,98.1754379272461,5596.0,1.6140351295471191,92.0,0.0,0.0,0.21052630245685577,12.0,0.0,0.0,9.98373794555664,14.227128028869629,9.057361602783203,0.6450386047363281,0.8040600419044495,89.28070068359375,5089.0,9.947368621826172,567.0,0.0,0.0,0.7719298601150513,44.0,0.0,0.0,12.438371658325195,17.40470314025879,11.344042778015137,0.46903324127197266,0.687552273273468,82.9473648071289,4728.0,15.719297409057617,896.0,0.0,0.0,1.3333333730697632,76.0,0.0,0.0,13.850884437561035,18.980426788330078,12.69229507446289,0.368476927280426,0.6123038530349731,79.1754379272461,4513.0,19.210525512695312,1095.0,0.0,0.0,1.6140351295471191,92.0,0.0,0.0,0.9993770718574524,0.010465658269822598,0.5540820956230164,0.20141196250915527,0.24450604617595673,0.18706022202968597,0.11920291930437088,0.9779284596443176,0.7980581521987915,0.6428571428571429,0.25438597798347473,0.24329572916030884,0.24655388295650482,0.2557644248008728
11,0.230979930187057,10.460294723510742,15.238957405090332,9.548083305358887,0.5926977396011353,0.7712251543998718,87.41227722167969,19930.0,11.60087776184082,2645.0,0.0,0.0,0.9868420362472534,225.0,0.0,0.0,5.472163677215576,7.805487632751465,4.9864935874938965,0.8929999470710754,0.945087730884552,98.29824829101562,5603.0,1.4912279844284058,85.0,0.0,0.0,0.21052630245685577,12.0,0.0,0.0,10.012886047363281,14.227243423461914,9.100016593933105,0.6450328826904297,0.8040094375610352,89.05262756347656,5076.0,10.175437927246094,580.0,0.0,0.0,0.7719298601150513,44.0,0.0,0.0,12.475822448730469,17.441551208496094,11.38636589050293,0.4667825698852539,0.6860256195068359,82.63157653808594,4710.0,16.01754379272461,913.0,0.0,0.0,1.3508771657943726,77.0,0.0,0.0,13.8803071975708,19.009353637695312,12.719456672668457,0.3665505647659302,0.610945463180542,79.66667175292969,4541.0,18.719297409057617,1067.0,0.0,0.0,1.6140351295471191,92.0,0.0,0.0,0.9908487796783447,0.010463272221386433,0.5291090607643127,0.21642200648784637,0.25446897745132446,0.19491980969905853,0.11920291930437088,0.9821105599403381,0.7779887914657593,0.7142857142857143,0.24561403691768646,0.23884710669517517,0.24987469613552094,0.26566416025161743
12,0.23027822226417755,10.441299438476562,15.224634170532227,9.547750473022461,0.5934630036354065,0.7716280817985535,87.34210968017578,19914.0,11.635965347290039,2653.0,0.0,0.0,1.0219298601150513,233.0,0.0,0.0,5.427346706390381,7.751175403594971,4.953074932098389,0.8944838047027588,0.9458402991294861,98.22807312011719,5599.0,1.5438597202301025,88.0,0.0,0.0,0.22807016968727112,13.0,0.0,0.0,9.986358642578125,14.182544708251953,9.088401794433594,0.6472598314285278,0.8052232265472412,89.07017517089844,5077.0,10.140351295471191,578.0,0.0,0.0,0.7894736528396606,45.0,0.0,0.0,12.476242065429688,17.438066482543945,11.40550708770752,0.4669956564903259,0.6861814260482788,82.59649658203125,4708.0,15.964911460876465,910.0,0.0,0.0,1.438596487045288,82.0,0.0,0.0,13.875251770019531,19.022262573242188,12.7440185546875,0.36568987369537354,0.6107031106948853,79.47368621826172,4530.0,18.894737243652344,1077.0,0.0,0.0,1.631579041481018,93.0,0.0,0.0,0.9828706979751587,0.010478324256837368,0.5021759867668152,0.2328633815050125,0.26496073603630066,0.19627328217029572,0.11920291930437088,0.9820310473442078,0.7779252529144287,0.7857142857142857,0.23684212565422058,0.2343984991312027,0.25319552421569824,0.27556392550468445
13,0.2278306389900861,10.408980369567871,15.21859073638916,9.516671180725098,0.5937857031822205,0.7724278569221497,87.37281036376953,19921.0,11.614034652709961,2648.0,0.0,0.0,1.013157844543457,231.0,0.0,0.0,5.401477336883545,7.741369724273682,4.923547267913818,0.8947505950927734,0.9460319876670837,98.29824829101562,5603.0,1.4912279844284058,85.0,0.0,0.0,0.21052630245685577,12.0,0.0,0.0,9.966456413269043,14.202969551086426,9.063191413879395,0.6462430953979492,0.8051422238349915,89.0,5073.0,10.245614051818848,584.0,0.0,0.0,0.7543859481811523,43.0,0.0,0.0,12.456801414489746,17.440153121948242,11.393766403198242,0.4668680429458618,0.6872307062149048,82.43859100341797,4699.0,16.1228084564209,919.0,0.0,0.0,1.438596487045288,82.0,0.0,0.0,13.811189651489258,18.98973274230957,12.686178207397461,0.36785757541656494,0.6138982772827148,79.75438690185547,4546.0,18.59649085998535,1060.0,0.0,0.0,1.6491228342056274,94.0,0.0,0.0,0.9762791395187378,0.01048768125474453,0.5235126614570618,0.21448101103305817,0.26200637221336365,0.19597502052783966,0.11920291930437088,0.980065107345581,0.7978299856185913,0.8571428571428571,0.22807016968727112,0.22994986176490784,0.25651630759239197,0.2854636609554291
14,0.22753571907240872,10.414618492126465,15.224766731262207,9.530892372131348,0.5934559106826782,0.7720536589622498,87.35087585449219,19916.0,11.60087776184082,2645.0,0.0,0.0,1.0482456684112549,239.0,0.0,0.0,5.388824462890625,7.7127790451049805,4.914562225341797,0.8955265879631042,0.946462869644165,98.35087585449219,5606.0,1.4210525751113892,81.0,0.0,0.0,0.22807016968727112,13.0,0.0,0.0,9.955790519714355,14.191546440124512,9.058572769165039,0.646811842918396,0.8055113554000854,89.10526275634766,5079.0,10.087719917297363,575.0,0.0,0.0,0.8070175647735596,46.0,0.0,0.0,12.477208137512207,17.459115982055664,11.427125930786133,0.46570807695388794,0.6859568953514099,82.31578826904297,4692.0,16.175437927246094,922.0,0.0,0.0,1.5087718963623047,86.0,0.0,0.0,13.836648941040039,19.012271881103516,12.723308563232422,0.3663560748100281,0.6115034222602844,79.63157653808594,4539.0,18.719297409057617,1067.0,0.0,0.0,1.6491228342056274,94.0,0.0,0.0,0.9713542461395264,0.010487815365195274,0.5382558703422546,0.20593126118183136,0.25581300258636475,0.1918700784444809,0.11920291930437088,0.9766996502876282,0.8057565689086914,0.9285714285714286,0.21929824352264404,0.22550123929977417,0.2598370909690857,0.2953633964061737
15,0.22417623455641875,10.451570510864258,15.319828033447266,9.569974899291992,0.5883632898330688,0.7691314220428467,87.21491241455078,19885.0,11.719298362731934,2672.0,0.0,0.0,1.0657894611358643,243.0,0.0,0.0,5.372899055480957,7.699764251708984,4.901106357574463,0.8958789110183716,0.946623682975769,98.33333587646484,5605.0,1.438596487045288,82.0,0.0,0.0,0.22807016968727112,13.0,0.0,0.0,9.966567993164062,14.21515941619873,9.077104568481445,0.6456356048583984,0.8047834634780884,89.01754760742188,5074.0,10.140351295471191,578.0,0.0,0.0,0.8421052098274231,48.0,0.0,0.0,12.53856086730957,17.582763671875,11.484496116638184,0.458113431930542,0.6816942095756531,82.14035034179688,4682.0,16.35087776184082,932.0,0.0,0.0,1.5087718963623047,86.0,0.0,0.0,13.928254127502441,19.190568923950195,12.817192077636719,0.3544156551361084,0.6042782664299011,79.36841583251953,4524.0,18.947368621826172,1080.0,0.0,0.0,1.6842104196548462,96.0,0.0,0.0,0.9680545330047607,0.010496181435883045,0.5668715834617615,0.19812653958797455,0.23500187695026398,0.19082391262054443,0.11920291930437088,0.9810354709625244,0.826264500617981,1.0,0.21052631735801697,0.2210526168346405,0.2631579041481018,0.3052631616592407
16,0.21924056631751912,10.49887752532959,15.377099990844727,9.626880645751953,0.5852798223495483,0.7673444151878357,86.8859634399414,19810.0,11.995614051818848,2735.0,0.0,0.0,1.1184210777282715,255.0,0.0,0.0,5.374184608459473,7.703404903411865,4.899266719818115,0.8957803845405579,0.9466001391410828,98.36841583251953,5607.0,1.4035087823867798,80.0,0.0,0.0,0.22807016968727112,13.0,0.0,0.0,9.996063232421875,14.233467102050781,9.104463577270508,0.6447222232818604,0.80443274974823,88.78947448730469,5061.0,10.315789222717285,588.0,0.0,0.0,0.8947368860244751,51.0,0.0,0.0,12.604454040527344,17.653608322143555,11.566929817199707,0.45373785495758057,0.6788482666015625,81.64912414550781,4654.0,16.719297409057617,953.0,0.0,0.0,1.631579041481018,93.0,0.0,0.0,14.020808219909668,19.293437957763672,12.936861991882324,0.34747594594955444,0.59909987449646,78.7368392944336,4488.0,19.543859481811523,1114.0,0.0,0.0,1.719298243522644,98.0,0.0,0.0,0.9657212495803833,0.010502109304070473,0.5675869584083557,0.1979937106370926,0.2344193011522293,0.2053346484899521,0.11920291930437088,0.9861251711845398,0.815098226070404,1.0,0.21052631735801697,0.2210526168346405,0.2631579041481018,0.3052631616592407
17,0.21223630676931055,10.570382118225098,15.543813705444336,9.699857711791992,0.5762385129928589,0.7617254257202148,86.6140365600586,19748.0,12.228070259094238,2788.0,0.008771929889917374,2.0,1.1491228342056274,262.0,0.0,0.0,5.38824462890625,7.734835147857666,4.910496711730957,0.8949282169342041,0.946104884147644,98.35087585449219,5606.0,1.4035087823867798,80.0,0.0,0.0,0.24561402201652527,14.0,0.0,0.0,10.056439399719238,14.363748550415039,9.169441223144531,0.6381886005401611,0.8002721071243286,88.42105102539062,5040.0,10.614035606384277,605.0,0.0,0.0,0.9649122953414917,55.0,0.0,0.0,12.713537216186523,17.870269775390625,11.683034896850586,0.440247118473053,0.6698718667030334,81.31578826904297,4635.0,17.03508758544922,971.0,0.035087719559669495,2.0,1.6140351295471191,92.0,0.0,0.0,14.123307228088379,19.517915725708008,13.036462783813477,0.33220338821411133,0.5889864563941956,78.36841583251953,4467.0,19.859649658203125,1132.0,0.0,0.0,1.7719298601150513,101.0,0.0,0.0,0.9613345265388489,0.010513348504900932,0.5433233380317688,0.21817314624786377,0.23850353062152863,0.20524859428405762,0.11920291930437088,0.9768696427345276,0.8297611474990845,1.0,0.21052631735801697,0.2210526168346405,0.2631579041481018,0.3052631616592407
18,0.20593338074542458,10.753889083862305,15.772645950317383,9.89568042755127,0.5636696219444275,0.7539462447166443,86.00438690185547,19609.0,12.763157844543457,2910.0,0.004385964944958687,1.0,1.2280701398849487,280.0,0.0,0.0,5.407159805297852,7.762592315673828,4.93248176574707,0.894172728061676,0.9457446932792664,98.15789794921875,5595.0,1.5789473056793213,90.0,0.0,0.0,0.2631579041481018,15.0,0.0,0.0,10.180957794189453,14.484435081481934,9.30661392211914,0.6320830583572388,0.7965391874313354,87.87718963623047,5009.0,11.01754379272461,628.0,0.0,0.0,1.1052632331848145,63.0,0.0,0.0,12.954645156860352,18.130090713500977,11.942054748535156,0.4238520860671997,0.6586078405380249,80.47368621826172,4587.0,17.824562072753906,1016.0,0.017543859779834747,1.0,1.6842104196548462,96.0,0.0,0.0,14.472793579101562,19.908504486083984,13.401569366455078,0.3052084445953369,0.569101095199585,77.50877380371094,4418.0,20.63157844543457,1176.0,0.0,0.0,1.8596490621566772,106.0,0.0,0.0,0.9578560590744019,0.010532730259001255,0.5087610483169556,0.2383335828781128,0.2529054582118988,0.20323586463928223,0.11920291930437088,0.9623875021934509,0.8676544427871704,1.0,0.21052631735801697,0.2210526168346405,0.2631579041481018,0.3052631616592407
19,0.19852250549206968,10.801993370056152,15.822319984436035,9.956905364990234,0.5609169602394104,0.7524564862251282,86.0526351928711,19620.0,12.763157844543457,2910.0,0.0,0.0,1.1842105388641357,270.0,0.0,0.0,5.394961833953857,7.735320568084717,4.9181132316589355,0.8949150443077087,0.9461568593978882,98.22807312011719,5599.0,1.5087718963623047,86.0,0.0,0.0,0.2631579041481018,15.0,0.0,0.0,10.1925687789917,14.47374153137207,9.324780464172363,0.6326261758804321,0.7969802021980286,88.0,5016.0,10.894736289978027,621.0,0.0,0.0,1.1052632331848145,63.0,0.0,0.0,13.013054847717285,18.172605514526367,12.029000282287598,0.4211467504501343,0.657067060470581,80.71929931640625,4601.0,17.64912223815918,1006.0,0.0,0.0,1.631579041481018,93.0,0.0,0.0,14.60738754272461,20.045330047607422,13.555728912353516,0.29562538862228394,0.5632482171058655,77.2631607055664,4404.0,21.0,1197.0,0.0,0.0,1.736842155456543,99.0,0.0,0.0,0.9556803703308105,0.01054181344807148,0.4905022084712982,0.25920069217681885,0.2502971589565277,0.2014244645833969,0.11920291930437088,0.9694368243217468,0.8591868877410889,1.0,0.21052631735801697,0.2210526168346405,0.2631579041481018,0.3052631616592407
20,0.19135673621501437,10.872440338134766,15.95384407043457,10.03726577758789,0.5535868406295776,0.7484009265899658,85.86841583251953,19578.0,12.92543888092041,2947.0,0.0,0.0,1.2061402797698975,275.0,0.0,0.0,5.406549453735352,7.763296127319336,4.9326887130737305,0.8941535353660583,0.9456941485404968,98.10526275634766,5592.0,1.5964912176132202,91.0,0.0,0.0,0.2982456088066101,17.0,0.0,0.0,10.264938354492188,14.581021308898926,9.408483505249023,0.6271599531173706,0.7936616539955139,87.87718963623047,5009.0,11.01754379272461,628.0,0.0,0.0,1.1052632331848145,63.0,0.0,0.0,13.12824821472168,18.349950790405273,12.15072250366211,0.4097936153411865,0.6509119868278503,80.45613861083984,4586.0,17.877193450927734,1019.0,0.0,0.0,1.6666667461395264,95.0,0.0,0.0,14.690027236938477,20.211503982543945,13.657170295715332,0.28389859199523926,0.5584512948989868,77.03508758544922,4391.0,21.210525512695312,1209.0,0.0,0.0,1.7543859481811523,100.0,0.0,0.0,0.955936074256897,0.010547437705099583,0.49191737174987793,0.2604773938655853,0.2476053237915039,0.19367508590221405,0.11920291930437088,0.9619944095611572,0.8702288269996643,1.0,0.21052631735801697,0.2210526168346405,0.2631579041481018,0.3052631616592407
21,0.1835179940992745,10.956851959228516,16.059303283691406,10.120420455932617,0.5476654767990112,0.7449722290039062,85.6359634399414,19525.0,13.105262756347656,2988.0,0.0,0.0,1.2587720155715942,287.0,0.0,0.0,5.423847675323486,7.783334255218506,4.946975231170654,0.893606424331665,0.9454054236412048,98.122802734375,5593.0,1.5964912176132202,91.0,0.0,0.0,0.28070175647735596,16.0,0.0,0.0,10.334005355834961,14.666665077209473,9.4767484664917,0.6227672696113586,0.7910184264183044,87.75438690185547,5002.0,11.087718963623047,632.0,0.0,0.0,1.1578947305679321,66.0,0.0,0.0,13.247143745422363,18.4798526763916,12.277315139770508,0.40140771865844727,0.645708441734314,79.98245239257812,4559.0,18.28070068359375,1042.0,0.0,0.0,1.736842155456543,99.0,0.0,0.0,14.822406768798828,20.357027053833008,13.7806396484375,0.27354955673217773,0.5530380606651306,76.68421173095703,4371.0,21.456140518188477,1223.0,0.0,0.0,1.8596490621566772,106.0,0.0,0.0,0.9549355506896973,0.010557178407907486,0.4824345111846924,0.25852730870246887,0.2590382695198059,0.19281889498233795,0.11920291930437088,0.9563682675361633,0.8806952238082886,1.0,0.21052631735801697,0.2210526168346405,0.2631579041481018,0.3052631616592407
step,fold5/test_loss,fold5/test_mae,fold5/test_rmse,fold5/test_mard,fold5/test_r2,fold5/test_pearson,fold5/test_ega_zone_a_pct,fold5/test_ega_zone_a_count,fold5/test_ega_zone_b_pct,fold5/test_ega_zone_b_count,fold5/test_ega_zone_c_pct,fold5/test_ega_zone_c_count,fold5/test_ega_zone_d_pct,fold5/test_ega_zone_d_count,fold5/test_ega_zone_e_pct,fold5/test_ega_zone_e_count,fold5/test_horizon_15_mae,fold5/test_horizon_15_rmse,fold5/test_horizon_15_mard,fold5/test_horizon_15_r2,fold5/test_horizon_15_pearson,fold5/test_horizon_15_ega_zone_a_pct,fold5/test_horizon_15_ega_zone_a_count,fold5/test_horizon_15_ega_zone_b_pct,fold5/test_horizon_15_ega_zone_b_count,fold5/test_horizon_15_ega_zone_c_pct,fold5/test_horizon_15_ega_zone_c_count,fold5/test_horizon_15_ega_zone_d_pct,fold5/test_horizon_15_ega_zone_d_count,fold5/test_horizon_15_ega_zone_e_pct,fold5/test_horizon_15_ega_zone_e_count,fold5/test_horizon_30_mae,fold5/test_horizon_30_rmse,fold5/test_horizon_30_mard,fold5/test_horizon_30_r2,fold5/test_horizon_30_pearson,fold5/test_horizon_30_ega_zone_a_pct,fold5/test_horizon_30_ega_zone_a_count,fold5/test_horizon_30_ega_zone_b_pct,fold5/test_horizon_30_ega_zone_b_count,fold5/test_horizon_30_ega_zone_c_pct,fold5/test_horizon_30_ega_zone_c_count,fold5/test_horizon_30_ega_zone_d_pct,fold5/test_horizon_30_ega_zone_d_count,fold5/test_horizon_30_ega_zone_e_pct,fold5/test_horizon_30_ega_zone_e_count,fold5/test_horizon_45_mae,fold5/test_horizon_45_rmse,fold5/test_horizon_45_mard,fold5/test_horizon_45_r2,fold5/test_horizon_45_pearson,fold5/test_horizon_45_ega_zone_a_pct,fold5/test_horizon_45_ega_zone_a_count,fold5/test_horizon_45_ega_zone_b_pct,fold5/test_horizon_45_ega_zone_b_count,fold5/test_horizon_45_ega_zone_c_pct,fold5/test_horizon_45_ega_zone_c_count,fold5/test_horizon_45_ega_zone_d_pct,fold5/test_horizon_45_ega_zone_d_count,fold5/test_horizon_45_ega_zone_e_pct,fold5/test_horizon_45_ega_zone_e_count,fold5/test_horizon_60_mae,fold5/test_horizon_60_rmse,fold5/test_horizon_60_mard,fold5/test_horizon_60_r2,fold5/test_horizon_60_pearson,fold5/test_horizon_60_ega_zone_a_pct,fold5/test_horizon_60_ega_zone_a_count,fold5/test_horizon_60_ega_zone_b_pct,fold5/test_horizon_60_ega_zone_b_count,fold5/test_horizon_60_ega_zone_c_pct,fold5/test_horizon_60_ega_zone_c_count,fold5/test_horizon_60_ega_zone_d_pct,fold5/test_horizon_60_ega_zone_d_count,fold5/test_horizon_60_ega_zone_e_pct,fold5/test_horizon_60_ega_zone_e_count
0,0.17420999160163,8.018644332885742,11.186525344848633,7.77421760559082,0.4548138976097107,0.7063952088356018,92.81805419921875,8142.0,7.170542240142822,629.0,0.0,0.0,0.011399908922612667,1.0,0.0,0.0,4.052004814147949,5.594271659851074,3.8507885932922363,0.8625667095184326,0.9307897090911865,99.63520050048828,2185.0,0.36479708552360535,8.0,0.0,0.0,0.0,0.0,0.0,0.0,7.496607780456543,10.248871803283691,7.218503952026367,0.5446023941040039,0.7576727867126465,95.94163513183594,2104.0,4.0583672523498535,89.0,0.0,0.0,0.0,0.0,0.0,0.0,9.606733322143555,12.780184745788574,9.334735870361328,0.29173970222473145,0.6009723544120789,90.37847900390625,1982.0,9.621522903442383,211.0,0.0,0.0,0.0,0.0,0.0,0.0,10.919230461120605,14.173391342163086,10.692842483520508,0.12326574325561523,0.48893386125564575,85.3169174194336,1871.0,14.637481689453125,321.0,0.0,0.0,0.04559963569045067,1.0,0.0,0.0
step,fold6/train_loss,fold6/val_mae,fold6/val_rmse,fold6/val_mard,fold6/val_r2,fold6/val_pearson,fold6/val_ega_zone_a_pct,fold6/val_ega_zone_a_count,fold6/val_ega_zone_b_pct,fold6/val_ega_zone_b_count,fold6/val_ega_zone_c_pct,fold6/val_ega_zone_c_count,fold6/val_ega_zone_d_pct,fold6/val_ega_zone_d_count,fold6/val_ega_zone_e_pct,fold6/val_ega_zone_e_count,fold6/val_horizon_15_mae,fold6/val_horizon_15_rmse,fold6/val_horizon_15_mard,fold6/val_horizon_15_r2,fold6/val_horizon_15_pearson,fold6/val_horizon_15_ega_zone_a_pct,fold6/val_horizon_15_ega_zone_a_count,fold6/val_horizon_15_ega_zone_b_pct,fold6/val_horizon_15_ega_zone_b_count,fold6/val_horizon_15_ega_zone_c_pct,fold6/val_horizon_15_ega_zone_c_count,fold6/val_horizon_15_ega_zone_d_pct,fold6/val_horizon_15_ega_zone_d_count,fold6/val_horizon_15_ega_zone_e_pct,fold6/val_horizon_15_ega_zone_e_count,fold6/val_horizon_30_mae,fold6/val_horizon_30_rmse,fold6/val_horizon_30_mard,fold6/val_horizon_30_r2,fold6/val_horizon_30_pearson,fold6/val_horizon_30_ega_zone_a_pct,fold6/val_horizon_30_ega_zone_a_count,fold6/val_horizon_30_ega_zone_b_pct,fold6/val_horizon_30_ega_zone_b_count,fold6/val_horizon_30_ega_zone_c_pct,fold6/val_horizon_30_ega_zone_c_count,fold6/val_horizon_30_ega_zone_d_pct,fold6/val_horizon_30_ega_zone_d_count,fold6/val_horizon_30_ega_zone_e_pct,fold6/val_horizon_30_ega_zone_e_count,fold6/val_horizon_45_mae,fold6/val_horizon_45_rmse,fold6/val_horizon_45_mard,fold6/val_horizon_45_r2,fold6/val_horizon_45_pearson,fold6/val_horizon_45_ega_zone_a_pct,fold6/val_horizon_45_ega_zone_a_count,fold6/val_horizon_45_ega_zone_b_pct,fold6/val_horizon_45_ega_zone_b_count,fold6/val_horizon_45_ega_zone_c_pct,fold6/val_horizon_45_ega_zone_c_count,fold6/val_horizon_45_ega_zone_d_pct,fold6/val_horizon_45_ega_zone_d_count,fold6/val_horizon_45_ega_zone_e_pct,fold6/val_horizon_45_ega_zone_e_count,fold6/val_horizon_60_mae,fold6/val_horizon_60_rmse,fold6/val_horizon_60_mard,fold6/val_horizon_60_r2,fold6/val_horizon_60_pearson,fold6/val_horizon_60_ega_zone_a_pct,fold6/val_horizon_60_ega_zone_a_count,fold6/val_horizon_60_ega_zone_b_pct,fold6/val_horizon_60_ega_zone_b_count,fold6/val_horizon_60_ega_zone_c_pct,fold6/val_horizon_60_ega_zone_c_count,fold6/val_horizon_60_ega_zone_d_pct,fold6/val_horizon_60_ega_zone_d_count,fold6/val_horizon_60_ega_zone_e_pct,fold6/val_horizon_60_ega_zone_e_count,fold6/diag_graph_prior_weight,fold6/diag_graph_residual_mean,fold6/diag_fusion_gate_cgm,fold6/diag_fusion_gate_cgm_guided,fold6/diag_fusion_gate_physio,fold6/diag_horizon_query_similarity,fold6/diag_horizon_progressive_gate,fold6/diag_horizon_attention_similarity,fold6/diag_horizon_attention_entropy,fold6/diag_horizon_curriculum_progress,fold6/diag_loss_horizon_weight_0,fold6/diag_loss_horizon_weight_1,fold6/diag_loss_horizon_weight_2,fold6/diag_loss_horizon_weight_3
1,0.26395651167278616,11.823029518127441,19.079687118530273,11.314793586730957,0.40565359592437744,0.6818637251853943,83.47050476074219,17038.0,15.162650108337402,3095.0,0.004899078980088234,1.0,1.3570448160171509,277.0,0.004899078980088234,1.0,6.627801895141602,10.242013931274414,6.275358200073242,0.8297696709632874,0.9130350947380066,94.80697631835938,4838.0,4.72271203994751,241.0,0.0,0.0,0.47031158208847046,24.0,0.0,0.0,11.031404495239258,17.096866607666016,10.481441497802734,0.5233155488967896,0.7479335069656372,84.75406646728516,4325.0,14.011364936828613,715.0,0.0,0.0,1.2345678806304932,63.0,0.0,0.0,13.728975296020508,21.399444580078125,13.105990409851074,0.2503666877746582,0.590187668800354,79.36508178710938,4050.0,18.949636459350586,967.0,0.0,0.0,1.6852831840515137,86.0,0.0,0.0,15.903935432434082,24.515300750732422,15.396378517150879,0.014215052127838135,0.4540872573852539,74.9559097290039,3825.0,22.966882705688477,1172.0,0.019596315920352936,1.0,2.0380167961120605,104.0,0.019596315920352936,1.0,1.002901315689087,0.011639278382062912,0.3991597592830658,0.12618952989578247,0.4746507704257965,-0.023591063916683197,0.11920291930437088,0.9999473094940186,0.9999899864196777,0.0,0.3333333432674408,0.28333333134651184,0.21666665375232697,0.1666666716337204
2,0.25801097929023936,11.764707565307617,18.886486053466797,11.309688568115234,0.4176293611526489,0.6793220043182373,83.50479888916016,17045.0,15.064666748046875,3075.0,0.004899078980088234,1.0,1.420732855796814,290.0,0.004899078980088234,1.0,6.644326210021973,10.231425285339355,6.307885646820068,0.8301215171813965,0.9124564528465271,94.88536071777344,4842.0,4.565941333770752,233.0,0.0,0.0,0.5486968159675598,28.0,0.0,0.0,11.000694274902344,16.997827529907227,10.48721694946289,0.5288223028182983,0.7435737252235413,84.89124298095703,4332.0,13.834999084472656,706.0,0.0,0.0,1.2737605571746826,65.0,0.0,0.0,13.749788284301758,21.215106964111328,13.231733322143555,0.2632260322570801,0.5838174819946289,78.99275207519531,4031.0,19.22398567199707,981.0,0.0,0.0,1.7832647562026978,91.0,0.0,0.0,15.664024353027344,24.147640228271484,15.211915969848633,0.04356127977371216,0.4468013048171997,75.24984741210938,3840.0,22.633745193481445,1155.0,0.019596315920352936,1.0,2.07720947265625,106.0,0.019596315920352936,1.0,1.0008779764175415,0.011047888547182083,0.44243788719177246,0.1734323650598526,0.38412973284721375,-0.01467625517398119,0.11920291930437088,0.9994472861289978,0.9997369050979614,0.07142857142857142,0.3245614171028137,0.2788847088813782,0.21998745203018188,0.17656642198562622
3,0.2567732816526789,11.54663372039795,18.662872314453125,11.090692520141602,0.4313380718231201,0.6820322871208191,83.85753631591797,17117.0,14.687438011169434,2998.0,0.004899078980088234,1.0,1.450127363204956,296.0,0.0,0.0,6.5547990798950195,10.135186195373535,6.227474689483643,0.8333023190498352,0.9137896299362183,95.17930603027344,4857.0,4.271996974945068,218.0,0.0,0.0,0.5486968159675598,28.0,0.0,0.0,10.837858200073242,16.827444076538086,10.32424545288086,0.5382208824157715,0.7449522614479065,85.22438049316406,4349.0,13.501861572265625,689.0,0.0,0.0,1.2737605571746826,65.0,0.0,0.0,13.464035034179688,20.967636108398438,12.93370246887207,0.28031444549560547,0.584686815738678,79.4042739868164,4052.0,18.79286766052246,959.0,0.0,0.0,1.8028610944747925,92.0,0.0,0.0,15.329842567443848,23.82613182067871,14.877345085144043,0.06886023283004761,0.44860732555389404,75.62218475341797,3859.0,22.183029174804688,1132.0,0.019596315920352936,1.0,2.1751909255981445,111.0,0.0,0.0,1.0021741390228271,0.01059911772608757,0.16784289479255676,0.5894730091094971,0.24268421530723572,0.0008783750236034393,0.11920291930437088,0.9992379546165466,0.9995111227035522,0.14285714285714285,0.31578949093818665,0.2744360864162445,0.223308265209198,0.18646617233753204
4,0.2538894878806906,11.504008293151855,18.60133171081543,11.062158584594727,0.43508225679397583,0.6826394200325012,84.1171875,17170.0,14.403292655944824,2940.0,0.004899078980088234,1.0,1.4746227264404297,301.0,0.0,0.0,6.548001766204834,10.091585159301758,6.224704742431641,0.8347334861755371,0.9144065976142883,95.21849822998047,4859.0,4.213208198547363,215.0,0.0,0.0,0.5682931542396545,29.0,0.0,0.0,10.79391860961914,16.774967193603516,10.295605659484863,0.5410966277122498,0.745700478553772,85.42034149169922,4359.0,13.286301612854004,678.0,0.0,0.0,1.2933567762374878,66.0,0.0,0.0,13.41695785522461,20.901700973510742,12.903778076171875,0.28483355045318604,0.5840802788734436,79.85498809814453,4075.0,18.302959442138672,934.0,0.0,0.0,1.8420536518096924,94.0,0.0,0.0,15.257155418395996,23.746946334838867,14.824551582336426,0.07503920793533325,0.4491662383079529,75.97491455078125,3877.0,21.810699462890625,1113.0,0.019596315920352936,1.0,2.1947872638702393,112.0,0.0,0.0,1.006792426109314,0.010248007252812386,0.21190245449543,0.5648678541183472,0.22322973608970642,0.017769746482372284,0.11920291930437088,0.9976053237915039,0.9978625178337097,0.21428571428571427,0.30701756477355957,0.26998746395111084,0.22662906348705292,0.19636592268943787
5,0.24941555100122095,11.412182807922363,18.474672317504883,10.977420806884766,0.4427493214607239,0.6870994567871094,84.29354858398438,17206.0,14.207328796386719,2900.0,0.004899078980088234,1.0,1.4942190647125244,305.0,0.0,0.0,6.408597946166992,9.865979194641113,6.100921154022217,0.8420401811599731,0.9181968569755554,95.5516357421875,4876.0,3.8604743480682373,197.0,0.0,0.0,0.5878894329071045,30.0,0.0,0.0,10.722329139709473,16.636690139770508,10.236517906188965,0.5486308336257935,0.750299334526062,85.49872589111328,4363.0,13.18832015991211,673.0,0.0,0.0,1.3129531145095825,67.0,0.0,0.0,13.345149040222168,20.79520034790039,12.838074684143066,0.2921030521392822,0.5885331034660339,80.12933349609375,4089.0,18.009014129638672,919.0,0.0,0.0,1.861649990081787,95.0,0.0,0.0,15.172651290893555,23.636764526367188,14.73416805267334,0.0836026668548584,0.4533936381340027,75.99451446533203,3878.0,21.771507263183594,1111.0,0.019596315920352936,1.0,2.214383602142334,113.0,0.0,0.0,1.0116654634475708,0.009993178769946098,0.2637619078159332,0.5412268042564392,0.19501136243343353,0.03790643811225891,0.11920291930437088,0.9979522824287415,0.9896087050437927,0.2857142857142857,0.2982456088066101,0.2655388414859772,0.22994986176490784,0.2062656730413437
6,0.2454549554686702,11.18840217590332,18.212995529174805,10.746976852416992,0.45842331647872925,0.695929765701294,84.64138793945312,17277.0,13.898687362670898,2837.0,0.0,0.0,1.4599255323410034,298.0,0.0,0.0,6.012200832366943,9.240514755249023,5.728333473205566,0.8614334464073181,0.9285745024681091,96.21791076660156,4910.0,3.272584915161133,167.0,0.0,0.0,0.5095041990280151,26.0,0.0,0.0,10.444002151489258,16.29210090637207,9.93768310546875,0.5671353340148926,0.7604788541793823,86.00823211669922,4389.0,12.718008041381836,649.0,0.0,0.0,1.2737605571746826,65.0,0.0,0.0,13.197163581848145,20.612491607666016,12.669374465942383,0.30448776483535767,0.595007598400116,80.20772552490234,4093.0,17.950225830078125,916.0,0.0,0.0,1.8420536518096924,94.0,0.0,0.0,15.100244522094727,23.476760864257812,14.65251636505127,0.09596729278564453,0.456967294216156,76.1316909790039,3885.0,21.653928756713867,1105.0,0.0,0.0,2.214383602142334,113.0,0.0,0.0,1.01151442527771,0.009818213991820812,0.25021877884864807,0.5434039235115051,0.2063772827386856,0.06599115580320358,0.11920291930437088,0.9684799313545227,0.9657435417175293,0.35714285714285715,0.28947368264198303,0.2610902190208435,0.23327067494392395,0.2161654233932495
7,0.23863356615588135,11.027636528015137,17.90341567993164,10.598925590515137,0.4766780138015747,0.7060746550559998,84.92552947998047,17335.0,13.619439125061035,2780.0,0.0,0.0,1.4550265073776245,297.0,0.0,0.0,5.6853437423706055,8.639266967773438,5.428630828857422,0.8788788318634033,0.9379637837409973,96.80580139160156,4940.0,2.7238879203796387,139.0,0.0,0.0,0.47031158208847046,24.0,0.0,0.0,10.298702239990234,15.918997764587402,9.815808296203613,0.5867342948913574,0.7722880244255066,86.63531494140625,4421.0,12.090926170349121,617.0,0.0,0.0,1.2737605571746826,65.0,0.0,0.0,13.11771297454834,20.37586784362793,12.59419059753418,0.32036441564559937,0.601693868637085,80.20772552490234,4093.0,17.950225830078125,916.0,0.0,0.0,1.8420536518096924,94.0,0.0,0.0,15.008784294128418,23.214258193969727,14.557075500488281,0.11607104539871216,0.45965975522994995,76.05330657958984,3881.0,21.712717056274414,1108.0,0.0,0.0,2.2339799404144287,114.0,0.0,0.0,1.0089302062988281,0.009692590683698654,0.33430200815200806,0.49505814909935,0.17063985764980316,0.09681135416030884,0.11920291930437088,0.9606522917747498,0.9392256736755371,0.42857142857142855,0.28070175647735596,0.25664159655570984,0.23659147322177887,0.22606515884399414
8,0.23696310444139257,10.886649131774902,17.727874755859375,10.448801040649414,0.48688989877700806,0.7113913893699646,85.22438049316406,17396.0,13.345090866088867,2724.0,0.0,0.0,1.4305310249328613,292.0,0.0,0.0,5.534621715545654,8.343409538269043,5.293356418609619,0.8870325684547424,0.942277729511261,97.23692321777344,4962.0,2.3711540699005127,121.0,0.0,0.0,0.3919263482093811,20.0,0.0,0.0,10.157720565795898,15.703082084655762,9.683304786682129,0.597868800163269,0.7785214185714722,87.02723693847656,4441.0,11.718597412109375,598.0,0.0,0.0,1.254164218902588,64.0,0.0,0.0,12.981744766235352,20.223649978637695,12.434313774108887,0.33048099279403687,0.6061910390853882,80.58004760742188,4112.0,17.597492218017578,898.0,0.0,0.0,1.8224574327468872,93.0,0.0,0.0,14.87250804901123,23.063282012939453,14.384230613708496,0.1275309920310974,0.463095486164093,76.05330657958984,3881.0,21.69312286376953,1107.0,0.0,0.0,2.2535762786865234,115.0,0.0,0.0,1.0089199542999268,0.009617543779313564,0.27507901191711426,0.5305824875831604,0.19433848559856415,0.12074261158704758,0.11920291930437088,0.9686517715454102,0.9312691688537598,0.5,0.2719298303127289,0.25219297409057617,0.2399122714996338,0.23596492409706116
9,0.23475768008305184,10.893978118896484,17.73129653930664,10.453038215637207,0.48669177293777466,0.7124708890914917,85.16069030761719,17383.0,13.423477172851562,2740.0,0.0,0.0,1.415833830833435,289.0,0.0,0.0,5.483737468719482,8.260505676269531,5.24823522567749,0.8892663717269897,0.9435014724731445,97.23692321777344,4962.0,2.3711540699005127,121.0,0.0,0.0,0.3919263482093811,20.0,0.0,0.0,10.149346351623535,15.673707962036133,9.669915199279785,0.5993719100952148,0.7802734971046448,86.85086822509766,4432.0,11.914560317993164,608.0,0.0,0.0,1.2345678806304932,63.0,0.0,0.0,13.022933959960938,20.24802589416504,12.472660064697266,0.32886606454849243,0.6071832180023193,80.36448669433594,4101.0,17.8326473236084,910.0,0.0,0.0,1.8028610944747925,92.0,0.0,0.0,14.919889450073242,23.102205276489258,14.421340942382812,0.12458360195159912,0.46350881457328796,76.19047546386719,3888.0,21.575542449951172,1101.0,0.0,0.0,2.2339799404144287,114.0,0.0,0.0,1.0089876651763916,0.00957392156124115,0.3295271098613739,0.5227963328361511,0.1476765275001526,0.13089720904827118,0.11920291930437088,0.9642882943153381,0.9381681680679321,0.5714285714285714,0.2631579041481018,0.2477443516254425,0.2432330846786499,0.24586467444896698
10,0.2321300659675559,10.90726375579834,17.711767196655273,10.446725845336914,0.48782193660736084,0.7108044624328613,85.09210205078125,17369.0,13.496962547302246,2755.0,0.0,0.0,1.4109346866607666,288.0,0.0,0.0,5.449868679046631,8.16636848449707,5.2150044441223145,0.8917758464813232,0.9447218179702759,97.37409210205078,4969.0,2.214383602142334,113.0,0.0,0.0,0.41152262687683105,21.0,0.0,0.0,10.185746192932129,15.663040161132812,9.68405818939209,0.5999170541763306,0.7790016531944275,86.85086822509766,4432.0,11.93415641784668,609.0,0.0,0.0,1.2149715423583984,62.0,0.0,0.0,13.058954238891602,20.232995986938477,12.482894897460938,0.32986199855804443,0.6035445332527161,80.32530212402344,4099.0,17.891437530517578,913.0,0.0,0.0,1.7832647562026978,91.0,0.0,0.0,14.93448543548584,23.09615135192871,14.404945373535156,0.1250423789024353,0.4564584493637085,75.81814575195312,3869.0,21.947874069213867,1120.0,0.0,0.0,2.2339799404144287,114.0,0.0,0.0,1.0079905986785889,0.009554103948175907,0.3481495976448059,0.5212710499763489,0.13057941198349,0.13921476900577545,0.11920291930437088,0.967415988445282,0.9263145327568054,0.6428571428571429,0.25438597798347473,0.24329572916030884,0.24655388295650482,0.2557644248008728
11,0.22908548297545603,10.888514518737793,17.714109420776367,10.422137260437012,0.48768651485443115,0.7103805541992188,85.1166000366211,17374.0,13.462668418884277,2748.0,0.0,0.0,1.420732855796814,290.0,0.0,0.0,5.385001182556152,8.089197158813477,5.155986785888672,0.8938116431236267,0.9457615613937378,97.45247650146484,4973.0,2.155594825744629,110.0,0.0,0.0,0.3919263482093811,20.0,0.0,0.0,10.132003784179688,15.61805248260498,9.627610206604004,0.6022120118141174,0.7800596356391907,87.04683685302734,4442.0,11.718597412109375,598.0,0.0,0.0,1.2345678806304932,63.0,0.0,0.0,13.08293342590332,20.24872589111328,12.48808765411377,0.3288196325302124,0.6021778583526611,80.36448669433594,4101.0,17.852243423461914,911.0,0.0,0.0,1.7832647562026978,91.0,0.0,0.0,14.954118728637695,23.14711570739746,14.416863441467285,0.12117677927017212,0.4525867700576782,75.60258483886719,3858.0,22.12424087524414,1129.0,0.0,0.0,2.273172616958618,116.0,0.0,0.0,1.0081753730773926,0.009552672505378723,0.36907723546028137,0.4917801022529602,0.13914264738559723,0.15105672180652618,0.11920291930437088,0.970192015171051,0.9233952760696411,0.7142857142857143,0.24561403691768646,0.23884710669517517,0.24987469613552094,0.26566416025161743
12,0.22709019317795423,10.852157592773438,17.661762237548828,10.36498737335205,0.4907098412513733,0.7122023105621338,85.07250213623047,17365.0,13.492064476013184,2754.0,0.0,0.0,1.4354301691055298,293.0,0.0,0.0,5.310108661651611,7.987072944641113,5.0818986892700195,0.8964759111404419,0.9470258355140686,97.53086853027344,4977.0,2.1164021492004395,108.0,0.0,0.0,0.35273367166519165,18.0,0.0,0.0,10.07211685180664,15.512210845947266,9.574088096618652,0.6075851917266846,0.7831541299819946,87.02723693847656,4441.0,11.699000358581543,597.0,0.0,0.0,1.2737605571746826,65.0,0.0,0.0,13.055840492248535,20.214252471923828,12.430063247680664,0.33110302686691284,0.6035981774330139,80.16852569580078,4091.0,18.028610229492188,920.0,0.0,0.0,1.8028610944747925,92.0,0.0,0.0,14.970558166503906,23.123870849609375,14.3739013671875,0.12294089794158936,0.4540913701057434,75.56339263916016,3856.0,22.12424087524414,1129.0,0.0,0.0,2.3123652935028076,118.0,0.0,0.0,1.0044933557510376,0.009552634321153164,0.28607550263404846,0.5486154556274414,0.16530904173851013,0.15922653675079346,0.11920291930437088,0.9767443537712097,0.9183580875396729,0.7857142857142857,0.23684212565422058,0.2343984991312027,0.25319552421569824,0.27556392550468445
13,0.2218568025739682,10.835099220275879,17.706884384155273,10.326674461364746,0.48810428380966187,0.709500789642334,85.20478057861328,17392.0,13.37448501586914,2730.0,0.0,0.0,1.420732855796814,290.0,0.0,0.0,5.311283111572266,7.998802185058594,5.0736775398254395,0.8961716294288635,0.946780800819397,97.6092529296875,4981.0,2.0576131343841553,105.0,0.0,0.0,0.3331373631954193,17.0,0.0,0.0,10.092382431030273,15.576581001281738,9.572595596313477,0.6043217182159424,0.7805843949317932,87.18401336669922,4449.0,11.581422805786133,591.0,0.0,0.0,1.2345678806304932,63.0,0.0,0.0,13.011004447937012,20.25311279296875,12.35494613647461,0.32852882146835327,0.5995608568191528,80.01175689697266,4083.0,18.185380935668945,928.0,0.0,0.0,1.8028610944747925,92.0,0.0,0.0,14.925729751586914,23.180503845214844,14.305480003356934,0.11863964796066284,0.4478948414325714,76.01410675048828,3879.0,21.673526763916016,1106.0,0.0,0.0,2.3123652935028076,118.0,0.0,0.0,1.0019989013671875,0.009549636393785477,0.28567376732826233,0.5673723220825195,0.14695394039154053,0.15860024094581604,0.11920291930437088,0.9776737689971924,0.9140672087669373,0.8571428571428571,0.22807016968727112,0.22994986176490784,0.25651630759239197,0.2854636609554291
14,0.21767151364469445,10.824923515319824,17.69510269165039,10.300376892089844,0.4887853264808655,0.7088804841041565,85.41544342041016,17435.0,13.13932991027832,2682.0,0.0,0.0,1.4452283382415771,295.0,0.0,0.0,5.302027225494385,7.988312721252441,5.0581207275390625,0.896443784236908,0.9468519687652588,97.64844512939453,4983.0,1.979227900505066,101.0,0.0,0.0,0.3723300099372864,19.0,0.0,0.0,10.067656517028809,15.577593803405762,9.526110649108887,0.6042702794075012,0.7798813581466675,87.49755096435547,4465.0,11.267881393432617,575.0,0.0,0.0,1.2345678806304932,63.0,0.0,0.0,13.005867004394531,20.25078010559082,12.336506843566895,0.32868343591690063,0.597593367099762,80.4036865234375,4103.0,17.715068817138672,904.0,0.0,0.0,1.8812463283538818,96.0,0.0,0.0,14.92414379119873,23.14946746826172,14.280769348144531,0.12099820375442505,0.4458368122577667,76.11209106445312,3884.0,21.59514045715332,1102.0,0.0,0.0,2.292768955230713,117.0,0.0,0.0,0.9985664486885071,0.009553051553666592,0.3116303086280823,0.5593982338905334,0.12897150218486786,0.17035599052906036,0.11920291930437088,0.9814081788063049,0.908189594745636,0.9285714285714286,0.21929824352264404,0.22550123929977417,0.2598370909690857,0.2953633964061737
15,0.21186203625480016,10.915215492248535,17.835586547851562,10.399312973022461,0.4806358814239502,0.7047042846679688,85.41544342041016,17435.0,13.158926010131836,2686.0,0.0,0.0,1.4256319999694824,291.0,0.0,0.0,5.310553550720215,7.978743076324463,5.0758514404296875,0.8966917395591736,0.9470593333244324,97.70722961425781,4986.0,1.9400352239608765,99.0,0.0,0.0,0.35273367166519165,18.0,0.0,0.0,10.116848945617676,15.644826889038086,9.585822105407715,0.6008469462394714,0.7781442403793335,87.39956665039062,4460.0,11.346266746520996,579.0,0.0,0.0,1.254164218902588,64.0,0.0,0.0,13.172024726867676,20.47266960144043,12.50255298614502,0.3138914704322815,0.5899147987365723,80.18812561035156,4092.0,17.989418029785156,918.0,0.0,0.0,1.8224574327468872,93.0,0.0,0.0,15.061429977416992,23.342693328857422,14.433029174804688,0.10626310110092163,0.44019249081611633,76.3668441772461,3897.0,21.3599853515625,1090.0,0.0,0.0,2.273172616958618,116.0,0.0,0.0,0.9939870834350586,0.009566969238221645,0.29373079538345337,0.5761584639549255,0.13011077046394348,0.16882681846618652,0.11920291930437088,0.9804958701133728,0.9134209156036377,1.0,0.21052631735801697,0.2210526168346405,0.2631579041481018,0.3052631616592407
16,0.20430095284514052,10.916213989257812,17.863384246826172,10.397876739501953,0.47901564836502075,0.703131377696991,85.32725524902344,17417.0,13.232413291931152,2701.0,0.0,0.0,1.4403291940689087,294.0,0.0,0.0,5.288347244262695,7.96279764175415,5.0540571212768555,0.8971042633056641,0.947271466255188,97.76602172851562,4989.0,1.8812463283538818,96.0,0.0,0.0,0.35273367166519165,18.0,0.0,0.0,10.142539978027344,15.700787544250488,9.602306365966797,0.5979863405227661,0.7761254906654358,87.3603744506836,4458.0,11.424652099609375,583.0,0.0,0.0,1.2149715423583984,62.0,0.0,0.0,13.170876502990723,20.51036262512207,12.49708366394043,0.31136274337768555,0.5869555473327637,80.1097412109375,4088.0,17.989418029785156,918.0,0.0,0.0,1.900842547416687,97.0,0.0,0.0,15.063094139099121,23.362497329711914,14.43805980682373,0.10474592447280884,0.4369262456893921,76.0728988647461,3882.0,21.63433265686035,1104.0,0.0,0.0,2.292768955230713,117.0,0.0,0.0,0.9900175333023071,0.009584846906363964,0.32650646567344666,0.5407175421714783,0.13277605175971985,0.1647452861070633,0.11920291930437088,0.9762726426124573,0.9156526327133179,1.0,0.21052631735801697,0.2210526168346405,0.2631579041481018,0.3052631616592407
step,fold6/test_loss,fold6/test_mae,fold6/test_rmse,fold6/test_mard,fold6/test_r2,fold6/test_pearson,fold6/test_ega_zone_a_pct,fold6/test_ega_zone_a_count,fold6/test_ega_zone_b_pct,fold6/test_ega_zone_b_count,fold6/test_ega_zone_c_pct,fold6/test_ega_zone_c_count,fold6/test_ega_zone_d_pct,fold6/test_ega_zone_d_count,fold6/test_ega_zone_e_pct,fold6/test_ega_zone_e_count,fold6/test_horizon_15_mae,fold6/test_horizon_15_rmse,fold6/test_horizon_15_mard,fold6/test_horizon_15_r2,fold6/test_horizon_15_pearson,fold6/test_horizon_15_ega_zone_a_pct,fold6/test_horizon_15_ega_zone_a_count,fold6/test_horizon_15_ega_zone_b_pct,fold6/test_horizon_15_ega_zone_b_count,fold6/test_horizon_15_ega_zone_c_pct,fold6/test_horizon_15_ega_zone_c_count,fold6/test_horizon_15_ega_zone_d_pct,fold6/test_horizon_15_ega_zone_d_count,fold6/test_horizon_15_ega_zone_e_pct,fold6/test_horizon_15_ega_zone_e_count,fold6/test_horizon_30_mae,fold6/test_horizon_30_rmse,fold6/test_horizon_30_mard,fold6/test_horizon_30_r2,fold6/test_horizon_30_pearson,fold6/test_horizon_30_ega_zone_a_pct,fold6/test_horizon_30_ega_zone_a_count,fold6/test_horizon_30_ega_zone_b_pct,fold6/test_horizon_30_ega_zone_b_count,fold6/test_horizon_30_ega_zone_c_pct,fold6/test_horizon_30_ega_zone_c_count,fold6/test_horizon_30_ega_zone_d_pct,fold6/test_horizon_30_ega_zone_d_count,fold6/test_horizon_30_ega_zone_e_pct,fold6/test_horizon_30_ega_zone_e_count,fold6/test_horizon_45_mae,fold6/test_horizon_45_rmse,fold6/test_horizon_45_mard,fold6/test_horizon_45_r2,fold6/test_horizon_45_pearson,fold6/test_horizon_45_ega_zone_a_pct,fold6/test_horizon_45_ega_zone_a_count,fold6/test_horizon_45_ega_zone_b_pct,fold6/test_horizon_45_ega_zone_b_count,fold6/test_horizon_45_ega_zone_c_pct,fold6/test_horizon_45_ega_zone_c_count,fold6/test_horizon_45_ega_zone_d_pct,fold6/test_horizon_45_ega_zone_d_count,fold6/test_horizon_45_ega_zone_e_pct,fold6/test_horizon_45_ega_zone_e_count,fold6/test_horizon_60_mae,fold6/test_horizon_60_rmse,fold6/test_horizon_60_mard,fold6/test_horizon_60_r2,fold6/test_horizon_60_pearson,fold6/test_horizon_60_ega_zone_a_pct,fold6/test_horizon_60_ega_zone_a_count,fold6/test_horizon_60_ega_zone_b_pct,fold6/test_horizon_60_ega_zone_b_count,fold6/test_horizon_60_ega_zone_c_pct,fold6/test_horizon_60_ega_zone_c_count,fold6/test_horizon_60_ega_zone_d_pct,fold6/test_horizon_60_ega_zone_d_count,fold6/test_horizon_60_ega_zone_e_pct,fold6/test_horizon_60_ega_zone_e_count
0,0.33570410863991224,11.196624755859375,17.36063003540039,8.622076988220215,0.5425353050231934,0.7457220554351807,89.50495147705078,5424.0,10.495049476623535,636.0,0.0,0.0,0.0,0.0,0.0,0.0,5.231049060821533,7.2630109786987305,4.172835826873779,0.9201194047927856,0.9599599242210388,99.60396575927734,1509.0,0.39603960514068604,6.0,0.0,0.0,0.0,0.0,0.0,0.0,10.188855171203613,14.876959800720215,7.908570766448975,0.6642636060714722,0.8200926780700684,92.40924072265625,1400.0,7.590758800506592,115.0,0.0,0.0,0.0,0.0,0.0,0.0,13.580660820007324,20.00864601135254,10.390838623046875,0.39184266328811646,0.6460724472999573,85.08250427246094,1289.0,14.91749095916748,226.0,0.0,0.0,0.0,0.0,0.0,0.0,15.78593635559082,23.04657745361328,12.016060829162598,0.19208818674087524,0.49935969710350037,80.9240951538086,1226.0,19.075908660888672,289.0,0.0,0.0,0.0,0.0,0.0,0.0
step,fold7/train_loss,fold7/val_mae,fold7/val_rmse,fold7/val_mard,fold7/val_r2,fold7/val_pearson,fold7/val_ega_zone_a_pct,fold7/val_ega_zone_a_count,fold7/val_ega_zone_b_pct,fold7/val_ega_zone_b_count,fold7/val_ega_zone_c_pct,fold7/val_ega_zone_c_count,fold7/val_ega_zone_d_pct,fold7/val_ega_zone_d_count,fold7/val_ega_zone_e_pct,fold7/val_ega_zone_e_count,fold7/val_horizon_15_mae,fold7/val_horizon_15_rmse,fold7/val_horizon_15_mard,fold7/val_horizon_15_r2,fold7/val_horizon_15_pearson,fold7/val_horizon_15_ega_zone_a_pct,fold7/val_horizon_15_ega_zone_a_count,fold7/val_horizon_15_ega_zone_b_pct,fold7/val_horizon_15_ega_zone_b_count,fold7/val_horizon_15_ega_zone_c_pct,fold7/val_horizon_15_ega_zone_c_count,fold7/val_horizon_15_ega_zone_d_pct,fold7/val_horizon_15_ega_zone_d_count,fold7/val_horizon_15_ega_zone_e_pct,fold7/val_horizon_15_ega_zone_e_count,fold7/val_horizon_30_mae,fold7/val_horizon_30_rmse,fold7/val_horizon_30_mard,fold7/val_horizon_30_r2,fold7/val_horizon_30_pearson,fold7/val_horizon_30_ega_zone_a_pct,fold7/val_horizon_30_ega_zone_a_count,fold7/val_horizon_30_ega_zone_b_pct,fold7/val_horizon_30_ega_zone_b_count,fold7/val_horizon_30_ega_zone_c_pct,fold7/val_horizon_30_ega_zone_c_count,fold7/val_horizon_30_ega_zone_d_pct,fold7/val_horizon_30_ega_zone_d_count,fold7/val_horizon_30_ega_zone_e_pct,fold7/val_horizon_30_ega_zone_e_count,fold7/val_horizon_45_mae,fold7/val_horizon_45_rmse,fold7/val_horizon_45_mard,fold7/val_horizon_45_r2,fold7/val_horizon_45_pearson,fold7/val_horizon_45_ega_zone_a_pct,fold7/val_horizon_45_ega_zone_a_count,fold7/val_horizon_45_ega_zone_b_pct,fold7/val_horizon_45_ega_zone_b_count,fold7/val_horizon_45_ega_zone_c_pct,fold7/val_horizon_45_ega_zone_c_count,fold7/val_horizon_45_ega_zone_d_pct,fold7/val_horizon_45_ega_zone_d_count,fold7/val_horizon_45_ega_zone_e_pct,fold7/val_horizon_45_ega_zone_e_count,fold7/val_horizon_60_mae,fold7/val_horizon_60_rmse,fold7/val_horizon_60_mard,fold7/val_horizon_60_r2,fold7/val_horizon_60_pearson,fold7/val_horizon_60_ega_zone_a_pct,fold7/val_horizon_60_ega_zone_a_count,fold7/val_horizon_60_ega_zone_b_pct,fold7/val_horizon_60_ega_zone_b_count,fold7/val_horizon_60_ega_zone_c_pct,fold7/val_horizon_60_ega_zone_c_count,fold7/val_horizon_60_ega_zone_d_pct,fold7/val_horizon_60_ega_zone_d_count,fold7/val_horizon_60_ega_zone_e_pct,fold7/val_horizon_60_ega_zone_e_count,fold7/diag_graph_prior_weight,fold7/diag_graph_residual_mean,fold7/diag_fusion_gate_cgm,fold7/diag_fusion_gate_cgm_guided,fold7/diag_fusion_gate_physio,fold7/diag_horizon_query_similarity,fold7/diag_horizon_progressive_gate,fold7/diag_horizon_attention_similarity,fold7/diag_horizon_attention_entropy,fold7/diag_horizon_curriculum_progress,fold7/diag_loss_horizon_weight_0,fold7/diag_loss_horizon_weight_1,fold7/diag_loss_horizon_weight_2,fold7/diag_loss_horizon_weight_3
1,0.2581854307537673,11.589104652404785,17.15509033203125,9.483437538146973,0.41629308462142944,0.6810685992240906,87.37633514404297,18370.0,12.328766822814941,2592.0,0.0,0.0,0.2949010729789734,62.0,0.0,0.0,7.056628704071045,10.293351173400879,5.837991714477539,0.7895321846008301,0.8905634880065918,96.51826477050781,5073.0,3.3485538959503174,176.0,0.0,0.0,0.1331811249256134,7.0,0.0,0.0,11.24786376953125,16.38796615600586,9.208081245422363,0.4673609137535095,0.7123626470565796,88.28005981445312,4640.0,11.434551239013672,601.0,0.0,0.0,0.28538814187049866,15.0,0.0,0.0,13.436483383178711,19.287099838256836,10.96754264831543,0.26279038190841675,0.5882534980773926,83.37138366699219,4382.0,16.248098373413086,854.0,0.0,0.0,0.38051748275756836,20.0,0.0,0.0,14.615439414978027,20.752775192260742,11.920133590698242,0.14634054899215698,0.5154740214347839,81.33561706542969,4275.0,18.28386688232422,961.0,0.0,0.0,0.38051748275756836,20.0,0.0,0.0,1.0019973516464233,0.011744043789803982,0.13591790199279785,0.13257946074008942,0.7315027117729187,0.014743017964065075,0.11920291930437088,0.9998893737792969,0.9999538660049438,0.0,0.3333333432674408,0.28333333134651184,0.21666665375232697,0.1666666716337204
2,0.25498710398204844,11.53836727142334,16.89012336730957,9.4452486038208,0.4341850280761719,0.6842132210731506,88.09455871582031,18521.0,11.610540390014648,2441.0,0.0,0.0,0.2949010729789734,62.0,0.0,0.0,7.052964687347412,10.20261287689209,5.8381781578063965,0.7932264804840088,0.8918039798736572,96.55632019042969,5075.0,3.310502290725708,174.0,0.0,0.0,0.1331811249256134,7.0,0.0,0.0,11.214119911193848,16.128456115722656,9.192458152770996,0.4840964674949646,0.7144303917884827,89.11720275878906,4684.0,10.597412109375,557.0,0.0,0.0,0.28538814187049866,15.0,0.0,0.0,13.395276069641113,18.992979049682617,10.949939727783203,0.2851032018661499,0.5903263688087463,84.36073303222656,4434.0,15.25875186920166,802.0,0.0,0.0,0.38051748275756836,20.0,0.0,0.0,14.491105079650879,20.39978790283203,11.800415992736816,0.17513364553451538,0.5164197087287903,82.34398651123047,4328.0,17.275493621826172,908.0,0.0,0.0,0.38051748275756836,20.0,0.0,0.0,1.003012776374817,0.011267154477536678,0.11434861272573471,0.06999728828668594,0.8156540989875793,0.02308737486600876,0.11920291930437088,0.9996702671051025,0.9962130784988403,0.07142857142857142,0.3245614171028137,0.2788847088813782,0.21998745203018188,0.17656642198562622
3,0.2544373846931894,11.475234031677246,16.709672927856445,9.374751091003418,0.44621044397354126,0.687924861907959,88.58448028564453,18624.0,11.115867614746094,2337.0,0.0,0.0,0.29965752363204956,63.0,0.0,0.0,7.037437915802002,10.107526779174805,5.82597017288208,0.7970626950263977,0.8938807845115662,96.67047119140625,5081.0,3.196347236633301,168.0,0.0,0.0,0.1331811249256134,7.0,0.0,0.0,11.152669906616211,15.953624725341797,9.131817817687988,0.4952205419540405,0.7179992198944092,89.23135375976562,4690.0,10.464231491088867,550.0,0.0,0.0,0.3044140040874481,16.0,0.0,0.0,13.315506935119629,18.752729415893555,10.862359046936035,0.3030749559402466,0.593697190284729,85.31202697753906,4484.0,14.307458877563477,752.0,0.0,0.0,0.38051748275756836,20.0,0.0,0.0,14.39532470703125,20.21157455444336,11.678858757019043,0.19028425216674805,0.5167080760002136,83.1240463256836,4369.0,16.495433807373047,867.0,0.0,0.0,0.38051748275756836,20.0,0.0,0.0,1.0033721923828125,0.01084071770310402,0.08202675729990005,0.058930981904268265,0.859042227268219,0.03945813700556755,0.11920291930437088,0.9969077706336975,0.974173903465271,0.14285714285714285,0.31578949093818665,0.2744360864162445,0.223308265209198,0.18646617233753204
4,0.2496377524852633,11.288558006286621,16.467544555664062,9.228130340576172,0.46214330196380615,0.6968871355056763,88.90316009521484,18691.0,10.801939964294434,2271.0,0.0,0.0,0.2949010729789734,62.0,0.0,0.0,6.712835788726807,9.624187469482422,5.571882247924805,0.8160074949264526,0.9045946598052979,97.18416595458984,5108.0,2.6826484203338623,141.0,0.0,0.0,0.1331811249256134,7.0,0.0,0.0,10.956969261169434,15.641843795776367,8.987866401672363,0.514757513999939,0.728742778301239,89.5357666015625,4706.0,10.17884349822998,535.0,0.0,0.0,0.28538814187049866,15.0,0.0,0.0,13.159317970275879,18.561552047729492,10.73499584197998,0.3172122836112976,0.6012016534805298,85.76864624023438,4508.0,13.850836753845215,728.0,0.0,0.0,0.38051748275756836,20.0,0.0,0.0,14.325109481811523,20.072288513183594,11.617777824401855,0.20140594244003296,0.5197784304618835,83.1240463256836,4369.0,16.495433807373047,867.0,0.0,0.0,0.38051748275756836,20.0,0.0,0.0,1.0025063753128052,0.010563529096543789,0.14610382914543152,0.05607348307967186,0.7978226542472839,0.05935278534889221,0.11920291930437088,0.991621732711792,0.9446929693222046,0.21428571428571427,0.30701756477355957,0.26998746395111084,0.22662906348705292,0.19636592268943787
5,0.24329863001456,11.096993446350098,16.26319122314453,9.082559585571289,0.4754096269607544,0.7043406963348389,88.74143981933594,18657.0,10.968417167663574,2306.0,0.0,0.0,0.2901446223258972,61.0,0.0,0.0,6.254557132720947,8.924803733825684,5.2296833992004395,0.8417770862579346,0.9179610013961792,97.77397155761719,5139.0,2.1118721961975098,111.0,0.0,0.0,0.11415524780750275,6.0,0.0,0.0,10.734570503234863,15.324424743652344,8.821742057800293,0.5342516899108887,0.7406358122825623,89.6499252319336,4712.0,10.064688682556152,529.0,0.0,0.0,0.28538814187049866,15.0,0.0,0.0,13.09356689453125,18.49390983581543,10.68533706665039,0.32217955589294434,0.60162752866745,85.17884826660156,4477.0,14.44063949584961,759.0,0.0,0.0,0.38051748275756836,20.0,0.0,0.0,14.305277824401855,20.036230087280273,11.593476295471191,0.2042725682258606,0.5163860321044922,82.3630142211914,4329.0,17.256467819213867,907.0,0.0,0.0,0.38051748275756836,20.0,0.0,0.0,0.9992353916168213,0.010427490808069706,0.1976999044418335,0.0511978380382061,0.7511022686958313,0.09297386556863785,0.11920291930437088,0.9890190958976746,0.9357438087463379,0.2857142857142857,0.2982456088066101,0.2655388414859772,0.22994986176490784,0.2062656730413437
6,0.237822482953811,10.983055114746094,16.170047760009766,8.9725923538208,0.481401264667511,0.7079232335090637,88.8888931274414,18688.0,10.81620979309082,2274.0,0.0,0.0,0.2949010729789734,62.0,0.0,0.0,5.9708733558654785,8.485381126403809,5.007376670837402,0.8569741249084473,0.9261616468429565,98.17351531982422,5160.0,1.7123287916183472,90.0,0.0,0.0,0.11415524780750275,6.0,0.0,0.0,10.585650444030762,15.113511085510254,8.698570251464844,0.5469838380813599,0.7484826445579529,90.01142120361328,4731.0,9.684170722961426,509.0,0.0,0.0,0.3044140040874481,16.0,0.0,0.0,13.044697761535645,18.452396392822266,10.61816692352295,0.32521921396255493,0.6015577912330627,85.10273742675781,4473.0,14.516742706298828,763.0,0.0,0.0,0.38051748275756836,20.0,0.0,0.0,14.330999374389648,20.123891830444336,11.566255569458008,0.1972944736480713,0.5081987380981445,82.26788330078125,4324.0,17.35159683227539,912.0,0.0,0.0,0.38051748275756836,20.0,0.0,0.0,0.9974547624588013,0.010370410047471523,0.2004450559616089,0.05017988756299019,0.7493751049041748,0.09952866286039352,0.11920291930437088,0.9911696314811707,0.9153912663459778,0.35714285714285715,0.28947368264198303,0.2610902190208435,0.23327067494392395,0.2161654233932495
7,0.23692304188431013,10.94676399230957,16.151859283447266,8.931041717529297,0.48256731033325195,0.7094836831092834,88.94120788574219,18699.0,10.768645286560059,2264.0,0.0,0.0,0.2901446223258972,61.0,0.0,0.0,5.889406204223633,8.322433471679688,4.945679187774658,0.8624144792556763,0.9292199611663818,98.26864624023438,5165.0,1.617199420928955,85.0,0.0,0.0,0.11415524780750275,6.0,0.0,0.0,10.53833293914795,15.038481712341309,8.657441139221191,0.5514705777168274,0.7517289519309998,89.87823486328125,4724.0,9.836377143859863,517.0,0.0,0.0,0.28538814187049866,15.0,0.0,0.0,13.028024673461914,18.472291946411133,10.581826210021973,0.32376325130462646,0.6016966700553894,85.23592376708984,4480.0,14.383562088012695,756.0,0.0,0.0,0.38051748275756836,20.0,0.0,0.0,14.331289291381836,20.171409606933594,11.539217948913574,0.19349926710128784,0.505608856678009,82.38204193115234,4330.0,17.237442016601562,906.0,0.0,0.0,0.38051748275756836,20.0,0.0,0.0,0.999556303024292,0.010310141369700432,0.24458181858062744,0.05097050592303276,0.7044477462768555,0.1085636243224144,0.11920291930437088,0.9904777407646179,0.8947649598121643,0.42857142857142855,0.28070175647735596,0.25664159655570984,0.23659147322177887,0.22606515884399414
8,0.233845624912621,10.986114501953125,16.196596145629883,8.945549011230469,0.47969698905944824,0.7088524699211121,88.85083770751953,18680.0,10.859018325805664,2283.0,0.0,0.0,0.2901446223258972,61.0,0.0,0.0,5.855538368225098,8.199126243591309,4.915786266326904,0.8664612770080566,0.9315991401672363,98.64916229248047,5185.0,1.2366819381713867,65.0,0.0,0.0,0.11415524780750275,6.0,0.0,0.0,10.579440116882324,15.013422966003418,8.680667877197266,0.5529640913009644,0.7535089254379272,89.87823486328125,4724.0,9.836377143859863,517.0,0.0,0.0,0.28538814187049866,15.0,0.0,0.0,13.093681335449219,18.562761306762695,10.608068466186523,0.3171233534812927,0.5986860990524292,84.95053100585938,4465.0,14.668950080871582,771.0,0.0,0.0,0.38051748275756836,20.0,0.0,0.0,14.41579532623291,20.300600051879883,11.577675819396973,0.18313544988632202,0.4989645183086395,81.9254150390625,4306.0,17.694063186645508,930.0,0.0,0.0,0.38051748275756836,20.0,0.0,0.0,1.0005255937576294,0.010271299630403519,0.19180206954479218,0.05096892639994621,0.7572290301322937,0.12128319591283798,0.11920291930437088,0.9870460033416748,0.8777981400489807,0.5,0.2719298303127289,0.25219297409057617,0.2399122714996338,0.23596492409706116
9,0.23502792128518346,10.922390937805176,16.139631271362305,8.905388832092285,0.4833505153656006,0.7109649777412415,88.96499633789062,18704.0,10.749619483947754,2260.0,0.0,0.0,0.28538814187049866,60.0,0.0,0.0,5.7742695808410645,8.133098602294922,4.849581718444824,0.8686034083366394,0.9327278733253479,98.74429321289062,5190.0,1.1605784893035889,61.0,0.0,0.0,0.09512937068939209,5.0,0.0,0.0,10.45632553100586,14.917119026184082,8.59934139251709,0.5586807727813721,0.7567572593688965,90.16362762451172,4739.0,9.550989151000977,502.0,0.0,0.0,0.28538814187049866,15.0,0.0,0.0,13.034245491027832,18.4676456451416,10.57779598236084,0.3241034746170044,0.6027647852897644,84.98857879638672,4467.0,14.630897521972656,769.0,0.0,0.0,0.38051748275756836,20.0,0.0,0.0,14.424724578857422,20.303424835205078,11.59483528137207,0.18290823698043823,0.4982896149158478,81.96347045898438,4308.0,17.6560115814209,928.0,0.0,0.0,0.38051748275756836,20.0,0.0,0.0,1.0013341903686523,0.010244373232126236,0.1324368119239807,0.05415978655219078,0.8134034276008606,0.1386074274778366,0.11920291930437088,0.9713050723075867,0.8873908519744873,0.5714285714285714,0.2631579041481018,0.2477443516254425,0.2432330846786499,0.24586467444896698
10,0.23554026217699112,10.902396202087402,16.128158569335938,8.896689414978027,0.4840846657752991,0.7112712264060974,88.87937927246094,18686.0,10.835235595703125,2278.0,0.0,0.0,0.28538814187049866,60.0,0.0,0.0,5.767085552215576,8.112297058105469,4.842529773712158,0.8692746758460999,0.9331011772155762,98.59208679199219,5182.0,1.3127853870391846,69.0,0.0,0.0,0.09512937068939209,5.0,0.0,0.0,10.457198143005371,14.90555477142334,8.607760429382324,0.5593647956848145,0.7573115229606628,90.14459991455078,4738.0,9.570014953613281,503.0,0.0,0.0,0.28538814187049866,15.0,0.0,0.0,13.0272216796875,18.464357376098633,10.583145141601562,0.3243442177772522,0.6026949286460876,84.83637237548828,4459.0,14.78310489654541,777.0,0.0,0.0,0.38051748275756836,20.0,0.0,0.0,14.358076095581055,20.286762237548828,11.553318977355957,0.18424874544143677,0.49840837717056274,81.94444274902344,4307.0,17.675037384033203,929.0,0.0,0.0,0.38051748275756836,20.0,0.0,0.0,1.0016486644744873,0.010223730467259884,0.13446533679962158,0.05258991941809654,0.8129447102546692,0.1506320983171463,0.11920291930437088,0.9592902660369873,0.8832705020904541,0.6428571428571429,0.25438597798347473,0.24329572916030884,0.24655388295650482,0.2557644248008728
11,0.23199422604461267,10.870401382446289,16.09920310974121,8.854179382324219,0.4859355092048645,0.713797390460968,89.08866119384766,18730.0,10.63546371459961,2236.0,0.0,0.0,0.27587518095970154,58.0,0.0,0.0,5.724672794342041,8.047354698181152,4.802506446838379,0.8713593482971191,0.9344526529312134,98.8013687133789,5193.0,1.1035007238388062,58.0,0.0,0.0,0.09512937068939209,5.0,0.0,0.0,10.464579582214355,14.873272895812988,8.598394393920898,0.5612713098526001,0.7597153186798096,90.20167541503906,4741.0,9.531963348388672,501.0,0.0,0.0,0.2663622498512268,14.0,0.0,0.0,12.98731517791748,18.42925262451172,10.531996726989746,0.32691091299057007,0.6061409115791321,85.15982055664062,4476.0,14.459665298461914,760.0,0.0,0.0,0.38051748275756836,20.0,0.0,0.0,14.305041313171387,20.2762393951416,11.483820915222168,0.1850947141647339,0.5017629861831665,82.19178009033203,4320.0,17.446727752685547,917.0,0.0,0.0,0.3614916205406189,19.0,0.0,0.0,1.0000927448272705,0.010217138566076756,0.12756536900997162,0.05654093250632286,0.8158936500549316,0.16475872695446014,0.11920291930437088,0.9523965716362,0.8946739435195923,0.7142857142857143,0.24561403691768646,0.23884710669517517,0.24987469613552094,0.26566416025161743
12,0.23193383502672593,10.936018943786621,16.198444366455078,8.892722129821777,0.4795781970024109,0.7107227444648743,88.96023559570312,18703.0,10.763888359069824,2263.0,0.0,0.0,0.27587518095970154,58.0,0.0,0.0,5.75488805770874,8.060041427612305,4.818694114685059,0.870953381061554,0.9343923330307007,98.83941650390625,5195.0,1.0654489994049072,56.0,0.0,0.0,0.09512937068939209,5.0,0.0,0.0,10.517364501953125,14.916887283325195,8.634885787963867,0.5586944818496704,0.7584136128425598,90.12557220458984,4737.0,9.60806655883789,505.0,0.0,0.0,0.2663622498512268,14.0,0.0,0.0,13.099226951599121,18.56316566467285,10.604344367980957,0.31709349155426025,0.6004729270935059,84.79832458496094,4457.0,14.82115650177002,779.0,0.0,0.0,0.38051748275756836,20.0,0.0,0.0,14.372593879699707,20.43256378173828,11.512962341308594,0.17248088121414185,0.49482253193855286,82.07762908935547,4314.0,17.560882568359375,923.0,0.0,0.0,0.3614916205406189,19.0,0.0,0.0,0.9993388652801514,0.010215084999799728,0.13422147929668427,0.055467549711465836,0.8103110194206238,0.17076385021209717,0.11920291930437088,0.9444806575775146,0.8901630640029907,0.7857142857142857,0.23684212565422058,0.2343984991312027,0.25319552421569824,0.27556392550468445
13,0.2279610792448785,11.10076904296875,16.465139389038086,9.03056526184082,0.4623004198074341,0.7000073790550232,88.76998138427734,18663.0,10.954147338867188,2303.0,0.0,0.0,0.27587518095970154,58.0,0.0,0.0,5.794122219085693,8.131415367126465,4.852941513061523,0.8686578273773193,0.9329499006271362,98.85844421386719,5196.0,1.0464231967926025,55.0,0.0,0.0,0.09512937068939209,5.0,0.0,0.0,10.663680076599121,15.108452796936035,8.757601737976074,0.547287106513977,0.7509145736694336,89.82115173339844,4721.0,9.912481307983398,521.0,0.0,0.0,0.2663622498512268,14.0,0.0,0.0,13.301289558410645,18.850414276123047,10.775409698486328,0.2957953214645386,0.5861610770225525,84.30364990234375,4431.0,15.315829277038574,805.0,0.0,0.0,0.38051748275756836,20.0,0.0,0.0,14.643980979919434,20.848981857299805,11.736310005187988,0.1384074091911316,0.4735383987426758,82.0966567993164,4315.0,17.54185676574707,922.0,0.0,0.0,0.3614916205406189,19.0,0.0,0.0,0.9999963045120239,0.01021665707230568,0.17070035636425018,0.05854879692196846,0.7707508206367493,0.17447882890701294,0.11920291930437088,0.9517504572868347,0.9010899066925049,0.8571428571428571,0.22807016968727112,0.22994986176490784,0.25651630759239197,0.2854636609554291
14,0.22527176691347944,11.237655639648438,16.689239501953125,9.130656242370605,0.4475640654563904,0.6915827989578247,88.3466567993164,18574.0,11.367959976196289,2390.0,0.0,0.0,0.28538814187049866,60.0,0.0,0.0,5.802691459655762,8.14087200164795,4.860480308532715,0.8683521151542664,0.9327806234359741,98.85844421386719,5196.0,1.0464231967926025,55.0,0.0,0.0,0.09512937068939209,5.0,0.0,0.0,10.757576942443848,15.2254638671875,8.821601867675781,0.5402475595474243,0.7468047142028809,89.6499252319336,4712.0,10.064688682556152,529.0,0.0,0.0,0.28538814187049866,15.0,0.0,0.0,13.506373405456543,19.14899253845215,10.924646377563477,0.2733103036880493,0.572157621383667,83.69482421875,4399.0,15.924657821655273,837.0,0.0,0.0,0.38051748275756836,20.0,0.0,0.0,14.88398265838623,21.197887420654297,11.915894508361816,0.10932868719100952,0.455868124961853,81.18341064453125,4267.0,18.436073303222656,969.0,0.0,0.0,0.38051748275756836,20.0,0.0,0.0,1.0013847351074219,0.010222252458333969,0.18949443101882935,0.07278287410736084,0.7377226948738098,0.17111195623874664,0.11920291930437088,0.948466956615448,0.9000484943389893,0.9285714285714286,0.21929824352264404,0.22550123929977417,0.2598370909690857,0.2953633964061737
15,0.21972676497603458,11.28781795501709,16.756139755249023,9.174983024597168,0.4431261420249939,0.6901522874832153,88.21822357177734,18547.0,11.49638557434082,2417.0,0.0,0.0,0.28538814187049866,60.0,0.0,0.0,5.830164909362793,8.149340629577637,4.880972385406494,0.8680780529975891,0.9327443242073059,98.64916229248047,5185.0,1.2557077407836914,66.0,0.0,0.0,0.09512937068939209,5.0,0.0,0.0,10.776264190673828,15.237419128417969,8.840832710266113,0.5395252704620361,0.7472541332244873,89.5357666015625,4706.0,10.17884349822998,535.0,0.0,0.0,0.28538814187049866,15.0,0.0,0.0,13.560296058654785,19.231218338012695,10.972681999206543,0.26705610752105713,0.5708122253417969,83.54261779785156,4391.0,16.07686424255371,845.0,0.0,0.0,0.38051748275756836,20.0,0.0,0.0,14.984551429748535,21.32234764099121,12.005444526672363,0.09883904457092285,0.45185035467147827,81.14535522460938,4265.0,18.474124908447266,971.0,0.0,0.0,0.38051748275756836,20.0,0.0,0.0,1.0007078647613525,0.01023771520704031,0.17898710072040558,0.07769008725881577,0.7433228492736816,0.17115475237369537,0.11920291930437088,0.9432050585746765,0.8960584998130798,1.0,0.21052631735801697,0.2210526168346405,0.2631579041481018,0.3052631616592407
16,0.21467044285027398,11.360822677612305,16.807584762573242,9.246993064880371,0.4397014379501343,0.6872875094413757,88.11357879638672,18525.0,11.596270561218262,2438.0,0.0,0.0,0.2901446223258972,61.0,0.0,0.0,5.8557329177856445,8.166973114013672,4.9026408195495605,0.8675066232681274,0.9323039054870605,98.74429321289062,5190.0,1.1605784893035889,61.0,0.0,0.0,0.09512937068939209,5.0,0.0,0.0,10.828761100769043,15.264225006103516,8.889047622680664,0.5379037857055664,0.7455697059631348,89.57382202148438,4708.0,10.121766090393066,532.0,0.0,0.0,0.3044140040874481,16.0,0.0,0.0,13.656383514404297,19.294662475585938,11.066335678100586,0.26221203804016113,0.5665797591209412,83.21917724609375,4374.0,16.400304794311523,862.0,0.0,0.0,0.38051748275756836,20.0,0.0,0.0,15.102411270141602,21.40092658996582,12.1299467086792,0.09218484163284302,0.44700583815574646,80.91704559326172,4253.0,18.702434539794922,983.0,0.0,0.0,0.38051748275756836,20.0,0.0,0.0,0.998039960861206,0.010268553160130978,0.1606830507516861,0.09171050786972046,0.7476064562797546,0.16479997336864471,0.11920291930437088,0.932464599609375,0.9013255834579468,1.0,0.21052631735801697,0.2210526168346405,0.2631579041481018,0.3052631616592407
17,0.20866377107250417,11.456856727600098,16.974824905395508,9.303901672363281,0.4284958243370056,0.6805375218391418,87.89954376220703,18480.0,11.810311317443848,2483.0,0.0,0.0,0.2901446223258972,61.0,0.0,0.0,5.875426769256592,8.214024543762207,4.911098480224609,0.865975558757782,0.9314287900924683,98.68721008300781,5187.0,1.2176560163497925,64.0,0.0,0.0,0.09512937068939209,5.0,0.0,0.0,10.896468162536621,15.408488273620605,8.92284107208252,0.529127836227417,0.7401670813560486,89.76407623291016,4718.0,9.931507110595703,522.0,0.0,0.0,0.3044140040874481,16.0,0.0,0.0,13.793655395507812,19.49808120727539,11.151782035827637,0.24657344818115234,0.5562326908111572,82.76255798339844,4350.0,16.85692596435547,886.0,0.0,0.0,0.38051748275756836,20.0,0.0,0.0,15.26187515258789,21.62202262878418,12.229887008666992,0.0733303427696228,0.4351901710033417,80.38432312011719,4225.0,19.235158920288086,1011.0,0.0,0.0,0.38051748275756836,20.0,0.0,0.0,0.9968787431716919,0.010289733298122883,0.15356574952602386,0.10288239270448685,0.7435519099235535,0.16580748558044434,0.11920291930437088,0.9304511547088623,0.9104017615318298,1.0,0.21052631735801697,0.2210526168346405,0.2631579041481018,0.3052631616592407
18,0.20027275954277918,11.542912483215332,17.077850341796875,9.408716201782227,0.42153745889663696,0.676414966583252,87.64269256591797,18426.0,12.067161560058594,2537.0,0.0,0.0,0.2901446223258972,61.0,0.0,0.0,5.9010396003723145,8.246431350708008,4.943018436431885,0.8649159073829651,0.9307426810264587,98.59208679199219,5182.0,1.3127853870391846,69.0,0.0,0.0,0.09512937068939209,5.0,0.0,0.0,10.97186279296875,15.492581367492676,9.015490531921387,0.5239741802215576,0.7370733618736267,89.2694091796875,4692.0,10.426178932189941,548.0,0.0,0.0,0.3044140040874481,16.0,0.0,0.0,13.914509773254395,19.635581970214844,11.295693397521973,0.23590964078903198,0.5505791902542114,82.55327606201172,4339.0,17.06620979309082,897.0,0.0,0.0,0.38051748275756836,20.0,0.0,0.0,15.384236335754395,21.74930191040039,12.380664825439453,0.062388479709625244,0.43040159344673157,80.15601348876953,4213.0,19.463470458984375,1023.0,0.0,0.0,0.38051748275756836,20.0,0.0,0.0,0.9954718351364136,0.010308506898581982,0.15074212849140167,0.09816689044237137,0.7510910034179688,0.17047196626663208,0.11920291930437088,0.9273599982261658,0.9143521785736084,1.0,0.21052631735801697,0.2210526168346405,0.2631579041481018,0.3052631616592407
19,0.1921656518470525,11.589509010314941,17.131702423095703,9.456574440002441,0.41788357496261597,0.6746526956558228,87.37157440185547,18369.0,12.338279724121094,2594.0,0.0,0.0,0.2901446223258972,61.0,0.0,0.0,5.897002696990967,8.238399505615234,4.942257881164551,0.8651789426803589,0.930894672870636,98.4779281616211,5176.0,1.4269405603408813,75.0,0.0,0.0,0.09512937068939209,5.0,0.0,0.0,11.001758575439453,15.5064697265625,9.04529094696045,0.5231203436851501,0.7364768981933594,89.06011962890625,4681.0,10.63546371459961,559.0,0.0,0.0,0.3044140040874481,16.0,0.0,0.0,13.977477073669434,19.686079025268555,11.36063003540039,0.23197460174560547,0.5488226413726807,82.15373229980469,4318.0,17.46575355529785,918.0,0.0,0.0,0.38051748275756836,20.0,0.0,0.0,15.481793403625488,21.865896224975586,12.47811508178711,0.052308857440948486,0.42654159665107727,79.79451751708984,4194.0,19.824962615966797,1042.0,0.0,0.0,0.38051748275756836,20.0,0.0,0.0,0.9940657019615173,0.010322457179427147,0.16269023716449738,0.10057475417852402,0.7367350459098816,0.16883116960525513,0.11920291930437088,0.9224626421928406,0.9182549118995667,1.0,0.21052631735801697,0.2210526168346405,0.2631579041481018,0.3052631616592407
step,fold7/test_loss,fold7/test_mae,fold7/test_rmse,fold7/test_mard,fold7/test_r2,fold7/test_pearson,fold7/test_ega_zone_a_pct,fold7/test_ega_zone_a_count,fold7/test_ega_zone_b_pct,fold7/test_ega_zone_b_count,fold7/test_ega_zone_c_pct,fold7/test_ega_zone_c_count,fold7/test_ega_zone_d_pct,fold7/test_ega_zone_d_count,fold7/test_ega_zone_e_pct,fold7/test_ega_zone_e_count,fold7/test_horizon_15_mae,fold7/test_horizon_15_rmse,fold7/test_horizon_15_mard,fold7/test_horizon_15_r2,fold7/test_horizon_15_pearson,fold7/test_horizon_15_ega_zone_a_pct,fold7/test_horizon_15_ega_zone_a_count,fold7/test_horizon_15_ega_zone_b_pct,fold7/test_horizon_15_ega_zone_b_count,fold7/test_horizon_15_ega_zone_c_pct,fold7/test_horizon_15_ega_zone_c_count,fold7/test_horizon_15_ega_zone_d_pct,fold7/test_horizon_15_ega_zone_d_count,fold7/test_horizon_15_ega_zone_e_pct,fold7/test_horizon_15_ega_zone_e_count,fold7/test_horizon_30_mae,fold7/test_horizon_30_rmse,fold7/test_horizon_30_mard,fold7/test_horizon_30_r2,fold7/test_horizon_30_pearson,fold7/test_horizon_30_ega_zone_a_pct,fold7/test_horizon_30_ega_zone_a_count,fold7/test_horizon_30_ega_zone_b_pct,fold7/test_horizon_30_ega_zone_b_count,fold7/test_horizon_30_ega_zone_c_pct,fold7/test_horizon_30_ega_zone_c_count,fold7/test_horizon_30_ega_zone_d_pct,fold7/test_horizon_30_ega_zone_d_count,fold7/test_horizon_30_ega_zone_e_pct,fold7/test_horizon_30_ega_zone_e_count,fold7/test_horizon_45_mae,fold7/test_horizon_45_rmse,fold7/test_horizon_45_mard,fold7/test_horizon_45_r2,fold7/test_horizon_45_pearson,fold7/test_horizon_45_ega_zone_a_pct,fold7/test_horizon_45_ega_zone_a_count,fold7/test_horizon_45_ega_zone_b_pct,fold7/test_horizon_45_ega_zone_b_count,fold7/test_horizon_45_ega_zone_c_pct,fold7/test_horizon_45_ega_zone_c_count,fold7/test_horizon_45_ega_zone_d_pct,fold7/test_horizon_45_ega_zone_d_count,fold7/test_horizon_45_ega_zone_e_pct,fold7/test_horizon_45_ega_zone_e_count,fold7/test_horizon_60_mae,fold7/test_horizon_60_rmse,fold7/test_horizon_60_mard,fold7/test_horizon_60_r2,fold7/test_horizon_60_pearson,fold7/test_horizon_60_ega_zone_a_pct,fold7/test_horizon_60_ega_zone_a_count,fold7/test_horizon_60_ega_zone_b_pct,fold7/test_horizon_60_ega_zone_b_count,fold7/test_horizon_60_ega_zone_c_pct,fold7/test_horizon_60_ega_zone_c_count,fold7/test_horizon_60_ega_zone_d_pct,fold7/test_horizon_60_ega_zone_d_count,fold7/test_horizon_60_ega_zone_e_pct,fold7/test_horizon_60_ega_zone_e_count
0,0.2503266380020646,9.166687965393066,14.098069190979004,9.919022560119629,0.4184799790382385,0.6853325963020325,85.98774719238281,6738.0,12.16181755065918,953.0,0.0,0.0,1.8504338264465332,145.0,0.0,0.0,4.260192394256592,6.420456886291504,4.525706768035889,0.8804239630699158,0.9392325282096863,98.5196533203125,1930.0,1.1740683317184448,23.0,0.0,0.0,0.3062787353992462,6.0,0.0,0.0,8.208608627319336,12.306941986083984,8.829827308654785,0.5557520389556885,0.7629557847976685,88.71873474121094,1738.0,9.800919532775879,192.0,0.0,0.0,1.4803471565246582,29.0,0.0,0.0,11.03826904296875,16.101137161254883,11.963479042053223,0.23903775215148926,0.5730631947517395,81.4190902709961,1595.0,16.181724548339844,317.0,0.0,0.0,2.3991832733154297,47.0,0.0,0.0,13.159686088562012,18.522754669189453,14.357078552246094,-0.006856679916381836,0.4155025780200958,75.29351806640625,1475.0,21.490556716918945,421.0,0.0,0.0,3.2159264087677,63.0,0.0,0.0
step,fold8/train_loss,fold8/val_mae,fold8/val_rmse,fold8/val_mard,fold8/val_r2,fold8/val_pearson,fold8/val_ega_zone_a_pct,fold8/val_ega_zone_a_count,fold8/val_ega_zone_b_pct,fold8/val_ega_zone_b_count,fold8/val_ega_zone_c_pct,fold8/val_ega_zone_c_count,fold8/val_ega_zone_d_pct,fold8/val_ega_zone_d_count,fold8/val_ega_zone_e_pct,fold8/val_ega_zone_e_count,fold8/val_horizon_15_mae,fold8/val_horizon_15_rmse,fold8/val_horizon_15_mard,fold8/val_horizon_15_r2,fold8/val_horizon_15_pearson,fold8/val_horizon_15_ega_zone_a_pct,fold8/val_horizon_15_ega_zone_a_count,fold8/val_horizon_15_ega_zone_b_pct,fold8/val_horizon_15_ega_zone_b_count,fold8/val_horizon_15_ega_zone_c_pct,fold8/val_horizon_15_ega_zone_c_count,fold8/val_horizon_15_ega_zone_d_pct,fold8/val_horizon_15_ega_zone_d_count,fold8/val_horizon_15_ega_zone_e_pct,fold8/val_horizon_15_ega_zone_e_count,fold8/val_horizon_30_mae,fold8/val_horizon_30_rmse,fold8/val_horizon_30_mard,fold8/val_horizon_30_r2,fold8/val_horizon_30_pearson,fold8/val_horizon_30_ega_zone_a_pct,fold8/val_horizon_30_ega_zone_a_count,fold8/val_horizon_30_ega_zone_b_pct,fold8/val_horizon_30_ega_zone_b_count,fold8/val_horizon_30_ega_zone_c_pct,fold8/val_horizon_30_ega_zone_c_count,fold8/val_horizon_30_ega_zone_d_pct,fold8/val_horizon_30_ega_zone_d_count,fold8/val_horizon_30_ega_zone_e_pct,fold8/val_horizon_30_ega_zone_e_count,fold8/val_horizon_45_mae,fold8/val_horizon_45_rmse,fold8/val_horizon_45_mard,fold8/val_horizon_45_r2,fold8/val_horizon_45_pearson,fold8/val_horizon_45_ega_zone_a_pct,fold8/val_horizon_45_ega_zone_a_count,fold8/val_horizon_45_ega_zone_b_pct,fold8/val_horizon_45_ega_zone_b_count,fold8/val_horizon_45_ega_zone_c_pct,fold8/val_horizon_45_ega_zone_c_count,fold8/val_horizon_45_ega_zone_d_pct,fold8/val_horizon_45_ega_zone_d_count,fold8/val_horizon_45_ega_zone_e_pct,fold8/val_horizon_45_ega_zone_e_count,fold8/val_horizon_60_mae,fold8/val_horizon_60_rmse,fold8/val_horizon_60_mard,fold8/val_horizon_60_r2,fold8/val_horizon_60_pearson,fold8/val_horizon_60_ega_zone_a_pct,fold8/val_horizon_60_ega_zone_a_count,fold8/val_horizon_60_ega_zone_b_pct,fold8/val_horizon_60_ega_zone_b_count,fold8/val_horizon_60_ega_zone_c_pct,fold8/val_horizon_60_ega_zone_c_count,fold8/val_horizon_60_ega_zone_d_pct,fold8/val_horizon_60_ega_zone_d_count,fold8/val_horizon_60_ega_zone_e_pct,fold8/val_horizon_60_ega_zone_e_count,fold8/diag_graph_prior_weight,fold8/diag_graph_residual_mean,fold8/diag_fusion_gate_cgm,fold8/diag_fusion_gate_cgm_guided,fold8/diag_fusion_gate_physio,fold8/diag_horizon_query_similarity,fold8/diag_horizon_progressive_gate,fold8/diag_horizon_attention_similarity,fold8/diag_horizon_attention_entropy,fold8/diag_horizon_curriculum_progress,fold8/diag_loss_horizon_weight_0,fold8/diag_loss_horizon_weight_1,fold8/diag_loss_horizon_weight_2,fold8/diag_loss_horizon_weight_3
1,0.24927661131143233,9.269938468933105,14.713492393493652,7.772524833679199,0.5485106110572815,0.7508114576339722,92.15623474121094,17130.0,7.827630519866943,1455.0,0.0,0.0,0.016139443963766098,3.0,0.0,0.0,5.3850297927856445,8.068364143371582,4.559596538543701,0.8639440536499023,0.9297561049461365,98.47212982177734,4576.0,1.4848289489746094,69.0,0.0,0.0,0.04303852096199989,2.0,0.0,0.0,8.735315322875977,13.228094100952148,7.308553695678711,0.6349939107894897,0.8004211783409119,93.65181732177734,4352.0,6.34818172454834,295.0,0.0,0.0,0.0,0.0,0.0,0.0,10.733657836914062,16.5629940032959,8.957795143127441,0.42803895473480225,0.678585410118103,89.58467864990234,4163.0,10.415321350097656,484.0,0.0,0.0,0.0,0.0,0.0,0.0,12.225748062133789,18.749231338500977,10.264152526855469,0.26836705207824707,0.5766106247901917,86.91629028320312,4039.0,13.062191009521484,607.0,0.0,0.0,0.021519260480999947,1.0,0.0,0.0,1.0030994415283203,0.011636410839855671,0.36000916361808777,0.3226030468940735,0.3173878788948059,0.04249286651611328,0.11920291930437088,0.9999279975891113,0.9999608397483826,0.0,0.3333333432674408,0.28333333134651184,0.21666665375232697,0.1666666716337204
2,0.2451884317692716,9.425433158874512,14.677816390991211,7.946871280670166,0.5506974458694458,0.7463406920433044,92.13470458984375,17126.0,7.84915018081665,1459.0,0.0,0.0,0.016139443963766098,3.0,0.0,0.0,5.441654205322266,8.091269493103027,4.625388145446777,0.8631704449653625,0.9297681450843811,98.51516723632812,4578.0,1.4417904615402222,67.0,0.0,0.0,0.04303852096199989,2.0,0.0,0.0,8.901836395263672,13.257564544677734,7.502096176147461,0.6333656907081604,0.7967438697814941,93.45814514160156,4343.0,6.5418548583984375,304.0,0.0,0.0,0.0,0.0,0.0,0.0,10.95871353149414,16.508739471435547,9.210902214050293,0.43177998065948486,0.6689613461494446,89.54164123535156,4161.0,10.458359718322754,486.0,0.0,0.0,0.0,0.0,0.0,0.0,12.39952564239502,18.6543025970459,10.44909954071045,0.2757568955421448,0.5628737807273865,87.02388763427734,4044.0,12.954594612121582,602.0,0.0,0.0,0.021519260480999947,1.0,0.0,0.0,1.0022825002670288,0.011158975772559643,0.15256568789482117,0.28845998644828796,0.5589744448661804,0.050986696034669876,0.11920291930437088,0.9980749487876892,0.9979023337364197,0.07142857142857142,0.3245614171028137,0.2788847088813782,0.21998745203018188,0.17656642198562622
3,0.24513413009127694,9.530385971069336,14.635756492614746,8.101876258850098,0.5532686710357666,0.746033251285553,91.89261627197266,17081.0,8.091241836547852,1504.0,0.0,0.0,0.016139443963766098,3.0,0.0,0.0,5.480778217315674,8.078500747680664,4.684754371643066,0.8636019229888916,0.9300644397735596,98.47212982177734,4576.0,1.4848289489746094,69.0,0.0,0.0,0.04303852096199989,2.0,0.0,0.0,8.946833610534668,13.221902847290039,7.593526840209961,0.6353354454040527,0.7972037196159363,93.45814514160156,4343.0,6.5418548583984375,304.0,0.0,0.0,0.0,0.0,0.0,0.0,11.160028457641602,16.49187660217285,9.476690292358398,0.43294012546539307,0.6650477647781372,89.34796142578125,4152.0,10.652032852172852,495.0,0.0,0.0,0.0,0.0,0.0,0.0,12.533905029296875,18.56767463684082,10.652531623840332,0.2824678421020508,0.5609136819839478,86.29222869873047,4010.0,13.686248779296875,636.0,0.0,0.0,0.021519260480999947,1.0,0.0,0.0,0.9990475177764893,0.010887084528803825,0.08851718157529831,0.35489824414253235,0.5565845966339111,0.07159514725208282,0.11920291930437088,0.9944532513618469,0.9814326763153076,0.14285714285714285,0.31578949093818665,0.2744360864162445,0.223308265209198,0.18646617233753204
4,0.2443246012554026,9.549232482910156,14.631172180175781,8.127520561218262,0.5535484552383423,0.7457587122917175,91.7796401977539,17060.0,8.204217910766602,1525.0,0.0,0.0,0.016139443963766098,3.0,0.0,0.0,5.4720377922058105,7.996366500854492,4.697788715362549,0.8663613796234131,0.9317337274551392,98.51516723632812,4578.0,1.4417904615402222,67.0,0.0,0.0,0.04303852096199989,2.0,0.0,0.0,8.975799560546875,13.216381072998047,7.6314897537231445,0.635640025138855,0.797304630279541,93.45814514160156,4343.0,6.5418548583984375,304.0,0.0,0.0,0.0,0.0,0.0,0.0,11.152342796325684,16.492935180664062,9.4622220993042,0.4328673481941223,0.664480984210968,89.13277435302734,4142.0,10.867225646972656,505.0,0.0,0.0,0.0,0.0,0.0,0.0,12.596752166748047,18.591753005981445,10.718579292297363,0.2806057333946228,0.5569384098052979,86.01248168945312,3997.0,13.965999603271484,649.0,0.0,0.0,0.021519260480999947,1.0,0.0,0.0,0.9911496639251709,0.01073405984789133,0.12280178815126419,0.3686545789241791,0.5085436701774597,0.09409207105636597,0.11920291930437088,0.9970192313194275,0.9591639041900635,0.21428571428571427,0.30701756477355957,0.26998746395111084,0.22662906348705292,0.19636592268943787
5,0.24145490579556847,9.50904655456543,14.508880615234375,8.119325637817383,0.560980498790741,0.7498635649681091,91.564453125,17020.0,8.414031028747559,1564.0,0.0,0.0,0.021519260480999947,4.0,0.0,0.0,5.319736480712891,7.701685428619385,4.596346378326416,0.8760295510292053,0.9367092251777649,98.62277221679688,4583.0,1.3341940641403198,62.0,0.0,0.0,0.04303852096199989,2.0,0.0,0.0,8.928741455078125,13.042495727539062,7.62642765045166,0.6451644897460938,0.8033133745193481,93.43663024902344,4342.0,6.5418548583984375,304.0,0.0,0.0,0.021519260480999947,1.0,0.0,0.0,11.198507308959961,16.418561935424805,9.535196304321289,0.43797075748443604,0.6654033660888672,88.4656753540039,4111.0,11.534323692321777,536.0,0.0,0.0,0.0,0.0,0.0,0.0,12.589200973510742,18.52130126953125,10.719332695007324,0.28604745864868164,0.5551687479019165,85.73272705078125,3984.0,14.245750427246094,662.0,0.0,0.0,0.021519260480999947,1.0,0.0,0.0,0.9879710078239441,0.010618684813380241,0.11397372931241989,0.3907129764556885,0.4953133463859558,0.11597385257482529,0.11920291930437088,0.998769998550415,0.9420786499977112,0.2857142857142857,0.2982456088066101,0.2655388414859772,0.22994986176490784,0.2062656730413437
6,0.23708072762642907,9.273223876953125,14.227113723754883,7.924160957336426,0.5778667330741882,0.7606791853904724,91.90876007080078,17084.0,8.075102806091309,1501.0,0.0,0.0,0.016139443963766098,3.0,0.0,0.0,4.9879302978515625,7.153192043304443,4.316993713378906,0.8930584788322449,0.9454358220100403,99.05315399169922,4603.0,0.9038088917732239,42.0,0.0,0.0,0.04303852096199989,2.0,0.0,0.0,8.642807006835938,12.635367393493652,7.379308223724365,0.6669715642929077,0.8168054819107056,93.974609375,4367.0,6.025392532348633,280.0,0.0,0.0,0.0,0.0,0.0,0.0,11.013991355895996,16.191455841064453,9.384763717651367,0.45341140031814575,0.6751986742019653,88.9175796508789,4132.0,11.082419395446777,515.0,0.0,0.0,0.0,0.0,0.0,0.0,12.44816780090332,18.348268508911133,10.615579605102539,0.29932528734207153,0.561566174030304,85.689697265625,3982.0,14.288788795471191,664.0,0.0,0.0,0.021519260480999947,1.0,0.0,0.0,0.9854481220245361,0.010567466728389263,0.1491479128599167,0.4209738075733185,0.429878294467926,0.14842206239700317,0.11920291930437088,0.9981085658073425,0.9208630323410034,0.35714285714285715,0.28947368264198303,0.2610902190208435,0.23327067494392395,0.2161654233932495
7,0.2310165248266399,9.162063598632812,14.12830638885498,7.814457893371582,0.583709716796875,0.764551043510437,92.19389343261719,17137.0,7.789971828460693,1448.0,0.0,0.0,0.016139443963766098,3.0,0.0,0.0,4.81036901473999,6.805618762969971,4.156483173370361,0.9031985402107239,0.9505940675735474,99.44049835205078,4621.0,0.5164622068405151,24.0,0.0,0.0,0.04303852096199989,2.0,0.0,0.0,8.519774436950684,12.429756164550781,7.26481294631958,0.6777218580245972,0.8233417868614197,94.426513671875,4388.0,5.573488235473633,259.0,0.0,0.0,0.0,0.0,0.0,0.0,10.92286205291748,16.142662048339844,9.28342342376709,0.4567009210586548,0.6775622963905334,89.13277435302734,4142.0,10.867225646972656,505.0,0.0,0.0,0.0,0.0,0.0,0.0,12.395245552062988,18.3585262298584,10.553110122680664,0.2985416054725647,0.5592550039291382,85.77577209472656,3986.0,14.20271110534668,660.0,0.0,0.0,0.021519260480999947,1.0,0.0,0.0,0.9775394201278687,0.010562795214354992,0.16821466386318207,0.417562335729599,0.4142230451107025,0.16350774466991425,0.11920291930437088,0.9975824952125549,0.92690509557724,0.42857142857142855,0.28070175647735596,0.25664159655570984,0.23659147322177887,0.22606515884399414
8,0.22643553292218283,9.217609405517578,14.165863990783691,7.87075138092041,0.5814935564994812,0.7629225254058838,91.98407745361328,17098.0,8.00516414642334,1488.0,0.0,0.0,0.010759630240499973,2.0,0.0,0.0,4.750031471252441,6.678102016448975,4.099980354309082,0.9067921042442322,0.9525375366210938,99.44049835205078,4621.0,0.5379815101623535,25.0,0.0,0.0,0.021519260480999947,1.0,0.0,0.0,8.574821472167969,12.42603588104248,7.323211669921875,0.6779147982597351,0.8235856294631958,94.46954345703125,4390.0,5.530449867248535,257.0,0.0,0.0,0.0,0.0,0.0,0.0,11.006084442138672,16.22042465209961,9.3677978515625,0.4514538645744324,0.6733703017234802,88.85302734375,4129.0,11.146976470947266,518.0,0.0,0.0,0.0,0.0,0.0,0.0,12.539501190185547,18.454845428466797,10.692017555236816,0.29116183519363403,0.5511534214019775,85.17323303222656,3958.0,14.805251121520996,688.0,0.0,0.0,0.021519260480999947,1.0,0.0,0.0,0.9671996831893921,0.010606109164655209,0.1749534010887146,0.4354306757450104,0.3896159529685974,0.1726759821176529,0.11920291930437088,0.9965946674346924,0.9291440844535828,0.5,0.2719298303127289,0.25219297409057617,0.2399122714996338,0.23596492409706116
9,0.22219213626422205,9.225775718688965,14.102672576904297,7.920015811920166,0.5852189660072327,0.765312671661377,92.016357421875,17104.0,7.972885608673096,1482.0,0.0,0.0,0.010759630240499973,2.0,0.0,0.0,4.676916599273682,6.54031229019165,4.053239822387695,0.9105987548828125,0.9544193148612976,99.44049835205078,4621.0,0.5379815101623535,25.0,0.0,0.0,0.021519260480999947,1.0,0.0,0.0,8.586764335632324,12.312594413757324,7.374918460845947,0.6837688088417053,0.8271703124046326,94.66322326660156,4399.0,5.336776256561279,248.0,0.0,0.0,0.0,0.0,0.0,0.0,11.074853897094727,16.172931671142578,9.485430717468262,0.45466142892837524,0.6754473447799683,88.85302734375,4129.0,11.146976470947266,518.0,0.0,0.0,0.0,0.0,0.0,0.0,12.564566612243652,18.428298950195312,10.766470909118652,0.2931995391845703,0.5519722700119019,85.10867309570312,3955.0,14.8698091506958,691.0,0.0,0.0,0.021519260480999947,1.0,0.0,0.0,0.9644180536270142,0.010624419897794724,0.1843274086713791,0.43335992097854614,0.38231268525123596,0.1766967624425888,0.11920291930437088,0.9953336119651794,0.9161978363990784,0.5714285714285714,0.2631579041481018,0.2477443516254425,0.2432330846786499,0.24586467444896698
10,0.21791436472484527,9.210542678833008,14.102813720703125,7.908080577850342,0.5852106809616089,0.7651532888412476,91.9571762084961,17093.0,8.032063484191895,1493.0,0.0,0.0,0.010759630240499973,2.0,0.0,0.0,4.6107659339904785,6.469050407409668,3.988109827041626,0.9125363230705261,0.9554531574249268,99.50505828857422,4624.0,0.47342371940612793,22.0,0.0,0.0,0.021519260480999947,1.0,0.0,0.0,8.532098770141602,12.274566650390625,7.318480491638184,0.6857191324234009,0.828437328338623,94.74929809570312,4403.0,5.250699520111084,244.0,0.0,0.0,0.0,0.0,0.0,0.0,11.074268341064453,16.184085845947266,9.484179496765137,0.45390892028808594,0.6743379235267639,89.003662109375,4136.0,10.996341705322266,511.0,0.0,0.0,0.0,0.0,0.0,0.0,12.625035285949707,18.469409942626953,10.841551780700684,0.290042519569397,0.5472401976585388,84.57068634033203,3930.0,15.407790184020996,716.0,0.0,0.0,0.021519260480999947,1.0,0.0,0.0,0.9642982482910156,0.010614471510052681,0.2242860496044159,0.4606814384460449,0.31503257155418396,0.17816972732543945,0.11920291930437088,0.9932833313941956,0.9172163009643555,0.6428571428571429,0.25438597798347473,0.24329572916030884,0.24655388295650482,0.2557644248008728
11,0.21421116522385047,9.296178817749023,14.26778793334961,7.964663982391357,0.5754495859146118,0.7588234543800354,91.76350402832031,17057.0,8.225736618041992,1529.0,0.0,0.0,0.010759630240499973,2.0,0.0,0.0,4.625122547149658,6.50382137298584,3.993417739868164,0.9115936160087585,0.9549853205680847,99.50505828857422,4624.0,0.47342371940612793,22.0,0.0,0.0,0.021519260480999947,1.0,0.0,0.0,8.624297142028809,12.430646896362305,7.383938789367676,0.677675724029541,0.8235768675804138,94.31891632080078,4383.0,5.681084632873535,264.0,0.0,0.0,0.0,0.0,0.0,0.0,11.220972061157227,16.435251235961914,9.591817855834961,0.43682754039764404,0.6618438959121704,88.59479522705078,4117.0,11.405207633972168,530.0,0.0,0.0,0.0,0.0,0.0,0.0,12.714327812194824,18.637083053588867,10.889483451843262,0.27709341049194336,0.537759006023407,84.63524627685547,3933.0,15.343232154846191,713.0,0.0,0.0,0.021519260480999947,1.0,0.0,0.0,0.9605344533920288,0.01061193086206913,0.20256130397319794,0.4926644265651703,0.3047742545604706,0.17640839517116547,0.11920291930437088,0.9934560656547546,0.9184033274650574,0.7142857142857143,0.24561403691768646,0.23884710669517517,0.24987469613552094,0.26566416025161743
12,0.20733899115393795,9.454522132873535,14.44649887084961,8.1298246383667,0.5647475719451904,0.7519609928131104,91.27394104003906,16966.0,8.709919929504395,1619.0,0.0,0.0,0.016139443963766098,3.0,0.0,0.0,4.6449689865112305,6.530401229858398,4.021285533905029,0.9108694791793823,0.9545760154724121,99.44049835205078,4621.0,0.5379815101623535,25.0,0.0,0.0,0.021519260480999947,1.0,0.0,0.0,8.77741813659668,12.556219100952148,7.542024612426758,0.6711306571960449,0.8194946050643921,94.25435638427734,4380.0,5.724123001098633,266.0,0.0,0.0,0.021519260480999947,1.0,0.0,0.0,11.450909614562988,16.661785125732422,9.82455062866211,0.4211956858634949,0.6507593989372253,87.73401641845703,4077.0,12.26597785949707,570.0,0.0,0.0,0.0,0.0,0.0,0.0,12.944791793823242,18.89141082763672,11.131441116333008,0.2572287321090698,0.52249675989151,83.66687774658203,3888.0,16.311599731445312,758.0,0.0,0.0,0.021519260480999947,1.0,0.0,0.0,0.9564104080200195,0.010615052655339241,0.19883345067501068,0.47013935446739197,0.33102723956108093,0.17706143856048584,0.11920291930437088,0.9896771907806396,0.9265252351760864,0.7857142857142857,0.23684212565422058,0.2343984991312027,0.25319552421569824,0.27556392550468445
13,0.20326824269404709,9.592194557189941,14.64891242980957,8.261582374572754,0.5524652004241943,0.7441420555114746,90.68754577636719,16857.0,9.3016996383667,1729.0,0.0,0.0,0.010759630240499973,2.0,0.0,0.0,4.628450393676758,6.537692546844482,3.999424695968628,0.9106703996658325,0.9545772075653076,99.50505828857422,4624.0,0.47342371940612793,22.0,0.0,0.0,0.021519260480999947,1.0,0.0,0.0,8.871598243713379,12.73876953125,7.621859073638916,0.6614985466003418,0.8135020136833191,93.7378921508789,4356.0,6.262104034423828,291.0,0.0,0.0,0.0,0.0,0.0,0.0,11.676309585571289,16.924190521240234,10.045492172241211,0.4028209447860718,0.6381934881210327,86.61502075195312,4025.0,13.384980201721191,622.0,0.0,0.0,0.0,0.0,0.0,0.0,13.192420959472656,19.155065536499023,11.379554748535156,0.23635131120681763,0.5083523392677307,82.8921890258789,3852.0,17.086292266845703,794.0,0.0,0.0,0.021519260480999947,1.0,0.0,0.0,0.9551384449005127,0.010618318803608418,0.20261505246162415,0.4517732858657837,0.34561166167259216,0.1750388890504837,0.11920291930437088,0.9887741208076477,0.9411392211914062,0.8571428571428571,0.22807016968727112,0.22994986176490784,0.25651630759239197,0.2854636609554291
14,0.19599587272111155,9.75393009185791,14.938201904296875,8.405031204223633,0.5346146821975708,0.7337985634803772,90.27330017089844,16780.0,9.710565567016602,1805.0,0.0,0.0,0.016139443963766098,3.0,0.0,0.0,4.659244537353516,6.606690406799316,4.02673864364624,0.9087748527526855,0.9534297585487366,99.46202087402344,4622.0,0.5164622068405151,24.0,0.0,0.0,0.021519260480999947,1.0,0.0,0.0,8.998697280883789,12.975781440734863,7.740253448486328,0.6487853527069092,0.8054803609848022,92.94168090820312,4319.0,7.036797523498535,327.0,0.0,0.0,0.021519260480999947,1.0,0.0,0.0,11.878578186035156,17.265518188476562,10.219861030578613,0.3784902095794678,0.623650312423706,86.31375122070312,4011.0,13.686248779296875,636.0,0.0,0.0,0.0,0.0,0.0,0.0,13.479199409484863,19.55714988708496,11.633270263671875,0.20395541191101074,0.491141140460968,82.375732421875,3828.0,17.602754592895508,818.0,0.0,0.0,0.021519260480999947,1.0,0.0,0.0,0.9544045925140381,0.010633519850671291,0.19868682324886322,0.470235675573349,0.33107754588127136,0.18820416927337646,0.11920291930437088,0.9882888793945312,0.9415398836135864,0.9285714285714286,0.21929824352264404,0.22550123929977417,0.2598370909690857,0.2953633964061737
15,0.18914687589361204,9.855961799621582,15.060383796691895,8.473733901977539,0.526970624923706,0.7298380136489868,90.11727905273438,16751.0,9.871960639953613,1835.0,0.0,0.0,0.010759630240499973,2.0,0.0,0.0,4.688641548156738,6.648926258087158,4.049111843109131,0.9076047539710999,0.952796995639801,99.46202087402344,4622.0,0.5164622068405151,24.0,0.0,0.0,0.021519260480999947,1.0,0.0,0.0,9.068997383117676,13.064167022705078,7.780487060546875,0.6439844369888306,0.8026484847068787,93.07080078125,4325.0,6.929201602935791,322.0,0.0,0.0,0.0,0.0,0.0,0.0,12.041232109069824,17.447538375854492,10.342219352722168,0.36531680822372437,0.6168946027755737,85.81880950927734,3988.0,14.181192398071289,659.0,0.0,0.0,0.0,0.0,0.0,0.0,13.62497329711914,19.6967830657959,11.72311782836914,0.19254761934280396,0.4869690239429474,82.11750030517578,3816.0,17.860986709594727,830.0,0.0,0.0,0.021519260480999947,1.0,0.0,0.0,0.9530905485153198,0.010647018440067768,0.18719497323036194,0.45688989758491516,0.3559151589870453,0.19575954973697662,0.11920291930437088,0.9858031868934631,0.9491289854049683,1.0,0.21052631735801697,0.2210526168346405,0.2631579041481018,0.3052631616592407
16,0.18044200424094597,9.780353546142578,15.061832427978516,8.382254600524902,0.526879608631134,0.730273425579071,90.36475372314453,16797.0,9.624488830566406,1789.0,0.0,0.0,0.010759630240499973,2.0,0.0,0.0,4.6601386070251465,6.627511024475098,4.020957946777344,0.9081990122795105,0.9531254768371582,99.52658081054688,4625.0,0.45190444588661194,21.0,0.0,0.0,0.021519260480999947,1.0,0.0,0.0,9.034965515136719,13.101668357849121,7.731220245361328,0.6419374942779541,0.8014687299728394,92.87712860107422,4316.0,7.122875213623047,331.0,0.0,0.0,0.0,0.0,0.0,0.0,11.93916130065918,17.447978973388672,10.215774536132812,0.3652847409248352,0.6186392307281494,86.1416015625,4003.0,13.858403205871582,644.0,0.0,0.0,0.0,0.0,0.0,0.0,13.487146377563477,19.683130264282227,11.561065673828125,0.19366669654846191,0.4908103048801422,82.91371154785156,3853.0,17.06477165222168,793.0,0.0,0.0,0.021519260480999947,1.0,0.0,0.0,0.9513094425201416,0.010664441622793674,0.20510433614253998,0.4264829158782959,0.3684127926826477,0.2029315084218979,0.11920291930437088,0.9849644303321838,0.9526529312133789,1.0,0.21052631735801697,0.2210526168346405,0.2631579041481018,0.3052631616592407
17,0.17077398293645796,10.000077247619629,15.406734466552734,8.596173286437988,0.5049635171890259,0.7168192863464355,89.6976547241211,16673.0,10.291585922241211,1913.0,0.0,0.0,0.010759630240499973,2.0,0.0,0.0,4.705666542053223,6.704290390014648,4.057282447814941,0.9060596227645874,0.9519872069358826,99.44049835205078,4621.0,0.5379815101623535,25.0,0.0,0.0,0.021519260480999947,1.0,0.0,0.0,9.200275421142578,13.383338928222656,7.8847126960754395,0.626376211643219,0.7918480038642883,92.46826171875,4297.0,7.531741142272949,350.0,0.0,0.0,0.0,0.0,0.0,0.0,12.263764381408691,17.895401000976562,10.535811424255371,0.3323150873184204,0.5966687202453613,85.38842010498047,3968.0,14.611577987670898,679.0,0.0,0.0,0.0,0.0,0.0,0.0,13.830601692199707,20.128665924072266,11.906888008117676,0.1567501425743103,0.4675043821334839,81.49343872070312,3787.0,18.485044479370117,859.0,0.0,0.0,0.021519260480999947,1.0,0.0,0.0,0.9488399028778076,0.01068379357457161,0.21873284876346588,0.42686977982521057,0.35439741611480713,0.2109972983598709,0.11920291930437088,0.9839860796928406,0.9568126797676086,1.0,0.21052631735801697,0.2210526168346405,0.2631579041481018,0.3052631616592407
step,fold8/test_loss,fold8/test_mae,fold8/test_rmse,fold8/test_mard,fold8/test_r2,fold8/test_pearson,fold8/test_ega_zone_a_pct,fold8/test_ega_zone_a_count,fold8/test_ega_zone_b_pct,fold8/test_ega_zone_b_count,fold8/test_ega_zone_c_pct,fold8/test_ega_zone_c_count,fold8/test_ega_zone_d_pct,fold8/test_ega_zone_d_count,fold8/test_ega_zone_e_pct,fold8/test_ega_zone_e_count,fold8/test_horizon_15_mae,fold8/test_horizon_15_rmse,fold8/test_horizon_15_mard,fold8/test_horizon_15_r2,fold8/test_horizon_15_pearson,fold8/test_horizon_15_ega_zone_a_pct,fold8/test_horizon_15_ega_zone_a_count,fold8/test_horizon_15_ega_zone_b_pct,fold8/test_horizon_15_ega_zone_b_count,fold8/test_horizon_15_ega_zone_c_pct,fold8/test_horizon_15_ega_zone_c_count,fold8/test_horizon_15_ega_zone_d_pct,fold8/test_horizon_15_ega_zone_d_count,fold8/test_horizon_15_ega_zone_e_pct,fold8/test_horizon_15_ega_zone_e_count,fold8/test_horizon_30_mae,fold8/test_horizon_30_rmse,fold8/test_horizon_30_mard,fold8/test_horizon_30_r2,fold8/test_horizon_30_pearson,fold8/test_horizon_30_ega_zone_a_pct,fold8/test_horizon_30_ega_zone_a_count,fold8/test_horizon_30_ega_zone_b_pct,fold8/test_horizon_30_ega_zone_b_count,fold8/test_horizon_30_ega_zone_c_pct,fold8/test_horizon_30_ega_zone_c_count,fold8/test_horizon_30_ega_zone_d_pct,fold8/test_horizon_30_ega_zone_d_count,fold8/test_horizon_30_ega_zone_e_pct,fold8/test_horizon_30_ega_zone_e_count,fold8/test_horizon_45_mae,fold8/test_horizon_45_rmse,fold8/test_horizon_45_mard,fold8/test_horizon_45_r2,fold8/test_horizon_45_pearson,fold8/test_horizon_45_ega_zone_a_pct,fold8/test_horizon_45_ega_zone_a_count,fold8/test_horizon_45_ega_zone_b_pct,fold8/test_horizon_45_ega_zone_b_count,fold8/test_horizon_45_ega_zone_c_pct,fold8/test_horizon_45_ega_zone_c_count,fold8/test_horizon_45_ega_zone_d_pct,fold8/test_horizon_45_ega_zone_d_count,fold8/test_horizon_45_ega_zone_e_pct,fold8/test_horizon_45_ega_zone_e_count,fold8/test_horizon_60_mae,fold8/test_horizon_60_rmse,fold8/test_horizon_60_mard,fold8/test_horizon_60_r2,fold8/test_horizon_60_pearson,fold8/test_horizon_60_ega_zone_a_pct,fold8/test_horizon_60_ega_zone_a_count,fold8/test_horizon_60_ega_zone_b_pct,fold8/test_horizon_60_ega_zone_b_count,fold8/test_horizon_60_ega_zone_c_pct,fold8/test_horizon_60_ega_zone_c_count,fold8/test_horizon_60_ega_zone_d_pct,fold8/test_horizon_60_ega_zone_d_count,fold8/test_horizon_60_ega_zone_e_pct,fold8/test_horizon_60_ega_zone_e_count
0,0.24981475188470012,9.599369049072266,13.909195899963379,8.726673126220703,0.40456390380859375,0.6641415357589722,89.00524139404297,6800.0,10.287958145141602,786.0,0.0,0.0,0.7068062424659729,54.0,0.0,0.0,6.020752429962158,8.563765525817871,5.529364585876465,0.7740960121154785,0.8847438097000122,97.06806182861328,1854.0,2.6701571941375732,51.0,0.0,0.0,0.26178011298179626,5.0,0.0,0.0,9.664325714111328,13.670952796936035,8.777766227722168,0.42723339796066284,0.6815580129623413,88.952880859375,1699.0,10.314135551452637,197.0,0.0,0.0,0.7329843044281006,14.0,0.0,0.0,11.018208503723145,15.517316818237305,10.01994800567627,0.2590741515159607,0.5618401765823364,85.49737548828125,1633.0,13.560210227966309,259.0,0.0,0.0,0.9424083828926086,18.0,0.0,0.0,11.694191932678223,16.51795196533203,10.57961368560791,0.15710234642028809,0.47991612553596497,84.50261688232422,1614.0,14.607329368591309,279.0,0.0,0.0,0.890052318572998,17.0,0.0,0.0
step,fold9/train_loss,fold9/val_mae,fold9/val_rmse,fold9/val_mard,fold9/val_r2,fold9/val_pearson,fold9/val_ega_zone_a_pct,fold9/val_ega_zone_a_count,fold9/val_ega_zone_b_pct,fold9/val_ega_zone_b_count,fold9/val_ega_zone_c_pct,fold9/val_ega_zone_c_count,fold9/val_ega_zone_d_pct,fold9/val_ega_zone_d_count,fold9/val_ega_zone_e_pct,fold9/val_ega_zone_e_count,fold9/val_horizon_15_mae,fold9/val_horizon_15_rmse,fold9/val_horizon_15_mard,fold9/val_horizon_15_r2,fold9/val_horizon_15_pearson,fold9/val_horizon_15_ega_zone_a_pct,fold9/val_horizon_15_ega_zone_a_count,fold9/val_horizon_15_ega_zone_b_pct,fold9/val_horizon_15_ega_zone_b_count,fold9/val_horizon_15_ega_zone_c_pct,fold9/val_horizon_15_ega_zone_c_count,fold9/val_horizon_15_ega_zone_d_pct,fold9/val_horizon_15_ega_zone_d_count,fold9/val_horizon_15_ega_zone_e_pct,fold9/val_horizon_15_ega_zone_e_count,fold9/val_horizon_30_mae,fold9/val_horizon_30_rmse,fold9/val_horizon_30_mard,fold9/val_horizon_30_r2,fold9/val_horizon_30_pearson,fold9/val_horizon_30_ega_zone_a_pct,fold9/val_horizon_30_ega_zone_a_count,fold9/val_horizon_30_ega_zone_b_pct,fold9/val_horizon_30_ega_zone_b_count,fold9/val_horizon_30_ega_zone_c_pct,fold9/val_horizon_30_ega_zone_c_count,fold9/val_horizon_30_ega_zone_d_pct,fold9/val_horizon_30_ega_zone_d_count,fold9/val_horizon_30_ega_zone_e_pct,fold9/val_horizon_30_ega_zone_e_count,fold9/val_horizon_45_mae,fold9/val_horizon_45_rmse,fold9/val_horizon_45_mard,fold9/val_horizon_45_r2,fold9/val_horizon_45_pearson,fold9/val_horizon_45_ega_zone_a_pct,fold9/val_horizon_45_ega_zone_a_count,fold9/val_horizon_45_ega_zone_b_pct,fold9/val_horizon_45_ega_zone_b_count,fold9/val_horizon_45_ega_zone_c_pct,fold9/val_horizon_45_ega_zone_c_count,fold9/val_horizon_45_ega_zone_d_pct,fold9/val_horizon_45_ega_zone_d_count,fold9/val_horizon_45_ega_zone_e_pct,fold9/val_horizon_45_ega_zone_e_count,fold9/val_horizon_60_mae,fold9/val_horizon_60_rmse,fold9/val_horizon_60_mard,fold9/val_horizon_60_r2,fold9/val_horizon_60_pearson,fold9/val_horizon_60_ega_zone_a_pct,fold9/val_horizon_60_ega_zone_a_count,fold9/val_horizon_60_ega_zone_b_pct,fold9/val_horizon_60_ega_zone_b_count,fold9/val_horizon_60_ega_zone_c_pct,fold9/val_horizon_60_ega_zone_c_count,fold9/val_horizon_60_ega_zone_d_pct,fold9/val_horizon_60_ega_zone_d_count,fold9/val_horizon_60_ega_zone_e_pct,fold9/val_horizon_60_ega_zone_e_count,fold9/diag_graph_prior_weight,fold9/diag_graph_residual_mean,fold9/diag_fusion_gate_cgm,fold9/diag_fusion_gate_cgm_guided,fold9/diag_fusion_gate_physio,fold9/diag_horizon_query_similarity,fold9/diag_horizon_progressive_gate,fold9/diag_horizon_attention_similarity,fold9/diag_horizon_attention_entropy,fold9/diag_horizon_curriculum_progress,fold9/diag_loss_horizon_weight_0,fold9/diag_loss_horizon_weight_1,fold9/diag_loss_horizon_weight_2,fold9/diag_loss_horizon_weight_3
1,0.24783856271920587,12.695856094360352,20.285297393798828,11.308784484863281,0.34326785802841187,0.6446378231048584,83.30989837646484,11850.0,15.677727699279785,2230.0,0.007030371576547623,1.0,1.0053430795669556,143.0,0.0,0.0,7.293813705444336,11.068788528442383,6.47904634475708,0.8051478862762451,0.8989793062210083,94.68504333496094,3367.0,4.865016937255859,173.0,0.0,0.0,0.44994378089904785,16.0,0.0,0.0,11.848657608032227,18.127958297729492,10.47110652923584,0.47611308097839355,0.718018114566803,84.7581558227539,3014.0,14.341958045959473,510.0,0.0,0.0,0.8998875617980957,32.0,0.0,0.0,14.794681549072266,22.70012664794922,13.159513473510742,0.17570990324020386,0.5464465618133545,78.68391418457031,2798.0,20.078739166259766,714.0,0.0,0.0,1.2373453378677368,44.0,0.0,0.0,16.846267700195312,26.067920684814453,15.125471115112305,-0.08705759048461914,0.39305371046066284,75.11248779296875,2671.0,23.425195693969727,833.0,0.02812148630619049,1.0,1.434195637702942,51.0,0.0,0.0,1.002736210823059,0.011575744487345219,0.709497332572937,0.18199259042739868,0.1085100769996643,0.05568961426615715,0.11920291930437088,0.9998975396156311,0.9999854564666748,0.0,0.3333333432674408,0.28333333134651184,0.21666665375232697,0.1666666716337204
2,0.24444058751674835,12.502314567565918,19.90931510925293,11.141644477844238,0.3673868775367737,0.646820068359375,83.7739028930664,11916.0,15.199663162231445,2162.0,0.0,0.0,1.0264341831207275,146.0,0.0,0.0,7.2525858879089355,10.98517894744873,6.452876091003418,0.8080804347991943,0.8995839357376099,94.88188934326172,3374.0,4.640045166015625,165.0,0.0,0.0,0.47806525230407715,17.0,0.0,0.0,11.747947692871094,17.901031494140625,10.389060974121094,0.4891471266746521,0.7176260948181152,85.26434326171875,3032.0,13.807648658752441,491.0,0.0,0.0,0.928009033203125,33.0,0.0,0.0,14.550063133239746,22.283409118652344,12.95042896270752,0.20569592714309692,0.5449967384338379,79.13385772705078,2814.0,19.60067367553711,697.0,0.0,0.0,1.2654668092727661,45.0,0.0,0.0,16.458662033081055,25.452938079833984,14.774210929870605,-0.03637194633483887,0.3916180729866028,75.81552124023438,2696.0,22.750280380249023,809.0,0.0,0.0,1.434195637702942,51.0,0.0,0.0,1.0048003196716309,0.010706993751227856,0.3454431891441345,0.5053611993789673,0.14919570088386536,0.052913766354322433,0.11920291930437088,0.9984470009803772,0.9997478127479553,0.07142857142857142,0.3245614171028137,0.2788847088813782,0.21998745203018188,0.17656642198562622
3,0.24351285129781375,12.46703052520752,19.841693878173828,11.125000953674316,0.3716769814491272,0.6447560787200928,84.24493408203125,11983.0,14.714567184448242,2093.0,0.007030371576547623,1.0,1.0194038152694702,145.0,0.014060743153095245,2.0,7.269745349884033,10.965204238891602,6.474811553955078,0.8087778091430664,0.8997867703437805,94.99437713623047,3378.0,4.527559280395508,161.0,0.0,0.0,0.47806525230407715,17.0,0.0,0.0,11.750150680541992,17.85462760925293,10.409649848937988,0.4917922019958496,0.7160730361938477,85.3768310546875,3036.0,13.667040824890137,486.0,0.0,0.0,0.9561305046081543,34.0,0.0,0.0,14.473932266235352,22.17363929748535,12.910382270812988,0.21350228786468506,0.5403199195861816,79.97750091552734,2844.0,18.757030487060547,667.0,0.0,0.0,1.2654668092727661,45.0,0.0,0.0,16.374292373657227,25.37868309020996,14.705159187316895,-0.030333757400512695,0.38212230801582336,76.63104248046875,2725.0,21.90663719177246,779.0,0.02812148630619049,1.0,1.3779526948928833,49.0,0.05624297261238098,2.0,1.0064947605133057,0.010148029774427414,0.41637012362480164,0.4304443299770355,0.15318553149700165,0.06397544592618942,0.11920291930437088,0.9963652491569519,0.9951605200767517,0.14285714285714285,0.31578949093818665,0.2744360864162445,0.223308265209198,0.18646617233753204
4,0.2418941174886671,12.428936958312988,19.895715713500977,11.096975326538086,0.36825090646743774,0.643003523349762,84.28711700439453,11989.0,14.672385215759277,2087.0,0.007030371576547623,1.0,1.0194038152694702,145.0,0.014060743153095245,2.0,7.2184648513793945,10.910140991210938,6.430355548858643,0.8106934428215027,0.900989294052124,95.02249908447266,3379.0,4.4994378089904785,160.0,0.0,0.0,0.47806525230407715,17.0,0.0,0.0,11.738092422485352,17.890628814697266,10.392853736877441,0.48974066972732544,0.7149538397789001,85.5174331665039,3041.0,13.526433944702148,481.0,0.0,0.0,0.9561305046081543,34.0,0.0,0.0,14.438770294189453,22.264127731323242,12.881776809692383,0.20706993341445923,0.5360990762710571,79.8368911743164,2839.0,18.89763832092285,672.0,0.0,0.0,1.2654668092727661,45.0,0.0,0.0,16.32042121887207,25.466861724853516,14.682914733886719,-0.03750598430633545,0.3768686354160309,76.77165222167969,2730.0,21.766029357910156,774.0,0.02812148630619049,1.0,1.3779526948928833,49.0,0.05624297261238098,2.0,0.9989866018295288,0.009921769611537457,0.6571988463401794,0.26955652236938477,0.0732445940375328,0.08188885450363159,0.11920291930437088,0.9990436434745789,0.9826979637145996,0.21428571428571427,0.30701756477355957,0.26998746395111084,0.22662906348705292,0.19636592268943787
5,0.23975703042684274,12.27771282196045,19.68690299987793,10.972855567932129,0.38144218921661377,0.6461623907089233,84.62457275390625,12037.0,14.334927558898926,2039.0,0.0,0.0,1.0264341831207275,146.0,0.014060743153095245,2.0,7.138559818267822,10.733511924743652,6.3735761642456055,0.8167733550071716,0.9040805101394653,95.19123077392578,3385.0,4.330708980560303,154.0,0.0,0.0,0.47806525230407715,17.0,0.0,0.0,11.635684967041016,17.753297805786133,10.315338134765625,0.4975442886352539,0.7168163657188416,85.91114044189453,3055.0,13.132733345031738,467.0,0.0,0.0,0.9561305046081543,34.0,0.0,0.0,14.270550727844238,22.075008392333984,12.74113655090332,0.220483660697937,0.5361124873161316,80.17434692382812,2851.0,18.532058715820312,659.0,0.0,0.0,1.2935882806777954,46.0,0.0,0.0,16.06605339050293,25.151596069335938,14.461376190185547,-0.011977553367614746,0.37569355964660645,77.22159576416016,2746.0,21.344207763671875,759.0,0.0,0.0,1.3779526948928833,49.0,0.05624297261238098,2.0,0.9976115226745605,0.009822235442698002,0.6999828219413757,0.215634286403656,0.08438295871019363,0.09128456562757492,0.11920291930437088,0.9975587725639343,0.9787166118621826,0.2857142857142857,0.2982456088066101,0.2655388414859772,0.22994986176490784,0.2062656730413437
6,0.2383287328362648,12.19978141784668,19.58154296875,10.902297973632812,0.3880452513694763,0.6511208415031433,84.80736541748047,12063.0,14.16619873046875,2015.0,0.007030371576547623,1.0,1.0053430795669556,143.0,0.014060743153095245,2.0,6.989817142486572,10.472493171691895,6.248251914978027,0.8255764245986938,0.9089198112487793,95.61305236816406,3400.0,3.9651293754577637,141.0,0.0,0.0,0.4218222498893738,15.0,0.0,0.0,11.559587478637695,17.6059627532959,10.241573333740234,0.5058493614196777,0.722270131111145,86.07986450195312,3061.0,12.964004516601562,461.0,0.0,0.0,0.9561305046081543,34.0,0.0,0.0,14.217599868774414,21.993846893310547,12.682602882385254,0.2262049913406372,0.5409337878227234,80.28683471679688,2855.0,18.447694778442383,656.0,0.0,0.0,1.2654668092727661,45.0,0.0,0.0,16.032119750976562,25.107263565063477,14.436767578125,-0.008413314819335938,0.38123461604118347,77.24971771240234,2747.0,21.2879638671875,757.0,0.02812148630619049,1.0,1.3779526948928833,49.0,0.05624297261238098,2.0,0.9957051277160645,0.009754546917974949,0.7616829872131348,0.1810479313135147,0.05726904794573784,0.10225698351860046,0.11920291930437088,0.9898192882537842,0.9729639887809753,0.35714285714285715,0.28947368264198303,0.2610902190208435,0.23327067494392395,0.2161654233932495
7,0.2381217681980941,12.058431625366211,19.33961296081543,10.76252269744873,0.40307313203811646,0.6571540236473083,85.03936767578125,12096.0,13.927165031433105,1981.0,0.007030371576547623,1.0,1.0264341831207275,146.0,0.0,0.0,6.739631175994873,9.990880966186523,6.052531719207764,0.8412504196166992,0.917309582233429,96.06299591064453,3416.0,3.5151853561401367,125.0,0.0,0.0,0.4218222498893738,15.0,0.0,0.0,11.431309700012207,17.311010360717773,10.12919807434082,0.522267758846283,0.7302978038787842,86.47356414794922,3075.0,12.542181968688965,446.0,0.0,0.0,0.9842519760131836,35.0,0.0,0.0,14.139801025390625,21.82827377319336,12.575955390930176,0.2378116250038147,0.5419538617134094,80.34307861328125,2857.0,18.391450881958008,654.0,0.0,0.0,1.2654668092727661,45.0,0.0,0.0,15.922979354858398,24.902217864990234,14.292409896850586,0.007990539073944092,0.3803922235965729,77.27783966064453,2748.0,21.259841918945312,756.0,0.02812148630619049,1.0,1.434195637702942,51.0,0.0,0.0,0.9960894584655762,0.009706739336252213,0.6522489190101624,0.2331736832857132,0.11457733064889908,0.12670572102069855,0.11920291930437088,0.9837709069252014,0.9638409614562988,0.42857142857142855,0.28070175647735596,0.25664159655570984,0.23659147322177887,0.22606515884399414
8,0.23412427366936844,11.816967964172363,18.95922088623047,10.54545783996582,0.4263242483139038,0.669879674911499,85.60179901123047,12176.0,13.378795623779297,1903.0,0.0,0.0,1.0194038152694702,145.0,0.0,0.0,6.410218715667725,9.513428688049316,5.760946750640869,0.856060802936554,0.9253286719322205,96.62542724609375,3436.0,2.98087739944458,106.0,0.0,0.0,0.3937007784843445,14.0,0.0,0.0,11.206888198852539,16.954471588134766,9.936834335327148,0.5417438745498657,0.7417460680007935,86.92350769042969,3091.0,12.092238426208496,430.0,0.0,0.0,0.9842519760131836,35.0,0.0,0.0,13.957119941711426,21.48378562927246,12.415873527526855,0.26167911291122437,0.553170919418335,81.07423400878906,2883.0,17.660293579101562,628.0,0.0,0.0,1.2654668092727661,45.0,0.0,0.0,15.693644523620605,24.460086822509766,14.068177223205566,0.04290342330932617,0.3916853666305542,77.78402709960938,2766.0,20.78177833557129,739.0,0.0,0.0,1.434195637702942,51.0,0.0,0.0,0.9932987689971924,0.009699033573269844,0.6079879403114319,0.2757268249988556,0.11628525704145432,0.1498386412858963,0.11920291930437088,0.9796697497367859,0.9535936713218689,0.5,0.2719298303127289,0.25219297409057617,0.2399122714996338,0.23596492409706116
9,0.23048234793766748,11.637441635131836,18.799320220947266,10.38401985168457,0.4359601140022278,0.6772318482398987,85.96737670898438,12228.0,13.020247459411621,1852.0,0.0,0.0,1.012373447418213,144.0,0.0,0.0,6.191801071166992,9.15717601776123,5.565334320068359,0.866639256477356,0.9310813546180725,96.82227325439453,3443.0,2.812148332595825,100.0,0.0,0.0,0.3655792772769928,13.0,0.0,0.0,11.06182861328125,16.684350967407227,9.814623832702637,0.5562295913696289,0.7515047788619995,87.37345123291016,3107.0,11.642293930053711,414.0,0.0,0.0,0.9842519760131836,35.0,0.0,0.0,13.805301666259766,21.354978561401367,12.27370834350586,0.2705059051513672,0.5613505244255066,81.52418518066406,2899.0,17.210350036621094,612.0,0.0,0.0,1.2654668092727661,45.0,0.0,0.0,15.49083423614502,24.400846481323242,13.88241958618164,0.04753386974334717,0.3969365060329437,78.14960479736328,2779.0,20.41619873046875,726.0,0.0,0.0,1.434195637702942,51.0,0.0,0.0,0.9937093257904053,0.00969031360000372,0.5218589305877686,0.3337043523788452,0.1444368064403534,0.1684304028749466,0.11920291930437088,0.989069938659668,0.9398590326309204,0.5714285714285714,0.2631579041481018,0.2477443516254425,0.2432330846786499,0.24586467444896698
10,0.22862943907315209,11.637738227844238,18.77788734436035,10.398577690124512,0.43724554777145386,0.6798980832099915,85.74943542480469,12197.0,13.245219230651855,1884.0,0.0,0.0,1.0053430795669556,143.0,0.0,0.0,6.122062683105469,8.99421501159668,5.5030317306518555,0.8713436126708984,0.9337530732154846,96.99100494384766,3449.0,2.6434195041656494,94.0,0.0,0.0,0.3655792772769928,13.0,0.0,0.0,11.043482780456543,16.62928581237793,9.811444282531738,0.5591539144515991,0.7548086643218994,87.20472717285156,3101.0,11.83914566040039,421.0,0.0,0.0,0.9561305046081543,34.0,0.0,0.0,13.829312324523926,21.33040428161621,12.321918487548828,0.272183895111084,0.5656754374504089,80.93363189697266,2878.0,17.800899505615234,633.0,0.0,0.0,1.2654668092727661,45.0,0.0,0.0,15.556092262268066,24.454463958740234,13.957919120788574,0.043343424797058105,0.3975470960140228,77.86839294433594,2769.0,20.697412490844727,736.0,0.0,0.0,1.434195637702942,51.0,0.0,0.0,0.9911601543426514,0.009702526032924652,0.5528485178947449,0.325982928276062,0.1211685985326767,0.1856711506843567,0.11920291930437088,0.9881415367126465,0.9348913431167603,0.6428571428571429,0.25438597798347473,0.24329572916030884,0.24655388295650482,0.2557644248008728
11,0.22614512256041577,11.552848815917969,18.62751579284668,10.289010047912598,0.4462224245071411,0.6839653253555298,86.17125701904297,12257.0,12.816366195678711,1823.0,0.0,0.0,1.012373447418213,144.0,0.0,0.0,6.070442199707031,8.864988327026367,5.451954364776611,0.8750140070915222,0.9357103109359741,97.01912689208984,3450.0,2.61529803276062,93.0,0.0,0.0,0.3655792772769928,13.0,0.0,0.0,10.98694896697998,16.50185775756836,9.746291160583496,0.5658844113349915,0.7581827640533447,87.5140609741211,3112.0,11.529808044433594,410.0,0.0,0.0,0.9561305046081543,34.0,0.0,0.0,13.747657775878906,21.193187713623047,12.203288078308105,0.2815176248550415,0.5681195855140686,81.58042907714844,2901.0,17.12598419189453,609.0,0.0,0.0,1.2935882806777954,46.0,0.0,0.0,15.406349182128906,24.24637222290039,13.75450325012207,0.059555113315582275,0.4009682834148407,78.57142639160156,2794.0,19.994375228881836,711.0,0.0,0.0,1.434195637702942,51.0,0.0,0.0,0.9894342422485352,0.009708152152597904,0.5375508069992065,0.36732998490333557,0.0951191782951355,0.19359557330608368,0.11920291930437088,0.9859094619750977,0.9386616945266724,0.7142857142857143,0.24561403691768646,0.23884710669517517,0.24987469613552094,0.26566416025161743
12,0.22350296701503988,11.54417896270752,18.59583282470703,10.232378005981445,0.4481046199798584,0.6854149103164673,85.98143768310547,12230.0,13.006186485290527,1850.0,0.0,0.0,1.012373447418213,144.0,0.0,0.0,6.047125816345215,8.830840110778809,5.420507907867432,0.8759750723838806,0.9362255930900574,97.10348510742188,3453.0,2.5309336185455322,90.0,0.0,0.0,0.3655792772769928,13.0,0.0,0.0,11.000190734863281,16.52073097229004,9.709711074829102,0.5648908019065857,0.7577423453330994,87.62654876708984,3116.0,11.389201164245605,405.0,0.0,0.0,0.9842519760131836,35.0,0.0,0.0,13.756828308105469,21.15731430053711,12.142415046691895,0.2839479446411133,0.5702802538871765,81.32733917236328,2892.0,17.40719985961914,619.0,0.0,0.0,1.2654668092727661,45.0,0.0,0.0,15.37257194519043,24.179946899414062,13.656880378723145,0.06470102071762085,0.40646323561668396,77.86839294433594,2769.0,20.697412490844727,736.0,0.0,0.0,1.434195637702942,51.0,0.0,0.0,0.9836835861206055,0.009732374921441078,0.5666272044181824,0.3635227084159851,0.0698501467704773,0.2026798129081726,0.11920291930437088,0.9792971611022949,0.938625693321228,0.7857142857142857,0.23684212565422058,0.2343984991312027,0.25319552421569824,0.27556392550468445
13,0.22104232700331186,11.677597999572754,18.843183517456055,10.352579116821289,0.433324933052063,0.6780728101730347,85.7424087524414,12196.0,13.245219230651855,1884.0,0.0,0.0,1.012373447418213,144.0,0.0,0.0,6.061917781829834,8.872964859008789,5.425373554229736,0.8747889995574951,0.9356546998023987,96.99100494384766,3449.0,2.6434195041656494,94.0,0.0,0.0,0.3655792772769928,13.0,0.0,0.0,11.106095314025879,16.689693450927734,9.800312042236328,0.5559452772140503,0.7531025409698486,87.68279266357422,3118.0,11.332958221435547,403.0,0.0,0.0,0.9842519760131836,35.0,0.0,0.0,13.938129425048828,21.45867156982422,12.307432174682617,0.26340430974960327,0.5598940253257751,80.65241241455078,2868.0,18.082115173339844,643.0,0.0,0.0,1.2654668092727661,45.0,0.0,0.0,15.604247093200684,24.546131134033203,13.877199172973633,0.03615802526473999,0.3941280245780945,77.64341735839844,2761.0,20.92238426208496,744.0,0.0,0.0,1.434195637702942,51.0,0.0,0.0,0.9781658053398132,0.009758922271430492,0.6281211376190186,0.3018142879009247,0.07006465643644333,0.20380310714244843,0.11920291930437088,0.9789726734161377,0.9401465654373169,0.8571428571428571,0.22807016968727112,0.22994986176490784,0.25651630759239197,0.2854636609554291
14,0.21844494277811224,11.681722640991211,18.7999324798584,10.348143577575684,0.4359234571456909,0.6803381443023682,85.65804290771484,12184.0,13.336613655090332,1897.0,0.0,0.0,1.0053430795669556,143.0,0.0,0.0,6.0518107414245605,8.831405639648438,5.420421123504639,0.8759591579437256,0.9362649917602539,97.01912689208984,3450.0,2.61529803276062,93.0,0.0,0.0,0.3655792772769928,13.0,0.0,0.0,11.077847480773926,16.619800567626953,9.777907371520996,0.5596567392349243,0.7558110952377319,87.59842681884766,3115.0,11.473565101623535,408.0,0.0,0.0,0.928009033203125,33.0,0.0,0.0,13.9495267868042,21.41366958618164,12.313881874084473,0.2664905786514282,0.563858687877655,80.79302215576172,2873.0,17.91338539123535,637.0,0.0,0.0,1.2935882806777954,46.0,0.0,0.0,15.647708892822266,24.515159606933594,13.880359649658203,0.03858870267868042,0.39795616269111633,77.22159576416016,2746.0,21.344207763671875,759.0,0.0,0.0,1.434195637702942,51.0,0.0,0.0,0.9777209758758545,0.009773438796401024,0.6184245347976685,0.30827414989471436,0.07330138981342316,0.20495186746120453,0.11920291930437088,0.9784419536590576,0.9440765976905823,0.9285714285714286,0.21929824352264404,0.22550123929977417,0.2598370909690857,0.2953633964061737
15,0.21526158738834356,11.76675796508789,18.927034378051758,10.406466484069824,0.42827045917510986,0.6763001084327698,85.59476470947266,12175.0,13.435038566589355,1911.0,0.0,0.0,0.9561305046081543,136.0,0.014060743153095245,2.0,6.075799465179443,8.874974250793457,5.429141044616699,0.8747323155403137,0.9356978535652161,97.07536315917969,3452.0,2.587176561355591,92.0,0.0,0.0,0.3374578058719635,12.0,0.0,0.0,11.183817863464355,16.760173797607422,9.844298362731934,0.5521868467330933,0.7517373561859131,87.20472717285156,3101.0,11.867266654968262,422.0,0.0,0.0,0.928009033203125,33.0,0.0,0.0,14.049520492553711,21.563756942749023,12.382638931274414,0.2561722993850708,0.5578015446662903,80.28683471679688,2855.0,18.503936767578125,658.0,0.0,0.0,1.2092238664627075,43.0,0.0,0.0,15.757892608642578,24.663053512573242,13.9697847366333,0.02695375680923462,0.39202040433883667,77.81214904785156,2767.0,20.78177833557129,739.0,0.0,0.0,1.349831223487854,48.0,0.05624297261238098,2.0,0.9766485691070557,0.009784266352653503,0.5816641449928284,0.33519652485847473,0.08313936740159988,0.20795004069805145,0.11920291930437088,0.9757747650146484,0.9439250230789185,1.0,0.21052631735801697,0.2210526168346405,0.2631579041481018,0.3052631616592407
16,0.2099790924171027,11.790982246398926,18.901308059692383,10.438215255737305,0.4298235774040222,0.6754870414733887,85.36979675292969,12143.0,13.65298080444336,1942.0,0.0,0.0,0.970191240310669,138.0,0.007030371576547623,1.0,6.048975467681885,8.812704086303711,5.409415245056152,0.8764839768409729,0.936535656452179,97.10348510742188,3453.0,2.5590550899505615,91.0,0.0,0.0,0.3374578058719635,12.0,0.0,0.0,11.192502975463867,16.724918365478516,9.867586135864258,0.554068922996521,0.7517034411430359,86.92350769042969,3091.0,12.148481369018555,432.0,0.0,0.0,0.928009033203125,33.0,0.0,0.0,14.112823486328125,21.571640014648438,12.448410034179688,0.2556282877922058,0.5540444254875183,80.34307861328125,2857.0,18.391450881958008,654.0,0.0,0.0,1.2654668092727661,45.0,0.0,0.0,15.809629440307617,24.623476028442383,14.027449607849121,0.03007417917251587,0.38817182183265686,77.1091079711914,2742.0,21.512935638427734,765.0,0.0,0.0,1.349831223487854,48.0,0.02812148630619049,1.0,0.9742847084999084,0.009798552840948105,0.5882254838943481,0.3296346366405487,0.08213996887207031,0.2040618658065796,0.11920291930437088,0.9737639427185059,0.9488126039505005,1.0,0.21052631735801697,0.2210526168346405,0.2631579041481018,0.3052631616592407
17,0.20386704753404422,11.87806510925293,18.984590530395508,10.49590015411377,0.4247879385948181,0.6726824045181274,85.20809936523438,12120.0,13.821708679199219,1966.0,0.0,0.0,0.970191240310669,138.0,0.0,0.0,6.040491580963135,8.781959533691406,5.400936603546143,0.8773442506790161,0.9370024800300598,97.10348510742188,3453.0,2.5590550899505615,91.0,0.0,0.0,0.3374578058719635,12.0,0.0,0.0,11.251873970031738,16.754545211791992,9.911372184753418,0.5524876117706299,0.7508357763290405,87.00787353515625,3094.0,12.064117431640625,429.0,0.0,0.0,0.928009033203125,33.0,0.0,0.0,14.22249698638916,21.704687118530273,12.519030570983887,0.24641793966293335,0.5486277937889099,79.92125701904297,2842.0,18.841394424438477,670.0,0.0,0.0,1.2373453378677368,44.0,0.0,0.0,15.997400283813477,24.753332138061523,14.152262687683105,0.019817054271697998,0.3817272484302521,76.79977416992188,2731.0,21.8222713470459,776.0,0.0,0.0,1.3779526948928833,49.0,0.0,0.0,0.9738348722457886,0.009812531992793083,0.558910071849823,0.34020689129829407,0.10088306665420532,0.20064371824264526,0.11920291930437088,0.9762672781944275,0.9537085294723511,1.0,0.21052631735801697,0.2210526168346405,0.2631579041481018,0.3052631616592407
18,0.19753463113712474,12.010396957397461,19.146926879882812,10.632424354553223,0.41490864753723145,0.6670876145362854,84.84954833984375,12069.0,14.194319725036621,2019.0,0.0,0.0,0.9561305046081543,136.0,0.0,0.0,6.045694828033447,8.805826187133789,5.410434246063232,0.8766766786575317,0.9366366267204285,97.15972900390625,3455.0,2.5590550899505615,91.0,0.0,0.0,0.2812148630619049,10.0,0.0,0.0,11.360525131225586,16.862438201904297,10.021439552307129,0.5467054843902588,0.747563362121582,86.44544219970703,3074.0,12.598424911499023,448.0,0.0,0.0,0.9561305046081543,34.0,0.0,0.0,14.418346405029297,21.90474510192871,12.71357250213623,0.23246198892593384,0.5402884483337402,79.55567932128906,2829.0,19.235095977783203,684.0,0.0,0.0,1.2092238664627075,43.0,0.0,0.0,16.217023849487305,24.994340896606445,14.384247779846191,0.000637352466583252,0.37083980441093445,76.23734283447266,2711.0,22.384700775146484,796.0,0.0,0.0,1.3779526948928833,49.0,0.0,0.0,0.9720475673675537,0.009823954664170742,0.5553960204124451,0.3363324999809265,0.1082715094089508,0.1959165334701538,0.11920291930437088,0.9691838622093201,0.9592782258987427,1.0,0.21052631735801697,0.2210526168346405,0.2631579041481018,0.3052631616592407
19,0.19064067701304452,12.09517765045166,19.257123947143555,10.713262557983398,0.4081544280052185,0.6640773415565491,84.84252166748047,12068.0,14.16619873046875,2015.0,0.0,0.0,0.9772216081619263,139.0,0.014060743153095245,2.0,6.035517692565918,8.811043739318848,5.400215148925781,0.8765305280685425,0.9365624189376831,97.07536315917969,3452.0,2.61529803276062,93.0,0.0,0.0,0.3093363344669342,11.0,0.0,0.0,11.430484771728516,16.940284729003906,10.079147338867188,0.542510449886322,0.7454184889793396,86.86726379394531,3089.0,12.176603317260742,433.0,0.0,0.0,0.9561305046081543,34.0,0.0,0.0,14.519400596618652,22.03489112854004,12.810473442077637,0.2233142852783203,0.5368013381958008,79.58380126953125,2830.0,19.15073013305664,681.0,0.0,0.0,1.2654668092727661,45.0,0.0,0.0,16.395309448242188,25.163532257080078,14.563215255737305,-0.012938380241394043,0.367231547832489,75.84364318847656,2697.0,22.722158432006836,808.0,0.0,0.0,1.3779526948928833,49.0,0.05624297261238098,2.0,0.9693338871002197,0.0098335649818182,0.5472790002822876,0.34870460629463196,0.10401635617017746,0.19457952678203583,0.11920291930437088,0.9697916507720947,0.9615246057510376,1.0,0.21052631735801697,0.2210526168346405,0.2631579041481018,0.3052631616592407
step,fold9/test_loss,fold9/test_mae,fold9/test_rmse,fold9/test_mard,fold9/test_r2,fold9/test_pearson,fold9/test_ega_zone_a_pct,fold9/test_ega_zone_a_count,fold9/test_ega_zone_b_pct,fold9/test_ega_zone_b_count,fold9/test_ega_zone_c_pct,fold9/test_ega_zone_c_count,fold9/test_ega_zone_d_pct,fold9/test_ega_zone_d_count,fold9/test_ega_zone_e_pct,fold9/test_ega_zone_e_count,fold9/test_horizon_15_mae,fold9/test_horizon_15_rmse,fold9/test_horizon_15_mard,fold9/test_horizon_15_r2,fold9/test_horizon_15_pearson,fold9/test_horizon_15_ega_zone_a_pct,fold9/test_horizon_15_ega_zone_a_count,fold9/test_horizon_15_ega_zone_b_pct,fold9/test_horizon_15_ega_zone_b_count,fold9/test_horizon_15_ega_zone_c_pct,fold9/test_horizon_15_ega_zone_c_count,fold9/test_horizon_15_ega_zone_d_pct,fold9/test_horizon_15_ega_zone_d_count,fold9/test_horizon_15_ega_zone_e_pct,fold9/test_horizon_15_ega_zone_e_count,fold9/test_horizon_30_mae,fold9/test_horizon_30_rmse,fold9/test_horizon_30_mard,fold9/test_horizon_30_r2,fold9/test_horizon_30_pearson,fold9/test_horizon_30_ega_zone_a_pct,fold9/test_horizon_30_ega_zone_a_count,fold9/test_horizon_30_ega_zone_b_pct,fold9/test_horizon_30_ega_zone_b_count,fold9/test_horizon_30_ega_zone_c_pct,fold9/test_horizon_30_ega_zone_c_count,fold9/test_horizon_30_ega_zone_d_pct,fold9/test_horizon_30_ega_zone_d_count,fold9/test_horizon_30_ega_zone_e_pct,fold9/test_horizon_30_ega_zone_e_count,fold9/test_horizon_45_mae,fold9/test_horizon_45_rmse,fold9/test_horizon_45_mard,fold9/test_horizon_45_r2,fold9/test_horizon_45_pearson,fold9/test_horizon_45_ega_zone_a_pct,fold9/test_horizon_45_ega_zone_a_count,fold9/test_horizon_45_ega_zone_b_pct,fold9/test_horizon_45_ega_zone_b_count,fold9/test_horizon_45_ega_zone_c_pct,fold9/test_horizon_45_ega_zone_c_count,fold9/test_horizon_45_ega_zone_d_pct,fold9/test_horizon_45_ega_zone_d_count,fold9/test_horizon_45_ega_zone_e_pct,fold9/test_horizon_45_ega_zone_e_count,fold9/test_horizon_60_mae,fold9/test_horizon_60_rmse,fold9/test_horizon_60_mard,fold9/test_horizon_60_r2,fold9/test_horizon_60_pearson,fold9/test_horizon_60_ega_zone_a_pct,fold9/test_horizon_60_ega_zone_a_count,fold9/test_horizon_60_ega_zone_b_pct,fold9/test_horizon_60_ega_zone_b_count,fold9/test_horizon_60_ega_zone_c_pct,fold9/test_horizon_60_ega_zone_c_count,fold9/test_horizon_60_ega_zone_d_pct,fold9/test_horizon_60_ega_zone_d_count,fold9/test_horizon_60_ega_zone_e_pct,fold9/test_horizon_60_ega_zone_e_count
0,0.30876336709017455,10.624983787536621,17.014999389648438,8.037513732910156,0.4569591283798218,0.7001614570617676,90.71704864501953,7515.0,9.282955169677734,769.0,0.0,0.0,0.0,0.0,0.0,0.0,4.906310081481934,6.941931247711182,3.809225559234619,0.9096204042434692,0.9548740386962891,99.42057037353516,2059.0,0.5794302225112915,12.0,0.0,0.0,0.0,0.0,0.0,0.0,9.633684158325195,14.329506874084473,7.325543403625488,0.6146693825721741,0.7942080497741699,93.1434097290039,1929.0,6.85659122467041,142.0,0.0,0.0,0.0,0.0,0.0,0.0,12.917530059814453,19.623823165893555,9.72243881225586,0.27758151292800903,0.5810947418212891,86.91453552246094,1800.0,13.085466384887695,271.0,0.0,0.0,0.0,0.0,0.0,0.0,15.042413711547852,22.790813446044922,11.292844772338867,0.026133954524993896,0.4037330448627472,83.3896713256836,1727.0,16.610332489013672,344.0,0.0,0.0,0.0,0.0,0.0,0.0
step,fold10/train_loss,fold10/val_mae,fold10/val_rmse,fold10/val_mard,fold10/val_r2,fold10/val_pearson,fold10/val_ega_zone_a_pct,fold10/val_ega_zone_a_count,fold10/val_ega_zone_b_pct,fold10/val_ega_zone_b_count,fold10/val_ega_zone_c_pct,fold10/val_ega_zone_c_count,fold10/val_ega_zone_d_pct,fold10/val_ega_zone_d_count,fold10/val_ega_zone_e_pct,fold10/val_ega_zone_e_count,fold10/val_horizon_15_mae,fold10/val_horizon_15_rmse,fold10/val_horizon_15_mard,fold10/val_horizon_15_r2,fold10/val_horizon_15_pearson,fold10/val_horizon_15_ega_zone_a_pct,fold10/val_horizon_15_ega_zone_a_count,fold10/val_horizon_15_ega_zone_b_pct,fold10/val_horizon_15_ega_zone_b_count,fold10/val_horizon_15_ega_zone_c_pct,fold10/val_horizon_15_ega_zone_c_count,fold10/val_horizon_15_ega_zone_d_pct,fold10/val_horizon_15_ega_zone_d_count,fold10/val_horizon_15_ega_zone_e_pct,fold10/val_horizon_15_ega_zone_e_count,fold10/val_horizon_30_mae,fold10/val_horizon_30_rmse,fold10/val_horizon_30_mard,fold10/val_horizon_30_r2,fold10/val_horizon_30_pearson,fold10/val_horizon_30_ega_zone_a_pct,fold10/val_horizon_30_ega_zone_a_count,fold10/val_horizon_30_ega_zone_b_pct,fold10/val_horizon_30_ega_zone_b_count,fold10/val_horizon_30_ega_zone_c_pct,fold10/val_horizon_30_ega_zone_c_count,fold10/val_horizon_30_ega_zone_d_pct,fold10/val_horizon_30_ega_zone_d_count,fold10/val_horizon_30_ega_zone_e_pct,fold10/val_horizon_30_ega_zone_e_count,fold10/val_horizon_45_mae,fold10/val_horizon_45_rmse,fold10/val_horizon_45_mard,fold10/val_horizon_45_r2,fold10/val_horizon_45_pearson,fold10/val_horizon_45_ega_zone_a_pct,fold10/val_horizon_45_ega_zone_a_count,fold10/val_horizon_45_ega_zone_b_pct,fold10/val_horizon_45_ega_zone_b_count,fold10/val_horizon_45_ega_zone_c_pct,fold10/val_horizon_45_ega_zone_c_count,fold10/val_horizon_45_ega_zone_d_pct,fold10/val_horizon_45_ega_zone_d_count,fold10/val_horizon_45_ega_zone_e_pct,fold10/val_horizon_45_ega_zone_e_count,fold10/val_horizon_60_mae,fold10/val_horizon_60_rmse,fold10/val_horizon_60_mard,fold10/val_horizon_60_r2,fold10/val_horizon_60_pearson,fold10/val_horizon_60_ega_zone_a_pct,fold10/val_horizon_60_ega_zone_a_count,fold10/val_horizon_60_ega_zone_b_pct,fold10/val_horizon_60_ega_zone_b_count,fold10/val_horizon_60_ega_zone_c_pct,fold10/val_horizon_60_ega_zone_c_count,fold10/val_horizon_60_ega_zone_d_pct,fold10/val_horizon_60_ega_zone_d_count,fold10/val_horizon_60_ega_zone_e_pct,fold10/val_horizon_60_ega_zone_e_count,fold10/diag_graph_prior_weight,fold10/diag_graph_residual_mean,fold10/diag_fusion_gate_cgm,fold10/diag_fusion_gate_cgm_guided,fold10/diag_fusion_gate_physio,fold10/diag_horizon_query_similarity,fold10/diag_horizon_progressive_gate,fold10/diag_horizon_attention_similarity,fold10/diag_horizon_attention_entropy,fold10/diag_horizon_curriculum_progress,fold10/diag_loss_horizon_weight_0,fold10/diag_loss_horizon_weight_1,fold10/diag_loss_horizon_weight_2,fold10/diag_loss_horizon_weight_3
1,0.24510197785308133,9.684812545776367,15.417532920837402,8.271415710449219,0.4557276964187622,0.6966587901115417,90.7218246459961,21668.0,9.240495681762695,2207.0,0.0,0.0,0.03768213093280792,9.0,0.0,0.0,5.72209358215332,8.857049942016602,4.9471235275268555,0.8195178508758545,0.9055298566818237,97.90654754638672,5846.0,2.0599565505981445,123.0,0.0,0.0,0.0334952250123024,2.0,0.0,0.0,9.250472068786621,14.3161039352417,7.9071478843688965,0.5305484533309937,0.7393500804901123,91.77691650390625,5480.0,8.189582824707031,489.0,0.0,0.0,0.0334952250123024,2.0,0.0,0.0,11.266399383544922,17.382253646850586,9.571446418762207,0.3095155954360962,0.6051723957061768,87.99195861816406,5254.0,11.974543571472168,715.0,0.0,0.0,0.0334952250123024,2.0,0.0,0.0,12.500282287597656,19.111785888671875,10.659943580627441,0.16628307104110718,0.5174856781959534,85.21185302734375,5088.0,14.737899780273438,880.0,0.0,0.0,0.0502428375184536,3.0,0.0,0.0,1.0030038356781006,0.011708702892065048,0.5869778990745544,0.20505757629871368,0.20796458423137665,-0.0786159336566925,0.11920291930437088,0.9999642968177795,0.9999898076057434,0.0,0.3333333432674408,0.28333333134651184,0.21666665375232697,0.1666666716337204
2,0.24211951761605716,9.716185569763184,15.20797061920166,8.327741622924805,0.47042316198349,0.6992039084434509,91.14469909667969,21769.0,8.817618370056152,2106.0,0.0,0.0,0.03768213093280792,9.0,0.0,0.0,5.738121509552002,8.776872634887695,4.974405288696289,0.8227705955505371,0.9070711731910706,97.88980102539062,5845.0,2.0767040252685547,124.0,0.0,0.0,0.0334952250123024,2.0,0.0,0.0,9.245798110961914,14.121953964233398,7.932040691375732,0.5431951880455017,0.743433952331543,92.245849609375,5508.0,7.7206501960754395,461.0,0.0,0.0,0.0334952250123024,2.0,0.0,0.0,11.25330638885498,17.130491256713867,9.585651397705078,0.3293726444244385,0.6074241995811462,88.71210479736328,5297.0,11.254396438598633,672.0,0.0,0.0,0.0334952250123024,2.0,0.0,0.0,12.627514839172363,18.84708595275879,10.818869590759277,0.18921726942062378,0.5108747482299805,85.73103332519531,5119.0,14.21872329711914,849.0,0.0,0.0,0.0502428375184536,3.0,0.0,0.0,1.0015571117401123,0.01118595153093338,0.544821560382843,0.2578409016132355,0.1973375529050827,-0.07529787719249725,0.11920291930437088,0.9989802837371826,0.9998345375061035,0.07142857142857142,0.3245614171028137,0.2788847088813782,0.21998745203018188,0.17656642198562622
3,0.24026843436712755,9.696395874023438,15.078373908996582,8.311583518981934,0.47941046953201294,0.701066792011261,91.33729553222656,21815.0,8.625020980834961,2060.0,0.0,0.0,0.03768213093280792,9.0,0.0,0.0,5.721471309661865,8.73388385772705,4.957920074462891,0.8245025277137756,0.9080682396888733,97.87305450439453,5844.0,2.093451738357544,125.0,0.0,0.0,0.0334952250123024,2.0,0.0,0.0,9.198431968688965,14.008591651916504,7.890788555145264,0.5504996180534363,0.7458639740943909,92.4970703125,5523.0,7.469435691833496,446.0,0.0,0.0,0.0334952250123024,2.0,0.0,0.0,11.263334274291992,16.978456497192383,9.6058931350708,0.3412235379219055,0.6073064208030701,88.92982482910156,5310.0,11.036677360534668,659.0,0.0,0.0,0.0334952250123024,2.0,0.0,0.0,12.602343559265137,18.671907424926758,10.791732788085938,0.20421922206878662,0.5076862573623657,86.04924011230469,5138.0,13.900520324707031,830.0,0.0,0.0,0.0502428375184536,3.0,0.0,0.0,1.0021462440490723,0.010750859044492245,0.514283299446106,0.3066475987434387,0.1790691316127777,-0.06041593849658966,0.11920291930437088,0.9954861998558044,0.9957585334777832,0.14285714285714285,0.31578949093818665,0.2744360864162445,0.223308265209198,0.18646617233753204
4,0.2393006748809263,9.714953422546387,15.031137466430664,8.337989807128906,0.48266708850860596,0.7012031674385071,91.26193237304688,21797.0,8.700385093688965,2078.0,0.0,0.0,0.03768213093280792,9.0,0.0,0.0,5.703920364379883,8.69194507598877,4.9483513832092285,0.8261839151382446,0.9090709686279297,97.94004821777344,5848.0,2.026461362838745,121.0,0.0,0.0,0.0334952250123024,2.0,0.0,0.0,9.202607154846191,13.972602844238281,7.911880970001221,0.5528062582015991,0.746107816696167,92.5975570678711,5529.0,7.368949890136719,440.0,0.0,0.0,0.0334952250123024,2.0,0.0,0.0,11.299241065979004,16.93511962890625,9.64704704284668,0.344582200050354,0.6053155660629272,88.77909851074219,5301.0,11.187405586242676,668.0,0.0,0.0,0.0334952250123024,2.0,0.0,0.0,12.654044151306152,18.605335235595703,10.844680786132812,0.20988363027572632,0.5046311020851135,85.73103332519531,5119.0,14.21872329711914,849.0,0.0,0.0,0.0502428375184536,3.0,0.0,0.0,1.0073155164718628,0.01050173956900835,0.453809529542923,0.35172292590141296,0.19446754455566406,-0.04035644233226776,0.11920291930437088,0.9933425784111023,0.9860689043998718,0.21428571428571427,0.30701756477355957,0.26998746395111084,0.22662906348705292,0.19636592268943787
5,0.24046286814596962,9.678439140319824,14.935320854187012,8.349015235900879,0.4892415404319763,0.7054780721664429,91.28705596923828,21803.0,8.675263404846191,2072.0,0.0,0.0,0.03768213093280792,9.0,0.0,0.0,5.70520544052124,8.588589668273926,4.985273838043213,0.8302929401397705,0.9114874601364136,98.09077453613281,5857.0,1.875732660293579,112.0,0.0,0.0,0.0334952250123024,2.0,0.0,0.0,9.18083381652832,13.897112846374512,7.930027008056641,0.5576252937316895,0.7493258714675903,92.53056335449219,5525.0,7.435940265655518,444.0,0.0,0.0,0.0334952250123024,2.0,0.0,0.0,11.23603630065918,16.819747924804688,9.641348838806152,0.3534819483757019,0.6116596460342407,88.89633178710938,5308.0,11.070172309875488,661.0,0.0,0.0,0.0334952250123024,2.0,0.0,0.0,12.591681480407715,18.505613327026367,10.839409828186035,0.2183307409286499,0.5115437507629395,85.63054656982422,5113.0,14.319210052490234,855.0,0.0,0.0,0.0502428375184536,3.0,0.0,0.0,1.0084481239318848,0.010376234538853168,0.4090544283390045,0.38517433404922485,0.20577120780944824,-0.02418888546526432,0.11920291930437088,0.9953429102897644,0.9752159118652344,0.2857142857142857,0.2982456088066101,0.2655388414859772,0.22994986176490784,0.2062656730413437
6,0.23548999879200658,9.717514038085938,14.873896598815918,8.409194946289062,0.4934341311454773,0.7058728337287903,91.24099731445312,21792.0,8.721319198608398,2083.0,0.0,0.0,0.03768213093280792,9.0,0.0,0.0,5.662312030792236,8.420050621032715,4.96845817565918,0.8368881344795227,0.9154552817344666,98.27499389648438,5868.0,1.6915090084075928,101.0,0.0,0.0,0.0334952250123024,2.0,0.0,0.0,9.25071907043457,13.851106643676758,8.019391059875488,0.5605493783950806,0.7496777772903442,92.69803619384766,5535.0,7.2684645652771,434.0,0.0,0.0,0.0334952250123024,2.0,0.0,0.0,11.315021514892578,16.791791915893555,9.742133140563965,0.35562920570373535,0.6079666614532471,88.44415283203125,5281.0,11.522357940673828,688.0,0.0,0.0,0.0334952250123024,2.0,0.0,0.0,12.642004013061523,18.444957733154297,10.90679931640625,0.22344642877578735,0.5063170194625854,85.54680633544922,5108.0,14.402948379516602,860.0,0.0,0.0,0.0502428375184536,3.0,0.0,0.0,1.002835988998413,0.010341750457882881,0.3384251594543457,0.40332165360450745,0.25825321674346924,-0.008549354039132595,0.11920291930437088,0.9970564842224121,0.9631991982460022,0.35714285714285715,0.28947368264198303,0.2610902190208435,0.23327067494392395,0.2161654233932495
7,0.2309483104718926,9.599586486816406,14.748018264770508,8.294666290283203,0.501971960067749,0.7110912203788757,91.40010070800781,21830.0,8.562217712402344,2045.0,0.0,0.0,0.03768213093280792,9.0,0.0,0.0,5.38261604309082,8.065287590026855,4.715895652770996,0.8503434062004089,0.9224029779434204,98.44247436523438,5878.0,1.5240328311920166,91.0,0.0,0.0,0.0334952250123024,2.0,0.0,0.0,9.159255027770996,13.705948829650879,7.92600679397583,0.5697119235992432,0.7552472949028015,92.99949645996094,5553.0,6.967007160186768,416.0,0.0,0.0,0.0334952250123024,2.0,0.0,0.0,11.278575897216797,16.724706649780273,9.702888488769531,0.360767662525177,0.6095947623252869,88.4776382446289,5283.0,11.488862991333008,686.0,0.0,0.0,0.0334952250123024,2.0,0.0,0.0,12.577905654907227,18.368408203125,10.833871841430664,0.2298787236213684,0.5069377422332764,85.6807861328125,5116.0,14.268965721130371,852.0,0.0,0.0,0.0502428375184536,3.0,0.0,0.0,1.0012766122817993,0.010336298495531082,0.23070991039276123,0.5209473371505737,0.24834278225898743,0.020059512928128242,0.11920291930437088,0.9968612790107727,0.9398717880249023,0.42857142857142855,0.28070175647735596,0.25664159655570984,0.23659147322177887,0.22606515884399414
8,0.22531591237338217,9.644540786743164,14.769842147827148,8.372413635253906,0.5004969835281372,0.7108142971992493,91.0693359375,21751.0,8.892982482910156,2124.0,0.0,0.0,0.03768213093280792,9.0,0.0,0.0,5.17358922958374,7.705136775970459,4.560851097106934,0.8634106516838074,0.9294604063034058,98.64344787597656,5890.0,1.323061466217041,79.0,0.0,0.0,0.0334952250123024,2.0,0.0,0.0,9.129986763000488,13.577901840209961,7.940210342407227,0.577714204788208,0.7608118653297424,93.01624298095703,5554.0,6.950260162353516,415.0,0.0,0.0,0.0334952250123024,2.0,0.0,0.0,11.448570251464844,16.83464241027832,9.898818969726562,0.35233646631240845,0.6040277481079102,88.02545928955078,5256.0,11.941048622131348,713.0,0.0,0.0,0.0334952250123024,2.0,0.0,0.0,12.82601547241211,18.586530685424805,11.089776039123535,0.21147996187210083,0.4939068853855133,84.59219360351562,5051.0,15.357561111450195,917.0,0.0,0.0,0.0502428375184536,3.0,0.0,0.0,0.9990613460540771,0.010332182049751282,0.1381627768278122,0.559033215045929,0.30280396342277527,0.05127400532364845,0.11920291930437088,0.9911844730377197,0.9181443452835083,0.5,0.2719298303127289,0.25219297409057617,0.2399122714996338,0.23596492409706116
9,0.2228098851324262,9.719888687133789,14.787741661071777,8.474360466003418,0.4992855191230774,0.7102898359298706,90.78462982177734,21683.0,9.177692413330078,2192.0,0.0,0.0,0.03768213093280792,9.0,0.0,0.0,5.101529598236084,7.474431991577148,4.520697116851807,0.871467649936676,0.9341105818748474,98.76067352294922,5897.0,1.2058281898498535,72.0,0.0,0.0,0.0334952250123024,2.0,0.0,0.0,9.18582534790039,13.52279281616211,8.031478881835938,0.5811351537704468,0.7633754014968872,92.84877014160156,5544.0,7.117735385894775,425.0,0.0,0.0,0.0334952250123024,2.0,0.0,0.0,11.590129852294922,16.89590072631836,10.06137752532959,0.34761446714401245,0.6005132794380188,87.7407455444336,5239.0,12.225757598876953,730.0,0.0,0.0,0.0334952250123024,2.0,0.0,0.0,13.00206470489502,18.721773147583008,11.283885955810547,0.19996315240859985,0.4839778244495392,83.78831481933594,5003.0,16.16144561767578,965.0,0.0,0.0,0.0502428375184536,3.0,0.0,0.0,0.9994678497314453,0.010318477638065815,0.23170138895511627,0.4828994572162628,0.2853991985321045,0.0723092183470726,0.11920291930437088,0.9924853444099426,0.8966209888458252,0.5714285714285714,0.2631579041481018,0.2477443516254425,0.2432330846786499,0.24586467444896698
10,0.2180783632721041,9.742717742919922,14.776411056518555,8.482489585876465,0.5000525712966919,0.7100880146026611,90.5962142944336,21638.0,9.36610221862793,2237.0,0.0,0.0,0.03768213093280792,9.0,0.0,0.0,5.012595176696777,7.31886100769043,4.446566581726074,0.8767624497413635,0.9367157220840454,98.92815399169922,5907.0,1.0383520126342773,62.0,0.0,0.0,0.0334952250123024,2.0,0.0,0.0,9.154594421386719,13.44717788696289,8.006125450134277,0.5858063697814941,0.7659087181091309,92.84877014160156,5544.0,7.117735385894775,425.0,0.0,0.0,0.0334952250123024,2.0,0.0,0.0,11.653857231140137,16.925556182861328,10.098784446716309,0.34532231092453003,0.5970808267593384,87.35555267333984,5216.0,12.610952377319336,753.0,0.0,0.0,0.0334952250123024,2.0,0.0,0.0,13.149824142456055,18.775049209594727,11.3784818649292,0.19540327787399292,0.4758363962173462,83.25238800048828,4971.0,16.697370529174805,997.0,0.0,0.0,0.0502428375184536,3.0,0.0,0.0,0.9988611936569214,0.01031869649887085,0.32990267872810364,0.430871844291687,0.23922544717788696,0.08117124438285828,0.11920291930437088,0.9915646910667419,0.8909013271331787,0.6428571428571429,0.25438597798347473,0.24329572916030884,0.24655388295650482,0.2557644248008728
11,0.21449731003752812,9.90570068359375,15.027180671691895,8.629047393798828,0.4829394221305847,0.6996721625328064,90.08541107177734,21516.0,9.87690544128418,2359.0,0.0,0.0,0.03768213093280792,9.0,0.0,0.0,5.042977809906006,7.299589157104492,4.473389148712158,0.8774105906486511,0.9370422959327698,99.01189422607422,5912.0,0.9546139240264893,57.0,0.0,0.0,0.0334952250123024,2.0,0.0,0.0,9.308173179626465,13.612895965576172,8.139984130859375,0.5755347013473511,0.7598727941513062,92.46357727050781,5521.0,7.502930641174316,448.0,0.0,0.0,0.0334952250123024,2.0,0.0,0.0,11.8778657913208,17.242124557495117,10.29861068725586,0.320603609085083,0.5804304480552673,86.41768646240234,5160.0,13.548819541931152,809.0,0.0,0.0,0.0334952250123024,2.0,0.0,0.0,13.393784523010254,19.167131423950195,11.604205131530762,0.1614474654197693,0.4512145221233368,82.44850158691406,4923.0,17.50125503540039,1045.0,0.0,0.0,0.0502428375184536,3.0,0.0,0.0,0.9979796409606934,0.010316282510757446,0.35409626364707947,0.4237700402736664,0.22213369607925415,0.08349654823541641,0.11920291930437088,0.9914939403533936,0.8786948919296265,0.7142857142857143,0.24561403691768646,0.23884710669517517,0.24987469613552094,0.26566416025161743
12,0.210541663452869,9.948885917663574,15.050230026245117,8.689371109008789,0.48135197162628174,0.6994635462760925,89.82164001464844,21453.0,10.140679359436035,2422.0,0.0,0.0,0.03768213093280792,9.0,0.0,0.0,5.0048933029174805,7.242879390716553,4.435050964355469,0.8793079853057861,0.9380127191543579,99.0453872680664,5914.0,0.9211187362670898,55.0,0.0,0.0,0.0334952250123024,2.0,0.0,0.0,9.312963485717773,13.593440055847168,8.151527404785156,0.5767471790313721,0.7610395550727844,92.56405639648438,5527.0,7.402445316314697,442.0,0.0,0.0,0.0334952250123024,2.0,0.0,0.0,11.957687377929688,17.29849624633789,10.404529571533203,0.316153883934021,0.5786492824554443,85.9320068359375,5131.0,14.034501075744629,838.0,0.0,0.0,0.0334952250123024,2.0,0.0,0.0,13.519993782043457,19.22391128540039,11.76637077331543,0.15647190809249878,0.4495885372161865,81.74510192871094,4881.0,18.20465660095215,1087.0,0.0,0.0,0.0502428375184536,3.0,0.0,0.0,0.9947419166564941,0.010322797112166882,0.314118891954422,0.469175785779953,0.2167053371667862,0.08492761105298996,0.11920291930437088,0.9882678985595703,0.8840798139572144,0.7857142857142857,0.23684212565422058,0.2343984991312027,0.25319552421569824,0.27556392550468445
13,0.20648320831592026,9.968772888183594,15.058422088623047,8.709332466125488,0.4807872176170349,0.6991589665412903,89.68766021728516,21421.0,10.274660110473633,2454.0,0.0,0.0,0.03768213093280792,9.0,0.0,0.0,4.981547832489014,7.182682991027832,4.415218353271484,0.8813058137893677,0.9390192031860352,98.9616470336914,5909.0,1.004856824874878,60.0,0.0,0.0,0.0334952250123024,2.0,0.0,0.0,9.322665214538574,13.527170181274414,8.171940803527832,0.5808639526367188,0.7635456919670105,92.5138168334961,5524.0,7.452687740325928,445.0,0.0,0.0,0.0334952250123024,2.0,0.0,0.0,11.987706184387207,17.316177368164062,10.43189811706543,0.3147552013397217,0.57814621925354,85.81477355957031,5124.0,14.151734352111816,845.0,0.0,0.0,0.0334952250123024,2.0,0.0,0.0,13.583168983459473,19.30282211303711,11.818272590637207,0.14953261613845825,0.44604992866516113,81.46039581298828,4864.0,18.489364624023438,1104.0,0.0,0.0,0.0502428375184536,3.0,0.0,0.0,0.9926209449768066,0.010331287980079651,0.27899736166000366,0.4569914937019348,0.2640112042427063,0.08619498461484909,0.11920291930437088,0.9869865775108337,0.8825870752334595,0.8571428571428571,0.22807016968727112,0.22994986176490784,0.25651630759239197,0.2854636609554291
14,0.20392721322411736,10.023543357849121,15.147098541259766,8.754258155822754,0.47465407848358154,0.6953095197677612,89.62066650390625,21405.0,10.34165096282959,2470.0,0.0,0.0,0.03768213093280792,9.0,0.0,0.0,4.966011047363281,7.1883673667907715,4.396422863006592,0.8811178803443909,0.9388614296913147,98.92815399169922,5907.0,1.0383520126342773,62.0,0.0,0.0,0.0334952250123024,2.0,0.0,0.0,9.340954780578613,13.583224296569824,8.184002876281738,0.5773831605911255,0.7613086700439453,92.4970703125,5523.0,7.469435691833496,446.0,0.0,0.0,0.0334952250123024,2.0,0.0,0.0,12.104940414428711,17.43995475769043,10.535945892333984,0.3049238920211792,0.570842981338501,85.69754028320312,5117.0,14.268965721130371,852.0,0.0,0.0,0.0334952250123024,2.0,0.0,0.0,13.682269096374512,19.42703628540039,11.90066146850586,0.1385517716407776,0.43806520104408264,81.35990142822266,4858.0,18.58985137939453,1110.0,0.0,0.0,0.0502428375184536,3.0,0.0,0.0,0.9883110523223877,0.01035174448043108,0.29637211561203003,0.44257044792175293,0.26105746626853943,0.09373056143522263,0.11920291930437088,0.9862625598907471,0.8793396949768066,0.9285714285714286,0.21929824352264404,0.22550123929977417,0.2598370909690857,0.2953633964061737
15,0.1958592867929354,10.27750301361084,15.466682434082031,9.005731582641602,0.45225197076797485,0.681728184223175,88.73303985595703,21193.0,11.22927474975586,2682.0,0.0,0.0,0.03768213093280792,9.0,0.0,0.0,5.04460334777832,7.266770839691162,4.470699310302734,0.8785104155540466,0.9375463724136353,98.87791442871094,5904.0,1.0885947942733765,65.0,0.0,0.0,0.0334952250123024,2.0,0.0,0.0,9.597260475158691,13.844598770141602,8.44022274017334,0.5609622597694397,0.7515738606452942,91.7434310913086,5478.0,8.223078727722168,491.0,0.0,0.0,0.0334952250123024,2.0,0.0,0.0,12.429159164428711,17.827354431152344,10.85490894317627,0.27370089292526245,0.5506988763809204,84.47496032714844,5044.0,15.491541862487793,925.0,0.0,0.0,0.0334952250123024,2.0,0.0,0.0,14.038989067077637,19.864030838012695,12.25709342956543,0.0993608832359314,0.41058650612831116,79.83587646484375,4767.0,20.11388397216797,1201.0,0.0,0.0,0.0502428375184536,3.0,0.0,0.0,0.9870964884757996,0.010361813940107822,0.3390965461730957,0.4535207152366638,0.20738279819488525,0.09580644220113754,0.11920291930437088,0.984200656414032,0.8940541744232178,1.0,0.21052631735801697,0.2210526168346405,0.2631579041481018,0.3052631616592407
16,0.18873334036338027,10.394659042358398,15.679899215698242,9.100751876831055,0.4370459318161011,0.6736924648284912,88.15106201171875,21054.0,11.81962776184082,2823.0,0.0,0.0,0.029308322817087173,7.0,0.0,0.0,5.06632661819458,7.303813457489014,4.489010810852051,0.8772686719894409,0.9368453621864319,98.92815399169922,5907.0,1.0383520126342773,62.0,0.0,0.0,0.0334952250123024,2.0,0.0,0.0,9.65760326385498,13.987713813781738,8.48499584197998,0.5518383979797363,0.7463207840919495,91.34148406982422,5454.0,8.625020980834961,515.0,0.0,0.0,0.0334952250123024,2.0,0.0,0.0,12.604117393493652,18.094446182250977,11.001473426818848,0.25177496671676636,0.5399272441864014,83.31938171386719,4975.0,16.663875579833984,995.0,0.0,0.0,0.0167476125061512,1.0,0.0,0.0,14.250587463378906,20.174888610839844,12.427529335021973,0.07095152139663696,0.39864489436149597,79.01524353027344,4718.0,20.951265335083008,1251.0,0.0,0.0,0.0334952250123024,2.0,0.0,0.0,0.9847501516342163,0.010377149097621441,0.2991667687892914,0.46255001425743103,0.23828324675559998,0.10187646746635437,0.11920291930437088,0.9862596988677979,0.8964284062385559,1.0,0.21052631735801697,0.2210526168346405,0.2631579041481018,0.3052631616592407
step,fold10/test_loss,fold10/test_mae,fold10/test_rmse,fold10/test_mard,fold10/test_r2,fold10/test_pearson,fold10/test_ega_zone_a_pct,fold10/test_ega_zone_a_count,fold10/test_ega_zone_b_pct,fold10/test_ega_zone_b_count,fold10/test_ega_zone_c_pct,fold10/test_ega_zone_c_count,fold10/test_ega_zone_d_pct,fold10/test_ega_zone_d_count,fold10/test_ega_zone_e_pct,fold10/test_ega_zone_e_count,fold10/test_horizon_15_mae,fold10/test_horizon_15_rmse,fold10/test_horizon_15_mard,fold10/test_horizon_15_r2,fold10/test_horizon_15_pearson,fold10/test_horizon_15_ega_zone_a_pct,fold10/test_horizon_15_ega_zone_a_count,fold10/test_horizon_15_ega_zone_b_pct,fold10/test_horizon_15_ega_zone_b_count,fold10/test_horizon_15_ega_zone_c_pct,fold10/test_horizon_15_ega_zone_c_count,fold10/test_horizon_15_ega_zone_d_pct,fold10/test_horizon_15_ega_zone_d_count,fold10/test_horizon_15_ega_zone_e_pct,fold10/test_horizon_15_ega_zone_e_count,fold10/test_horizon_30_mae,fold10/test_horizon_30_rmse,fold10/test_horizon_30_mard,fold10/test_horizon_30_r2,fold10/test_horizon_30_pearson,fold10/test_horizon_30_ega_zone_a_pct,fold10/test_horizon_30_ega_zone_a_count,fold10/test_horizon_30_ega_zone_b_pct,fold10/test_horizon_30_ega_zone_b_count,fold10/test_horizon_30_ega_zone_c_pct,fold10/test_horizon_30_ega_zone_c_count,fold10/test_horizon_30_ega_zone_d_pct,fold10/test_horizon_30_ega_zone_d_count,fold10/test_horizon_30_ega_zone_e_pct,fold10/test_horizon_30_ega_zone_e_count,fold10/test_horizon_45_mae,fold10/test_horizon_45_rmse,fold10/test_horizon_45_mard,fold10/test_horizon_45_r2,fold10/test_horizon_45_pearson,fold10/test_horizon_45_ega_zone_a_pct,fold10/test_horizon_45_ega_zone_a_count,fold10/test_horizon_45_ega_zone_b_pct,fold10/test_horizon_45_ega_zone_b_count,fold10/test_horizon_45_ega_zone_c_pct,fold10/test_horizon_45_ega_zone_c_count,fold10/test_horizon_45_ega_zone_d_pct,fold10/test_horizon_45_ega_zone_d_count,fold10/test_horizon_45_ega_zone_e_pct,fold10/test_horizon_45_ega_zone_e_count,fold10/test_horizon_60_mae,fold10/test_horizon_60_rmse,fold10/test_horizon_60_mard,fold10/test_horizon_60_r2,fold10/test_horizon_60_pearson,fold10/test_horizon_60_ega_zone_a_pct,fold10/test_horizon_60_ega_zone_a_count,fold10/test_horizon_60_ega_zone_b_pct,fold10/test_horizon_60_ega_zone_b_count,fold10/test_horizon_60_ega_zone_c_pct,fold10/test_horizon_60_ega_zone_c_count,fold10/test_horizon_60_ega_zone_d_pct,fold10/test_horizon_60_ega_zone_d_count,fold10/test_horizon_60_ega_zone_e_pct,fold10/test_horizon_60_ega_zone_e_count
0,0.4550625103968513,14.416085243225098,22.924528121948242,13.075712203979492,0.3969709873199463,0.656617283821106,80.0760726928711,6105.0,18.10073471069336,1380.0,0.026232946664094925,2.0,1.7707239389419556,135.0,0.026232946664094925,2.0,7.5694475173950195,11.349251747131348,6.847851753234863,0.8532269597053528,0.9241085648536682,94.64848327636719,1804.0,4.616998672485352,88.0,0.0,0.0,0.7345225811004639,14.0,0.0,0.0,13.54383373260498,20.305809020996094,12.158936500549316,0.5278968811035156,0.7362458109855652,81.0073471069336,1544.0,17.366212844848633,331.0,0.0,0.0,1.626442790031433,31.0,0.0,0.0,17.143211364746094,25.97124671936035,15.52319049835205,0.22350746393203735,0.5380648374557495,73.97691345214844,1410.0,23.767051696777344,453.0,0.0,0.0,2.2560336589813232,43.0,0.0,0.0,19.407848358154297,29.774127960205078,17.772869110107422,-0.02327573299407959,0.36377155780792236,70.67156219482422,1347.0,26.65267562866211,508.0,0.1049317866563797,2.0,2.46589732170105,47.0,0.1049317866563797,2.0
step,fold11/train_loss,fold11/val_mae,fold11/val_rmse,fold11/val_mard,fold11/val_r2,fold11/val_pearson,fold11/val_ega_zone_a_pct,fold11/val_ega_zone_a_count,fold11/val_ega_zone_b_pct,fold11/val_ega_zone_b_count,fold11/val_ega_zone_c_pct,fold11/val_ega_zone_c_count,fold11/val_ega_zone_d_pct,fold11/val_ega_zone_d_count,fold11/val_ega_zone_e_pct,fold11/val_ega_zone_e_count,fold11/val_horizon_15_mae,fold11/val_horizon_15_rmse,fold11/val_horizon_15_mard,fold11/val_horizon_15_r2,fold11/val_horizon_15_pearson,fold11/val_horizon_15_ega_zone_a_pct,fold11/val_horizon_15_ega_zone_a_count,fold11/val_horizon_15_ega_zone_b_pct,fold11/val_horizon_15_ega_zone_b_count,fold11/val_horizon_15_ega_zone_c_pct,fold11/val_horizon_15_ega_zone_c_count,fold11/val_horizon_15_ega_zone_d_pct,fold11/val_horizon_15_ega_zone_d_count,fold11/val_horizon_15_ega_zone_e_pct,fold11/val_horizon_15_ega_zone_e_count,fold11/val_horizon_30_mae,fold11/val_horizon_30_rmse,fold11/val_horizon_30_mard,fold11/val_horizon_30_r2,fold11/val_horizon_30_pearson,fold11/val_horizon_30_ega_zone_a_pct,fold11/val_horizon_30_ega_zone_a_count,fold11/val_horizon_30_ega_zone_b_pct,fold11/val_horizon_30_ega_zone_b_count,fold11/val_horizon_30_ega_zone_c_pct,fold11/val_horizon_30_ega_zone_c_count,fold11/val_horizon_30_ega_zone_d_pct,fold11/val_horizon_30_ega_zone_d_count,fold11/val_horizon_30_ega_zone_e_pct,fold11/val_horizon_30_ega_zone_e_count,fold11/val_horizon_45_mae,fold11/val_horizon_45_rmse,fold11/val_horizon_45_mard,fold11/val_horizon_45_r2,fold11/val_horizon_45_pearson,fold11/val_horizon_45_ega_zone_a_pct,fold11/val_horizon_45_ega_zone_a_count,fold11/val_horizon_45_ega_zone_b_pct,fold11/val_horizon_45_ega_zone_b_count,fold11/val_horizon_45_ega_zone_c_pct,fold11/val_horizon_45_ega_zone_c_count,fold11/val_horizon_45_ega_zone_d_pct,fold11/val_horizon_45_ega_zone_d_count,fold11/val_horizon_45_ega_zone_e_pct,fold11/val_horizon_45_ega_zone_e_count,fold11/val_horizon_60_mae,fold11/val_horizon_60_rmse,fold11/val_horizon_60_mard,fold11/val_horizon_60_r2,fold11/val_horizon_60_pearson,fold11/val_horizon_60_ega_zone_a_pct,fold11/val_horizon_60_ega_zone_a_count,fold11/val_horizon_60_ega_zone_b_pct,fold11/val_horizon_60_ega_zone_b_count,fold11/val_horizon_60_ega_zone_c_pct,fold11/val_horizon_60_ega_zone_c_count,fold11/val_horizon_60_ega_zone_d_pct,fold11/val_horizon_60_ega_zone_d_count,fold11/val_horizon_60_ega_zone_e_pct,fold11/val_horizon_60_ega_zone_e_count,fold11/diag_graph_prior_weight,fold11/diag_graph_residual_mean,fold11/diag_fusion_gate_cgm,fold11/diag_fusion_gate_cgm_guided,fold11/diag_fusion_gate_physio,fold11/diag_horizon_query_similarity,fold11/diag_horizon_progressive_gate,fold11/diag_horizon_attention_similarity,fold11/diag_horizon_attention_entropy,fold11/diag_horizon_curriculum_progress,fold11/diag_loss_horizon_weight_0,fold11/diag_loss_horizon_weight_1,fold11/diag_loss_horizon_weight_2,fold11/diag_loss_horizon_weight_3
1,0.24061629151095862,12.659538269042969,20.27931022644043,11.29753589630127,0.34365546703338623,0.6445869207382202,83.14820098876953,11827.0,15.832395553588867,2252.0,0.007030371576547623,1.0,1.0053430795669556,143.0,0.007030371576547623,1.0,7.276897430419922,11.08653736114502,6.454352855682373,0.8045225143432617,0.8987607359886169,94.71316528320312,3368.0,4.83689546585083,172.0,0.0,0.0,0.44994378089904785,16.0,0.0,0.0,11.82265567779541,18.08599853515625,10.465764045715332,0.4785354733467102,0.7185648679733276,84.70191192626953,3012.0,14.398200988769531,512.0,0.0,0.0,0.8998875617980957,32.0,0.0,0.0,14.706201553344727,22.641353607177734,13.1212739944458,0.17997276782989502,0.5471163392066956,78.40269470214844,2788.0,20.33183479309082,723.0,0.0,0.0,1.2654668092727661,45.0,0.0,0.0,16.832395553588867,26.121950149536133,15.14875316619873,-0.0915684700012207,0.39243921637535095,74.7750244140625,2659.0,23.76265525817871,845.0,0.02812148630619049,1.0,1.4060741662979126,50.0,0.02812148630619049,1.0,1.0023188591003418,0.0116376718506217,0.2493751496076584,0.39179202914237976,0.35883286595344543,-0.10121498256921768,0.11920291930437088,0.9998725056648254,0.9999768137931824,0.0,0.3333333432674408,0.28333333134651184,0.21666665375232697,0.1666666716337204
2,0.23680869625841314,12.453783988952637,20.028005599975586,11.15267276763916,0.35982173681259155,0.6427536010742188,83.69657135009766,11905.0,15.262935638427734,2171.0,0.007030371576547623,1.0,1.0194038152694702,145.0,0.014060743153095245,2.0,7.241490840911865,11.032129287719727,6.457474708557129,0.8064364194869995,0.8988174796104431,94.9381332397461,3376.0,4.583802223205566,163.0,0.0,0.0,0.47806525230407715,17.0,0.0,0.0,11.700302124023438,17.950639724731445,10.399341583251953,0.48631179332733154,0.715639054775238,85.26434326171875,3032.0,13.779526710510254,490.0,0.0,0.0,0.9561305046081543,34.0,0.0,0.0,14.453742980957031,22.409582138061523,12.938240051269531,0.19667541980743408,0.5404906868934631,78.93700408935547,2807.0,19.79752540588379,704.0,0.0,0.0,1.2654668092727661,45.0,0.0,0.0,16.419605255126953,25.65855598449707,14.815635681152344,-0.053183794021606445,0.3822897970676422,75.64679718017578,2690.0,22.890888214111328,814.0,0.02812148630619049,1.0,1.3779526948928833,49.0,0.05624297261238098,2.0,1.0026395320892334,0.011193918995559216,0.23892079293727875,0.3887460231781006,0.37233325839042664,-0.09200552850961685,0.11920291930437088,0.998875081539154,0.9988483190536499,0.07142857142857142,0.3245614171028137,0.2788847088813782,0.21998745203018188,0.17656642198562622
3,0.23677378409828237,12.381634712219238,19.967695236206055,11.091863632202148,0.3636714220046997,0.6411815285682678,84.01996612548828,11951.0,14.93250846862793,2124.0,0.007030371576547623,1.0,1.0264341831207275,146.0,0.014060743153095245,2.0,7.209573745727539,10.912015914916992,6.442523002624512,0.810628354549408,0.9007437825202942,94.96625518798828,3377.0,4.527559280395508,161.0,0.0,0.0,0.5061867237091064,18.0,0.0,0.0,11.662271499633789,17.916650772094727,10.367901802062988,0.48825526237487793,0.7144323587417603,85.43307495117188,3038.0,13.610797882080078,484.0,0.0,0.0,0.9561305046081543,34.0,0.0,0.0,14.352764129638672,22.356822967529297,12.841423034667969,0.20045357942581177,0.5363349914550781,79.38694763183594,2823.0,19.34758186340332,688.0,0.0,0.0,1.2654668092727661,45.0,0.0,0.0,16.301931381225586,25.591588973999023,14.715601921081543,-0.047693610191345215,0.37574946880340576,76.29358673095703,2713.0,22.244094848632812,791.0,0.02812148630619049,1.0,1.3779526948928833,49.0,0.05624297261238098,2.0,1.006535291671753,0.010984339751303196,0.3129395842552185,0.3334278464317322,0.3536325991153717,-0.07353552430868149,0.11920291930437088,0.9979901909828186,0.992426335811615,0.14285714285714285,0.31578949093818665,0.2744360864162445,0.223308265209198,0.18646617233753204
4,0.2316152760072026,12.156270980834961,19.64545440673828,10.907535552978516,0.38404399156570435,0.6485812067985535,84.66675567626953,12043.0,14.292745590209961,2033.0,0.007030371576547623,1.0,1.0194038152694702,145.0,0.014060743153095245,2.0,6.857183933258057,10.378592491149902,6.114451885223389,0.8286903500556946,0.910499632358551,95.75365447998047,3405.0,3.796400547027588,135.0,0.0,0.0,0.44994378089904785,16.0,0.0,0.0,11.508463859558105,17.594757080078125,10.241376876831055,0.5064781904220581,0.7226738333702087,85.5455551147461,3042.0,13.47019100189209,479.0,0.0,0.0,0.9842519760131836,35.0,0.0,0.0,14.216552734375,22.093185424804688,12.758904457092285,0.21919935941696167,0.5378737449645996,80.48368835449219,2862.0,18.250843048095703,649.0,0.0,0.0,1.2654668092727661,45.0,0.0,0.0,16.042882919311523,25.26610565185547,14.515410423278809,-0.021213173866271973,0.3742852210998535,76.88414001464844,2734.0,21.65354347229004,770.0,0.02812148630619049,1.0,1.3779526948928833,49.0,0.05624297261238098,2.0,0.9985611438751221,0.010983041487634182,0.36657264828681946,0.3255176842212677,0.30790969729423523,-0.045403268188238144,0.11920291930437088,0.9960011839866638,0.9757300615310669,0.21428571428571427,0.30701756477355957,0.26998746395111084,0.22662906348705292,0.19636592268943787
5,0.2255330140934605,11.872841835021973,19.299341201782227,10.638463020324707,0.40555667877197266,0.6625940203666687,85.28543090820312,12131.0,13.702193260192871,1949.0,0.007030371576547623,1.0,0.9912823438644409,141.0,0.014060743153095245,2.0,6.432142734527588,9.678834915161133,5.752259254455566,0.8510120511054993,0.9228315949440002,96.56918334960938,3434.0,3.0371203422546387,108.0,0.0,0.0,0.3937007784843445,14.0,0.0,0.0,11.266780853271484,17.164308547973633,10.013318061828613,0.5303305387496948,0.737774670124054,86.30484008789062,3069.0,12.7671537399292,454.0,0.0,0.0,0.928009033203125,33.0,0.0,0.0,13.98656940460205,21.803821563720703,12.514695167541504,0.239518404006958,0.5497475266456604,81.01799774169922,2881.0,17.716535568237305,630.0,0.0,0.0,1.2654668092727661,45.0,0.0,0.0,15.80587387084961,25.023155212402344,14.273580551147461,-0.0016682147979736328,0.3831706643104553,77.24971771240234,2747.0,21.2879638671875,757.0,0.02812148630619049,1.0,1.3779526948928833,49.0,0.05624297261238098,2.0,0.9884324073791504,0.011083187535405159,0.40834125876426697,0.292140930891037,0.29951784014701843,0.004758285358548164,0.11920291930437088,0.9792115092277527,0.9416636228561401,0.2857142857142857,0.2982456088066101,0.2655388414859772,0.22994986176490784,0.2062656730413437
6,0.2203032456025356,11.716669082641602,19.056106567382812,10.502806663513184,0.42044609785079956,0.6719558835029602,85.57367706298828,12172.0,13.413948059082031,1908.0,0.014060743153095245,2.0,0.9912823438644409,141.0,0.007030371576547623,1.0,6.221743583679199,9.262755393981934,5.581464767456055,0.8635463118553162,0.9297491908073425,96.85039520263672,3444.0,2.7559053897857666,98.0,0.0,0.0,0.3937007784843445,14.0,0.0,0.0,11.096151351928711,16.88434600830078,9.872900009155273,0.5455268621444702,0.7481074929237366,86.78290557861328,3086.0,12.31721019744873,438.0,0.0,0.0,0.8998875617980957,32.0,0.0,0.0,13.857820510864258,21.577573776245117,12.391369819641113,0.2552188038825989,0.5579634308815002,81.07423400878906,2883.0,17.660293579101562,628.0,0.0,0.0,1.2654668092727661,45.0,0.0,0.0,15.690962791442871,24.820743560791016,14.165494918823242,0.014471113681793213,0.387925386428833,77.58717346191406,2759.0,20.92238426208496,744.0,0.05624297261238098,2.0,1.4060741662979126,50.0,0.02812148630619049,1.0,0.9771372079849243,0.011202584020793438,0.4048246145248413,0.30355364084243774,0.2916218340396881,0.03638245165348053,0.11920291930437088,0.9758882522583008,0.932324230670929,0.35714285714285715,0.28947368264198303,0.2610902190208435,0.23327067494392395,0.2161654233932495
7,0.21677620938512124,11.593832015991211,18.808441162109375,10.413495063781738,0.4354126453399658,0.6803795695304871,85.78459167480469,12202.0,13.210066795349121,1879.0,0.007030371576547623,1.0,0.9842519760131836,140.0,0.014060743153095245,2.0,6.073109149932861,8.972880363464355,5.457692623138428,0.8719531893730164,0.9342703819274902,97.10348510742188,3453.0,2.5309336185455322,90.0,0.0,0.0,0.3655792772769928,13.0,0.0,0.0,10.971001625061035,16.63677215576172,9.780266761779785,0.558756947517395,0.755932629108429,87.120361328125,3098.0,11.951631546020508,425.0,0.0,0.0,0.928009033203125,33.0,0.0,0.0,13.752835273742676,21.33853530883789,12.320651054382324,0.2716289162635803,0.5671403408050537,81.18672180175781,2887.0,17.547807693481445,624.0,0.0,0.0,1.2654668092727661,45.0,0.0,0.0,15.57837963104248,24.543882369995117,14.095373153686523,0.0363345742225647,0.3962938189506531,77.727783203125,2764.0,20.809898376464844,740.0,0.02812148630619049,1.0,1.3779526948928833,49.0,0.05624297261238098,2.0,0.9664487838745117,0.011302176862955093,0.39406245946884155,0.3103879988193512,0.29554954171180725,0.0682583749294281,0.11920291930437088,0.9658095240592957,0.935267448425293,0.42857142857142855,0.28070175647735596,0.25664159655570984,0.23659147322177887,0.22606515884399414
8,0.2144653000027971,11.508222579956055,18.634925842285156,10.34753131866455,0.4457817077636719,0.6866710782051086,85.84083557128906,12210.0,13.153823852539062,1871.0,0.007030371576547623,1.0,0.9842519760131836,140.0,0.014060743153095245,2.0,5.9665069580078125,8.766461372375488,5.374626159667969,0.8777768015861511,0.9373047947883606,97.21597290039062,3457.0,2.418447732925415,86.0,0.0,0.0,0.3655792772769928,13.0,0.0,0.0,10.844710350036621,16.395963668823242,9.677560806274414,0.5714379549026489,0.7632279396057129,87.57030487060547,3114.0,11.501687049865723,409.0,0.0,0.0,0.928009033203125,33.0,0.0,0.0,13.674722671508789,21.157123565673828,12.25866413116455,0.28396087884902954,0.5755776762962341,80.8492660522461,2875.0,17.885265350341797,636.0,0.0,0.0,1.2654668092727661,45.0,0.0,0.0,15.546952247619629,24.407773971557617,14.07927131652832,0.04699289798736572,0.40388259291648865,77.727783203125,2764.0,20.809898376464844,740.0,0.02812148630619049,1.0,1.3779526948928833,49.0,0.05624297261238098,2.0,0.9557989835739136,0.011400625109672546,0.37835443019866943,0.3076881766319275,0.31395745277404785,0.08454389125108719,0.11920291930437088,0.9701895117759705,0.9208710193634033,0.5,0.2719298303127289,0.25219297409057617,0.2399122714996338,0.23596492409706116
9,0.21353178447813323,11.538761138916016,18.667686462402344,10.39018440246582,0.4438313841819763,0.6858329176902771,85.55961608886719,12170.0,13.442069053649902,1912.0,0.0,0.0,0.9842519760131836,140.0,0.014060743153095245,2.0,5.955798625946045,8.773087501525879,5.366555213928223,0.8775919675827026,0.9372363090515137,97.21597290039062,3457.0,2.4465692043304443,87.0,0.0,0.0,0.3374578058719635,12.0,0.0,0.0,10.894097328186035,16.46438217163086,9.732816696166992,0.5678538084030151,0.7615606784820557,87.06411743164062,3096.0,11.979752540588379,426.0,0.0,0.0,0.9561305046081543,34.0,0.0,0.0,13.734947204589844,21.224782943725586,12.337068557739258,0.27937382459640503,0.5730593800544739,80.45556640625,2861.0,18.27896499633789,650.0,0.0,0.0,1.2654668092727661,45.0,0.0,0.0,15.570198059082031,24.400728225708008,14.124296188354492,0.0475429892539978,0.40495625138282776,77.5028076171875,2756.0,21.062992095947266,749.0,0.0,0.0,1.3779526948928833,49.0,0.05624297261238098,2.0,0.9425414800643921,0.011522614397108555,0.4097119867801666,0.25366154313087463,0.33662649989128113,0.09672814607620239,0.11920291930437088,0.9708077907562256,0.9176955819129944,0.5714285714285714,0.2631579041481018,0.2477443516254425,0.2432330846786499,0.24586467444896698
10,0.2110347468924233,11.532522201538086,18.671051025390625,10.38310432434082,0.44363081455230713,0.6858324408531189,85.44010162353516,12153.0,13.55455493927002,1928.0,0.0,0.0,1.0053430795669556,143.0,0.0,0.0,5.943869113922119,8.755945205688477,5.352123737335205,0.8780698776245117,0.9374454617500305,97.32846069335938,3461.0,2.305961847305298,82.0,0.0,0.0,0.3655792772769928,13.0,0.0,0.0,10.849398612976074,16.4462947845459,9.695469856262207,0.5688028335571289,0.7620285153388977,87.40157318115234,3108.0,11.670415878295898,415.0,0.0,0.0,0.928009033203125,33.0,0.0,0.0,13.705991744995117,21.228296279907227,12.316821098327637,0.2791352868080139,0.5736150741577148,80.14623260498047,2850.0,18.5601806640625,660.0,0.0,0.0,1.2935882806777954,46.0,0.0,0.0,15.630830764770508,24.42631721496582,14.168004989624023,0.045544326305389404,0.40460827946662903,76.88414001464844,2734.0,21.681665420532227,771.0,0.0,0.0,1.434195637702942,51.0,0.0,0.0,0.9280186891555786,0.011640260927379131,0.40547335147857666,0.27097731828689575,0.32354938983917236,0.10678406804800034,0.11920291930437088,0.970432698726654,0.9165395498275757,0.6428571428571429,0.25438597798347473,0.24329572916030884,0.24655388295650482,0.2557644248008728
11,0.20865671498601843,11.536908149719238,18.618133544921875,10.391550064086914,0.44678008556365967,0.6877096891403198,85.3627700805664,12142.0,13.638919830322266,1940.0,0.0,0.0,0.9983127117156982,142.0,0.0,0.0,5.908829689025879,8.654234886169434,5.3278374671936035,0.8808861374855042,0.9389170408248901,97.35658264160156,3462.0,2.2778403759002686,81.0,0.0,0.0,0.3655792772769928,13.0,0.0,0.0,10.80443286895752,16.332109451293945,9.659427642822266,0.5747696161270142,0.7654721736907959,87.54218292236328,3113.0,11.557929992675781,411.0,0.0,0.0,0.8998875617980957,32.0,0.0,0.0,13.71571159362793,21.186185836791992,12.326433181762695,0.28199243545532227,0.5758512616157532,80.0899887084961,2848.0,18.616422653198242,662.0,0.0,0.0,1.2935882806777954,46.0,0.0,0.0,15.718657493591309,24.414169311523438,14.252498626708984,0.04649341106414795,0.4044003486633301,76.46231842041016,2719.0,22.103487014770508,786.0,0.0,0.0,1.434195637702942,51.0,0.0,0.0,0.9176502823829651,0.011739075183868408,0.386886328458786,0.29311996698379517,0.3199937641620636,0.11853086948394775,0.11920291930437088,0.9674021601676941,0.9217947721481323,0.7142857142857143,0.24561403691768646,0.23884710669517517,0.24987469613552094,0.26566416025161743
12,0.20550520811316902,11.606539726257324,18.699974060058594,10.47130298614502,0.4419057369232178,0.68740314245224,84.9971923828125,12090.0,14.004498481750488,1992.0,0.0,0.0,0.9983127117156982,142.0,0.0,0.0,5.887392520904541,8.656766891479492,5.312916278839111,0.8808164000511169,0.9389337301254272,97.32846069335938,3461.0,2.305961847305298,82.0,0.0,0.0,0.3655792772769928,13.0,0.0,0.0,10.802647590637207,16.3277530670166,9.674222946166992,0.5749963521957397,0.7672224044799805,87.31720733642578,3105.0,11.782902717590332,419.0,0.0,0.0,0.8998875617980957,32.0,0.0,0.0,13.832084655761719,21.254663467407227,12.452878952026367,0.27734339237213135,0.5784470438957214,79.44319152832031,2825.0,19.263216018676758,685.0,0.0,0.0,1.2935882806777954,46.0,0.0,0.0,15.90403938293457,24.606103897094727,14.445191383361816,0.031442344188690186,0.4040983021259308,75.89988708496094,2699.0,22.665916442871094,806.0,0.0,0.0,1.434195637702942,51.0,0.0,0.0,0.9041656255722046,0.011856084689497948,0.3868738114833832,0.3102709949016571,0.3028552532196045,0.1282365769147873,0.11920291930437088,0.9691856503486633,0.9234561920166016,0.7857142857142857,0.23684212565422058,0.2343984991312027,0.25319552421569824,0.27556392550468445
13,0.20252206653328725,11.667804718017578,18.812429428100586,10.509326934814453,0.4351732134819031,0.6839941143989563,85.15185546875,12112.0,13.84280014038086,1969.0,0.007030371576547623,1.0,0.9983127117156982,142.0,0.0,0.0,5.884101390838623,8.676515579223633,5.300075054168701,0.8802720308303833,0.9386120438575745,97.44094848632812,3465.0,2.22159743309021,79.0,0.0,0.0,0.3374578058719635,12.0,0.0,0.0,10.837342262268066,16.406291961669922,9.683660507202148,0.5708979368209839,0.7649701237678528,87.5140609741211,3112.0,11.557929992675781,411.0,0.0,0.0,0.928009033203125,33.0,0.0,0.0,13.914874076843262,21.3779239654541,12.497729301452637,0.26893746852874756,0.574438750743866,79.64004516601562,2832.0,19.06636619567871,678.0,0.0,0.0,1.2935882806777954,46.0,0.0,0.0,16.03490447998047,24.782373428344727,14.5558443069458,0.01751577854156494,0.3986996114253998,76.01237487792969,2703.0,22.52530860900879,801.0,0.02812148630619049,1.0,1.434195637702942,51.0,0.0,0.0,0.8919728994369507,0.011967688798904419,0.4023601710796356,0.29371392726898193,0.3039259612560272,0.13022273778915405,0.11920291930437088,0.9658178687095642,0.9318739175796509,0.8571428571428571,0.22807016968727112,0.22994986176490784,0.25651630759239197,0.2854636609554291
14,0.19809232557855067,11.75199031829834,18.914588928222656,10.579047203063965,0.42902207374572754,0.6807988882064819,84.7862777709961,12060.0,14.194319725036621,2019.0,0.007030371576547623,1.0,1.012373447418213,144.0,0.0,0.0,5.925812721252441,8.759004592895508,5.337735176086426,0.8779846429824829,0.9374747276306152,97.18785095214844,3456.0,2.4465692043304443,87.0,0.0,0.0,0.3655792772769928,13.0,0.0,0.0,10.957293510437012,16.572996139526367,9.791062355041504,0.5621333122253418,0.7602046728134155,86.92350769042969,3091.0,12.120360374450684,431.0,0.0,0.0,0.9561305046081543,34.0,0.0,0.0,14.001080513000488,21.515108108520508,12.568233489990234,0.25952476263046265,0.5695744752883911,79.49943542480469,2827.0,19.206974029541016,683.0,0.0,0.0,1.2935882806777954,46.0,0.0,0.0,16.123777389526367,24.834697723388672,14.619159698486328,0.013362646102905273,0.39669233560562134,75.53430938720703,2686.0,23.003374099731445,818.0,0.02812148630619049,1.0,1.434195637702942,51.0,0.0,0.0,0.8851149678230286,0.01205350086092949,0.4419851303100586,0.2675217092037201,0.2904931902885437,0.13186025619506836,0.11920291930437088,0.9597506523132324,0.9424702525138855,0.9285714285714286,0.21929824352264404,0.22550123929977417,0.2598370909690857,0.2953633964061737
15,0.19210382515197597,11.824711799621582,18.94581413269043,10.661699295043945,0.42713528871536255,0.6795897483825684,84.56130981445312,12028.0,14.440382957458496,2054.0,0.0,0.0,0.9983127117156982,142.0,0.0,0.0,5.931094646453857,8.79653549194336,5.339745998382568,0.8769367933273315,0.9369215369224548,97.10348510742188,3453.0,2.5590550899505615,91.0,0.0,0.0,0.3374578058719635,12.0,0.0,0.0,11.002713203430176,16.626480102539062,9.845993041992188,0.5593026876449585,0.7584289312362671,86.7266616821289,3084.0,12.31721019744873,438.0,0.0,0.0,0.9561305046081543,34.0,0.0,0.0,14.09048843383789,21.553958892822266,12.680801391601562,0.2568480968475342,0.567838728427887,79.49943542480469,2827.0,19.235095977783203,684.0,0.0,0.0,1.2654668092727661,45.0,0.0,0.0,16.274555206298828,24.847206115722656,14.780257225036621,0.01236867904663086,0.39566996693611145,74.91563415527344,2664.0,23.650169372558594,841.0,0.0,0.0,1.434195637702942,51.0,0.0,0.0,0.878015398979187,0.012129985727369785,0.45143142342567444,0.260765939950943,0.28780266642570496,0.1421452909708023,0.11920291930437088,0.9642043709754944,0.9477710127830505,1.0,0.21052631735801697,0.2210526168346405,0.2631579041481018,0.3052631616592407
16,0.18646353757014128,11.96615982055664,19.15608024597168,10.780756950378418,0.4143490791320801,0.6730310320854187,84.3785171508789,12002.0,14.623172760009766,2080.0,0.0,0.0,0.9912823438644409,141.0,0.007030371576547623,1.0,5.990143299102783,8.884124755859375,5.388376235961914,0.8744738101959229,0.9356482028961182,97.01912689208984,3450.0,2.6434195041656494,94.0,0.0,0.0,0.3374578058719635,12.0,0.0,0.0,11.094646453857422,16.759902954101562,9.911426544189453,0.5522012710571289,0.7545574307441711,86.95162963867188,3092.0,12.120360374450684,431.0,0.0,0.0,0.928009033203125,33.0,0.0,0.0,14.293373107910156,21.801984786987305,12.856186866760254,0.23964643478393555,0.5588198304176331,78.76828002929688,2801.0,19.93813133239746,709.0,0.0,0.0,1.2935882806777954,46.0,0.0,0.0,16.486474990844727,25.15299415588379,14.96703815460205,-0.012090086936950684,0.3852389454841614,74.7750244140625,2659.0,23.7907772064209,846.0,0.0,0.0,1.4060741662979126,50.0,0.02812148630619049,1.0,0.8723232746124268,0.012188117951154709,0.4292156398296356,0.27357447147369385,0.2972099483013153,0.14462150633335114,0.11920291930437088,0.9638457894325256,0.9465501308441162,1.0,0.21052631735801697,0.2210526168346405,0.2631579041481018,0.3052631616592407
step,fold11/test_loss,fold11/test_mae,fold11/test_rmse,fold11/test_mard,fold11/test_r2,fold11/test_pearson,fold11/test_ega_zone_a_pct,fold11/test_ega_zone_a_count,fold11/test_ega_zone_b_pct,fold11/test_ega_zone_b_count,fold11/test_ega_zone_c_pct,fold11/test_ega_zone_c_count,fold11/test_ega_zone_d_pct,fold11/test_ega_zone_d_count,fold11/test_ega_zone_e_pct,fold11/test_ega_zone_e_count,fold11/test_horizon_15_mae,fold11/test_horizon_15_rmse,fold11/test_horizon_15_mard,fold11/test_horizon_15_r2,fold11/test_horizon_15_pearson,fold11/test_horizon_15_ega_zone_a_pct,fold11/test_horizon_15_ega_zone_a_count,fold11/test_horizon_15_ega_zone_b_pct,fold11/test_horizon_15_ega_zone_b_count,fold11/test_horizon_15_ega_zone_c_pct,fold11/test_horizon_15_ega_zone_c_count,fold11/test_horizon_15_ega_zone_d_pct,fold11/test_horizon_15_ega_zone_d_count,fold11/test_horizon_15_ega_zone_e_pct,fold11/test_horizon_15_ega_zone_e_count,fold11/test_horizon_30_mae,fold11/test_horizon_30_rmse,fold11/test_horizon_30_mard,fold11/test_horizon_30_r2,fold11/test_horizon_30_pearson,fold11/test_horizon_30_ega_zone_a_pct,fold11/test_horizon_30_ega_zone_a_count,fold11/test_horizon_30_ega_zone_b_pct,fold11/test_horizon_30_ega_zone_b_count,fold11/test_horizon_30_ega_zone_c_pct,fold11/test_horizon_30_ega_zone_c_count,fold11/test_horizon_30_ega_zone_d_pct,fold11/test_horizon_30_ega_zone_d_count,fold11/test_horizon_30_ega_zone_e_pct,fold11/test_horizon_30_ega_zone_e_count,fold11/test_horizon_45_mae,fold11/test_horizon_45_rmse,fold11/test_horizon_45_mard,fold11/test_horizon_45_r2,fold11/test_horizon_45_pearson,fold11/test_horizon_45_ega_zone_a_pct,fold11/test_horizon_45_ega_zone_a_count,fold11/test_horizon_45_ega_zone_b_pct,fold11/test_horizon_45_ega_zone_b_count,fold11/test_horizon_45_ega_zone_c_pct,fold11/test_horizon_45_ega_zone_c_count,fold11/test_horizon_45_ega_zone_d_pct,fold11/test_horizon_45_ega_zone_d_count,fold11/test_horizon_45_ega_zone_e_pct,fold11/test_horizon_45_ega_zone_e_count,fold11/test_horizon_60_mae,fold11/test_horizon_60_rmse,fold11/test_horizon_60_mard,fold11/test_horizon_60_r2,fold11/test_horizon_60_pearson,fold11/test_horizon_60_ega_zone_a_pct,fold11/test_horizon_60_ega_zone_a_count,fold11/test_horizon_60_ega_zone_b_pct,fold11/test_horizon_60_ega_zone_b_count,fold11/test_horizon_60_ega_zone_c_pct,fold11/test_horizon_60_ega_zone_c_count,fold11/test_horizon_60_ega_zone_d_pct,fold11/test_horizon_60_ega_zone_d_count,fold11/test_horizon_60_ega_zone_e_pct,fold11/test_horizon_60_ega_zone_e_count
0,0.3012081377396767,10.909271240234375,16.543827056884766,8.836339950561523,0.527850866317749,0.7366481423377991,89.30412292480469,7623.0,10.695876121520996,913.0,0.0,0.0,0.0,0.0,0.0,0.0,5.0419511795043945,7.247747421264648,4.164289474487305,0.9098976850509644,0.9539574384689331,99.43767547607422,2122.0,0.5623242855072021,12.0,0.0,0.0,0.0,0.0,0.0,0.0,9.97141170501709,14.492715835571289,8.093314170837402,0.6380770802497864,0.8020476698875427,92.6429214477539,1977.0,7.3570756912231445,157.0,0.0,0.0,0.0,0.0,0.0,0.0,13.239734649658203,19.02547836303711,10.674737930297852,0.37337374687194824,0.6353312134742737,85.05155181884766,1815.0,14.948452949523926,319.0,0.0,0.0,0.0,0.0,0.0,0.0,15.383989334106445,21.685373306274414,12.413022994995117,0.18592184782028198,0.50528484582901,80.0843505859375,1709.0,19.915651321411133,425.0,0.0,0.0,0.0,0.0,0.0,0.0
step,fold12/train_loss,fold12/val_mae,fold12/val_rmse,fold12/val_mard,fold12/val_r2,fold12/val_pearson,fold12/val_ega_zone_a_pct,fold12/val_ega_zone_a_count,fold12/val_ega_zone_b_pct,fold12/val_ega_zone_b_count,fold12/val_ega_zone_c_pct,fold12/val_ega_zone_c_count,fold12/val_ega_zone_d_pct,fold12/val_ega_zone_d_count,fold12/val_ega_zone_e_pct,fold12/val_ega_zone_e_count,fold12/val_horizon_15_mae,fold12/val_horizon_15_rmse,fold12/val_horizon_15_mard,fold12/val_horizon_15_r2,fold12/val_horizon_15_pearson,fold12/val_horizon_15_ega_zone_a_pct,fold12/val_horizon_15_ega_zone_a_count,fold12/val_horizon_15_ega_zone_b_pct,fold12/val_horizon_15_ega_zone_b_count,fold12/val_horizon_15_ega_zone_c_pct,fold12/val_horizon_15_ega_zone_c_count,fold12/val_horizon_15_ega_zone_d_pct,fold12/val_horizon_15_ega_zone_d_count,fold12/val_horizon_15_ega_zone_e_pct,fold12/val_horizon_15_ega_zone_e_count,fold12/val_horizon_30_mae,fold12/val_horizon_30_rmse,fold12/val_horizon_30_mard,fold12/val_horizon_30_r2,fold12/val_horizon_30_pearson,fold12/val_horizon_30_ega_zone_a_pct,fold12/val_horizon_30_ega_zone_a_count,fold12/val_horizon_30_ega_zone_b_pct,fold12/val_horizon_30_ega_zone_b_count,fold12/val_horizon_30_ega_zone_c_pct,fold12/val_horizon_30_ega_zone_c_count,fold12/val_horizon_30_ega_zone_d_pct,fold12/val_horizon_30_ega_zone_d_count,fold12/val_horizon_30_ega_zone_e_pct,fold12/val_horizon_30_ega_zone_e_count,fold12/val_horizon_45_mae,fold12/val_horizon_45_rmse,fold12/val_horizon_45_mard,fold12/val_horizon_45_r2,fold12/val_horizon_45_pearson,fold12/val_horizon_45_ega_zone_a_pct,fold12/val_horizon_45_ega_zone_a_count,fold12/val_horizon_45_ega_zone_b_pct,fold12/val_horizon_45_ega_zone_b_count,fold12/val_horizon_45_ega_zone_c_pct,fold12/val_horizon_45_ega_zone_c_count,fold12/val_horizon_45_ega_zone_d_pct,fold12/val_horizon_45_ega_zone_d_count,fold12/val_horizon_45_ega_zone_e_pct,fold12/val_horizon_45_ega_zone_e_count,fold12/val_horizon_60_mae,fold12/val_horizon_60_rmse,fold12/val_horizon_60_mard,fold12/val_horizon_60_r2,fold12/val_horizon_60_pearson,fold12/val_horizon_60_ega_zone_a_pct,fold12/val_horizon_60_ega_zone_a_count,fold12/val_horizon_60_ega_zone_b_pct,fold12/val_horizon_60_ega_zone_b_count,fold12/val_horizon_60_ega_zone_c_pct,fold12/val_horizon_60_ega_zone_c_count,fold12/val_horizon_60_ega_zone_d_pct,fold12/val_horizon_60_ega_zone_d_count,fold12/val_horizon_60_ega_zone_e_pct,fold12/val_horizon_60_ega_zone_e_count,fold12/diag_graph_prior_weight,fold12/diag_graph_residual_mean,fold12/diag_fusion_gate_cgm,fold12/diag_fusion_gate_cgm_guided,fold12/diag_fusion_gate_physio,fold12/diag_horizon_query_similarity,fold12/diag_horizon_progressive_gate,fold12/diag_horizon_attention_similarity,fold12/diag_horizon_attention_entropy,fold12/diag_horizon_curriculum_progress,fold12/diag_loss_horizon_weight_0,fold12/diag_loss_horizon_weight_1,fold12/diag_loss_horizon_weight_2,fold12/diag_loss_horizon_weight_3
1,0.23040033323086787,10.898536682128906,16.073713302612305,9.95916748046875,0.18015611171722412,0.5505719780921936,85.85108184814453,16765.0,13.703399658203125,2676.0,0.0,0.0,0.44551411271095276,87.0,0.0,0.0,6.995739936828613,10.18610668182373,6.418425559997559,0.6745668649673462,0.829963743686676,94.7562484741211,4626.0,5.038918495178223,246.0,0.0,0.0,0.20483408868312836,10.0,0.0,0.0,10.629712104797363,15.400795936584473,9.677034378051758,0.25139349699020386,0.5896704196929932,86.64481353759766,4230.0,12.884063720703125,629.0,0.0,0.0,0.47111836075782776,23.0,0.0,0.0,12.528179168701172,17.910179138183594,11.476245880126953,-0.02288055419921875,0.42988690733909607,81.85169982910156,3996.0,17.595247268676758,859.0,0.0,0.0,0.5530520081520081,27.0,0.0,0.0,13.440516471862793,19.28058624267578,12.264966011047363,-0.19418609142303467,0.32286500930786133,80.15157318115234,3913.0,19.29537010192871,942.0,0.0,0.0,0.5530520081520081,27.0,0.0,0.0,1.0013763904571533,0.011707388795912266,0.27593502402305603,0.347941517829895,0.37612348794937134,-0.07087719440460205,0.11920291930437088,0.9998837113380432,0.9999801516532898,0.0,0.3333333432674408,0.28333333134651184,0.21666665375232697,0.1666666716337204
2,0.22733967435650965,10.82698917388916,15.748785018920898,9.945435523986816,0.2129671573638916,0.5580766797065735,85.9791030883789,16790.0,13.56513786315918,2649.0,0.0,0.0,0.4557558298110962,89.0,0.0,0.0,6.986155986785889,10.12301254272461,6.426621913909912,0.6785858869552612,0.8314607739448547,94.73576354980469,4625.0,5.038918495178223,246.0,0.0,0.0,0.22531750798225403,11.0,0.0,0.0,10.637226104736328,15.214258193969727,9.745057106018066,0.26941829919815063,0.5924583077430725,86.64481353759766,4230.0,12.884063720703125,629.0,0.0,0.0,0.47111836075782776,23.0,0.0,0.0,12.380169868469238,17.506839752197266,11.378596305847168,0.022671401500701904,0.4343798756599426,82.22039794921875,4014.0,17.20606231689453,840.0,0.0,0.0,0.5735354423522949,28.0,0.0,0.0,13.304401397705078,18.75255584716797,12.231472969055176,-0.12967228889465332,0.3288361430168152,80.31544494628906,3921.0,19.13150405883789,934.0,0.0,0.0,0.5530520081520081,27.0,0.0,0.0,0.9986640810966492,0.011374334804713726,0.3641456961631775,0.2941678762435913,0.3416864573955536,-0.07183665782213211,0.11920291930437088,0.9989780783653259,0.9997977018356323,0.07142857142857142,0.3245614171028137,0.2788847088813782,0.21998745203018188,0.17656642198562622
3,0.22730967419370618,10.725401878356934,15.574817657470703,9.840885162353516,0.23025888204574585,0.5587975978851318,86.42462158203125,16877.0,13.119623184204102,2562.0,0.0,0.0,0.4557558298110962,89.0,0.0,0.0,6.952671527862549,10.067839622497559,6.3971476554870605,0.6820799112319946,0.8318697214126587,94.83818054199219,4630.0,4.936501502990723,241.0,0.0,0.0,0.22531750798225403,11.0,0.0,0.0,10.546902656555176,15.092738151550293,9.648350715637207,0.28104233741760254,0.5910406708717346,87.01351928710938,4248.0,12.515362739562988,611.0,0.0,0.0,0.47111836075782776,23.0,0.0,0.0,12.24863338470459,17.30112075805664,11.240771293640137,0.04550522565841675,0.432585746049881,82.83490753173828,4044.0,16.59156036376953,810.0,0.0,0.0,0.5735354423522949,28.0,0.0,0.0,13.153403282165527,18.48834228515625,12.077271461486816,-0.09806358814239502,0.32677704095840454,81.01187896728516,3955.0,18.43506622314453,900.0,0.0,0.0,0.5530520081520081,27.0,0.0,0.0,0.9935099482536316,0.011147924698889256,0.344075083732605,0.34344926476478577,0.31247565150260925,-0.07246271520853043,0.11920291930437088,0.9933540225028992,0.9984039068222046,0.14285714285714285,0.31578949093818665,0.2744360864162445,0.223308265209198,0.18646617233753204
4,0.2260882369650885,10.697921752929688,15.496817588806152,9.829459190368652,0.2379494309425354,0.5616002082824707,86.45022583007812,16882.0,13.09401798248291,2557.0,0.0,0.0,0.4557558298110962,89.0,0.0,0.0,6.958664417266846,10.041465759277344,6.4064412117004395,0.683743417263031,0.8328527808189392,94.81769561767578,4629.0,4.936501502990723,241.0,0.0,0.0,0.2458008974790573,12.0,0.0,0.0,10.536681175231934,15.036237716674805,9.655613899230957,0.286415159702301,0.592957079410553,87.11593627929688,4253.0,12.412944793701172,606.0,0.0,0.0,0.47111836075782776,23.0,0.0,0.0,12.206198692321777,17.18779754638672,11.216536521911621,0.05796825885772705,0.435121089220047,82.87586975097656,4046.0,16.550594329833984,808.0,0.0,0.0,0.5735354423522949,28.0,0.0,0.0,13.090139389038086,18.391996383666992,12.039240837097168,-0.08664894104003906,0.3297644853591919,80.99140167236328,3954.0,18.47603416442871,902.0,0.0,0.0,0.532568633556366,26.0,0.0,0.0,0.9823304414749146,0.0110686169937253,0.1597471535205841,0.2866879105567932,0.5535649657249451,-0.05148406699299812,0.11920291930437088,0.9874264597892761,0.9903121590614319,0.21428571428571427,0.30701756477355957,0.26998746395111084,0.22662906348705292,0.19636592268943787
5,0.22495020675738492,10.59000015258789,15.41988754272461,9.69731616973877,0.2454966902732849,0.5639631152153015,86.91110229492188,16972.0,12.638263702392578,2468.0,0.0,0.0,0.45063501596450806,88.0,0.0,0.0,6.897834300994873,9.989554405212402,6.338678359985352,0.6870048642158508,0.8343178629875183,94.89962768554688,4633.0,4.854567527770996,237.0,0.0,0.0,0.2458008974790573,12.0,0.0,0.0,10.431459426879883,14.961221694946289,9.532548904418945,0.2935175895690918,0.595217764377594,87.64850616455078,4279.0,11.880376815795898,580.0,0.0,0.0,0.47111836075782776,23.0,0.0,0.0,12.078961372375488,17.10498046875,11.05396556854248,0.06702464818954468,0.43748971819877625,83.55182647705078,4079.0,15.895125389099121,776.0,0.0,0.0,0.5530520081520081,27.0,0.0,0.0,12.951746940612793,18.299779891967773,11.864065170288086,-0.07577955722808838,0.330391526222229,81.54444885253906,3981.0,17.922983169555664,875.0,0.0,0.0,0.532568633556366,26.0,0.0,0.0,0.978304386138916,0.011036444455385208,0.11934174597263336,0.2818225622177124,0.5988357663154602,-0.034541189670562744,0.11920291930437088,0.995326042175293,0.9893816113471985,0.2857142857142857,0.2982456088066101,0.2655388414859772,0.22994986176490784,0.2062656730413437
6,0.22289693363068838,10.51371955871582,15.368060111999512,9.610525131225586,0.2505599856376648,0.5650865435600281,87.01863861083984,16993.0,12.535846710205078,2448.0,0.0,0.0,0.44551411271095276,87.0,0.0,0.0,6.848082542419434,9.932528495788574,6.2920942306518555,0.690568208694458,0.8359291553497314,95.1044692993164,4643.0,4.670217037200928,228.0,0.0,0.0,0.22531750798225403,11.0,0.0,0.0,10.363592147827148,14.91358757019043,9.459324836730957,0.29800909757614136,0.59621262550354,87.64850616455078,4279.0,11.880376815795898,580.0,0.0,0.0,0.47111836075782776,23.0,0.0,0.0,11.963777542114258,17.035545349121094,10.92735481262207,0.07458388805389404,0.438679963350296,83.85907745361328,4094.0,15.587873458862305,761.0,0.0,0.0,0.5530520081520081,27.0,0.0,0.0,12.879426002502441,18.26004409790039,11.763325691223145,-0.07111263275146484,0.32924357056617737,81.46251678466797,3977.0,18.00491714477539,879.0,0.0,0.0,0.532568633556366,26.0,0.0,0.0,0.9695892930030823,0.011052784509956837,0.16893111169338226,0.3091784119606018,0.5218904614448547,-0.017138440161943436,0.11920291930437088,0.9911449551582336,0.9833705425262451,0.35714285714285715,0.28947368264198303,0.2610902190208435,0.23327067494392395,0.2161654233932495
7,0.21910676839510165,10.460795402526855,15.268284797668457,9.563438415527344,0.260259747505188,0.5673739314079285,87.10057067871094,17009.0,12.453911781311035,2432.0,0.0,0.0,0.44551411271095276,87.0,0.0,0.0,6.7666473388671875,9.724674224853516,6.233598709106445,0.7033834457397461,0.84251868724823,95.28881072998047,4652.0,4.465383052825928,218.0,0.0,0.0,0.2458008974790573,12.0,0.0,0.0,10.325014114379883,14.790594100952148,9.422603607177734,0.3095400929450989,0.5997305512428284,87.85333251953125,4289.0,11.696026802062988,571.0,0.0,0.0,0.45063501596450806,22.0,0.0,0.0,11.922987937927246,16.97164535522461,10.888111114501953,0.08151310682296753,0.4369073808193207,83.63375854492188,4083.0,15.813191413879395,772.0,0.0,0.0,0.5530520081520081,27.0,0.0,0.0,12.828539848327637,18.196548461914062,11.709440231323242,-0.06367635726928711,0.32476383447647095,81.62638854980469,3985.0,17.841049194335938,871.0,0.0,0.0,0.532568633556366,26.0,0.0,0.0,0.9581669569015503,0.0111321322619915,0.17022211849689484,0.34098145365715027,0.48879650235176086,0.003415557323023677,0.11920291930437088,0.9907076358795166,0.978030264377594,0.42857142857142855,0.28070175647735596,0.25664159655570984,0.23659147322177887,0.22606515884399414
8,0.2134958876792678,10.37131404876709,15.243124008178711,9.46384334564209,0.2626957893371582,0.5765314102172852,87.18251037597656,17025.0,12.3975830078125,2421.0,0.0,0.0,0.41990989446640015,82.0,0.0,0.0,6.453779697418213,9.342757225036621,5.951074600219727,0.726223886013031,0.8569836616516113,95.9852523803711,4686.0,3.8099141120910645,186.0,0.0,0.0,0.20483408868312836,10.0,0.0,0.0,10.221872329711914,14.715826034545898,9.30764389038086,0.3165031671524048,0.612216055393219,87.8943099975586,4291.0,11.655059814453125,569.0,0.0,0.0,0.45063501596450806,22.0,0.0,0.0,11.946236610412598,17.04859733581543,10.882633209228516,0.07316523790359497,0.44215989112854004,83.83858489990234,4093.0,15.628840446472168,763.0,0.0,0.0,0.532568633556366,26.0,0.0,0.0,12.863365173339844,18.300657272338867,11.714022636413574,-0.07588255405426025,0.3268797695636749,81.01187896728516,3955.0,18.496517181396484,903.0,0.0,0.0,0.4916017949581146,24.0,0.0,0.0,0.9508308172225952,0.011223510839045048,0.15983189642429352,0.3028678596019745,0.5373002290725708,0.00810327846556902,0.11920291930437088,0.9913527965545654,0.9792487621307373,0.5,0.2719298303127289,0.25219297409057617,0.2399122714996338,0.23596492409706116
9,0.20753686883087277,10.36123275756836,15.247297286987305,9.448570251464844,0.26229196786880493,0.5813413858413696,87.25419616699219,17039.0,12.325891494750977,2407.0,0.0,0.0,0.41990989446640015,82.0,0.0,0.0,6.271147727966309,9.061554908752441,5.786649227142334,0.7424563765525818,0.8664731383323669,96.35395050048828,4704.0,3.4412126541137695,168.0,0.0,0.0,0.20483408868312836,10.0,0.0,0.0,10.194620132446289,14.64835262298584,9.277168273925781,0.3227565288543701,0.6202185153961182,87.87382507324219,4290.0,11.675542831420898,570.0,0.0,0.0,0.45063501596450806,22.0,0.0,0.0,11.997945785522461,17.121179580688477,10.916671752929688,0.06525671482086182,0.44551241397857666,83.65424346923828,4084.0,15.813191413879395,772.0,0.0,0.0,0.532568633556366,26.0,0.0,0.0,12.981218338012695,18.441787719726562,11.813791275024414,-0.09254062175750732,0.32781076431274414,81.13478088378906,3961.0,18.37361717224121,897.0,0.0,0.0,0.4916017949581146,24.0,0.0,0.0,0.9519209861755371,0.011270483955740929,0.15839865803718567,0.33354300260543823,0.5080583095550537,0.032392892986536026,0.11920291930437088,0.997601330280304,0.978799045085907,0.5714285714285714,0.2631579041481018,0.2477443516254425,0.2432330846786499,0.24586467444896698
10,0.20138176364136107,10.380175590515137,15.29800796508789,9.44748592376709,0.25737684965133667,0.5818568468093872,87.30541229248047,17049.0,12.279803276062012,2398.0,0.0,0.0,0.41478899121284485,81.0,0.0,0.0,6.16378116607666,8.922011375427246,5.6762824058532715,0.7503273487091064,0.8708984851837158,96.66120147705078,4719.0,3.154445171356201,154.0,0.0,0.0,0.18435066938400269,9.0,0.0,0.0,10.177593231201172,14.652714729309082,9.251913070678711,0.3223531246185303,0.6234816908836365,88.14010620117188,4303.0,11.409258842468262,557.0,0.0,0.0,0.45063501596450806,22.0,0.0,0.0,12.074996948242188,17.207014083862305,10.96321964263916,0.055860698223114014,0.4452781677246094,83.51085662841797,4077.0,15.956574440002441,779.0,0.0,0.0,0.532568633556366,26.0,0.0,0.0,13.104329109191895,18.593828201293945,11.89852523803711,-0.11062932014465332,0.3254070580005646,80.90946197509766,3950.0,18.598934173583984,908.0,0.0,0.0,0.4916017949581146,24.0,0.0,0.0,0.9470183849334717,0.011328409425914288,0.18037205934524536,0.2688577473163605,0.5507702231407166,0.04131412133574486,0.11920291930437088,0.9992337822914124,0.9810084104537964,0.6428571428571429,0.25438597798347473,0.24329572916030884,0.24655388295650482,0.2557644248008728
11,0.1955310487113268,10.406318664550781,15.328912734985352,9.476924896240234,0.2543732523918152,0.5843728184700012,87.20298767089844,17029.0,12.382220268249512,2418.0,0.0,0.0,0.41478899121284485,81.0,0.0,0.0,6.0911641120910645,8.750678062438965,5.610260963439941,0.7598244547843933,0.8768597841262817,96.86604309082031,4729.0,2.949610710144043,144.0,0.0,0.0,0.18435066938400269,9.0,0.0,0.0,10.198603630065918,14.666036605834961,9.278800964355469,0.32112038135528564,0.6269434690475464,88.11962890625,4302.0,11.429741859436035,558.0,0.0,0.0,0.45063501596450806,22.0,0.0,0.0,12.172465324401855,17.30028533935547,11.055829048156738,0.04559755325317383,0.44568589329719543,83.22409057617188,4063.0,16.243343353271484,793.0,0.0,0.0,0.532568633556366,26.0,0.0,0.0,13.163045883178711,18.6798152923584,11.96280574798584,-0.12092530727386475,0.3260270953178406,80.60221099853516,3935.0,18.906187057495117,923.0,0.0,0.0,0.4916017949581146,24.0,0.0,0.0,0.937755823135376,0.011407075449824333,0.14636336266994476,0.3040228486061096,0.5496138334274292,0.050498511642217636,0.11920291930437088,0.9980695843696594,0.985470175743103,0.7142857142857143,0.24561403691768646,0.23884710669517517,0.24987469613552094,0.26566416025161743
12,0.18678631338974155,10.481633186340332,15.400474548339844,9.563641548156738,0.24739521741867065,0.5843758583068848,86.99816131591797,16989.0,12.592175483703613,2459.0,0.0,0.0,0.4096681773662567,80.0,0.0,0.0,6.070739269256592,8.700661659240723,5.603958606719971,0.7625621557235718,0.8789356350898743,96.9070053100586,4731.0,2.908644199371338,142.0,0.0,0.0,0.18435066938400269,9.0,0.0,0.0,10.273038864135742,14.731799125671387,9.360577583312988,0.31501853466033936,0.6267284154891968,88.07865142822266,4300.0,11.470708847045898,560.0,0.0,0.0,0.45063501596450806,22.0,0.0,0.0,12.287742614746094,17.423498153686523,11.177948951721191,0.03195452690124512,0.4444306492805481,82.93731689453125,4049.0,16.550594329833984,808.0,0.0,0.0,0.5120851993560791,25.0,0.0,0.0,13.295010566711426,18.772127151489258,12.112079620361328,-0.13203144073486328,0.32855209708213806,80.06964111328125,3909.0,19.438753128051758,949.0,0.0,0.0,0.4916017949581146,24.0,0.0,0.0,0.9283764958381653,0.01148765254765749,0.1328398734331131,0.29012447595596313,0.5770357251167297,0.05989007279276848,0.11920291930437088,0.9968159794807434,0.9884074926376343,0.7857142857142857,0.23684212565422058,0.2343984991312027,0.25319552421569824,0.27556392550468445
13,0.18227420281167775,10.482184410095215,15.398319244384766,9.573709487915039,0.24760591983795166,0.585241973400116,86.93158721923828,16976.0,12.663866996765137,2473.0,0.0,0.0,0.4045473039150238,79.0,0.0,0.0,6.057773590087891,8.700663566589355,5.595258712768555,0.7625620365142822,0.8791390061378479,96.82506561279297,4727.0,3.011060953140259,147.0,0.0,0.0,0.1638672649860382,8.0,0.0,0.0,10.284735679626465,14.751852035522461,9.380498886108398,0.3131524920463562,0.6258140206336975,87.58705139160156,4276.0,11.962309837341309,584.0,0.0,0.0,0.45063501596450806,22.0,0.0,0.0,12.313165664672852,17.427261352539062,11.217252731323242,0.03153640031814575,0.44587767124176025,82.87586975097656,4046.0,16.612043380737305,811.0,0.0,0.0,0.5120851993560791,25.0,0.0,0.0,13.273061752319336,18.745792388916016,12.101829528808594,-0.12885761260986328,0.33224353194236755,80.43834686279297,3927.0,19.070053100585938,931.0,0.0,0.0,0.4916017949581146,24.0,0.0,0.0,0.9200155735015869,0.01156006008386612,0.137151837348938,0.26179593801498413,0.6010522246360779,0.07018011063337326,0.11920291930437088,0.9944161772727966,0.9869463443756104,0.8571428571428571,0.22807016968727112,0.22994986176490784,0.25651630759239197,0.2854636609554291
14,0.17592836161365097,10.481417655944824,15.459869384765625,9.561041831970215,0.24157893657684326,0.5835586786270142,86.83940887451172,16958.0,12.761163711547852,2492.0,0.0,0.0,0.3994264602661133,78.0,0.0,0.0,6.0460333824157715,8.684800148010254,5.57420015335083,0.7634270787239075,0.8796064257621765,97.09136199951172,4740.0,2.7652599811553955,135.0,0.0,0.0,0.14338386058807373,7.0,0.0,0.0,10.275856971740723,14.788762092590332,9.363527297973633,0.30971115827560425,0.6247320771217346,87.56657409667969,4275.0,11.982793807983398,585.0,0.0,0.0,0.45063501596450806,22.0,0.0,0.0,12.287649154663086,17.505033493041992,11.176859855651855,0.0228731632232666,0.44402846693992615,82.83490753173828,4044.0,16.653011322021484,813.0,0.0,0.0,0.5120851993560791,25.0,0.0,0.0,13.31612777709961,18.85392951965332,12.12957763671875,-0.14191889762878418,0.3310508131980896,79.86481475830078,3899.0,19.64358901977539,959.0,0.0,0.0,0.4916017949581146,24.0,0.0,0.0,0.9121665358543396,0.011628702282905579,0.12567664682865143,0.25839829444885254,0.615925133228302,0.05893614888191223,0.11920291930437088,0.9915732741355896,0.9860259294509888,0.9285714285714286,0.21929824352264404,0.22550123929977417,0.2598370909690857,0.2953633964061737
15,0.1693132114326713,10.572489738464355,15.598966598510742,9.638346672058105,0.22787004709243774,0.58016437292099,86.74211120605469,16939.0,12.85845947265625,2511.0,0.0,0.0,0.3994264602661133,78.0,0.0,0.0,6.06915807723999,8.742956161499023,5.589416027069092,0.7602481245994568,0.8777591586112976,97.05038452148438,4738.0,2.806226968765259,137.0,0.0,0.0,0.14338386058807373,7.0,0.0,0.0,10.341364860534668,14.921965599060059,9.411524772644043,0.2972201108932495,0.6208042502403259,87.75092315673828,4284.0,11.798442840576172,576.0,0.0,0.0,0.45063501596450806,22.0,0.0,0.0,12.413318634033203,17.6884822845459,11.283926963806152,0.002285778522491455,0.4415181577205658,82.36378479003906,4021.0,17.124130249023438,836.0,0.0,0.0,0.5120851993560791,25.0,0.0,0.0,13.466117858886719,19.008533477783203,12.26851749420166,-0.16072332859039307,0.33473169803619385,79.80335998535156,3896.0,19.705039978027344,962.0,0.0,0.0,0.4916017949581146,24.0,0.0,0.0,0.906102180480957,0.011700433678925037,0.133688822388649,0.2831055223941803,0.5832056999206543,0.05887952446937561,0.11920291930437088,0.9885795712471008,0.9863978624343872,1.0,0.21052631735801697,0.2210526168346405,0.2631579041481018,0.3052631616592407
16,0.16008360340931044,10.560749053955078,15.605645179748535,9.62106990814209,0.22720873355865479,0.5780220031738281,86.64993286132812,16921.0,12.940393447875977,2527.0,0.0,0.0,0.4096681773662567,80.0,0.0,0.0,6.063589572906494,8.752134323120117,5.579475402832031,0.7597445249557495,0.8772411346435547,96.9479751586914,4733.0,2.8676772117614746,140.0,0.0,0.0,0.18435066938400269,9.0,0.0,0.0,10.344024658203125,14.932276725769043,9.409521102905273,0.2962486147880554,0.617388129234314,87.54608917236328,4274.0,12.003276824951172,586.0,0.0,0.0,0.45063501596450806,22.0,0.0,0.0,12.393205642700195,17.69231605529785,11.256535530090332,0.0018532276153564453,0.4377579987049103,82.28185272216797,4017.0,17.20606231689453,840.0,0.0,0.0,0.5120851993560791,25.0,0.0,0.0,13.442177772521973,19.014568328857422,12.238747596740723,-0.1614605188369751,0.333903968334198,79.82384490966797,3897.0,19.68455696105957,961.0,0.0,0.0,0.4916017949581146,24.0,0.0,0.0,0.9016496539115906,0.011757894419133663,0.12979647517204285,0.2885889708995819,0.58161461353302,0.06071951612830162,0.11920291930437088,0.9888015389442444,0.983296275138855,1.0,0.21052631735801697,0.2210526168346405,0.2631579041481018,0.3052631616592407
17,0.15179488288552018,10.702648162841797,15.751480102539062,9.754362106323242,0.21269774436950684,0.5730286240577698,86.21978759765625,16837.0,13.375665664672852,2612.0,0.0,0.0,0.4045473039150238,79.0,0.0,0.0,6.077954292297363,8.741974830627441,5.589697360992432,0.760301947593689,0.8776655793190002,97.0299072265625,4737.0,2.806226968765259,137.0,0.0,0.0,0.1638672649860382,8.0,0.0,0.0,10.412774085998535,14.983717918395996,9.471904754638672,0.29139143228530884,0.616458535194397,87.09545135498047,4252.0,12.453911781311035,608.0,0.0,0.0,0.45063501596450806,22.0,0.0,0.0,12.601418495178223,17.880128860473633,11.452946662902832,-0.019450902938842773,0.43121904134750366,81.76976776123047,3992.0,17.71814727783203,865.0,0.0,0.0,0.5120851993560791,25.0,0.0,0.0,13.71844482421875,19.282211303710938,12.502898216247559,-0.19438719749450684,0.32471680641174316,78.98402404785156,3856.0,20.524375915527344,1002.0,0.0,0.0,0.4916017949581146,24.0,0.0,0.0,0.8987400531768799,0.011804932728409767,0.13103337585926056,0.27127864956855774,0.5976880192756653,0.07124790549278259,0.11920291930437088,0.9904806017875671,0.9849337339401245,1.0,0.21052631735801697,0.2210526168346405,0.2631579041481018,0.3052631616592407
step,fold12/test_loss,fold12/test_mae,fold12/test_rmse,fold12/test_mard,fold12/test_r2,fold12/test_pearson,fold12/test_ega_zone_a_pct,fold12/test_ega_zone_a_count,fold12/test_ega_zone_b_pct,fold12/test_ega_zone_b_count,fold12/test_ega_zone_c_pct,fold12/test_ega_zone_c_count,fold12/test_ega_zone_d_pct,fold12/test_ega_zone_d_count,fold12/test_ega_zone_e_pct,fold12/test_ega_zone_e_count,fold12/test_horizon_15_mae,fold12/test_horizon_15_rmse,fold12/test_horizon_15_mard,fold12/test_horizon_15_r2,fold12/test_horizon_15_pearson,fold12/test_horizon_15_ega_zone_a_pct,fold12/test_horizon_15_ega_zone_a_count,fold12/test_horizon_15_ega_zone_b_pct,fold12/test_horizon_15_ega_zone_b_count,fold12/test_horizon_15_ega_zone_c_pct,fold12/test_horizon_15_ega_zone_c_count,fold12/test_horizon_15_ega_zone_d_pct,fold12/test_horizon_15_ega_zone_d_count,fold12/test_horizon_15_ega_zone_e_pct,fold12/test_horizon_15_ega_zone_e_count,fold12/test_horizon_30_mae,fold12/test_horizon_30_rmse,fold12/test_horizon_30_mard,fold12/test_horizon_30_r2,fold12/test_horizon_30_pearson,fold12/test_horizon_30_ega_zone_a_pct,fold12/test_horizon_30_ega_zone_a_count,fold12/test_horizon_30_ega_zone_b_pct,fold12/test_horizon_30_ega_zone_b_count,fold12/test_horizon_30_ega_zone_c_pct,fold12/test_horizon_30_ega_zone_c_count,fold12/test_horizon_30_ega_zone_d_pct,fold12/test_horizon_30_ega_zone_d_count,fold12/test_horizon_30_ega_zone_e_pct,fold12/test_horizon_30_ega_zone_e_count,fold12/test_horizon_45_mae,fold12/test_horizon_45_rmse,fold12/test_horizon_45_mard,fold12/test_horizon_45_r2,fold12/test_horizon_45_pearson,fold12/test_horizon_45_ega_zone_a_pct,fold12/test_horizon_45_ega_zone_a_count,fold12/test_horizon_45_ega_zone_b_pct,fold12/test_horizon_45_ega_zone_b_count,fold12/test_horizon_45_ega_zone_c_pct,fold12/test_horizon_45_ega_zone_c_count,fold12/test_horizon_45_ega_zone_d_pct,fold12/test_horizon_45_ega_zone_d_count,fold12/test_horizon_45_ega_zone_e_pct,fold12/test_horizon_45_ega_zone_e_count,fold12/test_horizon_60_mae,fold12/test_horizon_60_rmse,fold12/test_horizon_60_mard,fold12/test_horizon_60_r2,fold12/test_horizon_60_pearson,fold12/test_horizon_60_ega_zone_a_pct,fold12/test_horizon_60_ega_zone_a_count,fold12/test_horizon_60_ega_zone_b_pct,fold12/test_horizon_60_ega_zone_b_count,fold12/test_horizon_60_ega_zone_c_pct,fold12/test_horizon_60_ega_zone_c_count,fold12/test_horizon_60_ega_zone_d_pct,fold12/test_horizon_60_ega_zone_d_count,fold12/test_horizon_60_ega_zone_e_pct,fold12/test_horizon_60_ega_zone_e_count
0,0.2571212312130536,9.512269973754883,15.357412338256836,7.577481269836426,0.35914814472198486,0.6376243829727173,91.82988739013672,6564.0,8.170117378234863,584.0,0.0,0.0,0.0,0.0,0.0,0.0,5.391533374786377,8.251346588134766,4.316342830657959,0.8167604207992554,0.905241847038269,98.26525115966797,1756.0,1.7347508668899536,31.0,0.0,0.0,0.0,0.0,0.0,0.0,9.290578842163086,14.496274948120117,7.379173278808594,0.4292656183242798,0.6818073987960815,92.05372619628906,1645.0,7.946279048919678,142.0,0.0,0.0,0.0,0.0,0.0,0.0,11.23693561553955,17.453187942504883,8.945487022399902,0.1692381501197815,0.5082212686538696,89.31169128417969,1596.0,10.68830394744873,191.0,0.0,0.0,0.0,0.0,0.0,0.0,12.13002872467041,18.988418579101562,9.668923377990723,0.013989806175231934,0.3948359191417694,87.6888656616211,1567.0,12.311136245727539,220.0,0.0,0.0,0.0,0.0,0.0,0.0
step,fold13/train_loss,fold13/val_mae,fold13/val_rmse,fold13/val_mard,fold13/val_r2,fold13/val_pearson,fold13/val_ega_zone_a_pct,fold13/val_ega_zone_a_count,fold13/val_ega_zone_b_pct,fold13/val_ega_zone_b_count,fold13/val_ega_zone_c_pct,fold13/val_ega_zone_c_count,fold13/val_ega_zone_d_pct,fold13/val_ega_zone_d_count,fold13/val_ega_zone_e_pct,fold13/val_ega_zone_e_count,fold13/val_horizon_15_mae,fold13/val_horizon_15_rmse,fold13/val_horizon_15_mard,fold13/val_horizon_15_r2,fold13/val_horizon_15_pearson,fold13/val_horizon_15_ega_zone_a_pct,fold13/val_horizon_15_ega_zone_a_count,fold13/val_horizon_15_ega_zone_b_pct,fold13/val_horizon_15_ega_zone_b_count,fold13/val_horizon_15_ega_zone_c_pct,fold13/val_horizon_15_ega_zone_c_count,fold13/val_horizon_15_ega_zone_d_pct,fold13/val_horizon_15_ega_zone_d_count,fold13/val_horizon_15_ega_zone_e_pct,fold13/val_horizon_15_ega_zone_e_count,fold13/val_horizon_30_mae,fold13/val_horizon_30_rmse,fold13/val_horizon_30_mard,fold13/val_horizon_30_r2,fold13/val_horizon_30_pearson,fold13/val_horizon_30_ega_zone_a_pct,fold13/val_horizon_30_ega_zone_a_count,fold13/val_horizon_30_ega_zone_b_pct,fold13/val_horizon_30_ega_zone_b_count,fold13/val_horizon_30_ega_zone_c_pct,fold13/val_horizon_30_ega_zone_c_count,fold13/val_horizon_30_ega_zone_d_pct,fold13/val_horizon_30_ega_zone_d_count,fold13/val_horizon_30_ega_zone_e_pct,fold13/val_horizon_30_ega_zone_e_count,fold13/val_horizon_45_mae,fold13/val_horizon_45_rmse,fold13/val_horizon_45_mard,fold13/val_horizon_45_r2,fold13/val_horizon_45_pearson,fold13/val_horizon_45_ega_zone_a_pct,fold13/val_horizon_45_ega_zone_a_count,fold13/val_horizon_45_ega_zone_b_pct,fold13/val_horizon_45_ega_zone_b_count,fold13/val_horizon_45_ega_zone_c_pct,fold13/val_horizon_45_ega_zone_c_count,fold13/val_horizon_45_ega_zone_d_pct,fold13/val_horizon_45_ega_zone_d_count,fold13/val_horizon_45_ega_zone_e_pct,fold13/val_horizon_45_ega_zone_e_count,fold13/val_horizon_60_mae,fold13/val_horizon_60_rmse,fold13/val_horizon_60_mard,fold13/val_horizon_60_r2,fold13/val_horizon_60_pearson,fold13/val_horizon_60_ega_zone_a_pct,fold13/val_horizon_60_ega_zone_a_count,fold13/val_horizon_60_ega_zone_b_pct,fold13/val_horizon_60_ega_zone_b_count,fold13/val_horizon_60_ega_zone_c_pct,fold13/val_horizon_60_ega_zone_c_count,fold13/val_horizon_60_ega_zone_d_pct,fold13/val_horizon_60_ega_zone_d_count,fold13/val_horizon_60_ega_zone_e_pct,fold13/val_horizon_60_ega_zone_e_count,fold13/diag_graph_prior_weight,fold13/diag_graph_residual_mean,fold13/diag_fusion_gate_cgm,fold13/diag_fusion_gate_cgm_guided,fold13/diag_fusion_gate_physio,fold13/diag_horizon_query_similarity,fold13/diag_horizon_progressive_gate,fold13/diag_horizon_attention_similarity,fold13/diag_horizon_attention_entropy,fold13/diag_horizon_curriculum_progress,fold13/diag_loss_horizon_weight_0,fold13/diag_loss_horizon_weight_1,fold13/diag_loss_horizon_weight_2,fold13/diag_loss_horizon_weight_3
1,0.23794105928847267,11.561981201171875,17.139110565185547,9.614877700805664,0.34633469581604004,0.6397273540496826,87.17135620117188,15119.0,12.684501647949219,2200.0,0.0,0.0,0.1441420614719391,25.0,0.0,0.0,6.8555731773376465,10.04908561706543,5.704125881195068,0.7742927074432373,0.8819617033004761,96.95571899414062,4204.0,3.0212175846099854,131.0,0.0,0.0,0.023062730208039284,1.0,0.0,0.0,11.174839973449707,16.33854866027832,9.286050796508789,0.404928982257843,0.6744231581687927,88.03044891357422,3817.0,11.808117866516113,512.0,0.0,0.0,0.16143910586833954,7.0,0.0,0.0,13.493536949157715,19.40287208557129,11.226907730102539,0.16309046745300293,0.5282652378082275,82.887451171875,3594.0,16.928043365478516,734.0,0.0,0.0,0.18450184166431427,8.0,0.0,0.0,14.723978996276855,20.750728607177734,12.242424964904785,0.04670828580856323,0.45170092582702637,80.81181335449219,3504.0,18.980627059936523,823.0,0.0,0.0,0.207564577460289,9.0,0.0,0.0,1.002460241317749,0.011673376895487309,0.34514933824539185,0.30386167764663696,0.3509890139102936,0.009480215609073639,0.11920291930437088,0.9999639391899109,0.9999842047691345,0.0,0.3333333432674408,0.28333333134651184,0.21666665375232697,0.1666666716337204
2,0.23670767257405884,11.463990211486816,16.885324478149414,9.550224304199219,0.36554956436157227,0.6424311399459839,87.62107849121094,15197.0,12.223247528076172,2120.0,0.0,0.0,0.15567342936992645,27.0,0.0,0.0,6.860551834106445,9.96440315246582,5.712884426116943,0.7780807018280029,0.8830996751785278,97.0479736328125,4208.0,2.9059040546417236,126.0,0.0,0.0,0.04612546041607857,2.0,0.0,0.0,11.09969425201416,16.108539581298828,9.235990524291992,0.4215654134750366,0.6769526600837708,88.63007354736328,3843.0,11.208487510681152,486.0,0.0,0.0,0.16143910586833954,7.0,0.0,0.0,13.404417037963867,19.115468978881836,11.163878440856934,0.18770015239715576,0.5285536050796509,83.48709106445312,3620.0,16.30535125732422,707.0,0.0,0.0,0.207564577460289,9.0,0.0,0.0,14.491301536560059,20.402973175048828,12.088144302368164,0.0783926248550415,0.4525930881500244,81.3191909790039,3526.0,18.473247528076172,801.0,0.0,0.0,0.207564577460289,9.0,0.0,0.0,1.0010521411895752,0.01116379164159298,0.3292998969554901,0.2627946138381958,0.40790554881095886,0.01608075201511383,0.11920291930437088,0.9991081357002258,0.9995087385177612,0.07142857142857142,0.3245614171028137,0.2788847088813782,0.21998745203018188,0.17656642198562622
3,0.23535389677584315,11.310195922851562,16.658702850341797,9.439226150512695,0.38246554136276245,0.6497464776039124,87.97278594970703,15258.0,11.871540069580078,2059.0,0.0,0.0,0.15567342936992645,27.0,0.0,0.0,6.781933307647705,9.838260650634766,5.653130054473877,0.783663809299469,0.8859489560127258,97.20941162109375,4215.0,2.744464874267578,119.0,0.0,0.0,0.04612546041607857,2.0,0.0,0.0,10.954237937927246,15.884993553161621,9.13010311126709,0.4375085234642029,0.6840533018112183,88.97601318359375,3858.0,10.86254596710205,471.0,0.0,0.0,0.16143910586833954,7.0,0.0,0.0,13.203655242919922,18.829864501953125,11.021234512329102,0.2117919921875,0.5387887954711914,84.13284301757812,3648.0,15.659594535827637,679.0,0.0,0.0,0.207564577460289,9.0,0.0,0.0,14.300952911376953,20.158405303955078,11.952434539794922,0.10035449266433716,0.4595786929130554,81.5728759765625,3537.0,18.21955680847168,790.0,0.0,0.0,0.207564577460289,9.0,0.0,0.0,0.9991355538368225,0.010803726501762867,0.3036265969276428,0.21063385903835297,0.4857395887374878,0.04060595855116844,0.11920291930437088,0.996417224407196,0.9878085255622864,0.14285714285714285,0.31578949093818665,0.2744360864162445,0.223308265209198,0.18646617233753204
4,0.23334691476003516,11.201545715332031,16.502605438232422,9.339098930358887,0.39398425817489624,0.6525276899337769,88.10540008544922,15281.0,11.738929748535156,2036.0,0.0,0.0,0.15567342936992645,27.0,0.0,0.0,6.690527439117432,9.69162368774414,5.577093601226807,0.7900646328926086,0.8894363045692444,97.3016586303711,4219.0,2.6522140502929688,115.0,0.0,0.0,0.04612546041607857,2.0,0.0,0.0,10.850634574890137,15.71908950805664,9.039697647094727,0.44919657707214355,0.687782883644104,89.22970581054688,3869.0,10.608856201171875,460.0,0.0,0.0,0.16143910586833954,7.0,0.0,0.0,13.076539039611816,18.653776168823242,10.900680541992188,0.2264648675918579,0.5390306115150452,84.13284301757812,3648.0,15.659594535827637,679.0,0.0,0.0,0.207564577460289,9.0,0.0,0.0,14.18847942352295,20.00908088684082,11.8389253616333,0.11363351345062256,0.4543159008026123,81.75737762451172,3545.0,18.03505516052246,782.0,0.0,0.0,0.207564577460289,9.0,0.0,0.0,1.0031307935714722,0.010573716834187508,0.31001463532447815,0.20942774415016174,0.4805576503276825,0.07631167024374008,0.11920291930437088,0.9933557510375977,0.9727839231491089,0.21428571428571427,0.30701756477355957,0.26998746395111084,0.22662906348705292,0.19636592268943787
5,0.22982654291108087,11.066934585571289,16.376230239868164,9.242337226867676,0.40323030948638916,0.657509982585907,88.39944458007812,15332.0,11.444880485534668,1985.0,0.0,0.0,0.15567342936992645,27.0,0.0,0.0,6.42806339263916,9.282021522521973,5.367586612701416,0.8074348568916321,0.8988747000694275,97.55535125732422,4230.0,2.398524045944214,104.0,0.0,0.0,0.04612546041607857,2.0,0.0,0.0,10.72950267791748,15.548711776733398,8.9500093460083,0.46107208728790283,0.6944337487220764,89.48339080810547,3880.0,10.3551664352417,449.0,0.0,0.0,0.16143910586833954,7.0,0.0,0.0,12.993403434753418,18.606569290161133,10.846504211425781,0.23037517070770264,0.5405341982841492,84.5940933227539,3668.0,15.198339462280273,659.0,0.0,0.0,0.207564577460289,9.0,0.0,0.0,14.116764068603516,19.96499252319336,11.80524730682373,0.1175352931022644,0.4550592303276062,81.9649429321289,3554.0,17.827491760253906,773.0,0.0,0.0,0.207564577460289,9.0,0.0,0.0,1.0026700496673584,0.01046573743224144,0.3209587037563324,0.23129288852214813,0.44774845242500305,0.10259098559617996,0.11920291930437088,0.9926466941833496,0.9503077864646912,0.2857142857142857,0.2982456088066101,0.2655388414859772,0.22994986176490784,0.2062656730413437
6,0.2241058794913015,10.830645561218262,16.069753646850586,9.038041114807129,0.4253580570220947,0.6728965044021606,88.77998352050781,15398.0,11.070110321044922,1920.0,0.0,0.0,0.14990775287151337,26.0,0.0,0.0,6.009078025817871,8.620344161987305,5.001295566558838,0.8339106440544128,0.9140641689300537,98.22416687011719,4259.0,1.752767562866211,76.0,0.0,0.0,0.023062730208039284,1.0,0.0,0.0,10.497347831726074,15.167641639709473,8.742839813232422,0.48716461658477783,0.7117446064949036,89.82933807373047,3895.0,10.009225845336914,434.0,0.0,0.0,0.16143910586833954,7.0,0.0,0.0,12.823348045349121,18.357566833496094,10.703514099121094,0.25083625316619873,0.5541225075721741,84.91697692871094,3682.0,14.87546157836914,645.0,0.0,0.0,0.207564577460289,9.0,0.0,0.0,13.99280834197998,19.788379669189453,11.704522132873535,0.13307887315750122,0.465923935174942,82.14944458007812,3562.0,17.642988204956055,765.0,0.0,0.0,0.207564577460289,9.0,0.0,0.0,0.999191403388977,0.010405139066278934,0.34200212359428406,0.22889018058776855,0.4291077256202698,0.11675020307302475,0.11920291930437088,0.9984977841377258,0.9372496008872986,0.35714285714285715,0.28947368264198303,0.2610902190208435,0.23327067494392395,0.2161654233932495
7,0.2216701577474335,10.787694931030273,15.99228286743164,9.0013427734375,0.43088531494140625,0.6766571998596191,88.82034301757812,15405.0,11.035516738891602,1914.0,0.0,0.0,0.1441420614719391,25.0,0.0,0.0,5.8330159187316895,8.297130584716797,4.872542381286621,0.8461319804191589,0.9207161664962769,98.47785949707031,4270.0,1.5221402645111084,66.0,0.0,0.0,0.0,0.0,0.0,0.0,10.459309577941895,15.025355339050293,8.710597038269043,0.49674123525619507,0.7181834578514099,89.85240173339844,3896.0,9.986162185668945,433.0,0.0,0.0,0.16143910586833954,7.0,0.0,0.0,12.843328475952148,18.32536506652832,10.70663070678711,0.2534623146057129,0.5545002222061157,84.94003295898438,3683.0,14.852398872375488,644.0,0.0,0.0,0.207564577460289,9.0,0.0,0.0,14.015128135681152,19.81387710571289,11.715601921081543,0.13084352016448975,0.4611484110355377,82.01107025146484,3556.0,17.78136444091797,771.0,0.0,0.0,0.207564577460289,9.0,0.0,0.0,0.9959099292755127,0.01037467923015356,0.3336579203605652,0.2515496015548706,0.4147925078868866,0.14086636900901794,0.11920291930437088,0.996950626373291,0.9234964847564697,0.42857142857142855,0.28070175647735596,0.25664159655570984,0.23659147322177887,0.22606515884399414
8,0.21823031928925005,10.731270790100098,15.929862976074219,8.95368480682373,0.43531930446624756,0.678584098815918,88.8434066772461,15409.0,11.01245403289795,1910.0,0.0,0.0,0.1441420614719391,25.0,0.0,0.0,5.732038497924805,8.115118026733398,4.794011116027832,0.8528086543083191,0.9241976141929626,98.80073547363281,4284.0,1.199262022972107,52.0,0.0,0.0,0.0,0.0,0.0,0.0,10.429060935974121,14.971695899963379,8.687467575073242,0.5003292560577393,0.7196916937828064,89.89852905273438,3898.0,9.94003677368164,431.0,0.0,0.0,0.16143910586833954,7.0,0.0,0.0,12.85893726348877,18.316181182861328,10.72276782989502,0.2542104125022888,0.5526980757713318,84.82472229003906,3678.0,14.96771240234375,649.0,0.0,0.0,0.207564577460289,9.0,0.0,0.0,13.905045509338379,19.737091064453125,11.610493659973145,0.13756698369979858,0.46139729022979736,81.8496322631836,3549.0,17.94280433654785,778.0,0.0,0.0,0.207564577460289,9.0,0.0,0.0,0.9961873292922974,0.010332910344004631,0.3370141088962555,0.2639126777648926,0.3990732431411743,0.15307630598545074,0.11920291930437088,0.996406614780426,0.921803891658783,0.5,0.2719298303127289,0.25219297409057617,0.2399122714996338,0.23596492409706116
9,0.2167357264132209,10.673578262329102,15.86526870727539,8.917221069335938,0.43988949060440063,0.6811915040016174,88.91259765625,15421.0,10.943265914916992,1898.0,0.0,0.0,0.1441420614719391,25.0,0.0,0.0,5.635957717895508,7.969244956970215,4.723392963409424,0.8580527901649475,0.9270559549331665,98.86992645263672,4287.0,1.1300737857818604,49.0,0.0,0.0,0.0,0.0,0.0,0.0,10.336301803588867,14.87346363067627,8.617273330688477,0.5068646669387817,0.7244415879249573,90.129150390625,3908.0,9.709409713745117,421.0,0.0,0.0,0.16143910586833954,7.0,0.0,0.0,12.804250717163086,18.2574462890625,10.685857772827148,0.25898581743240356,0.5545218586921692,84.8016586303711,3677.0,14.990775108337402,650.0,0.0,0.0,0.207564577460289,9.0,0.0,0.0,13.917804718017578,19.717100143432617,11.642363548278809,0.1393132209777832,0.4584770202636719,81.8496322631836,3549.0,17.94280433654785,778.0,0.0,0.0,0.207564577460289,9.0,0.0,0.0,0.9980772733688354,0.010303748771548271,0.34879329800605774,0.26513612270355225,0.38607057929039,0.1607923060655594,0.11920291930437088,0.9974901080131531,0.9033147096633911,0.5714285714285714,0.2631579041481018,0.2477443516254425,0.2432330846786499,0.24586467444896698
10,0.21564963272827722,10.630315780639648,15.852279663085938,8.87989330291748,0.4408062696456909,0.6811680793762207,88.7684555053711,15396.0,11.087408065795898,1923.0,0.0,0.0,0.1441420614719391,25.0,0.0,0.0,5.566773414611816,7.8926682472229,4.665750503540039,0.8607676029205322,0.9283611178398132,98.91605377197266,4289.0,1.0839483737945557,47.0,0.0,0.0,0.0,0.0,0.0,0.0,10.28052806854248,14.829869270324707,8.577852249145508,0.5097512006759644,0.7255653142929077,90.03689575195312,3904.0,9.801660537719727,425.0,0.0,0.0,0.16143910586833954,7.0,0.0,0.0,12.760229110717773,18.246835708618164,10.653586387634277,0.25984686613082886,0.5540170669555664,84.50184631347656,3664.0,15.2905912399292,663.0,0.0,0.0,0.207564577460289,9.0,0.0,0.0,13.913735389709473,19.748743057250977,11.622384071350098,0.13654839992523193,0.4548512101173401,81.61900329589844,3539.0,18.173431396484375,788.0,0.0,0.0,0.207564577460289,9.0,0.0,0.0,0.993076741695404,0.010323216207325459,0.3687007427215576,0.2621314525604248,0.36916786432266235,0.1612958461046219,0.11920291930437088,0.9964785575866699,0.8897734880447388,0.6428571428571429,0.25438597798347473,0.24329572916030884,0.24655388295650482,0.2557644248008728
11,0.2152557305000862,10.71131706237793,15.965373992919922,8.930719375610352,0.43279892206192017,0.6781342625617981,88.70502471923828,15385.0,11.145064353942871,1933.0,0.005765682552009821,1.0,0.1441420614719391,25.0,0.0,0.0,5.570566177368164,7.870693683624268,4.669185161590576,0.8615418672561646,0.9289599061012268,98.86992645263672,4287.0,1.1300737857818604,49.0,0.0,0.0,0.0,0.0,0.0,0.0,10.341463088989258,14.852156639099121,8.616898536682129,0.5082765817642212,0.725571870803833,90.33671569824219,3917.0,9.501845359802246,412.0,0.0,0.0,0.16143910586833954,7.0,0.0,0.0,12.864518165588379,18.383691787719727,10.71767520904541,0.2487025260925293,0.5499911308288574,84.2020263671875,3651.0,15.567342758178711,675.0,0.023062730208039284,1.0,0.207564577460289,9.0,0.0,0.0,14.068720817565918,19.976940155029297,11.719115257263184,0.11647874116897583,0.447950154542923,81.41143798828125,3530.0,18.380996704101562,797.0,0.0,0.0,0.207564577460289,9.0,0.0,0.0,0.9867051243782043,0.010343876667320728,0.38284069299697876,0.2702012360095978,0.34695813059806824,0.1622791886329651,0.11920291930437088,0.9954049587249756,0.8853704929351807,0.7142857142857143,0.24561403691768646,0.23884710669517517,0.24987469613552094,0.26566416025161743
12,0.21311974427016722,10.866469383239746,16.169422149658203,9.059252738952637,0.4182078242301941,0.6703112721443176,88.32449340820312,15319.0,11.525599479675293,1999.0,0.005765682552009821,1.0,0.1441420614719391,25.0,0.0,0.0,5.576324939727783,7.831874370574951,4.67180871963501,0.8629042506217957,0.9298660755157471,98.80073547363281,4284.0,1.199262022972107,52.0,0.0,0.0,0.0,0.0,0.0,0.0,10.42250919342041,14.94257640838623,8.675850868225098,0.5022710561752319,0.722964346408844,90.10608673095703,3907.0,9.73247241973877,422.0,0.0,0.0,0.16143910586833954,7.0,0.0,0.0,13.100156784057617,18.657657623291016,10.910703659057617,0.2261430025100708,0.5373945236206055,83.44095611572266,3618.0,16.328413009643555,708.0,0.023062730208039284,1.0,0.207564577460289,9.0,0.0,0.0,14.366886138916016,20.324214935302734,11.978646278381348,0.08549380302429199,0.4287976920604706,80.95018005371094,3510.0,18.84225082397461,817.0,0.0,0.0,0.207564577460289,9.0,0.0,0.0,0.9771337509155273,0.010390370152890682,0.3808945417404175,0.26690518856048584,0.35220029950141907,0.15605442225933075,0.11920291930437088,0.991034984588623,0.8987687826156616,0.7857142857142857,0.23684212565422058,0.2343984991312027,0.25319552421569824,0.27556392550468445
13,0.2095104717029383,10.925293922424316,16.2891902923584,9.114941596984863,0.4095572233200073,0.6659983992576599,88.05350494384766,15272.0,11.796586990356445,2046.0,0.005765682552009821,1.0,0.1441420614719391,25.0,0.0,0.0,5.534144878387451,7.777099609375,4.643449783325195,0.8648151755332947,0.930709958076477,98.86992645263672,4287.0,1.1300737857818604,49.0,0.0,0.0,0.0,0.0,0.0,0.0,10.416857719421387,14.957149505615234,8.683740615844727,0.5012997984886169,0.7229111194610596,90.10608673095703,3907.0,9.73247241973877,422.0,0.0,0.0,0.16143910586833954,7.0,0.0,0.0,13.190228462219238,18.79058265686035,10.997406005859375,0.21507710218429565,0.5320135951042175,83.07195281982422,3602.0,16.697416305541992,724.0,0.023062730208039284,1.0,0.207564577460289,9.0,0.0,0.0,14.559942245483398,20.592844009399414,12.135170936584473,0.06115978956222534,0.41554754972457886,80.16605377197266,3476.0,19.62638282775879,851.0,0.0,0.0,0.207564577460289,9.0,0.0,0.0,0.9725267291069031,0.010421820916235447,0.400151789188385,0.2675997316837311,0.3322485089302063,0.15252281725406647,0.11920291930437088,0.9907854199409485,0.8944210410118103,0.8571428571428571,0.22807016968727112,0.22994986176490784,0.25651630759239197,0.2854636609554291
14,0.2056429938304556,10.945158958435059,16.294677734375,9.124900817871094,0.40915924310684204,0.6640161275863647,88.06503295898438,15274.0,11.785056114196777,2044.0,0.0,0.0,0.14990775287151337,26.0,0.0,0.0,5.489514350891113,7.712279796600342,4.607114315032959,0.8670592308044434,0.9318010807037354,98.84686279296875,4286.0,1.1300737857818604,49.0,0.0,0.0,0.023062730208039284,1.0,0.0,0.0,10.412310600280762,14.90910530090332,8.675570487976074,0.5044983625411987,0.7234130501747131,89.99077606201172,3902.0,9.847785949707031,427.0,0.0,0.0,0.16143910586833954,7.0,0.0,0.0,13.214119911193848,18.777042388916016,11.00621509552002,0.2162078619003296,0.5287808775901794,83.51014709472656,3621.0,16.28228759765625,706.0,0.0,0.0,0.207564577460289,9.0,0.0,0.0,14.664692878723145,20.681589126586914,12.210707664489746,0.053050339221954346,0.4041122794151306,79.91236114501953,3465.0,19.88007354736328,862.0,0.0,0.0,0.207564577460289,9.0,0.0,0.0,0.964249849319458,0.010468154214322567,0.42157068848609924,0.2636863589286804,0.3147430419921875,0.14564865827560425,0.11920291930437088,0.9921017289161682,0.8994519114494324,0.9285714285714286,0.21929824352264404,0.22550123929977417,0.2598370909690857,0.2953633964061737
15,0.20245230680638301,10.990473747253418,16.338409423828125,9.174779891967773,0.405983567237854,0.6624315977096558,87.9266586303711,15250.0,11.929197311401367,2069.0,0.0,0.0,0.1441420614719391,25.0,0.0,0.0,5.500104904174805,7.740703105926514,4.613550186157227,0.8660775423049927,0.9313097596168518,98.86992645263672,4287.0,1.1300737857818604,49.0,0.0,0.0,0.0,0.0,0.0,0.0,10.436624526977539,14.95125961303711,8.694475173950195,0.5016924738883972,0.7221161723136902,89.89852905273438,3898.0,9.94003677368164,431.0,0.0,0.0,0.16143910586833954,7.0,0.0,0.0,13.288430213928223,18.85674476623535,11.082289695739746,0.20953983068466187,0.5259813666343689,83.02583312988281,3600.0,16.766605377197266,727.0,0.0,0.0,0.207564577460289,9.0,0.0,0.0,14.736734390258789,20.70601463317871,12.308804512023926,0.05081230401992798,0.4035329222679138,79.91236114501953,3465.0,19.88007354736328,862.0,0.0,0.0,0.207564577460289,9.0,0.0,0.0,0.9583732485771179,0.010518910363316536,0.433155357837677,0.26516517996788025,0.30167949199676514,0.14018091559410095,0.11920291930437088,0.9917845129966736,0.9074751138687134,1.0,0.21052631735801697,0.2210526168346405,0.2631579041481018,0.3052631616592407
16,0.19756576004391155,11.186483383178711,16.64349365234375,9.371234893798828,0.3835926055908203,0.6481959819793701,87.425048828125,15163.0,12.419280052185059,2154.0,0.005765682552009821,1.0,0.14990775287151337,26.0,0.0,0.0,5.5243306159973145,7.7766923904418945,4.638064861297607,0.8648293614387512,0.9304561018943787,98.84686279296875,4286.0,1.1300737857818604,49.0,0.0,0.0,0.023062730208039284,1.0,0.0,0.0,10.563963890075684,15.117703437805176,8.814229965209961,0.4905359745025635,0.7143977880477905,89.39114379882812,3876.0,10.447417259216309,453.0,0.0,0.0,0.16143910586833954,7.0,0.0,0.0,13.546781539916992,19.22062873840332,11.340780258178711,0.1787380576133728,0.5054712891578674,82.31088256835938,3569.0,17.458486557006836,757.0,0.023062730208039284,1.0,0.207564577460289,9.0,0.0,0.0,15.110857963562012,21.203041076660156,12.691868782043457,0.004696846008300781,0.374586820602417,79.15129089355469,3432.0,20.641143798828125,895.0,0.0,0.0,0.207564577460289,9.0,0.0,0.0,0.9522997140884399,0.01057096105068922,0.4368763566017151,0.2606036067008972,0.30252015590667725,0.13991887867450714,0.11920291930437088,0.9902039170265198,0.9164312481880188,1.0,0.21052631735801697,0.2210526168346405,0.2631579041481018,0.3052631616592407
17,0.19160167750577428,11.14744758605957,16.598203659057617,9.353525161743164,0.3869427442550659,0.6501883864402771,87.75945281982422,15221.0,12.096402168273926,2098.0,0.0,0.0,0.1441420614719391,25.0,0.0,0.0,5.522756576538086,7.7790093421936035,4.637410640716553,0.8647487759590149,0.9304158091545105,98.89299011230469,4288.0,1.107011079788208,48.0,0.0,0.0,0.0,0.0,0.0,0.0,10.541257858276367,15.096087455749512,8.806573867797852,0.49199187755584717,0.7149112820625305,89.78321075439453,3893.0,10.055350303649902,436.0,0.0,0.0,0.16143910586833954,7.0,0.0,0.0,13.504223823547363,19.1706485748291,11.320685386657715,0.18300378322601318,0.508358359336853,82.9566421508789,3597.0,16.83579444885254,730.0,0.0,0.0,0.207564577460289,9.0,0.0,0.0,15.021552085876465,21.12067413330078,12.649429321289062,0.012414753437042236,0.3827820420265198,79.40498352050781,3443.0,20.387454986572266,884.0,0.0,0.0,0.207564577460289,9.0,0.0,0.0,0.9476544857025146,0.010614970698952675,0.4270152449607849,0.2576848566532135,0.3152998983860016,0.1299286186695099,0.11920291930437088,0.9887173771858215,0.9219502210617065,1.0,0.21052631735801697,0.2210526168346405,0.2631579041481018,0.3052631616592407
18,0.1849897468957086,11.135311126708984,16.57387351989746,9.348872184753418,0.3887386918067932,0.6517194509506226,87.8920669555664,15244.0,11.95226001739502,2073.0,0.005765682552009821,1.0,0.14990775287151337,26.0,0.0,0.0,5.497709274291992,7.716377258300781,4.618283271789551,0.8669179677963257,0.9315810799598694,98.89299011230469,4288.0,1.0839483737945557,47.0,0.0,0.0,0.023062730208039284,1.0,0.0,0.0,10.509743690490723,15.022106170654297,8.783161163330078,0.49695879220962524,0.7178304195404053,89.78321075439453,3893.0,10.055350303649902,436.0,0.0,0.0,0.16143910586833954,7.0,0.0,0.0,13.492076873779297,19.143917083740234,11.318490028381348,0.18528050184249878,0.5104814767837524,83.00276947021484,3599.0,16.766605377197266,727.0,0.023062730208039284,1.0,0.207564577460289,9.0,0.0,0.0,15.041714668273926,21.144203186035156,12.675549507141113,0.010213136672973633,0.3831421136856079,79.88929748535156,3464.0,19.90313720703125,863.0,0.0,0.0,0.207564577460289,9.0,0.0,0.0,0.9431197643280029,0.010660875588655472,0.42730188369750977,0.25589612126350403,0.316802054643631,0.1303807944059372,0.11920291930437088,0.9859044551849365,0.9261527061462402,1.0,0.21052631735801697,0.2210526168346405,0.2631579041481018,0.3052631616592407
step,fold13/test_loss,fold13/test_mae,fold13/test_rmse,fold13/test_mard,fold13/test_r2,fold13/test_pearson,fold13/test_ega_zone_a_pct,fold13/test_ega_zone_a_count,fold13/test_ega_zone_b_pct,fold13/test_ega_zone_b_count,fold13/test_ega_zone_c_pct,fold13/test_ega_zone_c_count,fold13/test_ega_zone_d_pct,fold13/test_ega_zone_d_count,fold13/test_ega_zone_e_pct,fold13/test_ega_zone_e_count,fold13/test_horizon_15_mae,fold13/test_horizon_15_rmse,fold13/test_horizon_15_mard,fold13/test_horizon_15_r2,fold13/test_horizon_15_pearson,fold13/test_horizon_15_ega_zone_a_pct,fold13/test_horizon_15_ega_zone_a_count,fold13/test_horizon_15_ega_zone_b_pct,fold13/test_horizon_15_ega_zone_b_count,fold13/test_horizon_15_ega_zone_c_pct,fold13/test_horizon_15_ega_zone_c_count,fold13/test_horizon_15_ega_zone_d_pct,fold13/test_horizon_15_ega_zone_d_count,fold13/test_horizon_15_ega_zone_e_pct,fold13/test_horizon_15_ega_zone_e_count,fold13/test_horizon_30_mae,fold13/test_horizon_30_rmse,fold13/test_horizon_30_mard,fold13/test_horizon_30_r2,fold13/test_horizon_30_pearson,fold13/test_horizon_30_ega_zone_a_pct,fold13/test_horizon_30_ega_zone_a_count,fold13/test_horizon_30_ega_zone_b_pct,fold13/test_horizon_30_ega_zone_b_count,fold13/test_horizon_30_ega_zone_c_pct,fold13/test_horizon_30_ega_zone_c_count,fold13/test_horizon_30_ega_zone_d_pct,fold13/test_horizon_30_ega_zone_d_count,fold13/test_horizon_30_ega_zone_e_pct,fold13/test_horizon_30_ega_zone_e_count,fold13/test_horizon_45_mae,fold13/test_horizon_45_rmse,fold13/test_horizon_45_mard,fold13/test_horizon_45_r2,fold13/test_horizon_45_pearson,fold13/test_horizon_45_ega_zone_a_pct,fold13/test_horizon_45_ega_zone_a_count,fold13/test_horizon_45_ega_zone_b_pct,fold13/test_horizon_45_ega_zone_b_count,fold13/test_horizon_45_ega_zone_c_pct,fold13/test_horizon_45_ega_zone_c_count,fold13/test_horizon_45_ega_zone_d_pct,fold13/test_horizon_45_ega_zone_d_count,fold13/test_horizon_45_ega_zone_e_pct,fold13/test_horizon_45_ega_zone_e_count,fold13/test_horizon_60_mae,fold13/test_horizon_60_rmse,fold13/test_horizon_60_mard,fold13/test_horizon_60_r2,fold13/test_horizon_60_pearson,fold13/test_horizon_60_ega_zone_a_pct,fold13/test_horizon_60_ega_zone_a_count,fold13/test_horizon_60_ega_zone_b_pct,fold13/test_horizon_60_ega_zone_b_count,fold13/test_horizon_60_ega_zone_c_pct,fold13/test_horizon_60_ega_zone_c_count,fold13/test_horizon_60_ega_zone_d_pct,fold13/test_horizon_60_ega_zone_d_count,fold13/test_horizon_60_ega_zone_e_pct,fold13/test_horizon_60_ega_zone_e_count
0,0.35127876999446883,12.135004997253418,19.082725524902344,8.980622291564941,0.27865737676620483,0.6234034299850464,88.2716064453125,6864.0,11.728394508361816,912.0,0.0,0.0,0.0,0.0,0.0,0.0,5.6636176109313965,8.663186073303223,4.3407111167907715,0.851299524307251,0.9274595975875854,98.456787109375,1914.0,1.5432099103927612,30.0,0.0,0.0,0.0,0.0,0.0,0.0,10.99511432647705,16.79249382019043,8.177948951721191,0.4416491389274597,0.7124660015106201,91.71810913085938,1783.0,8.281893730163574,161.0,0.0,0.0,0.0,0.0,0.0,0.0,14.686779022216797,21.899105072021484,10.786676406860352,0.05027484893798828,0.48317351937294006,84.46501922607422,1642.0,15.534978866577148,302.0,0.0,0.0,0.0,0.0,0.0,0.0,17.194507598876953,24.899648666381836,12.617151260375977,-0.22871482372283936,0.3107909560203552,78.44650268554688,1525.0,21.553499221801758,419.0,0.0,0.0,0.0,0.0,0.0,0.0
step,fold14/train_loss,fold14/val_mae,fold14/val_rmse,fold14/val_mard,fold14/val_r2,fold14/val_pearson,fold14/val_ega_zone_a_pct,fold14/val_ega_zone_a_count,fold14/val_ega_zone_b_pct,fold14/val_ega_zone_b_count,fold14/val_ega_zone_c_pct,fold14/val_ega_zone_c_count,fold14/val_ega_zone_d_pct,fold14/val_ega_zone_d_count,fold14/val_ega_zone_e_pct,fold14/val_ega_zone_e_count,fold14/val_horizon_15_mae,fold14/val_horizon_15_rmse,fold14/val_horizon_15_mard,fold14/val_horizon_15_r2,fold14/val_horizon_15_pearson,fold14/val_horizon_15_ega_zone_a_pct,fold14/val_horizon_15_ega_zone_a_count,fold14/val_horizon_15_ega_zone_b_pct,fold14/val_horizon_15_ega_zone_b_count,fold14/val_horizon_15_ega_zone_c_pct,fold14/val_horizon_15_ega_zone_c_count,fold14/val_horizon_15_ega_zone_d_pct,fold14/val_horizon_15_ega_zone_d_count,fold14/val_horizon_15_ega_zone_e_pct,fold14/val_horizon_15_ega_zone_e_count,fold14/val_horizon_30_mae,fold14/val_horizon_30_rmse,fold14/val_horizon_30_mard,fold14/val_horizon_30_r2,fold14/val_horizon_30_pearson,fold14/val_horizon_30_ega_zone_a_pct,fold14/val_horizon_30_ega_zone_a_count,fold14/val_horizon_30_ega_zone_b_pct,fold14/val_horizon_30_ega_zone_b_count,fold14/val_horizon_30_ega_zone_c_pct,fold14/val_horizon_30_ega_zone_c_count,fold14/val_horizon_30_ega_zone_d_pct,fold14/val_horizon_30_ega_zone_d_count,fold14/val_horizon_30_ega_zone_e_pct,fold14/val_horizon_30_ega_zone_e_count,fold14/val_horizon_45_mae,fold14/val_horizon_45_rmse,fold14/val_horizon_45_mard,fold14/val_horizon_45_r2,fold14/val_horizon_45_pearson,fold14/val_horizon_45_ega_zone_a_pct,fold14/val_horizon_45_ega_zone_a_count,fold14/val_horizon_45_ega_zone_b_pct,fold14/val_horizon_45_ega_zone_b_count,fold14/val_horizon_45_ega_zone_c_pct,fold14/val_horizon_45_ega_zone_c_count,fold14/val_horizon_45_ega_zone_d_pct,fold14/val_horizon_45_ega_zone_d_count,fold14/val_horizon_45_ega_zone_e_pct,fold14/val_horizon_45_ega_zone_e_count,fold14/val_horizon_60_mae,fold14/val_horizon_60_rmse,fold14/val_horizon_60_mard,fold14/val_horizon_60_r2,fold14/val_horizon_60_pearson,fold14/val_horizon_60_ega_zone_a_pct,fold14/val_horizon_60_ega_zone_a_count,fold14/val_horizon_60_ega_zone_b_pct,fold14/val_horizon_60_ega_zone_b_count,fold14/val_horizon_60_ega_zone_c_pct,fold14/val_horizon_60_ega_zone_c_count,fold14/val_horizon_60_ega_zone_d_pct,fold14/val_horizon_60_ega_zone_d_count,fold14/val_horizon_60_ega_zone_e_pct,fold14/val_horizon_60_ega_zone_e_count,fold14/diag_graph_prior_weight,fold14/diag_graph_residual_mean,fold14/diag_fusion_gate_cgm,fold14/diag_fusion_gate_cgm_guided,fold14/diag_fusion_gate_physio,fold14/diag_horizon_query_similarity,fold14/diag_horizon_progressive_gate,fold14/diag_horizon_attention_similarity,fold14/diag_horizon_attention_entropy,fold14/diag_horizon_curriculum_progress,fold14/diag_loss_horizon_weight_0,fold14/diag_loss_horizon_weight_1,fold14/diag_loss_horizon_weight_2,fold14/diag_loss_horizon_weight_3
1,0.24655821369257347,9.704597473144531,14.932088851928711,8.098079681396484,0.5427204966545105,0.7465810775756836,91.71525573730469,15731.0,8.226446151733398,1411.0,0.0,0.0,0.05830223858356476,10.0,0.0,0.0,5.8337321281433105,8.571314811706543,4.927709102630615,0.8491271734237671,0.9220871925354004,98.08768463134766,4206.0,1.8190298080444336,78.0,0.0,0.0,0.09328357875347137,4.0,0.0,0.0,9.213946342468262,13.707155227661133,7.698396682739258,0.6145782470703125,0.7892251014709473,92.6305923461914,3972.0,7.322761535644531,314.0,0.0,0.0,0.04664178937673569,2.0,0.0,0.0,11.23886489868164,16.732486724853516,9.377930641174316,0.4258521795272827,0.6718218922615051,88.99253845214844,3816.0,10.960821151733398,470.0,0.0,0.0,0.04664178937673569,2.0,0.0,0.0,12.531845092773438,18.722698211669922,10.38828182220459,0.28212064504623413,0.5842033624649048,87.15018463134766,3737.0,12.803171157836914,549.0,0.0,0.0,0.04664178937673569,2.0,0.0,0.0,1.0024054050445557,0.011660214513540268,0.5286214351654053,0.2502911686897278,0.2210874706506729,-0.008177983574569225,0.11920291930437088,0.9998862147331238,0.9999738335609436,0.0,0.3333333432674408,0.28333333134651184,0.21666665375232697,0.1666666716337204
2,0.24221977698796268,9.747116088867188,14.912363052368164,8.145405769348145,0.5439279079437256,0.7432247996330261,91.6744384765625,15724.0,8.267257690429688,1418.0,0.0,0.0,0.05830223858356476,10.0,0.0,0.0,5.79574728012085,8.506036758422852,4.9103522300720215,0.8514164686203003,0.923002302646637,98.13432312011719,4208.0,1.7723881006240845,76.0,0.0,0.0,0.09328357875347137,4.0,0.0,0.0,9.242326736450195,13.663414001464844,7.730681419372559,0.6170341968536377,0.7880315780639648,92.67723846435547,3974.0,7.276119232177734,312.0,0.0,0.0,0.04664178937673569,2.0,0.0,0.0,11.301065444946289,16.741104125976562,9.416723251342773,0.42526060342788696,0.6654030680656433,89.10913848876953,3821.0,10.844216346740723,465.0,0.0,0.0,0.04664178937673569,2.0,0.0,0.0,12.649320602416992,18.713851928710938,10.523870468139648,0.28279900550842285,0.5689902305603027,86.77704620361328,3721.0,13.176305770874023,565.0,0.0,0.0,0.04664178937673569,2.0,0.0,0.0,1.0014909505844116,0.011236563324928284,0.3135240972042084,0.3552910387516022,0.33118486404418945,0.0020688471850007772,0.11920291930437088,0.9996649622917175,0.9991071224212646,0.07142857142857142,0.3245614171028137,0.2788847088813782,0.21998745203018188,0.17656642198562622
3,0.24181313352576378,9.78759765625,14.974346160888672,8.169633865356445,0.5401287078857422,0.739916205406189,91.5286865234375,15699.0,8.413013458251953,1443.0,0.0,0.0,0.05830223858356476,10.0,0.0,0.0,5.8077898025512695,8.467201232910156,4.928745269775391,0.8527701497077942,0.9238590002059937,98.0177230834961,4203.0,1.888992428779602,81.0,0.0,0.0,0.09328357875347137,4.0,0.0,0.0,9.306259155273438,13.737071990966797,7.781008720397949,0.6128939390182495,0.7847476601600647,92.6072769165039,3971.0,7.346081733703613,315.0,0.0,0.0,0.04664178937673569,2.0,0.0,0.0,11.329235076904297,16.820024490356445,9.422586441040039,0.41982901096343994,0.6607018709182739,89.10913848876953,3821.0,10.844216346740723,465.0,0.0,0.0,0.04664178937673569,2.0,0.0,0.0,12.707101821899414,18.804529190063477,10.546198844909668,0.2758316397666931,0.5613328218460083,86.3805923461914,3704.0,13.572761535644531,582.0,0.0,0.0,0.04664178937673569,2.0,0.0,0.0,0.9957382678985596,0.011077665723860264,0.33477774262428284,0.2876797318458557,0.3775425851345062,0.023371407762169838,0.11920291930437088,0.9995836615562439,0.9872908592224121,0.14285714285714285,0.31578949093818665,0.2744360864162445,0.223308265209198,0.18646617233753204
4,0.2394762308014932,9.766805648803711,14.934568405151367,8.128154754638672,0.5425686836242676,0.7424230575561523,91.6744384765625,15724.0,8.267257690429688,1418.0,0.0,0.0,0.05830223858356476,10.0,0.0,0.0,5.598042964935303,8.2005033493042,4.728227615356445,0.8618988990783691,0.9294192790985107,98.13432312011719,4208.0,1.7723881006240845,76.0,0.0,0.0,0.09328357875347137,4.0,0.0,0.0,9.292998313903809,13.691547393798828,7.748638153076172,0.6154555082321167,0.787135899066925,92.77052307128906,3978.0,7.182835578918457,308.0,0.0,0.0,0.04664178937673569,2.0,0.0,0.0,11.35567569732666,16.81832504272461,9.418110847473145,0.41994625329971313,0.6607698202133179,89.20243072509766,3825.0,10.750932693481445,461.0,0.0,0.0,0.04664178937673569,2.0,0.0,0.0,12.82050609588623,18.830894470214844,10.617639541625977,0.2737996578216553,0.5576946139335632,86.59048461914062,3713.0,13.362873077392578,573.0,0.0,0.0,0.04664178937673569,2.0,0.0,0.0,0.9910655617713928,0.0110491793602705,0.2762736976146698,0.3428339660167694,0.38089242577552795,0.04331051930785179,0.11920291930437088,0.9841859936714172,0.9580003023147583,0.21428571428571427,0.30701756477355957,0.26998746395111084,0.22662906348705292,0.19636592268943787
5,0.23321509416786404,9.48213005065918,14.561197280883789,7.9159626960754395,0.5651547908782959,0.7561468482017517,91.90181732177734,15763.0,8.034048080444336,1378.0,0.0,0.0,0.064132459461689,11.0,0.0,0.0,5.1259846687316895,7.450937271118164,4.354485511779785,0.8859913349151611,0.9418988227844238,98.8805923461914,4240.0,1.026119351387024,44.0,0.0,0.0,0.09328357875347137,4.0,0.0,0.0,9.000478744506836,13.21158504486084,7.522968292236328,0.6419435739517212,0.8034361600875854,93.19029998779297,3996.0,6.739738464355469,289.0,0.0,0.0,0.06996268779039383,3.0,0.0,0.0,11.200433731079102,16.548065185546875,9.312091827392578,0.4384385943412781,0.6716856956481934,89.17910766601562,3824.0,10.774253845214844,462.0,0.0,0.0,0.04664178937673569,2.0,0.0,0.0,12.60162353515625,18.552976608276367,10.474306106567383,0.2950769066810608,0.5710692405700684,86.3572769165039,3703.0,13.596081733703613,583.0,0.0,0.0,0.04664178937673569,2.0,0.0,0.0,0.983994722366333,0.011058617383241653,0.2655888795852661,0.41760119795799255,0.3168099522590637,0.06877043098211288,0.11920291930437088,0.9676811099052429,0.9208716154098511,0.2857142857142857,0.2982456088066101,0.2655388414859772,0.22994986176490784,0.2062656730413437
6,0.22723828218978195,9.41111946105957,14.523612022399902,7.8580522537231445,0.5673967003822327,0.7581185102462769,91.84351348876953,15753.0,8.104011535644531,1390.0,0.0,0.0,0.05247201770544052,9.0,0.0,0.0,4.882026672363281,7.011316776275635,4.167138576507568,0.8990479111671448,0.9483717083930969,99.11380767822266,4250.0,0.7929104566574097,34.0,0.0,0.0,0.09328357875347137,4.0,0.0,0.0,8.87547779083252,12.984312057495117,7.435459136962891,0.6541565656661987,0.8106613755226135,93.47015380859375,4008.0,6.459887981414795,277.0,0.0,0.0,0.06996268779039383,3.0,0.0,0.0,11.208648681640625,16.579452514648438,9.319665908813477,0.436306357383728,0.6708062887191772,88.92256927490234,3813.0,11.054104804992676,474.0,0.0,0.0,0.023320894688367844,1.0,0.0,0.0,12.678322792053223,18.73798370361328,10.509943962097168,0.2809479832649231,0.5617359280586243,85.86753845214844,3682.0,14.109142303466797,605.0,0.0,0.0,0.023320894688367844,1.0,0.0,0.0,0.9795479774475098,0.011069143190979958,0.2672075927257538,0.4301767647266388,0.3026157021522522,0.08312428742647171,0.11920291930437088,0.9706096053123474,0.9009011387825012,0.35714285714285715,0.28947368264198303,0.2610902190208435,0.23327067494392395,0.2161654233932495
7,0.22276695722185136,9.32821273803711,14.503518104553223,7.781129837036133,0.5685928463935852,0.7590345144271851,91.98927307128906,15778.0,7.969915866851807,1367.0,0.0,0.0,0.04081156849861145,7.0,0.0,0.0,4.802294731140137,6.8103928565979,4.1111650466918945,0.9047510027885437,0.9513493776321411,99.20709228515625,4254.0,0.7229477763175964,31.0,0.0,0.0,0.06996268779039383,3.0,0.0,0.0,8.814112663269043,12.895522117614746,7.386214256286621,0.6588703393936157,0.8137017488479614,93.58675384521484,4013.0,6.343283653259277,272.0,0.0,0.0,0.06996268779039383,3.0,0.0,0.0,11.137581825256348,16.604246139526367,9.246752738952637,0.43461906909942627,0.6698098182678223,88.92256927490234,3813.0,11.054104804992676,474.0,0.0,0.0,0.023320894688367844,1.0,0.0,0.0,12.558863639831543,18.789125442504883,10.380387306213379,0.2770177125930786,0.5581398606300354,86.24067687988281,3698.0,13.759328842163086,590.0,0.0,0.0,0.0,0.0,0.0,0.0,0.9714043140411377,0.011100790463387966,0.3036952614784241,0.4076453149318695,0.2886594831943512,0.08823910355567932,0.11920291930437088,0.9724428057670593,0.8974436521530151,0.42857142857142855,0.28070175647735596,0.25664159655570984,0.23659147322177887,0.22606515884399414
8,0.22050924895830276,9.312009811401367,14.485453605651855,7.757987976074219,0.569666862487793,0.7596319317817688,92.08255767822266,15794.0,7.876632213592529,1351.0,0.0,0.0,0.04081156849861145,7.0,0.0,0.0,4.734230041503906,6.71816349029541,4.056633949279785,0.907313346862793,0.9526730179786682,99.25373077392578,4256.0,0.6763059496879578,29.0,0.0,0.0,0.06996268779039383,3.0,0.0,0.0,8.77578067779541,12.81965446472168,7.358783721923828,0.6628724336624146,0.8158997297286987,93.58675384521484,4013.0,6.343283653259277,272.0,0.0,0.0,0.06996268779039383,3.0,0.0,0.0,11.18362045288086,16.625595092773438,9.267047882080078,0.4331642985343933,0.6683098077774048,88.80596923828125,3808.0,11.170709609985352,479.0,0.0,0.0,0.023320894688367844,1.0,0.0,0.0,12.554405212402344,18.799623489379883,10.349483489990234,0.27620959281921387,0.5559924840927124,86.68376922607422,3717.0,13.316231727600098,571.0,0.0,0.0,0.0,0.0,0.0,0.0,0.9668004512786865,0.011130920611321926,0.2885427474975586,0.40920910239219666,0.3022482097148895,0.08636979013681412,0.11920291930437088,0.976330578327179,0.9054462909698486,0.5,0.2719298303127289,0.25219297409057617,0.2399122714996338,0.23596492409706116
9,0.21784130358286338,9.340404510498047,14.535419464111328,7.784877777099609,0.5666929483413696,0.756934642791748,92.00675964355469,15781.0,7.952425479888916,1364.0,0.0,0.0,0.04081156849861145,7.0,0.0,0.0,4.709664344787598,6.7133941650390625,4.038724422454834,0.9074448943138123,0.9527989029884338,99.20709228515625,4254.0,0.7229477763175964,31.0,0.0,0.0,0.06996268779039383,3.0,0.0,0.0,8.790063858032227,12.895681381225586,7.368838787078857,0.6588619351387024,0.8133141398429871,93.37686157226562,4004.0,6.553171634674072,281.0,0.0,0.0,0.06996268779039383,3.0,0.0,0.0,11.246989250183105,16.738611221313477,9.325810432434082,0.4254317283630371,0.6614000201225281,88.66604614257812,3802.0,11.310633659362793,485.0,0.0,0.0,0.023320894688367844,1.0,0.0,0.0,12.614898681640625,18.803308486938477,10.406136512756348,0.27592581510543823,0.551669716835022,86.77704620361328,3721.0,13.22294807434082,567.0,0.0,0.0,0.0,0.0,0.0,0.0,0.9614695906639099,0.011155477724969387,0.2815193831920624,0.4181880056858063,0.3002926707267761,0.08809030055999756,0.11920291930437088,0.9798995852470398,0.9032317399978638,0.5714285714285714,0.2631579041481018,0.2477443516254425,0.2432330846786499,0.24586467444896698
10,0.21278696138826067,9.26773452758789,14.481210708618164,7.702183723449707,0.5699189305305481,0.7596694827079773,92.05923461914062,15790.0,7.894123554229736,1354.0,0.0,0.0,0.04664178937673569,8.0,0.0,0.0,4.682408809661865,6.713705539703369,4.010341644287109,0.9074363112449646,0.952914834022522,99.18376922607422,4253.0,0.746268630027771,32.0,0.0,0.0,0.06996268779039383,3.0,0.0,0.0,8.766265869140625,12.918715476989746,7.328906536102295,0.6576421856880188,0.8133416771888733,93.61006927490234,4014.0,6.319962501525879,271.0,0.0,0.0,0.06996268779039383,3.0,0.0,0.0,11.145529747009277,16.67190170288086,9.213628768920898,0.4300023913383484,0.6653850078582764,88.6427230834961,3801.0,11.333954811096191,486.0,0.0,0.0,0.023320894688367844,1.0,0.0,0.0,12.476737022399902,18.67893409729004,10.255857467651367,0.28547292947769165,0.5598137378692627,86.80036926269531,3722.0,13.176305770874023,565.0,0.0,0.0,0.023320894688367844,1.0,0.0,0.0,0.955146312713623,0.011196494102478027,0.2769094705581665,0.41955316066741943,0.30353739857673645,0.08689826726913452,0.11920291930437088,0.9785506129264832,0.908765435218811,0.6428571428571429,0.25438597798347473,0.24329572916030884,0.24655388295650482,0.2557644248008728
11,0.21029688859700554,9.3446626663208,14.603450775146484,7.762350082397461,0.5626274347305298,0.7558609247207642,92.03008270263672,15785.0,7.929104804992676,1360.0,0.0,0.0,0.04081156849861145,7.0,0.0,0.0,4.684483528137207,6.715080261230469,4.010582447052002,0.9073984026908875,0.9529185891151428,99.13713073730469,4251.0,0.7929104566574097,34.0,0.0,0.0,0.06996268779039383,3.0,0.0,0.0,8.830638885498047,13.01014518737793,7.3824920654296875,0.6527791023254395,0.8106637597084045,93.47015380859375,4008.0,6.459887981414795,277.0,0.0,0.0,0.06996268779039383,3.0,0.0,0.0,11.252750396728516,16.82650375366211,9.298015594482422,0.41938191652297974,0.6599326729774475,88.89925384521484,3812.0,11.077425956726074,475.0,0.0,0.0,0.023320894688367844,1.0,0.0,0.0,12.6107759475708,18.856185913085938,10.358311653137207,0.271847665309906,0.5532301664352417,86.61380767822266,3714.0,13.386194229125977,574.0,0.0,0.0,0.0,0.0,0.0,0.0,0.9486018419265747,0.011255866847932339,0.3075074255466461,0.3929929733276367,0.29949963092803955,0.09387317299842834,0.11920291930437088,0.9739770889282227,0.905171811580658,0.7142857142857143,0.24561403691768646,0.23884710669517517,0.24987469613552094,0.26566416025161743
12,0.20517666239382917,9.451264381408691,14.7616605758667,7.849200248718262,0.5530993342399597,0.750751793384552,91.69776153564453,15728.0,8.26142692565918,1417.0,0.0,0.0,0.04081156849861145,7.0,0.0,0.0,4.747713565826416,6.795584678649902,4.060781478881836,0.9051647186279297,0.9518837332725525,99.11380767822266,4250.0,0.8162313103675842,35.0,0.0,0.0,0.06996268779039383,3.0,0.0,0.0,8.919346809387207,13.138654708862305,7.456955432891846,0.6458857655525208,0.8070370554924011,93.37686157226562,4004.0,6.576492786407471,282.0,0.0,0.0,0.04664178937673569,2.0,0.0,0.0,11.392131805419922,17.013202667236328,9.413866996765137,0.40642595291137695,0.6524712443351746,88.47947692871094,3794.0,11.497201919555664,493.0,0.0,0.0,0.023320894688367844,1.0,0.0,0.0,12.745863914489746,19.062355041503906,10.46519660949707,0.2558377981185913,0.5444474220275879,85.82089233398438,3680.0,14.155784606933594,607.0,0.0,0.0,0.023320894688367844,1.0,0.0,0.0,0.941236138343811,0.011312926188111305,0.34496721625328064,0.3774928152561188,0.277539998292923,0.09275998920202255,0.11920291930437088,0.9760906100273132,0.9129817485809326,0.7857142857142857,0.23684212565422058,0.2343984991312027,0.25319552421569824,0.27556392550468445
13,0.1992208440535453,9.616247177124023,14.854166030883789,8.006564140319824,0.5474807024002075,0.746366024017334,91.30130767822266,15660.0,8.65205192565918,1484.0,0.0,0.0,0.04664178937673569,8.0,0.0,0.0,4.789922714233398,6.805628299713135,4.102182865142822,0.9048842191696167,0.9516313076019287,99.13713073730469,4251.0,0.7929104566574097,34.0,0.0,0.0,0.06996268779039383,3.0,0.0,0.0,9.061432838439941,13.210688591003418,7.593586444854736,0.6419922113418579,0.803995668888092,93.00373077392578,3988.0,6.926306247711182,297.0,0.0,0.0,0.06996268779039383,3.0,0.0,0.0,11.606911659240723,17.127634048461914,9.618703842163086,0.3984141945838928,0.6457377076148987,87.9197769165039,3770.0,12.056902885437012,517.0,0.0,0.0,0.023320894688367844,1.0,0.0,0.0,13.006723403930664,19.193496704101562,10.711787223815918,0.24556338787078857,0.534791111946106,85.14459228515625,3651.0,14.8320894241333,636.0,0.0,0.0,0.023320894688367844,1.0,0.0,0.0,0.9362664222717285,0.011374324560165405,0.3575252592563629,0.3562571108341217,0.286217600107193,0.09476076811552048,0.11920291930437088,0.9697648882865906,0.9176564812660217,0.8571428571428571,0.22807016968727112,0.22994986176490784,0.25651630759239197,0.2854636609554291
14,0.19499409181228572,9.712599754333496,15.029631614685059,8.128137588500977,0.536726713180542,0.7397618293762207,90.83488464355469,15580.0,9.124300956726074,1565.0,0.0,0.0,0.04081156849861145,7.0,0.0,0.0,4.763466835021973,6.782236099243164,4.08654260635376,0.905536949634552,0.9518590569496155,99.25373077392578,4256.0,0.6763059496879578,29.0,0.0,0.0,0.06996268779039383,3.0,0.0,0.0,9.106989860534668,13.289373397827148,7.666083335876465,0.6377148032188416,0.8009034991264343,92.65391540527344,3973.0,7.276119232177734,312.0,0.0,0.0,0.06996268779039383,3.0,0.0,0.0,11.75634765625,17.33420753479004,9.803387641906738,0.38381558656692505,0.6368560194969177,87.43003845214844,3749.0,12.546642303466797,538.0,0.0,0.0,0.023320894688367844,1.0,0.0,0.0,13.22359848022461,19.5058536529541,10.956534385681152,0.22080790996551514,0.5202680230140686,84.00186157226562,3602.0,15.998133659362793,686.0,0.0,0.0,0.0,0.0,0.0,0.0,0.9323089718818665,0.011429507285356522,0.3581531047821045,0.34029147028923035,0.30155548453330994,0.09622526913881302,0.11920291930437088,0.9661486148834229,0.9184529185295105,0.9285714285714286,0.21929824352264404,0.22550123929977417,0.2598370909690857,0.2953633964061737
15,0.18789467645499627,9.732311248779297,15.045509338378906,8.155646324157715,0.5357474088668823,0.738190770149231,90.68329620361328,15554.0,9.275886535644531,1591.0,0.0,0.0,0.04081156849861145,7.0,0.0,0.0,4.73976993560791,6.738103866577148,4.06635856628418,0.9067623019218445,0.9525619149208069,99.18376922607422,4253.0,0.746268630027771,32.0,0.0,0.0,0.06996268779039383,3.0,0.0,0.0,9.13188648223877,13.290284156799316,7.691152572631836,0.6376651525497437,0.8006452322006226,92.67723846435547,3974.0,7.252798080444336,311.0,0.0,0.0,0.06996268779039383,3.0,0.0,0.0,11.796903610229492,17.403579711914062,9.852194786071777,0.37887364625930786,0.6316999197006226,87.19682312011719,3739.0,12.779850959777832,548.0,0.0,0.0,0.023320894688367844,1.0,0.0,0.0,13.260688781738281,19.507719039916992,11.0128812789917,0.22065895795822144,0.5159051418304443,83.67536926269531,3588.0,16.324626922607422,700.0,0.0,0.0,0.0,0.0,0.0,0.0,0.9272705316543579,0.011477106250822544,0.3823801577091217,0.3203480839729309,0.2972717583179474,0.10004818439483643,0.11920291930437088,0.9631558060646057,0.9191181063652039,1.0,0.21052631735801697,0.2210526168346405,0.2631579041481018,0.3052631616592407
16,0.17750538642922528,9.904684066772461,15.256814002990723,8.324783325195312,0.5226154923439026,0.7309827208518982,90.12943267822266,15459.0,9.829757690429688,1686.0,0.0,0.0,0.04081156849861145,7.0,0.0,0.0,4.779723167419434,6.829133987426758,4.101510524749756,0.9042260646820068,0.9511623978614807,99.13713073730469,4251.0,0.7929104566574097,34.0,0.0,0.0,0.06996268779039383,3.0,0.0,0.0,9.241499900817871,13.414154052734375,7.7992072105407715,0.6308795213699341,0.7966412305831909,92.65391540527344,3973.0,7.276119232177734,312.0,0.0,0.0,0.06996268779039383,3.0,0.0,0.0,12.034908294677734,17.64507484436035,10.089603424072266,0.36151647567749023,0.6228103041648865,86.31063842773438,3701.0,13.666044235229492,586.0,0.0,0.0,0.023320894688367844,1.0,0.0,0.0,13.562605857849121,19.82817268371582,11.30881404876709,0.19484424591064453,0.5029090046882629,82.41604614257812,3534.0,17.583955764770508,754.0,0.0,0.0,0.0,0.0,0.0,0.0,0.9232889413833618,0.011513561941683292,0.36736276745796204,0.3355036675930023,0.29713359475135803,0.097818523645401,0.11920291930437088,0.954035222530365,0.9216106534004211,1.0,0.21052631735801697,0.2210526168346405,0.2631579041481018,0.3052631616592407
step,fold14/test_loss,fold14/test_mae,fold14/test_rmse,fold14/test_mard,fold14/test_r2,fold14/test_pearson,fold14/test_ega_zone_a_pct,fold14/test_ega_zone_a_count,fold14/test_ega_zone_b_pct,fold14/test_ega_zone_b_count,fold14/test_ega_zone_c_pct,fold14/test_ega_zone_c_count,fold14/test_ega_zone_d_pct,fold14/test_ega_zone_d_count,fold14/test_ega_zone_e_pct,fold14/test_ega_zone_e_count,fold14/test_horizon_15_mae,fold14/test_horizon_15_rmse,fold14/test_horizon_15_mard,fold14/test_horizon_15_r2,fold14/test_horizon_15_pearson,fold14/test_horizon_15_ega_zone_a_pct,fold14/test_horizon_15_ega_zone_a_count,fold14/test_horizon_15_ega_zone_b_pct,fold14/test_horizon_15_ega_zone_b_count,fold14/test_horizon_15_ega_zone_c_pct,fold14/test_horizon_15_ega_zone_c_count,fold14/test_horizon_15_ega_zone_d_pct,fold14/test_horizon_15_ega_zone_d_count,fold14/test_horizon_15_ega_zone_e_pct,fold14/test_horizon_15_ega_zone_e_count,fold14/test_horizon_30_mae,fold14/test_horizon_30_rmse,fold14/test_horizon_30_mard,fold14/test_horizon_30_r2,fold14/test_horizon_30_pearson,fold14/test_horizon_30_ega_zone_a_pct,fold14/test_horizon_30_ega_zone_a_count,fold14/test_horizon_30_ega_zone_b_pct,fold14/test_horizon_30_ega_zone_b_count,fold14/test_horizon_30_ega_zone_c_pct,fold14/test_horizon_30_ega_zone_c_count,fold14/test_horizon_30_ega_zone_d_pct,fold14/test_horizon_30_ega_zone_d_count,fold14/test_horizon_30_ega_zone_e_pct,fold14/test_horizon_30_ega_zone_e_count,fold14/test_horizon_45_mae,fold14/test_horizon_45_rmse,fold14/test_horizon_45_mard,fold14/test_horizon_45_r2,fold14/test_horizon_45_pearson,fold14/test_horizon_45_ega_zone_a_pct,fold14/test_horizon_45_ega_zone_a_count,fold14/test_horizon_45_ega_zone_b_pct,fold14/test_horizon_45_ega_zone_b_count,fold14/test_horizon_45_ega_zone_c_pct,fold14/test_horizon_45_ega_zone_c_count,fold14/test_horizon_45_ega_zone_d_pct,fold14/test_horizon_45_ega_zone_d_count,fold14/test_horizon_45_ega_zone_e_pct,fold14/test_horizon_45_ega_zone_e_count,fold14/test_horizon_60_mae,fold14/test_horizon_60_rmse,fold14/test_horizon_60_mard,fold14/test_horizon_60_r2,fold14/test_horizon_60_pearson,fold14/test_horizon_60_ega_zone_a_pct,fold14/test_horizon_60_ega_zone_a_count,fold14/test_horizon_60_ega_zone_b_pct,fold14/test_horizon_60_ega_zone_b_count,fold14/test_horizon_60_ega_zone_c_pct,fold14/test_horizon_60_ega_zone_c_count,fold14/test_horizon_60_ega_zone_d_pct,fold14/test_horizon_60_ega_zone_d_count,fold14/test_horizon_60_ega_zone_e_pct,fold14/test_horizon_60_ega_zone_e_count
0,0.29996215320720293,11.00729751586914,16.958852767944336,8.942049026489258,0.39024603366851807,0.6460208892822266,88.4259262084961,4966.0,11.520655632019043,647.0,0.0,0.0,0.053418807685375214,3.0,0.0,0.0,5.573281288146973,8.121793746948242,4.636445045471191,0.8583229780197144,0.9271828532218933,98.43304443359375,1382.0,1.5669515132904053,22.0,0.0,0.0,0.0,0.0,0.0,0.0,10.413579940795898,15.485506057739258,8.520513534545898,0.4858734607696533,0.7087240219116211,90.31339263916016,1268.0,9.615385055541992,135.0,0.0,0.0,0.07122506946325302,1.0,0.0,0.0,13.267813682556152,19.50298500061035,10.729129791259766,0.19515782594680786,0.4988226890563965,84.25926208496094,1183.0,15.669515609741211,220.0,0.0,0.0,0.07122506946325302,1.0,0.0,0.0,14.774517059326172,21.547155380249023,11.882110595703125,0.03677111864089966,0.3611859083175659,80.69800567626953,1133.0,19.230770111083984,270.0,0.0,0.0,0.07122506946325302,1.0,0.0,0.0
step,fold15/train_loss,fold15/val_mae,fold15/val_rmse,fold15/val_mard,fold15/val_r2,fold15/val_pearson,fold15/val_ega_zone_a_pct,fold15/val_ega_zone_a_count,fold15/val_ega_zone_b_pct,fold15/val_ega_zone_b_count,fold15/val_ega_zone_c_pct,fold15/val_ega_zone_c_count,fold15/val_ega_zone_d_pct,fold15/val_ega_zone_d_count,fold15/val_ega_zone_e_pct,fold15/val_ega_zone_e_count,fold15/val_horizon_15_mae,fold15/val_horizon_15_rmse,fold15/val_horizon_15_mard,fold15/val_horizon_15_r2,fold15/val_horizon_15_pearson,fold15/val_horizon_15_ega_zone_a_pct,fold15/val_horizon_15_ega_zone_a_count,fold15/val_horizon_15_ega_zone_b_pct,fold15/val_horizon_15_ega_zone_b_count,fold15/val_horizon_15_ega_zone_c_pct,fold15/val_horizon_15_ega_zone_c_count,fold15/val_horizon_15_ega_zone_d_pct,fold15/val_horizon_15_ega_zone_d_count,fold15/val_horizon_15_ega_zone_e_pct,fold15/val_horizon_15_ega_zone_e_count,fold15/val_horizon_30_mae,fold15/val_horizon_30_rmse,fold15/val_horizon_30_mard,fold15/val_horizon_30_r2,fold15/val_horizon_30_pearson,fold15/val_horizon_30_ega_zone_a_pct,fold15/val_horizon_30_ega_zone_a_count,fold15/val_horizon_30_ega_zone_b_pct,fold15/val_horizon_30_ega_zone_b_count,fold15/val_horizon_30_ega_zone_c_pct,fold15/val_horizon_30_ega_zone_c_count,fold15/val_horizon_30_ega_zone_d_pct,fold15/val_horizon_30_ega_zone_d_count,fold15/val_horizon_30_ega_zone_e_pct,fold15/val_horizon_30_ega_zone_e_count,fold15/val_horizon_45_mae,fold15/val_horizon_45_rmse,fold15/val_horizon_45_mard,fold15/val_horizon_45_r2,fold15/val_horizon_45_pearson,fold15/val_horizon_45_ega_zone_a_pct,fold15/val_horizon_45_ega_zone_a_count,fold15/val_horizon_45_ega_zone_b_pct,fold15/val_horizon_45_ega_zone_b_count,fold15/val_horizon_45_ega_zone_c_pct,fold15/val_horizon_45_ega_zone_c_count,fold15/val_horizon_45_ega_zone_d_pct,fold15/val_horizon_45_ega_zone_d_count,fold15/val_horizon_45_ega_zone_e_pct,fold15/val_horizon_45_ega_zone_e_count,fold15/val_horizon_60_mae,fold15/val_horizon_60_rmse,fold15/val_horizon_60_mard,fold15/val_horizon_60_r2,fold15/val_horizon_60_pearson,fold15/val_horizon_60_ega_zone_a_pct,fold15/val_horizon_60_ega_zone_a_count,fold15/val_horizon_60_ega_zone_b_pct,fold15/val_horizon_60_ega_zone_b_count,fold15/val_horizon_60_ega_zone_c_pct,fold15/val_horizon_60_ega_zone_c_count,fold15/val_horizon_60_ega_zone_d_pct,fold15/val_horizon_60_ega_zone_d_count,fold15/val_horizon_60_ega_zone_e_pct,fold15/val_horizon_60_ega_zone_e_count,fold15/diag_graph_prior_weight,fold15/diag_graph_residual_mean,fold15/diag_fusion_gate_cgm,fold15/diag_fusion_gate_cgm_guided,fold15/diag_fusion_gate_physio,fold15/diag_horizon_query_similarity,fold15/diag_horizon_progressive_gate,fold15/diag_horizon_attention_similarity,fold15/diag_horizon_attention_entropy,fold15/diag_horizon_curriculum_progress,fold15/diag_loss_horizon_weight_0,fold15/diag_loss_horizon_weight_1,fold15/diag_loss_horizon_weight_2,fold15/diag_loss_horizon_weight_3
1,0.24702870044107764,11.641022682189941,18.714372634887695,10.165088653564453,0.450309157371521,0.6983228921890259,86.3748779296875,18156.0,12.93529987335205,2719.0,0.004757374059408903,1.0,0.6803044676780701,143.0,0.004757374059408903,1.0,6.734477519989014,10.318672180175781,5.899386882781982,0.8333222270011902,0.9132604002952576,95.83253479003906,5036.0,3.8439583778381348,202.0,0.0,0.0,0.32350143790245056,17.0,0.0,0.0,10.96728515625,16.911691665649414,9.549578666687012,0.5515188574790955,0.7558150887489319,87.32635498046875,4589.0,12.06470012664795,634.0,0.0,0.0,0.6089438796043396,32.0,0.0,0.0,13.524088859558105,20.974384307861328,11.766711235046387,0.3086833357810974,0.6125230193138123,82.66413116455078,4344.0,16.498573303222656,867.0,0.0,0.0,0.8372978568077087,44.0,0.0,0.0,15.338244438171387,23.843358993530273,13.44467830657959,0.10564053058624268,0.49020132422447205,79.67649841308594,4187.0,19.333967208862305,1016.0,0.019029496237635612,1.0,0.9514747858047485,50.0,0.019029496237635612,1.0,1.001905918121338,0.01169009879231453,0.25900548696517944,0.3510233163833618,0.38997122645378113,-0.07072295993566513,0.11920291930437088,0.9999789595603943,0.999994158744812,0.0,0.3333333432674408,0.28333333134651184,0.21666665375232697,0.1666666716337204
2,0.24445279919710317,11.65614128112793,18.50889778137207,10.214223861694336,0.4623134732246399,0.6990790367126465,86.76974487304688,18239.0,12.526165008544922,2633.0,0.004757374059408903,1.0,0.694576621055603,146.0,0.004757374059408903,1.0,6.759110450744629,10.293703079223633,5.9341559410095215,0.8341279029846191,0.9134272336959839,95.96575164794922,5043.0,3.710751533508301,195.0,0.0,0.0,0.32350143790245056,17.0,0.0,0.0,10.992230415344238,16.787012100219727,9.596141815185547,0.5581072568893433,0.7553123831748962,87.63082885742188,4605.0,11.722168922424316,616.0,0.0,0.0,0.6470028758049011,34.0,0.0,0.0,13.548627853393555,20.744226455688477,11.845855712890625,0.323772132396698,0.6112944483757019,83.17792510986328,4371.0,15.96574592590332,839.0,0.0,0.0,0.8563272953033447,45.0,0.0,0.0,15.324592590332031,23.49958038330078,13.480740547180176,0.13124477863311768,0.48740172386169434,80.30447387695312,4220.0,18.70599365234375,983.0,0.019029496237635612,1.0,0.9514747858047485,50.0,0.019029496237635612,1.0,1.0060131549835205,0.011208140291273594,0.33505940437316895,0.3597618639469147,0.30517879128456116,-0.066836416721344,0.11920291930437088,0.9999344944953918,0.9999505877494812,0.07142857142857142,0.3245614171028137,0.2788847088813782,0.21998745203018188,0.17656642198562622
3,0.24239663693126728,11.62816047668457,18.382184982299805,10.198766708374023,0.46965038776397705,0.6993100047111511,87.15033721923828,18319.0,12.145575523376465,2553.0,0.004757374059408903,1.0,0.694576621055603,146.0,0.004757374059408903,1.0,6.736690521240234,10.229602813720703,5.918703079223633,0.8361873030662537,0.9144852757453918,96.02283477783203,5046.0,3.653662919998169,192.0,0.0,0.0,0.32350143790245056,17.0,0.0,0.0,11.010244369506836,16.708030700683594,9.629603385925293,0.5622556209564209,0.7554059624671936,87.87821197509766,4618.0,11.474785804748535,603.0,0.0,0.0,0.6470028758049011,34.0,0.0,0.0,13.533906936645508,20.601572036743164,11.852742195129395,0.3330407738685608,0.6087415218353271,83.84395599365234,4406.0,15.299715042114258,804.0,0.0,0.0,0.8563272953033447,45.0,0.0,0.0,15.231797218322754,23.310749053955078,13.394017219543457,0.1451505422592163,0.48145046830177307,80.85633087158203,4249.0,18.154138565063477,954.0,0.019029496237635612,1.0,0.9514747858047485,50.0,0.019029496237635612,1.0,1.0088396072387695,0.010901455767452717,0.09928502142429352,0.8272748589515686,0.07344012707471848,-0.05992788076400757,0.11920291930437088,0.9998968243598938,0.9998833537101746,0.14285714285714285,0.31578949093818665,0.2744360864162445,0.223308265209198,0.18646617233753204
4,0.23819832961267934,11.58138370513916,18.242027282714844,10.154871940612793,0.47770702838897705,0.7005863785743713,87.2787857055664,18346.0,12.012369155883789,2525.0,0.004757374059408903,1.0,0.7040913105010986,148.0,0.0,0.0,6.658420562744141,10.012310028076172,5.8673624992370605,0.8430726528167725,0.9182580709457397,96.19409942626953,5055.0,3.4633681774139404,182.0,0.0,0.0,0.34253090620040894,18.0,0.0,0.0,11.009201049804688,16.594017028808594,9.62427806854248,0.5682094097137451,0.7568685412406921,87.95433044433594,4622.0,11.39866828918457,599.0,0.0,0.0,0.6470028758049011,34.0,0.0,0.0,13.525389671325684,20.49269676208496,11.831755638122559,0.34007155895233154,0.606084942817688,84.1103744506836,4420.0,15.03330135345459,790.0,0.0,0.0,0.8563272953033447,45.0,0.0,0.0,15.13252067565918,23.1414737701416,13.29609489440918,0.15752071142196655,0.4760887622833252,80.85633087158203,4249.0,18.154138565063477,954.0,0.019029496237635612,1.0,0.9705042243003845,51.0,0.0,0.0,1.011216640472412,0.010723184794187546,0.08400759845972061,0.8445432782173157,0.0714491456747055,-0.04116613790392876,0.11920291930437088,0.9997758269309998,0.9998860359191895,0.21428571428571427,0.30701756477355957,0.26998746395111084,0.22662906348705292,0.19636592268943787
5,0.23338400586973182,11.449222564697266,18.020788192749023,10.036004066467285,0.490298867225647,0.7073736786842346,87.54043579101562,18401.0,11.745956420898438,2469.0,0.004757374059408903,1.0,0.7088487148284912,149.0,0.0,0.0,6.4125847816467285,9.564650535583496,5.675605773925781,0.8567916750907898,0.9258559942245483,96.84110260009766,5089.0,2.835394859313965,149.0,0.0,0.0,0.32350143790245056,17.0,0.0,0.0,10.874629974365234,16.33745574951172,9.515746116638184,0.5814580917358398,0.7645668387413025,88.29685974121094,4640.0,11.037107467651367,580.0,0.0,0.0,0.6660323739051819,35.0,0.0,0.0,13.441125869750977,20.34027671813965,11.745924949645996,0.34985196590423584,0.6108031868934631,84.12940216064453,4421.0,14.995243072509766,788.0,0.0,0.0,0.8753567934036255,46.0,0.0,0.0,15.068546295166016,22.953720092773438,13.20673656463623,0.1711357831954956,0.48047396540641785,80.8943862915039,4251.0,18.116079330444336,952.0,0.019029496237635612,1.0,0.9705042243003845,51.0,0.0,0.0,1.0087077617645264,0.010637800209224224,0.12379218637943268,0.699059009552002,0.17714886367321014,0.001594697474502027,0.11920291930437088,0.9970772862434387,0.9981745481491089,0.2857142857142857,0.2982456088066101,0.2655388414859772,0.22994986176490784,0.2062656730413437
6,0.22786780454540395,11.227622032165527,17.780052185058594,9.797234535217285,0.5038259029388428,0.7160107493400574,87.85918426513672,18468.0,11.46527099609375,2410.0,0.0,0.0,0.6755470633506775,142.0,0.0,0.0,5.867788791656494,8.819040298461914,5.173614025115967,0.8782489895820618,0.9372161030769348,97.60228729248047,5129.0,2.131303548812866,112.0,0.0,0.0,0.2664129436016083,14.0,0.0,0.0,10.586777687072754,15.970876693725586,9.229681968688965,0.6000298261642456,0.7761949300765991,88.81066131591797,4667.0,10.542340278625488,554.0,0.0,0.0,0.6470028758049011,34.0,0.0,0.0,13.379412651062012,20.210391998291016,11.639171600341797,0.3581286072731018,0.6143757104873657,84.35775756835938,4433.0,14.785918235778809,777.0,0.0,0.0,0.8563272953033447,45.0,0.0,0.0,15.076510429382324,22.873929977416992,13.146469116210938,0.17688816785812378,0.4803718030452728,80.66603088378906,4239.0,18.40152359008789,967.0,0.0,0.0,0.9324452877044678,49.0,0.0,0.0,1.0023579597473145,0.010622567497193813,0.2372189462184906,0.6335093975067139,0.12927162647247314,0.03583472594618797,0.11920291930437088,0.9794510006904602,0.9848427772521973,0.35714285714285715,0.28947368264198303,0.2610902190208435,0.23327067494392395,0.2161654233932495
7,0.2222163861536944,11.159292221069336,17.760955810546875,9.746611595153809,0.5048911571502686,0.7175606489181519,87.69267272949219,18433.0,11.631779670715332,2445.0,0.0,0.0,0.6755470633506775,142.0,0.0,0.0,5.59580659866333,8.381619453430176,4.951204299926758,0.8900270462036133,0.9434418678283691,97.7545166015625,5137.0,1.9790675640106201,104.0,0.0,0.0,0.2664129436016083,14.0,0.0,0.0,10.466063499450684,15.835208892822266,9.123446464538574,0.6067962646484375,0.7809643149375916,88.75357055664062,4664.0,10.5994291305542,557.0,0.0,0.0,0.6470028758049011,34.0,0.0,0.0,13.373177528381348,20.271276473999023,11.638530731201172,0.35425543785095215,0.6131320595741272,83.69171905517578,4398.0,15.451950073242188,812.0,0.0,0.0,0.8563272953033447,45.0,0.0,0.0,15.20212173461914,23.019041061401367,13.27326488494873,0.16641145944595337,0.471860408782959,80.57088470458984,4234.0,18.49666976928711,972.0,0.0,0.0,0.9324452877044678,49.0,0.0,0.0,0.9954599142074585,0.010646039620041847,0.2376837432384491,0.6200762391090393,0.14224007725715637,0.055201053619384766,0.11920291930437088,0.9713959693908691,0.972384512424469,0.42857142857142855,0.28070175647735596,0.25664159655570984,0.23659147322177887,0.22606515884399414
8,0.2190172699586823,11.18014144897461,17.779672622680664,9.77160358428955,0.5038471221923828,0.7172055244445801,87.77830505371094,18451.0,11.55566120147705,2429.0,0.004757374059408903,1.0,0.6517602205276489,137.0,0.009514748118817806,2.0,5.518283367156982,8.215729713439941,4.884690284729004,0.8943371772766113,0.945728600025177,97.88772583007812,5144.0,1.8458610773086548,97.0,0.0,0.0,0.2664129436016083,14.0,0.0,0.0,10.464131355285645,15.769967079162598,9.130885124206543,0.6100295782089233,0.783233642578125,88.94386291503906,4674.0,10.447193145751953,549.0,0.0,0.0,0.6089438796043396,32.0,0.0,0.0,13.455756187438965,20.314916610717773,11.719144821166992,0.3514721393585205,0.6113401651382446,83.69171905517578,4398.0,15.470979690551758,813.0,0.0,0.0,0.8372978568077087,44.0,0.0,0.0,15.282393455505371,23.142620086669922,13.351690292358398,0.15743714570999146,0.4646565616130829,80.58991241455078,4235.0,18.45861053466797,970.0,0.019029496237635612,1.0,0.8943862915039062,47.0,0.038058992475271225,2.0,0.9893758296966553,0.010676407255232334,0.2062135487794876,0.6466770172119141,0.1471094787120819,0.0655493512749672,0.11920291930437088,0.9731882214546204,0.9785845875740051,0.5,0.2719298303127289,0.25219297409057617,0.2399122714996338,0.23596492409706116
9,0.2163826642688447,11.222453117370605,17.83914566040039,9.826517105102539,0.5005223155021667,0.7154358625411987,87.56897735595703,18407.0,11.755471229553223,2471.0,0.009514748118817806,2.0,0.6565176248550415,138.0,0.009514748118817806,2.0,5.484864711761475,8.128564834594727,4.858192443847656,0.8965673446655273,0.9468775987625122,97.94481658935547,5147.0,1.7887725830078125,94.0,0.0,0.0,0.2664129436016083,14.0,0.0,0.0,10.481114387512207,15.716679573059082,9.162846565246582,0.6126606464385986,0.7848823666572571,88.81066131591797,4667.0,10.580399513244629,556.0,0.0,0.0,0.6089438796043396,32.0,0.0,0.0,13.532559394836426,20.382612228393555,11.809319496154785,0.34714275598526,0.6089165806770325,83.33016204833984,4379.0,15.813511848449707,831.0,0.0,0.0,0.8563272953033447,45.0,0.0,0.0,15.391273498535156,23.33242416381836,13.475707054138184,0.14356005191802979,0.457294762134552,80.19029235839844,4214.0,18.839200973510742,990.0,0.038058992475271225,2.0,0.8943862915039062,47.0,0.038058992475271225,2.0,0.9832210540771484,0.01072406955063343,0.21764153242111206,0.5950043201446533,0.1873542070388794,0.0825616642832756,0.11920291930437088,0.9664891362190247,0.9755344390869141,0.5714285714285714,0.2631579041481018,0.2477443516254425,0.2432330846786499,0.24586467444896698
10,0.21239998494726,11.27037239074707,17.892770767211914,9.858820915222168,0.49751490354537964,0.712810218334198,87.29305267333984,18349.0,12.03139877319336,2529.0,0.009514748118817806,2.0,0.6565176248550415,138.0,0.009514748118817806,2.0,5.503118515014648,8.146829605102539,4.880952835083008,0.8961019515991211,0.9466282725334167,97.94481658935547,5147.0,1.7887725830078125,94.0,0.0,0.0,0.2664129436016083,14.0,0.0,0.0,10.529415130615234,15.77547836303711,9.207515716552734,0.6097569465637207,0.7827969789505005,88.60133361816406,4656.0,10.789724349975586,567.0,0.0,0.0,0.6089438796043396,32.0,0.0,0.0,13.596636772155762,20.470754623413086,11.842002868652344,0.3414841294288635,0.6034827828407288,82.94956970214844,4359.0,16.194101333618164,851.0,0.0,0.0,0.8563272953033447,45.0,0.0,0.0,15.45232105255127,23.373416900634766,13.504817008972168,0.14054793119430542,0.4515312612056732,79.67649841308594,4187.0,19.352998733520508,1017.0,0.038058992475271225,2.0,0.8943862915039062,47.0,0.038058992475271225,2.0,0.9741561412811279,0.010786865837872028,0.20815913379192352,0.6061651110649109,0.18567579984664917,0.08519477397203445,0.11920291930437088,0.9536173343658447,0.9677226543426514,0.6428571428571429,0.25438597798347473,0.24329572916030884,0.24655388295650482,0.2557644248008728
11,0.21091132241283195,11.379005432128906,18.03947639465332,9.958808898925781,0.48924124240875244,0.7082869410514832,87.16460418701172,18322.0,12.17411994934082,2559.0,0.0,0.0,0.6517602205276489,137.0,0.009514748118817806,2.0,5.53279972076416,8.168489456176758,4.8995747566223145,0.8955487608909607,0.9463465809822083,97.9638442993164,5148.0,1.7697430849075317,93.0,0.0,0.0,0.2664129436016083,14.0,0.0,0.0,10.611947059631348,15.87485408782959,9.270747184753418,0.6048249006271362,0.7800564765930176,88.54424285888672,4653.0,10.84681224822998,570.0,0.0,0.0,0.6089438796043396,32.0,0.0,0.0,13.729323387145996,20.635831832885742,11.976012229919434,0.33082062005996704,0.5976001024246216,82.77830505371094,4350.0,16.384395599365234,861.0,0.0,0.0,0.8372978568077087,44.0,0.0,0.0,15.641952514648438,23.603342056274414,13.688899993896484,0.12355589866638184,0.44246959686279297,79.37202453613281,4171.0,19.695528030395508,1035.0,0.0,0.0,0.8943862915039062,47.0,0.038058992475271225,2.0,0.9629080295562744,0.010876812972128391,0.2359158843755722,0.5444724559783936,0.21961171925067902,0.08816695213317871,0.11920291930437088,0.9596298336982727,0.9686782360076904,0.7142857142857143,0.24561403691768646,0.23884710669517517,0.24987469613552094,0.26566416025161743
12,0.20752741316480536,11.45643424987793,18.093425750732422,10.018219947814941,0.4861816167831421,0.7063428163528442,86.79353332519531,18244.0,12.530922889709473,2634.0,0.009514748118817806,2.0,0.6517602205276489,137.0,0.014272120781242847,3.0,5.538506984710693,8.179537773132324,4.897723197937012,0.895266056060791,0.9462205171585083,97.90675354003906,5145.0,1.8078022003173828,95.0,0.0,0.0,0.28544244170188904,15.0,0.0,0.0,10.701573371887207,15.905061721801758,9.341174125671387,0.603319525718689,0.7790732383728027,88.6584243774414,4659.0,10.732635498046875,564.0,0.0,0.0,0.6089438796043396,32.0,0.0,0.0,13.808496475219727,20.70440101623535,12.031145095825195,0.326366126537323,0.5946592092514038,82.35965728759766,4328.0,16.803043365478516,883.0,0.0,0.0,0.8372978568077087,44.0,0.0,0.0,15.777161598205566,23.684179306030273,13.802836418151855,0.11754220724105835,0.4383341073989868,78.2492904663086,4112.0,20.780208587646484,1092.0,0.038058992475271225,2.0,0.8753567934036255,46.0,0.05708848312497139,3.0,0.9561742544174194,0.010955091565847397,0.23151929676532745,0.5002387166023254,0.2682420313358307,0.08826711028814316,0.11920291930437088,0.957812488079071,0.9732482433319092,0.7857142857142857,0.23684212565422058,0.2343984991312027,0.25319552421569824,0.27556392550468445
13,0.20202716898545067,11.568474769592285,18.2752742767334,10.093110084533691,0.4758014678955078,0.6995111703872681,86.54138946533203,18191.0,12.783063888549805,2687.0,0.009514748118817806,2.0,0.6517602205276489,137.0,0.014272120781242847,3.0,5.575133323669434,8.214926719665527,4.925243377685547,0.8943578004837036,0.9458066821098328,97.98287200927734,5149.0,1.750713586807251,92.0,0.0,0.0,0.2664129436016083,14.0,0.0,0.0,10.790839195251465,16.047468185424805,9.400430679321289,0.5961843729019165,0.7746170163154602,88.4490966796875,4648.0,10.922930717468262,574.0,0.0,0.0,0.6279733777046204,33.0,0.0,0.0,14.000016212463379,20.954206466674805,12.172656059265137,0.3100128173828125,0.5826937556266785,81.82682800292969,4300.0,17.33587074279785,911.0,0.0,0.0,0.8372978568077087,44.0,0.0,0.0,15.907907485961914,23.913543701171875,13.874110221862793,0.10036754608154297,0.4250120520591736,77.9067611694336,4094.0,21.122739791870117,1110.0,0.038058992475271225,2.0,0.8753567934036255,46.0,0.05708848312497139,3.0,0.9469579458236694,0.01103330310434103,0.3048365116119385,0.409307062625885,0.2858564853668213,0.08563616126775742,0.11920291930437088,0.9382092952728271,0.9668487906455994,0.8571428571428571,0.22807016968727112,0.22994986176490784,0.25651630759239197,0.2854636609554291
14,0.19654965731585966,11.719793319702148,18.503507614135742,10.24426555633545,0.462626576423645,0.6913310885429382,85.91816711425781,18060.0,13.401521682739258,2817.0,0.009514748118817806,2.0,0.6565176248550415,138.0,0.014272120781242847,3.0,5.597916603088379,8.217473030090332,4.9554548263549805,0.8942923545837402,0.9457002282142639,97.88772583007812,5144.0,1.8458610773086548,97.0,0.0,0.0,0.2664129436016083,14.0,0.0,0.0,10.922897338867188,16.182580947875977,9.533750534057617,0.5893558263778687,0.7703094482421875,88.03044891357422,4626.0,11.34157943725586,596.0,0.0,0.0,0.6279733777046204,33.0,0.0,0.0,14.200420379638672,21.239765167236328,12.371528625488281,0.2910788059234619,0.570318341255188,81.0656509399414,4260.0,18.097049713134766,951.0,0.0,0.0,0.8372978568077087,44.0,0.0,0.0,16.15793800354004,24.269092559814453,14.116326332092285,0.07341694831848145,0.4055841863155365,76.6888656616211,4030.0,22.321598052978516,1173.0,0.038058992475271225,2.0,0.8943862915039062,47.0,0.05708848312497139,3.0,0.9422702789306641,0.011080765165388584,0.30391034483909607,0.41997694969177246,0.27611273527145386,0.09207872301340103,0.11920291930437088,0.9320838451385498,0.9645578265190125,0.9285714285714286,0.21929824352264404,0.22550123929977417,0.2598370909690857,0.2953633964061737
15,0.1898225137489208,11.834546089172363,18.697547912597656,10.351716995239258,0.4512971043586731,0.6837906837463379,85.73263549804688,18021.0,13.56803035736084,2852.0,0.009514748118817806,2.0,0.6755470633506775,142.0,0.014272120781242847,3.0,5.606043338775635,8.244592666625977,4.96610164642334,0.893593430519104,0.9453409910202026,97.86869812011719,5143.0,1.8648905754089355,98.0,0.0,0.0,0.2664129436016083,14.0,0.0,0.0,11.042752265930176,16.34337615966797,9.645952224731445,0.5811547636985779,0.7646191120147705,87.85918426513672,4617.0,11.474785804748535,603.0,0.0,0.0,0.6660323739051819,35.0,0.0,0.0,14.349885940551758,21.48884391784668,12.508028984069824,0.2743542194366455,0.5588303208351135,80.53282165527344,4232.0,18.591815948486328,977.0,0.0,0.0,0.8753567934036255,46.0,0.0,0.0,16.339506149291992,24.526382446289062,14.286783218383789,0.05366647243499756,0.3933282792568207,76.66983795166016,4029.0,22.340627670288086,1174.0,0.038058992475271225,2.0,0.8943862915039062,47.0,0.05708848312497139,3.0,0.9369597434997559,0.011128396727144718,0.27760595083236694,0.39922720193862915,0.3231669068336487,0.09384270757436752,0.11920291930437088,0.9357444643974304,0.9645923376083374,1.0,0.21052631735801697,0.2210526168346405,0.2631579041481018,0.3052631616592407
step,fold15/test_loss,fold15/test_mae,fold15/test_rmse,fold15/test_mard,fold15/test_r2,fold15/test_pearson,fold15/test_ega_zone_a_pct,fold15/test_ega_zone_a_count,fold15/test_ega_zone_b_pct,fold15/test_ega_zone_b_count,fold15/test_ega_zone_c_pct,fold15/test_ega_zone_c_count,fold15/test_ega_zone_d_pct,fold15/test_ega_zone_d_count,fold15/test_ega_zone_e_pct,fold15/test_ega_zone_e_count,fold15/test_horizon_15_mae,fold15/test_horizon_15_rmse,fold15/test_horizon_15_mard,fold15/test_horizon_15_r2,fold15/test_horizon_15_pearson,fold15/test_horizon_15_ega_zone_a_pct,fold15/test_horizon_15_ega_zone_a_count,fold15/test_horizon_15_ega_zone_b_pct,fold15/test_horizon_15_ega_zone_b_count,fold15/test_horizon_15_ega_zone_c_pct,fold15/test_horizon_15_ega_zone_c_count,fold15/test_horizon_15_ega_zone_d_pct,fold15/test_horizon_15_ega_zone_d_count,fold15/test_horizon_15_ega_zone_e_pct,fold15/test_horizon_15_ega_zone_e_count,fold15/test_horizon_30_mae,fold15/test_horizon_30_rmse,fold15/test_horizon_30_mard,fold15/test_horizon_30_r2,fold15/test_horizon_30_pearson,fold15/test_horizon_30_ega_zone_a_pct,fold15/test_horizon_30_ega_zone_a_count,fold15/test_horizon_30_ega_zone_b_pct,fold15/test_horizon_30_ega_zone_b_count,fold15/test_horizon_30_ega_zone_c_pct,fold15/test_horizon_30_ega_zone_c_count,fold15/test_horizon_30_ega_zone_d_pct,fold15/test_horizon_30_ega_zone_d_count,fold15/test_horizon_30_ega_zone_e_pct,fold15/test_horizon_30_ega_zone_e_count,fold15/test_horizon_45_mae,fold15/test_horizon_45_rmse,fold15/test_horizon_45_mard,fold15/test_horizon_45_r2,fold15/test_horizon_45_pearson,fold15/test_horizon_45_ega_zone_a_pct,fold15/test_horizon_45_ega_zone_a_count,fold15/test_horizon_45_ega_zone_b_pct,fold15/test_horizon_45_ega_zone_b_count,fold15/test_horizon_45_ega_zone_c_pct,fold15/test_horizon_45_ega_zone_c_count,fold15/test_horizon_45_ega_zone_d_pct,fold15/test_horizon_45_ega_zone_d_count,fold15/test_horizon_45_ega_zone_e_pct,fold15/test_horizon_45_ega_zone_e_count,fold15/test_horizon_60_mae,fold15/test_horizon_60_rmse,fold15/test_horizon_60_mard,fold15/test_horizon_60_r2,fold15/test_horizon_60_pearson,fold15/test_horizon_60_ega_zone_a_pct,fold15/test_horizon_60_ega_zone_a_count,fold15/test_horizon_60_ega_zone_b_pct,fold15/test_horizon_60_ega_zone_b_count,fold15/test_horizon_60_ega_zone_c_pct,fold15/test_horizon_60_ega_zone_c_count,fold15/test_horizon_60_ega_zone_d_pct,fold15/test_horizon_60_ega_zone_d_count,fold15/test_horizon_60_ega_zone_e_pct,fold15/test_horizon_60_ega_zone_e_count
0,0.1995452731925576,8.020943641662598,11.8590669631958,7.385513782501221,0.34102004766464233,0.6592406630516052,93.5378646850586,1433.0,6.331592559814453,97.0,0.0,0.0,0.13054829835891724,2.0,0.0,0.0,5.032142162322998,7.5331950187683105,4.7468109130859375,0.7417534589767456,0.874946653842926,97.91122436523438,375.0,1.8276761770248413,7.0,0.0,0.0,0.2610965967178345,1.0,0.0,0.0,7.515743732452393,10.866726875305176,6.926543235778809,0.4526050090789795,0.7208589315414429,95.30026245117188,365.0,4.438642501831055,17.0,0.0,0.0,0.2610965967178345,1.0,0.0,0.0,9.018349647521973,12.987820625305176,8.282414436340332,0.1889857053756714,0.5708681344985962,91.64490509033203,351.0,8.355091094970703,32.0,0.0,0.0,0.0,0.0,0.0,0.0,10.517537117004395,14.799715042114258,9.586286544799805,-0.04401278495788574,0.4225436747074127,89.2950439453125,342.0,10.704960823059082,41.0,0.0,0.0,0.0,0.0,0.0,0.0
step,fold16/train_loss,fold16/val_mae,fold16/val_rmse,fold16/val_mard,fold16/val_r2,fold16/val_pearson,fold16/val_ega_zone_a_pct,fold16/val_ega_zone_a_count,fold16/val_ega_zone_b_pct,fold16/val_ega_zone_b_count,fold16/val_ega_zone_c_pct,fold16/val_ega_zone_c_count,fold16/val_ega_zone_d_pct,fold16/val_ega_zone_d_count,fold16/val_ega_zone_e_pct,fold16/val_ega_zone_e_count,fold16/val_horizon_15_mae,fold16/val_horizon_15_rmse,fold16/val_horizon_15_mard,fold16/val_horizon_15_r2,fold16/val_horizon_15_pearson,fold16/val_horizon_15_ega_zone_a_pct,fold16/val_horizon_15_ega_zone_a_count,fold16/val_horizon_15_ega_zone_b_pct,fold16/val_horizon_15_ega_zone_b_count,fold16/val_horizon_15_ega_zone_c_pct,fold16/val_horizon_15_ega_zone_c_count,fold16/val_horizon_15_ega_zone_d_pct,fold16/val_horizon_15_ega_zone_d_count,fold16/val_horizon_15_ega_zone_e_pct,fold16/val_horizon_15_ega_zone_e_count,fold16/val_horizon_30_mae,fold16/val_horizon_30_rmse,fold16/val_horizon_30_mard,fold16/val_horizon_30_r2,fold16/val_horizon_30_pearson,fold16/val_horizon_30_ega_zone_a_pct,fold16/val_horizon_30_ega_zone_a_count,fold16/val_horizon_30_ega_zone_b_pct,fold16/val_horizon_30_ega_zone_b_count,fold16/val_horizon_30_ega_zone_c_pct,fold16/val_horizon_30_ega_zone_c_count,fold16/val_horizon_30_ega_zone_d_pct,fold16/val_horizon_30_ega_zone_d_count,fold16/val_horizon_30_ega_zone_e_pct,fold16/val_horizon_30_ega_zone_e_count,fold16/val_horizon_45_mae,fold16/val_horizon_45_rmse,fold16/val_horizon_45_mard,fold16/val_horizon_45_r2,fold16/val_horizon_45_pearson,fold16/val_horizon_45_ega_zone_a_pct,fold16/val_horizon_45_ega_zone_a_count,fold16/val_horizon_45_ega_zone_b_pct,fold16/val_horizon_45_ega_zone_b_count,fold16/val_horizon_45_ega_zone_c_pct,fold16/val_horizon_45_ega_zone_c_count,fold16/val_horizon_45_ega_zone_d_pct,fold16/val_horizon_45_ega_zone_d_count,fold16/val_horizon_45_ega_zone_e_pct,fold16/val_horizon_45_ega_zone_e_count,fold16/val_horizon_60_mae,fold16/val_horizon_60_rmse,fold16/val_horizon_60_mard,fold16/val_horizon_60_r2,fold16/val_horizon_60_pearson,fold16/val_horizon_60_ega_zone_a_pct,fold16/val_horizon_60_ega_zone_a_count,fold16/val_horizon_60_ega_zone_b_pct,fold16/val_horizon_60_ega_zone_b_count,fold16/val_horizon_60_ega_zone_c_pct,fold16/val_horizon_60_ega_zone_c_count,fold16/val_horizon_60_ega_zone_d_pct,fold16/val_horizon_60_ega_zone_d_count,fold16/val_horizon_60_ega_zone_e_pct,fold16/val_horizon_60_ega_zone_e_count,fold16/diag_graph_prior_weight,fold16/diag_graph_residual_mean,fold16/diag_fusion_gate_cgm,fold16/diag_fusion_gate_cgm_guided,fold16/diag_fusion_gate_physio,fold16/diag_horizon_query_similarity,fold16/diag_horizon_progressive_gate,fold16/diag_horizon_attention_similarity,fold16/diag_horizon_attention_entropy,fold16/diag_horizon_curriculum_progress,fold16/diag_loss_horizon_weight_0,fold16/diag_loss_horizon_weight_1,fold16/diag_loss_horizon_weight_2,fold16/diag_loss_horizon_weight_3
1,0.22617776204378617,12.941446304321289,20.493806838989258,11.212566375732422,0.317892849445343,0.6306306719779968,82.76163482666016,15152.0,16.457286834716797,3013.0,0.005462092813104391,1.0,0.770155131816864,141.0,0.005462092813104391,1.0,7.376336574554443,11.20691967010498,6.3617401123046875,0.7955585718154907,0.894108772277832,95.06227111816406,4351.0,4.653703212738037,213.0,0.0,0.0,0.2840288579463959,13.0,0.0,0.0,12.181843757629395,18.51605224609375,10.468831062316895,0.4416643977165222,0.6999964118003845,83.76665496826172,3834.0,15.512344360351562,710.0,0.0,0.0,0.7209962606430054,33.0,0.0,0.0,15.120293617248535,23.01012420654297,13.079741477966309,0.13981014490127563,0.5261825323104858,77.86759948730469,3564.0,21.171072006225586,969.0,0.0,0.0,0.961328387260437,44.0,0.0,0.0,17.087310791015625,26.116649627685547,14.939953804016113,-0.10184884071350098,0.38263729214668274,74.35001373291016,3403.0,24.49202537536621,1121.0,0.021848371252417564,1.0,1.1142669916152954,51.0,0.021848371252417564,1.0,1.001695156097412,0.011581093072891235,0.39241647720336914,0.3175268769264221,0.2900567352771759,0.00927750114351511,0.11920291930437088,0.999957799911499,0.9999768137931824,0.0,0.3333333432674408,0.28333333134651184,0.21666665375232697,0.1666666716337204
2,0.2234119193249525,12.664267539978027,20.043472290039062,10.988078117370605,0.3475409150123596,0.6342163681983948,83.54271697998047,15295.0,15.643434524536133,2864.0,0.005462092813104391,1.0,0.8083897829055786,148.0,0.0,0.0,7.2900166511535645,11.056400299072266,6.312875270843506,0.8010133504867554,0.8958157896995544,95.23705291748047,4359.0,4.435219764709473,203.0,0.0,0.0,0.3277255892753601,15.0,0.0,0.0,11.967056274414062,18.154075622558594,10.323326110839844,0.4632812738418579,0.7025661468505859,84.70613861083984,3877.0,14.529167175292969,665.0,0.0,0.0,0.764693021774292,35.0,0.0,0.0,14.779313087463379,22.50328254699707,12.798243522644043,0.17728745937347412,0.525913655757904,78.82892608642578,3608.0,20.166046142578125,923.0,0.0,0.0,1.0050251483917236,46.0,0.0,0.0,16.620681762695312,25.47059440612793,14.517870903015137,-0.048009514808654785,0.3792824149131775,75.39872741699219,3451.0,23.44330406188965,1073.0,0.021848371252417564,1.0,1.1361154317855835,52.0,0.0,0.0,1.0035836696624756,0.0107156652957201,0.46040013432502747,0.3400708734989166,0.19952905178070068,0.01520475372672081,0.11920291930437088,0.9991676807403564,0.9994791746139526,0.07142857142857142,0.3245614171028137,0.2788847088813782,0.21998745203018188,0.17656642198562622
3,0.22452182984763633,12.616397857666016,19.98088836669922,10.98135757446289,0.3516090512275696,0.6359843015670776,83.62464141845703,15310.0,15.55604076385498,2848.0,0.005462092813104391,1.0,0.8138518929481506,149.0,0.0,0.0,7.262535572052002,10.973139762878418,6.321735858917236,0.8039990067481995,0.8973428010940552,95.25890350341797,4360.0,4.3915228843688965,201.0,0.0,0.0,0.34957394003868103,16.0,0.0,0.0,11.921210289001465,18.103002548217773,10.320743560791016,0.46629685163497925,0.7042048573493958,84.88092041015625,3885.0,14.35438060760498,657.0,0.0,0.0,0.764693021774292,35.0,0.0,0.0,14.731926918029785,22.447771072387695,12.794696807861328,0.18134140968322754,0.5278511643409729,78.85077667236328,3609.0,20.14419937133789,922.0,0.0,0.0,1.0050251483917236,46.0,0.0,0.0,16.54991912841797,25.395130157470703,14.488256454467773,-0.0418086051940918,0.3797740936279297,75.50797271728516,3456.0,23.334062576293945,1068.0,0.021848371252417564,1.0,1.1361154317855835,52.0,0.0,0.0,0.9985912442207336,0.010290532372891903,0.5549367666244507,0.3171689212322235,0.1278943568468094,0.04216546192765236,0.11920291930437088,0.998626708984375,0.9853510856628418,0.14285714285714285,0.31578949093818665,0.2744360864162445,0.223308265209198,0.18646617233753204
4,0.22364244267793681,12.487069129943848,19.79640007019043,10.879473686218262,0.3635273575782776,0.6402718424797058,83.92506408691406,15365.0,15.261088371276855,2794.0,0.005462092813104391,1.0,0.8083897829055786,148.0,0.0,0.0,7.180965900421143,10.844202041625977,6.252609729766846,0.8085781335830688,0.8999690413475037,95.43368530273438,4368.0,4.238584041595459,194.0,0.0,0.0,0.3277255892753601,15.0,0.0,0.0,11.833447456359863,17.982702255249023,10.256704330444336,0.47336655855178833,0.7066775560379028,85.07756042480469,3894.0,14.157745361328125,648.0,0.0,0.0,0.764693021774292,35.0,0.0,0.0,14.569363594055176,22.231077194213867,12.67347526550293,0.19707047939300537,0.5301061868667603,79.13480377197266,3622.0,19.860170364379883,909.0,0.0,0.0,1.0050251483917236,46.0,0.0,0.0,16.364500045776367,25.147457122802734,14.335102081298828,-0.02158665657043457,0.38200774788856506,76.05418395996094,3481.0,22.787853240966797,1043.0,0.021848371252417564,1.0,1.1361154317855835,52.0,0.0,0.0,0.9961487054824829,0.01008535735309124,0.4874037802219391,0.4269341230392456,0.08566209673881531,0.05618222430348396,0.11920291930437088,0.9980297088623047,0.9421434998512268,0.21428571428571427,0.30701756477355957,0.26998746395111084,0.22662906348705292,0.19636592268943787
5,0.22137468895938994,12.3577241897583,19.591529846191406,10.782604217529297,0.3766326904296875,0.6441240906715393,84.31832885742188,15437.0,14.873279571533203,2723.0,0.005462092813104391,1.0,0.8029276728630066,147.0,0.0,0.0,6.99564790725708,10.510663986206055,6.0989990234375,0.8201722502708435,0.9059616327285767,95.89250946044922,4389.0,3.801616668701172,174.0,0.0,0.0,0.3058772087097168,14.0,0.0,0.0,11.705811500549316,17.725473403930664,10.162114143371582,0.4883250594139099,0.712247371673584,85.49268341064453,3913.0,13.742626190185547,629.0,0.0,0.0,0.764693021774292,35.0,0.0,0.0,14.472906112670898,22.0478515625,12.606377601623535,0.21025127172470093,0.5315425992012024,79.65916442871094,3646.0,19.3358097076416,885.0,0.0,0.0,1.0050251483917236,46.0,0.0,0.0,16.256532669067383,24.990760803222656,14.262928009033203,-0.008895158767700195,0.3794716000556946,76.22897338867188,3489.0,22.613065719604492,1035.0,0.021848371252417564,1.0,1.1361154317855835,52.0,0.0,0.0,0.9923702478408813,0.009993348270654678,0.43280887603759766,0.47953173518180847,0.08765944093465805,0.10074865818023682,0.11920291930437088,0.9957329630851746,0.8806778788566589,0.2857142857142857,0.2982456088066101,0.2655388414859772,0.22994986176490784,0.2062656730413437
6,0.2184360670701799,12.106433868408203,19.29490852355957,10.544079780578613,0.3953656554222107,0.6568737626075745,84.8754653930664,15539.0,14.33253288269043,2624.0,0.005462092813104391,1.0,0.7865414023399353,144.0,0.0,0.0,6.582818031311035,9.871124267578125,5.735348701477051,0.8413903713226318,0.9178577661514282,96.351318359375,4410.0,3.386497974395752,155.0,0.0,0.0,0.2621804475784302,12.0,0.0,0.0,11.437170028686523,17.358745574951172,9.899703979492188,0.509278416633606,0.7264547348022461,85.99519348144531,3936.0,13.261961936950684,607.0,0.0,0.0,0.7428447008132935,34.0,0.0,0.0,14.299601554870605,21.826868057250977,12.434235572814941,0.22600305080413818,0.5418896079063416,80.29277038574219,3675.0,18.702205657958984,856.0,0.0,0.0,1.0050251483917236,46.0,0.0,0.0,16.106151580810547,24.778961181640625,14.10703182220459,0.008133351802825928,0.38886910676956177,76.8625717163086,3518.0,21.979463577270508,1006.0,0.021848371252417564,1.0,1.1361154317855835,52.0,0.0,0.0,0.9868803024291992,0.009957907721400261,0.47158199548721313,0.4485663175582886,0.07985170930624008,0.14516286551952362,0.11920291930437088,0.9963739514350891,0.8183347582817078,0.35714285714285715,0.28947368264198303,0.2610902190208435,0.23327067494392395,0.2161654233932495
7,0.214798630140763,11.85838794708252,18.97669219970703,10.322793960571289,0.41514474153518677,0.6679623126983643,85.36158752441406,15628.0,13.85186767578125,2536.0,0.005462092813104391,1.0,0.7810792922973633,143.0,0.0,0.0,6.260128021240234,9.344379425048828,5.465819835662842,0.8578662276268005,0.9266731142997742,96.91938018798828,4436.0,2.8184401988983154,129.0,0.0,0.0,0.2621804475784302,12.0,0.0,0.0,11.217304229736328,17.00998878479004,9.71318244934082,0.5287986397743225,0.7379220128059387,86.67249298095703,3967.0,12.606510162353516,577.0,0.0,0.0,0.7209962606430054,33.0,0.0,0.0,14.096110343933105,21.55220603942871,12.237421035766602,0.2453598976135254,0.5519355535507202,80.7515869140625,3696.0,18.243391036987305,835.0,0.0,0.0,1.0050251483917236,46.0,0.0,0.0,15.860008239746094,24.480703353881836,13.874753952026367,0.03186744451522827,0.39683565497398376,77.1029052734375,3529.0,21.7391300201416,995.0,0.021848371252417564,1.0,1.1361154317855835,52.0,0.0,0.0,0.9827057123184204,0.00990455411374569,0.3836688697338104,0.5521284937858582,0.06420265138149261,0.16405686736106873,0.11920291930437088,0.9948129057884216,0.7907799482345581,0.42857142857142855,0.28070175647735596,0.25664159655570984,0.23659147322177887,0.22606515884399414
8,0.21240450641364855,11.726022720336914,18.749195098876953,10.209572792053223,0.42908358573913574,0.6751707196235657,85.63469696044922,15678.0,13.58968734741211,2488.0,0.0,0.0,0.775617241859436,142.0,0.0,0.0,6.100208282470703,9.03179931640625,5.329628944396973,0.8672162294387817,0.9315962791442871,97.24710845947266,4451.0,2.5125627517700195,115.0,0.0,0.0,0.24033209681510925,11.0,0.0,0.0,11.112873077392578,16.769962310791016,9.632246017456055,0.5420029163360596,0.7453237771987915,87.17500305175781,3990.0,12.103998184204102,554.0,0.0,0.0,0.7209962606430054,33.0,0.0,0.0,13.981411933898926,21.32088279724121,12.136565208435059,0.26147234439849854,0.5586492419242859,80.86082458496094,3701.0,18.13414764404297,830.0,0.0,0.0,1.0050251483917236,46.0,0.0,0.0,15.709601402282715,24.26404571533203,13.739850044250488,0.04892772436141968,0.4018625319004059,77.25584411621094,3536.0,21.60803985595703,989.0,0.0,0.0,1.1361154317855835,52.0,0.0,0.0,0.9804708957672119,0.009877865202724934,0.39894047379493713,0.5041714906692505,0.09688812494277954,0.1790296882390976,0.11920291930437088,0.9966176152229309,0.7814857363700867,0.5,0.2719298303127289,0.25219297409057617,0.2399122714996338,0.23596492409706116
9,0.21049508352974092,11.589903831481934,18.539934158325195,10.076788902282715,0.4417564272880554,0.6809431910514832,86.06620025634766,15757.0,13.158183097839355,2409.0,0.0,0.0,0.775617241859436,142.0,0.0,0.0,5.97361946105957,8.772172927856445,5.226381301879883,0.874740481376648,0.9355201125144958,97.46558380126953,4461.0,2.294079065322876,105.0,0.0,0.0,0.24033209681510925,11.0,0.0,0.0,10.969016075134277,16.55573272705078,9.50021743774414,0.5536296367645264,0.7510167360305786,87.48088836669922,4004.0,11.798121452331543,540.0,0.0,0.0,0.7209962606430054,33.0,0.0,0.0,13.843810081481934,21.12093162536621,11.996114730834961,0.27525949478149414,0.5639016628265381,81.23224639892578,3718.0,17.762725830078125,813.0,0.0,0.0,1.0050251483917236,46.0,0.0,0.0,15.573166847229004,24.037046432495117,13.584441184997559,0.06663978099822998,0.40451401472091675,78.0860824584961,3574.0,20.777801513671875,951.0,0.0,0.0,1.1361154317855835,52.0,0.0,0.0,0.9746747612953186,0.009882044047117233,0.4841776490211487,0.3771995007991791,0.13862287998199463,0.1910637617111206,0.11920291930437088,0.9974916577339172,0.7841013669967651,0.5714285714285714,0.2631579041481018,0.2477443516254425,0.2432330846786499,0.24586467444896698
10,0.20843690407666468,11.518567085266113,18.40789222717285,10.023208618164062,0.4496798515319824,0.6854902505874634,86.06620025634766,15757.0,13.163643836975098,2410.0,0.0,0.0,0.770155131816864,141.0,0.0,0.0,5.878228664398193,8.594259262084961,5.155717372894287,0.8797698616981506,0.9381849765777588,97.640380859375,4469.0,2.1411404609680176,98.0,0.0,0.0,0.21848371624946594,10.0,0.0,0.0,10.896811485290527,16.397323608398438,9.450005531311035,0.5621307492256165,0.7559850215911865,87.59011840820312,4009.0,11.688879013061523,535.0,0.0,0.0,0.7209962606430054,33.0,0.0,0.0,13.786242485046387,21.017032623291016,11.949448585510254,0.28237223625183105,0.5672771334648132,80.9482192993164,3705.0,18.046756744384766,826.0,0.0,0.0,1.0050251483917236,46.0,0.0,0.0,15.512984275817871,23.894617080688477,13.537664413452148,0.07766813039779663,0.41020190715789795,78.0860824584961,3574.0,20.777801513671875,951.0,0.0,0.0,1.1361154317855835,52.0,0.0,0.0,0.9734176397323608,0.00988899078220129,0.549740195274353,0.32139158248901367,0.1288682520389557,0.18965573608875275,0.11920291930437088,0.9975261092185974,0.7991142272949219,0.6428571428571429,0.25438597798347473,0.24329572916030884,0.24655388295650482,0.2557644248008728
11,0.20799563297045173,11.525748252868652,18.47137451171875,10.027090072631836,0.4458775520324707,0.6834233999252319,86.04981231689453,15754.0,13.180030822753906,2413.0,0.0,0.0,0.770155131816864,141.0,0.0,0.0,5.836273193359375,8.544374465942383,5.119657039642334,0.8811615705490112,0.9390036463737488,97.66222381591797,4470.0,2.1192920207977295,97.0,0.0,0.0,0.21848371624946594,10.0,0.0,0.0,10.901116371154785,16.41600799560547,9.453445434570312,0.5611322522163391,0.7558969259262085,87.59011840820312,4009.0,11.688879013061523,535.0,0.0,0.0,0.7209962606430054,33.0,0.0,0.0,13.824811935424805,21.120044708251953,11.979509353637695,0.2753203511238098,0.562818169593811,81.07930755615234,3711.0,17.915664672851562,820.0,0.0,0.0,1.0050251483917236,46.0,0.0,0.0,15.540789604187012,24.004558563232422,13.55574893951416,0.06916111707687378,0.4015852212905884,77.86759948730469,3564.0,20.996286392211914,961.0,0.0,0.0,1.1361154317855835,52.0,0.0,0.0,0.9717528820037842,0.009900602512061596,0.539085865020752,0.3316449522972107,0.12926918268203735,0.1912642866373062,0.11920291930437088,0.9977914690971375,0.7985886335372925,0.7142857142857143,0.24561403691768646,0.23884710669517517,0.24987469613552094,0.26566416025161743
12,0.2057982320586124,11.505781173706055,18.47310447692871,9.994988441467285,0.4457736611366272,0.6830909848213196,85.84225463867188,15716.0,13.387590408325195,2451.0,0.0,0.0,0.770155131816864,141.0,0.0,0.0,5.8172478675842285,8.56016731262207,5.091982841491699,0.8807218670845032,0.9387434124946594,97.5966796875,4467.0,2.1848373413085938,100.0,0.0,0.0,0.21848371624946594,10.0,0.0,0.0,10.873899459838867,16.463943481445312,9.406180381774902,0.5585654973983765,0.7542019486427307,87.56827545166016,4008.0,11.71072769165039,536.0,0.0,0.0,0.7209962606430054,33.0,0.0,0.0,13.806666374206543,21.12495231628418,11.948473930358887,0.27498340606689453,0.5620257258415222,80.59864807128906,3689.0,18.396329879760742,842.0,0.0,0.0,1.0050251483917236,46.0,0.0,0.0,15.525306701660156,23.96708106994629,13.533317565917969,0.07206529378890991,0.40337255597114563,77.60542297363281,3552.0,21.258466720581055,973.0,0.0,0.0,1.1361154317855835,52.0,0.0,0.0,0.9713881015777588,0.009910629130899906,0.4789424538612366,0.37223947048187256,0.14881806075572968,0.19145913422107697,0.11920291930437088,0.9978215098381042,0.796406626701355,0.7857142857142857,0.23684212565422058,0.2343984991312027,0.25319552421569824,0.27556392550468445
13,0.2048579808563686,11.436155319213867,18.36717414855957,9.929911613464355,0.4521116614341736,0.6862186789512634,86.0989761352539,15763.0,13.136333465576172,2405.0,0.0,0.0,0.764693021774292,140.0,0.0,0.0,5.756512641906738,8.471332550048828,5.04353141784668,0.8831846714019775,0.9399810433387756,97.72776794433594,4473.0,2.0755953788757324,95.0,0.0,0.0,0.19663535058498383,9.0,0.0,0.0,10.812923431396484,16.35173797607422,9.359637260437012,0.5645619630813599,0.7572891116142273,87.939697265625,4025.0,11.33930492401123,519.0,0.0,0.0,0.7209962606430054,33.0,0.0,0.0,13.729269981384277,20.987873077392578,11.87389087677002,0.28436213731765747,0.566480278968811,80.90452575683594,3703.0,18.090452194213867,828.0,0.0,0.0,1.0050251483917236,46.0,0.0,0.0,15.445913314819336,23.870040893554688,13.44258975982666,0.07956451177597046,0.40687206387519836,77.82389831542969,3562.0,21.039981842041016,963.0,0.0,0.0,1.1361154317855835,52.0,0.0,0.0,0.9708463549613953,0.009924784302711487,0.5411434173583984,0.31462061405181885,0.14423604309558868,0.1877155750989914,0.11920291930437088,0.997635543346405,0.8008610010147095,0.8571428571428571,0.22807016968727112,0.22994986176490784,0.25651630759239197,0.2854636609554291
14,0.20338728615493004,11.444013595581055,18.342126846313477,9.929753303527832,0.4536049962043762,0.6868436932563782,86.13174438476562,15769.0,13.098099708557129,2398.0,0.0,0.0,0.770155131816864,141.0,0.0,0.0,5.747886657714844,8.44642448425293,5.043643474578857,0.8838706016540527,0.9403902292251587,97.8151626586914,4477.0,1.9663535356521606,90.0,0.0,0.0,0.21848371624946594,10.0,0.0,0.0,10.81476879119873,16.330764770507812,9.363037109375,0.5656782388687134,0.7580376863479614,87.7212142944336,4015.0,11.557788848876953,529.0,0.0,0.0,0.7209962606430054,33.0,0.0,0.0,13.718705177307129,20.95908546447754,11.861809730529785,0.28632402420043945,0.5661802291870117,81.07930755615234,3711.0,17.915664672851562,820.0,0.0,0.0,1.0050251483917236,46.0,0.0,0.0,15.494698524475098,23.84146499633789,13.450521469116211,0.08176684379577637,0.4047988951206207,77.91129302978516,3566.0,20.95258903503418,959.0,0.0,0.0,1.1361154317855835,52.0,0.0,0.0,0.9697473049163818,0.009928179904818535,0.45790284872055054,0.407688170671463,0.13440899550914764,0.19634376466274261,0.11920291930437088,0.9973900318145752,0.8117915987968445,0.9285714285714286,0.21929824352264404,0.22550123929977417,0.2598370909690857,0.2953633964061737
15,0.2010161856603918,11.531543731689453,18.502906799316406,9.979150772094727,0.44398409128189087,0.6819625496864319,85.8968734741211,15726.0,13.338431358337402,2442.0,0.0,0.0,0.764693021774292,140.0,0.0,0.0,5.756165504455566,8.506760597229004,5.035967826843262,0.8822055459022522,0.9395484924316406,97.70591735839844,4472.0,2.0755953788757324,95.0,0.0,0.0,0.21848371624946594,10.0,0.0,0.0,10.86032772064209,16.440624237060547,9.374123573303223,0.5598151087760925,0.755207896232605,87.6993637084961,4014.0,11.601486206054688,531.0,0.0,0.0,0.6991478800773621,32.0,0.0,0.0,13.828874588012695,21.14741325378418,11.922538757324219,0.273440957069397,0.5604138374328613,80.729736328125,3695.0,18.265239715576172,836.0,0.0,0.0,1.0050251483917236,46.0,0.0,0.0,15.680810928344727,24.07400894165039,13.583972930908203,0.06376707553863525,0.3958340287208557,77.45248413085938,3545.0,21.411405563354492,980.0,0.0,0.0,1.1361154317855835,52.0,0.0,0.0,0.9681918621063232,0.00992700457572937,0.4964510202407837,0.37120935320854187,0.1323397159576416,0.19759400188922882,0.11920291930437088,0.9968965649604797,0.8098467588424683,1.0,0.21052631735801697,0.2210526168346405,0.2631579041481018,0.3052631616592407
16,0.19478489700501525,11.585094451904297,18.5705509185791,10.00600528717041,0.4399111866950989,0.6805686354637146,85.84771728515625,15717.0,13.398514747619629,2453.0,0.005462092813104391,1.0,0.7483067512512207,137.0,0.0,0.0,5.795845985412598,8.573722839355469,5.057025909423828,0.8803437948226929,0.9387480616569519,97.74961853027344,4474.0,2.0537469387054443,94.0,0.0,0.0,0.19663535058498383,9.0,0.0,0.0,10.925281524658203,16.526813507080078,9.408248901367188,0.5551877021789551,0.7529461979866028,87.56827545166016,4008.0,11.754424095153809,538.0,0.0,0.0,0.6772995591163635,31.0,0.0,0.0,13.883696556091309,21.227724075317383,11.945906639099121,0.26791197061538696,0.5585901141166687,80.68603515625,3693.0,18.33078384399414,839.0,0.0,0.0,0.9831767678260803,45.0,0.0,0.0,15.735554695129395,24.12883949279785,13.612842559814453,0.05949759483337402,0.3963981866836548,77.38693237304688,3542.0,21.455101013183594,982.0,0.021848371252417564,1.0,1.1361154317855835,52.0,0.0,0.0,0.9670802354812622,0.009924743324518204,0.43958213925361633,0.43057361245155334,0.12984426319599152,0.1930432915687561,0.11920291930437088,0.9968579411506653,0.8141151666641235,1.0,0.21052631735801697,0.2210526168346405,0.2631579041481018,0.3052631616592407
17,0.18955008486741906,11.67541217803955,18.69931983947754,10.093704223632812,0.43211686611175537,0.6762617826461792,85.66746520996094,15684.0,13.584224700927734,2487.0,0.0,0.0,0.7483067512512207,137.0,0.0,0.0,5.803253650665283,8.622065544128418,5.0641937255859375,0.878990650177002,0.9379908442497253,97.68407440185547,4471.0,2.1192920207977295,97.0,0.0,0.0,0.19663535058498383,9.0,0.0,0.0,10.982882499694824,16.612415313720703,9.4663724899292,0.5505678653717041,0.7504653334617615,87.45903015136719,4003.0,11.863665580749512,543.0,0.0,0.0,0.6772995591163635,31.0,0.0,0.0,14.007521629333496,21.379730224609375,12.064016342163086,0.2573898434638977,0.552677571773529,80.83898162841797,3700.0,18.177846908569336,832.0,0.0,0.0,0.9831767678260803,45.0,0.0,0.0,15.907991409301758,24.315698623657227,13.780234336853027,0.04487419128417969,0.38857701420783997,76.68778991699219,3510.0,22.176097869873047,1015.0,0.0,0.0,1.1361154317855835,52.0,0.0,0.0,0.9639748334884644,0.009937858209013939,0.4300810992717743,0.4360950291156769,0.13382390141487122,0.1952495574951172,0.11920291930437088,0.9969067573547363,0.8142729997634888,1.0,0.21052631735801697,0.2210526168346405,0.2631579041481018,0.3052631616592407
18,0.18401630291217072,11.789948463439941,18.877775192260742,10.189190864562988,0.4212261438369751,0.6706268191337585,85.39982604980469,15635.0,13.85186767578125,2536.0,0.005462092813104391,1.0,0.7428447008132935,136.0,0.0,0.0,5.802749156951904,8.625679016113281,5.059600353240967,0.8788892030715942,0.9379211664199829,97.70591735839844,4472.0,2.0974435806274414,96.0,0.0,0.0,0.19663535058498383,9.0,0.0,0.0,11.066033363342285,16.70770835876465,9.52967643737793,0.5453970432281494,0.7476617097854614,87.45903015136719,4003.0,11.885515213012695,544.0,0.0,0.0,0.6554511785507202,30.0,0.0,0.0,14.195646286010742,21.602567672729492,12.219047546386719,0.24182897806167603,0.5448654294013977,80.33646392822266,3677.0,18.68035888671875,855.0,0.0,0.0,0.9831767678260803,45.0,0.0,0.0,16.095365524291992,24.6020450592041,13.948440551757812,0.022246241569519043,0.37946951389312744,76.09788513183594,3483.0,22.744155883789062,1041.0,0.021848371252417564,1.0,1.1361154317855835,52.0,0.0,0.0,0.9614928960800171,0.009953937493264675,0.39962875843048096,0.449340283870697,0.151031032204628,0.18451529741287231,0.11920291930437088,0.9965432286262512,0.8256943225860596,1.0,0.21052631735801697,0.2210526168346405,0.2631579041481018,0.3052631616592407
19,0.17850191243319932,11.813739776611328,18.90537452697754,10.19257640838623,0.4195324778556824,0.6694214940071106,85.41620635986328,15638.0,13.840943336486816,2534.0,0.0,0.0,0.7428447008132935,136.0,0.0,0.0,5.789694309234619,8.598835945129395,5.047544956207275,0.8796418309211731,0.9383314251899719,97.74961853027344,4474.0,2.0537469387054443,94.0,0.0,0.0,0.19663535058498383,9.0,0.0,0.0,11.092900276184082,16.74319076538086,9.539027214050293,0.5434640645980835,0.7466784119606018,87.08761596679688,3986.0,12.256937026977539,561.0,0.0,0.0,0.6554511785507202,30.0,0.0,0.0,14.275548934936523,21.678905487060547,12.263514518737793,0.23646122217178345,0.540810763835907,80.31462097167969,3676.0,18.702205657958984,856.0,0.0,0.0,0.9831767678260803,45.0,0.0,0.0,16.09681510925293,24.604949951171875,13.920222282409668,0.02201533317565918,0.37682417035102844,76.51300048828125,3502.0,22.35088539123535,1023.0,0.0,0.0,1.1361154317855835,52.0,0.0,0.0,0.9575365781784058,0.009985838085412979,0.3814259469509125,0.4596666991710663,0.15890738368034363,0.1785000115633011,0.11920291930437088,0.9961197972297668,0.8242217302322388,1.0,0.21052631735801697,0.2210526168346405,0.2631579041481018,0.3052631616592407
20,0.17115170559669218,11.910408973693848,19.036304473876953,10.289155006408691,0.4114645719528198,0.6647533178329468,85.21957397460938,15602.0,14.04304027557373,2571.0,0.0,0.0,0.7373825907707214,135.0,0.0,0.0,5.822808265686035,8.655664443969727,5.081271171569824,0.8780456781387329,0.9374166131019592,97.5966796875,4467.0,2.2066855430603027,101.0,0.0,0.0,0.19663535058498383,9.0,0.0,0.0,11.160515785217285,16.849103927612305,9.609954833984375,0.5376700162887573,0.7430902123451233,86.9783706665039,3981.0,12.38802719116211,567.0,0.0,0.0,0.6336027979850769,29.0,0.0,0.0,14.409025192260742,21.83603286743164,12.393844604492188,0.225352942943573,0.5344974994659424,79.83395385742188,3654.0,19.182870864868164,878.0,0.0,0.0,0.9831767678260803,45.0,0.0,0.0,16.24928855895996,24.7769718170166,14.071552276611328,0.00829249620437622,0.3710516691207886,76.46929931640625,3500.0,22.394580841064453,1025.0,0.0,0.0,1.1361154317855835,52.0,0.0,0.0,0.9547318816184998,0.010007206350564957,0.3892359435558319,0.4447510540485382,0.16601304709911346,0.17513370513916016,0.11920291930437088,0.9960946440696716,0.8279067277908325,1.0,0.21052631735801697,0.2210526168346405,0.2631579041481018,0.3052631616592407
21,0.16449098364811882,12.07693862915039,19.24034309387207,10.420994758605957,0.3987806439399719,0.6588290333747864,84.8536148071289,15535.0,14.403539657592773,2637.0,0.005462092813104391,1.0,0.7373825907707214,135.0,0.0,0.0,5.872229099273682,8.73422908782959,5.116528034210205,0.8758217692375183,0.9363126158714294,97.53113555908203,4464.0,2.272230863571167,104.0,0.0,0.0,0.19663535058498383,9.0,0.0,0.0,11.30341625213623,17.010513305664062,9.720596313476562,0.5287695527076721,0.7387345433235168,86.9565200805664,3980.0,12.409875869750977,568.0,0.0,0.0,0.6336027979850769,29.0,0.0,0.0,14.620534896850586,22.062395095825195,12.562821388244629,0.20920896530151367,0.5278114080429077,79.44068145751953,3636.0,19.576141357421875,896.0,0.0,0.0,0.9831767678260803,45.0,0.0,0.0,16.511571884155273,25.067298889160156,14.28403377532959,-0.015084505081176758,0.36272525787353516,75.48612213134766,3455.0,23.35590934753418,1069.0,0.021848371252417564,1.0,1.1361154317855835,52.0,0.0,0.0,0.9533616304397583,0.010017923079431057,0.35877513885498047,0.47603121399879456,0.16519369184970856,0.17235274612903595,0.11920291930437088,0.9944044947624207,0.8313524723052979,1.0,0.21052631735801697,0.2210526168346405,0.2631579041481018,0.3052631616592407
22,0.1599917011824908,12.035775184631348,19.21831512451172,10.386614799499512,0.40015655755996704,0.6597893238067627,85.02294158935547,15566.0,14.234214782714844,2606.0,0.005462092813104391,1.0,0.7373825907707214,135.0,0.0,0.0,5.864121913909912,8.727208137512207,5.1092529296875,0.8760212659835815,0.9364827871322632,97.46558380126953,4461.0,2.337775707244873,107.0,0.0,0.0,0.19663535058498383,9.0,0.0,0.0,11.265984535217285,16.978696823120117,9.68673038482666,0.5305306315422058,0.7399412393569946,87.10945892333984,3987.0,12.256937026977539,561.0,0.0,0.0,0.6336027979850769,29.0,0.0,0.0,14.560813903808594,22.049333572387695,12.51392936706543,0.21014505624771118,0.5285468697547913,79.68101501464844,3647.0,19.3358097076416,885.0,0.0,0.0,0.9831767678260803,45.0,0.0,0.0,16.452178955078125,25.035198211669922,14.23654842376709,-0.01248633861541748,0.3633117973804474,75.83570098876953,3471.0,23.006336212158203,1053.0,0.021848371252417564,1.0,1.1361154317855835,52.0,0.0,0.0,0.9521135091781616,0.010027126409113407,0.3510236144065857,0.482726514339447,0.16624988615512848,0.16999448835849762,0.11920291930437088,0.993874728679657,0.833837628364563,1.0,0.21052631735801697,0.2210526168346405,0.2631579041481018,0.3052631616592407
step,fold16/test_loss,fold16/test_mae,fold16/test_rmse,fold16/test_mard,fold16/test_r2,fold16/test_pearson,fold16/test_ega_zone_a_pct,fold16/test_ega_zone_a_count,fold16/test_ega_zone_b_pct,fold16/test_ega_zone_b_count,fold16/test_ega_zone_c_pct,fold16/test_ega_zone_c_count,fold16/test_ega_zone_d_pct,fold16/test_ega_zone_d_count,fold16/test_ega_zone_e_pct,fold16/test_ega_zone_e_count,fold16/test_horizon_15_mae,fold16/test_horizon_15_rmse,fold16/test_horizon_15_mard,fold16/test_horizon_15_r2,fold16/test_horizon_15_pearson,fold16/test_horizon_15_ega_zone_a_pct,fold16/test_horizon_15_ega_zone_a_count,fold16/test_horizon_15_ega_zone_b_pct,fold16/test_horizon_15_ega_zone_b_count,fold16/test_horizon_15_ega_zone_c_pct,fold16/test_horizon_15_ega_zone_c_count,fold16/test_horizon_15_ega_zone_d_pct,fold16/test_horizon_15_ega_zone_d_count,fold16/test_horizon_15_ega_zone_e_pct,fold16/test_horizon_15_ega_zone_e_count,fold16/test_horizon_30_mae,fold16/test_horizon_30_rmse,fold16/test_horizon_30_mard,fold16/test_horizon_30_r2,fold16/test_horizon_30_pearson,fold16/test_horizon_30_ega_zone_a_pct,fold16/test_horizon_30_ega_zone_a_count,fold16/test_horizon_30_ega_zone_b_pct,fold16/test_horizon_30_ega_zone_b_count,fold16/test_horizon_30_ega_zone_c_pct,fold16/test_horizon_30_ega_zone_c_count,fold16/test_horizon_30_ega_zone_d_pct,fold16/test_horizon_30_ega_zone_d_count,fold16/test_horizon_30_ega_zone_e_pct,fold16/test_horizon_30_ega_zone_e_count,fold16/test_horizon_45_mae,fold16/test_horizon_45_rmse,fold16/test_horizon_45_mard,fold16/test_horizon_45_r2,fold16/test_horizon_45_pearson,fold16/test_horizon_45_ega_zone_a_pct,fold16/test_horizon_45_ega_zone_a_count,fold16/test_horizon_45_ega_zone_b_pct,fold16/test_horizon_45_ega_zone_b_count,fold16/test_horizon_45_ega_zone_c_pct,fold16/test_horizon_45_ega_zone_c_count,fold16/test_horizon_45_ega_zone_d_pct,fold16/test_horizon_45_ega_zone_d_count,fold16/test_horizon_45_ega_zone_e_pct,fold16/test_horizon_45_ega_zone_e_count,fold16/test_horizon_60_mae,fold16/test_horizon_60_rmse,fold16/test_horizon_60_mard,fold16/test_horizon_60_r2,fold16/test_horizon_60_pearson,fold16/test_horizon_60_ega_zone_a_pct,fold16/test_horizon_60_ega_zone_a_count,fold16/test_horizon_60_ega_zone_b_pct,fold16/test_horizon_60_ega_zone_b_count,fold16/test_horizon_60_ega_zone_c_pct,fold16/test_horizon_60_ega_zone_c_count,fold16/test_horizon_60_ega_zone_d_pct,fold16/test_horizon_60_ega_zone_d_count,fold16/test_horizon_60_ega_zone_e_pct,fold16/test_horizon_60_ega_zone_e_count
0,0.3315734876343398,11.734718322753906,16.332521438598633,10.909913063049316,0.06374484300613403,0.48807111382484436,83.7802734375,5811.0,16.11880111694336,1118.0,0.0,0.0,0.10092272609472275,7.0,0.0,0.0,6.688694000244141,9.171370506286621,6.279900074005127,0.7113707065582275,0.8548592329025269,96.77046966552734,1678.0,3.056516647338867,53.0,0.0,0.0,0.17301037907600403,3.0,0.0,0.0,11.834338188171387,15.985960960388184,10.95236873626709,0.10915958881378174,0.5235546827316284,83.85236358642578,1454.0,15.974624633789062,277.0,0.0,0.0,0.17301037907600403,3.0,0.0,0.0,13.861030578613281,18.56277084350586,12.826526641845703,-0.2205824851989746,0.30087363719940186,78.83506774902344,1367.0,21.107267379760742,366.0,0.0,0.0,0.057670123875141144,1.0,0.0,0.0,14.554811477661133,19.564342498779297,13.580852508544922,-0.37216389179229736,0.18091988563537598,75.6632080078125,1312.0,24.336793899536133,422.0,0.0,0.0,0.0,0.0,0.0,0.0
step,summary/loss,summary/mae,summary/rmse,summary/mard,summary/r2,summary/pearson,summary/ega_zone_a_pct,summary/ega_zone_a_count,summary/ega_zone_b_pct,summary/ega_zone_b_count,summary/ega_zone_c_pct,summary/ega_zone_c_count,summary/ega_zone_d_pct,summary/ega_zone_d_count,summary/ega_zone_e_pct,summary/ega_zone_e_count,summary/horizon_15_mae,summary/horizon_15_rmse,summary/horizon_15_mard,summary/horizon_15_r2,summary/horizon_15_pearson,summary/horizon_15_ega_zone_a_pct,summary/horizon_15_ega_zone_a_count,summary/horizon_15_ega_zone_b_pct,summary/horizon_15_ega_zone_b_count,summary/horizon_15_ega_zone_c_pct,summary/horizon_15_ega_zone_c_count,summary/horizon_15_ega_zone_d_pct,summary/horizon_15_ega_zone_d_count,summary/horizon_15_ega_zone_e_pct,summary/horizon_15_ega_zone_e_count,summary/horizon_30_mae,summary/horizon_30_rmse,summary/horizon_30_mard,summary/horizon_30_r2,summary/horizon_30_pearson,summary/horizon_30_ega_zone_a_pct,summary/horizon_30_ega_zone_a_count,summary/horizon_30_ega_zone_b_pct,summary/horizon_30_ega_zone_b_count,summary/horizon_30_ega_zone_c_pct,summary/horizon_30_ega_zone_c_count,summary/horizon_30_ega_zone_d_pct,summary/horizon_30_ega_zone_d_count,summary/horizon_30_ega_zone_e_pct,summary/horizon_30_ega_zone_e_count,summary/horizon_45_mae,summary/horizon_45_rmse,summary/horizon_45_mard,summary/horizon_45_r2,summary/horizon_45_pearson,summary/horizon_45_ega_zone_a_pct,summary/horizon_45_ega_zone_a_count,summary/horizon_45_ega_zone_b_pct,summary/horizon_45_ega_zone_b_count,summary/horizon_45_ega_zone_c_pct,summary/horizon_45_ega_zone_c_count,summary/horizon_45_ega_zone_d_pct,summary/horizon_45_ega_zone_d_count,summary/horizon_45_ega_zone_e_pct,summary/horizon_45_ega_zone_e_count,summary/horizon_60_mae,summary/horizon_60_rmse,summary/horizon_60_mard,summary/horizon_60_r2,summary/horizon_60_pearson,summary/horizon_60_ega_zone_a_pct,summary/horizon_60_ega_zone_a_count,summary/horizon_60_ega_zone_b_pct,summary/horizon_60_ega_zone_b_count,summary/horizon_60_ega_zone_c_pct,summary/horizon_60_ega_zone_c_count,summary/horizon_60_ega_zone_d_pct,summary/horizon_60_ega_zone_d_count,summary/horizon_60_ega_zone_e_pct,summary/horizon_60_ega_zone_e_count
0,0.28489282253920156,10.37127697467804,15.694091737270355,8.933201521635056,0.38042549416422844,0.6563376765698195,88.96384382247925,6013.3125,10.704845905303955,740.1875,0.0016395591665059328,0.125,0.32803144765784964,23.75,0.0016395591665059328,0.125,5.417103856801987,7.812650352716446,4.732802391052246,0.8386713229119778,0.9184227958321571,98.32860946655273,1666.4375,1.545933960005641,25.875,0.0,0.0,0.12545565934851766,2.0625,0.0,0.0,9.809865325689316,14.272194027900696,8.453906297683716,0.47942810878157616,0.7163642644882202,90.70216226577759,1533.6875,8.984345406293869,155.1875,0.0,0.0,0.3134929956868291,5.5,0.0,0.0,12.361926972866058,17.901300251483917,10.611339032649994,0.19343924894928932,0.5298084318637848,85.18587017059326,1437.6875,14.407608926296234,249.1875,0.0,0.0,0.4065204623620957,7.5,0.0,0.0,13.896212100982666,19.952610790729523,11.934758484363556,0.0072932131588459015,0.39545627031475306,81.63873243331909,1375.5,17.881495237350464,309.9375,0.006558236666023731,0.125,0.4666567277163267,8.6875,0.006558236666023731,0.125
