step,fold1/train_loss,fold1/val_mae,fold1/val_rmse,fold1/val_mard,fold1/val_mape,fold1/val_r2,fold1/val_pearson,fold1/val_ega_zone_a_pct,fold1/val_ega_zone_a_count,fold1/val_ega_zone_b_pct,fold1/val_ega_zone_b_count,fold1/val_ega_zone_c_pct,fold1/val_ega_zone_c_count,fold1/val_ega_zone_d_pct,fold1/val_ega_zone_d_count,fold1/val_ega_zone_e_pct,fold1/val_ega_zone_e_count,fold1/val_horizon_15_mae,fold1/val_horizon_15_rmse,fold1/val_horizon_15_mard,fold1/val_horizon_15_mape,fold1/val_horizon_15_r2,fold1/val_horizon_15_pearson,fold1/val_horizon_15_ega_zone_a_pct,fold1/val_horizon_15_ega_zone_a_count,fold1/val_horizon_15_ega_zone_b_pct,fold1/val_horizon_15_ega_zone_b_count,fold1/val_horizon_15_ega_zone_c_pct,fold1/val_horizon_15_ega_zone_c_count,fold1/val_horizon_15_ega_zone_d_pct,fold1/val_horizon_15_ega_zone_d_count,fold1/val_horizon_15_ega_zone_e_pct,fold1/val_horizon_15_ega_zone_e_count,fold1/val_horizon_30_mae,fold1/val_horizon_30_rmse,fold1/val_horizon_30_mard,fold1/val_horizon_30_mape,fold1/val_horizon_30_r2,fold1/val_horizon_30_pearson,fold1/val_horizon_30_ega_zone_a_pct,fold1/val_horizon_30_ega_zone_a_count,fold1/val_horizon_30_ega_zone_b_pct,fold1/val_horizon_30_ega_zone_b_count,fold1/val_horizon_30_ega_zone_c_pct,fold1/val_horizon_30_ega_zone_c_count,fold1/val_horizon_30_ega_zone_d_pct,fold1/val_horizon_30_ega_zone_d_count,fold1/val_horizon_30_ega_zone_e_pct,fold1/val_horizon_30_ega_zone_e_count,fold1/val_horizon_45_mae,fold1/val_horizon_45_rmse,fold1/val_horizon_45_mard,fold1/val_horizon_45_mape,fold1/val_horizon_45_r2,fold1/val_horizon_45_pearson,fold1/val_horizon_45_ega_zone_a_pct,fold1/val_horizon_45_ega_zone_a_count,fold1/val_horizon_45_ega_zone_b_pct,fold1/val_horizon_45_ega_zone_b_count,fold1/val_horizon_45_ega_zone_c_pct,fold1/val_horizon_45_ega_zone_c_count,fold1/val_horizon_45_ega_zone_d_pct,fold1/val_horizon_45_ega_zone_d_count,fold1/val_horizon_45_ega_zone_e_pct,fold1/val_horizon_45_ega_zone_e_count,fold1/val_horizon_60_mae,fold1/val_horizon_60_rmse,fold1/val_horizon_60_mard,fold1/val_horizon_60_mape,fold1/val_horizon_60_r2,fold1/val_horizon_60_pearson,fold1/val_horizon_60_ega_zone_a_pct,fold1/val_horizon_60_ega_zone_a_count,fold1/val_horizon_60_ega_zone_b_pct,fold1/val_horizon_60_ega_zone_b_count,fold1/val_horizon_60_ega_zone_c_pct,fold1/val_horizon_60_ega_zone_c_count,fold1/val_horizon_60_ega_zone_d_pct,fold1/val_horizon_60_ega_zone_d_count,fold1/val_horizon_60_ega_zone_e_pct,fold1/val_horizon_60_ega_zone_e_count,fold1/diag_horizon_curriculum_progress,fold1/diag_loss_horizon_weight_0,fold1/diag_loss_horizon_weight_1,fold1/diag_loss_horizon_weight_2,fold1/diag_loss_horizon_weight_3
1,0.3291486216017306,15.767202377319336,22.49213218688965,11.384854316711426,11.384854316711426,0.023583292961120605,0.5533021688461304,83.32703399658203,17632.0,16.6729679107666,3528.0,0.0,0.0,0.0,0.0,0.0,0.0,13.050324440002441,18.764673233032227,9.508621215820312,9.508621215820312,0.32024675607681274,0.7690656185150146,89.03591918945312,4710.0,10.964082717895508,580.0,0.0,0.0,0.0,0.0,0.0,0.0,15.49726676940918,22.087095260620117,11.203041076660156,11.203041076660156,0.058254778385162354,0.5935295820236206,83.81852722167969,4434.0,16.181474685668945,856.0,0.0,0.0,0.0,0.0,0.0,0.0,16.91825294494629,23.913190841674805,12.176894187927246,12.176894187927246,-0.10359072685241699,0.46648895740509033,80.86956787109375,4278.0,19.130434036254883,1012.0,0.0,0.0,0.0,0.0,0.0,0.0,17.602962493896484,24.73440170288086,12.650863647460938,12.650863647460938,-0.18043112754821777,0.40004223585128784,79.58412170410156,4210.0,20.415878295898438,1080.0,0.0,0.0,0.0,0.0,0.0,0.0,0.0,0.3333333432674408,0.28333333134651184,0.21666665375232697,0.1666666716337204
2,0.23522431700959479,12.497350692749023,18.929916381835938,9.225564002990723,9.225564002990723,0.3083738684654236,0.6215121746063232,88.43572998046875,18713.0,11.564271926879883,2447.0,0.0,0.0,0.0,0.0,0.0,0.0,7.970931529998779,12.023548126220703,6.032005310058594,6.032005310058594,0.7209162712097168,0.8642971515655518,96.35160827636719,5097.0,3.648393154144287,193.0,0.0,0.0,0.0,0.0,0.0,0.0,12.080622673034668,18.046628952026367,8.990348815917969,8.990348815917969,0.37129276990890503,0.6556088924407959,89.13043975830078,4715.0,10.8695650100708,575.0,0.0,0.0,0.0,0.0,0.0,0.0,14.371399879455566,21.221927642822266,10.537686347961426,10.537686347961426,0.13083410263061523,0.49572518467903137,85.14177703857422,4504.0,14.858223915100098,786.0,0.0,0.0,0.0,0.0,0.0,0.0,15.566454887390137,22.64398956298828,11.342214584350586,11.342214584350586,0.010664224624633789,0.41340622305870056,83.11909484863281,4397.0,16.88090705871582,893.0,0.0,0.0,0.0,0.0,0.0,0.0,0.07142857142857142,0.3245614171028137,0.2788847088813782,0.21998745203018188,0.17656642198562622
3,0.2151631568599055,11.724040031433105,18.029409408569336,8.69394302368164,8.69394302368164,0.37261080741882324,0.6611709594726562,89.60774993896484,18961.0,10.39224910736084,2199.0,0.0,0.0,0.0,0.0,0.0,0.0,6.475234031677246,9.66084098815918,4.955808639526367,4.955808639526367,0.8198230862617493,0.9126375913619995,98.07183074951172,5188.0,1.9281662702560425,102.0,0.0,0.0,0.0,0.0,0.0,0.0,11.242267608642578,16.86427879333496,8.414505958557129,8.414505958557129,0.45097535848617554,0.7057706713676453,90.66162872314453,4796.0,9.338374137878418,494.0,0.0,0.0,0.0,0.0,0.0,0.0,13.876195907592773,20.57892417907715,10.226341247558594,10.226341247558594,0.18270593881607056,0.5291939377784729,86.18147277832031,4559.0,13.818524360656738,731.0,0.0,0.0,0.0,0.0,0.0,0.0,15.302464485168457,22.338544845581055,11.179116249084473,11.179116249084473,0.03717446327209473,0.43006160855293274,83.51606750488281,4418.0,16.483930587768555,872.0,0.0,0.0,0.0,0.0,0.0,0.0,0.14285714285714285,0.31578949093818665,0.2744360864162445,0.223308265209198,0.18646617233753204
4,0.20620120175605564,11.442907333374023,17.647871017456055,8.503046989440918,8.503046989440918,0.398883581161499,0.6777609586715698,89.92438507080078,19028.0,10.075614929199219,2132.0,0.0,0.0,0.0,0.0,0.0,0.0,5.79517936706543,8.611695289611816,4.456887722015381,4.456887722015381,0.8568317890167236,0.9307644963264465,98.67675018310547,5220.0,1.323251485824585,70.0,0.0,0.0,0.0,0.0,0.0,0.0,10.930068969726562,16.330799102783203,8.19691276550293,8.19691276550293,0.48516136407852173,0.7283064126968384,91.02079010009766,4815.0,8.979206085205078,475.0,0.0,0.0,0.0,0.0,0.0,0.0,13.76648998260498,20.307971954345703,10.169357299804688,10.169357299804688,0.20408600568771362,0.5455328226089478,86.57845306396484,4580.0,13.421550750732422,710.0,0.0,0.0,0.0,0.0,0.0,0.0,15.279890060424805,22.192777633666992,11.189033508300781,11.189033508300781,0.04969906806945801,0.4378959834575653,83.42155456542969,4413.0,16.578449249267578,877.0,0.0,0.0,0.0,0.0,0.0,0.0,0.21428571428571427,0.30701756477355957,0.26998746395111084,0.22662906348705292,0.19636592268943787
5,0.20168889599269688,11.245917320251465,17.36951446533203,8.388015747070312,8.388015747070312,0.41769665479660034,0.6861882209777832,90.25520324707031,19098.0,9.74480152130127,2062.0,0.0,0.0,0.0,0.0,0.0,0.0,5.454962730407715,8.060476303100586,4.213165760040283,4.213165760040283,0.8745731115341187,0.9391735196113586,98.94139862060547,5234.0,1.0586011409759521,56.0,0.0,0.0,0.0,0.0,0.0,0.0,10.693843841552734,15.949119567871094,8.054802894592285,8.054802894592285,0.5089455246925354,0.7398064136505127,91.70132446289062,4851.0,8.298676490783691,439.0,0.0,0.0,0.0,0.0,0.0,0.0,13.654470443725586,20.08183479309082,10.123788833618164,10.123788833618164,0.22171294689178467,0.553581178188324,86.59735107421875,4581.0,13.402647018432617,709.0,0.0,0.0,0.0,0.0,0.0,0.0,15.180397987365723,22.003957748413086,11.160305976867676,11.160305976867676,0.06580090522766113,0.4414612650871277,83.78071594238281,4432.0,16.219282150268555,858.0,0.0,0.0,0.0,0.0,0.0,0.0,0.2857142857142857,0.2982456088066101,0.2655388414859772,0.22994986176490784,0.2062656730413437
6,0.1999140871122269,11.24112319946289,17.375925064086914,8.395329475402832,8.395329475402832,0.4172666668891907,0.6867448687553406,90.12287139892578,19070.0,9.877126693725586,2090.0,0.0,0.0,0.0,0.0,0.0,0.0,5.307887077331543,7.79003381729126,4.106858253479004,4.106858253479004,0.8828485012054443,0.9434530138969421,99.16824340820312,5246.0,0.8317580223083496,44.0,0.0,0.0,0.0,0.0,0.0,0.0,10.657628059387207,15.87596607208252,8.035454750061035,8.035454750061035,0.5134397745132446,0.7430200576782227,91.73912811279297,4853.0,8.260869026184082,437.0,0.0,0.0,0.0,0.0,0.0,0.0,13.720763206481934,20.132463455200195,10.186444282531738,10.186444282531738,0.21778368949890137,0.5526524782180786,86.27599334716797,4564.0,13.724008560180664,726.0,0.0,0.0,0.0,0.0,0.0,0.0,15.278219223022461,22.127901077270508,11.2525634765625,11.2525634765625,0.055246949195861816,0.4344852864742279,83.3081283569336,4407.0,16.691871643066406,883.0,0.0,0.0,0.0,0.0,0.0,0.0,0.35714285714285715,0.28947368264198303,0.2610902190208435,0.23327067494392395,0.2161654233932495
7,0.19814833304097818,11.323244094848633,17.418561935424805,8.470318794250488,8.470318794250488,0.41440337896347046,0.684270977973938,90.12287139892578,19070.0,9.877126693725586,2090.0,0.0,0.0,0.0,0.0,0.0,0.0,5.227039337158203,7.6433000564575195,4.0512895584106445,4.0512895584106445,0.8872202634811401,0.9453582763671875,99.24385833740234,5250.0,0.7561436891555786,40.0,0.0,0.0,0.0,0.0,0.0,0.0,10.698012351989746,15.851877212524414,8.079498291015625,8.079498291015625,0.5149152278900146,0.7430661916732788,91.77693939208984,4855.0,8.223062515258789,435.0,0.0,0.0,0.0,0.0,0.0,0.0,13.86472225189209,20.208328247070312,10.313236236572266,10.313236236572266,0.21187740564346313,0.5474292039871216,86.20037841796875,4560.0,13.799622535705566,730.0,0.0,0.0,0.0,0.0,0.0,0.0,15.503203392028809,22.26087760925293,11.437253952026367,11.437253952026367,0.04385793209075928,0.4248110353946686,83.27032470703125,4405.0,16.729679107666016,885.0,0.0,0.0,0.0,0.0,0.0,0.0,0.42857142857142855,0.28070175647735596,0.25664159655570984,0.23659147322177887,0.22606515884399414
8,0.19719031329813702,11.430939674377441,17.494295120239258,8.580110549926758,8.580110549926758,0.4093000888824463,0.6782267093658447,90.01417541503906,19047.0,9.985822677612305,2113.0,0.0,0.0,0.0,0.0,0.0,0.0,5.2121710777282715,7.5825629234313965,4.045837879180908,4.045837879180908,0.8890055418014526,0.9460679292678833,99.31947326660156,5254.0,0.6805292963981628,36.0,0.0,0.0,0.0,0.0,0.0,0.0,10.759578704833984,15.857644081115723,8.152304649353027,8.152304649353027,0.51456218957901,0.7402005195617676,91.7580337524414,4854.0,8.241965293884277,436.0,0.0,0.0,0.0,0.0,0.0,0.0,14.02738094329834,20.304349899291992,10.476617813110352,10.476617813110352,0.20437002182006836,0.5364882946014404,85.9735336303711,4548.0,14.026464462280273,742.0,0.0,0.0,0.0,0.0,0.0,0.0,15.724627494812012,22.427099227905273,11.645683288574219,11.645683288574219,0.029525697231292725,0.4059951603412628,83.00567626953125,4391.0,16.99432945251465,899.0,0.0,0.0,0.0,0.0,0.0,0.0,0.5,0.2719298303127289,0.25219297409057617,0.2399122714996338,0.23596492409706116
9,0.19480054498607544,11.581892967224121,17.63551139831543,8.702616691589355,8.702616691589355,0.39972519874572754,0.6720384955406189,89.72589874267578,18986.0,10.274102210998535,2174.0,0.0,0.0,0.0,0.0,0.0,0.0,5.244542598724365,7.590848445892334,4.071898937225342,4.071898937225342,0.8887628316879272,0.9460835456848145,99.26276397705078,5251.0,0.7372400760650635,39.0,0.0,0.0,0.0,0.0,0.0,0.0,10.883772850036621,15.94249153137207,8.255364418029785,8.255364418029785,0.5093536376953125,0.7367025017738342,91.72023010253906,4852.0,8.279772758483887,438.0,0.0,0.0,0.0,0.0,0.0,0.0,14.224414825439453,20.469350814819336,10.634965896606445,10.634965896606445,0.19138628244400024,0.5272385478019714,85.53874969482422,4525.0,14.461247444152832,765.0,0.0,0.0,0.0,0.0,0.0,0.0,15.97484016418457,22.655393600463867,11.848236083984375,11.848236083984375,0.009667396545410156,0.39012476801872253,82.38185119628906,4358.0,17.618148803710938,932.0,0.0,0.0,0.0,0.0,0.0,0.0,0.5714285714285714,0.2631579041481018,0.2477443516254425,0.2432330846786499,0.24586467444896698
10,0.19218921695077168,11.759617805480957,17.784940719604492,8.851607322692871,8.851607322692871,0.3895096182823181,0.6654548048973083,89.40453338623047,18918.0,10.595462799072266,2242.0,0.0,0.0,0.0,0.0,0.0,0.0,5.3024821281433105,7.647772312164307,4.119369029998779,4.119369029998779,0.8870882391929626,0.9450953602790833,99.31947326660156,5254.0,0.6805292963981628,36.0,0.0,0.0,0.0,0.0,0.0,0.0,11.006024360656738,16.03942108154297,8.36064338684082,8.36064338684082,0.5033692121505737,0.7324107885360718,91.6257095336914,4847.0,8.374290466308594,443.0,0.0,0.0,0.0,0.0,0.0,0.0,14.433893203735352,20.621334075927734,10.811105728149414,10.811105728149414,0.1793338656425476,0.5190578103065491,84.87712860107422,4490.0,15.12287425994873,800.0,0.0,0.0,0.0,0.0,0.0,0.0,16.29606819152832,22.89597511291504,12.115307807922363,12.115307807922363,-0.011477351188659668,0.3760359287261963,81.79584503173828,4327.0,18.204158782958984,963.0,0.0,0.0,0.0,0.0,0.0,0.0,0.6428571428571429,0.25438597798347473,0.24329572916030884,0.24655388295650482,0.2557644248008728
11,0.18743310863371906,11.942803382873535,17.94039535522461,9.01527214050293,9.01527214050293,0.3787907361984253,0.6571028232574463,89.11153411865234,18856.0,10.888468742370605,2304.0,0.0,0.0,0.0,0.0,0.0,0.0,5.362310409545898,7.711971759796143,4.166143417358398,4.166143417358398,0.8851845860481262,0.9442583918571472,99.31947326660156,5254.0,0.6805292963981628,36.0,0.0,0.0,0.0,0.0,0.0,0.0,11.184871673583984,16.177295684814453,8.516932487487793,8.516932487487793,0.49479448795318604,0.7261708378791809,91.30435180664062,4830.0,8.69565200805664,460.0,0.0,0.0,0.0,0.0,0.0,0.0,14.702518463134766,20.82033348083496,11.04913330078125,11.04913330078125,0.1634182333946228,0.5052604079246521,84.38563537597656,4464.0,15.61436653137207,826.0,0.0,0.0,0.0,0.0,0.0,0.0,16.521516799926758,23.081710815429688,12.328880310058594,12.328880310058594,-0.0279543399810791,0.3582667112350464,81.43667602539062,4308.0,18.56332778930664,982.0,0.0,0.0,0.0,0.0,0.0,0.0,0.7142857142857143,0.24561403691768646,0.23884710669517517,0.24987469613552094,0.26566416025161743
12,0.182281369976211,12.216235160827637,18.152990341186523,9.249279022216797,9.249279022216797,0.36398065090179443,0.6469871401786804,88.5396957397461,18735.0,11.460302352905273,2425.0,0.0,0.0,0.0,0.0,0.0,0.0,5.461029052734375,7.808726787567139,4.2466254234313965,4.2466254234313965,0.8822855949401855,0.9424138069152832,99.28166198730469,5252.0,0.7183365225791931,38.0,0.0,0.0,0.0,0.0,0.0,0.0,11.468838691711426,16.37681770324707,8.754942893981934,8.754942893981934,0.482255756855011,0.7174519896507263,90.85066223144531,4806.0,9.149338722229004,484.0,0.0,0.0,0.0,0.0,0.0,0.0,15.069908142089844,21.09393310546875,11.36292552947998,11.36292552947998,0.14128679037094116,0.4901609718799591,83.81852722167969,4434.0,16.181474685668945,856.0,0.0,0.0,0.0,0.0,0.0,0.0,16.865163803100586,23.323678970336914,12.632623672485352,12.632623672485352,-0.04961955547332764,0.3447572588920593,80.20793914794922,4243.0,19.79206085205078,1047.0,0.0,0.0,0.0,0.0,0.0,0.0,0.7857142857142857,0.23684212565422058,0.2343984991312027,0.25319552421569824,0.27556392550468445
13,0.17653869839535571,12.33049201965332,18.24726104736328,9.372058868408203,9.372058868408203,0.3573576807975769,0.6412021517753601,88.2419662475586,18672.0,11.758033752441406,2488.0,0.0,0.0,0.0,0.0,0.0,0.0,5.519837856292725,7.87434720993042,4.3000922203063965,4.3000922203063965,0.8802988529205322,0.940941333770752,99.24385833740234,5250.0,0.7561436891555786,40.0,0.0,0.0,0.0,0.0,0.0,0.0,11.580364227294922,16.47498321533203,8.866284370422363,8.866284370422363,0.47603023052215576,0.7120118141174316,90.6427230834961,4795.0,9.357277870178223,495.0,0.0,0.0,0.0,0.0,0.0,0.0,15.253763198852539,21.24091911315918,11.550055503845215,11.550055503845215,0.129277765750885,0.4812176823616028,83.13799285888672,4398.0,16.862003326416016,892.0,0.0,0.0,0.0,0.0,0.0,0.0,16.968002319335938,23.393224716186523,12.771807670593262,12.771807670593262,-0.05588841438293457,0.33984437584877014,79.94329071044922,4229.0,20.056711196899414,1061.0,0.0,0.0,0.0,0.0,0.0,0.0,0.8571428571428571,0.22807016968727112,0.22994986176490784,0.25651630759239197,0.2854636609554291
14,0.17034729120341982,12.518998146057129,18.4478702545166,9.530420303344727,9.530420303344727,0.34314966201782227,0.6334390640258789,87.90170288085938,18600.0,12.098299026489258,2560.0,0.0,0.0,0.0,0.0,0.0,0.0,5.618035793304443,7.970988750457764,4.381824016571045,4.381824016571045,0.8773426413536072,0.9392010569572449,99.14933776855469,5245.0,0.8506616353988647,45.0,0.0,0.0,0.0,0.0,0.0,0.0,11.791762351989746,16.67853546142578,9.040149688720703,9.040149688720703,0.46300268173217773,0.704669713973999,90.41587829589844,4783.0,9.584120750427246,507.0,0.0,0.0,0.0,0.0,0.0,0.0,15.520953178405762,21.507566452026367,11.771374702453613,11.771374702453613,0.10727936029434204,0.470073401927948,82.51417541503906,4365.0,17.485822677612305,925.0,0.0,0.0,0.0,0.0,0.0,0.0,17.145240783691406,23.601058959960938,12.928332328796387,12.928332328796387,-0.07473349571228027,0.3312983810901642,79.52740478515625,4207.0,20.47258949279785,1083.0,0.0,0.0,0.0,0.0,0.0,0.0,0.9285714285714286,0.21929824352264404,0.22550123929977417,0.2598370909690857,0.2953633964061737
step,fold1/test_loss,fold1/test_mae,fold1/test_rmse,fold1/test_mard,fold1/test_mape,fold1/test_r2,fold1/test_pearson,fold1/test_ega_zone_a_pct,fold1/test_ega_zone_a_count,fold1/test_ega_zone_b_pct,fold1/test_ega_zone_b_count,fold1/test_ega_zone_c_pct,fold1/test_ega_zone_c_count,fold1/test_ega_zone_d_pct,fold1/test_ega_zone_d_count,fold1/test_ega_zone_e_pct,fold1/test_ega_zone_e_count,fold1/test_horizon_15_mae,fold1/test_horizon_15_rmse,fold1/test_horizon_15_mard,fold1/test_horizon_15_mape,fold1/test_horizon_15_r2,fold1/test_horizon_15_pearson,fold1/test_horizon_15_ega_zone_a_pct,fold1/test_horizon_15_ega_zone_a_count,fold1/test_horizon_15_ega_zone_b_pct,fold1/test_horizon_15_ega_zone_b_count,fold1/test_horizon_15_ega_zone_c_pct,fold1/test_horizon_15_ega_zone_c_count,fold1/test_horizon_15_ega_zone_d_pct,fold1/test_horizon_15_ega_zone_d_count,fold1/test_horizon_15_ega_zone_e_pct,fold1/test_horizon_15_ega_zone_e_count,fold1/test_horizon_30_mae,fold1/test_horizon_30_rmse,fold1/test_horizon_30_mard,fold1/test_horizon_30_mape,fold1/test_horizon_30_r2,fold1/test_horizon_30_pearson,fold1/test_horizon_30_ega_zone_a_pct,fold1/test_horizon_30_ega_zone_a_count,fold1/test_horizon_30_ega_zone_b_pct,fold1/test_horizon_30_ega_zone_b_count,fold1/test_horizon_30_ega_zone_c_pct,fold1/test_horizon_30_ega_zone_c_count,fold1/test_horizon_30_ega_zone_d_pct,fold1/test_horizon_30_ega_zone_d_count,fold1/test_horizon_30_ega_zone_e_pct,fold1/test_horizon_30_ega_zone_e_count,fold1/test_horizon_45_mae,fold1/test_horizon_45_rmse,fold1/test_horizon_45_mard,fold1/test_horizon_45_mape,fold1/test_horizon_45_r2,fold1/test_horizon_45_pearson,fold1/test_horizon_45_ega_zone_a_pct,fold1/test_horizon_45_ega_zone_a_count,fold1/test_horizon_45_ega_zone_b_pct,fold1/test_horizon_45_ega_zone_b_count,fold1/test_horizon_45_ega_zone_c_pct,fold1/test_horizon_45_ega_zone_c_count,fold1/test_horizon_45_ega_zone_d_pct,fold1/test_horizon_45_ega_zone_d_count,fold1/test_horizon_45_ega_zone_e_pct,fold1/test_horizon_45_ega_zone_e_count,fold1/test_horizon_60_mae,fold1/test_horizon_60_rmse,fold1/test_horizon_60_mard,fold1/test_horizon_60_mape,fold1/test_horizon_60_r2,fold1/test_horizon_60_pearson,fold1/test_horizon_60_ega_zone_a_pct,fold1/test_horizon_60_ega_zone_a_count,fold1/test_horizon_60_ega_zone_b_pct,fold1/test_horizon_60_ega_zone_b_count,fold1/test_horizon_60_ega_zone_c_pct,fold1/test_horizon_60_ega_zone_c_count,fold1/test_horizon_60_ega_zone_d_pct,fold1/test_horizon_60_ega_zone_d_count,fold1/test_horizon_60_ega_zone_e_pct,fold1/test_horizon_60_ega_zone_e_count
0,0.18910773639590556,7.809548854827881,11.103546142578125,7.308244705200195,7.308244705200195,0.521356463432312,0.7251092195510864,93.7431869506836,6877.0,6.147764682769775,451.0,0.0,0.0,0.10905124992132187,8.0,0.0,0.0,4.260180473327637,6.1382927894592285,4.005648612976074,4.005648612976074,0.8521169424057007,0.923682689666748,99.18211364746094,1819.0,0.7088331580162048,13.0,0.0,0.0,0.10905124992132187,2.0,0.0,0.0,7.783938407897949,11.022581100463867,7.298892021179199,7.298892021179199,0.5265659093856812,0.7303998470306396,93.34786987304688,1712.0,6.543075084686279,120.0,0.0,0.0,0.10905124992132187,2.0,0.0,0.0,9.192017555236816,12.61461353302002,8.592371940612793,8.592371940612793,0.38442569971084595,0.6260669827461243,91.98473358154297,1687.0,7.906215667724609,145.0,0.0,0.0,0.10905124992132187,2.0,0.0,0.0,10.002057075500488,13.22311019897461,9.336066246032715,9.336066246032715,0.3285185694694519,0.5780317783355713,90.45801544189453,1659.0,9.432933807373047,173.0,0.0,0.0,0.10905124992132187,2.0,0.0,0.0
step,fold2/train_loss,fold2/val_mae,fold2/val_rmse,fold2/val_mard,fold2/val_mape,fold2/val_r2,fold2/val_pearson,fold2/val_ega_zone_a_pct,fold2/val_ega_zone_a_count,fold2/val_ega_zone_b_pct,fold2/val_ega_zone_b_count,fold2/val_ega_zone_c_pct,fold2/val_ega_zone_c_count,fold2/val_ega_zone_d_pct,fold2/val_ega_zone_d_count,fold2/val_ega_zone_e_pct,fold2/val_ega_zone_e_count,fold2/val_horizon_15_mae,fold2/val_horizon_15_rmse,fold2/val_horizon_15_mard,fold2/val_horizon_15_mape,fold2/val_horizon_15_r2,fold2/val_horizon_15_pearson,fold2/val_horizon_15_ega_zone_a_pct,fold2/val_horizon_15_ega_zone_a_count,fold2/val_horizon_15_ega_zone_b_pct,fold2/val_horizon_15_ega_zone_b_count,fold2/val_horizon_15_ega_zone_c_pct,fold2/val_horizon_15_ega_zone_c_count,fold2/val_horizon_15_ega_zone_d_pct,fold2/val_horizon_15_ega_zone_d_count,fold2/val_horizon_15_ega_zone_e_pct,fold2/val_horizon_15_ega_zone_e_count,fold2/val_horizon_30_mae,fold2/val_horizon_30_rmse,fold2/val_horizon_30_mard,fold2/val_horizon_30_mape,fold2/val_horizon_30_r2,fold2/val_horizon_30_pearson,fold2/val_horizon_30_ega_zone_a_pct,fold2/val_horizon_30_ega_zone_a_count,fold2/val_horizon_30_ega_zone_b_pct,fold2/val_horizon_30_ega_zone_b_count,fold2/val_horizon_30_ega_zone_c_pct,fold2/val_horizon_30_ega_zone_c_count,fold2/val_horizon_30_ega_zone_d_pct,fold2/val_horizon_30_ega_zone_d_count,fold2/val_horizon_30_ega_zone_e_pct,fold2/val_horizon_30_ega_zone_e_count,fold2/val_horizon_45_mae,fold2/val_horizon_45_rmse,fold2/val_horizon_45_mard,fold2/val_horizon_45_mape,fold2/val_horizon_45_r2,fold2/val_horizon_45_pearson,fold2/val_horizon_45_ega_zone_a_pct,fold2/val_horizon_45_ega_zone_a_count,fold2/val_horizon_45_ega_zone_b_pct,fold2/val_horizon_45_ega_zone_b_count,fold2/val_horizon_45_ega_zone_c_pct,fold2/val_horizon_45_ega_zone_c_count,fold2/val_horizon_45_ega_zone_d_pct,fold2/val_horizon_45_ega_zone_d_count,fold2/val_horizon_45_ega_zone_e_pct,fold2/val_horizon_45_ega_zone_e_count,fold2/val_horizon_60_mae,fold2/val_horizon_60_rmse,fold2/val_horizon_60_mard,fold2/val_horizon_60_mape,fold2/val_horizon_60_r2,fold2/val_horizon_60_pearson,fold2/val_horizon_60_ega_zone_a_pct,fold2/val_horizon_60_ega_zone_a_count,fold2/val_horizon_60_ega_zone_b_pct,fold2/val_horizon_60_ega_zone_b_count,fold2/val_horizon_60_ega_zone_c_pct,fold2/val_horizon_60_ega_zone_c_count,fold2/val_horizon_60_ega_zone_d_pct,fold2/val_horizon_60_ega_zone_d_count,fold2/val_horizon_60_ega_zone_e_pct,fold2/val_horizon_60_ega_zone_e_count,fold2/diag_horizon_curriculum_progress,fold2/diag_loss_horizon_weight_0,fold2/diag_loss_horizon_weight_1,fold2/diag_loss_horizon_weight_2,fold2/diag_loss_horizon_weight_3
1,0.3374443296350157,14.025802612304688,21.0447940826416,12.871768951416016,12.871768951416016,0.21511536836624146,0.5431807637214661,80.4894027709961,13519.0,17.682781219482422,2970.0,0.0,0.0,1.827816128730774,307.0,0.0,0.0,12.462637901306152,18.33342742919922,11.528888702392578,11.528888702392578,0.4079960584640503,0.766008734703064,83.40081024169922,3502.0,14.836865425109863,623.0,0.0,0.0,1.762324333190918,74.0,0.0,0.0,14.0661039352417,20.97396469116211,12.931034088134766,12.931034088134766,0.22290539741516113,0.5819757580757141,80.11431121826172,3364.0,18.051918029785156,758.0,0.0,0.0,1.8337699174880981,77.0,0.0,0.0,14.380485534667969,21.800642013549805,13.157005310058594,13.157005310058594,0.15500694513320923,0.4456164240837097,79.73326873779297,3348.0,18.385330200195312,772.0,0.0,0.0,1.8814003467559814,79.0,0.0,0.0,15.193975448608398,22.808855056762695,13.870149612426758,13.870149612426758,0.07224655151367188,0.28581464290618896,78.70921325683594,3305.0,19.457014083862305,817.0,0.0,0.0,1.8337699174880981,77.0,0.0,0.0,0.0,0.3333333432674408,0.28333333134651184,0.21666665375232697,0.1666666716337204
2,0.22825813634458936,11.824848175048828,18.582271575927734,10.663810729980469,10.663810729980469,0.3880525827407837,0.6233808398246765,85.03810119628906,14283.0,13.330554962158203,2239.0,0.0,0.0,1.631340742111206,274.0,0.0,0.0,8.237102508544922,12.373361587524414,7.453636646270752,7.453636646270752,0.7303423881530762,0.857100784778595,92.87925720214844,3900.0,6.025243759155273,253.0,0.0,0.0,1.0954989194869995,46.0,0.0,0.0,11.682493209838867,17.846519470214844,10.529097557067871,10.529097557067871,0.4373738169670105,0.6621772646903992,85.06787109375,3572.0,13.193617820739746,554.0,0.0,0.0,1.738509178161621,73.0,0.0,0.0,13.166281700134277,20.481204986572266,11.864124298095703,11.864124298095703,0.25419455766677856,0.5064703226089478,81.97189331054688,3442.0,16.170516967773438,679.0,0.0,0.0,1.857585072517395,78.0,0.0,0.0,14.213513374328613,22.138771057128906,12.808381080627441,12.808381080627441,0.12595731019973755,0.37048453092575073,80.23339080810547,3369.0,17.93284034729004,753.0,0.0,0.0,1.8337699174880981,77.0,0.0,0.0,0.07142857142857142,0.3245614171028137,0.2788847088813782,0.21998745203018188,0.17656642198562622
3,0.2074077749048736,11.227474212646484,17.848613739013672,10.088292121887207,10.088292121887207,0.43542009592056274,0.6630193591117859,86.4670181274414,14523.0,12.193379402160645,2048.0,0.0,0.0,1.3396047353744507,225.0,0.0,0.0,7.014232158660889,10.438070297241211,6.370307445526123,6.370307445526123,0.8080987930297852,0.8991195559501648,95.11788177490234,3994.0,4.310550212860107,181.0,0.0,0.0,0.5715646743774414,24.0,0.0,0.0,11.0645170211792,16.867431640625,9.924816131591797,9.924816131591797,0.497413694858551,0.7070649266242981,86.068115234375,3614.0,12.574422836303711,528.0,0.0,0.0,1.3574661016464233,57.0,0.0,0.0,12.916107177734375,20.041940689086914,11.580446243286133,11.580446243286133,0.28584229946136475,0.5425329804420471,82.94831848144531,3483.0,15.360800743103027,645.0,0.0,0.0,1.6908787488937378,71.0,0.0,0.0,13.915040969848633,21.889474868774414,12.47760009765625,12.47760009765625,0.14553111791610718,0.40512311458587646,81.7337417602539,3432.0,16.52774429321289,694.0,0.0,0.0,1.738509178161621,73.0,0.0,0.0,0.14285714285714285,0.31578949093818665,0.2744360864162445,0.223308265209198,0.18646617233753204
4,0.19749398295974369,10.97150993347168,17.535541534423828,9.847073554992676,9.847073554992676,0.4550522565841675,0.6789157390594482,86.93737030029297,14602.0,11.812335968017578,1984.0,0.0,0.0,1.2502976655960083,210.0,0.0,0.0,6.463688373565674,9.557158470153809,5.88224458694458,5.88224458694458,0.8391226530075073,0.9163416624069214,96.38008880615234,4047.0,3.2388665676116943,136.0,0.0,0.0,0.38104310631752014,16.0,0.0,0.0,10.830329895019531,16.447877883911133,9.721086502075195,9.721086502075195,0.5221048593521118,0.725325882434845,86.44915008544922,3630.0,12.264824867248535,515.0,0.0,0.0,1.2860205173492432,54.0,0.0,0.0,12.775422096252441,19.814695358276367,11.431896209716797,11.431896209716797,0.30194538831710815,0.5592027306556702,83.42462921142578,3503.0,14.932126998901367,627.0,0.0,0.0,1.643248438835144,69.0,0.0,0.0,13.81660270690918,21.805662155151367,12.35306453704834,12.35306453704834,0.15206187963485718,0.4161437153816223,81.49559783935547,3422.0,16.813526153564453,706.0,0.0,0.0,1.6908787488937378,71.0,0.0,0.0,0.21428571428571427,0.30701756477355957,0.26998746395111084,0.22662906348705292,0.19636592268943787
5,0.19312232301854998,10.88955307006836,17.448362350463867,9.750515937805176,9.750515937805176,0.4604572653770447,0.6839341521263123,87.07430267333984,14625.0,11.711121559143066,1967.0,0.0,0.0,1.214574933052063,204.0,0.0,0.0,6.164584159851074,9.125869750976562,5.613462924957275,5.613462924957275,0.853314995765686,0.9241687655448914,96.9040298461914,4069.0,2.7625625133514404,116.0,0.0,0.0,0.33341270685195923,14.0,0.0,0.0,10.753844261169434,16.297670364379883,9.631401062011719,9.631401062011719,0.5307936668395996,0.7323915362358093,86.68730926513672,3640.0,12.07430362701416,507.0,0.0,0.0,1.2383900880813599,52.0,0.0,0.0,12.783045768737793,19.794225692749023,11.403453826904297,11.403453826904297,0.303386926651001,0.5626406669616699,83.30554962158203,3498.0,15.075017929077148,633.0,0.0,0.0,1.6194332838058472,68.0,0.0,0.0,13.856739044189453,21.8420352935791,12.35374641418457,12.35374641418457,0.1492307186126709,0.4160560369491577,81.40033721923828,3418.0,16.93260383605957,711.0,0.0,0.0,1.6670634746551514,70.0,0.0,0.0,0.2857142857142857,0.2982456088066101,0.2655388414859772,0.22994986176490784,0.2062656730413437
6,0.18983470634106667,10.845931053161621,17.414337158203125,9.685352325439453,9.685352325439453,0.4625595211982727,0.686090886592865,87.15170288085938,14638.0,11.663491249084473,1959.0,0.0,0.0,1.184805989265442,199.0,0.0,0.0,6.020615100860596,8.886876106262207,5.479759216308594,5.479759216308594,0.8608973026275635,0.9282548427581787,97.09455108642578,4077.0,2.595856189727783,109.0,0.0,0.0,0.30959752202033997,13.0,0.0,0.0,10.713915824890137,16.207998275756836,9.57980728149414,9.57980728149414,0.5359427332878113,0.7361514568328857,86.99691009521484,3653.0,11.836152076721191,497.0,0.0,0.0,1.1669445037841797,49.0,0.0,0.0,12.775861740112305,19.787878036499023,11.362200736999512,11.362200736999512,0.30383360385894775,0.5640601515769958,83.0912094116211,3489.0,15.28935432434082,642.0,0.0,0.0,1.6194332838058472,68.0,0.0,0.0,13.873332977294922,21.90435218811035,12.319643020629883,12.319643020629883,0.1443691849708557,0.41506946086883545,81.42414855957031,3419.0,16.93260383605957,711.0,0.0,0.0,1.643248438835144,69.0,0.0,0.0,0.35714285714285715,0.28947368264198303,0.2610902190208435,0.23327067494392395,0.2161654233932495
7,0.1865413638174647,10.903252601623535,17.503604888916016,9.73900318145752,9.73900318145752,0.45703548192977905,0.6831591129302979,87.08026123046875,14626.0,11.752798080444336,1974.0,0.0,0.0,1.1669445037841797,196.0,0.0,0.0,5.978268146514893,8.809998512268066,5.44054651260376,5.44054651260376,0.8632935285568237,0.9296761751174927,97.213623046875,4082.0,2.4767801761627197,104.0,0.0,0.0,0.30959752202033997,13.0,0.0,0.0,10.767269134521484,16.261274337768555,9.633687973022461,9.633687973022461,0.5328869819641113,0.73481285572052,86.85401153564453,3647.0,12.00285816192627,504.0,0.0,0.0,1.1431293487548828,48.0,0.0,0.0,12.86401653289795,19.913314819335938,11.440217018127441,11.440217018127441,0.29497963190078735,0.5581933856010437,82.94831848144531,3483.0,15.456061363220215,649.0,0.0,0.0,1.5956180095672607,67.0,0.0,0.0,14.003458976745605,22.06624984741211,12.441556930541992,12.441556930541992,0.13167428970336914,0.4062716066837311,81.3050765991211,3414.0,17.07549476623535,717.0,0.0,0.0,1.6194332838058472,68.0,0.0,0.0,0.42857142857142855,0.28070175647735596,0.25664159655570984,0.23659147322177887,0.22606515884399414
8,0.1846553578435583,10.943010330200195,17.616201400756836,9.77104663848877,9.77104663848877,0.4500274658203125,0.6788879036903381,87.12193298339844,14633.0,11.717076301574707,1968.0,0.0,0.0,1.1609907150268555,195.0,0.0,0.0,5.9367475509643555,8.769174575805664,5.399147987365723,5.399147987365723,0.8645575642585754,0.9304407238960266,97.4279556274414,4091.0,2.2862586975097656,96.0,0.0,0.0,0.2857823371887207,12.0,0.0,0.0,10.783295631408691,16.327096939086914,9.643750190734863,9.643750190734863,0.5290977954864502,0.7325905561447144,86.8302001953125,3646.0,12.02667236328125,505.0,0.0,0.0,1.1431293487548828,48.0,0.0,0.0,12.926944732666016,20.068994522094727,11.492843627929688,11.492843627929688,0.2839130163192749,0.5499433875083923,82.97213745117188,3484.0,15.432246208190918,648.0,0.0,0.0,1.5956180095672607,67.0,0.0,0.0,14.125049591064453,22.250507354736328,12.548441886901855,12.548441886901855,0.11711227893829346,0.395250141620636,81.2574462890625,3412.0,17.123123168945312,719.0,0.0,0.0,1.6194332838058472,68.0,0.0,0.0,0.5,0.2719298303127289,0.25219297409057617,0.2399122714996338,0.23596492409706116
9,0.18144550706901405,11.016218185424805,17.778980255126953,9.839570999145508,9.839570999145508,0.4398167133331299,0.6720668077468872,86.99691009521484,14612.0,11.836152076721191,1988.0,0.0,0.0,1.1669445037841797,196.0,0.0,0.0,5.920553207397461,8.773386001586914,5.379195213317871,5.379195213317871,0.8644274473190308,0.9303422570228577,97.40414428710938,4090.0,2.3100738525390625,97.0,0.0,0.0,0.2857823371887207,12.0,0.0,0.0,10.830190658569336,16.455230712890625,9.681349754333496,9.681349754333496,0.5216776132583618,0.7276307344436646,87.02072143554688,3654.0,11.836152076721191,497.0,0.0,0.0,1.1431293487548828,48.0,0.0,0.0,13.037603378295898,20.28235626220703,11.601480484008789,11.601480484008789,0.2686060667037964,0.5379745960235596,82.5196533203125,3465.0,15.884735107421875,667.0,0.0,0.0,1.5956180095672607,67.0,0.0,0.0,14.276527404785156,22.477718353271484,12.696260452270508,12.696260452270508,0.09898912906646729,0.3802666962146759,81.04310607910156,3403.0,17.31364631652832,727.0,0.0,0.0,1.643248438835144,69.0,0.0,0.0,0.5714285714285714,0.2631579041481018,0.2477443516254425,0.2432330846786499,0.24586467444896698
10,0.17651385319413904,11.12535572052002,17.887849807739258,9.935321807861328,9.935321807861328,0.43293511867523193,0.6670118570327759,86.65158081054688,14554.0,12.193379402160645,2048.0,0.0,0.0,1.1550369262695312,194.0,0.0,0.0,5.945167541503906,8.791810989379883,5.406043529510498,5.406043529510498,0.8638573884963989,0.9298757910728455,97.38032531738281,4089.0,2.3100738525390625,97.0,0.0,0.0,0.30959752202033997,13.0,0.0,0.0,10.92251968383789,16.541404724121094,9.76883602142334,9.76883602142334,0.5166546106338501,0.7236482501029968,86.8778305053711,3648.0,11.979043006896973,503.0,0.0,0.0,1.1431293487548828,48.0,0.0,0.0,13.197489738464355,20.432758331298828,11.737431526184082,11.737431526184082,0.257718563079834,0.5290448069572449,82.04334259033203,3445.0,16.408668518066406,689.0,0.0,0.0,1.5479875802993774,65.0,0.0,0.0,14.43624210357666,22.616125106811523,12.828972816467285,12.828972816467285,0.08785897493362427,0.3717058002948761,80.30484008789062,3372.0,18.075733184814453,759.0,0.0,0.0,1.6194332838058472,68.0,0.0,0.0,0.6428571428571429,0.25438597798347473,0.24329572916030884,0.24655388295650482,0.2557644248008728
11,0.17242925378584092,11.227206230163574,17.986845016479492,10.031291007995605,10.031291007995605,0.42664122581481934,0.66157466173172,86.42533874511719,14516.0,12.431530952453613,2088.0,0.0,0.0,1.1431293487548828,192.0,0.0,0.0,5.968512058258057,8.834301948547363,5.4273600578308105,5.4273600578308105,0.8625382781028748,0.929084300994873,97.2612533569336,4084.0,2.452965021133423,103.0,0.0,0.0,0.2857823371887207,12.0,0.0,0.0,11.000483512878418,16.618423461914062,9.844362258911133,9.844362258911133,0.512143075466156,0.7196198105812073,86.8302001953125,3646.0,12.07430362701416,507.0,0.0,0.0,1.0954989194869995,46.0,0.0,0.0,13.339587211608887,20.569604873657227,11.872258186340332,11.872258186340332,0.2477426528930664,0.5186747908592224,81.63848876953125,3428.0,16.78971290588379,705.0,0.0,0.0,1.5718028545379639,66.0,0.0,0.0,14.600247383117676,22.732812881469727,12.981186866760254,12.981186866760254,0.07842230796813965,0.35988885164260864,79.97142028808594,3358.0,18.40914535522461,773.0,0.0,0.0,1.6194332838058472,68.0,0.0,0.0,0.7142857142857143,0.24561403691768646,0.23884710669517517,0.24987469613552094,0.26566416025161743
12,0.16604306622067258,11.39063549041748,18.148204803466797,10.172039985656738,10.172039985656738,0.41630786657333374,0.6543258428573608,86.0621566772461,14455.0,12.782806396484375,2147.0,0.0,0.0,1.1550369262695312,194.0,0.0,0.0,6.013576984405518,8.893024444580078,5.465526103973389,5.465526103973389,0.860704779624939,0.9279857277870178,97.213623046875,4082.0,2.5005953311920166,105.0,0.0,0.0,0.2857823371887207,12.0,0.0,0.0,11.113608360290527,16.741395950317383,9.943840980529785,9.943840980529785,0.5048964023590088,0.714265763759613,86.75875091552734,3643.0,12.098118782043457,508.0,0.0,0.0,1.1431293487548828,48.0,0.0,0.0,13.56335735321045,20.7757511138916,12.064101219177246,12.064101219177246,0.2325890064239502,0.5071755647659302,81.37651824951172,3417.0,17.051679611206055,716.0,0.0,0.0,1.5718028545379639,66.0,0.0,0.0,14.872003555297852,22.94422149658203,13.214696884155273,13.214696884155273,0.06120175123214722,0.3482241928577423,78.89973449707031,3313.0,19.4808292388916,818.0,0.0,0.0,1.6194332838058472,68.0,0.0,0.0,0.7857142857142857,0.23684212565422058,0.2343984991312027,0.25319552421569824,0.27556392550468445
13,0.1594737437463576,11.573918342590332,18.302749633789062,10.344757080078125,10.344757080078125,0.40632444620132446,0.6474407911300659,85.46678161621094,14355.0,13.3543701171875,2243.0,0.0,0.0,1.1788520812988281,198.0,0.0,0.0,6.066192150115967,8.940903663635254,5.516756057739258,5.516756057739258,0.8592008352279663,0.9271371960639954,97.11836242675781,4078.0,2.61967134475708,110.0,0.0,0.0,0.26196715235710144,11.0,0.0,0.0,11.28789234161377,16.89328956604004,10.107268333435059,10.107268333435059,0.49587148427963257,0.7079446315765381,86.3777084350586,3627.0,12.407716751098633,521.0,0.0,0.0,1.214574933052063,51.0,0.0,0.0,13.811934471130371,20.99387550354004,12.29703426361084,12.29703426361084,0.21639031171798706,0.4945576786994934,80.61443328857422,3385.0,17.76613426208496,746.0,0.0,0.0,1.6194332838058472,68.0,0.0,0.0,15.12965202331543,23.10620880126953,13.457965850830078,13.457965850830078,0.047899067401885986,0.33885687589645386,77.75660705566406,3265.0,20.623958587646484,866.0,0.0,0.0,1.6194332838058472,68.0,0.0,0.0,0.8571428571428571,0.22807016968727112,0.22994986176490784,0.25651630759239197,0.2854636609554291
14,0.15285042183335865,11.743227005004883,18.4824161529541,10.483689308166504,10.483689308166504,0.39461177587509155,0.6403094530105591,85.1690902709961,14305.0,13.634199142456055,2290.0,0.0,0.0,1.1967134475708008,201.0,0.0,0.0,6.103600978851318,8.983329772949219,5.5515522956848145,5.5515522956848145,0.8578613996505737,0.9264083504676819,97.1659927368164,4080.0,2.5482258796691895,107.0,0.0,0.0,0.2857823371887207,12.0,0.0,0.0,11.40738582611084,17.03881072998047,10.203289985656738,10.203289985656738,0.48714882135391235,0.7025406956672668,86.3777084350586,3627.0,12.38390064239502,520.0,0.0,0.0,1.2383900880813599,52.0,0.0,0.0,14.058728218078613,21.24139404296875,12.498050689697266,12.498050689697266,0.19780385494232178,0.4828435778617859,80.11431121826172,3364.0,18.2424373626709,766.0,0.0,0.0,1.643248438835144,69.0,0.0,0.0,15.403190612792969,23.32768440246582,13.681859970092773,13.681859970092773,0.029559671878814697,0.3291904330253601,77.01834106445312,3234.0,21.362228393554688,897.0,0.0,0.0,1.6194332838058472,68.0,0.0,0.0,0.9285714285714286,0.21929824352264404,0.22550123929977417,0.2598370909690857,0.2953633964061737
step,fold2/test_loss,fold2/test_mae,fold2/test_rmse,fold2/test_mard,fold2/test_mape,fold2/test_r2,fold2/test_pearson,fold2/test_ega_zone_a_pct,fold2/test_ega_zone_a_count,fold2/test_ega_zone_b_pct,fold2/test_ega_zone_b_count,fold2/test_ega_zone_c_pct,fold2/test_ega_zone_c_count,fold2/test_ega_zone_d_pct,fold2/test_ega_zone_d_count,fold2/test_ega_zone_e_pct,fold2/test_ega_zone_e_count,fold2/test_horizon_15_mae,fold2/test_horizon_15_rmse,fold2/test_horizon_15_mard,fold2/test_horizon_15_mape,fold2/test_horizon_15_r2,fold2/test_horizon_15_pearson,fold2/test_horizon_15_ega_zone_a_pct,fold2/test_horizon_15_ega_zone_a_count,fold2/test_horizon_15_ega_zone_b_pct,fold2/test_horizon_15_ega_zone_b_count,fold2/test_horizon_15_ega_zone_c_pct,fold2/test_horizon_15_ega_zone_c_count,fold2/test_horizon_15_ega_zone_d_pct,fold2/test_horizon_15_ega_zone_d_count,fold2/test_horizon_15_ega_zone_e_pct,fold2/test_horizon_15_ega_zone_e_count,fold2/test_horizon_30_mae,fold2/test_horizon_30_rmse,fold2/test_horizon_30_mard,fold2/test_horizon_30_mape,fold2/test_horizon_30_r2,fold2/test_horizon_30_pearson,fold2/test_horizon_30_ega_zone_a_pct,fold2/test_horizon_30_ega_zone_a_count,fold2/test_horizon_30_ega_zone_b_pct,fold2/test_horizon_30_ega_zone_b_count,fold2/test_horizon_30_ega_zone_c_pct,fold2/test_horizon_30_ega_zone_c_count,fold2/test_horizon_30_ega_zone_d_pct,fold2/test_horizon_30_ega_zone_d_count,fold2/test_horizon_30_ega_zone_e_pct,fold2/test_horizon_30_ega_zone_e_count,fold2/test_horizon_45_mae,fold2/test_horizon_45_rmse,fold2/test_horizon_45_mard,fold2/test_horizon_45_mape,fold2/test_horizon_45_r2,fold2/test_horizon_45_pearson,fold2/test_horizon_45_ega_zone_a_pct,fold2/test_horizon_45_ega_zone_a_count,fold2/test_horizon_45_ega_zone_b_pct,fold2/test_horizon_45_ega_zone_b_count,fold2/test_horizon_45_ega_zone_c_pct,fold2/test_horizon_45_ega_zone_c_count,fold2/test_horizon_45_ega_zone_d_pct,fold2/test_horizon_45_ega_zone_d_count,fold2/test_horizon_45_ega_zone_e_pct,fold2/test_horizon_45_ega_zone_e_count,fold2/test_horizon_60_mae,fold2/test_horizon_60_rmse,fold2/test_horizon_60_mard,fold2/test_horizon_60_mape,fold2/test_horizon_60_r2,fold2/test_horizon_60_pearson,fold2/test_horizon_60_ega_zone_a_pct,fold2/test_horizon_60_ega_zone_a_count,fold2/test_horizon_60_ega_zone_b_pct,fold2/test_horizon_60_ega_zone_b_count,fold2/test_horizon_60_ega_zone_c_pct,fold2/test_horizon_60_ega_zone_c_count,fold2/test_horizon_60_ega_zone_d_pct,fold2/test_horizon_60_ega_zone_d_count,fold2/test_horizon_60_ega_zone_e_pct,fold2/test_horizon_60_ega_zone_e_count
0,0.3314928919125749,11.838153839111328,16.639833450317383,8.991341590881348,8.991341590881348,0.29593873023986816,0.6341866850852966,89.78700256347656,6576.0,10.212998390197754,748.0,0.0,0.0,0.0,0.0,0.0,0.0,5.798126220703125,8.134904861450195,4.479327201843262,4.479327201843262,0.8310264945030212,0.9190296530723572,99.07154083251953,1814.0,0.9284543991088867,17.0,0.0,0.0,0.0,0.0,0.0,0.0,11.695480346679688,16.124740600585938,8.962639808654785,8.962639808654785,0.33732545375823975,0.6508404612541199,90.8246841430664,1663.0,9.175313949584961,168.0,0.0,0.0,0.0,0.0,0.0,0.0,14.437271118164062,19.31538200378418,10.939485549926758,10.939485549926758,0.052484095096588135,0.472796767950058,85.96395111083984,1574.0,14.036046028137207,257.0,0.0,0.0,0.0,0.0,0.0,0.0,15.421740531921387,20.205646514892578,11.583915710449219,11.583915710449219,-0.032772064208984375,0.4343132972717285,83.28782653808594,1525.0,16.71217918395996,306.0,0.0,0.0,0.0,0.0,0.0,0.0
step,fold3/train_loss,fold3/val_mae,fold3/val_rmse,fold3/val_mard,fold3/val_mape,fold3/val_r2,fold3/val_pearson,fold3/val_ega_zone_a_pct,fold3/val_ega_zone_a_count,fold3/val_ega_zone_b_pct,fold3/val_ega_zone_b_count,fold3/val_ega_zone_c_pct,fold3/val_ega_zone_c_count,fold3/val_ega_zone_d_pct,fold3/val_ega_zone_d_count,fold3/val_ega_zone_e_pct,fold3/val_ega_zone_e_count,fold3/val_horizon_15_mae,fold3/val_horizon_15_rmse,fold3/val_horizon_15_mard,fold3/val_horizon_15_mape,fold3/val_horizon_15_r2,fold3/val_horizon_15_pearson,fold3/val_horizon_15_ega_zone_a_pct,fold3/val_horizon_15_ega_zone_a_count,fold3/val_horizon_15_ega_zone_b_pct,fold3/val_horizon_15_ega_zone_b_count,fold3/val_horizon_15_ega_zone_c_pct,fold3/val_horizon_15_ega_zone_c_count,fold3/val_horizon_15_ega_zone_d_pct,fold3/val_horizon_15_ega_zone_d_count,fold3/val_horizon_15_ega_zone_e_pct,fold3/val_horizon_15_ega_zone_e_count,fold3/val_horizon_30_mae,fold3/val_horizon_30_rmse,fold3/val_horizon_30_mard,fold3/val_horizon_30_mape,fold3/val_horizon_30_r2,fold3/val_horizon_30_pearson,fold3/val_horizon_30_ega_zone_a_pct,fold3/val_horizon_30_ega_zone_a_count,fold3/val_horizon_30_ega_zone_b_pct,fold3/val_horizon_30_ega_zone_b_count,fold3/val_horizon_30_ega_zone_c_pct,fold3/val_horizon_30_ega_zone_c_count,fold3/val_horizon_30_ega_zone_d_pct,fold3/val_horizon_30_ega_zone_d_count,fold3/val_horizon_30_ega_zone_e_pct,fold3/val_horizon_30_ega_zone_e_count,fold3/val_horizon_45_mae,fold3/val_horizon_45_rmse,fold3/val_horizon_45_mard,fold3/val_horizon_45_mape,fold3/val_horizon_45_r2,fold3/val_horizon_45_pearson,fold3/val_horizon_45_ega_zone_a_pct,fold3/val_horizon_45_ega_zone_a_count,fold3/val_horizon_45_ega_zone_b_pct,fold3/val_horizon_45_ega_zone_b_count,fold3/val_horizon_45_ega_zone_c_pct,fold3/val_horizon_45_ega_zone_c_count,fold3/val_horizon_45_ega_zone_d_pct,fold3/val_horizon_45_ega_zone_d_count,fold3/val_horizon_45_ega_zone_e_pct,fold3/val_horizon_45_ega_zone_e_count,fold3/val_horizon_60_mae,fold3/val_horizon_60_rmse,fold3/val_horizon_60_mard,fold3/val_horizon_60_mape,fold3/val_horizon_60_r2,fold3/val_horizon_60_pearson,fold3/val_horizon_60_ega_zone_a_pct,fold3/val_horizon_60_ega_zone_a_count,fold3/val_horizon_60_ega_zone_b_pct,fold3/val_horizon_60_ega_zone_b_count,fold3/val_horizon_60_ega_zone_c_pct,fold3/val_horizon_60_ega_zone_c_count,fold3/val_horizon_60_ega_zone_d_pct,fold3/val_horizon_60_ega_zone_d_count,fold3/val_horizon_60_ega_zone_e_pct,fold3/val_horizon_60_ega_zone_e_count,fold3/diag_horizon_curriculum_progress,fold3/diag_loss_horizon_weight_0,fold3/diag_loss_horizon_weight_1,fold3/diag_loss_horizon_weight_2,fold3/diag_loss_horizon_weight_3
1,0.3561902409284125,14.421252250671387,21.17476463317871,11.372686386108398,11.372686386108398,0.17126381397247314,0.6366098523139954,83.23326110839844,18298.0,16.284570693969727,3580.0,0.0,0.0,0.48216885328292847,106.0,0.0,0.0,13.066805839538574,19.12602424621582,10.285351753234863,10.285351753234863,0.3230515122413635,0.8088994026184082,85.84424591064453,4718.0,13.737262725830078,755.0,0.0,0.0,0.41848617792129517,23.0,0.0,0.0,14.23875904083252,20.961971282958984,11.190247535705566,11.190247535705566,0.18784338235855103,0.6759923100471497,83.42430877685547,4585.0,16.102619171142578,885.0,0.0,0.0,0.47307130694389343,26.0,0.0,0.0,14.958280563354492,21.919858932495117,11.83946418762207,11.83946418762207,0.11245524883270264,0.5372889637947083,82.38719177246094,4528.0,17.085153579711914,939.0,0.0,0.0,0.5276564955711365,29.0,0.0,0.0,15.421171188354492,22.53426742553711,12.175682067871094,12.175682067871094,0.06198805570602417,0.4747764468193054,81.27729034423828,4467.0,18.213245391845703,1001.0,0.0,0.0,0.5094614624977112,28.0,0.0,0.0,0.0,0.3333333432674408,0.28333333134651184,0.21666665375232697,0.1666666716337204
2,0.24490889793969062,11.245603561401367,17.155839920043945,8.983856201171875,8.983856201171875,0.4559946656227112,0.7046886682510376,88.99199676513672,19564.0,10.56677532196045,2323.0,0.0,0.0,0.44122999906539917,97.0,0.0,0.0,7.781844139099121,11.531705856323242,6.30963659286499,6.30963659286499,0.7539103627204895,0.885930597782135,95.65138244628906,5257.0,4.0756916999816895,224.0,0.0,0.0,0.2729257643222809,15.0,0.0,0.0,10.912860870361328,16.35620880126953,8.729207992553711,8.729207992553711,0.5055290460586548,0.7434772849082947,89.55603790283203,4922.0,9.989082336425781,549.0,0.0,0.0,0.4548763036727905,25.0,0.0,0.0,12.628219604492188,18.93201446533203,10.064409255981445,10.064409255981445,0.33792322874069214,0.620448887348175,86.24454498291016,4740.0,13.227802276611328,727.0,0.0,0.0,0.5276564955711365,29.0,0.0,0.0,13.659486770629883,20.453960418701172,10.832176208496094,10.832176208496094,0.22718358039855957,0.5269688367843628,84.5160140991211,4645.0,14.974527359008789,823.0,0.0,0.0,0.5094614624977112,28.0,0.0,0.0,0.07142857142857142,0.3245614171028137,0.2788847088813782,0.21998745203018188,0.17656642198562622
3,0.22071860428763504,10.499332427978516,16.2674560546875,8.37891674041748,8.37891674041748,0.5108765959739685,0.7321739792823792,90.15193176269531,19819.0,9.493267059326172,2087.0,0.0,0.0,0.35480350255966187,78.0,0.0,0.0,6.362904071807861,9.317461013793945,5.222098350524902,5.222098350524902,0.8393423557281494,0.9216445088386536,97.67103576660156,5368.0,2.183406114578247,120.0,0.0,0.0,0.14556041359901428,8.0,0.0,0.0,10.11172866821289,15.147462844848633,8.11148452758789,8.11148452758789,0.5759126543998718,0.7768861651420593,91.06623077392578,5005.0,8.6244535446167,474.0,0.0,0.0,0.30931586027145386,17.0,0.0,0.0,12.145774841308594,18.32355499267578,9.641700744628906,9.641700744628906,0.37979650497436523,0.6454020738601685,86.91775512695312,4777.0,12.609169960021973,693.0,0.0,0.0,0.47307130694389343,26.0,0.0,0.0,13.376917839050293,20.162023544311523,10.540384292602539,10.540384292602539,0.24908679723739624,0.5418580174446106,84.95269775390625,4669.0,14.556041717529297,800.0,0.0,0.0,0.4912663698196411,27.0,0.0,0.0,0.14285714285714285,0.31578949093818665,0.2744360864162445,0.223308265209198,0.18646617233753204
4,0.20930146581292575,10.333651542663574,16.01374626159668,8.25255298614502,8.25255298614502,0.5260145664215088,0.7392500638961792,90.40210723876953,19874.0,9.288573265075684,2042.0,0.0,0.0,0.30931586027145386,68.0,0.0,0.0,5.819322109222412,8.464237213134766,4.802128791809082,4.802128791809082,0.8674188256263733,0.9345914721488953,98.52620697021484,5415.0,1.3828238248825073,76.0,0.0,0.0,0.09097525477409363,5.0,0.0,0.0,9.945623397827148,14.739988327026367,8.003144264221191,8.003144264221191,0.5984220504760742,0.786977231502533,91.46652221679688,5027.0,8.242358207702637,453.0,0.0,0.0,0.29112082719802856,16.0,0.0,0.0,12.133359909057617,18.18950080871582,9.632645606994629,9.632645606994629,0.3888380527496338,0.6487675905227661,86.8813705444336,4775.0,12.718340873718262,699.0,0.0,0.0,0.4002911150455475,22.0,0.0,0.0,13.436301231384277,20.149234771728516,10.572295188903809,10.572295188903809,0.25003910064697266,0.5401159524917603,84.7343521118164,4657.0,14.810770988464355,814.0,0.0,0.0,0.4548763036727905,25.0,0.0,0.0,0.21428571428571427,0.30701756477355957,0.26998746395111084,0.22662906348705292,0.19636592268943787
5,0.20267273391467897,10.34779167175293,15.970358848571777,8.281309127807617,8.281309127807617,0.5285794734954834,0.7375059127807617,90.20196533203125,19830.0,9.493267059326172,2087.0,0.0,0.0,0.30476710200309753,67.0,0.0,0.0,5.567035675048828,8.05856990814209,4.610876560211182,4.610876560211182,0.8798227906227112,0.9400967359542847,98.54439544677734,5416.0,1.364628791809082,75.0,0.0,0.0,0.09097525477409363,5.0,0.0,0.0,9.946843147277832,14.57918930053711,8.033978462219238,8.033978462219238,0.6071360111236572,0.7887058854103088,91.75764465332031,5043.0,7.951237201690674,437.0,0.0,0.0,0.29112082719802856,16.0,0.0,0.0,12.26426887512207,18.22145652770996,9.753843307495117,9.753843307495117,0.38668882846832275,0.6414012312889099,86.29912567138672,4743.0,13.300582885742188,731.0,0.0,0.0,0.4002911150455475,22.0,0.0,0.0,13.613019943237305,20.26560401916504,10.726537704467773,10.726537704467773,0.2413514256477356,0.5258463025093079,84.20669555664062,4628.0,15.356622695922852,844.0,0.0,0.0,0.43668124079704285,24.0,0.0,0.0,0.2857142857142857,0.2982456088066101,0.2655388414859772,0.22994986176490784,0.2062656730413437
6,0.19931778009844894,10.378722190856934,15.998969078063965,8.323552131652832,8.323552131652832,0.5268888473510742,0.7342047691345215,90.04275512695312,19795.0,9.657023429870605,2123.0,0.0,0.0,0.3002183437347412,66.0,0.0,0.0,5.392431259155273,7.775495529174805,4.477618217468262,4.477618217468262,0.8881174325942993,0.944028913974762,98.83551788330078,5432.0,1.0735080242156982,59.0,0.0,0.0,0.09097525477409363,5.0,0.0,0.0,9.946876525878906,14.505390167236328,8.052638053894043,8.052638053894043,0.6111031770706177,0.7896315455436707,91.59388732910156,5034.0,8.11499309539795,446.0,0.0,0.0,0.29112082719802856,16.0,0.0,0.0,12.395551681518555,18.3207950592041,9.88134479522705,9.88134479522705,0.3799833059310913,0.6322705149650574,86.02620697021484,4728.0,13.591703414916992,747.0,0.0,0.0,0.3820960521697998,21.0,0.0,0.0,13.780029296875,20.4291934967041,10.882608413696289,10.882608413696289,0.2290540337562561,0.5100511312484741,83.71542358398438,4601.0,15.84788990020752,871.0,0.0,0.0,0.43668124079704285,24.0,0.0,0.0,0.35714285714285715,0.28947368264198303,0.2610902190208435,0.23327067494392395,0.2161654233932495
7,0.194783975715772,10.477080345153809,16.099584579467773,8.398636817932129,8.398636817932129,0.5209195613861084,0.7304577231407166,89.99727630615234,19785.0,9.702510833740234,2133.0,0.0,0.0,0.3002183437347412,66.0,0.0,0.0,5.298109531402588,7.556025981903076,4.396178245544434,4.396178245544434,0.8943442702293396,0.9474322199821472,99.09024810791016,5446.0,0.8187772631645203,45.0,0.0,0.0,0.09097525477409363,5.0,0.0,0.0,10.031845092773438,14.542673110961914,8.120457649230957,8.120457649230957,0.6091014742851257,0.7879008054733276,91.6302719116211,5036.0,8.060407638549805,443.0,0.0,0.0,0.30931586027145386,17.0,0.0,0.0,12.580754280090332,18.493144989013672,10.027944564819336,10.027944564819336,0.3682630658149719,0.623149573802948,85.97161865234375,4725.0,13.64628791809082,750.0,0.0,0.0,0.3820960521697998,21.0,0.0,0.0,13.997612953186035,20.644784927368164,11.049966812133789,11.049966812133789,0.21269631385803223,0.49870699644088745,83.29694366455078,4578.0,16.284570693969727,895.0,0.0,0.0,0.41848617792129517,23.0,0.0,0.0,0.42857142857142855,0.28070175647735596,0.25664159655570984,0.23659147322177887,0.22606515884399414
8,0.19221251604484024,10.63029956817627,16.210893630981445,8.548036575317383,8.548036575317383,0.5142720937728882,0.7249232530593872,89.8107681274414,19744.0,9.893558502197266,2175.0,0.0,0.0,0.2956695854663849,65.0,0.0,0.0,5.302404403686523,7.515527725219727,4.407081604003906,4.407081604003906,0.8954737782478333,0.9478681683540344,99.21761322021484,5453.0,0.7096070051193237,39.0,0.0,0.0,0.07278020679950714,4.0,0.0,0.0,10.17408275604248,14.631620407104492,8.249977111816406,8.249977111816406,0.6043051481246948,0.7842382788658142,91.33914947509766,5020.0,8.35152816772461,459.0,0.0,0.0,0.30931586027145386,17.0,0.0,0.0,12.802959442138672,18.638425827026367,10.244782447814941,10.244782447814941,0.35829830169677734,0.613173246383667,85.60771179199219,4705.0,14.010189056396484,770.0,0.0,0.0,0.3820960521697998,21.0,0.0,0.0,14.241755485534668,20.813791275024414,11.290307998657227,11.290307998657227,0.19975334405899048,0.48512643575668335,83.07860565185547,4566.0,16.502910614013672,907.0,0.0,0.0,0.41848617792129517,23.0,0.0,0.0,0.5,0.2719298303127289,0.25219297409057617,0.2399122714996338,0.23596492409706116
9,0.18721937427087348,10.835397720336914,16.41415023803711,8.738783836364746,8.738783836364746,0.5020152926445007,0.7160053849220276,89.3786392211914,19649.0,10.334789276123047,2272.0,0.0,0.0,0.28657203912734985,63.0,0.0,0.0,5.356594562530518,7.584810733795166,4.461904048919678,4.461904048919678,0.8935377597808838,0.9463943243026733,99.12664031982422,5448.0,0.800582230091095,44.0,0.0,0.0,0.07278020679950714,4.0,0.0,0.0,10.359402656555176,14.7763032913208,8.430110931396484,8.430110931396484,0.5964409112930298,0.7777178883552551,91.02983856201172,5003.0,8.697234153747559,478.0,0.0,0.0,0.2729257643222809,15.0,0.0,0.0,13.083725929260254,18.883819580078125,10.505572319030762,10.505572319030762,0.341289758682251,0.5989245176315308,85.0800552368164,4676.0,14.537845611572266,799.0,0.0,0.0,0.3820960521697998,21.0,0.0,0.0,14.541868209838867,21.100481033325195,11.557550430297852,11.557550430297852,0.17755621671676636,0.46712180972099304,82.27802276611328,4522.0,17.30349349975586,951.0,0.0,0.0,0.41848617792129517,23.0,0.0,0.0,0.5714285714285714,0.2631579041481018,0.2477443516254425,0.2432330846786499,0.24586467444896698
10,0.1810252605920967,11.121133804321289,16.739768981933594,8.997769355773926,8.997769355773926,0.4820616841316223,0.702941358089447,88.70996856689453,19502.0,10.980712890625,2414.0,0.0,0.0,0.30931586027145386,68.0,0.0,0.0,5.493237495422363,7.814846515655518,4.579396724700928,4.579396724700928,0.8869821429252625,0.9428483843803406,98.79912567138672,5430.0,1.1098980903625488,61.0,0.0,0.0,0.09097525477409363,5.0,0.0,0.0,10.660760879516602,15.127774238586426,8.699346542358398,8.699346542358398,0.5770143866539001,0.7649412751197815,90.24745178222656,4960.0,9.461426734924316,520.0,0.0,0.0,0.29112082719802856,16.0,0.0,0.0,13.460596084594727,19.28265380859375,10.845870018005371,10.845870018005371,0.3131714463233948,0.578646719455719,84.1884994506836,4627.0,15.393013000488281,846.0,0.0,0.0,0.41848617792129517,23.0,0.0,0.0,14.869942665100098,21.427490234375,11.866463661193848,11.866463661193848,0.15186673402786255,0.4488449692726135,81.60480499267578,4485.0,17.958515167236328,987.0,0.0,0.0,0.43668124079704285,24.0,0.0,0.0,0.6428571428571429,0.25438597798347473,0.24329572916030884,0.24655388295650482,0.2557644248008728
11,0.17366955737343104,11.263914108276367,16.947818756103516,9.13381576538086,9.13381576538086,0.4691072702407837,0.6941739320755005,88.21414947509766,19393.0,11.46743106842041,2521.0,0.0,0.0,0.3184133768081665,70.0,0.0,0.0,5.573443412780762,7.921618461608887,4.641116142272949,4.641116142272949,0.8838727474212646,0.9413590431213379,98.83551788330078,5432.0,1.0735080242156982,59.0,0.0,0.0,0.09097525477409363,5.0,0.0,0.0,10.81603717803955,15.37456226348877,8.841702461242676,8.841702461242676,0.5631009936332703,0.7556177377700806,89.61062622070312,4925.0,10.09825325012207,555.0,0.0,0.0,0.29112082719802856,16.0,0.0,0.0,13.627741813659668,19.539752960205078,11.01382827758789,11.01382827758789,0.29473423957824707,0.5648196935653687,83.40611267089844,4584.0,16.139009475708008,887.0,0.0,0.0,0.4548763036727905,25.0,0.0,0.0,15.038431167602539,21.63292121887207,12.038616180419922,12.038616180419922,0.13552623987197876,0.4370109438896179,81.0043716430664,4452.0,18.55895233154297,1020.0,0.0,0.0,0.43668124079704285,24.0,0.0,0.0,0.7142857142857143,0.24561403691768646,0.23884710669517517,0.24987469613552094,0.26566416025161743
12,0.16686786454380098,11.328426361083984,17.025089263916016,9.196660041809082,9.196660041809082,0.4642552137374878,0.6913296580314636,88.03675079345703,19354.0,11.644832611083984,2560.0,0.0,0.0,0.3184133768081665,70.0,0.0,0.0,5.537682056427002,7.819261074066162,4.617282867431641,4.617282867431641,0.8868544101715088,0.9427136182785034,98.9810791015625,5440.0,0.9279475808143616,51.0,0.0,0.0,0.09097525477409363,5.0,0.0,0.0,10.835859298706055,15.39879322052002,8.861286163330078,8.861286163330078,0.5617228150367737,0.7545077204704285,89.50145721435547,4919.0,10.207423210144043,561.0,0.0,0.0,0.29112082719802856,16.0,0.0,0.0,13.750544548034668,19.687328338623047,11.123483657836914,11.123483657836914,0.28404080867767334,0.5585941672325134,83.18777465820312,4572.0,16.357349395751953,899.0,0.0,0.0,0.4548763036727905,25.0,0.0,0.0,15.189623832702637,21.761438369750977,12.184584617614746,12.184584617614746,0.12522435188293457,0.4327683448791504,80.47671508789062,4423.0,19.08660888671875,1049.0,0.0,0.0,0.43668124079704285,24.0,0.0,0.0,0.7857142857142857,0.23684212565422058,0.2343984991312027,0.25319552421569824,0.27556392550468445
13,0.15962557907976446,11.425084114074707,17.155363082885742,9.279815673828125,9.279815673828125,0.45602500438690186,0.6867355108261108,87.82750701904297,19308.0,11.85407543182373,2606.0,0.0,0.0,0.3184133768081665,70.0,0.0,0.0,5.545067310333252,7.8156938552856445,4.621581554412842,4.621581554412842,0.8869576454162598,0.942706286907196,99.05386352539062,5444.0,0.8551673889160156,47.0,0.0,0.0,0.09097525477409363,5.0,0.0,0.0,10.910723686218262,15.50521183013916,8.914698600769043,8.914698600769043,0.555644154548645,0.7505502104759216,89.2649154663086,4906.0,10.44395923614502,574.0,0.0,0.0,0.29112082719802856,16.0,0.0,0.0,13.902804374694824,19.868194580078125,11.254105567932129,11.254105567932129,0.27082544565200806,0.5523480176925659,82.87845611572266,4555.0,16.666667938232422,916.0,0.0,0.0,0.4548763036727905,25.0,0.0,0.0,15.341739654541016,21.931346893310547,12.328874588012695,12.328874588012695,0.11151087284088135,0.42809486389160156,80.11280822753906,4403.0,19.450510025024414,1069.0,0.0,0.0,0.43668124079704285,24.0,0.0,0.0,0.8571428571428571,0.22807016968727112,0.22994986176490784,0.25651630759239197,0.2854636609554291
step,fold3/test_loss,fold3/test_mae,fold3/test_rmse,fold3/test_mard,fold3/test_mape,fold3/test_r2,fold3/test_pearson,fold3/test_ega_zone_a_pct,fold3/test_ega_zone_a_count,fold3/test_ega_zone_b_pct,fold3/test_ega_zone_b_count,fold3/test_ega_zone_c_pct,fold3/test_ega_zone_c_count,fold3/test_ega_zone_d_pct,fold3/test_ega_zone_d_count,fold3/test_ega_zone_e_pct,fold3/test_ega_zone_e_count,fold3/test_horizon_15_mae,fold3/test_horizon_15_rmse,fold3/test_horizon_15_mard,fold3/test_horizon_15_mape,fold3/test_horizon_15_r2,fold3/test_horizon_15_pearson,fold3/test_horizon_15_ega_zone_a_pct,fold3/test_horizon_15_ega_zone_a_count,fold3/test_horizon_15_ega_zone_b_pct,fold3/test_horizon_15_ega_zone_b_count,fold3/test_horizon_15_ega_zone_c_pct,fold3/test_horizon_15_ega_zone_c_count,fold3/test_horizon_15_ega_zone_d_pct,fold3/test_horizon_15_ega_zone_d_count,fold3/test_horizon_15_ega_zone_e_pct,fold3/test_horizon_15_ega_zone_e_count,fold3/test_horizon_30_mae,fold3/test_horizon_30_rmse,fold3/test_horizon_30_mard,fold3/test_horizon_30_mape,fold3/test_horizon_30_r2,fold3/test_horizon_30_pearson,fold3/test_horizon_30_ega_zone_a_pct,fold3/test_horizon_30_ega_zone_a_count,fold3/test_horizon_30_ega_zone_b_pct,fold3/test_horizon_30_ega_zone_b_count,fold3/test_horizon_30_ega_zone_c_pct,fold3/test_horizon_30_ega_zone_c_count,fold3/test_horizon_30_ega_zone_d_pct,fold3/test_horizon_30_ega_zone_d_count,fold3/test_horizon_30_ega_zone_e_pct,fold3/test_horizon_30_ega_zone_e_count,fold3/test_horizon_45_mae,fold3/test_horizon_45_rmse,fold3/test_horizon_45_mard,fold3/test_horizon_45_mape,fold3/test_horizon_45_r2,fold3/test_horizon_45_pearson,fold3/test_horizon_45_ega_zone_a_pct,fold3/test_horizon_45_ega_zone_a_count,fold3/test_horizon_45_ega_zone_b_pct,fold3/test_horizon_45_ega_zone_b_count,fold3/test_horizon_45_ega_zone_c_pct,fold3/test_horizon_45_ega_zone_c_count,fold3/test_horizon_45_ega_zone_d_pct,fold3/test_horizon_45_ega_zone_d_count,fold3/test_horizon_45_ega_zone_e_pct,fold3/test_horizon_45_ega_zone_e_count,fold3/test_horizon_60_mae,fold3/test_horizon_60_rmse,fold3/test_horizon_60_mard,fold3/test_horizon_60_mape,fold3/test_horizon_60_r2,fold3/test_horizon_60_pearson,fold3/test_horizon_60_ega_zone_a_pct,fold3/test_horizon_60_ega_zone_a_count,fold3/test_horizon_60_ega_zone_b_pct,fold3/test_horizon_60_ega_zone_b_count,fold3/test_horizon_60_ega_zone_c_pct,fold3/test_horizon_60_ega_zone_c_count,fold3/test_horizon_60_ega_zone_d_pct,fold3/test_horizon_60_ega_zone_d_count,fold3/test_horizon_60_ega_zone_e_pct,fold3/test_horizon_60_ega_zone_e_count
0,0.2629862203351515,9.939802169799805,15.142087936401367,9.133593559265137,9.133593559265137,0.3016103506088257,0.5631780028343201,88.42891693115234,4379.0,11.086429595947266,549.0,0.0,0.0,0.48465266823768616,24.0,0.0,0.0,5.098692893981934,7.284242153167725,4.678070545196533,4.678070545196533,0.8402348756790161,0.9204128980636597,98.38449096679688,1218.0,1.3731825351715088,17.0,0.0,0.0,0.24232633411884308,3.0,0.0,0.0,9.537656784057617,13.898082733154297,8.769643783569336,8.769643783569336,0.41341090202331543,0.6507136225700378,90.06462097167969,1115.0,9.369951248168945,116.0,0.0,0.0,0.5654280781745911,7.0,0.0,0.0,12.03095531463623,17.545040130615234,11.062256813049316,11.062256813049316,0.05716472864151001,0.32981231808662415,83.52180480957031,1034.0,15.912762641906738,197.0,0.0,0.0,0.5654280781745911,7.0,0.0,0.0,13.091903686523438,19.054811477661133,12.024402618408203,12.024402618408203,-0.11618626117706299,0.10856898128986359,81.7447509765625,1012.0,17.689823150634766,219.0,0.0,0.0,0.5654280781745911,7.0,0.0,0.0
step,fold4/train_loss,fold4/val_mae,fold4/val_rmse,fold4/val_mard,fold4/val_mape,fold4/val_r2,fold4/val_pearson,fold4/val_ega_zone_a_pct,fold4/val_ega_zone_a_count,fold4/val_ega_zone_b_pct,fold4/val_ega_zone_b_count,fold4/val_ega_zone_c_pct,fold4/val_ega_zone_c_count,fold4/val_ega_zone_d_pct,fold4/val_ega_zone_d_count,fold4/val_ega_zone_e_pct,fold4/val_ega_zone_e_count,fold4/val_horizon_15_mae,fold4/val_horizon_15_rmse,fold4/val_horizon_15_mard,fold4/val_horizon_15_mape,fold4/val_horizon_15_r2,fold4/val_horizon_15_pearson,fold4/val_horizon_15_ega_zone_a_pct,fold4/val_horizon_15_ega_zone_a_count,fold4/val_horizon_15_ega_zone_b_pct,fold4/val_horizon_15_ega_zone_b_count,fold4/val_horizon_15_ega_zone_c_pct,fold4/val_horizon_15_ega_zone_c_count,fold4/val_horizon_15_ega_zone_d_pct,fold4/val_horizon_15_ega_zone_d_count,fold4/val_horizon_15_ega_zone_e_pct,fold4/val_horizon_15_ega_zone_e_count,fold4/val_horizon_30_mae,fold4/val_horizon_30_rmse,fold4/val_horizon_30_mard,fold4/val_horizon_30_mape,fold4/val_horizon_30_r2,fold4/val_horizon_30_pearson,fold4/val_horizon_30_ega_zone_a_pct,fold4/val_horizon_30_ega_zone_a_count,fold4/val_horizon_30_ega_zone_b_pct,fold4/val_horizon_30_ega_zone_b_count,fold4/val_horizon_30_ega_zone_c_pct,fold4/val_horizon_30_ega_zone_c_count,fold4/val_horizon_30_ega_zone_d_pct,fold4/val_horizon_30_ega_zone_d_count,fold4/val_horizon_30_ega_zone_e_pct,fold4/val_horizon_30_ega_zone_e_count,fold4/val_horizon_45_mae,fold4/val_horizon_45_rmse,fold4/val_horizon_45_mard,fold4/val_horizon_45_mape,fold4/val_horizon_45_r2,fold4/val_horizon_45_pearson,fold4/val_horizon_45_ega_zone_a_pct,fold4/val_horizon_45_ega_zone_a_count,fold4/val_horizon_45_ega_zone_b_pct,fold4/val_horizon_45_ega_zone_b_count,fold4/val_horizon_45_ega_zone_c_pct,fold4/val_horizon_45_ega_zone_c_count,fold4/val_horizon_45_ega_zone_d_pct,fold4/val_horizon_45_ega_zone_d_count,fold4/val_horizon_45_ega_zone_e_pct,fold4/val_horizon_45_ega_zone_e_count,fold4/val_horizon_60_mae,fold4/val_horizon_60_rmse,fold4/val_horizon_60_mard,fold4/val_horizon_60_mape,fold4/val_horizon_60_r2,fold4/val_horizon_60_pearson,fold4/val_horizon_60_ega_zone_a_pct,fold4/val_horizon_60_ega_zone_a_count,fold4/val_horizon_60_ega_zone_b_pct,fold4/val_horizon_60_ega_zone_b_count,fold4/val_horizon_60_ega_zone_c_pct,fold4/val_horizon_60_ega_zone_c_count,fold4/val_horizon_60_ega_zone_d_pct,fold4/val_horizon_60_ega_zone_d_count,fold4/val_horizon_60_ega_zone_e_pct,fold4/val_horizon_60_ega_zone_e_count,fold4/diag_horizon_curriculum_progress,fold4/diag_loss_horizon_weight_0,fold4/diag_loss_horizon_weight_1,fold4/diag_loss_horizon_weight_2,fold4/diag_loss_horizon_weight_3
1,0.3357158524495639,13.784896850585938,18.043582916259766,12.018001556396484,12.018001556396484,0.2397788166999817,0.5894254446029663,82.36529541015625,18038.0,17.10045623779297,3745.0,0.0,0.0,0.534246563911438,117.0,0.0,0.0,12.4757661819458,16.18985366821289,11.056222915649414,11.056222915649414,0.3917485475540161,0.7554370760917664,85.5525131225586,4684.0,13.917808532714844,762.0,0.0,0.0,0.5296803712844849,29.0,0.0,0.0,13.795868873596191,17.93092918395996,12.1343355178833,12.1343355178833,0.25138282775878906,0.6115618348121643,82.1552505493164,4498.0,17.296802520751953,947.0,0.0,0.0,0.5479452013969421,30.0,0.0,0.0,14.328401565551758,18.97873878479004,12.277764320373535,12.277764320373535,0.15727227926254272,0.5219114422798157,80.87671661376953,4428.0,18.575342178344727,1017.0,0.0,0.0,0.5479452013969421,30.0,0.0,0.0,14.539543151855469,18.933073043823242,12.603686332702637,12.603686332702637,0.15697896480560303,0.5029760599136353,80.87671661376953,4428.0,18.61187171936035,1019.0,0.0,0.0,0.5114155411720276,28.0,0.0,0.0,0.0,0.3333333432674408,0.28333333134651184,0.21666665375232697,0.1666666716337204
2,0.22397174665708758,11.726137161254883,16.120494842529297,10.128608703613281,10.128608703613281,0.39319223165512085,0.6309453845024109,86.48858642578125,18941.0,13.031964302062988,2854.0,0.0,0.0,0.4794520437717438,105.0,0.0,0.0,8.679688453674316,11.983226776123047,7.601320743560791,7.601320743560791,0.6667693853378296,0.8174504637718201,93.64383697509766,5127.0,6.027397155761719,330.0,0.0,0.0,0.3287671208381653,18.0,0.0,0.0,11.758530616760254,16.096961975097656,10.166970252990723,10.166970252990723,0.3966878652572632,0.6324528455734253,86.2831039428711,4724.0,13.187214851379395,722.0,0.0,0.0,0.5296803712844849,29.0,0.0,0.0,12.89703369140625,17.55282211303711,11.097977638244629,11.097977638244629,0.2791474461555481,0.5366156101226807,83.50684356689453,4572.0,15.945204734802246,873.0,0.0,0.0,0.5479452013969421,30.0,0.0,0.0,13.569297790527344,18.129249572753906,11.64816665649414,11.64816665649414,0.22704213857650757,0.4897844195365906,82.52055358886719,4518.0,16.968036651611328,929.0,0.0,0.0,0.5114155411720276,28.0,0.0,0.0,0.07142857142857142,0.3245614171028137,0.2788847088813782,0.21998745203018188,0.17656642198562622
3,0.20120582553409538,11.103404998779297,15.642254829406738,9.550987243652344,9.550987243652344,0.42866194248199463,0.6628226041793823,87.6986312866211,19206.0,11.922374725341797,2611.0,0.0,0.0,0.37899544835090637,83.0,0.0,0.0,7.313406944274902,10.267900466918945,6.394820690155029,6.394820690155029,0.7553413510322571,0.8701004981994629,95.89041137695312,5250.0,3.9086759090423584,214.0,0.0,0.0,0.2009132355451584,11.0,0.0,0.0,11.165678024291992,15.56965160369873,9.62885856628418,9.62885856628418,0.43556755781173706,0.6686378717422485,87.94520568847656,4815.0,11.689497947692871,640.0,0.0,0.0,0.3652968108654022,20.0,0.0,0.0,12.614717483520508,17.384033203125,10.816934585571289,10.816934585571289,0.2929443120956421,0.5561927556991577,84.18264770507812,4609.0,15.324200630187988,839.0,0.0,0.0,0.4931506812572479,27.0,0.0,0.0,13.31982135772705,18.129318237304688,11.363332748413086,11.363332748413086,0.22703629732131958,0.4984653890132904,82.77625274658203,4532.0,16.76712417602539,918.0,0.0,0.0,0.456620991230011,25.0,0.0,0.0,0.14285714285714285,0.31578949093818665,0.2744360864162445,0.223308265209198,0.18646617233753204
4,0.18981656280564962,10.889443397521973,15.458944320678711,9.362759590148926,9.362759590148926,0.441974401473999,0.6754591464996338,88.09132385253906,19292.0,11.584474563598633,2537.0,0.0,0.0,0.32420089840888977,71.0,0.0,0.0,6.719606399536133,9.41394329071045,5.903364181518555,5.903364181518555,0.794344425201416,0.8922063708305359,96.73059844970703,5296.0,3.141552686691284,172.0,0.0,0.0,0.1278538852930069,7.0,0.0,0.0,10.970222473144531,15.293313026428223,9.46547794342041,9.46547794342041,0.4554254412651062,0.6858222484588623,88.23744201660156,4831.0,11.41552448272705,625.0,0.0,0.0,0.34703195095062256,19.0,0.0,0.0,12.572566986083984,17.365909576416016,10.767358779907227,10.767358779907227,0.29441767930984497,0.563569188117981,84.52967834472656,4628.0,15.050228118896484,824.0,0.0,0.0,0.42009130120277405,23.0,0.0,0.0,13.295382499694824,18.216289520263672,11.314836502075195,11.314836502075195,0.2196022868156433,0.500338077545166,82.86758422851562,4537.0,16.730592727661133,916.0,0.0,0.0,0.4018264710903168,22.0,0.0,0.0,0.21428571428571427,0.30701756477355957,0.26998746395111084,0.22662906348705292,0.19636592268943787
5,0.18601307448494275,10.857287406921387,15.445895195007324,9.343235969543457,9.343235969543457,0.4429161548614502,0.6769090890884399,88.0136947631836,19275.0,11.666666984558105,2555.0,0.0,0.0,0.31963470578193665,70.0,0.0,0.0,6.431214332580566,9.02493953704834,5.656518936157227,5.656518936157227,0.810989499092102,0.90153568983078,97.16895294189453,5320.0,2.7031962871551514,148.0,0.0,0.0,0.1278538852930069,7.0,0.0,0.0,10.932252883911133,15.214308738708496,9.444475173950195,9.444475173950195,0.4610373377799988,0.6905240416526794,88.20091247558594,4829.0,11.452054977416992,627.0,0.0,0.0,0.34703195095062256,19.0,0.0,0.0,12.661005973815918,17.43866729736328,10.847485542297363,10.847485542297363,0.28849297761917114,0.5603510141372681,84.25570678710938,4613.0,15.324200630187988,839.0,0.0,0.0,0.42009130120277405,23.0,0.0,0.0,13.404677391052246,18.364931106567383,11.424469947814941,11.424469947814941,0.20681440830230713,0.4903554320335388,82.4292221069336,4513.0,17.187213897705078,941.0,0.0,0.0,0.3835616409778595,21.0,0.0,0.0,0.2857142857142857,0.2982456088066101,0.2655388414859772,0.22994986176490784,0.2062656730413437
6,0.18181107003016445,10.933821678161621,15.555619239807129,9.412681579589844,9.412681579589844,0.43497323989868164,0.6727544665336609,87.82648468017578,19234.0,11.86301326751709,2598.0,0.0,0.0,0.310502290725708,68.0,0.0,0.0,6.276109218597412,8.819856643676758,5.5202765464782715,5.5202765464782715,0.8194820284843445,0.906302273273468,97.5525131225586,5341.0,2.3196346759796143,127.0,0.0,0.0,0.1278538852930069,7.0,0.0,0.0,10.996925354003906,15.28231143951416,9.4987154006958,9.4987154006958,0.45620858669281006,0.6891152262687683,88.1461181640625,4826.0,11.525114059448242,631.0,0.0,0.0,0.3287671208381653,18.0,0.0,0.0,12.83614444732666,17.6085205078125,11.007172584533691,11.007172584533691,0.2745653986930847,0.5512892603874207,83.707763671875,4583.0,15.890410423278809,870.0,0.0,0.0,0.4018264710903168,22.0,0.0,0.0,13.62610149383545,18.614784240722656,11.624563217163086,11.624563217163086,0.18508517742156982,0.47465482354164124,81.89954376220703,4484.0,17.716894149780273,970.0,0.0,0.0,0.3835616409778595,21.0,0.0,0.0,0.35714285714285715,0.28947368264198303,0.2610902190208435,0.23327067494392395,0.2161654233932495
7,0.17851023018968826,10.924040794372559,15.55400562286377,9.398715019226074,9.398715019226074,0.43509042263031006,0.6740210056304932,87.77625274658203,19223.0,11.922374725341797,2611.0,0.0,0.0,0.30136987566947937,66.0,0.0,0.0,6.163506031036377,8.666364669799805,5.4303998947143555,5.4303998947143555,0.8257105350494385,0.9096484780311584,97.62557220458984,5345.0,2.2648401260375977,124.0,0.0,0.0,0.10958904027938843,6.0,0.0,0.0,10.993804931640625,15.280071258544922,9.489792823791504,9.489792823791504,0.456368088722229,0.6910219192504883,88.16438293457031,4827.0,11.525114059448242,631.0,0.0,0.0,0.310502290725708,17.0,0.0,0.0,12.878310203552246,17.64757537841797,11.029032707214355,11.029032707214355,0.27134382724761963,0.5513700842857361,83.68949890136719,4582.0,15.908676147460938,871.0,0.0,0.0,0.4018264710903168,22.0,0.0,0.0,13.660545349121094,18.646316528320312,11.64563274383545,11.64563274383545,0.18232214450836182,0.4751341640949249,81.62557220458984,4469.0,17.990867614746094,985.0,0.0,0.0,0.3835616409778595,21.0,0.0,0.0,0.42857142857142855,0.28070175647735596,0.25664159655570984,0.23659147322177887,0.22606515884399414
8,0.17469061578668577,11.019038200378418,15.678131103515625,9.474947929382324,9.474947929382324,0.4260382056236267,0.6707406640052795,87.5753402709961,19179.0,12.132420539855957,2657.0,0.0,0.0,0.29223746061325073,64.0,0.0,0.0,6.120314121246338,8.614067077636719,5.39345121383667,5.39345121383667,0.8278076648712158,0.9110528230667114,97.66210174560547,5347.0,2.2283105850219727,122.0,0.0,0.0,0.10958904027938843,6.0,0.0,0.0,11.081609725952148,15.395866394042969,9.551347732543945,9.551347732543945,0.4480974078178406,0.689403235912323,87.79908752441406,4807.0,11.890410423278809,651.0,0.0,0.0,0.310502290725708,17.0,0.0,0.0,13.031265258789062,17.81079864501953,11.151498794555664,11.151498794555664,0.2578027844429016,0.5464513301849365,83.41552734375,4567.0,16.20091438293457,887.0,0.0,0.0,0.3835616409778595,21.0,0.0,0.0,13.842967987060547,18.834962844848633,11.803495407104492,11.803495407104492,0.1656932830810547,0.46707841753959656,81.4246597290039,4458.0,18.210046768188477,997.0,0.0,0.0,0.3652968108654022,20.0,0.0,0.0,0.5,0.2719298303127289,0.25219297409057617,0.2399122714996338,0.23596492409706116
9,0.1713199246168511,11.098661422729492,15.773362159729004,9.525276184082031,9.525276184082031,0.4190443158149719,0.6683822274208069,87.48858642578125,19160.0,12.232876777648926,2679.0,0.0,0.0,0.2785388231277466,61.0,0.0,0.0,6.105517864227295,8.591141700744629,5.377809524536133,5.377809524536133,0.8287230134010315,0.9117065668106079,97.7168960571289,5350.0,2.173516035079956,119.0,0.0,0.0,0.10958904027938843,6.0,0.0,0.0,11.160057067871094,15.483248710632324,9.605635643005371,9.605635643005371,0.44181472063064575,0.6872957348823547,87.79908752441406,4807.0,11.92694091796875,653.0,0.0,0.0,0.27397260069847107,15.0,0.0,0.0,13.175704956054688,17.960529327392578,11.24767017364502,11.24767017364502,0.24527126550674438,0.5415869951248169,83.2694091796875,4559.0,16.365297317504883,896.0,0.0,0.0,0.3652968108654022,20.0,0.0,0.0,13.953363418579102,18.94931411743164,11.869989395141602,11.869989395141602,0.15553206205368042,0.4648856818675995,81.16895294189453,4444.0,18.46575355529785,1011.0,0.0,0.0,0.3652968108654022,20.0,0.0,0.0,0.5714285714285714,0.2631579041481018,0.2477443516254425,0.2432330846786499,0.24586467444896698
10,0.1668379733694508,11.316956520080566,16.03952980041504,9.709288597106934,9.709288597106934,0.3992721438407898,0.6583747863769531,87.04109954833984,19062.0,12.689497947692871,2779.0,0.0,0.0,0.26940637826919556,59.0,0.0,0.0,6.137302398681641,8.642773628234863,5.403282642364502,5.403282642364502,0.8266580700874329,0.9109808802604675,97.5707778930664,5342.0,2.337899684906006,128.0,0.0,0.0,0.09132420271635056,5.0,0.0,0.0,11.349905014038086,15.695146560668945,9.765643119812012,9.765643119812012,0.42643195390701294,0.6799815893173218,87.61643981933594,4797.0,12.127854347229004,664.0,0.0,0.0,0.2557077705860138,14.0,0.0,0.0,13.468221664428711,18.28814125061035,11.488884925842285,11.488884925842285,0.21748679876327515,0.5272617936134338,82.83104705810547,4535.0,16.803653717041016,920.0,0.0,0.0,0.3652968108654022,20.0,0.0,0.0,14.312399864196777,19.328086853027344,12.179342269897461,12.179342269897461,0.12143510580062866,0.4449699819087982,80.1461181640625,4388.0,19.488584518432617,1067.0,0.0,0.0,0.3652968108654022,20.0,0.0,0.0,0.6428571428571429,0.25438597798347473,0.24329572916030884,0.24655388295650482,0.2557644248008728
11,0.16196900999461772,11.37661075592041,16.10088539123535,9.764931678771973,9.764931678771973,0.39466750621795654,0.6564493775367737,86.89954376220703,19031.0,12.831049919128418,2810.0,0.0,0.0,0.26940637826919556,59.0,0.0,0.0,6.143700122833252,8.657673835754395,5.408146858215332,5.408146858215332,0.826059877872467,0.9107486605644226,97.60730743408203,5344.0,2.3013699054718018,126.0,0.0,0.0,0.09132420271635056,5.0,0.0,0.0,11.373038291931152,15.709835052490234,9.791351318359375,9.791351318359375,0.4253578782081604,0.6794458031654358,87.89041137695312,4812.0,11.853880882263184,649.0,0.0,0.0,0.2557077705860138,14.0,0.0,0.0,13.550339698791504,18.37310028076172,11.56252670288086,11.56252670288086,0.2101992964744568,0.5247020125389099,82.50228118896484,4517.0,17.13241958618164,938.0,0.0,0.0,0.3652968108654022,20.0,0.0,0.0,14.439363479614258,19.432680130004883,12.297701835632324,12.297701835632324,0.11190062761306763,0.44161248207092285,79.59817504882812,4358.0,20.036529541015625,1097.0,0.0,0.0,0.3652968108654022,20.0,0.0,0.0,0.7142857142857143,0.24561403691768646,0.23884710669517517,0.24987469613552094,0.26566416025161743
12,0.15637140651434683,11.543140411376953,16.2919864654541,9.914345741271973,9.914345741271973,0.3802129030227661,0.6478759050369263,86.54794311523438,18954.0,13.173516273498535,2885.0,0.0,0.0,0.2785388231277466,61.0,0.0,0.0,6.164086818695068,8.676789283752441,5.425284385681152,5.425284385681152,0.8252909183502197,0.9102751612663269,97.47945404052734,5337.0,2.4292237758636475,133.0,0.0,0.0,0.09132420271635056,5.0,0.0,0.0,11.4658203125,15.792088508605957,9.870903968811035,9.870903968811035,0.41932475566864014,0.6753847599029541,87.68949890136719,4801.0,12.036529541015625,659.0,0.0,0.0,0.27397260069847107,15.0,0.0,0.0,13.769135475158691,18.61100959777832,11.757619857788086,11.757619857788086,0.18961304426193237,0.5125330686569214,82.21004486083984,4501.0,17.406391143798828,953.0,0.0,0.0,0.3835616409778595,21.0,0.0,0.0,14.773520469665527,19.76534652709961,12.603571891784668,12.603571891784668,0.08123379945755005,0.421375572681427,78.81278228759766,4315.0,20.821918487548828,1140.0,0.0,0.0,0.3652968108654022,20.0,0.0,0.0,0.7857142857142857,0.23684212565422058,0.2343984991312027,0.25319552421569824,0.27556392550468445
13,0.15116191986079114,11.586548805236816,16.384565353393555,9.939704895019531,9.939704895019531,0.37314897775650024,0.6451622843742371,86.34246826171875,18909.0,13.374429702758789,2929.0,0.0,0.0,0.2831050157546997,62.0,0.0,0.0,6.203996658325195,8.737944602966309,5.457984447479248,5.457984447479248,0.8228195309638977,0.9090508818626404,97.44292449951172,5335.0,2.4657535552978516,135.0,0.0,0.0,0.09132420271635056,5.0,0.0,0.0,11.485828399658203,15.83964729309082,9.882755279541016,9.882755279541016,0.41582196950912476,0.6738578081130981,87.52510833740234,4792.0,12.200913429260254,668.0,0.0,0.0,0.27397260069847107,15.0,0.0,0.0,13.81429672241211,18.73219871520996,11.776595115661621,11.776595115661621,0.17902463674545288,0.5093348026275635,81.78995513916016,4478.0,17.82648468017578,976.0,0.0,0.0,0.3835616409778595,21.0,0.0,0.0,14.842073440551758,19.891572952270508,12.641483306884766,12.641483306884766,0.0694614052772522,0.41822385787963867,78.61187744140625,4304.0,21.004566192626953,1150.0,0.0,0.0,0.3835616409778595,21.0,0.0,0.0,0.8571428571428571,0.22807016968727112,0.22994986176490784,0.25651630759239197,0.2854636609554291
step,fold4/test_loss,fold4/test_mae,fold4/test_rmse,fold4/test_mard,fold4/test_mape,fold4/test_r2,fold4/test_pearson,fold4/test_ega_zone_a_pct,fold4/test_ega_zone_a_count,fold4/test_ega_zone_b_pct,fold4/test_ega_zone_b_count,fold4/test_ega_zone_c_pct,fold4/test_ega_zone_c_count,fold4/test_ega_zone_d_pct,fold4/test_ega_zone_d_count,fold4/test_ega_zone_e_pct,fold4/test_ega_zone_e_count,fold4/test_horizon_15_mae,fold4/test_horizon_15_rmse,fold4/test_horizon_15_mard,fold4/test_horizon_15_mape,fold4/test_horizon_15_r2,fold4/test_horizon_15_pearson,fold4/test_horizon_15_ega_zone_a_pct,fold4/test_horizon_15_ega_zone_a_count,fold4/test_horizon_15_ega_zone_b_pct,fold4/test_horizon_15_ega_zone_b_count,fold4/test_horizon_15_ega_zone_c_pct,fold4/test_horizon_15_ega_zone_c_count,fold4/test_horizon_15_ega_zone_d_pct,fold4/test_horizon_15_ega_zone_d_count,fold4/test_horizon_15_ega_zone_e_pct,fold4/test_horizon_15_ega_zone_e_count,fold4/test_horizon_30_mae,fold4/test_horizon_30_rmse,fold4/test_horizon_30_mard,fold4/test_horizon_30_mape,fold4/test_horizon_30_r2,fold4/test_horizon_30_pearson,fold4/test_horizon_30_ega_zone_a_pct,fold4/test_horizon_30_ega_zone_a_count,fold4/test_horizon_30_ega_zone_b_pct,fold4/test_horizon_30_ega_zone_b_count,fold4/test_horizon_30_ega_zone_c_pct,fold4/test_horizon_30_ega_zone_c_count,fold4/test_horizon_30_ega_zone_d_pct,fold4/test_horizon_30_ega_zone_d_count,fold4/test_horizon_30_ega_zone_e_pct,fold4/test_horizon_30_ega_zone_e_count,fold4/test_horizon_45_mae,fold4/test_horizon_45_rmse,fold4/test_horizon_45_mard,fold4/test_horizon_45_mape,fold4/test_horizon_45_r2,fold4/test_horizon_45_pearson,fold4/test_horizon_45_ega_zone_a_pct,fold4/test_horizon_45_ega_zone_a_count,fold4/test_horizon_45_ega_zone_b_pct,fold4/test_horizon_45_ega_zone_b_count,fold4/test_horizon_45_ega_zone_c_pct,fold4/test_horizon_45_ega_zone_c_count,fold4/test_horizon_45_ega_zone_d_pct,fold4/test_horizon_45_ega_zone_d_count,fold4/test_horizon_45_ega_zone_e_pct,fold4/test_horizon_45_ega_zone_e_count,fold4/test_horizon_60_mae,fold4/test_horizon_60_rmse,fold4/test_horizon_60_mard,fold4/test_horizon_60_mape,fold4/test_horizon_60_r2,fold4/test_horizon_60_pearson,fold4/test_horizon_60_ega_zone_a_pct,fold4/test_horizon_60_ega_zone_a_count,fold4/test_horizon_60_ega_zone_b_pct,fold4/test_horizon_60_ega_zone_b_count,fold4/test_horizon_60_ega_zone_c_pct,fold4/test_horizon_60_ega_zone_c_count,fold4/test_horizon_60_ega_zone_d_pct,fold4/test_horizon_60_ega_zone_d_count,fold4/test_horizon_60_ega_zone_e_pct,fold4/test_horizon_60_ega_zone_e_count
0,0.2198291845096315,9.22565746307373,13.652381896972656,8.050209045410156,8.050209045410156,0.4973491430282593,0.7076705694198608,90.94317626953125,4609.0,8.938436508178711,453.0,0.0,0.0,0.11838989704847336,6.0,0.0,0.0,5.069919586181641,7.208195209503174,4.444302082061768,4.444302082061768,0.8574350476264954,0.9261938333511353,99.13180541992188,1256.0,0.8681926131248474,11.0,0.0,0.0,0.0,0.0,0.0,0.0,9.0225191116333,12.90442180633545,7.861191749572754,7.861191749572754,0.5480822324752808,0.7420505881309509,92.42304229736328,1171.0,7.419100284576416,94.0,0.0,0.0,0.15785318613052368,2.0,0.0,0.0,10.853858947753906,15.534175872802734,9.452774047851562,9.452774047851562,0.35303860902786255,0.5990622639656067,87.05603790283203,1103.0,12.786108016967773,162.0,0.0,0.0,0.15785318613052368,2.0,0.0,0.0,11.95633316040039,16.904356002807617,10.44256591796875,10.44256591796875,0.2425978183746338,0.501213550567627,85.16179656982422,1079.0,14.680346488952637,186.0,0.0,0.0,0.15785318613052368,2.0,0.0,0.0
step,fold5/train_loss,fold5/val_mae,fold5/val_rmse,fold5/val_mard,fold5/val_mape,fold5/val_r2,fold5/val_pearson,fold5/val_ega_zone_a_pct,fold5/val_ega_zone_a_count,fold5/val_ega_zone_b_pct,fold5/val_ega_zone_b_count,fold5/val_ega_zone_c_pct,fold5/val_ega_zone_c_count,fold5/val_ega_zone_d_pct,fold5/val_ega_zone_d_count,fold5/val_ega_zone_e_pct,fold5/val_ega_zone_e_count,fold5/val_horizon_15_mae,fold5/val_horizon_15_rmse,fold5/val_horizon_15_mard,fold5/val_horizon_15_mape,fold5/val_horizon_15_r2,fold5/val_horizon_15_pearson,fold5/val_horizon_15_ega_zone_a_pct,fold5/val_horizon_15_ega_zone_a_count,fold5/val_horizon_15_ega_zone_b_pct,fold5/val_horizon_15_ega_zone_b_count,fold5/val_horizon_15_ega_zone_c_pct,fold5/val_horizon_15_ega_zone_c_count,fold5/val_horizon_15_ega_zone_d_pct,fold5/val_horizon_15_ega_zone_d_count,fold5/val_horizon_15_ega_zone_e_pct,fold5/val_horizon_15_ega_zone_e_count,fold5/val_horizon_30_mae,fold5/val_horizon_30_rmse,fold5/val_horizon_30_mard,fold5/val_horizon_30_mape,fold5/val_horizon_30_r2,fold5/val_horizon_30_pearson,fold5/val_horizon_30_ega_zone_a_pct,fold5/val_horizon_30_ega_zone_a_count,fold5/val_horizon_30_ega_zone_b_pct,fold5/val_horizon_30_ega_zone_b_count,fold5/val_horizon_30_ega_zone_c_pct,fold5/val_horizon_30_ega_zone_c_count,fold5/val_horizon_30_ega_zone_d_pct,fold5/val_horizon_30_ega_zone_d_count,fold5/val_horizon_30_ega_zone_e_pct,fold5/val_horizon_30_ega_zone_e_count,fold5/val_horizon_45_mae,fold5/val_horizon_45_rmse,fold5/val_horizon_45_mard,fold5/val_horizon_45_mape,fold5/val_horizon_45_r2,fold5/val_horizon_45_pearson,fold5/val_horizon_45_ega_zone_a_pct,fold5/val_horizon_45_ega_zone_a_count,fold5/val_horizon_45_ega_zone_b_pct,fold5/val_horizon_45_ega_zone_b_count,fold5/val_horizon_45_ega_zone_c_pct,fold5/val_horizon_45_ega_zone_c_count,fold5/val_horizon_45_ega_zone_d_pct,fold5/val_horizon_45_ega_zone_d_count,fold5/val_horizon_45_ega_zone_e_pct,fold5/val_horizon_45_ega_zone_e_count,fold5/val_horizon_60_mae,fold5/val_horizon_60_rmse,fold5/val_horizon_60_mard,fold5/val_horizon_60_mape,fold5/val_horizon_60_r2,fold5/val_horizon_60_pearson,fold5/val_horizon_60_ega_zone_a_pct,fold5/val_horizon_60_ega_zone_a_count,fold5/val_horizon_60_ega_zone_b_pct,fold5/val_horizon_60_ega_zone_b_count,fold5/val_horizon_60_ega_zone_c_pct,fold5/val_horizon_60_ega_zone_c_count,fold5/val_horizon_60_ega_zone_d_pct,fold5/val_horizon_60_ega_zone_d_count,fold5/val_horizon_60_ega_zone_e_pct,fold5/val_horizon_60_ega_zone_e_count,fold5/diag_horizon_curriculum_progress,fold5/diag_loss_horizon_weight_0,fold5/diag_loss_horizon_weight_1,fold5/diag_loss_horizon_weight_2,fold5/diag_loss_horizon_weight_3
1,0.3577601745931714,16.64626121520996,20.618549346923828,16.434120178222656,16.434120178222656,0.25437140464782715,0.7111517786979675,69.97807312011719,15955.0,27.78508758544922,6335.0,0.0,0.0,2.236842155456543,510.0,0.0,0.0,15.239051818847656,18.821056365966797,15.157391548156738,15.157391548156738,0.37788307666778564,0.8317537307739258,73.40351104736328,4184.0,24.421052932739258,1392.0,0.0,0.0,2.175438642501831,124.0,0.0,0.0,16.690893173217773,20.692550659179688,16.395729064941406,16.395729064941406,0.2491127848625183,0.7223111391067505,70.05262756347656,3993.0,27.719297409057617,1580.0,0.0,0.0,2.2280702590942383,127.0,0.0,0.0,16.926362991333008,20.929811477661133,16.723682403564453,16.723682403564453,0.23217058181762695,0.676374614238739,69.33333587646484,3952.0,28.385963439941406,1618.0,0.0,0.0,2.2807016372680664,130.0,0.0,0.0,17.728736877441406,21.909526824951172,17.459678649902344,17.459678649902344,0.15852093696594238,0.6228731870651245,67.122802734375,3826.0,30.614036560058594,1745.0,0.0,0.0,2.263157844543457,129.0,0.0,0.0,0.0,0.3333333432674408,0.28333333134651184,0.21666665375232697,0.1666666716337204
2,0.2519121664099982,12.163811683654785,16.282621383666992,11.53496265411377,11.53496265411377,0.534997820854187,0.7496582865715027,83.65789794921875,19074.0,14.276315689086914,3255.0,0.0,0.0,2.0657894611358643,471.0,0.0,0.0,8.474064826965332,11.389885902404785,8.03944206237793,8.03944206237793,0.7721638679504395,0.8899421691894531,93.0,5301.0,5.508771896362305,314.0,0.0,0.0,1.4912279844284058,85.0,0.0,0.0,11.941205978393555,15.960402488708496,11.229907989501953,11.229907989501953,0.5532811880111694,0.7604449987411499,84.0526351928711,4791.0,13.719298362731934,782.0,0.0,0.0,2.2280702590942383,127.0,0.0,0.0,13.553458213806152,17.78668212890625,12.87724781036377,12.87724781036377,0.4454713463783264,0.6903807520866394,80.122802734375,4567.0,17.59649085998535,1003.0,0.0,0.0,2.2807016372680664,130.0,0.0,0.0,14.686519622802734,18.964839935302734,13.99325180053711,13.99325180053711,0.36951375007629395,0.6462933421134949,77.45613861083984,4415.0,20.280702590942383,1156.0,0.0,0.0,2.263157844543457,129.0,0.0,0.0,0.07142857142857142,0.3245614171028137,0.2788847088813782,0.21998745203018188,0.17656642198562622
3,0.2280029040296188,10.992203712463379,15.294976234436035,10.273024559020996,10.273024559020996,0.5896977186203003,0.7737504839897156,86.56578826904297,19737.0,11.736842155456543,2676.0,0.0,0.0,1.6973683834075928,387.0,0.0,0.0,6.641556262969971,9.219159126281738,6.178914546966553,6.178914546966553,0.8507320284843445,0.9246737957000732,97.07017517089844,5533.0,2.526315927505493,144.0,0.0,0.0,0.4035087823867798,23.0,0.0,0.0,10.764691352844238,14.838116645812988,10.003791809082031,10.003791809082031,0.6138961315155029,0.7881125807762146,87.35087585449219,4979.0,10.789473533630371,615.0,0.0,0.0,1.8596490621566772,106.0,0.0,0.0,12.725838661193848,17.173267364501953,11.891271591186523,11.891271591186523,0.48306024074554443,0.704254686832428,82.2631607055664,4689.0,15.473684310913086,882.0,0.0,0.0,2.263157844543457,129.0,0.0,0.0,13.83673095703125,18.32106590270996,13.018119812011719,13.018119812011719,0.4115918278694153,0.6583025455474854,79.57894897460938,4536.0,18.157894134521484,1035.0,0.0,0.0,2.263157844543457,129.0,0.0,0.0,0.14285714285714285,0.31578949093818665,0.2744360864162445,0.223308265209198,0.18646617233753204
4,0.21691255436365678,10.565520286560059,14.914950370788574,9.842361450195312,9.842361450195312,0.6098334789276123,0.7845439314842224,87.17982482910156,19877.0,11.258771896362305,2567.0,0.0,0.0,1.561403512954712,356.0,0.0,0.0,5.927578926086426,8.331329345703125,5.475802421569824,5.475802421569824,0.8780975341796875,0.9380703568458557,97.96491241455078,5584.0,1.7719298601150513,101.0,0.0,0.0,0.2631579041481018,15.0,0.0,0.0,10.324562072753906,14.363256454467773,9.557672500610352,9.557672500610352,0.6382133960723877,0.8013736605644226,88.21052551269531,5028.0,10.333333015441895,589.0,0.0,0.0,1.456140398979187,83.0,0.0,0.0,12.449873924255371,16.925851821899414,11.60682201385498,11.60682201385498,0.4978480339050293,0.7122177481651306,82.66666412353516,4712.0,15.070176124572754,859.0,0.0,0.0,2.263157844543457,129.0,0.0,0.0,13.560067176818848,18.10039520263672,12.729146957397461,12.729146957397461,0.4256806969642639,0.6650171875953674,79.87718963623047,4553.0,17.859649658203125,1018.0,0.0,0.0,2.263157844543457,129.0,0.0,0.0,0.21428571428571427,0.30701756477355957,0.26998746395111084,0.22662906348705292,0.19636592268943787
5,0.21084967625349266,10.337677001953125,14.717803001403809,9.61157512664795,9.61157512664795,0.6200798749923706,0.7899928092956543,87.55262756347656,19962.0,10.964912414550781,2500.0,0.0,0.0,1.4824562072753906,338.0,0.0,0.0,5.550060272216797,7.85871696472168,5.116039276123047,5.116039276123047,0.8915355801582336,0.9448443055152893,98.35087585449219,5606.0,1.4736841917037964,84.0,0.0,0.0,0.17543859779834747,10.0,0.0,0.0,10.066184043884277,14.098060607910156,9.293493270874023,9.293493270874023,0.6514497995376587,0.8087568879127502,89.03508758544922,5075.0,9.701754570007324,553.0,0.0,0.0,1.2631579637527466,72.0,0.0,0.0,12.313105583190918,16.798704147338867,11.462823867797852,11.462823867797852,0.5053640604019165,0.715552568435669,82.80701446533203,4720.0,14.947368621826172,852.0,0.0,0.0,2.2456140518188477,128.0,0.0,0.0,13.421357154846191,17.99287986755371,12.573944091796875,12.573944091796875,0.4324832558631897,0.667132556438446,80.01753997802734,4561.0,17.736841201782227,1011.0,0.0,0.0,2.2456140518188477,128.0,0.0,0.0,0.2857142857142857,0.2982456088066101,0.2655388414859772,0.22994986176490784,0.2062656730413437
6,0.20695129734932485,10.247798919677734,14.650107383728027,9.532679557800293,9.532679557800293,0.623566746711731,0.7915560603141785,87.59649658203125,19972.0,10.925437927246094,2491.0,0.0,0.0,1.4780702590942383,337.0,0.0,0.0,5.34612512588501,7.604443073272705,4.940835475921631,4.940835475921631,0.8984408974647522,0.9483135938644409,98.66667175292969,5624.0,1.1929824352264404,68.0,0.0,0.0,0.14035087823867798,8.0,0.0,0.0,9.969294548034668,13.978861808776855,9.211755752563477,9.211755752563477,0.6573188304901123,0.8120244145393372,88.84210205078125,5064.0,9.8421049118042,561.0,0.0,0.0,1.3157894611358643,75.0,0.0,0.0,12.262678146362305,16.76239585876465,11.417891502380371,11.417891502380371,0.5074999332427979,0.7158083915710449,82.89473724365234,4725.0,14.877192497253418,848.0,0.0,0.0,2.2280702590942383,127.0,0.0,0.0,13.413094520568848,18.008012771606445,12.560237884521484,12.560237884521484,0.4315282702445984,0.6642084121704102,79.98245239257812,4559.0,17.789474487304688,1014.0,0.0,0.0,2.2280702590942383,127.0,0.0,0.0,0.35714285714285715,0.28947368264198303,0.2610902190208435,0.23327067494392395,0.2161654233932495
7,0.20428084158907325,10.225249290466309,14.647984504699707,9.512277603149414,9.512277603149414,0.6236758232116699,0.7914145588874817,87.63157653808594,19980.0,10.894736289978027,2484.0,0.0,0.0,1.4736841917037964,336.0,0.0,0.0,5.247593402862549,7.487191200256348,4.847796440124512,4.847796440124512,0.9015486240386963,0.9498510956764221,98.66667175292969,5624.0,1.2105262279510498,69.0,0.0,0.0,0.12280701100826263,7.0,0.0,0.0,9.926804542541504,13.937910079956055,9.170061111450195,9.170061111450195,0.6593236923217773,0.8130276203155518,89.10526275634766,5079.0,9.596490859985352,547.0,0.0,0.0,1.2982455492019653,74.0,0.0,0.0,12.266214370727539,16.788902282714844,11.423449516296387,11.423449516296387,0.5059411525726318,0.714348316192627,82.89473724365234,4725.0,14.859649658203125,847.0,0.0,0.0,2.2456140518188477,128.0,0.0,0.0,13.460386276245117,18.057220458984375,12.607804298400879,12.607804298400879,0.42841726541519165,0.6618312001228333,79.85964965820312,4552.0,17.912281036376953,1021.0,0.0,0.0,2.2280702590942383,127.0,0.0,0.0,0.42857142857142855,0.28070175647735596,0.25664159655570984,0.23659147322177887,0.22606515884399414
8,0.19969060131977096,10.280330657958984,14.682130813598633,9.584962844848633,9.584962844848633,0.6219192743301392,0.7904483675956726,87.51753997802734,19954.0,10.964912414550781,2500.0,0.0,0.0,1.5175437927246094,346.0,0.0,0.0,5.2657012939453125,7.464996337890625,4.885196685791016,4.885196685791016,0.9021314382553101,0.9502986073493958,98.7017593383789,5626.0,1.175438642501831,67.0,0.0,0.0,0.12280701100826263,7.0,0.0,0.0,9.962920188903809,13.930538177490234,9.223731994628906,9.223731994628906,0.6596839427947998,0.8134070038795471,88.96491241455078,5071.0,9.543859481811523,544.0,0.0,0.0,1.4912279844284058,85.0,0.0,0.0,12.358599662780762,16.847440719604492,11.532085418701172,11.532085418701172,0.5024898052215576,0.7119888067245483,82.77192687988281,4718.0,15.000000953674316,855.0,0.0,0.0,2.2280702590942383,127.0,0.0,0.0,13.534099578857422,18.12836265563965,12.69883918762207,12.69883918762207,0.4239045977592468,0.6582993865013123,79.63157653808594,4539.0,18.140350341796875,1034.0,0.0,0.0,2.2280702590942383,127.0,0.0,0.0,0.5,0.2719298303127289,0.25219297409057617,0.2399122714996338,0.23596492409706116
9,0.19543124948866056,10.36654281616211,14.758768081665039,9.675564765930176,9.675564765930176,0.6179620027542114,0.788139820098877,87.21052551269531,19884.0,11.25,2565.0,0.0,0.0,1.5394736528396606,351.0,0.0,0.0,5.283934116363525,7.472113132476807,4.893934726715088,4.893934726715088,0.9019447565078735,0.9501983523368835,98.7368392944336,5628.0,1.1578947305679321,66.0,0.0,0.0,0.10526315122842789,6.0,0.0,0.0,10.021136283874512,13.976729393005371,9.278413772583008,9.278413772583008,0.6574233770370483,0.8122546076774597,88.66666412353516,5054.0,9.754385948181152,556.0,0.0,0.0,1.5789473056793213,90.0,0.0,0.0,12.494853019714355,16.9510498046875,11.677675247192383,11.677675247192383,0.49635183811187744,0.7081460356712341,82.1754379272461,4684.0,15.578948020935059,888.0,0.0,0.0,2.2456140518188477,128.0,0.0,0.0,13.666244506835938,18.241859436035156,12.852234840393066,12.852234840393066,0.4166684150695801,0.6531033515930176,79.26315307617188,4518.0,18.508771896362305,1055.0,0.0,0.0,2.2280702590942383,127.0,0.0,0.0,0.5714285714285714,0.2631579041481018,0.2477443516254425,0.2432330846786499,0.24586467444896698
10,0.18967211769353204,10.484155654907227,14.891985893249512,9.813138008117676,9.813138008117676,0.6110340356826782,0.7835034132003784,86.85964965820312,19804.0,11.543859481811523,2632.0,0.0,0.0,1.5964912176132202,364.0,0.0,0.0,5.331691265106201,7.5161848068237305,4.947017669677734,4.947017669677734,0.9007846713066101,0.9497159719467163,98.68421173095703,5625.0,1.1578947305679321,66.0,0.0,0.0,0.15789474546909332,9.0,0.0,0.0,10.138383865356445,14.09096622467041,9.411772727966309,9.411772727966309,0.6518005132675171,0.8087930083274841,88.14035034179688,5024.0,10.105263710021973,576.0,0.0,0.0,1.7543859481811523,100.0,0.0,0.0,12.659777641296387,17.120943069458008,11.868842124938965,11.868842124938965,0.48620545864105225,0.7001078128814697,81.57894897460938,4650.0,16.175437927246094,922.0,0.0,0.0,2.2456140518188477,128.0,0.0,0.0,13.80676555633545,18.409507751464844,13.024923324584961,13.024923324584961,0.40589725971221924,0.6426670551300049,79.03508758544922,4505.0,18.73684310913086,1068.0,0.0,0.0,2.2280702590942383,127.0,0.0,0.0,0.6428571428571429,0.25438597798347473,0.24329572916030884,0.24655388295650482,0.2557644248008728
11,0.18406211000026784,10.668318748474121,15.075387954711914,10.010213851928711,10.010213851928711,0.6013944745063782,0.7771426439285278,86.41227722167969,19702.0,11.978070259094238,2731.0,0.0,0.0,1.6096491813659668,367.0,0.0,0.0,5.385305881500244,7.5668158531188965,4.997330188751221,4.997330188751221,0.8994434475898743,0.949077308177948,98.64912414550781,5623.0,1.1578947305679321,66.0,0.0,0.0,0.19298246502876282,11.0,0.0,0.0,10.281986236572266,14.218905448913574,9.558710098266602,9.558710098266602,0.6454488039016724,0.804803729057312,87.80701446533203,5005.0,10.421052932739258,594.0,0.0,0.0,1.7719298601150513,101.0,0.0,0.0,12.916398048400879,17.353979110717773,12.148421287536621,12.148421287536621,0.4721236228942871,0.6894842386245728,81.03508758544922,4619.0,16.719297409057617,953.0,0.0,0.0,2.2456140518188477,128.0,0.0,0.0,14.089584350585938,18.66748046875,13.336393356323242,13.336393356323242,0.38913023471832275,0.628280758857727,78.15789794921875,4455.0,19.61403465270996,1118.0,0.0,0.0,2.2280702590942383,127.0,0.0,0.0,0.7142857142857143,0.24561403691768646,0.23884710669517517,0.24987469613552094,0.26566416025161743
12,0.17832908622167196,10.981290817260742,15.397557258605957,10.31731128692627,10.31731128692627,0.5841755867004395,0.765700101852417,85.72807312011719,19546.0,12.635965347290039,2881.0,0.0,0.0,1.6359649896621704,373.0,0.0,0.0,5.474409580230713,7.6580986976623535,5.08518123626709,5.08518123626709,0.8970026969909668,0.9478422403335571,98.66667175292969,5624.0,1.1052632331848145,63.0,0.0,0.0,0.22807016968727112,13.0,0.0,0.0,10.5404691696167,14.465030670166016,9.809980392456055,9.809980392456055,0.6330682039260864,0.797164797782898,87.1754379272461,4969.0,11.035087585449219,629.0,0.0,0.0,1.7894737720489502,102.0,0.0,0.0,13.343750953674316,17.742908477783203,12.571056365966797,12.571056365966797,0.4481974244117737,0.6713663339614868,80.26315307617188,4575.0,17.456140518188477,995.0,0.0,0.0,2.2807016372680664,130.0,0.0,0.0,14.566532135009766,19.12183380126953,13.80302619934082,13.80302619934082,0.35903191566467285,0.6019580960273743,76.80701446533203,4378.0,20.947368621826172,1194.0,0.0,0.0,2.2456140518188477,128.0,0.0,0.0,0.7857142857142857,0.23684212565422058,0.2343984991312027,0.25319552421569824,0.27556392550468445
13,0.1698034932432608,11.139815330505371,15.610644340515137,10.479547500610352,10.479547500610352,0.5725867748260498,0.7576799988746643,85.0745620727539,19397.0,13.236841201782227,3018.0,0.0,0.0,1.6885963678359985,385.0,0.0,0.0,5.579198360443115,7.761353015899658,5.198795795440674,5.198795795440674,0.8942065238952637,0.9465724229812622,98.42105865478516,5610.0,1.2105262279510498,69.0,0.0,0.0,0.3684210479259491,21.0,0.0,0.0,10.698084831237793,14.637772560119629,9.975271224975586,9.975271224975586,0.6242520809173584,0.7914978861808777,86.71929931640625,4943.0,11.403508186340332,650.0,0.0,0.0,1.8771929740905762,107.0,0.0,0.0,13.51993465423584,17.973106384277344,12.749469757080078,12.749469757080078,0.4337862730026245,0.6596855521202087,79.6140365600586,4538.0,18.122806549072266,1033.0,0.0,0.0,2.263157844543457,129.0,0.0,0.0,14.762045860290527,19.422494888305664,13.994651794433594,13.994651794433594,0.3387170433998108,0.5831857919692993,75.54386138916016,4306.0,22.210525512695312,1266.0,0.0,0.0,2.2456140518188477,128.0,0.0,0.0,0.8571428571428571,0.22807016968727112,0.22994986176490784,0.25651630759239197,0.2854636609554291
14,0.1637869280898038,11.326360702514648,15.885310173034668,10.668000221252441,10.668000221252441,0.5574139356613159,0.747104823589325,84.45175170898438,19255.0,13.846490859985352,3157.0,0.0,0.0,1.7017543315887451,388.0,0.0,0.0,5.671024322509766,7.895390033721924,5.287988662719727,5.287988662719727,0.8905209302902222,0.9445903897285461,98.1754379272461,5596.0,1.4035087823867798,80.0,0.0,0.0,0.42105260491371155,24.0,0.0,0.0,10.889006614685059,14.881413459777832,10.169729232788086,10.169729232788086,0.6116394996643066,0.7828771471977234,86.15789794921875,4911.0,11.964912414550781,682.0,0.0,0.0,1.8771929740905762,107.0,0.0,0.0,13.752979278564453,18.289546966552734,12.989184379577637,12.989184379577637,0.4136728048324585,0.6440345048904419,78.8245620727539,4493.0,18.912281036376953,1078.0,0.0,0.0,2.263157844543457,129.0,0.0,0.0,14.992427825927734,19.775522232055664,14.225093841552734,14.225093841552734,0.3144593834877014,0.5628857612609863,74.64912414550781,4255.0,23.105262756347656,1317.0,0.0,0.0,2.2456140518188477,128.0,0.0,0.0,0.9285714285714286,0.21929824352264404,0.22550123929977417,0.2598370909690857,0.2953633964061737
15,0.15533207159237578,11.440494537353516,16.082548141479492,10.76968765258789,10.76968765258789,0.5463550686836243,0.7395902872085571,84.23245239257812,19205.0,14.052631378173828,3204.0,0.0,0.0,1.7149122953414917,391.0,0.0,0.0,5.7145094871521,7.9569854736328125,5.332801342010498,5.332801342010498,0.8888060450553894,0.9436226487159729,98.0,5586.0,1.5087718963623047,86.0,0.0,0.0,0.49122804403305054,28.0,0.0,0.0,11.003164291381836,15.039763450622559,10.277186393737793,10.277186393737793,0.603330671787262,0.7772157192230225,86.10526275634766,4908.0,12.035087585449219,686.0,0.0,0.0,1.8596490621566772,106.0,0.0,0.0,13.915963172912598,18.54046058654785,13.132726669311523,13.132726669311523,0.3974749445915222,0.6321911811828613,78.15789794921875,4455.0,19.578947067260742,1116.0,0.0,0.0,2.263157844543457,129.0,0.0,0.0,15.128339767456055,20.03338623046875,14.336031913757324,14.336031913757324,0.2964645028114319,0.5499950647354126,74.66666412353516,4256.0,23.087718963623047,1316.0,0.0,0.0,2.2456140518188477,128.0,0.0,0.0,1.0,0.21052631735801697,0.2210526168346405,0.2631579041481018,0.3052631616592407
step,fold5/test_loss,fold5/test_mae,fold5/test_rmse,fold5/test_mard,fold5/test_mape,fold5/test_r2,fold5/test_pearson,fold5/test_ega_zone_a_pct,fold5/test_ega_zone_a_count,fold5/test_ega_zone_b_pct,fold5/test_ega_zone_b_count,fold5/test_ega_zone_c_pct,fold5/test_ega_zone_c_count,fold5/test_ega_zone_d_pct,fold5/test_ega_zone_d_count,fold5/test_ega_zone_e_pct,fold5/test_ega_zone_e_count,fold5/test_horizon_15_mae,fold5/test_horizon_15_rmse,fold5/test_horizon_15_mard,fold5/test_horizon_15_mape,fold5/test_horizon_15_r2,fold5/test_horizon_15_pearson,fold5/test_horizon_15_ega_zone_a_pct,fold5/test_horizon_15_ega_zone_a_count,fold5/test_horizon_15_ega_zone_b_pct,fold5/test_horizon_15_ega_zone_b_count,fold5/test_horizon_15_ega_zone_c_pct,fold5/test_horizon_15_ega_zone_c_count,fold5/test_horizon_15_ega_zone_d_pct,fold5/test_horizon_15_ega_zone_d_count,fold5/test_horizon_15_ega_zone_e_pct,fold5/test_horizon_15_ega_zone_e_count,fold5/test_horizon_30_mae,fold5/test_horizon_30_rmse,fold5/test_horizon_30_mard,fold5/test_horizon_30_mape,fold5/test_horizon_30_r2,fold5/test_horizon_30_pearson,fold5/test_horizon_30_ega_zone_a_pct,fold5/test_horizon_30_ega_zone_a_count,fold5/test_horizon_30_ega_zone_b_pct,fold5/test_horizon_30_ega_zone_b_count,fold5/test_horizon_30_ega_zone_c_pct,fold5/test_horizon_30_ega_zone_c_count,fold5/test_horizon_30_ega_zone_d_pct,fold5/test_horizon_30_ega_zone_d_count,fold5/test_horizon_30_ega_zone_e_pct,fold5/test_horizon_30_ega_zone_e_count,fold5/test_horizon_45_mae,fold5/test_horizon_45_rmse,fold5/test_horizon_45_mard,fold5/test_horizon_45_mape,fold5/test_horizon_45_r2,fold5/test_horizon_45_pearson,fold5/test_horizon_45_ega_zone_a_pct,fold5/test_horizon_45_ega_zone_a_count,fold5/test_horizon_45_ega_zone_b_pct,fold5/test_horizon_45_ega_zone_b_count,fold5/test_horizon_45_ega_zone_c_pct,fold5/test_horizon_45_ega_zone_c_count,fold5/test_horizon_45_ega_zone_d_pct,fold5/test_horizon_45_ega_zone_d_count,fold5/test_horizon_45_ega_zone_e_pct,fold5/test_horizon_45_ega_zone_e_count,fold5/test_horizon_60_mae,fold5/test_horizon_60_rmse,fold5/test_horizon_60_mard,fold5/test_horizon_60_mape,fold5/test_horizon_60_r2,fold5/test_horizon_60_pearson,fold5/test_horizon_60_ega_zone_a_pct,fold5/test_horizon_60_ega_zone_a_count,fold5/test_horizon_60_ega_zone_b_pct,fold5/test_horizon_60_ega_zone_b_count,fold5/test_horizon_60_ega_zone_c_pct,fold5/test_horizon_60_ega_zone_c_count,fold5/test_horizon_60_ega_zone_d_pct,fold5/test_horizon_60_ega_zone_d_count,fold5/test_horizon_60_ega_zone_e_pct,fold5/test_horizon_60_ega_zone_e_count
0,0.16929240407217488,7.806684970855713,11.069082260131836,7.613929271697998,7.613929271697998,0.4662012457847595,0.712439775466919,93.2968521118164,8184.0,6.691746234893799,587.0,0.0,0.0,0.011399908922612667,1.0,0.0,0.0,3.938847541809082,5.469225883483887,3.808730125427246,3.808730125427246,0.8686419725418091,0.9359314441680908,99.72640228271484,2187.0,0.2735978364944458,6.0,0.0,0.0,0.0,0.0,0.0,0.0,7.3546528816223145,10.128533363342285,7.121971130371094,7.121971130371094,0.5552338361740112,0.7656307816505432,95.8048324584961,2101.0,4.19516658782959,92.0,0.0,0.0,0.0,0.0,0.0,0.0,9.354703903198242,12.641907691955566,9.116497993469238,9.116497993469238,0.30698299407958984,0.6062420010566711,91.19927215576172,2000.0,8.800729751586914,193.0,0.0,0.0,0.0,0.0,0.0,0.0,10.57853889465332,14.063458442687988,10.408515930175781,10.408515930175781,0.1368134617805481,0.4862977862358093,86.4569091796875,1896.0,13.497492790222168,296.0,0.0,0.0,0.04559963569045067,1.0,0.0,0.0
step,fold6/train_loss,fold6/val_mae,fold6/val_rmse,fold6/val_mard,fold6/val_mape,fold6/val_r2,fold6/val_pearson,fold6/val_ega_zone_a_pct,fold6/val_ega_zone_a_count,fold6/val_ega_zone_b_pct,fold6/val_ega_zone_b_count,fold6/val_ega_zone_c_pct,fold6/val_ega_zone_c_count,fold6/val_ega_zone_d_pct,fold6/val_ega_zone_d_count,fold6/val_ega_zone_e_pct,fold6/val_ega_zone_e_count,fold6/val_horizon_15_mae,fold6/val_horizon_15_rmse,fold6/val_horizon_15_mard,fold6/val_horizon_15_mape,fold6/val_horizon_15_r2,fold6/val_horizon_15_pearson,fold6/val_horizon_15_ega_zone_a_pct,fold6/val_horizon_15_ega_zone_a_count,fold6/val_horizon_15_ega_zone_b_pct,fold6/val_horizon_15_ega_zone_b_count,fold6/val_horizon_15_ega_zone_c_pct,fold6/val_horizon_15_ega_zone_c_count,fold6/val_horizon_15_ega_zone_d_pct,fold6/val_horizon_15_ega_zone_d_count,fold6/val_horizon_15_ega_zone_e_pct,fold6/val_horizon_15_ega_zone_e_count,fold6/val_horizon_30_mae,fold6/val_horizon_30_rmse,fold6/val_horizon_30_mard,fold6/val_horizon_30_mape,fold6/val_horizon_30_r2,fold6/val_horizon_30_pearson,fold6/val_horizon_30_ega_zone_a_pct,fold6/val_horizon_30_ega_zone_a_count,fold6/val_horizon_30_ega_zone_b_pct,fold6/val_horizon_30_ega_zone_b_count,fold6/val_horizon_30_ega_zone_c_pct,fold6/val_horizon_30_ega_zone_c_count,fold6/val_horizon_30_ega_zone_d_pct,fold6/val_horizon_30_ega_zone_d_count,fold6/val_horizon_30_ega_zone_e_pct,fold6/val_horizon_30_ega_zone_e_count,fold6/val_horizon_45_mae,fold6/val_horizon_45_rmse,fold6/val_horizon_45_mard,fold6/val_horizon_45_mape,fold6/val_horizon_45_r2,fold6/val_horizon_45_pearson,fold6/val_horizon_45_ega_zone_a_pct,fold6/val_horizon_45_ega_zone_a_count,fold6/val_horizon_45_ega_zone_b_pct,fold6/val_horizon_45_ega_zone_b_count,fold6/val_horizon_45_ega_zone_c_pct,fold6/val_horizon_45_ega_zone_c_count,fold6/val_horizon_45_ega_zone_d_pct,fold6/val_horizon_45_ega_zone_d_count,fold6/val_horizon_45_ega_zone_e_pct,fold6/val_horizon_45_ega_zone_e_count,fold6/val_horizon_60_mae,fold6/val_horizon_60_rmse,fold6/val_horizon_60_mard,fold6/val_horizon_60_mape,fold6/val_horizon_60_r2,fold6/val_horizon_60_pearson,fold6/val_horizon_60_ega_zone_a_pct,fold6/val_horizon_60_ega_zone_a_count,fold6/val_horizon_60_ega_zone_b_pct,fold6/val_horizon_60_ega_zone_b_count,fold6/val_horizon_60_ega_zone_c_pct,fold6/val_horizon_60_ega_zone_c_count,fold6/val_horizon_60_ega_zone_d_pct,fold6/val_horizon_60_ega_zone_d_count,fold6/val_horizon_60_ega_zone_e_pct,fold6/val_horizon_60_ega_zone_e_count,fold6/diag_horizon_curriculum_progress,fold6/diag_loss_horizon_weight_0,fold6/diag_loss_horizon_weight_1,fold6/diag_loss_horizon_weight_2,fold6/diag_loss_horizon_weight_3
1,0.35042419273383724,18.16004753112793,23.49190330505371,18.806142807006836,18.806142807006836,0.09898179769515991,0.5808976292610168,63.541053771972656,12970.0,33.38232421875,6814.0,0.0,0.0,3.0766215324401855,628.0,0.0,0.0,15.601923942565918,20.136171340942383,16.118423461914062,16.118423461914062,0.34200894832611084,0.8101294636726379,70.31158447265625,3588.0,26.61179542541504,1358.0,0.0,0.0,3.0766215324401855,157.0,0.0,0.0,18.462839126586914,23.708925247192383,19.14934539794922,19.14934539794922,0.08331167697906494,0.5896545052528381,62.74740219116211,3202.0,34.17597579956055,1744.0,0.0,0.0,3.0766215324401855,157.0,0.0,0.0,18.714487075805664,24.218402862548828,19.332725524902344,19.332725524902344,0.0398593544960022,0.4924827218055725,62.296688079833984,3179.0,34.62668991088867,1767.0,0.0,0.0,3.0766215324401855,157.0,0.0,0.0,19.86094856262207,25.56106948852539,20.62407875061035,20.62407875061035,-0.07168161869049072,0.36247655749320984,58.80854034423828,3001.0,38.11483383178711,1945.0,0.0,0.0,3.0766215324401855,157.0,0.0,0.0,0.0,0.3333333432674408,0.28333333134651184,0.21666665375232697,0.1666666716337204
2,0.24908190262915683,12.982487678527832,19.143028259277344,12.91671085357666,12.91671085357666,0.40170079469680786,0.6558099389076233,80.12443542480469,16355.0,17.14677619934082,3500.0,0.0,0.0,2.7287869453430176,557.0,0.0,0.0,8.363018989562988,12.037973403930664,8.286870956420898,8.286870956420898,0.7648348808288574,0.8903498649597168,92.04389190673828,4697.0,6.270821571350098,320.0,0.0,0.0,1.6852831840515137,86.0,0.0,0.0,12.670327186584473,18.364110946655273,12.53989028930664,12.53989028930664,0.450031578540802,0.6926791071891785,80.87399291992188,4127.0,16.049381256103516,819.0,0.0,0.0,3.0766215324401855,157.0,0.0,0.0,14.66513442993164,21.17997932434082,14.574478149414062,14.574478149414062,0.26566386222839355,0.544009804725647,75.46540832519531,3851.0,21.457965850830078,1095.0,0.0,0.0,3.0766215324401855,157.0,0.0,0.0,16.231464385986328,23.13173484802246,16.265600204467773,16.265600204467773,0.12234431505203247,0.4070475101470947,72.11444091796875,3680.0,24.808935165405273,1266.0,0.0,0.0,3.0766215324401855,157.0,0.0,0.0,0.07142857142857142,0.3245614171028137,0.2788847088813782,0.21998745203018188,0.17656642198562622
3,0.2267670636411619,11.422696113586426,17.983478546142578,11.088963508605957,11.088963508605957,0.4719870686531067,0.6910073757171631,83.81343841552734,17108.0,13.913384437561035,2840.0,0.0,0.0,2.273172616958618,464.0,0.0,0.0,6.297149181365967,9.506237030029297,6.078548908233643,6.078548908233643,0.8533495664596558,0.9276041984558105,95.90436553955078,4894.0,3.252988338470459,166.0,0.0,0.0,0.8426415920257568,43.0,0.0,0.0,10.945080757141113,16.720705032348633,10.565886497497559,10.565886497497559,0.5440605878829956,0.7421194911003113,85.18518829345703,4347.0,12.659220695495605,646.0,0.0,0.0,2.155594825744629,110.0,0.0,0.0,13.425982475280762,20.404483795166016,13.020317077636719,13.020317077636719,0.31845414638519287,0.5701689720153809,78.91436004638672,4027.0,18.06780433654785,922.0,0.0,0.0,3.0178327560424805,154.0,0.0,0.0,15.022578239440918,22.523954391479492,14.6911039352417,14.6911039352417,0.16785883903503418,0.42905306816101074,75.24984741210938,3840.0,21.673526763916016,1106.0,0.0,0.0,3.0766215324401855,157.0,0.0,0.0,0.14285714285714285,0.31578949093818665,0.2744360864162445,0.223308265209198,0.18646617233753204
4,0.21542736229116088,11.006072998046875,17.699947357177734,10.601459503173828,10.601459503173828,0.48850536346435547,0.700474739074707,84.9206314086914,17334.0,13.109935760498047,2676.0,0.0,0.0,1.969429612159729,402.0,0.0,0.0,5.622902870178223,8.55134391784668,5.383599281311035,5.383599281311035,0.8813316226005554,0.940568208694458,97.21732330322266,4961.0,2.292768955230713,117.0,0.0,0.0,0.4899078905582428,25.0,0.0,0.0,10.476785659790039,16.195451736450195,10.030105590820312,10.030105590820312,0.5722559094429016,0.7582862973213196,86.55693054199219,4417.0,11.601018905639648,592.0,0.0,0.0,1.8420536518096924,94.0,0.0,0.0,13.174818992614746,20.281068801879883,12.67512035369873,12.67512035369873,0.3266737461090088,0.5750505328178406,80.1097412109375,4088.0,17.362335205078125,886.0,0.0,0.0,2.5279247760772705,129.0,0.0,0.0,14.749777793884277,22.503612518310547,14.317017555236816,14.317017555236816,0.1693611741065979,0.42971670627593994,75.79854583740234,3868.0,21.183616638183594,1081.0,0.0,0.0,3.0178327560424805,154.0,0.0,0.0,0.21428571428571427,0.30701756477355957,0.26998746395111084,0.22662906348705292,0.19636592268943787
5,0.21000142661640472,10.873724937438965,17.613100051879883,10.450211524963379,10.450211524963379,0.49351245164871216,0.7037183046340942,85.13619232177734,17378.0,13.011953353881836,2656.0,0.0,0.0,1.8518518209457397,378.0,0.0,0.0,5.353795051574707,8.109373092651367,5.116999626159668,5.116999626159668,0.8932812809944153,0.9464951753616333,97.80521392822266,4991.0,1.8420536518096924,94.0,0.0,0.0,0.35273367166519165,18.0,0.0,0.0,10.30205249786377,15.94791030883789,9.844954490661621,9.844954490661621,0.5852317810058594,0.7663785815238953,87.00764465332031,4440.0,11.267881393432617,575.0,0.0,0.0,1.7244758605957031,88.0,0.0,0.0,13.116127014160156,20.26531982421875,12.590681076049805,12.590681076049805,0.32771915197372437,0.5759701132774353,80.28610229492188,4097.0,17.362335205078125,886.0,0.0,0.0,2.351557731628418,120.0,0.0,0.0,14.722928047180176,22.585487365722656,14.248214721679688,14.248214721679688,0.16330599784851074,0.42567938566207886,75.44581604003906,3850.0,21.575542449951172,1101.0,0.0,0.0,2.978640079498291,152.0,0.0,0.0,0.2857142857142857,0.2982456088066101,0.2655388414859772,0.22994986176490784,0.2062656730413437
6,0.20539974070330652,10.868614196777344,17.628625869750977,10.421733856201172,10.421733856201172,0.4926191568374634,0.7030269503593445,85.1753921508789,17386.0,13.080540657043457,2670.0,0.0,0.0,1.7440721988677979,356.0,0.0,0.0,5.206745624542236,7.852932453155518,4.969217300415039,4.969217300415039,0.8999240398406982,0.9497607350349426,97.96198272705078,4999.0,1.7440721988677979,89.0,0.0,0.0,0.29394471645355225,15.0,0.0,0.0,10.267998695373535,15.855265617370605,9.80138111114502,9.80138111114502,0.5900367498397827,0.7694360613822937,86.98804473876953,4439.0,11.307074546813965,577.0,0.0,0.0,1.7048795223236084,87.0,0.0,0.0,13.17913818359375,20.352771759033203,12.616448402404785,12.616448402404785,0.32190436124801636,0.5715492367744446,80.2273178100586,4094.0,17.577896118164062,897.0,0.0,0.0,2.1947872638702393,112.0,0.0,0.0,14.820578575134277,22.710800170898438,14.299888610839844,14.299888610839844,0.15399551391601562,0.4196065664291382,75.52420043945312,3854.0,21.69312286376953,1107.0,0.0,0.0,2.782676935195923,142.0,0.0,0.0,0.35714285714285715,0.28947368264198303,0.2610902190208435,0.23327067494392395,0.2161654233932495
7,0.20186045777511485,10.919368743896484,17.74981689453125,10.455029487609863,10.455029487609863,0.4856189489364624,0.698017418384552,84.84224700927734,17318.0,13.44797134399414,2745.0,0.0,0.0,1.7097785472869873,349.0,0.0,0.0,5.184438228607178,7.797763347625732,4.948715686798096,4.948715686798096,0.9013252258300781,0.9506382346153259,98.00117492675781,5001.0,1.7048795223236084,87.0,0.0,0.0,0.29394471645355225,15.0,0.0,0.0,10.290950775146484,15.899552345275879,9.810690879821777,9.810690879821777,0.5877432823181152,0.7678735852241516,86.8312759399414,4431.0,11.463844299316406,585.0,0.0,0.0,1.7048795223236084,87.0,0.0,0.0,13.266938209533691,20.51692008972168,12.680607795715332,12.680607795715332,0.3109223246574402,0.5628637671470642,79.5218505859375,4058.0,18.302959442138672,934.0,0.0,0.0,2.1751909255981445,111.0,0.0,0.0,14.935148239135742,22.927696228027344,14.38010025024414,14.38010025024414,0.13775914907455444,0.40708380937576294,75.01470184326172,3828.0,22.32020378112793,1139.0,0.0,0.0,2.6650989055633545,136.0,0.0,0.0,0.42857142857142855,0.28070175647735596,0.25664159655570984,0.23659147322177887,0.22606515884399414
8,0.19816854293780845,11.078720092773438,17.93960189819336,10.602705955505371,10.602705955505371,0.4745604991912842,0.6908798813819885,84.37683868408203,17223.0,13.928081512451172,2843.0,0.0,0.0,1.695081353187561,346.0,0.0,0.0,5.202751636505127,7.77671480178833,4.965724945068359,4.965724945068359,0.9018571972846985,0.9508311152458191,98.04036712646484,5003.0,1.6852831840515137,86.0,0.0,0.0,0.2743484079837799,14.0,0.0,0.0,10.422490119934082,16.04174041748047,9.9297513961792,9.9297513961792,0.5803367495536804,0.7626922726631165,86.3609619140625,4407.0,11.914560317993164,608.0,0.0,0.0,1.7244758605957031,88.0,0.0,0.0,13.485404014587402,20.76445960998535,12.884679794311523,12.884679794311523,0.29419445991516113,0.5518146753311157,78.71839904785156,4017.0,19.086811065673828,974.0,0.0,0.0,2.1947872638702393,112.0,0.0,0.0,15.204236030578613,23.2021484375,14.630669593811035,14.630669593811035,0.11699295043945312,0.39538562297821045,74.38761901855469,3796.0,23.025671005249023,1175.0,0.0,0.0,2.5867135524749756,132.0,0.0,0.0,0.5,0.2719298303127289,0.25219297409057617,0.2399122714996338,0.23596492409706116
9,0.19370300471840857,11.246654510498047,18.222171783447266,10.776761054992676,10.776761054992676,0.4578774571418762,0.6805472373962402,83.9996109008789,17146.0,14.256319046020508,2910.0,0.0,0.0,1.7440721988677979,356.0,0.0,0.0,5.2434821128845215,7.802246570587158,5.015214443206787,5.015214443206787,0.901211678981781,0.9503768086433411,98.00117492675781,5001.0,1.7244758605957031,88.0,0.0,0.0,0.2743484079837799,14.0,0.0,0.0,10.557682037353516,16.221630096435547,10.07843017578125,10.07843017578125,0.5708719491958618,0.7564693689346313,85.91024780273438,4384.0,12.286890029907227,627.0,0.0,0.0,1.8028610944747925,92.0,0.0,0.0,13.713688850402832,21.123823165893555,13.123209953308105,13.123209953308105,0.26955270767211914,0.535728394985199,78.30687713623047,3996.0,19.41994857788086,991.0,0.0,0.0,2.273172616958618,116.0,0.0,0.0,15.471766471862793,23.621139526367188,14.890185356140137,14.890185356140137,0.08481377363204956,0.3771117031574249,73.7801284790039,3765.0,23.593963623046875,1204.0,0.0,0.0,2.625906229019165,134.0,0.0,0.0,0.5714285714285714,0.2631579041481018,0.2477443516254425,0.2432330846786499,0.24586467444896698
10,0.18819317995931822,11.506866455078125,18.53874969482422,11.025480270385742,11.025480270385742,0.4388769268989563,0.6681901216506958,83.47050476074219,17038.0,14.790318489074707,3019.0,0.0,0.0,1.7391730546951294,355.0,0.0,0.0,5.321920871734619,7.876071929931641,5.09777307510376,5.09777307510376,0.8993333578109741,0.9495347142219543,98.05996704101562,5004.0,1.7048795223236084,87.0,0.0,0.0,0.23515579104423523,12.0,0.0,0.0,10.806541442871094,16.476640701293945,10.322537422180176,10.322537422180176,0.5572737455368042,0.7475892901420593,85.14598846435547,4345.0,13.011953353881836,664.0,0.0,0.0,1.8420536518096924,94.0,0.0,0.0,14.069701194763184,21.55514144897461,13.459054946899414,13.459054946899414,0.2394188642501831,0.5144476294517517,77.52302551269531,3956.0,20.184206008911133,1030.0,0.0,0.0,2.292768955230713,117.0,0.0,0.0,15.829300880432129,24.01259994506836,15.222557067871094,15.222557067871094,0.05422872304916382,0.3566107749938965,73.15304565429688,3733.0,24.260238647460938,1238.0,0.0,0.0,2.5867135524749756,132.0,0.0,0.0,0.6428571428571429,0.25438597798347473,0.24329572916030884,0.24655388295650482,0.2557644248008728
11,0.1832539860785252,11.795022010803223,18.923669815063477,11.311786651611328,11.311786651611328,0.41533392667770386,0.6540235280990601,82.7503433227539,16891.0,15.48598861694336,3161.0,0.0,0.0,1.763668417930603,360.0,0.0,0.0,5.44525671005249,8.038528442382812,5.2153849601745605,5.2153849601745605,0.8951377272605896,0.9473063945770264,98.00117492675781,5001.0,1.763668417930603,90.0,0.0,0.0,0.23515579104423523,12.0,0.0,0.0,11.101814270019531,16.850309371948242,10.615612030029297,10.615612030029297,0.5369651317596436,0.734681248664856,84.3817367553711,4306.0,13.756613731384277,702.0,0.0,0.0,1.861649990081787,95.0,0.0,0.0,14.455678939819336,22.06194305419922,13.841997146606445,13.841997146606445,0.20323288440704346,0.49191388487815857,76.62159729003906,3910.0,20.968059539794922,1070.0,0.0,0.0,2.410346746444702,123.0,0.0,0.0,16.17733383178711,24.436466217041016,15.574152946472168,15.574152946472168,0.020544826984405518,0.34094247221946716,71.99686431884766,3674.0,25.45561408996582,1299.0,0.0,0.0,2.5475211143493652,130.0,0.0,0.0,0.7142857142857143,0.24561403691768646,0.23884710669517517,0.24987469613552094,0.26566416025161743
12,0.1767504362056038,12.01449966430664,19.279926300048828,11.511938095092773,11.511938095092773,0.3931128978729248,0.6401236057281494,82.16735076904297,16772.0,16.03958511352539,3274.0,0.0,0.0,1.7930629253387451,366.0,0.0,0.0,5.537470817565918,8.194480895996094,5.304178714752197,5.304178714752197,0.8910294771194458,0.9452131986618042,97.84440612792969,4993.0,1.8812463283538818,96.0,0.0,0.0,0.2743484079837799,14.0,0.0,0.0,11.32318115234375,17.212244033813477,10.823227882385254,10.823227882385254,0.5168601274490356,0.7214694023132324,83.61747741699219,4267.0,14.442483901977539,737.0,0.0,0.0,1.9400352239608765,99.0,0.0,0.0,14.743034362792969,22.506671905517578,14.10942268371582,14.10942268371582,0.17078644037246704,0.4715510606765747,75.62218475341797,3859.0,21.967470169067383,1121.0,0.0,0.0,2.410346746444702,123.0,0.0,0.0,16.454315185546875,24.837493896484375,15.810920715332031,15.810920715332031,-0.01186668872833252,0.3242054879665375,71.58534240722656,3653.0,25.867137908935547,1320.0,0.0,0.0,2.5475211143493652,130.0,0.0,0.0,0.7857142857142857,0.23684212565422058,0.2343984991312027,0.25319552421569824,0.27556392550468445
13,0.1708473543182565,12.293732643127441,19.636194229125977,11.799824714660645,11.799824714660645,0.37047672271728516,0.6279264092445374,81.67254638671875,16671.0,16.534391403198242,3375.0,0.0,0.0,1.7881637811660767,365.0,0.004899078980088234,1.0,5.654834270477295,8.333043098449707,5.423010349273682,5.423010349273682,0.8873130679130554,0.9432267546653748,97.70722961425781,4986.0,1.979227900505066,101.0,0.0,0.0,0.313541054725647,16.0,0.0,0.0,11.59250259399414,17.573049545288086,11.093935012817383,11.093935012817383,0.49639254808425903,0.7090504169464111,82.85322570800781,4228.0,15.245933532714844,778.0,0.0,0.0,1.900842547416687,97.0,0.0,0.0,15.098689079284668,22.980224609375,14.476778984069824,14.476778984069824,0.13552510738372803,0.45377370715141296,75.42622375488281,3849.0,22.143836975097656,1130.0,0.0,0.0,2.429943084716797,124.0,0.0,0.0,16.82890510559082,25.21860694885254,16.205575942993164,16.205575942993164,-0.04315757751464844,0.31366947293281555,70.70350646972656,3608.0,26.76856803894043,1366.0,0.0,0.0,2.508328437805176,128.0,0.019596315920352936,1.0,0.8571428571428571,0.22807016968727112,0.22994986176490784,0.25651630759239197,0.2854636609554291
step,fold6/test_loss,fold6/test_mae,fold6/test_rmse,fold6/test_mard,fold6/test_mape,fold6/test_r2,fold6/test_pearson,fold6/test_ega_zone_a_pct,fold6/test_ega_zone_a_count,fold6/test_ega_zone_b_pct,fold6/test_ega_zone_b_count,fold6/test_ega_zone_c_pct,fold6/test_ega_zone_c_count,fold6/test_ega_zone_d_pct,fold6/test_ega_zone_d_count,fold6/test_ega_zone_e_pct,fold6/test_ega_zone_e_count,fold6/test_horizon_15_mae,fold6/test_horizon_15_rmse,fold6/test_horizon_15_mard,fold6/test_horizon_15_mape,fold6/test_horizon_15_r2,fold6/test_horizon_15_pearson,fold6/test_horizon_15_ega_zone_a_pct,fold6/test_horizon_15_ega_zone_a_count,fold6/test_horizon_15_ega_zone_b_pct,fold6/test_horizon_15_ega_zone_b_count,fold6/test_horizon_15_ega_zone_c_pct,fold6/test_horizon_15_ega_zone_c_count,fold6/test_horizon_15_ega_zone_d_pct,fold6/test_horizon_15_ega_zone_d_count,fold6/test_horizon_15_ega_zone_e_pct,fold6/test_horizon_15_ega_zone_e_count,fold6/test_horizon_30_mae,fold6/test_horizon_30_rmse,fold6/test_horizon_30_mard,fold6/test_horizon_30_mape,fold6/test_horizon_30_r2,fold6/test_horizon_30_pearson,fold6/test_horizon_30_ega_zone_a_pct,fold6/test_horizon_30_ega_zone_a_count,fold6/test_horizon_30_ega_zone_b_pct,fold6/test_horizon_30_ega_zone_b_count,fold6/test_horizon_30_ega_zone_c_pct,fold6/test_horizon_30_ega_zone_c_count,fold6/test_horizon_30_ega_zone_d_pct,fold6/test_horizon_30_ega_zone_d_count,fold6/test_horizon_30_ega_zone_e_pct,fold6/test_horizon_30_ega_zone_e_count,fold6/test_horizon_45_mae,fold6/test_horizon_45_rmse,fold6/test_horizon_45_mard,fold6/test_horizon_45_mape,fold6/test_horizon_45_r2,fold6/test_horizon_45_pearson,fold6/test_horizon_45_ega_zone_a_pct,fold6/test_horizon_45_ega_zone_a_count,fold6/test_horizon_45_ega_zone_b_pct,fold6/test_horizon_45_ega_zone_b_count,fold6/test_horizon_45_ega_zone_c_pct,fold6/test_horizon_45_ega_zone_c_count,fold6/test_horizon_45_ega_zone_d_pct,fold6/test_horizon_45_ega_zone_d_count,fold6/test_horizon_45_ega_zone_e_pct,fold6/test_horizon_45_ega_zone_e_count,fold6/test_horizon_60_mae,fold6/test_horizon_60_rmse,fold6/test_horizon_60_mard,fold6/test_horizon_60_mape,fold6/test_horizon_60_r2,fold6/test_horizon_60_pearson,fold6/test_horizon_60_ega_zone_a_pct,fold6/test_horizon_60_ega_zone_a_count,fold6/test_horizon_60_ega_zone_b_pct,fold6/test_horizon_60_ega_zone_b_count,fold6/test_horizon_60_ega_zone_c_pct,fold6/test_horizon_60_ega_zone_c_count,fold6/test_horizon_60_ega_zone_d_pct,fold6/test_horizon_60_ega_zone_d_count,fold6/test_horizon_60_ega_zone_e_pct,fold6/test_horizon_60_ega_zone_e_count
0,0.35341260388690254,11.822532653808594,18.208200454711914,9.03824234008789,9.03824234008789,0.4967767000198364,0.7221918702125549,88.89439392089844,5387.0,11.105610847473145,673.0,0.0,0.0,0.0,0.0,0.0,0.0,5.405831336975098,7.69728946685791,4.281424522399902,4.281424522399902,0.910281240940094,0.9614105820655823,99.14191436767578,1502.0,0.8580858111381531,13.0,0.0,0.0,0.0,0.0,0.0,0.0,11.229604721069336,16.196550369262695,8.662534713745117,8.662534713745117,0.6020623445510864,0.8037025928497314,91.74917602539062,1390.0,8.250824928283691,125.0,0.0,0.0,0.0,0.0,0.0,0.0,14.446532249450684,21.083393096923828,10.956864356994629,10.956864356994629,0.32475459575653076,0.604419469833374,84.35643005371094,1278.0,15.643564224243164,237.0,0.0,0.0,0.0,0.0,0.0,0.0,16.208162307739258,23.665760040283203,12.252144813537598,12.252144813537598,0.14809346199035645,0.4219211935997009,80.33003234863281,1217.0,19.669965744018555,298.0,0.0,0.0,0.0,0.0,0.0,0.0
step,fold7/train_loss,fold7/val_mae,fold7/val_rmse,fold7/val_mard,fold7/val_mape,fold7/val_r2,fold7/val_pearson,fold7/val_ega_zone_a_pct,fold7/val_ega_zone_a_count,fold7/val_ega_zone_b_pct,fold7/val_ega_zone_b_count,fold7/val_ega_zone_c_pct,fold7/val_ega_zone_c_count,fold7/val_ega_zone_d_pct,fold7/val_ega_zone_d_count,fold7/val_ega_zone_e_pct,fold7/val_ega_zone_e_count,fold7/val_horizon_15_mae,fold7/val_horizon_15_rmse,fold7/val_horizon_15_mard,fold7/val_horizon_15_mape,fold7/val_horizon_15_r2,fold7/val_horizon_15_pearson,fold7/val_horizon_15_ega_zone_a_pct,fold7/val_horizon_15_ega_zone_a_count,fold7/val_horizon_15_ega_zone_b_pct,fold7/val_horizon_15_ega_zone_b_count,fold7/val_horizon_15_ega_zone_c_pct,fold7/val_horizon_15_ega_zone_c_count,fold7/val_horizon_15_ega_zone_d_pct,fold7/val_horizon_15_ega_zone_d_count,fold7/val_horizon_15_ega_zone_e_pct,fold7/val_horizon_15_ega_zone_e_count,fold7/val_horizon_30_mae,fold7/val_horizon_30_rmse,fold7/val_horizon_30_mard,fold7/val_horizon_30_mape,fold7/val_horizon_30_r2,fold7/val_horizon_30_pearson,fold7/val_horizon_30_ega_zone_a_pct,fold7/val_horizon_30_ega_zone_a_count,fold7/val_horizon_30_ega_zone_b_pct,fold7/val_horizon_30_ega_zone_b_count,fold7/val_horizon_30_ega_zone_c_pct,fold7/val_horizon_30_ega_zone_c_count,fold7/val_horizon_30_ega_zone_d_pct,fold7/val_horizon_30_ega_zone_d_count,fold7/val_horizon_30_ega_zone_e_pct,fold7/val_horizon_30_ega_zone_e_count,fold7/val_horizon_45_mae,fold7/val_horizon_45_rmse,fold7/val_horizon_45_mard,fold7/val_horizon_45_mape,fold7/val_horizon_45_r2,fold7/val_horizon_45_pearson,fold7/val_horizon_45_ega_zone_a_pct,fold7/val_horizon_45_ega_zone_a_count,fold7/val_horizon_45_ega_zone_b_pct,fold7/val_horizon_45_ega_zone_b_count,fold7/val_horizon_45_ega_zone_c_pct,fold7/val_horizon_45_ega_zone_c_count,fold7/val_horizon_45_ega_zone_d_pct,fold7/val_horizon_45_ega_zone_d_count,fold7/val_horizon_45_ega_zone_e_pct,fold7/val_horizon_45_ega_zone_e_count,fold7/val_horizon_60_mae,fold7/val_horizon_60_rmse,fold7/val_horizon_60_mard,fold7/val_horizon_60_mape,fold7/val_horizon_60_r2,fold7/val_horizon_60_pearson,fold7/val_horizon_60_ega_zone_a_pct,fold7/val_horizon_60_ega_zone_a_count,fold7/val_horizon_60_ega_zone_b_pct,fold7/val_horizon_60_ega_zone_b_count,fold7/val_horizon_60_ega_zone_c_pct,fold7/val_horizon_60_ega_zone_c_count,fold7/val_horizon_60_ega_zone_d_pct,fold7/val_horizon_60_ega_zone_d_count,fold7/val_horizon_60_ega_zone_e_pct,fold7/val_horizon_60_ega_zone_e_count,fold7/diag_horizon_curriculum_progress,fold7/diag_loss_horizon_weight_0,fold7/diag_loss_horizon_weight_1,fold7/diag_loss_horizon_weight_2,fold7/diag_loss_horizon_weight_3
1,0.34733746821001327,14.373696327209473,19.844261169433594,11.655601501464844,11.655601501464844,0.21895021200180054,0.6385515332221985,83.62348175048828,17581.0,15.872337341308594,3337.0,0.0,0.0,0.504185676574707,106.0,0.0,0.0,12.591978073120117,17.38096046447754,10.188337326049805,10.188337326049805,0.39990562200546265,0.8037117719650269,87.6331787109375,4606.0,11.929224014282227,627.0,0.0,0.0,0.4375951290130615,23.0,0.0,0.0,14.484053611755371,19.9608097076416,11.735021591186523,11.735021591186523,0.20979595184326172,0.6507578492164612,83.27625274658203,4377.0,16.22907257080078,853.0,0.0,0.0,0.4946727752685547,26.0,0.0,0.0,15.051939010620117,20.67221450805664,12.250707626342773,12.250707626342773,0.1531018614768982,0.5699924230575562,82.05860137939453,4313.0,17.389650344848633,914.0,0.0,0.0,0.5517503619194031,29.0,0.0,0.0,15.366814613342285,21.149625778198242,12.448338508605957,12.448338508605957,0.11337977647781372,0.5037490129470825,81.52587127685547,4285.0,17.9414005279541,943.0,0.0,0.0,0.5327244997024536,28.0,0.0,0.0,0.0,0.3333333432674408,0.28333333134651184,0.21666665375232697,0.1666666716337204
2,0.24791628439452187,11.730814933776855,16.964704513549805,9.496073722839355,9.496073722839355,0.42917710542678833,0.6794077157974243,88.38470458984375,18582.0,11.13013744354248,2340.0,0.0,0.0,0.48515981435775757,102.0,0.0,0.0,7.980884075164795,11.37630558013916,6.577423095703125,6.577423095703125,0.7429163455963135,0.8722569942474365,95.79528045654297,5035.0,3.843226671218872,202.0,0.0,0.0,0.3614916205406189,19.0,0.0,0.0,11.673543930053711,16.603517532348633,9.494208335876465,9.494208335876465,0.45325714349746704,0.6929658055305481,88.52739715576172,4653.0,10.977930068969727,577.0,0.0,0.0,0.4946727752685547,26.0,0.0,0.0,13.173880577087402,18.750892639160156,10.599081039428711,10.599081039428711,0.3032113313674927,0.5915796756744385,85.36910247802734,4487.0,14.079147338867188,740.0,0.0,0.0,0.5517503619194031,29.0,0.0,0.0,14.094953536987305,19.862316131591797,11.313583374023438,11.313583374023438,0.21802639961242676,0.5238152742385864,83.84703063964844,4407.0,15.620243072509766,821.0,0.0,0.0,0.5327244997024536,28.0,0.0,0.0,0.07142857142857142,0.3245614171028137,0.2788847088813782,0.21998745203018188,0.17656642198562622
3,0.22371749150285652,10.990418434143066,16.24627685546875,8.882360458374023,8.882360458374023,0.4765002131462097,0.7072829008102417,89.27891540527344,18770.0,10.297755241394043,2165.0,0.0,0.0,0.4233257472515106,89.0,0.0,0.0,6.501909255981445,9.295988082885742,5.394796848297119,5.394796848297119,0.8283423185348511,0.9127313494682312,97.75495147705078,5138.0,2.092846393585205,110.0,0.0,0.0,0.15220700204372406,8.0,0.0,0.0,10.85960578918457,15.626004219055176,8.85356330871582,8.85356330871582,0.5157397985458374,0.7291726469993591,89.6499252319336,4712.0,9.874429702758789,519.0,0.0,0.0,0.47564688324928284,25.0,0.0,0.0,12.791529655456543,18.382217407226562,10.260637283325195,10.260637283325195,0.33034223318099976,0.6092192530632019,85.65448760986328,4502.0,13.812785148620605,726.0,0.0,0.0,0.5327244997024536,28.0,0.0,0.0,13.808626174926758,19.67924690246582,11.0204439163208,11.0204439163208,0.23237484693527222,0.5369545817375183,84.05632019042969,4418.0,15.410958290100098,810.0,0.0,0.0,0.5327244997024536,28.0,0.0,0.0,0.14285714285714285,0.31578949093818665,0.2744360864162445,0.223308265209198,0.18646617233753204
4,0.21436506481394152,10.744203567504883,15.990766525268555,8.682717323303223,8.682717323303223,0.49283725023269653,0.7173017263412476,89.63565063476562,18845.0,9.97431468963623,2097.0,0.0,0.0,0.3900304436683655,82.0,0.0,0.0,5.92731237411499,8.467856407165527,4.9369707107543945,4.9369707107543945,0.8575642108917236,0.9274324774742126,98.32572174072266,5168.0,1.560121774673462,82.0,0.0,0.0,0.11415524780750275,6.0,0.0,0.0,10.592619895935059,15.233154296875,8.641623497009277,8.641623497009277,0.5397830009460449,0.7448068261146545,90.16362762451172,4739.0,9.455860137939453,497.0,0.0,0.0,0.38051748275756836,20.0,0.0,0.0,12.705018997192383,18.25237464904785,10.195889472961426,10.195889472961426,0.33976906538009644,0.6143300533294678,85.93988037109375,4517.0,13.527398109436035,711.0,0.0,0.0,0.5327244997024536,28.0,0.0,0.0,13.751863479614258,19.64473533630371,10.95638656616211,10.95638656616211,0.2350648045539856,0.5382994413375854,84.11339569091797,4421.0,15.353880882263184,807.0,0.0,0.0,0.5327244997024536,28.0,0.0,0.0,0.21428571428571427,0.30701756477355957,0.26998746395111084,0.22662906348705292,0.19636592268943787
5,0.20972549905651747,10.631332397460938,15.867480278015137,8.601816177368164,8.601816177368164,0.5006273984909058,0.7207346558570862,89.8306655883789,18886.0,9.793569564819336,2059.0,0.0,0.0,0.3757610321044922,79.0,0.0,0.0,5.657397270202637,8.08193302154541,4.721489429473877,4.721489429473877,0.8702514171600342,0.9338474869728088,98.64916229248047,5185.0,1.2557077407836914,66.0,0.0,0.0,0.09512937068939209,5.0,0.0,0.0,10.462969779968262,15.029061317443848,8.553770065307617,8.553770065307617,0.5520323514938354,0.7508991956710815,90.58219146728516,4761.0,9.037290573120117,475.0,0.0,0.0,0.38051748275756836,20.0,0.0,0.0,12.68538761138916,18.1889705657959,10.199316024780273,10.199316024780273,0.3443480134010315,0.6138342022895813,85.9779281616211,4519.0,13.50837230682373,710.0,0.0,0.0,0.5136986374855042,27.0,0.0,0.0,13.719573020935059,19.62342071533203,10.932685852050781,10.932685852050781,0.23672378063201904,0.5357133150100708,84.11339569091797,4421.0,15.372906684875488,808.0,0.0,0.0,0.5136986374855042,27.0,0.0,0.0,0.2857142857142857,0.2982456088066101,0.2655388414859772,0.22994986176490784,0.2062656730413437
6,0.20708666899285744,10.540823936462402,15.768035888671875,8.549600601196289,8.549600601196289,0.5068670511245728,0.7230126261711121,90.00190734863281,18922.0,9.627092361450195,2024.0,0.0,0.0,0.371004581451416,78.0,0.0,0.0,5.467365264892578,7.825699329376221,4.5730743408203125,4.5730743408203125,0.8783482313156128,0.9378339648246765,98.74429321289062,5190.0,1.1605784893035889,61.0,0.0,0.0,0.09512937068939209,5.0,0.0,0.0,10.372065544128418,14.89438533782959,8.498626708984375,8.498626708984375,0.5600248575210571,0.7547549605369568,90.8675765991211,4776.0,8.770928382873535,461.0,0.0,0.0,0.3614916205406189,19.0,0.0,0.0,12.645233154296875,18.116870880126953,10.19851016998291,10.19851016998291,0.34953564405441284,0.6139209270477295,86.35844421386719,4539.0,13.127854347229004,690.0,0.0,0.0,0.5136986374855042,27.0,0.0,0.0,13.67863655090332,19.57596778869629,10.928193092346191,10.928193092346191,0.24041086435317993,0.532909631729126,84.03729248046875,4417.0,15.449010848999023,812.0,0.0,0.0,0.5136986374855042,27.0,0.0,0.0,0.35714285714285715,0.28947368264198303,0.2610902190208435,0.23327067494392395,0.2161654233932495
7,0.2054006527868699,10.512588500976562,15.731152534484863,8.534398078918457,8.534398078918457,0.5091713666915894,0.7239839434623718,90.07324981689453,18937.0,9.560502052307129,2010.0,0.0,0.0,0.36624810099601746,77.0,0.0,0.0,5.398428916931152,7.727417469024658,4.520015716552734,4.520015716552734,0.8813846707344055,0.9393242597579956,98.89649963378906,5198.0,1.0273972749710083,54.0,0.0,0.0,0.07610350102186203,4.0,0.0,0.0,10.34858226776123,14.859946250915527,8.486605644226074,8.486605644226074,0.5620571970939636,0.7555638551712036,90.82952880859375,4774.0,8.808979988098145,463.0,0.0,0.0,0.3614916205406189,19.0,0.0,0.0,12.655046463012695,18.110469818115234,10.21993350982666,10.21993350982666,0.34999513626098633,0.6128334403038025,86.24429321289062,4533.0,13.242009162902832,696.0,0.0,0.0,0.5136986374855042,27.0,0.0,0.0,13.648297309875488,19.528350830078125,10.911035537719727,10.911035537719727,0.24410158395767212,0.535145103931427,84.32267761230469,4432.0,15.163622856140137,797.0,0.0,0.0,0.5136986374855042,27.0,0.0,0.0,0.42857142857142855,0.28070175647735596,0.25664159655570984,0.23659147322177887,0.22606515884399414
8,0.20346877753180337,10.465462684631348,15.608221054077148,8.524086952209473,8.524086952209473,0.5168125629425049,0.7275826334953308,90.12081909179688,18947.0,9.50818157196045,1999.0,0.0,0.0,0.371004581451416,78.0,0.0,0.0,5.356644630432129,7.639209747314453,4.499938011169434,4.499938011169434,0.8840771913528442,0.940583348274231,98.89649963378906,5198.0,1.0273972749710083,54.0,0.0,0.0,0.07610350102186203,4.0,0.0,0.0,10.297430992126465,14.70979118347168,8.476214408874512,8.476214408874512,0.5708630084991455,0.7598881125450134,90.96270751953125,4781.0,8.675798416137695,456.0,0.0,0.0,0.3614916205406189,19.0,0.0,0.0,12.627067565917969,18.002662658691406,10.228981018066406,10.228981018066406,0.3577107787132263,0.6165493130683899,86.28234100341797,4535.0,13.184931755065918,693.0,0.0,0.0,0.5327244997024536,28.0,0.0,0.0,13.580709457397461,19.381303787231445,10.891214370727539,10.891214370727539,0.25544244050979614,0.5405140519142151,84.34170532226562,4433.0,15.144597053527832,796.0,0.0,0.0,0.5136986374855042,27.0,0.0,0.0,0.5,0.2719298303127289,0.25219297409057617,0.2399122714996338,0.23596492409706116
9,0.20109689725826482,10.507281303405762,15.591081619262695,8.560832023620605,8.560832023620605,0.5178731679916382,0.7286291122436523,90.21118927001953,18966.0,9.41305160522461,1979.0,0.0,0.0,0.3757610321044922,79.0,0.0,0.0,5.382137775421143,7.641324520111084,4.521770477294922,4.521770477294922,0.8840129971504211,0.9406337738037109,98.89649963378906,5198.0,1.0273972749710083,54.0,0.0,0.0,0.07610350102186203,4.0,0.0,0.0,10.340811729431152,14.68559455871582,8.512934684753418,8.512934684753418,0.5722736120223999,0.7611556053161621,91.0578384399414,4786.0,8.561643600463867,450.0,0.0,0.0,0.38051748275756836,20.0,0.0,0.0,12.681379318237305,17.991735458374023,10.274415969848633,10.274415969848633,0.3584901690483093,0.6177643537521362,86.35844421386719,4539.0,13.1088285446167,689.0,0.0,0.0,0.5327244997024536,28.0,0.0,0.0,13.624797821044922,19.353761672973633,10.934205055236816,10.934205055236816,0.2575570344924927,0.5424360036849976,84.5319595336914,4443.0,14.954337120056152,786.0,0.0,0.0,0.5136986374855042,27.0,0.0,0.0,0.5714285714285714,0.2631579041481018,0.2477443516254425,0.2432330846786499,0.24586467444896698
10,0.1980428080098597,10.590209007263184,15.605517387390137,8.641924858093262,8.641924858093262,0.5169799327850342,0.7277150750160217,90.10179138183594,18943.0,9.517694473266602,2001.0,0.0,0.0,0.38051748275756836,80.0,0.0,0.0,5.4187188148498535,7.664007186889648,4.553565979003906,4.553565979003906,0.8833233714103699,0.9403102993965149,98.87747192382812,5197.0,1.0464231967926025,55.0,0.0,0.0,0.07610350102186203,4.0,0.0,0.0,10.404871940612793,14.674144744873047,8.575919151306152,8.575919151306152,0.5729403495788574,0.7614843845367432,90.94367980957031,4780.0,8.675798416137695,456.0,0.0,0.0,0.38051748275756836,20.0,0.0,0.0,12.778434753417969,17.987682342529297,10.376246452331543,10.376246452331543,0.35877925157546997,0.616726815700531,86.32039642333984,4537.0,13.146880149841309,691.0,0.0,0.0,0.5327244997024536,28.0,0.0,0.0,13.75881290435791,19.40372085571289,11.061971664428711,11.061971664428711,0.25371915102005005,0.5380262732505798,84.2656021118164,4429.0,15.201674461364746,799.0,0.0,0.0,0.5327244997024536,28.0,0.0,0.0,0.6428571428571429,0.25438597798347473,0.24329572916030884,0.24655388295650482,0.2557644248008728
11,0.19316471680216107,10.688241004943848,15.626981735229492,8.760504722595215,8.760504722595215,0.5156502723693848,0.7247228026390076,90.03995513916016,18930.0,9.570014953613281,2012.0,0.0,0.0,0.3900304436683655,82.0,0.0,0.0,5.455763339996338,7.702527046203613,4.592065334320068,4.592065334320068,0.8821475505828857,0.939540684223175,98.85844421386719,5196.0,1.0654489994049072,56.0,0.0,0.0,0.07610350102186203,4.0,0.0,0.0,10.477993965148926,14.679974555969238,8.662022590637207,8.662022590637207,0.5726009607315063,0.7600694298744202,91.00076293945312,4783.0,8.599695205688477,452.0,0.0,0.0,0.3995434045791626,21.0,0.0,0.0,12.904690742492676,18.008577346801758,10.53115177154541,10.53115177154541,0.357288658618927,0.6115478873252869,86.1111068725586,4526.0,13.337138175964355,701.0,0.0,0.0,0.5517503619194031,29.0,0.0,0.0,13.914517402648926,19.43375587463379,11.256778717041016,11.256778717041016,0.25140708684921265,0.5285379886627197,84.18949890136719,4425.0,15.277777671813965,803.0,0.0,0.0,0.5327244997024536,28.0,0.0,0.0,0.7142857142857143,0.24561403691768646,0.23884710669517517,0.24987469613552094,0.26566416025161743
12,0.18753165081611498,10.810528755187988,15.770708084106445,8.848607063293457,8.848607063293457,0.5066999197006226,0.7193426489830017,89.71175384521484,18861.0,9.902968406677246,2082.0,0.0,0.0,0.3852739632129669,81.0,0.0,0.0,5.52042293548584,7.770012378692627,4.639798641204834,4.639798641204834,0.8800734281539917,0.9384638667106628,98.99162292480469,5203.0,0.9512937664985657,50.0,0.0,0.0,0.05707762390375137,3.0,0.0,0.0,10.560677528381348,14.770064353942871,8.7139253616333,8.7139253616333,0.5673390626907349,0.7569485902786255,90.82952880859375,4774.0,8.770928382873535,461.0,0.0,0.0,0.3995434045791626,21.0,0.0,0.0,13.067909240722656,18.192567825317383,10.649312019348145,10.649312019348145,0.34408867359161377,0.6028400659561157,85.82572174072266,4511.0,13.622527122497559,716.0,0.0,0.0,0.5517503619194031,29.0,0.0,0.0,14.093101501464844,19.630678176879883,11.391389846801758,11.391389846801758,0.23615914583206177,0.5175772309303284,83.20014953613281,4373.0,16.26712417602539,855.0,0.0,0.0,0.5327244997024536,28.0,0.0,0.0,0.7857142857142857,0.23684212565422058,0.2343984991312027,0.25319552421569824,0.27556392550468445
13,0.17931146260690797,10.969327926635742,15.972373962402344,8.964249610900879,8.964249610900879,0.4940032362937927,0.7122869491577148,89.49295806884766,18815.0,10.121766090393066,2128.0,0.0,0.0,0.3852739632129669,81.0,0.0,0.0,5.587184906005859,7.866140842437744,4.6863932609558105,4.6863932609558105,0.8770876526832581,0.9370511770248413,99.01065063476562,5204.0,0.9322678446769714,49.0,0.0,0.0,0.05707762390375137,3.0,0.0,0.0,10.696027755737305,14.948895454406738,8.803747177124023,8.803747177124023,0.5567985773086548,0.7510823607444763,90.58219146728516,4761.0,9.018264770507812,474.0,0.0,0.0,0.3995434045791626,21.0,0.0,0.0,13.281837463378906,18.449047088623047,10.809239387512207,10.809239387512207,0.32546424865722656,0.5909951329231262,85.2168960571289,4479.0,14.231353759765625,748.0,0.0,0.0,0.5517503619194031,29.0,0.0,0.0,14.312265396118164,19.86841583251953,11.557616233825684,11.557616233825684,0.21754604578018188,0.5066083669662476,83.16210174560547,4371.0,16.30517578125,857.0,0.0,0.0,0.5327244997024536,28.0,0.0,0.0,0.8571428571428571,0.22807016968727112,0.22994986176490784,0.25651630759239197,0.2854636609554291
14,0.17346462502749788,11.146523475646973,16.265361785888672,9.08288288116455,9.08288288116455,0.47526949644088745,0.702090322971344,88.81754302978516,18673.0,10.797183990478516,2270.0,0.0,0.0,0.3852739632129669,81.0,0.0,0.0,5.659460544586182,7.964178085327148,4.731645584106445,4.731645584106445,0.8740048408508301,0.9357511401176453,98.95357513427734,5201.0,0.9893455505371094,52.0,0.0,0.0,0.05707762390375137,3.0,0.0,0.0,10.865548133850098,15.236475944519043,8.896158218383789,8.896158218383789,0.5395823121070862,0.7424119114875793,90.03044128417969,4732.0,9.570014953613281,503.0,0.0,0.0,0.3995434045791626,21.0,0.0,0.0,13.532944679260254,18.84215545654297,10.982314109802246,10.982314109802246,0.2964121699333191,0.5736228823661804,84.22754669189453,4427.0,15.22070026397705,800.0,0.0,0.0,0.5517503619194031,29.0,0.0,0.0,14.528143882751465,20.190170288085938,11.721412658691406,11.721412658691406,0.19199836254119873,0.48996931314468384,82.05860137939453,4313.0,17.408676147460938,915.0,0.0,0.0,0.5327244997024536,28.0,0.0,0.0,0.9285714285714286,0.21929824352264404,0.22550123929977417,0.2598370909690857,0.2953633964061737
15,0.1674663538098725,11.373693466186523,16.569393157958984,9.260452270507812,9.260452270507812,0.4554697275161743,0.689545214176178,88.22297668457031,18548.0,11.396498680114746,2396.0,0.0,0.0,0.38051748275756836,80.0,0.0,0.0,5.752975940704346,8.084635734558105,4.801260948181152,4.801260948181152,0.8701646327972412,0.9337587356567383,99.02967834472656,5205.0,0.913241982460022,48.0,0.0,0.0,0.05707762390375137,3.0,0.0,0.0,11.09349250793457,15.516632080078125,9.069162368774414,9.069162368774414,0.5224950313568115,0.7315701246261597,89.42161560058594,4700.0,10.197869300842285,536.0,0.0,0.0,0.38051748275756836,20.0,0.0,0.0,13.85831356048584,19.23997688293457,11.236104011535645,11.236104011535645,0.26638829708099365,0.552940845489502,83.20014953613281,4373.0,16.248098373413086,854.0,0.0,0.0,0.5517503619194031,29.0,0.0,0.0,14.789997100830078,20.539600372314453,11.935280799865723,11.935280799865723,0.1637883186340332,0.47023865580558777,81.24048614501953,4270.0,18.226789474487305,958.0,0.0,0.0,0.5327244997024536,28.0,0.0,0.0,1.0,0.21052631735801697,0.2210526168346405,0.2631579041481018,0.3052631616592407
16,0.15802374133687128,11.591269493103027,16.891826629638672,9.422699928283691,9.422699928283691,0.4340708255767822,0.6774954795837402,87.70452880859375,18439.0,11.91495418548584,2505.0,0.0,0.0,0.38051748275756836,80.0,0.0,0.0,5.839173316955566,8.186532974243164,4.866870880126953,4.866870880126953,0.866871178150177,0.9321220517158508,98.97260284423828,5202.0,0.9703196287155151,51.0,0.0,0.0,0.05707762390375137,3.0,0.0,0.0,11.307269096374512,15.796499252319336,9.223472595214844,9.223472595214844,0.5051145553588867,0.7216228246688843,88.90791320800781,4673.0,10.711567878723145,563.0,0.0,0.0,0.38051748275756836,20.0,0.0,0.0,14.163515090942383,19.650270462036133,11.466222763061523,11.466222763061523,0.23476606607437134,0.5346616506576538,82.40106964111328,4331.0,17.047183990478516,896.0,0.0,0.0,0.5517503619194031,29.0,0.0,0.0,15.055116653442383,20.94405174255371,12.134233474731445,12.134233474731445,0.13053184747695923,0.4519757628440857,80.53652954101562,4233.0,18.930744171142578,995.0,0.0,0.0,0.5327244997024536,28.0,0.0,0.0,1.0,0.21052631735801697,0.2210526168346405,0.2631579041481018,0.3052631616592407
17,0.1521475895456586,11.761384010314941,17.098295211791992,9.556328773498535,9.556328773498535,0.42015165090560913,0.6691004633903503,87.31925201416016,18358.0,12.300228118896484,2586.0,0.0,0.0,0.38051748275756836,80.0,0.0,0.0,5.912031173706055,8.261343002319336,4.924055099487305,4.924055099487305,0.8644269704818726,0.9308023452758789,98.95357513427734,5201.0,0.9893455505371094,52.0,0.0,0.0,0.05707762390375137,3.0,0.0,0.0,11.490036010742188,15.982826232910156,9.369830131530762,9.369830131530762,0.4933709502220154,0.7141221165657043,88.48934936523438,4651.0,11.13013744354248,585.0,0.0,0.0,0.38051748275756836,20.0,0.0,0.0,14.384127616882324,19.90395164489746,11.641308784484863,11.641308784484863,0.21488052606582642,0.5228148698806763,81.792236328125,4299.0,17.6560115814209,928.0,0.0,0.0,0.5517503619194031,29.0,0.0,0.0,15.259339332580566,21.202333450317383,12.290122032165527,12.290122032165527,0.10895508527755737,0.4400734603404999,80.04185485839844,4207.0,19.425418853759766,1021.0,0.0,0.0,0.5327244997024536,28.0,0.0,0.0,1.0,0.21052631735801697,0.2210526168346405,0.2631579041481018,0.3052631616592407
step,fold7/test_loss,fold7/test_mae,fold7/test_rmse,fold7/test_mard,fold7/test_mape,fold7/test_r2,fold7/test_pearson,fold7/test_ega_zone_a_pct,fold7/test_ega_zone_a_count,fold7/test_ega_zone_b_pct,fold7/test_ega_zone_b_count,fold7/test_ega_zone_c_pct,fold7/test_ega_zone_c_count,fold7/test_ega_zone_d_pct,fold7/test_ega_zone_d_count,fold7/test_ega_zone_e_pct,fold7/test_ega_zone_e_count,fold7/test_horizon_15_mae,fold7/test_horizon_15_rmse,fold7/test_horizon_15_mard,fold7/test_horizon_15_mape,fold7/test_horizon_15_r2,fold7/test_horizon_15_pearson,fold7/test_horizon_15_ega_zone_a_pct,fold7/test_horizon_15_ega_zone_a_count,fold7/test_horizon_15_ega_zone_b_pct,fold7/test_horizon_15_ega_zone_b_count,fold7/test_horizon_15_ega_zone_c_pct,fold7/test_horizon_15_ega_zone_c_count,fold7/test_horizon_15_ega_zone_d_pct,fold7/test_horizon_15_ega_zone_d_count,fold7/test_horizon_15_ega_zone_e_pct,fold7/test_horizon_15_ega_zone_e_count,fold7/test_horizon_30_mae,fold7/test_horizon_30_rmse,fold7/test_horizon_30_mard,fold7/test_horizon_30_mape,fold7/test_horizon_30_r2,fold7/test_horizon_30_pearson,fold7/test_horizon_30_ega_zone_a_pct,fold7/test_horizon_30_ega_zone_a_count,fold7/test_horizon_30_ega_zone_b_pct,fold7/test_horizon_30_ega_zone_b_count,fold7/test_horizon_30_ega_zone_c_pct,fold7/test_horizon_30_ega_zone_c_count,fold7/test_horizon_30_ega_zone_d_pct,fold7/test_horizon_30_ega_zone_d_count,fold7/test_horizon_30_ega_zone_e_pct,fold7/test_horizon_30_ega_zone_e_count,fold7/test_horizon_45_mae,fold7/test_horizon_45_rmse,fold7/test_horizon_45_mard,fold7/test_horizon_45_mape,fold7/test_horizon_45_r2,fold7/test_horizon_45_pearson,fold7/test_horizon_45_ega_zone_a_pct,fold7/test_horizon_45_ega_zone_a_count,fold7/test_horizon_45_ega_zone_b_pct,fold7/test_horizon_45_ega_zone_b_count,fold7/test_horizon_45_ega_zone_c_pct,fold7/test_horizon_45_ega_zone_c_count,fold7/test_horizon_45_ega_zone_d_pct,fold7/test_horizon_45_ega_zone_d_count,fold7/test_horizon_45_ega_zone_e_pct,fold7/test_horizon_45_ega_zone_e_count,fold7/test_horizon_60_mae,fold7/test_horizon_60_rmse,fold7/test_horizon_60_mard,fold7/test_horizon_60_mape,fold7/test_horizon_60_r2,fold7/test_horizon_60_pearson,fold7/test_horizon_60_ega_zone_a_pct,fold7/test_horizon_60_ega_zone_a_count,fold7/test_horizon_60_ega_zone_b_pct,fold7/test_horizon_60_ega_zone_b_count,fold7/test_horizon_60_ega_zone_c_pct,fold7/test_horizon_60_ega_zone_c_count,fold7/test_horizon_60_ega_zone_d_pct,fold7/test_horizon_60_ega_zone_d_count,fold7/test_horizon_60_ega_zone_e_pct,fold7/test_horizon_60_ega_zone_e_count
0,0.23895480297600938,9.188163757324219,13.62807559967041,10.164650917053223,10.164650917053223,0.4566064476966858,0.6997904181480408,84.6988296508789,6637.0,12.12353229522705,950.0,0.0,0.0,3.1776416301727295,249.0,0.0,0.0,4.1952643394470215,5.929471015930176,4.538215160369873,4.538215160369873,0.898013174533844,0.9506964087486267,99.08116149902344,1941.0,0.8167432546615601,16.0,0.0,0.0,0.10209290683269501,2.0,0.0,0.0,8.455838203430176,12.066324234008789,9.293731689453125,9.293731689453125,0.5729535818099976,0.7763474583625793,88.41246032714844,1732.0,9.086268424987793,178.0,0.0,0.0,2.5012760162353516,49.0,0.0,0.0,11.073095321655273,15.645845413208008,12.265671730041504,12.265671730041504,0.2814648747444153,0.5734420418739319,78.71363067626953,1542.0,16.334863662719727,320.0,0.0,0.0,4.951505661010742,97.0,0.0,0.0,13.028460502624512,17.814332962036133,14.560983657836914,14.560983657836914,0.0686870813369751,0.40066805481910706,72.58805847167969,1422.0,22.256254196166992,436.0,0.0,0.0,5.155691623687744,101.0,0.0,0.0
step,fold8/train_loss,fold8/val_mae,fold8/val_rmse,fold8/val_mard,fold8/val_mape,fold8/val_r2,fold8/val_pearson,fold8/val_ega_zone_a_pct,fold8/val_ega_zone_a_count,fold8/val_ega_zone_b_pct,fold8/val_ega_zone_b_count,fold8/val_ega_zone_c_pct,fold8/val_ega_zone_c_count,fold8/val_ega_zone_d_pct,fold8/val_ega_zone_d_count,fold8/val_ega_zone_e_pct,fold8/val_ega_zone_e_count,fold8/val_horizon_15_mae,fold8/val_horizon_15_rmse,fold8/val_horizon_15_mard,fold8/val_horizon_15_mape,fold8/val_horizon_15_r2,fold8/val_horizon_15_pearson,fold8/val_horizon_15_ega_zone_a_pct,fold8/val_horizon_15_ega_zone_a_count,fold8/val_horizon_15_ega_zone_b_pct,fold8/val_horizon_15_ega_zone_b_count,fold8/val_horizon_15_ega_zone_c_pct,fold8/val_horizon_15_ega_zone_c_count,fold8/val_horizon_15_ega_zone_d_pct,fold8/val_horizon_15_ega_zone_d_count,fold8/val_horizon_15_ega_zone_e_pct,fold8/val_horizon_15_ega_zone_e_count,fold8/val_horizon_30_mae,fold8/val_horizon_30_rmse,fold8/val_horizon_30_mard,fold8/val_horizon_30_mape,fold8/val_horizon_30_r2,fold8/val_horizon_30_pearson,fold8/val_horizon_30_ega_zone_a_pct,fold8/val_horizon_30_ega_zone_a_count,fold8/val_horizon_30_ega_zone_b_pct,fold8/val_horizon_30_ega_zone_b_count,fold8/val_horizon_30_ega_zone_c_pct,fold8/val_horizon_30_ega_zone_c_count,fold8/val_horizon_30_ega_zone_d_pct,fold8/val_horizon_30_ega_zone_d_count,fold8/val_horizon_30_ega_zone_e_pct,fold8/val_horizon_30_ega_zone_e_count,fold8/val_horizon_45_mae,fold8/val_horizon_45_rmse,fold8/val_horizon_45_mard,fold8/val_horizon_45_mape,fold8/val_horizon_45_r2,fold8/val_horizon_45_pearson,fold8/val_horizon_45_ega_zone_a_pct,fold8/val_horizon_45_ega_zone_a_count,fold8/val_horizon_45_ega_zone_b_pct,fold8/val_horizon_45_ega_zone_b_count,fold8/val_horizon_45_ega_zone_c_pct,fold8/val_horizon_45_ega_zone_c_count,fold8/val_horizon_45_ega_zone_d_pct,fold8/val_horizon_45_ega_zone_d_count,fold8/val_horizon_45_ega_zone_e_pct,fold8/val_horizon_45_ega_zone_e_count,fold8/val_horizon_60_mae,fold8/val_horizon_60_rmse,fold8/val_horizon_60_mard,fold8/val_horizon_60_mape,fold8/val_horizon_60_r2,fold8/val_horizon_60_pearson,fold8/val_horizon_60_ega_zone_a_pct,fold8/val_horizon_60_ega_zone_a_count,fold8/val_horizon_60_ega_zone_b_pct,fold8/val_horizon_60_ega_zone_b_count,fold8/val_horizon_60_ega_zone_c_pct,fold8/val_horizon_60_ega_zone_c_count,fold8/val_horizon_60_ega_zone_d_pct,fold8/val_horizon_60_ega_zone_d_count,fold8/val_horizon_60_ega_zone_e_pct,fold8/val_horizon_60_ega_zone_e_count,fold8/diag_horizon_curriculum_progress,fold8/diag_loss_horizon_weight_0,fold8/diag_loss_horizon_weight_1,fold8/diag_loss_horizon_weight_2,fold8/diag_loss_horizon_weight_3
1,0.3551685643256717,13.104875564575195,18.512725830078125,11.316706657409668,11.316706657409668,0.28524571657180786,0.6745191216468811,81.22444915771484,15098.0,18.743274688720703,3484.0,0.0,0.0,0.032278887927532196,6.0,0.0,0.0,11.729207992553711,16.469472885131836,10.159764289855957,10.159764289855957,0.43310070037841797,0.831048309803009,85.04411315917969,3952.0,14.912846565246582,693.0,0.0,0.0,0.04303852096199989,2.0,0.0,0.0,12.561474800109863,17.81884002685547,10.877598762512207,10.877598762512207,0.33768516778945923,0.7085229158401489,82.54788208007812,3836.0,17.409082412719727,809.0,0.0,0.0,0.04303852096199989,2.0,0.0,0.0,13.839237213134766,19.48110008239746,11.906566619873047,11.906566619873047,0.20874643325805664,0.6056194305419922,79.2769546508789,3684.0,20.701526641845703,962.0,0.0,0.0,0.021519260480999947,1.0,0.0,0.0,14.289578437805176,20.0653018951416,12.322897911071777,12.322897911071777,0.1620507836341858,0.5277978181838989,78.0288314819336,3626.0,21.949644088745117,1020.0,0.0,0.0,0.021519260480999947,1.0,0.0,0.0,0.0,0.3333333432674408,0.28333333134651184,0.21666665375232697,0.1666666716337204
2,0.24147971776018048,9.837020874023438,15.032707214355469,8.364031791687012,8.364031791687012,0.5287076234817505,0.7453290820121765,90.65525817871094,16851.0,9.312459945678711,1731.0,0.0,0.0,0.032278887927532196,6.0,0.0,0.0,6.421563625335693,9.598636627197266,5.4945173263549805,5.4945173263549805,0.8074401617050171,0.9125804901123047,97.28857421875,4521.0,2.6683881282806396,124.0,0.0,0.0,0.04303852096199989,2.0,0.0,0.0,9.414725303649902,14.102622032165527,8.017115592956543,8.017115592956543,0.5851364135742188,0.7856683731079102,92.10243225097656,4280.0,7.85452938079834,365.0,0.0,0.0,0.04303852096199989,2.0,0.0,0.0,11.220895767211914,16.78105926513672,9.497034072875977,9.497034072875977,0.41287916898727417,0.6673814058303833,87.92769622802734,4086.0,12.050785064697266,560.0,0.0,0.0,0.021519260480999947,1.0,0.0,0.0,12.290895462036133,18.201852798461914,10.447460174560547,10.447460174560547,0.3104631304740906,0.577923595905304,85.3023452758789,3964.0,14.676136016845703,682.0,0.0,0.0,0.021519260480999947,1.0,0.0,0.0,0.07142857142857142,0.3245614171028137,0.2788847088813782,0.21998745203018188,0.17656642198562622
3,0.21852890778903353,9.033504486083984,14.199617385864258,7.6354570388793945,7.6354570388793945,0.5794967412948608,0.7672764658927917,92.33914947509766,17164.0,7.633957386016846,1419.0,0.0,0.0,0.026899075135588646,5.0,0.0,0.0,5.245205879211426,7.7690958976745605,4.505686283111572,4.505686283111572,0.8738499283790588,0.9377700686454773,98.83795928955078,4593.0,1.1190015077590942,52.0,0.0,0.0,0.04303852096199989,2.0,0.0,0.0,8.55327320098877,12.975534439086914,7.231235504150391,7.231235504150391,0.6487987041473389,0.8130945563316345,93.88853454589844,4363.0,6.068431377410889,282.0,0.0,0.0,0.04303852096199989,2.0,0.0,0.0,10.551726341247559,16.11980438232422,8.87782096862793,8.87782096862793,0.45823830366134644,0.6875532269477844,89.64923858642578,4166.0,10.350763320922852,481.0,0.0,0.0,0.0,0.0,0.0,0.0,11.783812522888184,17.831012725830078,9.927088737487793,9.927088737487793,0.3382737636566162,0.5904340744018555,86.98085021972656,4042.0,12.99763298034668,604.0,0.0,0.0,0.021519260480999947,1.0,0.0,0.0,0.14285714285714285,0.31578949093818665,0.2744360864162445,0.223308265209198,0.18646617233753204
4,0.20752133884430163,8.936454772949219,13.979130744934082,7.573089122772217,7.573089122772217,0.5924542546272278,0.7732769250869751,92.50053405761719,17194.0,7.472562789916992,1389.0,0.0,0.0,0.026899075135588646,5.0,0.0,0.0,4.87684440612793,7.131478309631348,4.205886363983154,4.205886363983154,0.893706738948822,0.9472938179969788,99.246826171875,4612.0,0.7101355791091919,33.0,0.0,0.0,0.04303852096199989,2.0,0.0,0.0,8.43692398071289,12.623350143432617,7.151900768280029,7.151900768280029,0.6676047444343567,0.8229779005050659,94.34043884277344,4384.0,5.6165266036987305,261.0,0.0,0.0,0.04303852096199989,2.0,0.0,0.0,10.536669731140137,15.952688217163086,8.88778305053711,8.88778305053711,0.46941322088241577,0.6913856267929077,89.71379089355469,4169.0,10.286206245422363,478.0,0.0,0.0,0.0,0.0,0.0,0.0,11.895380973815918,17.803630828857422,10.046784400939941,10.046784400939941,0.3403046727180481,0.5868830680847168,86.70109558105469,4029.0,13.277382850646973,617.0,0.0,0.0,0.021519260480999947,1.0,0.0,0.0,0.21428571428571427,0.30701756477355957,0.26998746395111084,0.22662906348705292,0.19636592268943787
5,0.20243616011331755,8.86388874053955,13.906270027160645,7.497674942016602,7.497674942016602,0.5966915488243103,0.7759155035018921,92.60813903808594,17214.0,7.370347023010254,1370.0,0.0,0.0,0.021519260480999947,4.0,0.0,0.0,4.666885852813721,6.7946295738220215,4.032162189483643,4.032162189483643,0.9035109281539917,0.9521356225013733,99.33290100097656,4616.0,0.6455777883529663,30.0,0.0,0.0,0.021519260480999947,1.0,0.0,0.0,8.352924346923828,12.464364051818848,7.071226119995117,7.071226119995117,0.6759247779846191,0.827976644039154,94.55562591552734,4394.0,5.401334285736084,251.0,0.0,0.0,0.04303852096199989,2.0,0.0,0.0,10.525867462158203,15.912384986877441,8.858447074890137,8.858447074890137,0.4720907211303711,0.693419873714447,89.79986572265625,4173.0,10.200129508972168,474.0,0.0,0.0,0.0,0.0,0.0,0.0,11.909881591796875,17.85513687133789,10.028861999511719,10.028861999511719,0.3364819884300232,0.5844340920448303,86.74413299560547,4031.0,13.234344482421875,615.0,0.0,0.0,0.021519260480999947,1.0,0.0,0.0,0.2857142857142857,0.2982456088066101,0.2655388414859772,0.22994986176490784,0.2062656730413437
6,0.19897703080028128,8.876910209655762,13.8843355178833,7.494692325592041,7.494692325592041,0.5979628562927246,0.7768043279647827,92.67269134521484,17226.0,7.305788993835449,1358.0,0.0,0.0,0.021519260480999947,4.0,0.0,0.0,4.572937488555908,6.620980739593506,3.9527196884155273,3.9527196884155273,0.9083797931671143,0.9544849991798401,99.35442352294922,4617.0,0.6240585446357727,29.0,0.0,0.0,0.021519260480999947,1.0,0.0,0.0,8.361742973327637,12.421215057373047,7.07554292678833,7.07554292678833,0.6781647205352783,0.829064667224884,94.70626068115234,4401.0,5.250699520111084,244.0,0.0,0.0,0.04303852096199989,2.0,0.0,0.0,10.58470344543457,15.903559684753418,8.883028030395508,8.883028030395508,0.472676157951355,0.6946427822113037,89.73531341552734,4170.0,10.264687538146973,477.0,0.0,0.0,0.0,0.0,0.0,0.0,11.988258361816406,17.889997482299805,10.067479133605957,10.067479133605957,0.3338886499404907,0.583380937576294,86.89476776123047,4038.0,13.083709716796875,608.0,0.0,0.0,0.021519260480999947,1.0,0.0,0.0,0.35714285714285715,0.28947368264198303,0.2610902190208435,0.23327067494392395,0.2161654233932495
7,0.19538172178011373,9.001459121704102,13.984789848327637,7.607898712158203,7.607898712158203,0.5921242237091064,0.7719212174415588,92.53282165527344,17200.0,7.445663928985596,1384.0,0.0,0.0,0.021519260480999947,4.0,0.0,0.0,4.586239814758301,6.633589744567871,3.9650537967681885,3.9650537967681885,0.9080305099487305,0.9540137052536011,99.41898345947266,4620.0,0.5595007538795471,26.0,0.0,0.0,0.021519260480999947,1.0,0.0,0.0,8.497411727905273,12.560047149658203,7.194068431854248,7.194068431854248,0.6709301471710205,0.8229238986968994,94.34043884277344,4384.0,5.6165266036987305,261.0,0.0,0.0,0.04303852096199989,2.0,0.0,0.0,10.752129554748535,16.0247745513916,9.033862113952637,9.033862113952637,0.4646071195602417,0.686516523361206,89.71379089355469,4169.0,10.286206245422363,478.0,0.0,0.0,0.0,0.0,0.0,0.0,12.170053482055664,17.99290657043457,10.238612174987793,10.238612174987793,0.32620328664779663,0.5754740834236145,86.6580581665039,4027.0,13.320422172546387,619.0,0.0,0.0,0.021519260480999947,1.0,0.0,0.0,0.42857142857142855,0.28070175647735596,0.25664159655570984,0.23659147322177887,0.22606515884399414
8,0.1923254355095845,9.102668762207031,14.09906005859375,7.700831413269043,7.700831413269043,0.5854314565658569,0.7669833898544312,92.41445922851562,17178.0,7.564020156860352,1406.0,0.0,0.0,0.021519260480999947,4.0,0.0,0.0,4.639986991882324,6.700199604034424,4.012923240661621,4.012923240661621,0.9061742424964905,0.9528087377548218,99.50505828857422,4624.0,0.47342371940612793,22.0,0.0,0.0,0.021519260480999947,1.0,0.0,0.0,8.627758979797363,12.728845596313477,7.310960292816162,7.310960292816162,0.6620257496833801,0.8164615035057068,94.10372161865234,4373.0,5.853238582611084,272.0,0.0,0.0,0.04303852096199989,2.0,0.0,0.0,10.875743865966797,16.162288665771484,9.147455215454102,9.147455215454102,0.4553788900375366,0.67856764793396,89.69227600097656,4168.0,10.30772590637207,479.0,0.0,0.0,0.0,0.0,0.0,0.0,12.26718521118164,18.083087921142578,10.331985473632812,10.331985473632812,0.31943202018737793,0.5692211389541626,86.3567886352539,4013.0,13.62169075012207,633.0,0.0,0.0,0.021519260480999947,1.0,0.0,0.0,0.5,0.2719298303127289,0.25219297409057617,0.2399122714996338,0.23596492409706116
9,0.1877767640026284,9.216618537902832,14.262445449829102,7.793918132781982,7.793918132781982,0.575767457485199,0.7605180144309998,92.3337631225586,17163.0,7.639337539672852,1420.0,0.0,0.0,0.026899075135588646,5.0,0.0,0.0,4.6496124267578125,6.727875232696533,4.011999607086182,4.011999607086182,0.9053975343704224,0.9527561068534851,99.46202087402344,4622.0,0.5164622068405151,24.0,0.0,0.0,0.021519260480999947,1.0,0.0,0.0,8.735398292541504,12.921300888061523,7.386857032775879,7.386857032775879,0.6517283916473389,0.8101043701171875,94.23284149169922,4379.0,5.724123001098633,266.0,0.0,0.0,0.04303852096199989,2.0,0.0,0.0,11.071183204650879,16.417802810668945,9.312675476074219,9.312675476074219,0.4380226731300354,0.6646580696105957,89.36949157714844,4153.0,10.60899543762207,493.0,0.0,0.0,0.021519260480999947,1.0,0.0,0.0,12.410280227661133,18.2181453704834,10.464140892028809,10.464140892028809,0.30922818183898926,0.5601195096969604,86.27071380615234,4009.0,13.707769393920898,637.0,0.0,0.0,0.021519260480999947,1.0,0.0,0.0,0.5714285714285714,0.2631579041481018,0.2477443516254425,0.2432330846786499,0.24586467444896698
10,0.18273802024362118,9.435744285583496,14.48592472076416,7.999183177947998,7.999183177947998,0.562368631362915,0.751315176486969,91.6451416015625,17035.0,8.327953338623047,1548.0,0.0,0.0,0.026899075135588646,5.0,0.0,0.0,4.74006986618042,6.81365442276001,4.094812393188477,4.094812393188477,0.9029698371887207,0.9516639709472656,99.48353576660156,4623.0,0.49494296312332153,23.0,0.0,0.0,0.021519260480999947,1.0,0.0,0.0,8.930580139160156,13.124200820922852,7.576326847076416,7.576326847076416,0.640704870223999,0.8032658696174622,93.69486236572266,4354.0,6.262104034423828,291.0,0.0,0.0,0.04303852096199989,2.0,0.0,0.0,11.359000205993652,16.71750831604004,9.576738357543945,9.576738357543945,0.4173177480697632,0.6482477188110352,88.25048065185547,4101.0,11.727996826171875,545.0,0.0,0.0,0.021519260480999947,1.0,0.0,0.0,12.713326454162598,18.47220802307129,10.748852729797363,10.748852729797363,0.2898273468017578,0.5428309440612793,85.1517105102539,3957.0,14.826769828796387,689.0,0.0,0.0,0.021519260480999947,1.0,0.0,0.0,0.6428571428571429,0.25438597798347473,0.24329572916030884,0.24655388295650482,0.2557644248008728
11,0.17652242896980608,9.68370246887207,14.869338035583496,8.200057029724121,8.200057029724121,0.5388956069946289,0.7356722354888916,90.80589294433594,16879.0,9.167204856872559,1704.0,0.0,0.0,0.026899075135588646,5.0,0.0,0.0,4.817779064178467,6.937509059906006,4.14849328994751,4.14849328994751,0.8994102478027344,0.9500480890274048,99.50505828857422,4624.0,0.47342371940612793,22.0,0.0,0.0,0.021519260480999947,1.0,0.0,0.0,9.194279670715332,13.545825958251953,7.778697967529297,7.778697967529297,0.6172488331794739,0.7886331081390381,92.6834487915039,4307.0,7.273509979248047,338.0,0.0,0.0,0.04303852096199989,2.0,0.0,0.0,11.706009864807129,17.23282814025879,9.860292434692383,9.860292434692383,0.3808414340019226,0.6205741763114929,87.13148498535156,4049.0,12.846997261047363,597.0,0.0,0.0,0.021519260480999947,1.0,0.0,0.0,13.016741752624512,18.86266326904297,11.012743949890137,11.012743949890137,0.2594876289367676,0.5175489783287048,83.90359497070312,3899.0,16.074886322021484,747.0,0.0,0.0,0.021519260480999947,1.0,0.0,0.0,0.7142857142857143,0.24561403691768646,0.23884710669517517,0.24987469613552094,0.26566416025161743
12,0.1695766223186093,9.813813209533691,15.146356582641602,8.302046775817871,8.302046775817871,0.5215545892715454,0.7242329120635986,90.33247375488281,16791.0,9.64062786102295,1792.0,0.0,0.0,0.026899075135588646,5.0,0.0,0.0,4.847300052642822,6.99696159362793,4.175793170928955,4.175793170928955,0.897678792476654,0.9491069316864014,99.52658081054688,4625.0,0.45190444588661194,21.0,0.0,0.0,0.021519260480999947,1.0,0.0,0.0,9.300210952758789,13.744331359863281,7.872430324554443,7.872430324554443,0.6059486865997314,0.7812749147415161,92.3821792602539,4293.0,7.574779510498047,352.0,0.0,0.0,0.04303852096199989,2.0,0.0,0.0,11.894289016723633,17.615201950073242,10.006929397583008,10.006929397583008,0.3530600666999817,0.5999993085861206,86.27071380615234,4009.0,13.707769393920898,637.0,0.0,0.0,0.021519260480999947,1.0,0.0,0.0,13.213454246520996,19.222097396850586,11.153030395507812,11.153030395507812,0.23099732398986816,0.49519726634025574,83.15042114257812,3864.0,16.828062057495117,782.0,0.0,0.0,0.021519260480999947,1.0,0.0,0.0,0.7857142857142857,0.23684212565422058,0.2343984991312027,0.25319552421569824,0.27556392550468445
13,0.16052846814673097,10.1202392578125,15.636347770690918,8.558659553527832,8.558659553527832,0.4900980591773987,0.7024561762809753,89.5201187133789,16640.0,10.452980995178223,1943.0,0.0,0.0,0.026899075135588646,5.0,0.0,0.0,4.9710469245910645,7.170019626617432,4.27107572555542,4.27107572555542,0.892554759979248,0.9465357661247253,99.3974609375,4619.0,0.5810199975967407,27.0,0.0,0.0,0.021519260480999947,1.0,0.0,0.0,9.576395034790039,14.168444633483887,8.093839645385742,8.093839645385742,0.5812547206878662,0.7649363875389099,91.7796401977539,4265.0,8.177318572998047,380.0,0.0,0.0,0.04303852096199989,2.0,0.0,0.0,12.271079063415527,18.192035675048828,10.325933456420898,10.325933456420898,0.3099963665008545,0.5662446022033691,85.19474792480469,3959.0,14.783731460571289,687.0,0.0,0.0,0.021519260480999947,1.0,0.0,0.0,13.66243839263916,19.871519088745117,11.543795585632324,11.543795585632324,0.1781577467918396,0.452047735452652,81.70862579345703,3797.0,18.269851684570312,849.0,0.0,0.0,0.021519260480999947,1.0,0.0,0.0,0.8571428571428571,0.22807016968727112,0.22994986176490784,0.25651630759239197,0.2854636609554291
step,fold8/test_loss,fold8/test_mae,fold8/test_rmse,fold8/test_mard,fold8/test_mape,fold8/test_r2,fold8/test_pearson,fold8/test_ega_zone_a_pct,fold8/test_ega_zone_a_count,fold8/test_ega_zone_b_pct,fold8/test_ega_zone_b_count,fold8/test_ega_zone_c_pct,fold8/test_ega_zone_c_count,fold8/test_ega_zone_d_pct,fold8/test_ega_zone_d_count,fold8/test_ega_zone_e_pct,fold8/test_ega_zone_e_count,fold8/test_horizon_15_mae,fold8/test_horizon_15_rmse,fold8/test_horizon_15_mard,fold8/test_horizon_15_mape,fold8/test_horizon_15_r2,fold8/test_horizon_15_pearson,fold8/test_horizon_15_ega_zone_a_pct,fold8/test_horizon_15_ega_zone_a_count,fold8/test_horizon_15_ega_zone_b_pct,fold8/test_horizon_15_ega_zone_b_count,fold8/test_horizon_15_ega_zone_c_pct,fold8/test_horizon_15_ega_zone_c_count,fold8/test_horizon_15_ega_zone_d_pct,fold8/test_horizon_15_ega_zone_d_count,fold8/test_horizon_15_ega_zone_e_pct,fold8/test_horizon_15_ega_zone_e_count,fold8/test_horizon_30_mae,fold8/test_horizon_30_rmse,fold8/test_horizon_30_mard,fold8/test_horizon_30_mape,fold8/test_horizon_30_r2,fold8/test_horizon_30_pearson,fold8/test_horizon_30_ega_zone_a_pct,fold8/test_horizon_30_ega_zone_a_count,fold8/test_horizon_30_ega_zone_b_pct,fold8/test_horizon_30_ega_zone_b_count,fold8/test_horizon_30_ega_zone_c_pct,fold8/test_horizon_30_ega_zone_c_count,fold8/test_horizon_30_ega_zone_d_pct,fold8/test_horizon_30_ega_zone_d_count,fold8/test_horizon_30_ega_zone_e_pct,fold8/test_horizon_30_ega_zone_e_count,fold8/test_horizon_45_mae,fold8/test_horizon_45_rmse,fold8/test_horizon_45_mard,fold8/test_horizon_45_mape,fold8/test_horizon_45_r2,fold8/test_horizon_45_pearson,fold8/test_horizon_45_ega_zone_a_pct,fold8/test_horizon_45_ega_zone_a_count,fold8/test_horizon_45_ega_zone_b_pct,fold8/test_horizon_45_ega_zone_b_count,fold8/test_horizon_45_ega_zone_c_pct,fold8/test_horizon_45_ega_zone_c_count,fold8/test_horizon_45_ega_zone_d_pct,fold8/test_horizon_45_ega_zone_d_count,fold8/test_horizon_45_ega_zone_e_pct,fold8/test_horizon_45_ega_zone_e_count,fold8/test_horizon_60_mae,fold8/test_horizon_60_rmse,fold8/test_horizon_60_mard,fold8/test_horizon_60_mape,fold8/test_horizon_60_r2,fold8/test_horizon_60_pearson,fold8/test_horizon_60_ega_zone_a_pct,fold8/test_horizon_60_ega_zone_a_count,fold8/test_horizon_60_ega_zone_b_pct,fold8/test_horizon_60_ega_zone_b_count,fold8/test_horizon_60_ega_zone_c_pct,fold8/test_horizon_60_ega_zone_c_count,fold8/test_horizon_60_ega_zone_d_pct,fold8/test_horizon_60_ega_zone_d_count,fold8/test_horizon_60_ega_zone_e_pct,fold8/test_horizon_60_ega_zone_e_count
0,0.24024023939489694,9.450505256652832,13.452664375305176,8.727306365966797,8.727306365966797,0.44300955533981323,0.6772938370704651,89.63350677490234,6848.0,9.502617835998535,726.0,0.0,0.0,0.8638743162155151,66.0,0.0,0.0,6.040171146392822,8.59571647644043,5.57742166519165,5.57742166519165,0.7724071741104126,0.883661150932312,97.53926849365234,1863.0,2.1989529132843018,42.0,0.0,0.0,0.26178011298179626,5.0,0.0,0.0,9.684706687927246,13.512467384338379,8.922237396240234,8.922237396240234,0.44043636322021484,0.6810426115989685,88.952880859375,1699.0,10.26177978515625,196.0,0.0,0.0,0.7853402495384216,15.0,0.0,0.0,10.765892028808594,14.916458129882812,9.972795486450195,9.972795486450195,0.31534314155578613,0.5784472823143005,86.59685516357422,1654.0,12.25130844116211,234.0,0.0,0.0,1.1518324613571167,22.0,0.0,0.0,11.311249732971191,15.650009155273438,10.43677043914795,10.43677043914795,0.24335592985153198,0.5102189779281616,85.44503021240234,1632.0,13.298429489135742,254.0,0.0,0.0,1.2565444707870483,24.0,0.0,0.0
step,fold9/train_loss,fold9/val_mae,fold9/val_rmse,fold9/val_mard,fold9/val_mape,fold9/val_r2,fold9/val_pearson,fold9/val_ega_zone_a_pct,fold9/val_ega_zone_a_count,fold9/val_ega_zone_b_pct,fold9/val_ega_zone_b_count,fold9/val_ega_zone_c_pct,fold9/val_ega_zone_c_count,fold9/val_ega_zone_d_pct,fold9/val_ega_zone_d_count,fold9/val_ega_zone_e_pct,fold9/val_ega_zone_e_count,fold9/val_horizon_15_mae,fold9/val_horizon_15_rmse,fold9/val_horizon_15_mard,fold9/val_horizon_15_mape,fold9/val_horizon_15_r2,fold9/val_horizon_15_pearson,fold9/val_horizon_15_ega_zone_a_pct,fold9/val_horizon_15_ega_zone_a_count,fold9/val_horizon_15_ega_zone_b_pct,fold9/val_horizon_15_ega_zone_b_count,fold9/val_horizon_15_ega_zone_c_pct,fold9/val_horizon_15_ega_zone_c_count,fold9/val_horizon_15_ega_zone_d_pct,fold9/val_horizon_15_ega_zone_d_count,fold9/val_horizon_15_ega_zone_e_pct,fold9/val_horizon_15_ega_zone_e_count,fold9/val_horizon_30_mae,fold9/val_horizon_30_rmse,fold9/val_horizon_30_mard,fold9/val_horizon_30_mape,fold9/val_horizon_30_r2,fold9/val_horizon_30_pearson,fold9/val_horizon_30_ega_zone_a_pct,fold9/val_horizon_30_ega_zone_a_count,fold9/val_horizon_30_ega_zone_b_pct,fold9/val_horizon_30_ega_zone_b_count,fold9/val_horizon_30_ega_zone_c_pct,fold9/val_horizon_30_ega_zone_c_count,fold9/val_horizon_30_ega_zone_d_pct,fold9/val_horizon_30_ega_zone_d_count,fold9/val_horizon_30_ega_zone_e_pct,fold9/val_horizon_30_ega_zone_e_count,fold9/val_horizon_45_mae,fold9/val_horizon_45_rmse,fold9/val_horizon_45_mard,fold9/val_horizon_45_mape,fold9/val_horizon_45_r2,fold9/val_horizon_45_pearson,fold9/val_horizon_45_ega_zone_a_pct,fold9/val_horizon_45_ega_zone_a_count,fold9/val_horizon_45_ega_zone_b_pct,fold9/val_horizon_45_ega_zone_b_count,fold9/val_horizon_45_ega_zone_c_pct,fold9/val_horizon_45_ega_zone_c_count,fold9/val_horizon_45_ega_zone_d_pct,fold9/val_horizon_45_ega_zone_d_count,fold9/val_horizon_45_ega_zone_e_pct,fold9/val_horizon_45_ega_zone_e_count,fold9/val_horizon_60_mae,fold9/val_horizon_60_rmse,fold9/val_horizon_60_mard,fold9/val_horizon_60_mape,fold9/val_horizon_60_r2,fold9/val_horizon_60_pearson,fold9/val_horizon_60_ega_zone_a_pct,fold9/val_horizon_60_ega_zone_a_count,fold9/val_horizon_60_ega_zone_b_pct,fold9/val_horizon_60_ega_zone_b_count,fold9/val_horizon_60_ega_zone_c_pct,fold9/val_horizon_60_ega_zone_c_count,fold9/val_horizon_60_ega_zone_d_pct,fold9/val_horizon_60_ega_zone_d_count,fold9/val_horizon_60_ega_zone_e_pct,fold9/val_horizon_60_ega_zone_e_count,fold9/diag_horizon_curriculum_progress,fold9/diag_loss_horizon_weight_0,fold9/diag_loss_horizon_weight_1,fold9/diag_loss_horizon_weight_2,fold9/diag_loss_horizon_weight_3
1,0.3408907987234596,14.607120513916016,22.2076473236084,13.031740188598633,13.031740188598633,0.21289867162704468,0.5398392081260681,79.21119689941406,11267.0,19.319459915161133,2748.0,0.0,0.0,1.469347596168518,209.0,0.0,0.0,12.782248497009277,19.27294921875,11.400012969970703,11.400012969970703,0.4092532992362976,0.7823882102966309,82.76153564453125,2943.0,15.748031616210938,560.0,0.0,0.0,1.49043869972229,53.0,0.0,0.0,14.554458618164062,22.108797073364258,13.001471519470215,13.001471519470215,0.2207621932029724,0.5580103397369385,79.19010162353516,2816.0,19.319459915161133,687.0,0.0,0.0,1.49043869972229,53.0,0.0,0.0,15.235763549804688,23.23025894165039,13.504693984985352,13.504693984985352,0.13675987720489502,0.4273988604545593,78.29021453857422,2784.0,20.247468948364258,720.0,0.0,0.0,1.4623171091079712,52.0,0.0,0.0,15.856013298034668,23.933826446533203,14.220784187316895,14.220784187316895,0.08364439010620117,0.302659273147583,76.60292053222656,2724.0,21.962879180908203,781.0,0.0,0.0,1.434195637702942,51.0,0.0,0.0,0.0,0.3333333432674408,0.28333333134651184,0.21666665375232697,0.1666666716337204
2,0.2388816492341836,12.163185119628906,19.475446701049805,10.795350074768066,10.795350074768066,0.39465856552124023,0.6308872103691101,84.82142639160156,12065.0,13.800618171691895,1963.0,0.0,0.0,1.3779526948928833,196.0,0.0,0.0,8.081055641174316,12.464564323425293,7.15500545501709,7.15500545501709,0.7529077529907227,0.8747507929801941,93.47581481933594,3324.0,5.399324893951416,192.0,0.0,0.0,1.1248594522476196,40.0,0.0,0.0,11.917448043823242,18.67475700378418,10.511648178100586,10.511648178100586,0.44403207302093506,0.6723152995109558,85.03936767578125,3024.0,13.47019100189209,479.0,0.0,0.0,1.49043869972229,53.0,0.0,0.0,13.702190399169922,21.628522872924805,12.140453338623047,12.140453338623047,0.2516974210739136,0.5039767026901245,81.4398193359375,2896.0,17.097862243652344,608.0,0.0,0.0,1.4623171091079712,52.0,0.0,0.0,14.952046394348145,23.3509578704834,13.374292373657227,13.374292373657227,0.12773340940475464,0.3657844364643097,79.33070373535156,2821.0,19.235095977783203,684.0,0.0,0.0,1.434195637702942,51.0,0.0,0.0,0.07142857142857142,0.3245614171028137,0.2788847088813782,0.21998745203018188,0.17656642198562622
3,0.21704042636013085,11.46220588684082,18.585294723510742,10.159984588623047,10.159984588623047,0.4487299919128418,0.6712550520896912,86.07283020019531,12243.0,12.739032745361328,1812.0,0.0,0.0,1.1881327629089355,169.0,0.0,0.0,6.688118934631348,10.16097354888916,5.966457843780518,5.966457843780518,0.8357990384101868,0.9157700538635254,96.00675201416016,3414.0,3.458942413330078,123.0,0.0,0.0,0.5343081951141357,19.0,0.0,0.0,11.185698509216309,17.428312301635742,9.8573637008667,9.8573637008667,0.5157713890075684,0.7208425998687744,86.19235229492188,3065.0,12.457818031311035,443.0,0.0,0.0,1.349831223487854,48.0,0.0,0.0,13.35594367980957,21.05612564086914,11.802695274353027,11.802695274353027,0.29078084230422974,0.5418729186058044,82.67716979980469,2940.0,15.888638496398926,565.0,0.0,0.0,1.434195637702942,51.0,0.0,0.0,14.619062423706055,23.049959182739258,13.013426780700684,13.013426780700684,0.15007591247558594,0.40071630477905273,79.41506958007812,2824.0,19.15073013305664,681.0,0.0,0.0,1.434195637702942,51.0,0.0,0.0,0.14285714285714285,0.31578949093818665,0.2744360864162445,0.223308265209198,0.18646617233753204
4,0.207025279228938,11.244241714477539,18.253644943237305,9.923540115356445,9.923540115356445,0.46822887659072876,0.6862215399742126,86.38919830322266,12288.0,12.5,1778.0,0.0,0.0,1.110798716545105,158.0,0.0,0.0,6.171147346496582,9.300966262817383,5.503911018371582,5.503911018371582,0.8624181747436523,0.9293113946914673,96.6816635131836,3438.0,2.9246342182159424,104.0,0.0,0.0,0.3937007784843445,14.0,0.0,0.0,10.973429679870605,16.940704345703125,9.664743423461914,9.664743423461914,0.5424877405166626,0.7386294007301331,86.83914184570312,3088.0,11.951631546020508,425.0,0.0,0.0,1.2092238664627075,43.0,0.0,0.0,13.304398536682129,20.846723556518555,11.697097778320312,11.697097778320312,0.30481696128845215,0.5562995076179504,82.45219421386719,2932.0,16.14173126220703,574.0,0.0,0.0,1.4060741662979126,50.0,0.0,0.0,14.527996063232422,22.90635108947754,12.82840633392334,12.82840633392334,0.16063356399536133,0.41543319821357727,79.58380126953125,2830.0,18.98200225830078,675.0,0.0,0.0,1.434195637702942,51.0,0.0,0.0,0.21428571428571427,0.30701756477355957,0.26998746395111084,0.22662906348705292,0.19636592268943787
5,0.20152324879241046,11.265571594238281,18.351388931274414,9.95137882232666,9.95137882232666,0.4625186324119568,0.682957649230957,86.39623260498047,12289.0,12.52109146118164,1781.0,0.0,0.0,1.0826772451400757,154.0,0.0,0.0,5.9406867027282715,8.92370891571045,5.302769184112549,5.302769184112549,0.8733527660369873,0.9348679780960083,97.24409484863281,3458.0,2.418447732925415,86.0,0.0,0.0,0.3374578058719635,12.0,0.0,0.0,10.96211051940918,16.89360809326172,9.654520034790039,9.654520034790039,0.5450280904769897,0.7405118346214294,86.95162963867188,3092.0,11.89538860321045,423.0,0.0,0.0,1.152980923652649,41.0,0.0,0.0,13.477200508117676,21.08500862121582,11.865076065063477,11.865076065063477,0.2888338565826416,0.5451381802558899,82.0303726196289,2917.0,16.563554763793945,589.0,0.0,0.0,1.4060741662979126,50.0,0.0,0.0,14.682287216186523,23.18382453918457,12.983150482177734,12.983150482177734,0.1401752233505249,0.40002888441085815,79.35882568359375,2822.0,19.206974029541016,683.0,0.0,0.0,1.434195637702942,51.0,0.0,0.0,0.2857142857142857,0.2982456088066101,0.2655388414859772,0.22994986176490784,0.2062656730413437
6,0.19754227971387509,11.341104507446289,18.421676635742188,10.005653381347656,10.005653381347656,0.45839357376098633,0.6808345913887024,86.19937896728516,12261.0,12.724971771240234,1810.0,0.0,0.0,1.0756468772888184,153.0,0.0,0.0,5.809352397918701,8.659846305847168,5.1874542236328125,5.1874542236328125,0.8807315826416016,0.9387935996055603,97.58155059814453,3470.0,2.137232780456543,76.0,0.0,0.0,0.2812148630619049,10.0,0.0,0.0,11.007668495178223,16.845577239990234,9.692964553833008,9.692964553833008,0.5476114749908447,0.7426735758781433,86.97975158691406,3093.0,11.83914566040039,421.0,0.0,0.0,1.1811023950576782,42.0,0.0,0.0,13.67782211303711,21.2906551361084,12.01438045501709,12.01438045501709,0.2748938798904419,0.5351287126541138,81.60855102539062,2902.0,16.985376358032227,604.0,0.0,0.0,1.4060741662979126,50.0,0.0,0.0,14.869577407836914,23.353246688842773,13.127814292907715,13.127814292907715,0.12756246328353882,0.39046433568000793,78.62767028808594,2796.0,19.93813133239746,709.0,0.0,0.0,1.434195637702942,51.0,0.0,0.0,0.35714285714285715,0.28947368264198303,0.2610902190208435,0.23327067494392395,0.2161654233932495
7,0.19261157812172378,11.44571304321289,18.48882484436035,10.065278053283691,10.065278053283691,0.4544380307197571,0.678294837474823,85.9322280883789,12223.0,12.99915599822998,1849.0,0.0,0.0,1.0686163902282715,152.0,0.0,0.0,5.770955562591553,8.51037883758545,5.1532769203186035,5.1532769203186035,0.8848131895065308,0.9409531950950623,97.6377944946289,3472.0,2.0809898376464844,74.0,0.0,0.0,0.2812148630619049,10.0,0.0,0.0,11.069669723510742,16.784828186035156,9.728208541870117,9.728208541870117,0.5508683919906616,0.7447366714477539,86.86726379394531,3089.0,11.979752540588379,426.0,0.0,0.0,1.152980923652649,41.0,0.0,0.0,13.85712718963623,21.44422149658203,12.123052597045898,12.123052597045898,0.26439595222473145,0.5272682905197144,80.87738800048828,2876.0,17.716535568237305,630.0,0.0,0.0,1.4060741662979126,50.0,0.0,0.0,15.085101127624512,23.523069381713867,13.256575584411621,13.256575584411621,0.11482787132263184,0.37940436601638794,78.3464584350586,2786.0,20.21934700012207,719.0,0.0,0.0,1.434195637702942,51.0,0.0,0.0,0.42857142857142855,0.28070175647735596,0.25664159655570984,0.23659147322177887,0.22606515884399414
8,0.18605351964810238,11.658890724182129,18.737598419189453,10.274456024169922,10.274456024169922,0.4396577477455139,0.6676509976387024,85.46119689941406,12156.0,13.442069053649902,1912.0,0.0,0.0,1.0967379808425903,156.0,0.0,0.0,5.809811115264893,8.505877494812012,5.1871819496154785,5.1871819496154785,0.8849350214004517,0.9410971403121948,97.69403839111328,3474.0,2.024746894836426,72.0,0.0,0.0,0.2812148630619049,10.0,0.0,0.0,11.253560066223145,16.945003509521484,9.901464462280273,9.901464462280273,0.5422555208206177,0.7388440370559692,86.64229583740234,3081.0,12.120360374450684,431.0,0.0,0.0,1.2373453378677368,44.0,0.0,0.0,14.15937614440918,21.765945434570312,12.423498153686523,12.423498153686523,0.2421581745147705,0.5077438354492188,80.03374481201172,2846.0,18.532058715820312,659.0,0.0,0.0,1.434195637702942,51.0,0.0,0.0,15.412812232971191,23.89876365661621,13.585673332214355,13.585673332214355,0.08632725477218628,0.35277771949768066,77.47468566894531,2755.0,21.091114044189453,750.0,0.0,0.0,1.434195637702942,51.0,0.0,0.0,0.5,0.2719298303127289,0.25219297409057617,0.2399122714996338,0.23596492409706116
9,0.180322367843789,11.881179809570312,18.946300506591797,10.477092742919922,10.477092742919922,0.4271058440208435,0.6586736440658569,85.02531433105469,12094.0,13.870922088623047,1973.0,0.0,0.0,1.1037683486938477,157.0,0.0,0.0,5.865295886993408,8.521383285522461,5.239079475402832,5.239079475402832,0.884515106678009,0.9408569931983948,97.69403839111328,3474.0,2.024746894836426,72.0,0.0,0.0,0.2812148630619049,10.0,0.0,0.0,11.414690971374512,17.080921173095703,10.058856010437012,10.058856010437012,0.5348829030990601,0.7337513566017151,86.30484008789062,3069.0,12.429696083068848,442.0,0.0,0.0,1.2654668092727661,45.0,0.0,0.0,14.489814758300781,22.057544708251953,12.726304054260254,12.726304054260254,0.22171646356582642,0.4901568591594696,79.41506958007812,2824.0,19.15073013305664,681.0,0.0,0.0,1.434195637702942,51.0,0.0,0.0,15.754920959472656,24.185579299926758,13.88413143157959,13.88413143157959,0.0642651915550232,0.3327653706073761,76.68728637695312,2727.0,21.878515243530273,778.0,0.0,0.0,1.434195637702942,51.0,0.0,0.0,0.5714285714285714,0.2631579041481018,0.2477443516254425,0.2432330846786499,0.24586467444896698
10,0.1750369629704885,12.077609062194824,19.139205932617188,10.650510787963867,10.650510787963867,0.41538047790527344,0.6500139832496643,84.772216796875,12058.0,14.116986274719238,2008.0,0.0,0.0,1.110798716545105,158.0,0.0,0.0,5.933090686798096,8.58963680267334,5.294907093048096,5.294907093048096,0.8826577067375183,0.9400004744529724,97.72216033935547,3475.0,1.9966254234313965,71.0,0.0,0.0,0.2812148630619049,10.0,0.0,0.0,11.572402954101562,17.2517147064209,10.196396827697754,10.196396827697754,0.5255348682403564,0.72728031873703,86.19235229492188,3065.0,12.514060974121094,445.0,0.0,0.0,1.2935882806777954,46.0,0.0,0.0,14.744053840637207,22.274799346923828,12.955601692199707,12.955601692199707,0.20630967617034912,0.47698792815208435,78.99324798583984,2809.0,19.572553634643555,696.0,0.0,0.0,1.434195637702942,51.0,0.0,0.0,16.060884475708008,24.447221755981445,14.15514087677002,14.15514087677002,0.04391002655029297,0.31387919187545776,76.18109893798828,2709.0,22.384700775146484,796.0,0.0,0.0,1.434195637702942,51.0,0.0,0.0,0.6428571428571429,0.25438597798347473,0.24329572916030884,0.24655388295650482,0.2557644248008728
11,0.1661707794958168,12.312891960144043,19.42532730102539,10.878840446472168,10.878840446472168,0.3977702260017395,0.6377978920936584,84.26602935791016,11986.0,14.609111785888672,2078.0,0.0,0.0,1.1248594522476196,160.0,0.0,0.0,6.012327671051025,8.695459365844727,5.359904766082764,5.359904766082764,0.8797486424446106,0.9385279417037964,97.60967254638672,3471.0,2.052868366241455,73.0,0.0,0.0,0.3374578058719635,12.0,0.0,0.0,11.758439064025879,17.4571475982666,10.371479034423828,10.371479034423828,0.5141677856445312,0.7192353010177612,85.7705307006836,3050.0,12.935882568359375,460.0,0.0,0.0,1.2935882806777954,46.0,0.0,0.0,15.038518905639648,22.606189727783203,13.248870849609375,13.248870849609375,0.18251794576644897,0.4587402641773224,78.54330444335938,2793.0,20.022497177124023,712.0,0.0,0.0,1.434195637702942,51.0,0.0,0.0,16.442279815673828,24.8590145111084,14.535112380981445,14.535112380981445,0.01142960786819458,0.2921498417854309,75.14060974121094,2672.0,23.425195693969727,833.0,0.0,0.0,1.434195637702942,51.0,0.0,0.0,0.7142857142857143,0.24561403691768646,0.23884710669517517,0.24987469613552094,0.26566416025161743
12,0.15831194985391753,12.516593933105469,19.752979278564453,11.07555866241455,11.07555866241455,0.377282977104187,0.6233383417129517,84.04808807373047,11955.0,14.805962562561035,2106.0,0.0,0.0,1.1459505558013916,163.0,0.0,0.0,6.10255765914917,8.844978332519531,5.44672966003418,5.44672966003418,0.8755776286125183,0.9364223480224609,97.41282653808594,3464.0,2.22159743309021,79.0,0.0,0.0,0.3655792772769928,13.0,0.0,0.0,11.964356422424316,17.772136688232422,10.57286548614502,10.57286548614502,0.4964773654937744,0.7069417238235474,85.43307495117188,3038.0,13.217097282409668,470.0,0.0,0.0,1.349831223487854,48.0,0.0,0.0,15.30521011352539,22.990434646606445,13.507694244384766,13.507694244384766,0.15449178218841553,0.43703392148017883,78.26209259033203,2783.0,20.3037109375,722.0,0.0,0.0,1.434195637702942,51.0,0.0,0.0,16.69424819946289,25.260208129882812,14.77493953704834,14.77493953704834,-0.0207364559173584,0.2681891918182373,75.08436584472656,2670.0,23.481441497802734,835.0,0.0,0.0,1.434195637702942,51.0,0.0,0.0,0.7857142857142857,0.23684212565422058,0.2343984991312027,0.25319552421569824,0.27556392550468445
step,fold9/test_loss,fold9/test_mae,fold9/test_rmse,fold9/test_mard,fold9/test_mape,fold9/test_r2,fold9/test_pearson,fold9/test_ega_zone_a_pct,fold9/test_ega_zone_a_count,fold9/test_ega_zone_b_pct,fold9/test_ega_zone_b_count,fold9/test_ega_zone_c_pct,fold9/test_ega_zone_c_count,fold9/test_ega_zone_d_pct,fold9/test_ega_zone_d_count,fold9/test_ega_zone_e_pct,fold9/test_ega_zone_e_count,fold9/test_horizon_15_mae,fold9/test_horizon_15_rmse,fold9/test_horizon_15_mard,fold9/test_horizon_15_mape,fold9/test_horizon_15_r2,fold9/test_horizon_15_pearson,fold9/test_horizon_15_ega_zone_a_pct,fold9/test_horizon_15_ega_zone_a_count,fold9/test_horizon_15_ega_zone_b_pct,fold9/test_horizon_15_ega_zone_b_count,fold9/test_horizon_15_ega_zone_c_pct,fold9/test_horizon_15_ega_zone_c_count,fold9/test_horizon_15_ega_zone_d_pct,fold9/test_horizon_15_ega_zone_d_count,fold9/test_horizon_15_ega_zone_e_pct,fold9/test_horizon_15_ega_zone_e_count,fold9/test_horizon_30_mae,fold9/test_horizon_30_rmse,fold9/test_horizon_30_mard,fold9/test_horizon_30_mape,fold9/test_horizon_30_r2,fold9/test_horizon_30_pearson,fold9/test_horizon_30_ega_zone_a_pct,fold9/test_horizon_30_ega_zone_a_count,fold9/test_horizon_30_ega_zone_b_pct,fold9/test_horizon_30_ega_zone_b_count,fold9/test_horizon_30_ega_zone_c_pct,fold9/test_horizon_30_ega_zone_c_count,fold9/test_horizon_30_ega_zone_d_pct,fold9/test_horizon_30_ega_zone_d_count,fold9/test_horizon_30_ega_zone_e_pct,fold9/test_horizon_30_ega_zone_e_count,fold9/test_horizon_45_mae,fold9/test_horizon_45_rmse,fold9/test_horizon_45_mard,fold9/test_horizon_45_mape,fold9/test_horizon_45_r2,fold9/test_horizon_45_pearson,fold9/test_horizon_45_ega_zone_a_pct,fold9/test_horizon_45_ega_zone_a_count,fold9/test_horizon_45_ega_zone_b_pct,fold9/test_horizon_45_ega_zone_b_count,fold9/test_horizon_45_ega_zone_c_pct,fold9/test_horizon_45_ega_zone_c_count,fold9/test_horizon_45_ega_zone_d_pct,fold9/test_horizon_45_ega_zone_d_count,fold9/test_horizon_45_ega_zone_e_pct,fold9/test_horizon_45_ega_zone_e_count,fold9/test_horizon_60_mae,fold9/test_horizon_60_rmse,fold9/test_horizon_60_mard,fold9/test_horizon_60_mape,fold9/test_horizon_60_r2,fold9/test_horizon_60_pearson,fold9/test_horizon_60_ega_zone_a_pct,fold9/test_horizon_60_ega_zone_a_count,fold9/test_horizon_60_ega_zone_b_pct,fold9/test_horizon_60_ega_zone_b_count,fold9/test_horizon_60_ega_zone_c_pct,fold9/test_horizon_60_ega_zone_c_count,fold9/test_horizon_60_ega_zone_d_pct,fold9/test_horizon_60_ega_zone_d_count,fold9/test_horizon_60_ega_zone_e_pct,fold9/test_horizon_60_ega_zone_e_count
0,0.29208383313818637,10.360307693481445,16.578441619873047,7.640440940856934,7.640440940856934,0.4844675660133362,0.7280486226081848,91.23612213134766,7558.0,8.763882637023926,726.0,0.0,0.0,0.0,0.0,0.0,0.0,5.429357051849365,8.229077339172363,4.117134094238281,4.117134094238281,0.8729975819587708,0.9394609928131104,98.74456787109375,2045.0,1.25543212890625,26.0,0.0,0.0,0.0,0.0,0.0,0.0,9.905263900756836,15.038260459899902,7.333931922912598,7.333931922912598,0.5756088495254517,0.7856711745262146,92.37083435058594,1913.0,7.629164218902588,158.0,0.0,0.0,0.0,0.0,0.0,0.0,12.335768699645996,18.979236602783203,9.044151306152344,9.044151306152344,0.3242608904838562,0.6287360787391663,87.83197021484375,1819.0,12.168034553527832,252.0,0.0,0.0,0.0,0.0,0.0,0.0,13.770840644836426,21.102142333984375,10.06654167175293,10.06654167175293,0.16510343551635742,0.5131855010986328,85.99710083007812,1781.0,14.002897262573242,290.0,0.0,0.0,0.0,0.0,0.0,0.0
step,fold10/train_loss,fold10/val_mae,fold10/val_rmse,fold10/val_mard,fold10/val_mape,fold10/val_r2,fold10/val_pearson,fold10/val_ega_zone_a_pct,fold10/val_ega_zone_a_count,fold10/val_ega_zone_b_pct,fold10/val_ega_zone_b_count,fold10/val_ega_zone_c_pct,fold10/val_ega_zone_c_count,fold10/val_ega_zone_d_pct,fold10/val_ega_zone_d_count,fold10/val_ega_zone_e_pct,fold10/val_ega_zone_e_count,fold10/val_horizon_15_mae,fold10/val_horizon_15_rmse,fold10/val_horizon_15_mard,fold10/val_horizon_15_mape,fold10/val_horizon_15_r2,fold10/val_horizon_15_pearson,fold10/val_horizon_15_ega_zone_a_pct,fold10/val_horizon_15_ega_zone_a_count,fold10/val_horizon_15_ega_zone_b_pct,fold10/val_horizon_15_ega_zone_b_count,fold10/val_horizon_15_ega_zone_c_pct,fold10/val_horizon_15_ega_zone_c_count,fold10/val_horizon_15_ega_zone_d_pct,fold10/val_horizon_15_ega_zone_d_count,fold10/val_horizon_15_ega_zone_e_pct,fold10/val_horizon_15_ega_zone_e_count,fold10/val_horizon_30_mae,fold10/val_horizon_30_rmse,fold10/val_horizon_30_mard,fold10/val_horizon_30_mape,fold10/val_horizon_30_r2,fold10/val_horizon_30_pearson,fold10/val_horizon_30_ega_zone_a_pct,fold10/val_horizon_30_ega_zone_a_count,fold10/val_horizon_30_ega_zone_b_pct,fold10/val_horizon_30_ega_zone_b_count,fold10/val_horizon_30_ega_zone_c_pct,fold10/val_horizon_30_ega_zone_c_count,fold10/val_horizon_30_ega_zone_d_pct,fold10/val_horizon_30_ega_zone_d_count,fold10/val_horizon_30_ega_zone_e_pct,fold10/val_horizon_30_ega_zone_e_count,fold10/val_horizon_45_mae,fold10/val_horizon_45_rmse,fold10/val_horizon_45_mard,fold10/val_horizon_45_mape,fold10/val_horizon_45_r2,fold10/val_horizon_45_pearson,fold10/val_horizon_45_ega_zone_a_pct,fold10/val_horizon_45_ega_zone_a_count,fold10/val_horizon_45_ega_zone_b_pct,fold10/val_horizon_45_ega_zone_b_count,fold10/val_horizon_45_ega_zone_c_pct,fold10/val_horizon_45_ega_zone_c_count,fold10/val_horizon_45_ega_zone_d_pct,fold10/val_horizon_45_ega_zone_d_count,fold10/val_horizon_45_ega_zone_e_pct,fold10/val_horizon_45_ega_zone_e_count,fold10/val_horizon_60_mae,fold10/val_horizon_60_rmse,fold10/val_horizon_60_mard,fold10/val_horizon_60_mape,fold10/val_horizon_60_r2,fold10/val_horizon_60_pearson,fold10/val_horizon_60_ega_zone_a_pct,fold10/val_horizon_60_ega_zone_a_count,fold10/val_horizon_60_ega_zone_b_pct,fold10/val_horizon_60_ega_zone_b_count,fold10/val_horizon_60_ega_zone_c_pct,fold10/val_horizon_60_ega_zone_c_count,fold10/val_horizon_60_ega_zone_d_pct,fold10/val_horizon_60_ega_zone_d_count,fold10/val_horizon_60_ega_zone_e_pct,fold10/val_horizon_60_ega_zone_e_count,fold10/diag_horizon_curriculum_progress,fold10/diag_loss_horizon_weight_0,fold10/diag_loss_horizon_weight_1,fold10/diag_loss_horizon_weight_2,fold10/diag_loss_horizon_weight_3
1,0.35145339599570796,13.522590637207031,18.064268112182617,12.186129570007324,12.186129570007324,0.2528166174888611,0.6695623993873596,79.96147918701172,19098.0,20.000837326049805,4777.0,0.0,0.0,0.03768213093280792,9.0,0.0,0.0,11.985578536987305,16.228010177612305,10.743459701538086,10.743459701538086,0.39411991834640503,0.8112813234329224,85.46307373046875,5103.0,14.503433227539062,866.0,0.0,0.0,0.0334952250123024,2.0,0.0,0.0,13.455179214477539,17.951370239257812,12.143896102905273,12.143896102905273,0.26186418533325195,0.6943998336791992,79.98660278320312,4776.0,19.979902267456055,1193.0,0.0,0.0,0.0334952250123024,2.0,0.0,0.0,13.922005653381348,18.572864532470703,12.504265785217285,12.504265785217285,0.21168553829193115,0.6097800135612488,78.96499633789062,4715.0,21.001506805419922,1254.0,0.0,0.0,0.0334952250123024,2.0,0.0,0.0,14.727594375610352,19.357683181762695,13.352899551391602,13.352899551391602,0.14469146728515625,0.5520474314689636,75.4312515258789,4504.0,24.51850700378418,1464.0,0.0,0.0,0.0502428375184536,3.0,0.0,0.0,0.0,0.3333333432674408,0.28333333134651184,0.21666665375232697,0.1666666716337204
2,0.24245487946042873,10.09158706665039,14.998509407043457,8.848058700561523,8.848058700561523,0.4849105477333069,0.7055702209472656,90.03935241699219,21505.0,9.922961235046387,2370.0,0.0,0.0,0.03768213093280792,9.0,0.0,0.0,6.880883693695068,10.52242660522461,6.01996374130249,6.01996374130249,0.7452653646469116,0.8723149299621582,96.49974822998047,5762.0,3.4667558670043945,207.0,0.0,0.0,0.0334952250123024,2.0,0.0,0.0,9.697237968444824,14.581206321716309,8.446393966674805,8.446393966674805,0.5130010843276978,0.7245604395866394,91.64293670654297,5472.0,8.323563575744629,497.0,0.0,0.0,0.0334952250123024,2.0,0.0,0.0,11.370434761047363,16.467208862304688,9.951038360595703,9.951038360595703,0.38029974699020386,0.6266317963600159,87.43929290771484,5221.0,12.527215957641602,748.0,0.0,0.0,0.0334952250123024,2.0,0.0,0.0,12.417791366577148,17.4733829498291,10.974843978881836,10.974843978881836,0.3031007647514343,0.5628522634506226,84.57544708251953,5050.0,15.374308586120605,918.0,0.0,0.0,0.0502428375184536,3.0,0.0,0.0,0.07142857142857142,0.3245614171028137,0.2788847088813782,0.21998745203018188,0.17656642198562622
3,0.21782564749176242,9.052538871765137,14.060606002807617,7.834834098815918,7.834834098815918,0.5473166704177856,0.740286111831665,92.04069519042969,21983.0,7.921621322631836,1892.0,0.0,0.0,0.03768213093280792,9.0,0.0,0.0,5.403260707855225,8.316377639770508,4.723180770874023,4.723180770874023,0.8408800959587097,0.9178034067153931,98.07402801513672,5856.0,1.8924802541732788,113.0,0.0,0.0,0.0334952250123024,2.0,0.0,0.0,8.670598983764648,13.45375919342041,7.483979225158691,7.483979225158691,0.5854008197784424,0.7657835483551025,93.01624298095703,5554.0,6.950260162353516,415.0,0.0,0.0,0.0334952250123024,2.0,0.0,0.0,10.507186889648438,15.817030906677246,9.061538696289062,9.061538696289062,0.4282691478729248,0.6548113226890564,89.96817779541016,5372.0,9.99832534790039,597.0,0.0,0.0,0.0334952250123024,2.0,0.0,0.0,11.629109382629395,17.04283332824707,10.070636749267578,10.070636749267578,0.3370211124420166,0.5806352496147156,87.10433959960938,5201.0,12.845418930053711,767.0,0.0,0.0,0.0502428375184536,3.0,0.0,0.0,0.14285714285714285,0.31578949093818665,0.2744360864162445,0.223308265209198,0.18646617233753204
4,0.20727192672212713,8.766788482666016,13.719460487365723,7.571277141571045,7.571277141571045,0.569016695022583,0.7545587420463562,92.580810546875,22112.0,7.3815107345581055,1763.0,0.0,0.0,0.03768213093280792,9.0,0.0,0.0,4.884398460388184,7.434241771697998,4.288020133972168,4.288020133972168,0.8728461265563965,0.9345795512199402,98.69368743896484,5893.0,1.272818684577942,76.0,0.0,0.0,0.0334952250123024,2.0,0.0,0.0,8.344033241271973,12.962945938110352,7.2060136795043945,7.2060136795043945,0.6150994300842285,0.7845929861068726,93.4516830444336,5580.0,6.514822006225586,389.0,0.0,0.0,0.0334952250123024,2.0,0.0,0.0,10.314836502075195,15.58795166015625,8.86643123626709,8.86643123626709,0.4447101354598999,0.6672042608261108,90.31987762451172,5393.0,9.646625518798828,576.0,0.0,0.0,0.0334952250123024,2.0,0.0,0.0,11.523884773254395,16.929386138916016,9.924640655517578,9.924640655517578,0.3458181619644165,0.5888063311576843,87.85797882080078,5246.0,12.091776847839355,722.0,0.0,0.0,0.0502428375184536,3.0,0.0,0.0,0.21428571428571427,0.30701756477355957,0.26998746395111084,0.22662906348705292,0.19636592268943787
5,0.20115780629097924,8.666230201721191,13.573723793029785,7.478848934173584,7.478848934173584,0.5781243443489075,0.7606282234191895,92.96600341796875,22204.0,6.996315956115723,1671.0,0.0,0.0,0.03768213093280792,9.0,0.0,0.0,4.601737022399902,6.9409661293029785,4.049062728881836,4.049062728881836,0.88916015625,0.9432109594345093,99.09562683105469,5917.0,0.870875895023346,52.0,0.0,0.0,0.0334952250123024,2.0,0.0,0.0,8.215209007263184,12.70906925201416,7.104695796966553,7.104695796966553,0.6300281882286072,0.7939955592155457,93.66940307617188,5593.0,6.297102451324463,376.0,0.0,0.0,0.0334952250123024,2.0,0.0,0.0,10.286690711975098,15.513343811035156,8.828561782836914,8.828561782836914,0.45001280307769775,0.6714543700218201,90.70507049560547,5416.0,9.261429786682129,553.0,0.0,0.0,0.0334952250123024,2.0,0.0,0.0,11.561286926269531,16.929931640625,9.933076858520508,9.933076858520508,0.3457760214805603,0.5895115733146667,88.39390563964844,5278.0,11.555853843688965,690.0,0.0,0.0,0.0502428375184536,3.0,0.0,0.0,0.2857142857142857,0.2982456088066101,0.2655388414859772,0.22994986176490784,0.2062656730413437
6,0.19750449268761064,8.62993335723877,13.514822959899902,7.447436332702637,7.447436332702637,0.5817776918411255,0.7630205750465393,93.0036849975586,22213.0,6.9586334228515625,1662.0,0.0,0.0,0.03768213093280792,9.0,0.0,0.0,4.430927276611328,6.6505842208862305,3.90659761428833,3.90659761428833,0.898240327835083,0.9479091167449951,99.21286010742188,5924.0,0.7536426186561584,45.0,0.0,0.0,0.0334952250123024,2.0,0.0,0.0,8.174750328063965,12.578447341918945,7.078187942504883,7.078187942504883,0.6375942230224609,0.7986285090446472,93.85363006591797,5604.0,6.112878799438477,365.0,0.0,0.0,0.0334952250123024,2.0,0.0,0.0,10.296295166015625,15.498209953308105,8.836338996887207,8.836338996887207,0.4510854482650757,0.6723878383636475,90.77206420898438,5420.0,9.194439888000488,549.0,0.0,0.0,0.0334952250123024,2.0,0.0,0.0,11.617759704589844,16.96937370300293,9.968621253967285,9.968621253967285,0.34272414445877075,0.5875743627548218,88.17618560791016,5265.0,11.773571968078613,703.0,0.0,0.0,0.0502428375184536,3.0,0.0,0.0,0.35714285714285715,0.28947368264198303,0.2610902190208435,0.23327067494392395,0.2161654233932495
7,0.19507979326694314,8.699463844299316,13.566933631896973,7.504980087280273,7.504980087280273,0.5785463452339172,0.7609371542930603,92.80690002441406,22166.0,7.155417442321777,1709.0,0.0,0.0,0.03768213093280792,9.0,0.0,0.0,4.375855922698975,6.516443729400635,3.860262393951416,3.860262393951416,0.9023038744926453,0.9501720666885376,99.17936706542969,5922.0,0.7871378064155579,47.0,0.0,0.0,0.0334952250123024,2.0,0.0,0.0,8.201796531677246,12.542594909667969,7.103427410125732,7.103427410125732,0.6396571397781372,0.79997718334198,93.83688354492188,5603.0,6.129626750946045,366.0,0.0,0.0,0.0334952250123024,2.0,0.0,0.0,10.421825408935547,15.58230209350586,8.9381742477417,8.9381742477417,0.4451124668121338,0.6679566502571106,90.58784484863281,5409.0,9.378663063049316,560.0,0.0,0.0,0.0334952250123024,2.0,0.0,0.0,11.798377990722656,17.136445999145508,10.118056297302246,10.118056297302246,0.3297179341316223,0.5766614079475403,87.6235122680664,5232.0,12.32624340057373,736.0,0.0,0.0,0.0502428375184536,3.0,0.0,0.0,0.42857142857142855,0.28070175647735596,0.25664159655570984,0.23659147322177887,0.22606515884399414
8,0.19218813127262857,8.83359146118164,13.642720222473145,7.625701904296875,7.625701904296875,0.5738246440887451,0.7578139305114746,92.58917999267578,22114.0,7.377323627471924,1762.0,0.0,0.0,0.0334952250123024,8.0,0.0,0.0,4.376124382019043,6.461567401885986,3.864980936050415,3.864980936050415,0.903942346572876,0.9511260390281677,99.29660034179688,5929.0,0.6699045300483704,40.0,0.0,0.0,0.0334952250123024,2.0,0.0,0.0,8.301399230957031,12.563807487487793,7.1905741691589355,7.1905741691589355,0.6384372711181641,0.7992866039276123,93.73638916015625,5597.0,6.230112075805664,372.0,0.0,0.0,0.0334952250123024,2.0,0.0,0.0,10.632970809936523,15.69556999206543,9.124597549438477,9.124597549438477,0.43701618909835815,0.6617534756660461,90.26963806152344,5390.0,9.696867942810059,579.0,0.0,0.0,0.0334952250123024,2.0,0.0,0.0,12.023873329162598,17.278404235839844,10.322654724121094,10.322654724121094,0.3185667395591736,0.5667725801467896,87.0541000366211,5198.0,12.912410736083984,771.0,0.0,0.0,0.0334952250123024,2.0,0.0,0.0,0.5,0.2719298303127289,0.25219297409057617,0.2399122714996338,0.23596492409706116
9,0.1874903142428997,9.021281242370605,13.769253730773926,7.79108190536499,7.79108190536499,0.5658825635910034,0.7524807453155518,92.22073364257812,22026.0,7.754144668579102,1852.0,0.0,0.0,0.0251214187592268,6.0,0.0,0.0,4.476010799407959,6.510556697845459,3.9569575786590576,3.9569575786590576,0.9024803042411804,0.9504379034042358,99.3301010131836,5931.0,0.636409342288971,38.0,0.0,0.0,0.0334952250123024,2.0,0.0,0.0,8.501453399658203,12.668118476867676,7.368877410888672,7.368877410888672,0.632408618927002,0.795482337474823,93.82012939453125,5602.0,6.146373748779297,367.0,0.0,0.0,0.0334952250123024,2.0,0.0,0.0,10.84844970703125,15.841195106506348,9.314937591552734,9.314937591552734,0.4265209436416626,0.6537373661994934,89.56623840332031,5348.0,10.41701602935791,622.0,0.0,0.0,0.0167476125061512,1.0,0.0,0.0,12.259207725524902,17.45157241821289,10.523553848266602,10.523553848266602,0.3048393726348877,0.5556689500808716,86.16647338867188,5145.0,13.816781044006348,825.0,0.0,0.0,0.0167476125061512,1.0,0.0,0.0,0.5714285714285714,0.2631579041481018,0.2477443516254425,0.2432330846786499,0.24586467444896698
10,0.18220872921609707,9.122265815734863,13.829188346862793,7.897063255310059,7.897063255310059,0.562095046043396,0.7498522400856018,91.8229751586914,21931.0,8.151901245117188,1947.0,0.0,0.0,0.0251214187592268,6.0,0.0,0.0,4.527233600616455,6.552318572998047,4.007448196411133,4.007448196411133,0.901225209236145,0.9497774839401245,99.3301010131836,5931.0,0.636409342288971,38.0,0.0,0.0,0.0334952250123024,2.0,0.0,0.0,8.649680137634277,12.764519691467285,7.511852741241455,7.511852741241455,0.6267927885055542,0.7918985486030579,93.58566284179688,5588.0,6.380840301513672,381.0,0.0,0.0,0.0334952250123024,2.0,0.0,0.0,10.962498664855957,15.90621566772461,9.437007904052734,9.437007904052734,0.4218035340309143,0.6500086188316345,88.96332550048828,5312.0,11.019929885864258,658.0,0.0,0.0,0.0167476125061512,1.0,0.0,0.0,12.349648475646973,17.496065139770508,10.631942749023438,10.631942749023438,0.30129021406173706,0.552509605884552,85.41282653808594,5100.0,14.57042407989502,870.0,0.0,0.0,0.0167476125061512,1.0,0.0,0.0,0.6428571428571429,0.25438597798347473,0.24329572916030884,0.24655388295650482,0.2557644248008728
11,0.1770926109901402,9.272838592529297,13.996521949768066,8.034968376159668,8.034968376159668,0.5514336824417114,0.7427663803100586,91.48384094238281,21850.0,8.491040229797363,2028.0,0.0,0.0,0.0251214187592268,6.0,0.0,0.0,4.566760063171387,6.609385967254639,4.038252830505371,4.038252830505371,0.8994971513748169,0.9488499760627747,99.3301010131836,5931.0,0.636409342288971,38.0,0.0,0.0,0.0334952250123024,2.0,0.0,0.0,8.789802551269531,12.901761054992676,7.638222694396973,7.638222694396973,0.6187242865562439,0.7866467237472534,93.46843719482422,5581.0,6.498073577880859,388.0,0.0,0.0,0.0334952250123024,2.0,0.0,0.0,11.180130958557129,16.109066009521484,9.639267921447754,9.639267921447754,0.40696215629577637,0.6391569972038269,88.32691192626953,5274.0,11.656338691711426,696.0,0.0,0.0,0.0167476125061512,1.0,0.0,0.0,12.554658889770508,17.71917152404785,10.824131965637207,10.824131965637207,0.2833569049835205,0.5388272404670715,84.8099136352539,5064.0,15.173337936401367,906.0,0.0,0.0,0.0167476125061512,1.0,0.0,0.0,0.7142857142857143,0.24561403691768646,0.23884710669517517,0.24987469613552094,0.26566416025161743
12,0.17099325988058775,9.368216514587402,14.115118026733398,8.134528160095215,8.134528160095215,0.5437997579574585,0.738039493560791,90.98978424072266,21732.0,8.976720809936523,2144.0,0.0,0.0,0.0334952250123024,8.0,0.0,0.0,4.617135047912598,6.6754937171936035,4.088874340057373,4.088874340057373,0.8974766135215759,0.947723925113678,99.34683990478516,5932.0,0.6196616888046265,37.0,0.0,0.0,0.0334952250123024,2.0,0.0,0.0,8.918861389160156,13.043173789978027,7.7715983390808105,7.7715983390808105,0.6103204488754272,0.7813323736190796,92.96600341796875,5551.0,7.000502109527588,418.0,0.0,0.0,0.0334952250123024,2.0,0.0,0.0,11.305780410766602,16.269020080566406,9.767724990844727,9.767724990844727,0.3951265215873718,0.6318476796150208,87.37229919433594,5217.0,12.594204902648926,752.0,0.0,0.0,0.0334952250123024,2.0,0.0,0.0,12.631089210510254,17.820735931396484,10.909916877746582,10.909916877746582,0.27511799335479736,0.5347239375114441,84.27398681640625,5032.0,15.692514419555664,937.0,0.0,0.0,0.0334952250123024,2.0,0.0,0.0,0.7857142857142857,0.23684212565422058,0.2343984991312027,0.25319552421569824,0.27556392550468445
13,0.1651803314289139,9.443851470947266,14.254576683044434,8.199249267578125,8.199249267578125,0.534740686416626,0.7329772710800171,90.7636947631836,21678.0,9.202813148498535,2198.0,0.0,0.0,0.0334952250123024,8.0,0.0,0.0,4.650294780731201,6.7547197341918945,4.111618995666504,4.111618995666504,0.8950286507606506,0.9463748931884766,99.27985382080078,5928.0,0.6866521835327148,41.0,0.0,0.0,0.0334952250123024,2.0,0.0,0.0,9.006754875183105,13.200115203857422,7.83941650390625,7.83941650390625,0.600886344909668,0.7755244374275208,92.83202362060547,5543.0,7.1344828605651855,426.0,0.0,0.0,0.0334952250123024,2.0,0.0,0.0,11.420567512512207,16.455156326293945,9.868143081665039,9.868143081665039,0.38120657205581665,0.6246227622032166,86.869873046875,5187.0,13.096633911132812,782.0,0.0,0.0,0.0334952250123024,2.0,0.0,0.0,12.697786331176758,17.9479923248291,10.977818489074707,10.977818489074707,0.2647283673286438,0.5322332978248596,84.0730209350586,5020.0,15.893485069274902,949.0,0.0,0.0,0.0334952250123024,2.0,0.0,0.0,0.8571428571428571,0.22807016968727112,0.22994986176490784,0.25651630759239197,0.2854636609554291
14,0.15680882270403215,9.520112037658691,14.386836051940918,8.259171485900879,8.259171485900879,0.5260668992996216,0.7283608913421631,90.52922821044922,21622.0,9.43727970123291,2254.0,0.0,0.0,0.0334952250123024,8.0,0.0,0.0,4.709451675415039,6.861669063568115,4.157468318939209,4.157468318939209,0.8916782736778259,0.9445254802703857,99.26310729980469,5927.0,0.7033997774124146,42.0,0.0,0.0,0.0334952250123024,2.0,0.0,0.0,9.116440773010254,13.37829303741455,7.923218727111816,7.923218727111816,0.590039074420929,0.769014835357666,92.36309051513672,5515.0,7.603416442871094,454.0,0.0,0.0,0.0334952250123024,2.0,0.0,0.0,11.539031982421875,16.64213752746582,9.964418411254883,9.964418411254883,0.36706382036209106,0.6177654266357422,86.61865234375,5172.0,13.347847938537598,797.0,0.0,0.0,0.0334952250123024,2.0,0.0,0.0,12.715520858764648,18.025047302246094,10.99158000946045,10.99158000946045,0.25840145349502563,0.5327920317649841,83.8720474243164,5008.0,16.09445571899414,961.0,0.0,0.0,0.0334952250123024,2.0,0.0,0.0,0.9285714285714286,0.21929824352264404,0.22550123929977417,0.2598370909690857,0.2953633964061737
step,fold10/test_loss,fold10/test_mae,fold10/test_rmse,fold10/test_mard,fold10/test_mape,fold10/test_r2,fold10/test_pearson,fold10/test_ega_zone_a_pct,fold10/test_ega_zone_a_count,fold10/test_ega_zone_b_pct,fold10/test_ega_zone_b_count,fold10/test_ega_zone_c_pct,fold10/test_ega_zone_c_count,fold10/test_ega_zone_d_pct,fold10/test_ega_zone_d_count,fold10/test_ega_zone_e_pct,fold10/test_ega_zone_e_count,fold10/test_horizon_15_mae,fold10/test_horizon_15_rmse,fold10/test_horizon_15_mard,fold10/test_horizon_15_mape,fold10/test_horizon_15_r2,fold10/test_horizon_15_pearson,fold10/test_horizon_15_ega_zone_a_pct,fold10/test_horizon_15_ega_zone_a_count,fold10/test_horizon_15_ega_zone_b_pct,fold10/test_horizon_15_ega_zone_b_count,fold10/test_horizon_15_ega_zone_c_pct,fold10/test_horizon_15_ega_zone_c_count,fold10/test_horizon_15_ega_zone_d_pct,fold10/test_horizon_15_ega_zone_d_count,fold10/test_horizon_15_ega_zone_e_pct,fold10/test_horizon_15_ega_zone_e_count,fold10/test_horizon_30_mae,fold10/test_horizon_30_rmse,fold10/test_horizon_30_mard,fold10/test_horizon_30_mape,fold10/test_horizon_30_r2,fold10/test_horizon_30_pearson,fold10/test_horizon_30_ega_zone_a_pct,fold10/test_horizon_30_ega_zone_a_count,fold10/test_horizon_30_ega_zone_b_pct,fold10/test_horizon_30_ega_zone_b_count,fold10/test_horizon_30_ega_zone_c_pct,fold10/test_horizon_30_ega_zone_c_count,fold10/test_horizon_30_ega_zone_d_pct,fold10/test_horizon_30_ega_zone_d_count,fold10/test_horizon_30_ega_zone_e_pct,fold10/test_horizon_30_ega_zone_e_count,fold10/test_horizon_45_mae,fold10/test_horizon_45_rmse,fold10/test_horizon_45_mard,fold10/test_horizon_45_mape,fold10/test_horizon_45_r2,fold10/test_horizon_45_pearson,fold10/test_horizon_45_ega_zone_a_pct,fold10/test_horizon_45_ega_zone_a_count,fold10/test_horizon_45_ega_zone_b_pct,fold10/test_horizon_45_ega_zone_b_count,fold10/test_horizon_45_ega_zone_c_pct,fold10/test_horizon_45_ega_zone_c_count,fold10/test_horizon_45_ega_zone_d_pct,fold10/test_horizon_45_ega_zone_d_count,fold10/test_horizon_45_ega_zone_e_pct,fold10/test_horizon_45_ega_zone_e_count,fold10/test_horizon_60_mae,fold10/test_horizon_60_rmse,fold10/test_horizon_60_mard,fold10/test_horizon_60_mape,fold10/test_horizon_60_r2,fold10/test_horizon_60_pearson,fold10/test_horizon_60_ega_zone_a_pct,fold10/test_horizon_60_ega_zone_a_count,fold10/test_horizon_60_ega_zone_b_pct,fold10/test_horizon_60_ega_zone_b_count,fold10/test_horizon_60_ega_zone_c_pct,fold10/test_horizon_60_ega_zone_c_count,fold10/test_horizon_60_ega_zone_d_pct,fold10/test_horizon_60_ega_zone_d_count,fold10/test_horizon_60_ega_zone_e_pct,fold10/test_horizon_60_ega_zone_e_count
0,0.40368525745642275,12.917784690856934,21.418420791625977,11.398603439331055,11.398603439331055,0.47360438108444214,0.6924669146537781,83.57817840576172,6372.0,14.572402954101562,1111.0,0.0,0.0,1.849422812461853,141.0,0.0,0.0,6.38634729385376,9.586126327514648,5.722653388977051,5.722653388977051,0.8952875733375549,0.9462594985961914,96.64218139648438,1842.0,2.885624408721924,55.0,0.0,0.0,0.47219306230545044,9.0,0.0,0.0,12.381690979003906,19.177892684936523,10.927069664001465,10.927069664001465,0.5788875818252563,0.7629545331001282,83.26338195800781,1587.0,14.847848892211914,283.0,0.0,0.0,1.8887722492218018,36.0,0.0,0.0,15.64171028137207,24.64035987854004,13.740436553955078,13.740436553955078,0.3010505437850952,0.559464693069458,78.17418670654297,1490.0,19.35991668701172,369.0,0.0,0.0,2.46589732170105,47.0,0.0,0.0,17.261388778686523,27.71573829650879,15.204249382019043,15.204249382019043,0.1133188009262085,0.3842078447341919,76.23294830322266,1453.0,21.19622230529785,404.0,0.0,0.0,2.570828914642334,49.0,0.0,0.0
step,fold11/train_loss,fold11/val_mae,fold11/val_rmse,fold11/val_mard,fold11/val_mape,fold11/val_r2,fold11/val_pearson,fold11/val_ega_zone_a_pct,fold11/val_ega_zone_a_count,fold11/val_ega_zone_b_pct,fold11/val_ega_zone_b_count,fold11/val_ega_zone_c_pct,fold11/val_ega_zone_c_count,fold11/val_ega_zone_d_pct,fold11/val_ega_zone_d_count,fold11/val_ega_zone_e_pct,fold11/val_ega_zone_e_count,fold11/val_horizon_15_mae,fold11/val_horizon_15_rmse,fold11/val_horizon_15_mard,fold11/val_horizon_15_mape,fold11/val_horizon_15_r2,fold11/val_horizon_15_pearson,fold11/val_horizon_15_ega_zone_a_pct,fold11/val_horizon_15_ega_zone_a_count,fold11/val_horizon_15_ega_zone_b_pct,fold11/val_horizon_15_ega_zone_b_count,fold11/val_horizon_15_ega_zone_c_pct,fold11/val_horizon_15_ega_zone_c_count,fold11/val_horizon_15_ega_zone_d_pct,fold11/val_horizon_15_ega_zone_d_count,fold11/val_horizon_15_ega_zone_e_pct,fold11/val_horizon_15_ega_zone_e_count,fold11/val_horizon_30_mae,fold11/val_horizon_30_rmse,fold11/val_horizon_30_mard,fold11/val_horizon_30_mape,fold11/val_horizon_30_r2,fold11/val_horizon_30_pearson,fold11/val_horizon_30_ega_zone_a_pct,fold11/val_horizon_30_ega_zone_a_count,fold11/val_horizon_30_ega_zone_b_pct,fold11/val_horizon_30_ega_zone_b_count,fold11/val_horizon_30_ega_zone_c_pct,fold11/val_horizon_30_ega_zone_c_count,fold11/val_horizon_30_ega_zone_d_pct,fold11/val_horizon_30_ega_zone_d_count,fold11/val_horizon_30_ega_zone_e_pct,fold11/val_horizon_30_ega_zone_e_count,fold11/val_horizon_45_mae,fold11/val_horizon_45_rmse,fold11/val_horizon_45_mard,fold11/val_horizon_45_mape,fold11/val_horizon_45_r2,fold11/val_horizon_45_pearson,fold11/val_horizon_45_ega_zone_a_pct,fold11/val_horizon_45_ega_zone_a_count,fold11/val_horizon_45_ega_zone_b_pct,fold11/val_horizon_45_ega_zone_b_count,fold11/val_horizon_45_ega_zone_c_pct,fold11/val_horizon_45_ega_zone_c_count,fold11/val_horizon_45_ega_zone_d_pct,fold11/val_horizon_45_ega_zone_d_count,fold11/val_horizon_45_ega_zone_e_pct,fold11/val_horizon_45_ega_zone_e_count,fold11/val_horizon_60_mae,fold11/val_horizon_60_rmse,fold11/val_horizon_60_mard,fold11/val_horizon_60_mape,fold11/val_horizon_60_r2,fold11/val_horizon_60_pearson,fold11/val_horizon_60_ega_zone_a_pct,fold11/val_horizon_60_ega_zone_a_count,fold11/val_horizon_60_ega_zone_b_pct,fold11/val_horizon_60_ega_zone_b_count,fold11/val_horizon_60_ega_zone_c_pct,fold11/val_horizon_60_ega_zone_c_count,fold11/val_horizon_60_ega_zone_d_pct,fold11/val_horizon_60_ega_zone_d_count,fold11/val_horizon_60_ega_zone_e_pct,fold11/val_horizon_60_ega_zone_e_count,fold11/diag_horizon_curriculum_progress,fold11/diag_loss_horizon_weight_0,fold11/diag_loss_horizon_weight_1,fold11/diag_loss_horizon_weight_2,fold11/diag_loss_horizon_weight_3
1,0.3312865288039438,14.545804977416992,22.040943145751953,12.985881805419922,12.985881805419922,0.2246713638305664,0.543559730052948,79.53459167480469,11313.0,18.996063232421875,2702.0,0.0,0.0,1.469347596168518,209.0,0.0,0.0,12.400700569152832,18.59636878967285,11.137720108032227,11.137720108032227,0.4500018358230591,0.7850226163864136,83.4083251953125,2966.0,15.101237297058105,537.0,0.0,0.0,1.49043869972229,53.0,0.0,0.0,14.712761878967285,22.003202438354492,13.225913047790527,13.225913047790527,0.2281879186630249,0.5714625716209412,78.40269470214844,2788.0,20.106861114501953,715.0,0.0,0.0,1.49043869972229,53.0,0.0,0.0,15.21333122253418,23.14131736755371,13.513046264648438,13.513046264648438,0.14335733652114868,0.42334455251693726,79.02136993408203,2810.0,19.51630973815918,694.0,0.0,0.0,1.4623171091079712,52.0,0.0,0.0,15.856423377990723,24.03593635559082,14.066847801208496,14.066847801208496,0.0758088231086731,0.29831504821777344,77.30596160888672,2749.0,21.259841918945312,756.0,0.0,0.0,1.434195637702942,51.0,0.0,0.0,0.0,0.3333333432674408,0.28333333134651184,0.21666665375232697,0.1666666716337204
2,0.23385780665442613,12.318622589111328,19.648439407348633,10.971827507019043,10.971827507019043,0.38385677337646484,0.620471179485321,84.3714828491211,12001.0,14.25056266784668,2027.0,0.0,0.0,1.3779526948928833,196.0,0.0,0.0,8.172836303710938,12.48787784576416,7.2813639640808105,7.2813639640808105,0.751982569694519,0.8715086579322815,93.27896118164062,3317.0,5.596175193786621,199.0,0.0,0.0,1.1248594522476196,40.0,0.0,0.0,12.10805606842041,18.813777923583984,10.76834774017334,10.76834774017334,0.4357237219810486,0.6618515253067017,84.19572448730469,2994.0,14.313836097717285,509.0,0.0,0.0,1.49043869972229,53.0,0.0,0.0,13.903045654296875,21.858488082885742,12.370424270629883,12.370424270629883,0.23570024967193604,0.4884242117404938,80.8492660522461,2875.0,17.688413619995117,629.0,0.0,0.0,1.4623171091079712,52.0,0.0,0.0,15.090553283691406,23.59122657775879,13.467177391052246,13.467177391052246,0.10969090461730957,0.3482924699783325,79.16197967529297,2815.0,19.403823852539062,690.0,0.0,0.0,1.434195637702942,51.0,0.0,0.0,0.07142857142857142,0.3245614171028137,0.2788847088813782,0.21998745203018188,0.17656642198562622
3,0.21157262077351577,11.609367370605469,18.801532745361328,10.353650093078613,10.353650093078613,0.435827374458313,0.6624307632446289,85.86192321777344,12213.0,12.942913055419922,1841.0,0.0,0.0,1.1951631307601929,170.0,0.0,0.0,6.7058796882629395,10.172245025634766,6.003486633300781,6.003486633300781,0.8354345560073853,0.9144278764724731,95.80989837646484,3407.0,3.627671718597412,129.0,0.0,0.0,0.5624297261238098,20.0,0.0,0.0,11.261634826660156,17.46761131286621,9.997920989990234,9.997920989990234,0.5135852098464966,0.7173798084259033,85.88301849365234,3054.0,12.7671537399292,454.0,0.0,0.0,1.349831223487854,48.0,0.0,0.0,13.603279113769531,21.36382293701172,12.116706848144531,12.116706848144531,0.2699015736579895,0.5278359055519104,82.22722625732422,2924.0,16.33858299255371,581.0,0.0,0.0,1.434195637702942,51.0,0.0,0.0,14.866680145263672,23.43044090270996,13.296489715576172,13.296489715576172,0.1217852234840393,0.38031429052352905,79.52755737304688,2828.0,19.038244247436523,677.0,0.0,0.0,1.434195637702942,51.0,0.0,0.0,0.14285714285714285,0.31578949093818665,0.2744360864162445,0.223308265209198,0.18646617233753204
4,0.20178218125239586,11.334731101989746,18.429088592529297,10.102599143981934,10.102599143981934,0.4579576849937439,0.6798677444458008,86.44544219970703,12296.0,12.436726570129395,1769.0,0.0,0.0,1.1178290843963623,159.0,0.0,0.0,6.075505256652832,9.218921661376953,5.443593978881836,5.443593978881836,0.864834725856781,0.9301623106002808,96.99100494384766,3449.0,2.6434195041656494,94.0,0.0,0.0,0.3655792772769928,13.0,0.0,0.0,10.955785751342773,16.909427642822266,9.73549747467041,9.73549747467041,0.5441756248474121,0.7388848662376404,86.7266616821289,3084.0,12.035995483398438,428.0,0.0,0.0,1.2373453378677368,44.0,0.0,0.0,13.490620613098145,21.07775115966797,11.997780799865723,11.997780799865723,0.28932327032089233,0.5473232865333557,82.59280395507812,2937.0,15.973003387451172,568.0,0.0,0.0,1.434195637702942,51.0,0.0,0.0,14.81701374053955,23.309574127197266,13.2335205078125,13.2335205078125,0.1308225393295288,0.3952043056488037,79.4713134765625,2826.0,19.0944881439209,679.0,0.0,0.0,1.434195637702942,51.0,0.0,0.0,0.21428571428571427,0.30701756477355957,0.26998746395111084,0.22662906348705292,0.19636592268943787
5,0.19576697382105498,11.232810974121094,18.366750717163086,10.008874893188477,10.008874893188477,0.46161842346191406,0.6835162043571472,86.71260070800781,12334.0,12.204724311828613,1736.0,0.0,0.0,1.0826772451400757,154.0,0.0,0.0,5.805367946624756,8.790745735168457,5.203553199768066,5.203553199768066,0.8770987391471863,0.9366503357887268,97.30033874511719,3460.0,2.418447732925415,86.0,0.0,0.0,0.2812148630619049,10.0,0.0,0.0,10.876129150390625,16.754819869995117,9.674686431884766,9.674686431884766,0.5524729490280151,0.7447608113288879,87.09223937988281,3097.0,11.726659774780273,417.0,0.0,0.0,1.1811023950576782,42.0,0.0,0.0,13.463777542114258,21.073911666870117,11.97208309173584,11.97208309173584,0.2895822525024414,0.5496999025344849,82.7896499633789,2944.0,15.776152610778809,561.0,0.0,0.0,1.434195637702942,51.0,0.0,0.0,14.785965919494629,23.39314079284668,13.18517780303955,13.18517780303955,0.12457913160324097,0.39410117268562317,79.66816711425781,2833.0,18.89763832092285,672.0,0.0,0.0,1.434195637702942,51.0,0.0,0.0,0.2857142857142857,0.2982456088066101,0.2655388414859772,0.22994986176490784,0.2062656730413437
6,0.19075522194055616,11.213401794433594,18.353883743286133,9.954815864562988,9.954815864562988,0.4623725414276123,0.6843934059143066,86.7196273803711,12335.0,12.218785285949707,1738.0,0.0,0.0,1.0615860223770142,151.0,0.0,0.0,5.726172924041748,8.588244438171387,5.126816749572754,5.126816749572754,0.882695734500885,0.939690351486206,97.4971923828125,3467.0,2.2497189044952393,80.0,0.0,0.0,0.2530933618545532,9.0,0.0,0.0,10.834396362304688,16.668371200561523,9.611638069152832,9.611638069152832,0.5570791959762573,0.7479771375656128,87.03599548339844,3095.0,11.811023712158203,420.0,0.0,0.0,1.152980923652649,41.0,0.0,0.0,13.479464530944824,21.10787582397461,11.940780639648438,11.940780639648438,0.28729045391082764,0.5484557747840881,82.7896499633789,2944.0,15.804274559020996,562.0,0.0,0.0,1.4060741662979126,50.0,0.0,0.0,14.813570022583008,23.45901107788086,13.140028953552246,13.140028953552246,0.11964231729507446,0.38923048973083496,79.55567932128906,2829.0,19.01012420654297,676.0,0.0,0.0,1.434195637702942,51.0,0.0,0.0,0.35714285714285715,0.28947368264198303,0.2610902190208435,0.23327067494392395,0.2161654233932495
7,0.18447469811256972,11.243125915527344,18.394804000854492,9.940882682800293,9.940882682800293,0.4599725008010864,0.6827914118766785,86.57199096679688,12314.0,12.401575088500977,1764.0,0.0,0.0,1.0264341831207275,146.0,0.0,0.0,5.728642463684082,8.541163444519043,5.126501083374023,5.126501083374023,0.8839783668518066,0.9403536915779114,97.55342864990234,3469.0,2.2497189044952393,80.0,0.0,0.0,0.19685038924217224,7.0,0.0,0.0,10.84052848815918,16.64199447631836,9.581134796142578,9.581134796142578,0.5584798455238342,0.7487439513206482,87.31720733642578,3105.0,11.586050987243652,412.0,0.0,0.0,1.0967379808425903,39.0,0.0,0.0,13.49365520477295,21.149316787719727,11.88966178894043,11.88966178894043,0.2844892144203186,0.5461434125900269,82.31159210205078,2927.0,16.310461044311523,580.0,0.0,0.0,1.3779526948928833,49.0,0.0,0.0,14.909673690795898,23.58547019958496,13.166234016418457,13.166234016418457,0.11012524366378784,0.38148894906044006,79.1057357788086,2813.0,19.460067749023438,692.0,0.0,0.0,1.434195637702942,51.0,0.0,0.0,0.42857142857142855,0.28070175647735596,0.25664159655570984,0.23659147322177887,0.22606515884399414
8,0.17941572429780978,11.371952056884766,18.601146697998047,10.051749229431152,10.051749229431152,0.44778913259506226,0.6741015315055847,86.36811065673828,12285.0,12.591394424438477,1791.0,0.0,0.0,1.0404949188232422,148.0,0.0,0.0,5.707480430603027,8.447546005249023,5.108720779418945,5.108720779418945,0.8865078091621399,0.9416750073432922,97.55342864990234,3469.0,2.2497189044952393,80.0,0.0,0.0,0.19685038924217224,7.0,0.0,0.0,10.913813591003418,16.728439331054688,9.644818305969238,9.644818305969238,0.5538811683654785,0.7455439567565918,87.09223937988281,3097.0,11.754780769348145,418.0,0.0,0.0,1.152980923652649,41.0,0.0,0.0,13.65920352935791,21.40300178527832,12.024909019470215,12.024909019470215,0.26722121238708496,0.531447172164917,82.00225067138672,2916.0,16.619796752929688,591.0,0.0,0.0,1.3779526948928833,49.0,0.0,0.0,15.207307815551758,23.97332763671875,13.428549766540527,13.428549766540527,0.08061707019805908,0.3553776443004608,78.82452392578125,2803.0,19.741281509399414,702.0,0.0,0.0,1.434195637702942,51.0,0.0,0.0,0.5,0.2719298303127289,0.25219297409057617,0.2399122714996338,0.23596492409706116
9,0.17456954565146168,11.529545783996582,18.8477840423584,10.181197166442871,10.181197166442871,0.4330482482910156,0.6644108295440674,85.98846435546875,12231.0,12.978065490722656,1846.0,0.0,0.0,1.0334645509719849,147.0,0.0,0.0,5.725759983062744,8.47145938873291,5.127493858337402,5.127493858337402,0.8858643174171448,0.9413320422172546,97.6377944946289,3472.0,2.1934759616851807,78.0,0.0,0.0,0.16872890293598175,6.0,0.0,0.0,10.996599197387695,16.870769500732422,9.7017240524292,9.7017240524292,0.5462573766708374,0.7408017516136169,87.17660522460938,3100.0,11.670415878295898,415.0,0.0,0.0,1.152980923652649,41.0,0.0,0.0,13.877467155456543,21.69165802001953,12.201251983642578,12.201251983642578,0.24732238054275513,0.5165106058120728,81.58042907714844,2901.0,17.04161834716797,606.0,0.0,0.0,1.3779526948928833,49.0,0.0,0.0,15.518360137939453,24.3729190826416,13.694318771362305,13.694318771362305,0.04971283674240112,0.33077457547187805,77.55905151367188,2758.0,21.006750106811523,747.0,0.0,0.0,1.434195637702942,51.0,0.0,0.0,0.5714285714285714,0.2631579041481018,0.2477443516254425,0.2432330846786499,0.24586467444896698
10,0.16855335356363285,11.65921401977539,19.004240036010742,10.273675918579102,10.273675918579102,0.4235966205596924,0.6577684283256531,85.48931121826172,12160.0,13.477221488952637,1917.0,0.0,0.0,1.0334645509719849,147.0,0.0,0.0,5.801677703857422,8.558019638061523,5.198951244354248,5.198951244354248,0.8835199475288391,0.940086305141449,97.55342864990234,3469.0,2.2497189044952393,80.0,0.0,0.0,0.19685038924217224,7.0,0.0,0.0,11.110207557678223,16.994525909423828,9.7899808883667,9.7899808883667,0.5395760536193848,0.7360921502113342,86.86726379394531,3089.0,11.979752540588379,426.0,0.0,0.0,1.152980923652649,41.0,0.0,0.0,14.032017707824707,21.882049560546875,12.296052932739258,12.296052932739258,0.2340516448020935,0.5064760446548462,80.62429809570312,2867.0,17.997751235961914,640.0,0.0,0.0,1.3779526948928833,49.0,0.0,0.0,15.692955017089844,24.571666717529297,13.80972671508789,13.80972671508789,0.03415137529373169,0.3216629922389984,76.91226196289062,2735.0,21.681665420532227,771.0,0.0,0.0,1.4060741662979126,50.0,0.0,0.0,0.6428571428571429,0.25438597798347473,0.24329572916030884,0.24655388295650482,0.2557644248008728
11,0.16334487769951006,11.79394817352295,19.188121795654297,10.398221969604492,10.398221969604492,0.41238826513290405,0.6500055193901062,85.25730895996094,12127.0,13.695162773132324,1948.0,0.0,0.0,1.0475252866744995,149.0,0.0,0.0,5.843551158905029,8.609152793884277,5.227217674255371,5.227217674255371,0.8821238875389099,0.9393897652626038,97.4971923828125,3467.0,2.305961847305298,82.0,0.0,0.0,0.19685038924217224,7.0,0.0,0.0,11.206392288208008,17.146493911743164,9.88079833984375,9.88079833984375,0.5313048958778381,0.730400800704956,86.61417388916016,3080.0,12.176603317260742,433.0,0.0,0.0,1.2092238664627075,43.0,0.0,0.0,14.211384773254395,22.13094711303711,12.462701797485352,12.462701797485352,0.21652793884277344,0.49318185448646545,80.42744445800781,2860.0,18.19460105895996,647.0,0.0,0.0,1.3779526948928833,49.0,0.0,0.0,15.914469718933105,24.795915603637695,14.022167205810547,14.022167205810547,0.016441702842712402,0.30866149067878723,76.49044036865234,2720.0,22.103487014770508,786.0,0.0,0.0,1.4060741662979126,50.0,0.0,0.0,0.7142857142857143,0.24561403691768646,0.23884710669517517,0.24987469613552094,0.26566416025161743
12,0.1570906744701188,11.956497192382812,19.357126235961914,10.530933380126953,10.530933380126953,0.4019915461540222,0.6439678072929382,84.67378997802734,12044.0,14.278684616088867,2031.0,0.0,0.0,1.0475252866744995,149.0,0.0,0.0,5.867603778839111,8.645010948181152,5.242373943328857,5.242373943328857,0.8811399340629578,0.9388443827629089,97.46907043457031,3466.0,2.305961847305298,82.0,0.0,0.0,0.22497189044952393,8.0,0.0,0.0,11.307733535766602,17.241376876831055,9.960932731628418,9.960932731628418,0.5261032581329346,0.727129340171814,86.38919830322266,3072.0,12.429696083068848,442.0,0.0,0.0,1.1811023950576782,42.0,0.0,0.0,14.446109771728516,22.357519149780273,12.65527629852295,12.65527629852295,0.20040380954742432,0.48387229442596436,79.41506958007812,2824.0,19.206974029541016,683.0,0.0,0.0,1.3779526948928833,49.0,0.0,0.0,16.204544067382812,25.03863525390625,14.265151023864746,14.265151023864746,-0.002907991409301758,0.2999107241630554,75.42182159423828,2682.0,23.172101974487305,824.0,0.0,0.0,1.4060741662979126,50.0,0.0,0.0,0.7857142857142857,0.23684212565422058,0.2343984991312027,0.25319552421569824,0.27556392550468445
13,0.15064477353703742,12.183810234069824,19.6011905670166,10.72929573059082,10.72929573059082,0.3868166208267212,0.6341275572776794,84.12542724609375,11966.0,14.820022583007812,2108.0,0.0,0.0,1.0545556545257568,150.0,0.0,0.0,5.9418439865112305,8.740010261535645,5.302962779998779,5.302962779998779,0.8785132765769958,0.9374715089797974,97.46907043457031,3466.0,2.334083318710327,83.0,0.0,0.0,0.19685038924217224,7.0,0.0,0.0,11.508570671081543,17.454689025878906,10.135198593139648,10.135198593139648,0.5143046379089355,0.7190301418304443,85.99549865722656,3058.0,12.795275688171387,455.0,0.0,0.0,1.2092238664627075,43.0,0.0,0.0,14.74172592163086,22.656715393066406,12.913174629211426,12.913174629211426,0.1788596510887146,0.469289094209671,78.68391418457031,2798.0,19.93813133239746,709.0,0.0,0.0,1.3779526948928833,49.0,0.0,0.0,16.5430965423584,25.346513748168945,14.565847396850586,14.565847396850586,-0.02772343158721924,0.28810760378837585,74.35320281982422,2644.0,24.21259880065918,861.0,0.0,0.0,1.434195637702942,51.0,0.0,0.0,0.8571428571428571,0.22807016968727112,0.22994986176490784,0.25651630759239197,0.2854636609554291
14,0.1440335936823479,12.355984687805176,19.802082061767578,10.889236450195312,10.889236450195312,0.37418317794799805,0.6266874670982361,83.78092956542969,11917.0,15.164510726928711,2157.0,0.0,0.0,1.0545556545257568,150.0,0.0,0.0,5.994958877563477,8.819437980651855,5.347836017608643,5.347836017608643,0.8762951493263245,0.9363076090812683,97.41282653808594,3464.0,2.3903262615203857,85.0,0.0,0.0,0.19685038924217224,7.0,0.0,0.0,11.635321617126465,17.610107421875,10.252579689025879,10.252579689025879,0.5056167840957642,0.7134754657745361,85.71428680419922,3048.0,13.07649040222168,465.0,0.0,0.0,1.2092238664627075,43.0,0.0,0.0,14.95682430267334,22.875839233398438,13.116950035095215,13.116950035095215,0.16289955377578735,0.4606279134750366,78.20584869384766,2781.0,20.41619873046875,726.0,0.0,0.0,1.3779526948928833,49.0,0.0,0.0,16.83683967590332,25.637617111206055,14.839577674865723,14.839577674865723,-0.051465630531311035,0.2773743271827698,73.79077911376953,2624.0,24.775028228759766,881.0,0.0,0.0,1.434195637702942,51.0,0.0,0.0,0.9285714285714286,0.21929824352264404,0.22550123929977417,0.2598370909690857,0.2953633964061737
step,fold11/test_loss,fold11/test_mae,fold11/test_rmse,fold11/test_mard,fold11/test_mape,fold11/test_r2,fold11/test_pearson,fold11/test_ega_zone_a_pct,fold11/test_ega_zone_a_count,fold11/test_ega_zone_b_pct,fold11/test_ega_zone_b_count,fold11/test_ega_zone_c_pct,fold11/test_ega_zone_c_count,fold11/test_ega_zone_d_pct,fold11/test_ega_zone_d_count,fold11/test_ega_zone_e_pct,fold11/test_ega_zone_e_count,fold11/test_horizon_15_mae,fold11/test_horizon_15_rmse,fold11/test_horizon_15_mard,fold11/test_horizon_15_mape,fold11/test_horizon_15_r2,fold11/test_horizon_15_pearson,fold11/test_horizon_15_ega_zone_a_pct,fold11/test_horizon_15_ega_zone_a_count,fold11/test_horizon_15_ega_zone_b_pct,fold11/test_horizon_15_ega_zone_b_count,fold11/test_horizon_15_ega_zone_c_pct,fold11/test_horizon_15_ega_zone_c_count,fold11/test_horizon_15_ega_zone_d_pct,fold11/test_horizon_15_ega_zone_d_count,fold11/test_horizon_15_ega_zone_e_pct,fold11/test_horizon_15_ega_zone_e_count,fold11/test_horizon_30_mae,fold11/test_horizon_30_rmse,fold11/test_horizon_30_mard,fold11/test_horizon_30_mape,fold11/test_horizon_30_r2,fold11/test_horizon_30_pearson,fold11/test_horizon_30_ega_zone_a_pct,fold11/test_horizon_30_ega_zone_a_count,fold11/test_horizon_30_ega_zone_b_pct,fold11/test_horizon_30_ega_zone_b_count,fold11/test_horizon_30_ega_zone_c_pct,fold11/test_horizon_30_ega_zone_c_count,fold11/test_horizon_30_ega_zone_d_pct,fold11/test_horizon_30_ega_zone_d_count,fold11/test_horizon_30_ega_zone_e_pct,fold11/test_horizon_30_ega_zone_e_count,fold11/test_horizon_45_mae,fold11/test_horizon_45_rmse,fold11/test_horizon_45_mard,fold11/test_horizon_45_mape,fold11/test_horizon_45_r2,fold11/test_horizon_45_pearson,fold11/test_horizon_45_ega_zone_a_pct,fold11/test_horizon_45_ega_zone_a_count,fold11/test_horizon_45_ega_zone_b_pct,fold11/test_horizon_45_ega_zone_b_count,fold11/test_horizon_45_ega_zone_c_pct,fold11/test_horizon_45_ega_zone_c_count,fold11/test_horizon_45_ega_zone_d_pct,fold11/test_horizon_45_ega_zone_d_count,fold11/test_horizon_45_ega_zone_e_pct,fold11/test_horizon_45_ega_zone_e_count,fold11/test_horizon_60_mae,fold11/test_horizon_60_rmse,fold11/test_horizon_60_mard,fold11/test_horizon_60_mape,fold11/test_horizon_60_r2,fold11/test_horizon_60_pearson,fold11/test_horizon_60_ega_zone_a_pct,fold11/test_horizon_60_ega_zone_a_count,fold11/test_horizon_60_ega_zone_b_pct,fold11/test_horizon_60_ega_zone_b_count,fold11/test_horizon_60_ega_zone_c_pct,fold11/test_horizon_60_ega_zone_c_count,fold11/test_horizon_60_ega_zone_d_pct,fold11/test_horizon_60_ega_zone_d_count,fold11/test_horizon_60_ega_zone_e_pct,fold11/test_horizon_60_ega_zone_e_count
0,0.3035639052426804,11.005903244018555,16.409791946411133,8.969347953796387,8.969347953796387,0.5354704260826111,0.7339615821838379,88.91752624511719,7590.0,11.082473754882812,946.0,0.0,0.0,0.0,0.0,0.0,0.0,5.091132164001465,7.340147972106934,4.240285873413086,4.240285873413086,0.907585620880127,0.9529497623443604,99.34395599365234,2120.0,0.6560450196266174,14.0,0.0,0.0,0.0,0.0,0.0,0.0,10.319397926330566,14.884706497192383,8.416013717651367,8.416013717651367,0.6182341575622559,0.7872417569160461,91.75257873535156,1958.0,8.247422218322754,176.0,0.0,0.0,0.0,0.0,0.0,0.0,13.464470863342285,19.00372314453125,10.922982215881348,10.922982215881348,0.3748059868812561,0.6189696192741394,85.00468444824219,1814.0,14.995314598083496,320.0,0.0,0.0,0.0,0.0,0.0,0.0,15.148613929748535,20.98931312561035,12.298103332519531,12.298103332519531,0.23734384775161743,0.506641149520874,79.56888580322266,1698.0,20.431114196777344,436.0,0.0,0.0,0.0,0.0,0.0,0.0
step,fold12/train_loss,fold12/val_mae,fold12/val_rmse,fold12/val_mard,fold12/val_mape,fold12/val_r2,fold12/val_pearson,fold12/val_ega_zone_a_pct,fold12/val_ega_zone_a_count,fold12/val_ega_zone_b_pct,fold12/val_ega_zone_b_count,fold12/val_ega_zone_c_pct,fold12/val_ega_zone_c_count,fold12/val_ega_zone_d_pct,fold12/val_ega_zone_d_count,fold12/val_ega_zone_e_pct,fold12/val_ega_zone_e_count,fold12/val_horizon_15_mae,fold12/val_horizon_15_rmse,fold12/val_horizon_15_mard,fold12/val_horizon_15_mape,fold12/val_horizon_15_r2,fold12/val_horizon_15_pearson,fold12/val_horizon_15_ega_zone_a_pct,fold12/val_horizon_15_ega_zone_a_count,fold12/val_horizon_15_ega_zone_b_pct,fold12/val_horizon_15_ega_zone_b_count,fold12/val_horizon_15_ega_zone_c_pct,fold12/val_horizon_15_ega_zone_c_count,fold12/val_horizon_15_ega_zone_d_pct,fold12/val_horizon_15_ega_zone_d_count,fold12/val_horizon_15_ega_zone_e_pct,fold12/val_horizon_15_ega_zone_e_count,fold12/val_horizon_30_mae,fold12/val_horizon_30_rmse,fold12/val_horizon_30_mard,fold12/val_horizon_30_mape,fold12/val_horizon_30_r2,fold12/val_horizon_30_pearson,fold12/val_horizon_30_ega_zone_a_pct,fold12/val_horizon_30_ega_zone_a_count,fold12/val_horizon_30_ega_zone_b_pct,fold12/val_horizon_30_ega_zone_b_count,fold12/val_horizon_30_ega_zone_c_pct,fold12/val_horizon_30_ega_zone_c_count,fold12/val_horizon_30_ega_zone_d_pct,fold12/val_horizon_30_ega_zone_d_count,fold12/val_horizon_30_ega_zone_e_pct,fold12/val_horizon_30_ega_zone_e_count,fold12/val_horizon_45_mae,fold12/val_horizon_45_rmse,fold12/val_horizon_45_mard,fold12/val_horizon_45_mape,fold12/val_horizon_45_r2,fold12/val_horizon_45_pearson,fold12/val_horizon_45_ega_zone_a_pct,fold12/val_horizon_45_ega_zone_a_count,fold12/val_horizon_45_ega_zone_b_pct,fold12/val_horizon_45_ega_zone_b_count,fold12/val_horizon_45_ega_zone_c_pct,fold12/val_horizon_45_ega_zone_c_count,fold12/val_horizon_45_ega_zone_d_pct,fold12/val_horizon_45_ega_zone_d_count,fold12/val_horizon_45_ega_zone_e_pct,fold12/val_horizon_45_ega_zone_e_count,fold12/val_horizon_60_mae,fold12/val_horizon_60_rmse,fold12/val_horizon_60_mard,fold12/val_horizon_60_mape,fold12/val_horizon_60_r2,fold12/val_horizon_60_pearson,fold12/val_horizon_60_ega_zone_a_pct,fold12/val_horizon_60_ega_zone_a_count,fold12/val_horizon_60_ega_zone_b_pct,fold12/val_horizon_60_ega_zone_b_count,fold12/val_horizon_60_ega_zone_c_pct,fold12/val_horizon_60_ega_zone_c_count,fold12/val_horizon_60_ega_zone_d_pct,fold12/val_horizon_60_ega_zone_d_count,fold12/val_horizon_60_ega_zone_e_pct,fold12/val_horizon_60_ega_zone_e_count,fold12/diag_horizon_curriculum_progress,fold12/diag_loss_horizon_weight_0,fold12/diag_loss_horizon_weight_1,fold12/diag_loss_horizon_weight_2,fold12/diag_loss_horizon_weight_3
1,0.3294417384517478,12.572200775146484,16.51668930053711,12.114557266235352,12.114557266235352,0.13434505462646484,0.48526427149772644,81.72879791259766,15960.0,17.528676986694336,3423.0,0.0,0.0,0.7425235509872437,145.0,0.0,0.0,10.580812454223633,14.080760955810547,10.162189483642578,10.162189483642578,0.3781328797340393,0.7256855368614197,86.6653060913086,4231.0,12.597295761108398,615.0,0.0,0.0,0.7374026775360107,36.0,0.0,0.0,12.066107749938965,16.20669174194336,11.491223335266113,11.491223335266113,0.1709972620010376,0.5033977031707764,82.99877166748047,4052.0,16.243343353271484,793.0,0.0,0.0,0.7578861117362976,37.0,0.0,0.0,13.791998863220215,17.683822631835938,13.40302562713623,13.40302562713623,0.0028113126754760742,0.3704962730407715,78.41049194335938,3828.0,20.831626892089844,1017.0,0.0,0.0,0.7578861117362976,37.0,0.0,0.0,13.849884986877441,17.820266723632812,13.401786804199219,13.401786804199219,-0.02014029026031494,0.3014834523200989,78.84063720703125,3849.0,20.442441940307617,998.0,0.0,0.0,0.7169193029403687,35.0,0.0,0.0,0.0,0.3333333432674408,0.28333333134651184,0.21666665375232697,0.1666666716337204
2,0.22264336545411623,10.5462064743042,14.91577434539795,9.81563949584961,9.81563949584961,0.2940232753753662,0.5568241477012634,86.80355834960938,16951.0,12.540966033935547,2449.0,0.0,0.0,0.6554690599441528,128.0,0.0,0.0,7.552767276763916,10.661828994750977,7.020688056945801,7.020688056945801,0.6434595584869385,0.8043757677078247,94.2441635131836,4601.0,5.346169471740723,261.0,0.0,0.0,0.4096681773662567,20.0,0.0,0.0,10.480064392089844,14.789402961730957,9.690396308898926,9.690396308898926,0.30965131521224976,0.5675815343856812,87.19786834716797,4257.0,12.064727783203125,589.0,0.0,0.0,0.7374026775360107,36.0,0.0,0.0,11.786917686462402,16.39792251586914,10.997926712036133,10.997926712036133,0.14256209135055542,0.4201303720474243,83.63375854492188,4083.0,15.608356475830078,762.0,0.0,0.0,0.7578861117362976,37.0,0.0,0.0,12.365073204040527,16.989065170288086,11.553547859191895,11.553547859191895,0.07280629873275757,0.3343473970890045,82.13846588134766,4010.0,17.14461326599121,837.0,0.0,0.0,0.7169193029403687,35.0,0.0,0.0,0.07142857142857142,0.3245614171028137,0.2788847088813782,0.21998745203018188,0.17656642198562622
3,0.200494895086183,10.19476318359375,14.682710647583008,9.420526504516602,9.420526504516602,0.31591320037841797,0.5857834815979004,87.78164672851562,17142.0,11.701147079467773,2285.0,0.0,0.0,0.517206072807312,101.0,0.0,0.0,6.602157115936279,9.3991060256958,6.103254318237305,6.103254318237305,0.722911536693573,0.8531947135925293,95.92379760742188,4683.0,3.8508806228637695,188.0,0.0,0.0,0.22531750798225403,11.0,0.0,0.0,10.283296585083008,14.547880172729492,9.466805458068848,9.466805458068848,0.3320150375366211,0.6016001105308533,87.93527221679688,4293.0,11.511674880981445,562.0,0.0,0.0,0.5530520081520081,27.0,0.0,0.0,11.594855308532715,16.33935546875,10.718381881713867,10.718381881713867,0.1486760377883911,0.44212228059768677,84.61695861816406,4131.0,14.748054504394531,720.0,0.0,0.0,0.634985625743866,31.0,0.0,0.0,12.29874324798584,17.186315536499023,11.39366340637207,11.39366340637207,0.051151156425476074,0.3374183773994446,82.65055084228516,4035.0,16.69397735595703,815.0,0.0,0.0,0.6554690599441528,32.0,0.0,0.0,0.14285714285714285,0.31578949093818665,0.2744360864162445,0.223308265209198,0.18646617233753204
4,0.18945786808239937,10.1541748046875,14.643030166625977,9.397871971130371,9.397871971130371,0.3196057081222534,0.5960843563079834,87.90454864501953,17166.0,11.619213104248047,2269.0,0.0,0.0,0.47623926401138306,93.0,0.0,0.0,6.181486129760742,8.750743865966797,5.727962493896484,5.727962493896484,0.759820818901062,0.875400960445404,97.09136199951172,4740.0,2.744776725769043,134.0,0.0,0.0,0.1638672649860382,8.0,0.0,0.0,10.208369255065918,14.397481918334961,9.402389526367188,9.402389526367188,0.3457552194595337,0.6182476878166199,87.8943099975586,4291.0,11.573125839233398,565.0,0.0,0.0,0.532568633556366,26.0,0.0,0.0,11.70843505859375,16.434263229370117,10.837368965148926,10.837368965148926,0.13875746726989746,0.4470958411693573,84.51454162597656,4126.0,14.870955467224121,726.0,0.0,0.0,0.6145022511482239,30.0,0.0,0.0,12.51840591430664,17.427717208862305,11.623766899108887,11.623766899108887,0.024308443069458008,0.3314869999885559,82.11798858642578,4009.0,17.287996292114258,844.0,0.0,0.0,0.5940188765525818,29.0,0.0,0.0,0.21428571428571427,0.30701756477355957,0.26998746395111084,0.22662906348705292,0.19636592268943787
5,0.1838233892896405,10.175004959106445,14.666705131530762,9.428900718688965,9.428900718688965,0.31740373373031616,0.5991876125335693,87.75604248046875,17137.0,11.793322563171387,2303.0,0.0,0.0,0.45063501596450806,88.0,0.0,0.0,5.966952800750732,8.436158180236816,5.538455486297607,5.538455486297607,0.7767791152000427,0.8854499459266663,97.5624771118164,4763.0,2.3146250247955322,113.0,0.0,0.0,0.12290044873952866,6.0,0.0,0.0,10.198081970214844,14.31219482421875,9.406187057495117,9.406187057495117,0.3534833788871765,0.6270908713340759,87.99671936035156,4296.0,11.491191864013672,561.0,0.0,0.0,0.5120851993560791,25.0,0.0,0.0,11.855066299438477,16.555089950561523,10.986885070800781,10.986885070800781,0.12604683637619019,0.4464106857776642,83.94100952148438,4098.0,15.464973449707031,755.0,0.0,0.0,0.5940188765525818,29.0,0.0,0.0,12.679917335510254,17.617328643798828,11.784071922302246,11.784071922302246,0.0029621124267578125,0.32466891407966614,81.52396392822266,3980.0,17.90250015258789,874.0,0.0,0.0,0.5735354423522949,28.0,0.0,0.0,0.2857142857142857,0.2982456088066101,0.2655388414859772,0.22994986176490784,0.2062656730413437
6,0.17991864067074909,10.209541320800781,14.724411964416504,9.462327003479004,9.462327003479004,0.31202173233032227,0.6000344157218933,87.49488067626953,17086.0,12.064727783203125,2356.0,0.0,0.0,0.4403932988643646,86.0,0.0,0.0,5.863387107849121,8.302437782287598,5.444387435913086,5.444387435913086,0.7837995290756226,0.8899704813957214,97.6648941040039,4768.0,2.2122080326080322,108.0,0.0,0.0,0.12290044873952866,6.0,0.0,0.0,10.2179536819458,14.33995532989502,9.422369956970215,9.422369956970215,0.35097289085388184,0.6299872398376465,87.85333251953125,4289.0,11.655059814453125,569.0,0.0,0.0,0.4916017949581146,24.0,0.0,0.0,11.970272064208984,16.646345138549805,11.09664249420166,11.09664249420166,0.11638551950454712,0.44638708233833313,83.51085662841797,4077.0,15.915608406066895,777.0,0.0,0.0,0.5735354423522949,28.0,0.0,0.0,12.786550521850586,17.76422691345215,11.885903358459473,11.885903358459473,-0.013734221458435059,0.32317981123924255,80.95043182373047,3952.0,18.47603416442871,902.0,0.0,0.0,0.5735354423522949,28.0,0.0,0.0,0.35714285714285715,0.28947368264198303,0.2610902190208435,0.23327067494392395,0.2161654233932495
7,0.17558135385674498,10.308347702026367,14.846649169921875,9.552217483520508,9.552217483520508,0.3005516529083252,0.5968214869499207,87.27980041503906,17044.0,12.274682998657227,2397.0,0.0,0.0,0.44551411271095276,87.0,0.0,0.0,5.848269462585449,8.267054557800293,5.4351935386657715,5.4351935386657715,0.7856383919715881,0.8918462991714478,97.7263412475586,4771.0,2.130274534225464,104.0,0.0,0.0,0.14338386058807373,7.0,0.0,0.0,10.30981731414795,14.452452659606934,9.509297370910645,9.509297370910645,0.34074968099594116,0.628173828125,87.66899108886719,4280.0,11.839409828186035,578.0,0.0,0.0,0.4916017949581146,24.0,0.0,0.0,12.14156436920166,16.818391799926758,11.251825332641602,11.251825332641602,0.09802621603012085,0.4401231110095978,83.26505279541016,4065.0,16.161409378051758,789.0,0.0,0.0,0.5735354423522949,28.0,0.0,0.0,12.933735847473145,17.933658599853516,12.012551307678223,12.012551307678223,-0.033164143562316895,0.31812334060668945,80.45882415771484,3928.0,18.967636108398438,926.0,0.0,0.0,0.5735354423522949,28.0,0.0,0.0,0.42857142857142855,0.28070175647735596,0.25664159655570984,0.23659147322177887,0.22606515884399414
8,0.17277479395150067,10.396459579467773,14.960958480834961,9.628145217895508,9.628145217895508,0.28973954916000366,0.5938752293586731,87.22347259521484,17033.0,12.331011772155762,2408.0,0.0,0.0,0.44551411271095276,87.0,0.0,0.0,5.852090358734131,8.267321586608887,5.437295436859131,5.437295436859131,0.7856245636940002,0.8923607468605042,97.80828094482422,4775.0,2.0483407974243164,100.0,0.0,0.0,0.14338386058807373,7.0,0.0,0.0,10.412618637084961,14.583020210266113,9.603617668151855,9.603617668151855,0.32878416776657104,0.6253012418746948,87.40270233154297,4267.0,12.105694770812988,591.0,0.0,0.0,0.4916017949581146,24.0,0.0,0.0,12.288737297058105,16.986865997314453,11.3810453414917,11.3810453414917,0.0798649787902832,0.4353691041469574,82.89635467529297,4047.0,16.509626388549805,806.0,0.0,0.0,0.5940188765525818,29.0,0.0,0.0,13.032384872436523,18.048669815063477,12.090625762939453,12.090625762939453,-0.04645824432373047,0.3168295621871948,80.78656005859375,3944.0,18.660385131835938,911.0,0.0,0.0,0.5530520081520081,27.0,0.0,0.0,0.5,0.2719298303127289,0.25219297409057617,0.2399122714996338,0.23596492409706116
9,0.16891163420559965,10.463412284851074,15.09646224975586,9.684391021728516,9.684391021728516,0.2768154740333557,0.5885072350502014,86.8650131225586,16963.0,12.67410945892334,2475.0,0.0,0.0,0.4608767032623291,90.0,0.0,0.0,5.851362705230713,8.289199829101562,5.432478904724121,5.432478904724121,0.7844884395599365,0.892173707485199,97.8287582397461,4776.0,2.0073740482330322,98.0,0.0,0.0,0.1638672649860382,8.0,0.0,0.0,10.483262062072754,14.691731452941895,9.661355018615723,9.661355018615723,0.31873947381973267,0.6210972666740417,87.03400421142578,4249.0,12.453911781311035,608.0,0.0,0.0,0.5120851993560791,25.0,0.0,0.0,12.415721893310547,17.174251556396484,11.494813919067383,11.494813919067383,0.059452712535858154,0.42675718665122986,82.36378479003906,4021.0,17.04219627380371,832.0,0.0,0.0,0.5940188765525818,29.0,0.0,0.0,13.103306770324707,18.223609924316406,12.148917198181152,12.148917198181152,-0.06684267520904541,0.3099367618560791,80.23350524902344,3917.0,19.19295310974121,937.0,0.0,0.0,0.5735354423522949,28.0,0.0,0.0,0.5714285714285714,0.2631579041481018,0.2477443516254425,0.2432330846786499,0.24586467444896698
10,0.16435325491259833,10.539106369018555,15.191701889038086,9.749245643615723,9.749245643615723,0.267661988735199,0.5849291086196899,86.7625961303711,16943.0,12.766283988952637,2493.0,0.0,0.0,0.47111836075782776,92.0,0.0,0.0,5.884402751922607,8.324987411499023,5.458992958068848,5.458992958068848,0.7826235294342041,0.8916217684745789,97.78778839111328,4774.0,2.0483407974243164,100.0,0.0,0.0,0.1638672649860382,8.0,0.0,0.0,10.570260047912598,14.81310749053955,9.734086990356445,9.734086990356445,0.3074365258216858,0.6168251037597656,86.89061737060547,4242.0,12.597295761108398,615.0,0.0,0.0,0.5120851993560791,25.0,0.0,0.0,12.522696495056152,17.316635131835938,11.58975601196289,11.58975601196289,0.04379260540008545,0.4204155504703522,81.81072998046875,3994.0,17.55428123474121,857.0,0.0,0.0,0.634985625743866,31.0,0.0,0.0,13.179065704345703,18.290752410888672,12.214141845703125,12.214141845703125,-0.07471835613250732,0.30755046010017395,80.56124114990234,3933.0,18.865219116210938,921.0,0.0,0.0,0.5735354423522949,28.0,0.0,0.0,0.6428571428571429,0.25438597798347473,0.24329572916030884,0.24655388295650482,0.2557644248008728
11,0.15822910212775299,10.78140926361084,15.50760269165039,9.97191333770752,9.97191333770752,0.2368883490562439,0.5704606771469116,86.19930267333984,16833.0,13.329577445983887,2603.0,0.0,0.0,0.47111836075782776,92.0,0.0,0.0,5.926083564758301,8.369625091552734,5.497089862823486,5.497089862823486,0.7802861928939819,0.8902769088745117,97.78778839111328,4774.0,2.068824291229248,101.0,0.0,0.0,0.14338386058807373,7.0,0.0,0.0,10.729935646057129,14.978240966796875,9.873393058776855,9.873393058776855,0.2919093370437622,0.6088206768035889,86.70626831054688,4233.0,12.781646728515625,624.0,0.0,0.0,0.5120851993560791,25.0,0.0,0.0,12.872577667236328,17.739131927490234,11.906981468200684,11.906981468200684,-0.0034362077713012695,0.3999576270580292,80.88897705078125,3949.0,18.47603416442871,902.0,0.0,0.0,0.634985625743866,31.0,0.0,0.0,13.597040176391602,18.78477668762207,12.610188484191895,12.610188484191895,-0.13355755805969238,0.2829948663711548,79.41417694091797,3877.0,19.991806030273438,976.0,0.0,0.0,0.5940188765525818,29.0,0.0,0.0,0.7142857142857143,0.24561403691768646,0.23884710669517517,0.24987469613552094,0.26566416025161743
12,0.15159267732034043,11.011234283447266,15.838435173034668,10.176877975463867,10.176877975463867,0.2039812207221985,0.5583337545394897,85.79988098144531,16755.0,13.713641166687012,2678.0,0.0,0.0,0.4864809513092041,95.0,0.0,0.0,6.010607719421387,8.481781959533691,5.574710369110107,5.574710369110107,0.7743582129478455,0.8876620531082153,97.5215072631836,4761.0,2.3146250247955322,113.0,0.0,0.0,0.1638672649860382,8.0,0.0,0.0,10.939988136291504,15.225968360900879,10.060406684875488,10.060406684875488,0.26829320192337036,0.5997253060340881,86.17369842529297,4207.0,13.314215660095215,650.0,0.0,0.0,0.5120851993560791,25.0,0.0,0.0,13.173383712768555,18.171709060668945,12.17560863494873,12.17560863494873,-0.05297136306762695,0.3859091103076935,80.29496002197266,3920.0,19.02908706665039,929.0,0.0,0.0,0.6759524941444397,33.0,0.0,0.0,13.920958518981934,19.220882415771484,12.896784782409668,12.896784782409668,-0.18680179119110107,0.2703399062156677,79.20934295654297,3867.0,20.196640014648438,986.0,0.0,0.0,0.5940188765525818,29.0,0.0,0.0,0.7857142857142857,0.23684212565422058,0.2343984991312027,0.25319552421569824,0.27556392550468445
step,fold12/test_loss,fold12/test_mae,fold12/test_rmse,fold12/test_mard,fold12/test_mape,fold12/test_r2,fold12/test_pearson,fold12/test_ega_zone_a_pct,fold12/test_ega_zone_a_count,fold12/test_ega_zone_b_pct,fold12/test_ega_zone_b_count,fold12/test_ega_zone_c_pct,fold12/test_ega_zone_c_count,fold12/test_ega_zone_d_pct,fold12/test_ega_zone_d_count,fold12/test_ega_zone_e_pct,fold12/test_ega_zone_e_count,fold12/test_horizon_15_mae,fold12/test_horizon_15_rmse,fold12/test_horizon_15_mard,fold12/test_horizon_15_mape,fold12/test_horizon_15_r2,fold12/test_horizon_15_pearson,fold12/test_horizon_15_ega_zone_a_pct,fold12/test_horizon_15_ega_zone_a_count,fold12/test_horizon_15_ega_zone_b_pct,fold12/test_horizon_15_ega_zone_b_count,fold12/test_horizon_15_ega_zone_c_pct,fold12/test_horizon_15_ega_zone_c_count,fold12/test_horizon_15_ega_zone_d_pct,fold12/test_horizon_15_ega_zone_d_count,fold12/test_horizon_15_ega_zone_e_pct,fold12/test_horizon_15_ega_zone_e_count,fold12/test_horizon_30_mae,fold12/test_horizon_30_rmse,fold12/test_horizon_30_mard,fold12/test_horizon_30_mape,fold12/test_horizon_30_r2,fold12/test_horizon_30_pearson,fold12/test_horizon_30_ega_zone_a_pct,fold12/test_horizon_30_ega_zone_a_count,fold12/test_horizon_30_ega_zone_b_pct,fold12/test_horizon_30_ega_zone_b_count,fold12/test_horizon_30_ega_zone_c_pct,fold12/test_horizon_30_ega_zone_c_count,fold12/test_horizon_30_ega_zone_d_pct,fold12/test_horizon_30_ega_zone_d_count,fold12/test_horizon_30_ega_zone_e_pct,fold12/test_horizon_30_ega_zone_e_count,fold12/test_horizon_45_mae,fold12/test_horizon_45_rmse,fold12/test_horizon_45_mard,fold12/test_horizon_45_mape,fold12/test_horizon_45_r2,fold12/test_horizon_45_pearson,fold12/test_horizon_45_ega_zone_a_pct,fold12/test_horizon_45_ega_zone_a_count,fold12/test_horizon_45_ega_zone_b_pct,fold12/test_horizon_45_ega_zone_b_count,fold12/test_horizon_45_ega_zone_c_pct,fold12/test_horizon_45_ega_zone_c_count,fold12/test_horizon_45_ega_zone_d_pct,fold12/test_horizon_45_ega_zone_d_count,fold12/test_horizon_45_ega_zone_e_pct,fold12/test_horizon_45_ega_zone_e_count,fold12/test_horizon_60_mae,fold12/test_horizon_60_rmse,fold12/test_horizon_60_mard,fold12/test_horizon_60_mape,fold12/test_horizon_60_r2,fold12/test_horizon_60_pearson,fold12/test_horizon_60_ega_zone_a_pct,fold12/test_horizon_60_ega_zone_a_count,fold12/test_horizon_60_ega_zone_b_pct,fold12/test_horizon_60_ega_zone_b_count,fold12/test_horizon_60_ega_zone_c_pct,fold12/test_horizon_60_ega_zone_c_count,fold12/test_horizon_60_ega_zone_d_pct,fold12/test_horizon_60_ega_zone_d_count,fold12/test_horizon_60_ega_zone_e_pct,fold12/test_horizon_60_ega_zone_e_count
0,0.24169166428654568,9.067249298095703,14.437787055969238,7.183615207672119,7.183615207672119,0.4336005449295044,0.6657928228378296,92.57135009765625,6617.0,7.428651332855225,531.0,0.0,0.0,0.0,0.0,0.0,0.0,5.391646862030029,8.308830261230469,4.298908233642578,4.298908233642578,0.8141984343528748,0.904386043548584,98.4331283569336,1759.0,1.5668717622756958,28.0,0.0,0.0,0.0,0.0,0.0,0.0,9.206871032714844,14.326764106750488,7.278590679168701,7.278590679168701,0.4425352215766907,0.676365315914154,91.71796417236328,1639.0,8.282036781311035,148.0,0.0,0.0,0.0,0.0,0.0,0.0,10.451582908630371,16.260345458984375,8.270755767822266,8.270755767822266,0.27891480922698975,0.5427956581115723,90.15109252929688,1611.0,9.848909378051758,176.0,0.0,0.0,0.0,0.0,0.0,0.0,11.218899726867676,17.178680419921875,8.88620376586914,8.88620376586914,0.19298148155212402,0.4522819519042969,89.98321533203125,1608.0,10.0167875289917,179.0,0.0,0.0,0.0,0.0,0.0,0.0
step,fold13/train_loss,fold13/val_mae,fold13/val_rmse,fold13/val_mard,fold13/val_mape,fold13/val_r2,fold13/val_pearson,fold13/val_ega_zone_a_pct,fold13/val_ega_zone_a_count,fold13/val_ega_zone_b_pct,fold13/val_ega_zone_b_count,fold13/val_ega_zone_c_pct,fold13/val_ega_zone_c_count,fold13/val_ega_zone_d_pct,fold13/val_ega_zone_d_count,fold13/val_ega_zone_e_pct,fold13/val_ega_zone_e_count,fold13/val_horizon_15_mae,fold13/val_horizon_15_rmse,fold13/val_horizon_15_mard,fold13/val_horizon_15_mape,fold13/val_horizon_15_r2,fold13/val_horizon_15_pearson,fold13/val_horizon_15_ega_zone_a_pct,fold13/val_horizon_15_ega_zone_a_count,fold13/val_horizon_15_ega_zone_b_pct,fold13/val_horizon_15_ega_zone_b_count,fold13/val_horizon_15_ega_zone_c_pct,fold13/val_horizon_15_ega_zone_c_count,fold13/val_horizon_15_ega_zone_d_pct,fold13/val_horizon_15_ega_zone_d_count,fold13/val_horizon_15_ega_zone_e_pct,fold13/val_horizon_15_ega_zone_e_count,fold13/val_horizon_30_mae,fold13/val_horizon_30_rmse,fold13/val_horizon_30_mard,fold13/val_horizon_30_mape,fold13/val_horizon_30_r2,fold13/val_horizon_30_pearson,fold13/val_horizon_30_ega_zone_a_pct,fold13/val_horizon_30_ega_zone_a_count,fold13/val_horizon_30_ega_zone_b_pct,fold13/val_horizon_30_ega_zone_b_count,fold13/val_horizon_30_ega_zone_c_pct,fold13/val_horizon_30_ega_zone_c_count,fold13/val_horizon_30_ega_zone_d_pct,fold13/val_horizon_30_ega_zone_d_count,fold13/val_horizon_30_ega_zone_e_pct,fold13/val_horizon_30_ega_zone_e_count,fold13/val_horizon_45_mae,fold13/val_horizon_45_rmse,fold13/val_horizon_45_mard,fold13/val_horizon_45_mape,fold13/val_horizon_45_r2,fold13/val_horizon_45_pearson,fold13/val_horizon_45_ega_zone_a_pct,fold13/val_horizon_45_ega_zone_a_count,fold13/val_horizon_45_ega_zone_b_pct,fold13/val_horizon_45_ega_zone_b_count,fold13/val_horizon_45_ega_zone_c_pct,fold13/val_horizon_45_ega_zone_c_count,fold13/val_horizon_45_ega_zone_d_pct,fold13/val_horizon_45_ega_zone_d_count,fold13/val_horizon_45_ega_zone_e_pct,fold13/val_horizon_45_ega_zone_e_count,fold13/val_horizon_60_mae,fold13/val_horizon_60_rmse,fold13/val_horizon_60_mard,fold13/val_horizon_60_mape,fold13/val_horizon_60_r2,fold13/val_horizon_60_pearson,fold13/val_horizon_60_ega_zone_a_pct,fold13/val_horizon_60_ega_zone_a_count,fold13/val_horizon_60_ega_zone_b_pct,fold13/val_horizon_60_ega_zone_b_count,fold13/val_horizon_60_ega_zone_c_pct,fold13/val_horizon_60_ega_zone_c_count,fold13/val_horizon_60_ega_zone_d_pct,fold13/val_horizon_60_ega_zone_d_count,fold13/val_horizon_60_ega_zone_e_pct,fold13/val_horizon_60_ega_zone_e_count,fold13/diag_horizon_curriculum_progress,fold13/diag_loss_horizon_weight_0,fold13/diag_loss_horizon_weight_1,fold13/diag_loss_horizon_weight_2,fold13/diag_loss_horizon_weight_3
1,0.3356679532428344,14.449393272399902,19.25562286376953,11.793359756469727,11.793359756469727,0.17492395639419556,0.5911439657211304,83.34870910644531,14456.0,16.4437255859375,2852.0,0.0,0.0,0.207564577460289,36.0,0.0,0.0,12.64258098602295,16.917661666870117,10.27796745300293,10.27796745300293,0.3603045344352722,0.7828766107559204,87.70756530761719,3803.0,12.084870338439941,524.0,0.0,0.0,0.207564577460289,9.0,0.0,0.0,14.617819786071777,19.521167755126953,11.797537803649902,11.797537803649902,0.15051943063735962,0.6039888858795166,83.76383972167969,3632.0,16.02859878540039,695.0,0.0,0.0,0.207564577460289,9.0,0.0,0.0,15.007893562316895,19.895952224731445,12.364947319030762,12.364947319030762,0.12001365423202515,0.5028449892997742,81.38838195800781,3529.0,18.4040584564209,798.0,0.0,0.0,0.207564577460289,9.0,0.0,0.0,15.529278755187988,20.493505477905273,12.732987403869629,12.732987403869629,0.07019555568695068,0.44203516840934753,80.5350570678711,3492.0,19.25737953186035,835.0,0.0,0.0,0.207564577460289,9.0,0.0,0.0,0.0,0.3333333432674408,0.28333333134651184,0.21666665375232697,0.1666666716337204
2,0.2314636645984375,11.56312370300293,16.41696548461914,9.59501838684082,9.59501838684082,0.40025776624679565,0.6453009843826294,87.90936279296875,15247.0,11.888837814331055,2062.0,0.0,0.0,0.20179888606071472,35.0,0.0,0.0,7.574362754821777,10.863224029541016,6.276805877685547,6.276805877685547,0.7362393140792847,0.8645882606506348,96.19464874267578,4171.0,3.6208488941192627,157.0,0.0,0.0,0.18450184166431427,8.0,0.0,0.0,11.470479011535645,16.176166534423828,9.528179168701172,9.528179168701172,0.41669851541519165,0.6548512578010559,87.96125793457031,3814.0,11.831180572509766,513.0,0.0,0.0,0.207564577460289,9.0,0.0,0.0,13.097796440124512,18.21067237854004,10.863676071166992,10.863676071166992,0.2627776861190796,0.5301936268806458,84.89391326904297,3681.0,14.898523330688477,646.0,0.0,0.0,0.207564577460289,9.0,0.0,0.0,14.109855651855469,19.15098762512207,11.71141529083252,11.71141529083252,0.18802732229232788,0.46512097120285034,82.58763885498047,3581.0,17.204797744750977,746.0,0.0,0.0,0.207564577460289,9.0,0.0,0.0,0.07142857142857142,0.3245614171028137,0.2788847088813782,0.21998745203018188,0.17656642198562622
3,0.21058275566985843,10.995238304138184,15.85322380065918,9.130414962768555,9.130414962768555,0.44073963165283203,0.6720404624938965,89.10862731933594,15455.0,10.718403816223145,1859.0,0.0,0.0,0.1729704737663269,30.0,0.0,0.0,6.247726917266846,8.937447547912598,5.208369731903076,5.208369731903076,0.8214665651321411,0.9080709218978882,98.10885620117188,4254.0,1.821955680847168,79.0,0.0,0.0,0.069188192486763,3.0,0.0,0.0,10.796021461486816,15.345224380493164,8.991586685180664,8.991586685180664,0.4750857353210449,0.6937985420227051,89.64482879638672,3887.0,10.147601127624512,440.0,0.0,0.0,0.207564577460289,9.0,0.0,0.0,12.935067176818848,18.050010681152344,10.71756649017334,10.71756649017334,0.27572834491729736,0.5417137742042542,85.65498352050781,3714.0,14.13745403289795,613.0,0.0,0.0,0.207564577460289,9.0,0.0,0.0,14.002134323120117,19.082504272460938,11.604137420654297,11.604137420654297,0.19382405281066895,0.4693494737148285,83.02583312988281,3600.0,16.766605377197266,727.0,0.0,0.0,0.207564577460289,9.0,0.0,0.0,0.14285714285714285,0.31578949093818665,0.2744360864162445,0.223308265209198,0.18646617233753204
4,0.20082087323634715,10.801237106323242,15.65396499633789,8.957474708557129,8.957474708557129,0.4547099471092224,0.6831815242767334,89.51222229003906,15525.0,10.314806938171387,1789.0,0.0,0.0,0.1729704737663269,30.0,0.0,0.0,5.6775288581848145,8.09179401397705,4.746327877044678,4.746327877044678,0.8536535501480103,0.9251235723495483,98.84686279296875,4286.0,1.0839483737945557,47.0,0.0,0.0,0.069188192486763,3.0,0.0,0.0,10.541423797607422,14.982705116271973,8.752835273742676,8.752835273742676,0.49959421157836914,0.7127782106399536,90.29058837890625,3915.0,9.501845359802246,412.0,0.0,0.0,0.207564577460289,9.0,0.0,0.0,12.931604385375977,18.007108688354492,10.699296951293945,10.699296951293945,0.2791673541069031,0.5473193526268005,85.81642150878906,3721.0,13.976015090942383,606.0,0.0,0.0,0.207564577460289,9.0,0.0,0.0,14.054390907287598,19.13039207458496,11.631436347961426,11.631436347961426,0.18977278470993042,0.46813666820526123,83.09501647949219,3603.0,16.697416305541992,724.0,0.0,0.0,0.207564577460289,9.0,0.0,0.0,0.21428571428571427,0.30701756477355957,0.26998746395111084,0.22662906348705292,0.19636592268943787
5,0.1963257560206902,10.66816520690918,15.537518501281738,8.851333618164062,8.851333618164062,0.4627923369407654,0.6887563467025757,89.68519592285156,15555.0,10.147601127624512,1760.0,0.0,0.0,0.16720479726791382,29.0,0.0,0.0,5.371940612792969,7.661931991577148,4.49700927734375,4.49700927734375,0.8687893152236938,0.9330187439918518,99.10055541992188,4297.0,0.8533210754394531,37.0,0.0,0.0,0.04612546041607857,2.0,0.0,0.0,10.367977142333984,14.743430137634277,8.612728118896484,8.612728118896484,0.515449583530426,0.7235116958618164,90.7287826538086,3934.0,9.063652992248535,393.0,0.0,0.0,0.207564577460289,9.0,0.0,0.0,12.886311531066895,17.96094512939453,10.666831970214844,10.666831970214844,0.28285837173461914,0.5504512190818787,85.95479583740234,3727.0,13.837638854980469,600.0,0.0,0.0,0.207564577460289,9.0,0.0,0.0,14.046430587768555,19.15694236755371,11.628766059875488,11.628766059875488,0.18752223253250122,0.46601465344429016,82.9566421508789,3597.0,16.83579444885254,730.0,0.0,0.0,0.207564577460289,9.0,0.0,0.0,0.2857142857142857,0.2982456088066101,0.2655388414859772,0.22994986176490784,0.2062656730413437
6,0.19212936773588607,10.675166130065918,15.57856559753418,8.853946685791016,8.853946685791016,0.45995020866394043,0.6873909831047058,89.4545669555664,15515.0,10.383994102478027,1801.0,0.0,0.0,0.16143910586833954,28.0,0.0,0.0,5.241505146026611,7.481945991516113,4.38580846786499,4.38580846786499,0.8748814463615417,0.9363716840744019,99.03136444091797,4294.0,0.945572018623352,41.0,0.0,0.0,0.023062730208039284,1.0,0.0,0.0,10.313868522644043,14.649439811706543,8.561702728271484,8.561702728271484,0.5216079950332642,0.7283183932304382,90.95941162109375,3944.0,8.833025932312012,383.0,0.0,0.0,0.207564577460289,9.0,0.0,0.0,12.965203285217285,18.055004119873047,10.729182243347168,10.729182243347168,0.2753276228904724,0.5450665354728699,85.49353790283203,3707.0,14.298893928527832,620.0,0.0,0.0,0.207564577460289,9.0,0.0,0.0,14.180086135864258,19.344200134277344,11.739091873168945,11.739091873168945,0.17156082391738892,0.4510337710380554,82.33394622802734,3570.0,17.458486557006836,757.0,0.0,0.0,0.207564577460289,9.0,0.0,0.0,0.35714285714285715,0.28947368264198303,0.2610902190208435,0.23327067494392395,0.2161654233932495
7,0.1899186854716167,10.648869514465332,15.571276664733887,8.844566345214844,8.844566345214844,0.4604554772377014,0.6875944137573242,89.44880676269531,15514.0,10.38976001739502,1802.0,0.0,0.0,0.16143910586833954,28.0,0.0,0.0,5.180344581604004,7.396435737609863,4.340579032897949,4.340579032897949,0.8777250647544861,0.9378015398979187,99.03136444091797,4294.0,0.945572018623352,41.0,0.0,0.0,0.023062730208039284,1.0,0.0,0.0,10.276468276977539,14.583784103393555,8.542627334594727,8.542627334594727,0.5258864760398865,0.7309592962265015,91.19003295898438,3954.0,8.602398872375488,373.0,0.0,0.0,0.207564577460289,9.0,0.0,0.0,12.960724830627441,18.060056686401367,10.745781898498535,10.745781898498535,0.27492207288742065,0.5438339114189148,85.28598022460938,3698.0,14.506457328796387,629.0,0.0,0.0,0.207564577460289,9.0,0.0,0.0,14.177940368652344,19.39842414855957,11.749276161193848,11.749276161193848,0.16690987348556519,0.44727009534835815,82.28782653808594,3568.0,17.504613876342773,759.0,0.0,0.0,0.207564577460289,9.0,0.0,0.0,0.42857142857142855,0.28070175647735596,0.25664159655570984,0.23659147322177887,0.22606515884399414
8,0.18676844899807762,10.68116569519043,15.61363697052002,8.87796688079834,8.87796688079834,0.4575158953666687,0.685806930065155,89.22970581054688,15476.0,10.608856201171875,1840.0,0.0,0.0,0.16143910586833954,28.0,0.0,0.0,5.2036895751953125,7.443719863891602,4.353433132171631,4.353433132171631,0.8761566877365112,0.9372903108596802,98.93911743164062,4290.0,1.0378228425979614,45.0,0.0,0.0,0.023062730208039284,1.0,0.0,0.0,10.280543327331543,14.591795921325684,8.540664672851562,8.540664672851562,0.52536541223526,0.7311809659004211,91.02859497070312,3947.0,8.763837814331055,380.0,0.0,0.0,0.207564577460289,9.0,0.0,0.0,13.015543937683105,18.130517959594727,10.797286987304688,10.797286987304688,0.2692532539367676,0.5399743914604187,84.82472229003906,3678.0,14.96771240234375,649.0,0.0,0.0,0.207564577460289,9.0,0.0,0.0,14.22488784790039,19.44472885131836,11.82048511505127,11.82048511505127,0.16292786598205566,0.44166097044944763,82.12638854980469,3561.0,17.666051864624023,766.0,0.0,0.0,0.207564577460289,9.0,0.0,0.0,0.5,0.2719298303127289,0.25219297409057617,0.2399122714996338,0.23596492409706116
9,0.18349836183979257,10.805177688598633,15.765128135681152,8.996214866638184,8.996214866638184,0.4469379186630249,0.6783922910690308,88.86646270751953,15413.0,10.97209358215332,1903.0,0.0,0.0,0.16143910586833954,28.0,0.0,0.0,5.236973285675049,7.4600372314453125,4.387674808502197,4.387674808502197,0.8756131529808044,0.9369556307792664,99.00830078125,4293.0,0.9686347246170044,42.0,0.0,0.0,0.023062730208039284,1.0,0.0,0.0,10.392671585083008,14.681173324584961,8.642487525939941,8.642487525939941,0.5195331573486328,0.7275915741920471,91.0516586303711,3948.0,8.740774154663086,379.0,0.0,0.0,0.207564577460289,9.0,0.0,0.0,13.171258926391602,18.317771911621094,10.9452543258667,10.9452543258667,0.25408077239990234,0.5278670787811279,84.08671569824219,3646.0,15.705719947814941,681.0,0.0,0.0,0.207564577460289,9.0,0.0,0.0,14.419803619384766,19.68317222595215,12.009441375732422,12.009441375732422,0.14227265119552612,0.4222011864185333,81.3191909790039,3526.0,18.473247528076172,801.0,0.0,0.0,0.207564577460289,9.0,0.0,0.0,0.5714285714285714,0.2631579041481018,0.2477443516254425,0.2432330846786499,0.24586467444896698
10,0.1786884441077566,10.958930969238281,15.932060241699219,9.155895233154297,9.155895233154297,0.4351634979248047,0.66912442445755,88.46863555908203,15344.0,11.364160537719727,1971.0,0.0,0.0,0.16720479726791382,29.0,0.0,0.0,5.3194756507873535,7.509095668792725,4.463537216186523,4.463537216186523,0.8739717602729797,0.9362359642982483,98.96217346191406,4291.0,0.9916974306106567,43.0,0.0,0.0,0.04612546041607857,2.0,0.0,0.0,10.535350799560547,14.792473793029785,8.782118797302246,8.782118797302246,0.512220561504364,0.7221365571022034,90.86715698242188,3940.0,8.925276756286621,387.0,0.0,0.0,0.207564577460289,9.0,0.0,0.0,13.364187240600586,18.52602195739746,11.14760971069336,11.14760971069336,0.23702406883239746,0.5127437710762024,83.71771240234375,3630.0,16.074722290039062,697.0,0.0,0.0,0.207564577460289,9.0,0.0,0.0,14.616710662841797,19.92247200012207,12.230313301086426,12.230313301086426,0.12129014730453491,0.40221819281578064,80.3274917602539,3483.0,19.46494483947754,844.0,0.0,0.0,0.207564577460289,9.0,0.0,0.0,0.6428571428571429,0.25438597798347473,0.24329572916030884,0.24655388295650482,0.2557644248008728
11,0.17475888129901382,11.100432395935059,16.088441848754883,9.284910202026367,9.284910202026367,0.42402076721191406,0.6618281006813049,88.03044891357422,15268.0,11.808117866516113,2048.0,0.0,0.0,0.16143910586833954,28.0,0.0,0.0,5.399415969848633,7.562860012054443,4.54246711730957,4.54246711730957,0.8721606135368347,0.9350640773773193,98.96217346191406,4291.0,1.014760136604309,44.0,0.0,0.0,0.023062730208039284,1.0,0.0,0.0,10.655890464782715,14.911727905273438,8.899757385253906,8.899757385253906,0.5043240785598755,0.716332197189331,90.08302307128906,3906.0,9.709409713745117,421.0,0.0,0.0,0.207564577460289,9.0,0.0,0.0,13.545451164245605,18.710060119628906,11.312010765075684,11.312010765075684,0.2217898964881897,0.5029904842376709,83.23339080810547,3609.0,16.559040069580078,718.0,0.0,0.0,0.207564577460289,9.0,0.0,0.0,14.800972938537598,20.14271354675293,12.385407447814941,12.385407447814941,0.10175448656082153,0.3927464187145233,79.84317779541016,3462.0,19.949262619018555,865.0,0.0,0.0,0.207564577460289,9.0,0.0,0.0,0.7142857142857143,0.24561403691768646,0.23884710669517517,0.24987469613552094,0.26566416025161743
12,0.16806038715807337,11.195114135742188,16.235389709472656,9.357277870178223,9.357277870178223,0.41345101594924927,0.6557267308235168,87.7479248046875,15219.0,12.09063720703125,2097.0,0.0,0.0,0.16143910586833954,28.0,0.0,0.0,5.439488887786865,7.610683441162109,4.571561813354492,4.571561813354492,0.8705387115478516,0.9345201849937439,98.98523712158203,4292.0,0.9916974306106567,43.0,0.0,0.0,0.023062730208039284,1.0,0.0,0.0,10.774720191955566,15.079042434692383,8.991730690002441,8.991730690002441,0.4931383728981018,0.7099030017852783,89.73709106445312,3891.0,10.055350303649902,436.0,0.0,0.0,0.207564577460289,9.0,0.0,0.0,13.68602466583252,18.905969619750977,11.424955368041992,11.424955368041992,0.20540755987167358,0.4933197796344757,82.70294952392578,3586.0,17.0894832611084,741.0,0.0,0.0,0.207564577460289,9.0,0.0,0.0,14.88022518157959,20.288314819335938,12.440863609313965,12.440863609313965,0.08872175216674805,0.38669252395629883,79.56642150878906,3450.0,20.226015090942383,877.0,0.0,0.0,0.207564577460289,9.0,0.0,0.0,0.7857142857142857,0.23684212565422058,0.2343984991312027,0.25319552421569824,0.27556392550468445
13,0.163479587377062,11.42037582397461,16.472267150878906,9.558815002441406,9.558815002441406,0.3962104320526123,0.6442459225654602,87.26361083984375,15135.0,12.57495403289795,2181.0,0.0,0.0,0.16143910586833954,28.0,0.0,0.0,5.51131010055542,7.683575630187988,4.6339521408081055,4.6339521408081055,0.8680469989776611,0.9333782196044922,98.98523712158203,4292.0,0.9916974306106567,43.0,0.0,0.0,0.023062730208039284,1.0,0.0,0.0,10.993412971496582,15.302444458007812,9.187195777893066,9.187195777893066,0.4780083894729614,0.6997120976448059,88.95294952392578,3857.0,10.839483261108398,470.0,0.0,0.0,0.207564577460289,9.0,0.0,0.0,14.012158393859863,19.21635627746582,11.714369773864746,11.714369773864746,0.17910319566726685,0.47550174593925476,82.10332489013672,3560.0,17.689115524291992,767.0,0.0,0.0,0.207564577460289,9.0,0.0,0.0,15.164617538452148,20.5638484954834,12.69974422454834,12.69974422454834,0.06380164623260498,0.3691624104976654,79.01290893554688,3426.0,20.77952003479004,901.0,0.0,0.0,0.207564577460289,9.0,0.0,0.0,0.8571428571428571,0.22807016968727112,0.22994986176490784,0.25651630759239197,0.2854636609554291
14,0.15732708672563217,11.628376007080078,16.693897247314453,9.734574317932129,9.734574317932129,0.3798535466194153,0.634536623954773,87.05603790283203,15099.0,12.78251838684082,2217.0,0.0,0.0,0.16143910586833954,28.0,0.0,0.0,5.570712089538574,7.731164455413818,4.682939052581787,4.682939052581787,0.8664073944091797,0.9327499866485596,99.00830078125,4293.0,0.9686347246170044,42.0,0.0,0.0,0.023062730208039284,1.0,0.0,0.0,11.173347473144531,15.47364330291748,9.339838027954102,9.339838027954102,0.4662633538246155,0.692439615726471,88.79151153564453,3850.0,11.000922203063965,477.0,0.0,0.0,0.207564577460289,9.0,0.0,0.0,14.3060884475708,19.49040985107422,11.967657089233398,11.967657089233398,0.15552181005477905,0.4620862901210785,81.73431396484375,3544.0,18.05811882019043,783.0,0.0,0.0,0.207564577460289,9.0,0.0,0.0,15.463356971740723,20.872568130493164,12.947861671447754,12.947861671447754,0.03548097610473633,0.35522791743278503,78.69003295898438,3412.0,21.102397918701172,915.0,0.0,0.0,0.207564577460289,9.0,0.0,0.0,0.9285714285714286,0.21929824352264404,0.22550123929977417,0.2598370909690857,0.2953633964061737
15,0.15117011778611034,11.82370662689209,16.944965362548828,9.906011581420898,9.906011581420898,0.3610597252845764,0.6239714026451111,86.57172393798828,15015.0,13.26107120513916,2300.0,0.005765682552009821,1.0,0.16143910586833954,28.0,0.0,0.0,5.657319068908691,7.870434284210205,4.751129627227783,4.751129627227783,0.8615509271621704,0.9303447604179382,98.82380676269531,4285.0,1.1531364917755127,50.0,0.0,0.0,0.023062730208039284,1.0,0.0,0.0,11.35246753692627,15.710245132446289,9.497610092163086,9.497610092163086,0.44981616735458374,0.6822819709777832,88.44557189941406,3835.0,11.34686279296875,492.0,0.0,0.0,0.207564577460289,9.0,0.0,0.0,14.543971061706543,19.773052215576172,12.183185577392578,12.183185577392578,0.13085168600082397,0.45009323954582214,81.04243469238281,3514.0,18.75,813.0,0.0,0.0,0.207564577460289,9.0,0.0,0.0,15.741068840026855,21.184860229492188,13.192115783691406,13.192115783691406,0.0064029693603515625,0.34334832429885864,77.97509765625,3381.0,21.794281005859375,945.0,0.023062730208039284,1.0,0.207564577460289,9.0,0.0,0.0,1.0,0.21052631735801697,0.2210526168346405,0.2631579041481018,0.3052631616592407
step,fold13/test_loss,fold13/test_mae,fold13/test_rmse,fold13/test_mard,fold13/test_mape,fold13/test_r2,fold13/test_pearson,fold13/test_ega_zone_a_pct,fold13/test_ega_zone_a_count,fold13/test_ega_zone_b_pct,fold13/test_ega_zone_b_count,fold13/test_ega_zone_c_pct,fold13/test_ega_zone_c_count,fold13/test_ega_zone_d_pct,fold13/test_ega_zone_d_count,fold13/test_ega_zone_e_pct,fold13/test_ega_zone_e_count,fold13/test_horizon_15_mae,fold13/test_horizon_15_rmse,fold13/test_horizon_15_mard,fold13/test_horizon_15_mape,fold13/test_horizon_15_r2,fold13/test_horizon_15_pearson,fold13/test_horizon_15_ega_zone_a_pct,fold13/test_horizon_15_ega_zone_a_count,fold13/test_horizon_15_ega_zone_b_pct,fold13/test_horizon_15_ega_zone_b_count,fold13/test_horizon_15_ega_zone_c_pct,fold13/test_horizon_15_ega_zone_c_count,fold13/test_horizon_15_ega_zone_d_pct,fold13/test_horizon_15_ega_zone_d_count,fold13/test_horizon_15_ega_zone_e_pct,fold13/test_horizon_15_ega_zone_e_count,fold13/test_horizon_30_mae,fold13/test_horizon_30_rmse,fold13/test_horizon_30_mard,fold13/test_horizon_30_mape,fold13/test_horizon_30_r2,fold13/test_horizon_30_pearson,fold13/test_horizon_30_ega_zone_a_pct,fold13/test_horizon_30_ega_zone_a_count,fold13/test_horizon_30_ega_zone_b_pct,fold13/test_horizon_30_ega_zone_b_count,fold13/test_horizon_30_ega_zone_c_pct,fold13/test_horizon_30_ega_zone_c_count,fold13/test_horizon_30_ega_zone_d_pct,fold13/test_horizon_30_ega_zone_d_count,fold13/test_horizon_30_ega_zone_e_pct,fold13/test_horizon_30_ega_zone_e_count,fold13/test_horizon_45_mae,fold13/test_horizon_45_rmse,fold13/test_horizon_45_mard,fold13/test_horizon_45_mape,fold13/test_horizon_45_r2,fold13/test_horizon_45_pearson,fold13/test_horizon_45_ega_zone_a_pct,fold13/test_horizon_45_ega_zone_a_count,fold13/test_horizon_45_ega_zone_b_pct,fold13/test_horizon_45_ega_zone_b_count,fold13/test_horizon_45_ega_zone_c_pct,fold13/test_horizon_45_ega_zone_c_count,fold13/test_horizon_45_ega_zone_d_pct,fold13/test_horizon_45_ega_zone_d_count,fold13/test_horizon_45_ega_zone_e_pct,fold13/test_horizon_45_ega_zone_e_count,fold13/test_horizon_60_mae,fold13/test_horizon_60_rmse,fold13/test_horizon_60_mard,fold13/test_horizon_60_mape,fold13/test_horizon_60_r2,fold13/test_horizon_60_pearson,fold13/test_horizon_60_ega_zone_a_pct,fold13/test_horizon_60_ega_zone_a_count,fold13/test_horizon_60_ega_zone_b_pct,fold13/test_horizon_60_ega_zone_b_count,fold13/test_horizon_60_ega_zone_c_pct,fold13/test_horizon_60_ega_zone_c_count,fold13/test_horizon_60_ega_zone_d_pct,fold13/test_horizon_60_ega_zone_d_count,fold13/test_horizon_60_ega_zone_e_pct,fold13/test_horizon_60_ega_zone_e_count
0,0.3169409377584732,10.970661163330078,18.013200759887695,8.040033340454102,8.040033340454102,0.35724937915802,0.6510571241378784,90.0077133178711,6999.0,9.992283821105957,777.0,0.0,0.0,0.0,0.0,0.0,0.0,4.947344779968262,7.84920597076416,3.787000894546509,3.787000894546509,0.8779301643371582,0.9396110773086548,98.97119140625,1924.0,1.0288065671920776,20.0,0.0,0.0,0.0,0.0,0.0,0.0,10.13185977935791,16.25788688659668,7.477234840393066,7.477234840393066,0.4766346216201782,0.7208747863769531,90.89506530761719,1767.0,9.104938507080078,177.0,0.0,0.0,0.0,0.0,0.0,0.0,13.48991584777832,20.906675338745117,9.81048583984375,9.81048583984375,0.13440418243408203,0.49802321195602417,86.5740737915039,1683.0,13.425925254821777,261.0,0.0,0.0,0.0,0.0,0.0,0.0,15.31352424621582,23.127552032470703,11.085411071777344,11.085411071777344,-0.060044169425964355,0.3467789590358734,83.59053802490234,1625.0,16.409465789794922,319.0,0.0,0.0,0.0,0.0,0.0,0.0
step,fold14/train_loss,fold14/val_mae,fold14/val_rmse,fold14/val_mard,fold14/val_mape,fold14/val_r2,fold14/val_pearson,fold14/val_ega_zone_a_pct,fold14/val_ega_zone_a_count,fold14/val_ega_zone_b_pct,fold14/val_ega_zone_b_count,fold14/val_ega_zone_c_pct,fold14/val_ega_zone_c_count,fold14/val_ega_zone_d_pct,fold14/val_ega_zone_d_count,fold14/val_ega_zone_e_pct,fold14/val_ega_zone_e_count,fold14/val_horizon_15_mae,fold14/val_horizon_15_rmse,fold14/val_horizon_15_mard,fold14/val_horizon_15_mape,fold14/val_horizon_15_r2,fold14/val_horizon_15_pearson,fold14/val_horizon_15_ega_zone_a_pct,fold14/val_horizon_15_ega_zone_a_count,fold14/val_horizon_15_ega_zone_b_pct,fold14/val_horizon_15_ega_zone_b_count,fold14/val_horizon_15_ega_zone_c_pct,fold14/val_horizon_15_ega_zone_c_count,fold14/val_horizon_15_ega_zone_d_pct,fold14/val_horizon_15_ega_zone_d_count,fold14/val_horizon_15_ega_zone_e_pct,fold14/val_horizon_15_ega_zone_e_count,fold14/val_horizon_30_mae,fold14/val_horizon_30_rmse,fold14/val_horizon_30_mard,fold14/val_horizon_30_mape,fold14/val_horizon_30_r2,fold14/val_horizon_30_pearson,fold14/val_horizon_30_ega_zone_a_pct,fold14/val_horizon_30_ega_zone_a_count,fold14/val_horizon_30_ega_zone_b_pct,fold14/val_horizon_30_ega_zone_b_count,fold14/val_horizon_30_ega_zone_c_pct,fold14/val_horizon_30_ega_zone_c_count,fold14/val_horizon_30_ega_zone_d_pct,fold14/val_horizon_30_ega_zone_d_count,fold14/val_horizon_30_ega_zone_e_pct,fold14/val_horizon_30_ega_zone_e_count,fold14/val_horizon_45_mae,fold14/val_horizon_45_rmse,fold14/val_horizon_45_mard,fold14/val_horizon_45_mape,fold14/val_horizon_45_r2,fold14/val_horizon_45_pearson,fold14/val_horizon_45_ega_zone_a_pct,fold14/val_horizon_45_ega_zone_a_count,fold14/val_horizon_45_ega_zone_b_pct,fold14/val_horizon_45_ega_zone_b_count,fold14/val_horizon_45_ega_zone_c_pct,fold14/val_horizon_45_ega_zone_c_count,fold14/val_horizon_45_ega_zone_d_pct,fold14/val_horizon_45_ega_zone_d_count,fold14/val_horizon_45_ega_zone_e_pct,fold14/val_horizon_45_ega_zone_e_count,fold14/val_horizon_60_mae,fold14/val_horizon_60_rmse,fold14/val_horizon_60_mard,fold14/val_horizon_60_mape,fold14/val_horizon_60_r2,fold14/val_horizon_60_pearson,fold14/val_horizon_60_ega_zone_a_pct,fold14/val_horizon_60_ega_zone_a_count,fold14/val_horizon_60_ega_zone_b_pct,fold14/val_horizon_60_ega_zone_b_count,fold14/val_horizon_60_ega_zone_c_pct,fold14/val_horizon_60_ega_zone_c_count,fold14/val_horizon_60_ega_zone_d_pct,fold14/val_horizon_60_ega_zone_d_count,fold14/val_horizon_60_ega_zone_e_pct,fold14/val_horizon_60_ega_zone_e_count,fold14/diag_horizon_curriculum_progress,fold14/diag_loss_horizon_weight_0,fold14/diag_loss_horizon_weight_1,fold14/diag_loss_horizon_weight_2,fold14/diag_loss_horizon_weight_3
1,0.34219287212450017,13.38870620727539,18.732912063598633,11.09008502960205,11.09008502960205,0.280300498008728,0.675644040107727,85.8850326538086,14731.0,14.039179801940918,2408.0,0.0,0.0,0.07579290866851807,13.0,0.0,0.0,11.650975227355957,16.49139976501465,9.59180736541748,9.59180736541748,0.4414897561073303,0.8147439956665039,89.6688461303711,3845.0,10.237873077392578,439.0,0.0,0.0,0.09328357875347137,4.0,0.0,0.0,13.061925888061523,18.29998207092285,10.852782249450684,10.852782249450684,0.31302183866500854,0.7173978686332703,86.8936538696289,3726.0,13.013060569763184,558.0,0.0,0.0,0.09328357875347137,4.0,0.0,0.0,14.12221622467041,19.565221786499023,11.756322860717773,11.756322860717773,0.21499520540237427,0.6079713106155396,84.16511535644531,3609.0,15.764925003051758,676.0,0.0,0.0,0.06996268779039383,3.0,0.0,0.0,14.719706535339355,20.347841262817383,12.159427642822266,12.159427642822266,0.15208709239959717,0.5441905856132507,82.8125,3551.0,17.140857696533203,735.0,0.0,0.0,0.04664178937673569,2.0,0.0,0.0,0.0,0.3333333432674408,0.28333333134651184,0.21666665375232697,0.1666666716337204
2,0.23920676882209782,10.156709671020508,15.459506034851074,8.345763206481934,8.345763206481934,0.5098468065261841,0.7346214056015015,91.21968078613281,15646.0,8.704524040222168,1493.0,0.0,0.0,0.07579290866851807,13.0,0.0,0.0,6.877317428588867,10.462447166442871,5.689661979675293,5.689661979675293,0.7752070426940918,0.892120361328125,96.52518463134766,4139.0,3.3815298080444336,145.0,0.0,0.0,0.09328357875347137,4.0,0.0,0.0,9.689106941223145,14.66166877746582,7.966216564178467,7.966216564178467,0.5590306520462036,0.767311692237854,91.90765380859375,3941.0,7.9990668296813965,343.0,0.0,0.0,0.09328357875347137,4.0,0.0,0.0,11.503739356994629,17.125139236450195,9.428581237792969,9.428581237792969,0.39858949184417725,0.6616727709770203,89.20243072509766,3825.0,10.727611541748047,460.0,0.0,0.0,0.06996268779039383,3.0,0.0,0.0,12.55667495727539,18.392597198486328,10.298590660095215,10.298590660095215,0.3072114586830139,0.5870636701583862,87.24346923828125,3741.0,12.709887504577637,545.0,0.0,0.0,0.04664178937673569,2.0,0.0,0.0,0.07142857142857142,0.3245614171028137,0.2788847088813782,0.21998745203018188,0.17656642198562622
3,0.21587792621800764,9.346345901489258,14.57336139678955,7.701367378234863,7.701367378234863,0.5644278526306152,0.7614453434944153,92.18167114257812,15811.0,7.748367786407471,1329.0,0.0,0.0,0.06996268779039383,12.0,0.0,0.0,5.615641117095947,8.53247356414795,4.706491947174072,4.706491947174072,0.850491464138031,0.9260439872741699,98.0177230834961,4203.0,1.888992428779602,81.0,0.0,0.0,0.09328357875347137,4.0,0.0,0.0,8.992369651794434,13.655871391296387,7.436474323272705,7.436474323272705,0.61745685338974,0.7948058843612671,92.53731536865234,3968.0,7.369402885437012,316.0,0.0,0.0,0.09328357875347137,4.0,0.0,0.0,10.791374206542969,16.401140213012695,8.849786758422852,8.849786758422852,0.44836628437042236,0.6859639286994934,89.94869232177734,3857.0,10.004664421081543,429.0,0.0,0.0,0.04664178937673569,2.0,0.0,0.0,11.98599624633789,17.923398971557617,9.812714576721191,9.812714576721191,0.34210705757141113,0.6058400273323059,88.22295379638672,3783.0,11.7304105758667,503.0,0.0,0.0,0.04664178937673569,2.0,0.0,0.0,0.14285714285714285,0.31578949093818665,0.2744360864162445,0.223308265209198,0.18646617233753204
4,0.20540665282244908,9.118846893310547,14.220646858215332,7.508337497711182,7.508337497711182,0.585256814956665,0.7748374938964844,92.56063842773438,15876.0,7.369402885437012,1264.0,0.0,0.0,0.06996268779039383,12.0,0.0,0.0,5.132761478424072,7.723846912384033,4.328695297241211,4.328695297241211,0.8774866461753845,0.9391423463821411,98.57743072509766,4227.0,1.3292911052703857,57.0,0.0,0.0,0.09328357875347137,4.0,0.0,0.0,8.772863388061523,13.221688270568848,7.262791156768799,7.262791156768799,0.6413957476615906,0.8091535568237305,93.3302230834961,4002.0,6.576492786407471,282.0,0.0,0.0,0.09328357875347137,4.0,0.0,0.0,10.666990280151367,16.126930236816406,8.729020118713379,8.729020118713379,0.46665745973587036,0.7011247277259827,90.29850769042969,3872.0,9.654850959777832,414.0,0.0,0.0,0.04664178937673569,2.0,0.0,0.0,11.902774810791016,17.73015594482422,9.712845802307129,9.712845802307129,0.3562167286872864,0.6212377548217773,88.03638458251953,3775.0,11.916977882385254,511.0,0.0,0.0,0.04664178937673569,2.0,0.0,0.0,0.21428571428571427,0.30701756477355957,0.26998746395111084,0.22662906348705292,0.19636592268943787
5,0.19955240187872378,9.082669258117676,14.102093696594238,7.501364707946777,7.501364707946777,0.592143177986145,0.7770434617996216,92.59561157226562,15882.0,7.340251445770264,1259.0,0.0,0.0,0.064132459461689,11.0,0.0,0.0,4.929592609405518,7.528453350067139,4.176091194152832,4.176091194152832,0.8836067914962769,0.9415435194969177,98.76399230957031,4235.0,1.1660447120666504,50.0,0.0,0.0,0.06996268779039383,3.0,0.0,0.0,8.772114753723145,13.118952751159668,7.292000770568848,7.292000770568848,0.646946907043457,0.8104084730148315,93.44682312011719,4007.0,6.459887981414795,277.0,0.0,0.0,0.09328357875347137,4.0,0.0,0.0,10.734065055847168,16.05402374267578,8.808145523071289,8.808145523071289,0.47146886587142944,0.7006357908248901,90.15858459472656,3866.0,9.79477596282959,420.0,0.0,0.0,0.04664178937673569,2.0,0.0,0.0,11.89490032196045,17.577259063720703,9.729222297668457,9.729222297668457,0.3672723174095154,0.6255671977996826,88.0130615234375,3774.0,11.940298080444336,512.0,0.0,0.0,0.04664178937673569,2.0,0.0,0.0,0.2857142857142857,0.2982456088066101,0.2655388414859772,0.22994986176490784,0.2062656730413437
6,0.19378560665848432,9.173759460449219,14.1486177444458,7.591647148132324,7.591647148132324,0.5894476175308228,0.7742993831634521,92.57229614257812,15878.0,7.363572597503662,1263.0,0.0,0.0,0.064132459461689,11.0,0.0,0.0,4.796388149261475,7.1424689292907715,4.065370082855225,4.065370082855225,0.8952357769012451,0.9475761651992798,98.8572769165039,4239.0,1.0727611780166626,46.0,0.0,0.0,0.06996268779039383,3.0,0.0,0.0,8.833632469177246,13.09174919128418,7.357308864593506,7.357308864593506,0.6484096646308899,0.8105788230895996,93.42350769042969,4006.0,6.483209133148193,278.0,0.0,0.0,0.09328357875347137,4.0,0.0,0.0,10.910335540771484,16.177305221557617,8.975480079650879,8.975480079650879,0.4633203148841858,0.6924423575401306,90.1119384765625,3864.0,9.841418266296387,422.0,0.0,0.0,0.04664178937673569,2.0,0.0,0.0,12.154683113098145,17.793806076049805,9.968430519104004,9.968430519104004,0.3515862226486206,0.6101332306861877,87.89645385742188,3769.0,12.056902885437012,517.0,0.0,0.0,0.04664178937673569,2.0,0.0,0.0,0.35714285714285715,0.28947368264198303,0.2610902190208435,0.23327067494392395,0.2161654233932495
7,0.18846860382167083,9.376018524169922,14.350982666015625,7.780832290649414,7.780832290649414,0.5776194930076599,0.7656236886978149,92.12920379638672,15802.0,7.80666971206665,1339.0,0.0,0.0,0.064132459461689,11.0,0.0,0.0,4.843986988067627,7.154074668884277,4.106988906860352,4.106988906860352,0.894895076751709,0.9473747611045837,98.78731536865234,4236.0,1.142723798751831,49.0,0.0,0.0,0.06996268779039383,3.0,0.0,0.0,9.06523609161377,13.296205520629883,7.570533275604248,7.570533275604248,0.6373422145843506,0.8028164505958557,92.91045379638672,3984.0,6.9962687492370605,300.0,0.0,0.0,0.09328357875347137,4.0,0.0,0.0,11.213830947875977,16.491411209106445,9.254254341125488,9.254254341125488,0.4422772526741028,0.6752068400382996,89.41231536865234,3834.0,10.541045188903809,452.0,0.0,0.0,0.04664178937673569,2.0,0.0,0.0,12.38101863861084,17.996286392211914,10.191554069519043,10.191554069519043,0.3367452621459961,0.5944876074790955,87.4067153930664,3748.0,12.546642303466797,538.0,0.0,0.0,0.04664178937673569,2.0,0.0,0.0,0.42857142857142855,0.28070175647735596,0.25664159655570984,0.23659147322177887,0.22606515884399414
8,0.18354332808275406,9.628475189208984,14.701128959655762,8.01884937286377,8.01884937286377,0.5567569732666016,0.7503015995025635,91.27215576171875,15655.0,8.663712501525879,1486.0,0.0,0.0,0.064132459461689,11.0,0.0,0.0,4.938122749328613,7.404057502746582,4.187343120574951,4.187343120574951,0.8874214291572571,0.9430217146873474,98.67070770263672,4231.0,1.2593283653259277,54.0,0.0,0.0,0.06996268779039383,3.0,0.0,0.0,9.312213897705078,13.607756614685059,7.7987260818481445,7.7987260818481445,0.6201478242874146,0.7907605171203613,92.67723846435547,3974.0,7.229477882385254,310.0,0.0,0.0,0.09328357875347137,4.0,0.0,0.0,11.549853324890137,16.910783767700195,9.575167655944824,9.575167655944824,0.4135509729385376,0.6511984467506409,87.98973846435547,3773.0,11.963619232177734,513.0,0.0,0.0,0.04664178937673569,2.0,0.0,0.0,12.713711738586426,18.39910316467285,10.51416015625,10.51416015625,0.3067213296890259,0.5659398436546326,85.75093078613281,3677.0,14.202425003051758,609.0,0.0,0.0,0.04664178937673569,2.0,0.0,0.0,0.5,0.2719298303127289,0.25219297409057617,0.2399122714996338,0.23596492409706116
9,0.17855143021642245,9.853995323181152,15.054271697998047,8.207890510559082,8.207890510559082,0.5352064371109009,0.7361950874328613,90.61917114257812,15543.0,9.310867309570312,1597.0,0.0,0.0,0.06996268779039383,12.0,0.0,0.0,5.058704853057861,7.650101661682129,4.278224945068359,4.278224945068359,0.8798149228096008,0.9390270113945007,98.64738464355469,4230.0,1.2826491594314575,55.0,0.0,0.0,0.06996268779039383,3.0,0.0,0.0,9.53303050994873,13.962321281433105,7.988307476043701,7.988307476043701,0.6000949740409851,0.7778242826461792,91.95429229736328,3943.0,7.952425479888916,341.0,0.0,0.0,0.09328357875347137,4.0,0.0,0.0,11.805792808532715,17.31196403503418,9.797487258911133,9.797487258911133,0.38539600372314453,0.6305356621742249,87.0569076538086,3733.0,12.873133659362793,552.0,0.0,0.0,0.06996268779039383,3.0,0.0,0.0,13.018457412719727,18.797603607177734,10.767541885375977,10.767541885375977,0.27636510133743286,0.5425437688827515,84.8180923461914,3637.0,15.135261535644531,649.0,0.0,0.0,0.04664178937673569,2.0,0.0,0.0,0.5714285714285714,0.2631579041481018,0.2477443516254425,0.2432330846786499,0.24586467444896698
10,0.17102984779465932,9.939897537231445,15.098334312438965,8.286616325378418,8.286616325378418,0.5324816703796387,0.7338160872459412,90.49673461914062,15522.0,9.43330192565918,1618.0,0.0,0.0,0.06996268779039383,12.0,0.0,0.0,5.131024360656738,7.536331653594971,4.344179630279541,4.344179630279541,0.8833630681037903,0.9409353733062744,98.76399230957031,4235.0,1.1660447120666504,50.0,0.0,0.0,0.06996268779039383,3.0,0.0,0.0,9.689042091369629,14.056974411010742,8.1278076171875,8.1278076171875,0.5946545600891113,0.7739253640174866,91.7677230834961,3935.0,8.138992309570312,349.0,0.0,0.0,0.09328357875347137,4.0,0.0,0.0,11.907678604125977,17.404739379882812,9.88740062713623,9.88740062713623,0.37879085540771484,0.6250737905502319,86.84701538085938,3724.0,13.083023071289062,561.0,0.0,0.0,0.06996268779039383,3.0,0.0,0.0,13.031846046447754,18.82867431640625,10.787075996398926,10.787075996398926,0.27397090196609497,0.540795087814331,84.60820770263672,3628.0,15.345149040222168,658.0,0.0,0.0,0.04664178937673569,2.0,0.0,0.0,0.6428571428571429,0.25438597798347473,0.24329572916030884,0.24655388295650482,0.2557644248008728
11,0.16404948842404146,10.056770324707031,15.237297058105469,8.404753684997559,8.404753684997559,0.5238361358642578,0.7272190451622009,90.21688842773438,15474.0,9.724813461303711,1668.0,0.0,0.0,0.05830223858356476,10.0,0.0,0.0,5.194303512573242,7.586936950683594,4.405766487121582,4.405766487121582,0.8817914128303528,0.9400442838668823,98.69403076171875,4232.0,1.2360074520111084,53.0,0.0,0.0,0.06996268779039383,3.0,0.0,0.0,9.855425834655762,14.228638648986816,8.288357734680176,8.288357734680176,0.5846939086914062,0.7667437791824341,91.16138458251953,3909.0,8.745335578918457,375.0,0.0,0.0,0.09328357875347137,4.0,0.0,0.0,12.05806827545166,17.582172393798828,10.044681549072266,10.044681549072266,0.36606043577194214,0.614294707775116,86.49720001220703,3709.0,13.456156730651855,577.0,0.0,0.0,0.04664178937673569,2.0,0.0,0.0,13.119281768798828,18.961864471435547,10.880207061767578,10.880207061767578,0.26366299390792847,0.5321813225746155,84.51493072509766,3624.0,15.461752891540527,663.0,0.0,0.0,0.023320894688367844,1.0,0.0,0.0,0.7142857142857143,0.24561403691768646,0.23884710669517517,0.24987469613552094,0.26566416025161743
12,0.1561925524211039,10.300334930419922,15.487576484680176,8.616475105285645,8.616475105285645,0.5080652832984924,0.7172107696533203,89.80876922607422,15404.0,10.132928848266602,1738.0,0.0,0.0,0.05830223858356476,10.0,0.0,0.0,5.31559419631958,7.704563617706299,4.506436347961426,4.506436347961426,0.8780975937843323,0.9383148550987244,98.74067687988281,4234.0,1.1893657445907593,51.0,0.0,0.0,0.06996268779039383,3.0,0.0,0.0,10.115307807922363,14.512280464172363,8.508347511291504,8.508347511291504,0.5679709911346436,0.756240725517273,90.69496154785156,3889.0,9.211753845214844,395.0,0.0,0.0,0.09328357875347137,4.0,0.0,0.0,12.392919540405273,17.897686004638672,10.34121036529541,10.34121036529541,0.3431040644645691,0.5989596247673035,85.8442153930664,3681.0,14.109142303466797,605.0,0.0,0.0,0.04664178937673569,2.0,0.0,0.0,13.377513885498047,19.213701248168945,11.109905242919922,11.109905242919922,0.24397414922714233,0.519381582736969,83.9552230834961,3600.0,16.021455764770508,687.0,0.0,0.0,0.023320894688367844,1.0,0.0,0.0,0.7857142857142857,0.23684212565422058,0.2343984991312027,0.25319552421569824,0.27556392550468445
13,0.15053059753611125,10.41523551940918,15.53018569946289,8.717580795288086,8.717580795288086,0.5053547620773315,0.715590238571167,89.6047134399414,15369.0,10.336986541748047,1773.0,0.0,0.0,0.05830223858356476,10.0,0.0,0.0,5.337197303771973,7.70958137512207,4.523979187011719,4.523979187011719,0.8779387474060059,0.938500702381134,98.69403076171875,4232.0,1.2360074520111084,53.0,0.0,0.0,0.06996268779039383,3.0,0.0,0.0,10.18528938293457,14.550236701965332,8.562005043029785,8.562005043029785,0.5657081604003906,0.7553917169570923,90.7182846069336,3890.0,9.188432693481445,394.0,0.0,0.0,0.09328357875347137,4.0,0.0,0.0,12.579687118530273,17.972747802734375,10.507835388183594,10.507835388183594,0.33758264780044556,0.5948804020881653,85.68096923828125,3674.0,14.272387504577637,612.0,0.0,0.0,0.04664178937673569,2.0,0.0,0.0,13.55876636505127,19.25045394897461,11.276503562927246,11.276503562927246,0.24107909202575684,0.5171393156051636,83.3255615234375,3573.0,16.651119232177734,714.0,0.0,0.0,0.023320894688367844,1.0,0.0,0.0,0.8571428571428571,0.22807016968727112,0.22994986176490784,0.25651630759239197,0.2854636609554291
step,fold14/test_loss,fold14/test_mae,fold14/test_rmse,fold14/test_mard,fold14/test_mape,fold14/test_r2,fold14/test_pearson,fold14/test_ega_zone_a_pct,fold14/test_ega_zone_a_count,fold14/test_ega_zone_b_pct,fold14/test_ega_zone_b_count,fold14/test_ega_zone_c_pct,fold14/test_ega_zone_c_count,fold14/test_ega_zone_d_pct,fold14/test_ega_zone_d_count,fold14/test_ega_zone_e_pct,fold14/test_ega_zone_e_count,fold14/test_horizon_15_mae,fold14/test_horizon_15_rmse,fold14/test_horizon_15_mard,fold14/test_horizon_15_mape,fold14/test_horizon_15_r2,fold14/test_horizon_15_pearson,fold14/test_horizon_15_ega_zone_a_pct,fold14/test_horizon_15_ega_zone_a_count,fold14/test_horizon_15_ega_zone_b_pct,fold14/test_horizon_15_ega_zone_b_count,fold14/test_horizon_15_ega_zone_c_pct,fold14/test_horizon_15_ega_zone_c_count,fold14/test_horizon_15_ega_zone_d_pct,fold14/test_horizon_15_ega_zone_d_count,fold14/test_horizon_15_ega_zone_e_pct,fold14/test_horizon_15_ega_zone_e_count,fold14/test_horizon_30_mae,fold14/test_horizon_30_rmse,fold14/test_horizon_30_mard,fold14/test_horizon_30_mape,fold14/test_horizon_30_r2,fold14/test_horizon_30_pearson,fold14/test_horizon_30_ega_zone_a_pct,fold14/test_horizon_30_ega_zone_a_count,fold14/test_horizon_30_ega_zone_b_pct,fold14/test_horizon_30_ega_zone_b_count,fold14/test_horizon_30_ega_zone_c_pct,fold14/test_horizon_30_ega_zone_c_count,fold14/test_horizon_30_ega_zone_d_pct,fold14/test_horizon_30_ega_zone_d_count,fold14/test_horizon_30_ega_zone_e_pct,fold14/test_horizon_30_ega_zone_e_count,fold14/test_horizon_45_mae,fold14/test_horizon_45_rmse,fold14/test_horizon_45_mard,fold14/test_horizon_45_mape,fold14/test_horizon_45_r2,fold14/test_horizon_45_pearson,fold14/test_horizon_45_ega_zone_a_pct,fold14/test_horizon_45_ega_zone_a_count,fold14/test_horizon_45_ega_zone_b_pct,fold14/test_horizon_45_ega_zone_b_count,fold14/test_horizon_45_ega_zone_c_pct,fold14/test_horizon_45_ega_zone_c_count,fold14/test_horizon_45_ega_zone_d_pct,fold14/test_horizon_45_ega_zone_d_count,fold14/test_horizon_45_ega_zone_e_pct,fold14/test_horizon_45_ega_zone_e_count,fold14/test_horizon_60_mae,fold14/test_horizon_60_rmse,fold14/test_horizon_60_mard,fold14/test_horizon_60_mape,fold14/test_horizon_60_r2,fold14/test_horizon_60_pearson,fold14/test_horizon_60_ega_zone_a_pct,fold14/test_horizon_60_ega_zone_a_count,fold14/test_horizon_60_ega_zone_b_pct,fold14/test_horizon_60_ega_zone_b_count,fold14/test_horizon_60_ega_zone_c_pct,fold14/test_horizon_60_ega_zone_c_count,fold14/test_horizon_60_ega_zone_d_pct,fold14/test_horizon_60_ega_zone_d_count,fold14/test_horizon_60_ega_zone_e_pct,fold14/test_horizon_60_ega_zone_e_count
0,0.29817994478081705,10.654637336730957,16.944564819335938,8.55455207824707,8.55455207824707,0.3912730813026428,0.644759476184845,88.92449951171875,4994.0,11.022079467773438,619.0,0.0,0.0,0.053418807685375214,3.0,0.0,0.0,5.473923206329346,8.146110534667969,4.516897678375244,4.516897678375244,0.8574733734130859,0.9270896911621094,98.86039733886719,1388.0,1.1396011114120483,16.0,0.0,0.0,0.0,0.0,0.0,0.0,10.243707656860352,15.717123031616211,8.299196243286133,8.299196243286133,0.4703788161277771,0.69707852602005,89.88603973388672,1262.0,10.04273509979248,141.0,0.0,0.0,0.07122506946325302,1.0,0.0,0.0,12.765822410583496,19.513513565063477,10.200630187988281,10.200630187988281,0.1942887306213379,0.4900856912136078,84.82906341552734,1191.0,15.099714279174805,212.0,0.0,0.0,0.07122506946325302,1.0,0.0,0.0,14.135096549987793,21.31451988220215,11.201485633850098,11.201485633850098,0.057457923889160156,0.36153754591941833,82.12250518798828,1153.0,17.80626678466797,250.0,0.0,0.0,0.07122506946325302,1.0,0.0,0.0
step,fold15/train_loss,fold15/val_mae,fold15/val_rmse,fold15/val_mard,fold15/val_mape,fold15/val_r2,fold15/val_pearson,fold15/val_ega_zone_a_pct,fold15/val_ega_zone_a_count,fold15/val_ega_zone_b_pct,fold15/val_ega_zone_b_count,fold15/val_ega_zone_c_pct,fold15/val_ega_zone_c_count,fold15/val_ega_zone_d_pct,fold15/val_ega_zone_d_count,fold15/val_ega_zone_e_pct,fold15/val_ega_zone_e_count,fold15/val_horizon_15_mae,fold15/val_horizon_15_rmse,fold15/val_horizon_15_mard,fold15/val_horizon_15_mape,fold15/val_horizon_15_r2,fold15/val_horizon_15_pearson,fold15/val_horizon_15_ega_zone_a_pct,fold15/val_horizon_15_ega_zone_a_count,fold15/val_horizon_15_ega_zone_b_pct,fold15/val_horizon_15_ega_zone_b_count,fold15/val_horizon_15_ega_zone_c_pct,fold15/val_horizon_15_ega_zone_c_count,fold15/val_horizon_15_ega_zone_d_pct,fold15/val_horizon_15_ega_zone_d_count,fold15/val_horizon_15_ega_zone_e_pct,fold15/val_horizon_15_ega_zone_e_count,fold15/val_horizon_30_mae,fold15/val_horizon_30_rmse,fold15/val_horizon_30_mard,fold15/val_horizon_30_mape,fold15/val_horizon_30_r2,fold15/val_horizon_30_pearson,fold15/val_horizon_30_ega_zone_a_pct,fold15/val_horizon_30_ega_zone_a_count,fold15/val_horizon_30_ega_zone_b_pct,fold15/val_horizon_30_ega_zone_b_count,fold15/val_horizon_30_ega_zone_c_pct,fold15/val_horizon_30_ega_zone_c_count,fold15/val_horizon_30_ega_zone_d_pct,fold15/val_horizon_30_ega_zone_d_count,fold15/val_horizon_30_ega_zone_e_pct,fold15/val_horizon_30_ega_zone_e_count,fold15/val_horizon_45_mae,fold15/val_horizon_45_rmse,fold15/val_horizon_45_mard,fold15/val_horizon_45_mape,fold15/val_horizon_45_r2,fold15/val_horizon_45_pearson,fold15/val_horizon_45_ega_zone_a_pct,fold15/val_horizon_45_ega_zone_a_count,fold15/val_horizon_45_ega_zone_b_pct,fold15/val_horizon_45_ega_zone_b_count,fold15/val_horizon_45_ega_zone_c_pct,fold15/val_horizon_45_ega_zone_c_count,fold15/val_horizon_45_ega_zone_d_pct,fold15/val_horizon_45_ega_zone_d_count,fold15/val_horizon_45_ega_zone_e_pct,fold15/val_horizon_45_ega_zone_e_count,fold15/val_horizon_60_mae,fold15/val_horizon_60_rmse,fold15/val_horizon_60_mard,fold15/val_horizon_60_mape,fold15/val_horizon_60_r2,fold15/val_horizon_60_pearson,fold15/val_horizon_60_ega_zone_a_pct,fold15/val_horizon_60_ega_zone_a_count,fold15/val_horizon_60_ega_zone_b_pct,fold15/val_horizon_60_ega_zone_b_count,fold15/val_horizon_60_ega_zone_c_pct,fold15/val_horizon_60_ega_zone_c_count,fold15/val_horizon_60_ega_zone_d_pct,fold15/val_horizon_60_ega_zone_d_count,fold15/val_horizon_60_ega_zone_e_pct,fold15/val_horizon_60_ega_zone_e_count,fold15/diag_horizon_curriculum_progress,fold15/diag_loss_horizon_weight_0,fold15/diag_loss_horizon_weight_1,fold15/diag_loss_horizon_weight_2,fold15/diag_loss_horizon_weight_3
1,0.3367063515943138,14.811779022216797,21.645530700683594,12.972116470336914,12.972116470336914,0.2646324634552002,0.5982184410095215,80.57088470458984,16936.0,18.45861053466797,3880.0,0.0,0.0,0.9705042243003845,204.0,0.0,0.0,12.186917304992676,17.989015579223633,10.57894515991211,10.57894515991211,0.4934237599372864,0.8168590068817139,86.90770721435547,4567.0,12.121788024902344,637.0,0.0,0.0,0.9705042243003845,51.0,0.0,0.0,14.45863151550293,21.19719886779785,12.63110637664795,12.63110637664795,0.29542529582977295,0.6433694958686829,81.8648910522461,4302.0,17.16460609436035,902.0,0.0,0.0,0.9705042243003845,51.0,0.0,0.0,15.5311918258667,22.662792205810547,13.593168258666992,13.593168258666992,0.1929035782814026,0.505118191242218,79.37202453613281,4171.0,19.657468795776367,1033.0,0.0,0.0,0.9705042243003845,51.0,0.0,0.0,17.07038116455078,24.240211486816406,15.085244178771973,15.085244178771973,0.07562100887298584,0.3247610628604889,74.138916015625,3896.0,24.890581130981445,1308.0,0.0,0.0,0.9705042243003845,51.0,0.0,0.0,0.0,0.3333333432674408,0.28333333134651184,0.21666665375232697,0.1666666716337204
2,0.2380025300867689,11.844216346740723,18.760225296020508,10.210030555725098,10.210030555725098,0.4476121664047241,0.6746781468391418,86.81732177734375,18249.0,12.274024963378906,2580.0,0.0,0.0,0.9086583852767944,191.0,0.0,0.0,7.672682285308838,11.765998840332031,6.651756286621094,6.651756286621094,0.7832857370376587,0.8924945592880249,94.823974609375,4983.0,4.452901840209961,234.0,0.0,0.0,0.7231208682060242,38.0,0.0,0.0,11.510237693786621,17.90188980102539,9.878778457641602,9.878778457641602,0.49746328592300415,0.7146609425544739,87.30732727050781,4588.0,11.722168922424316,616.0,0.0,0.0,0.9705042243003845,51.0,0.0,0.0,13.443442344665527,20.8542423248291,11.557663917541504,11.557663917541504,0.31658047437667847,0.5679045915603638,83.63463592529297,4395.0,15.394862174987793,809.0,0.0,0.0,0.9705042243003845,51.0,0.0,0.0,14.750503540039062,22.67087173461914,12.751924514770508,12.751924514770508,0.19143730401992798,0.439615398645401,81.50333404541016,4283.0,17.526166915893555,921.0,0.0,0.0,0.9705042243003845,51.0,0.0,0.0,0.07142857142857142,0.3245614171028137,0.2788847088813782,0.21998745203018188,0.17656642198562622
3,0.2146369088246819,11.137900352478027,17.979610443115234,9.567095756530762,9.567095756530762,0.49262553453445435,0.704616904258728,87.97335815429688,18492.0,11.265460968017578,2368.0,0.0,0.0,0.7611798048019409,160.0,0.0,0.0,6.295166969299316,9.61430549621582,5.478263854980469,5.478263854980469,0.8553009033203125,0.9271897077560425,96.70790100097656,5082.0,3.0066604614257812,158.0,0.0,0.0,0.28544244170188904,15.0,0.0,0.0,10.774139404296875,16.746667861938477,9.255955696105957,9.255955696105957,0.560228705406189,0.7524606585502625,88.4490966796875,4648.0,10.713605880737305,563.0,0.0,0.0,0.8372978568077087,44.0,0.0,0.0,13.0593843460083,20.36720085144043,11.175474166870117,11.175474166870117,0.3481296896934509,0.5941824316978455,84.41484832763672,4436.0,14.633682250976562,769.0,0.0,0.0,0.9514747858047485,50.0,0.0,0.0,14.4229154586792,22.480148315429688,12.358694076538086,12.358694076538086,0.20498448610305786,0.4596377909183502,82.32159423828125,4326.0,16.707897186279297,878.0,0.0,0.0,0.9705042243003845,51.0,0.0,0.0,0.14285714285714285,0.31578949093818665,0.2744360864162445,0.223308265209198,0.18646617233753204
4,0.20512655863729923,10.939996719360352,17.71407127380371,9.404752731323242,9.404752731323242,0.5075016021728516,0.7143155932426453,88.26355743408203,18553.0,11.003806114196777,2313.0,0.0,0.0,0.7326355576515198,154.0,0.0,0.0,5.742441177368164,8.697519302368164,5.026688098907471,5.026688098907471,0.88158118724823,0.940185010433197,97.3739242553711,5117.0,2.3786869049072266,125.0,0.0,0.0,0.24738344550132751,13.0,0.0,0.0,10.514729499816895,16.22688102722168,9.056675910949707,9.056675910949707,0.5871045589447021,0.7686694860458374,89.01998138427734,4678.0,10.199810028076172,536.0,0.0,0.0,0.7802093625068665,41.0,0.0,0.0,13.025636672973633,20.222274780273438,11.148181915283203,11.148181915283203,0.35737353563308716,0.6014052033424377,84.64319610595703,4448.0,14.424358367919922,758.0,0.0,0.0,0.9324452877044678,49.0,0.0,0.0,14.477179527282715,22.52231216430664,12.387462615966797,12.387462615966797,0.2019994854927063,0.4590844511985779,82.01712036132812,4310.0,17.01236915588379,894.0,0.0,0.0,0.9705042243003845,51.0,0.0,0.0,0.21428571428571427,0.30701756477355957,0.26998746395111084,0.22662906348705292,0.19636592268943787
5,0.19954417828031873,10.864041328430176,17.58310890197754,9.33006763458252,9.33006763458252,0.5147569179534912,0.7195649743080139,88.4205551147461,18586.0,10.861084938049316,2283.0,0.0,0.0,0.7183634638786316,151.0,0.0,0.0,5.44423246383667,8.17795467376709,4.778491497039795,4.778491497039795,0.8953065872192383,0.9472352266311646,98.05899047851562,5153.0,1.7316840887069702,91.0,0.0,0.0,0.20932446420192719,11.0,0.0,0.0,10.414310455322266,15.962847709655762,8.967242240905762,8.967242240905762,0.6004319190979004,0.7774457335472107,89.43862915039062,4700.0,9.800190925598145,515.0,0.0,0.0,0.7611798048019409,40.0,0.0,0.0,13.065675735473633,20.175655364990234,11.164140701293945,11.164140701293945,0.36033308506011963,0.6045459508895874,84.56708526611328,4444.0,14.500476837158203,762.0,0.0,0.0,0.9324452877044678,49.0,0.0,0.0,14.531949996948242,22.536958694458008,12.410394668579102,12.410394668579102,0.20096123218536377,0.4601622223854065,81.61750793457031,4289.0,17.411989212036133,915.0,0.0,0.0,0.9705042243003845,51.0,0.0,0.0,0.2857142857142857,0.2982456088066101,0.2655388414859772,0.22994986176490784,0.2062656730413437
6,0.19618054049647513,10.868532180786133,17.57843589782715,9.33687686920166,9.33687686920166,0.5150147676467896,0.7195943593978882,88.31112670898438,18563.0,10.984776496887207,2309.0,0.0,0.0,0.7040913105010986,148.0,0.0,0.0,5.263077735900879,7.856550693511963,4.627159118652344,4.627159118652344,0.9033740162849426,0.9513052105903625,98.09705352783203,5155.0,1.6936252117156982,89.0,0.0,0.0,0.20932446420192719,11.0,0.0,0.0,10.398904800415039,15.852795600891113,8.96285629272461,8.96285629272461,0.6059223413467407,0.7807694673538208,89.49571990966797,4703.0,9.800190925598145,515.0,0.0,0.0,0.7040913105010986,37.0,0.0,0.0,13.158814430236816,20.230571746826172,11.250038146972656,11.250038146972656,0.3568460941314697,0.6013432741165161,84.3387222290039,4432.0,14.728829383850098,774.0,0.0,0.0,0.9324452877044678,49.0,0.0,0.0,14.653328895568848,22.664798736572266,12.507450103759766,12.507450103759766,0.19187051057815552,0.4513666033744812,81.31303405761719,4273.0,17.716459274291992,931.0,0.0,0.0,0.9705042243003845,51.0,0.0,0.0,0.35714285714285715,0.28947368264198303,0.2610902190208435,0.23327067494392395,0.2161654233932495
7,0.19263601247582102,10.91154670715332,17.599029541015625,9.37607192993164,9.37607192993164,0.513877809047699,0.7186126708984375,88.29685974121094,18560.0,11.003806114196777,2313.0,0.0,0.0,0.6993339657783508,147.0,0.0,0.0,5.200438022613525,7.698207855224609,4.576133728027344,4.576133728027344,0.9072296619415283,0.9534170031547546,98.28734588623047,5165.0,1.5413891077041626,81.0,0.0,0.0,0.17126545310020447,9.0,0.0,0.0,10.411782264709473,15.797600746154785,8.978232383728027,8.978232383728027,0.6086617708206177,0.782630443572998,89.66698455810547,4712.0,9.609894752502441,505.0,0.0,0.0,0.7231208682060242,38.0,0.0,0.0,13.24802017211914,20.29665756225586,11.323898315429688,11.323898315429688,0.3526373505592346,0.5974434018135071,84.14842987060547,4422.0,14.919124603271484,784.0,0.0,0.0,0.9324452877044678,49.0,0.0,0.0,14.785947799682617,22.76230239868164,12.626022338867188,12.626022338867188,0.18490248918533325,0.44359689950942993,81.08467864990234,4261.0,17.944814682006836,943.0,0.0,0.0,0.9705042243003845,51.0,0.0,0.0,0.42857142857142855,0.28070175647735596,0.25664159655570984,0.23659147322177887,0.22606515884399414
8,0.18930311314484047,10.962926864624023,17.64629554748535,9.445484161376953,9.445484161376953,0.5112631320953369,0.7164897322654724,88.23501586914062,18547.0,11.065651893615723,2326.0,0.0,0.0,0.6993339657783508,147.0,0.0,0.0,5.170987606048584,7.6084303855896,4.559882164001465,4.559882164001465,0.9093807935714722,0.9542079567909241,98.40151977539062,5171.0,1.427212119102478,75.0,0.0,0.0,0.17126545310020447,9.0,0.0,0.0,10.426400184631348,15.76411247253418,9.01484203338623,9.01484203338623,0.6103191375732422,0.7829422354698181,89.91436767578125,4725.0,9.36251163482666,492.0,0.0,0.0,0.7231208682060242,38.0,0.0,0.0,13.341949462890625,20.36867904663086,11.439814567565918,11.439814567565918,0.34803491830825806,0.5932126641273499,83.88201904296875,4408.0,15.185538291931152,798.0,0.0,0.0,0.9324452877044678,49.0,0.0,0.0,14.912368774414062,22.8973445892334,12.767394065856934,12.767394065856934,0.17520225048065186,0.43542227149009705,80.74214935302734,4243.0,18.28734588623047,961.0,0.0,0.0,0.9705042243003845,51.0,0.0,0.0,0.5,0.2719298303127289,0.25219297409057617,0.2399122714996338,0.23596492409706116
9,0.1847158648662169,11.09320068359375,17.765857696533203,9.588540077209473,9.588540077209473,0.5046178102493286,0.7112517356872559,87.85918426513672,18468.0,11.436726570129395,2404.0,0.0,0.0,0.7040913105010986,148.0,0.0,0.0,5.201071262359619,7.628822326660156,4.59398889541626,4.59398889541626,0.908894419670105,0.9539290070533752,98.38249206542969,5170.0,1.4462417364120483,76.0,0.0,0.0,0.17126545310020447,9.0,0.0,0.0,10.52231502532959,15.851482391357422,9.130019187927246,9.130019187927246,0.6059876680374146,0.7796956300735474,89.4766845703125,4702.0,9.781161308288574,514.0,0.0,0.0,0.7421503067016602,39.0,0.0,0.0,13.526639938354492,20.53314208984375,11.641432762145996,11.641432762145996,0.3374640941619873,0.5834423303604126,83.36821746826172,4381.0,15.699334144592285,825.0,0.0,0.0,0.9324452877044678,49.0,0.0,0.0,15.122776985168457,23.05264663696289,12.98871898651123,12.98871898651123,0.16397589445114136,0.4238016605377197,80.2093276977539,4215.0,18.820171356201172,989.0,0.0,0.0,0.9705042243003845,51.0,0.0,0.0,0.5714285714285714,0.2631579041481018,0.2477443516254425,0.2432330846786499,0.24586467444896698
10,0.17891701378605582,11.29329776763916,17.952856063842773,9.78537368774414,9.78537368774414,0.49413442611694336,0.7035329937934875,87.43102264404297,18378.0,11.855375289916992,2492.0,0.0,0.0,0.713606059551239,150.0,0.0,0.0,5.31682825088501,7.777111053466797,4.696436405181885,4.696436405181885,0.9053182005882263,0.9522290229797363,98.4205551147461,5172.0,1.4081826210021973,74.0,0.0,0.0,0.17126545310020447,9.0,0.0,0.0,10.731167793273926,16.093175888061523,9.326987266540527,9.326987266540527,0.5938807725906372,0.7717040777206421,89.3434829711914,4695.0,9.89533805847168,520.0,0.0,0.0,0.7611798048019409,40.0,0.0,0.0,13.793416976928711,20.766401290893555,11.913616180419922,11.913616180419922,0.3223256468772888,0.5701450109481812,82.7212142944336,4347.0,16.327306747436523,858.0,0.0,0.0,0.9514747858047485,50.0,0.0,0.0,15.331779479980469,23.205665588378906,13.204453468322754,13.204453468322754,0.152840256690979,0.4136357009410858,79.23882293701172,4164.0,19.79067611694336,1040.0,0.0,0.0,0.9705042243003845,51.0,0.0,0.0,0.6428571428571429,0.25438597798347473,0.24329572916030884,0.24655388295650482,0.2557644248008728
11,0.17194792138615236,11.459556579589844,18.122207641601562,9.950830459594727,9.950830459594727,0.48454564809799194,0.696855366230011,87.01712799072266,18291.0,12.24548053741455,2574.0,0.0,0.0,0.7373929619789124,155.0,0.0,0.0,5.387314319610596,7.875373840332031,4.764604091644287,4.764604091644287,0.9029104709625244,0.9507913589477539,98.21122741699219,5161.0,1.5984776020050049,84.0,0.0,0.0,0.19029495120048523,10.0,0.0,0.0,10.873124122619629,16.267074584960938,9.474867820739746,9.474867820739746,0.5850564241409302,0.7653651237487793,88.84871673583984,4669.0,10.333016395568848,543.0,0.0,0.0,0.8182682991027832,43.0,0.0,0.0,14.011683464050293,20.99976348876953,12.126031875610352,12.126031875610352,0.30700939893722534,0.5583210587501526,82.60704040527344,4341.0,16.422454833984375,863.0,0.0,0.0,0.9705042243003845,51.0,0.0,0.0,15.56610107421875,23.36724853515625,13.437816619873047,13.437816619873047,0.14100152254104614,0.40561723709106445,78.40152740478516,4120.0,20.627973556518555,1084.0,0.0,0.0,0.9705042243003845,51.0,0.0,0.0,0.7142857142857143,0.24561403691768646,0.23884710669517517,0.24987469613552094,0.26566416025161743
12,0.16401658676864495,11.632278442382812,18.35264015197754,10.11827564239502,10.11827564239502,0.47135382890701294,0.6878926753997803,86.42721557617188,18167.0,12.825879096984863,2696.0,0.0,0.0,0.7469077110290527,157.0,0.0,0.0,5.492826461791992,8.03361988067627,4.859133720397949,4.859133720397949,0.8989694714546204,0.9487377405166626,98.05899047851562,5153.0,1.7316840887069702,91.0,0.0,0.0,0.20932446420192719,11.0,0.0,0.0,11.061138153076172,16.493038177490234,9.655813217163086,9.655813217163086,0.5734485983848572,0.7574493288993835,88.14462280273438,4632.0,11.018077850341797,579.0,0.0,0.0,0.8372978568077087,44.0,0.0,0.0,14.212828636169434,21.29024887084961,12.32583999633789,12.32583999633789,0.2877047657966614,0.5440130233764648,81.63653564453125,4290.0,17.392959594726562,914.0,0.0,0.0,0.9705042243003845,51.0,0.0,0.0,15.762324333190918,23.61024284362793,13.632312774658203,13.632312774658203,0.1230432391166687,0.3941916525363922,77.86869049072266,4092.0,21.160799026489258,1112.0,0.0,0.0,0.9705042243003845,51.0,0.0,0.0,0.7857142857142857,0.23684212565422058,0.2343984991312027,0.25319552421569824,0.27556392550468445
13,0.15555364928373458,11.813095092773438,18.631107330322266,10.27890396118164,10.27890396118164,0.45518964529037476,0.6773504614830017,85.97525787353516,18072.0,13.263557434082031,2788.0,0.0,0.0,0.7611798048019409,160.0,0.0,0.0,5.590301513671875,8.185134887695312,4.944338321685791,4.944338321685791,0.8951226472854614,0.9467303156852722,98.00189971923828,5150.0,1.7697430849075317,93.0,0.0,0.0,0.22835393249988556,12.0,0.0,0.0,11.237693786621094,16.772470474243164,9.810500144958496,9.810500144958496,0.5588724613189697,0.7476106286048889,87.47859191894531,4597.0,11.646051406860352,612.0,0.0,0.0,0.8753567934036255,46.0,0.0,0.0,14.42827320098877,21.632160186767578,12.514458656311035,12.514458656311035,0.2646428346633911,0.5284520983695984,80.98953247070312,4256.0,18.039962768554688,948.0,0.0,0.0,0.9705042243003845,51.0,0.0,0.0,15.996108055114746,23.920913696289062,13.846315383911133,13.846315383911133,0.09981298446655273,0.3822959363460541,77.43101501464844,4069.0,21.598478317260742,1135.0,0.0,0.0,0.9705042243003845,51.0,0.0,0.0,0.8571428571428571,0.22807016968727112,0.22994986176490784,0.25651630759239197,0.2854636609554291
step,fold15/test_loss,fold15/test_mae,fold15/test_rmse,fold15/test_mard,fold15/test_mape,fold15/test_r2,fold15/test_pearson,fold15/test_ega_zone_a_pct,fold15/test_ega_zone_a_count,fold15/test_ega_zone_b_pct,fold15/test_ega_zone_b_count,fold15/test_ega_zone_c_pct,fold15/test_ega_zone_c_count,fold15/test_ega_zone_d_pct,fold15/test_ega_zone_d_count,fold15/test_ega_zone_e_pct,fold15/test_ega_zone_e_count,fold15/test_horizon_15_mae,fold15/test_horizon_15_rmse,fold15/test_horizon_15_mard,fold15/test_horizon_15_mape,fold15/test_horizon_15_r2,fold15/test_horizon_15_pearson,fold15/test_horizon_15_ega_zone_a_pct,fold15/test_horizon_15_ega_zone_a_count,fold15/test_horizon_15_ega_zone_b_pct,fold15/test_horizon_15_ega_zone_b_count,fold15/test_horizon_15_ega_zone_c_pct,fold15/test_horizon_15_ega_zone_c_count,fold15/test_horizon_15_ega_zone_d_pct,fold15/test_horizon_15_ega_zone_d_count,fold15/test_horizon_15_ega_zone_e_pct,fold15/test_horizon_15_ega_zone_e_count,fold15/test_horizon_30_mae,fold15/test_horizon_30_rmse,fold15/test_horizon_30_mard,fold15/test_horizon_30_mape,fold15/test_horizon_30_r2,fold15/test_horizon_30_pearson,fold15/test_horizon_30_ega_zone_a_pct,fold15/test_horizon_30_ega_zone_a_count,fold15/test_horizon_30_ega_zone_b_pct,fold15/test_horizon_30_ega_zone_b_count,fold15/test_horizon_30_ega_zone_c_pct,fold15/test_horizon_30_ega_zone_c_count,fold15/test_horizon_30_ega_zone_d_pct,fold15/test_horizon_30_ega_zone_d_count,fold15/test_horizon_30_ega_zone_e_pct,fold15/test_horizon_30_ega_zone_e_count,fold15/test_horizon_45_mae,fold15/test_horizon_45_rmse,fold15/test_horizon_45_mard,fold15/test_horizon_45_mape,fold15/test_horizon_45_r2,fold15/test_horizon_45_pearson,fold15/test_horizon_45_ega_zone_a_pct,fold15/test_horizon_45_ega_zone_a_count,fold15/test_horizon_45_ega_zone_b_pct,fold15/test_horizon_45_ega_zone_b_count,fold15/test_horizon_45_ega_zone_c_pct,fold15/test_horizon_45_ega_zone_c_count,fold15/test_horizon_45_ega_zone_d_pct,fold15/test_horizon_45_ega_zone_d_count,fold15/test_horizon_45_ega_zone_e_pct,fold15/test_horizon_45_ega_zone_e_count,fold15/test_horizon_60_mae,fold15/test_horizon_60_rmse,fold15/test_horizon_60_mard,fold15/test_horizon_60_mape,fold15/test_horizon_60_r2,fold15/test_horizon_60_pearson,fold15/test_horizon_60_ega_zone_a_pct,fold15/test_horizon_60_ega_zone_a_count,fold15/test_horizon_60_ega_zone_b_pct,fold15/test_horizon_60_ega_zone_b_count,fold15/test_horizon_60_ega_zone_c_pct,fold15/test_horizon_60_ega_zone_c_count,fold15/test_horizon_60_ega_zone_d_pct,fold15/test_horizon_60_ega_zone_d_count,fold15/test_horizon_60_ega_zone_e_pct,fold15/test_horizon_60_ega_zone_e_count
0,0.20356802459485226,7.915629863739014,12.087406158447266,7.104933261871338,7.104933261871338,0.3153991103172302,0.5903104543685913,94.58224487304688,1449.0,5.2219319343566895,80.0,0.0,0.0,0.19582244753837585,3.0,0.0,0.0,5.18166971206665,7.917384147644043,4.8809003829956055,4.8809003829956055,0.7147408723831177,0.8500896692276001,97.3890380859375,373.0,2.3498694896698,9.0,0.0,0.0,0.2610965967178345,1.0,0.0,0.0,7.902364253997803,11.860987663269043,7.124670505523682,7.124670505523682,0.34785377979278564,0.6170498728752136,93.73368072509766,359.0,5.7441253662109375,22.0,0.0,0.0,0.522193193435669,2.0,0.0,0.0,8.664999961853027,13.037230491638184,7.671557426452637,7.671557426452637,0.18280327320098877,0.47412732243537903,93.99478149414062,360.0,6.005221843719482,23.0,0.0,0.0,0.0,0.0,0.0,0.0,9.913487434387207,14.528738021850586,8.742605209350586,8.742605209350586,-0.006131768226623535,0.3004554212093353,93.21148681640625,357.0,6.788511753082275,26.0,0.0,0.0,0.0,0.0,0.0,0.0
step,fold16/train_loss,fold16/val_mae,fold16/val_rmse,fold16/val_mard,fold16/val_mape,fold16/val_r2,fold16/val_pearson,fold16/val_ega_zone_a_pct,fold16/val_ega_zone_a_count,fold16/val_ega_zone_b_pct,fold16/val_ega_zone_b_count,fold16/val_ega_zone_c_pct,fold16/val_ega_zone_c_count,fold16/val_ega_zone_d_pct,fold16/val_ega_zone_d_count,fold16/val_ega_zone_e_pct,fold16/val_ega_zone_e_count,fold16/val_horizon_15_mae,fold16/val_horizon_15_rmse,fold16/val_horizon_15_mard,fold16/val_horizon_15_mape,fold16/val_horizon_15_r2,fold16/val_horizon_15_pearson,fold16/val_horizon_15_ega_zone_a_pct,fold16/val_horizon_15_ega_zone_a_count,fold16/val_horizon_15_ega_zone_b_pct,fold16/val_horizon_15_ega_zone_b_count,fold16/val_horizon_15_ega_zone_c_pct,fold16/val_horizon_15_ega_zone_c_count,fold16/val_horizon_15_ega_zone_d_pct,fold16/val_horizon_15_ega_zone_d_count,fold16/val_horizon_15_ega_zone_e_pct,fold16/val_horizon_15_ega_zone_e_count,fold16/val_horizon_30_mae,fold16/val_horizon_30_rmse,fold16/val_horizon_30_mard,fold16/val_horizon_30_mape,fold16/val_horizon_30_r2,fold16/val_horizon_30_pearson,fold16/val_horizon_30_ega_zone_a_pct,fold16/val_horizon_30_ega_zone_a_count,fold16/val_horizon_30_ega_zone_b_pct,fold16/val_horizon_30_ega_zone_b_count,fold16/val_horizon_30_ega_zone_c_pct,fold16/val_horizon_30_ega_zone_c_count,fold16/val_horizon_30_ega_zone_d_pct,fold16/val_horizon_30_ega_zone_d_count,fold16/val_horizon_30_ega_zone_e_pct,fold16/val_horizon_30_ega_zone_e_count,fold16/val_horizon_45_mae,fold16/val_horizon_45_rmse,fold16/val_horizon_45_mard,fold16/val_horizon_45_mape,fold16/val_horizon_45_r2,fold16/val_horizon_45_pearson,fold16/val_horizon_45_ega_zone_a_pct,fold16/val_horizon_45_ega_zone_a_count,fold16/val_horizon_45_ega_zone_b_pct,fold16/val_horizon_45_ega_zone_b_count,fold16/val_horizon_45_ega_zone_c_pct,fold16/val_horizon_45_ega_zone_c_count,fold16/val_horizon_45_ega_zone_d_pct,fold16/val_horizon_45_ega_zone_d_count,fold16/val_horizon_45_ega_zone_e_pct,fold16/val_horizon_45_ega_zone_e_count,fold16/val_horizon_60_mae,fold16/val_horizon_60_rmse,fold16/val_horizon_60_mard,fold16/val_horizon_60_mape,fold16/val_horizon_60_r2,fold16/val_horizon_60_pearson,fold16/val_horizon_60_ega_zone_a_pct,fold16/val_horizon_60_ega_zone_a_count,fold16/val_horizon_60_ega_zone_b_pct,fold16/val_horizon_60_ega_zone_b_count,fold16/val_horizon_60_ega_zone_c_pct,fold16/val_horizon_60_ega_zone_c_count,fold16/val_horizon_60_ega_zone_d_pct,fold16/val_horizon_60_ega_zone_d_count,fold16/val_horizon_60_ega_zone_e_pct,fold16/val_horizon_60_ega_zone_e_count,fold16/diag_horizon_curriculum_progress,fold16/diag_loss_horizon_weight_0,fold16/diag_loss_horizon_weight_1,fold16/diag_loss_horizon_weight_2,fold16/diag_loss_horizon_weight_3
1,0.32003575160363656,14.819610595703125,21.846738815307617,13.057659149169922,13.057659149169922,0.2248592972755432,0.5374038219451904,78.57220458984375,14385.0,20.291675567626953,3715.0,0.0,0.0,1.1361154317855835,208.0,0.0,0.0,12.524580955505371,18.438310623168945,11.051342010498047,11.051342010498047,0.4466007351875305,0.7801806926727295,83.76665496826172,3834.0,15.097225189208984,691.0,0.0,0.0,1.1361154317855835,52.0,0.0,0.0,14.364294052124023,21.21946907043457,12.655549049377441,12.655549049377441,0.2667238712310791,0.5868204236030579,79.528076171875,3640.0,19.3358097076416,885.0,0.0,0.0,1.1361154317855835,52.0,0.0,0.0,16.215368270874023,23.423086166381836,14.438551902770996,14.438551902770996,0.10865753889083862,0.3833816647529602,74.59033966064453,3414.0,24.273542404174805,1111.0,0.0,0.0,1.1361154317855835,52.0,0.0,0.0,16.1742000579834,23.879743576049805,14.085203170776367,14.085203170776367,0.0788159966468811,0.3046979010105133,76.40375518798828,3497.0,22.460126876831055,1028.0,0.0,0.0,1.1361154317855835,52.0,0.0,0.0,0.0,0.3333333432674408,0.28333333134651184,0.21666665375232697,0.1666666716337204
2,0.2194983483362418,12.451126098632812,19.560565948486328,10.824213981628418,10.824213981628418,0.3786015510559082,0.6163048148155212,84.0343017578125,15385.0,14.911514282226562,2730.0,0.0,0.0,1.0541839599609375,193.0,0.0,0.0,8.098210334777832,12.416181564331055,7.002168655395508,7.002168655395508,0.7490584850311279,0.8703571557998657,93.81690979003906,4294.0,5.374699592590332,246.0,0.0,0.0,0.8083897829055786,37.0,0.0,0.0,12.061407089233398,18.515758514404297,10.44602108001709,10.44602108001709,0.4416821002960205,0.6661025881767273,84.72798919677734,3878.0,14.135896682739258,647.0,0.0,0.0,1.1361154317855835,52.0,0.0,0.0,14.254354476928711,21.862939834594727,12.425175666809082,12.425175666809082,0.22344261407852173,0.4759630560874939,79.65916442871094,3646.0,19.20471954345703,879.0,0.0,0.0,1.1361154317855835,52.0,0.0,0.0,15.390532493591309,23.568622589111328,13.423490524291992,13.423490524291992,0.10266321897506714,0.34431177377700806,77.93314361572266,3567.0,20.930740356445312,958.0,0.0,0.0,1.1361154317855835,52.0,0.0,0.0,0.07142857142857142,0.3245614171028137,0.2788847088813782,0.21998745203018188,0.17656642198562622
3,0.19984095769909416,11.763729095458984,18.87804412841797,10.194500923156738,10.194500923156738,0.4212096333503723,0.6522563099861145,85.50360107421875,15654.0,13.595149040222168,2489.0,0.0,0.0,0.9012453556060791,165.0,0.0,0.0,6.707308769226074,10.196145057678223,5.826416015625,5.826416015625,0.8307734727859497,0.9122852683067322,96.1328353881836,4400.0,3.473891258239746,159.0,0.0,0.0,0.39327070116996765,18.0,0.0,0.0,11.347455024719238,17.512609481811523,9.800531387329102,9.800531387329102,0.5005404949188232,0.7089176774024963,86.16998291015625,3944.0,12.868692398071289,589.0,0.0,0.0,0.961328387260437,44.0,0.0,0.0,13.816312789916992,21.426246643066406,11.966771125793457,11.966771125793457,0.25415492057800293,0.5145438313484192,81.36333465576172,3724.0,17.52239418029785,802.0,0.0,0.0,1.1142669916152954,51.0,0.0,0.0,15.183838844299316,23.57509422302246,13.184283256530762,13.184283256530762,0.10217022895812988,0.3641089200973511,78.34825897216797,3586.0,20.515623092651367,939.0,0.0,0.0,1.1361154317855835,52.0,0.0,0.0,0.14285714285714285,0.31578949093818665,0.2744360864162445,0.223308265209198,0.18646617233753204
4,0.18947649444474687,11.526443481445312,18.64374542236328,9.969123840332031,9.969123840332031,0.4354873299598694,0.6641682982444763,85.99519348144531,15744.0,13.163643836975098,2410.0,0.0,0.0,0.8411623239517212,154.0,0.0,0.0,6.1314568519592285,9.240137100219727,5.330876350402832,5.330876350402832,0.8610197305679321,0.9283743500709534,97.00677490234375,4440.0,2.752894878387451,126.0,0.0,0.0,0.24033209681510925,11.0,0.0,0.0,11.07929801940918,17.07638168334961,9.558135986328125,9.558135986328125,0.5251131057739258,0.726478636264801,86.82543182373047,3974.0,12.300633430480957,563.0,0.0,0.0,0.8739348649978638,40.0,0.0,0.0,13.711153030395508,21.309219360351562,11.83721923828125,11.83721923828125,0.26228010654449463,0.5250424742698669,81.62551879882812,3736.0,17.26021385192871,790.0,0.0,0.0,1.1142669916152954,51.0,0.0,0.0,15.18386459350586,23.649341583251953,13.150262832641602,13.150262832641602,0.09650611877441406,0.3646950125694275,78.5230484008789,3594.0,20.34083366394043,931.0,0.0,0.0,1.1361154317855835,52.0,0.0,0.0,0.21428571428571427,0.30701756477355957,0.26998746395111084,0.22662906348705292,0.19636592268943787
5,0.18310181875072182,11.448177337646484,18.514944076538086,9.860960006713867,9.860960006713867,0.44326043128967285,0.6705124974250793,86.30107116699219,15800.0,12.896001815795898,2361.0,0.0,0.0,0.8029276728630066,147.0,0.0,0.0,5.864590167999268,8.776378631591797,5.093084812164307,5.093084812164307,0.8746203184127808,0.9356333613395691,97.70591735839844,4472.0,2.1192920207977295,97.0,0.0,0.0,0.17478697001934052,8.0,0.0,0.0,10.975153923034668,16.859649658203125,9.438278198242188,9.438278198242188,0.5370910167694092,0.7351312637329102,87.13130950927734,3988.0,12.038453102111816,551.0,0.0,0.0,0.8302381038665771,38.0,0.0,0.0,13.706218719482422,21.23505973815918,11.78018856048584,11.78018856048584,0.26740598678588867,0.530406653881073,81.66921997070312,3738.0,17.26021385192871,790.0,0.0,0.0,1.0705702304840088,49.0,0.0,0.0,15.246747970581055,23.6434383392334,13.132286071777344,13.132286071777344,0.09695708751678467,0.36608201265335083,78.69783782958984,3602.0,20.166046142578125,923.0,0.0,0.0,1.1361154317855835,52.0,0.0,0.0,0.2857142857142857,0.2982456088066101,0.2655388414859772,0.22994986176490784,0.2062656730413437
6,0.17831859203495481,11.492938995361328,18.571767807006836,9.869754791259766,9.869754791259766,0.4398377537727356,0.6690869331359863,86.28468322753906,15797.0,12.91784954071045,2365.0,0.0,0.0,0.7974656224250793,146.0,0.0,0.0,5.747561931610107,8.5668306350708,4.987452983856201,4.987452983856201,0.8805360794067383,0.9389553666114807,97.94625091552734,4483.0,1.8789600133895874,86.0,0.0,0.0,0.17478697001934052,8.0,0.0,0.0,10.969284057617188,16.813222885131836,9.40368938446045,9.40368938446045,0.5396369695663452,0.7376934885978699,87.15315246582031,3989.0,12.038453102111816,551.0,0.0,0.0,0.8083897829055786,37.0,0.0,0.0,13.813201904296875,21.343198776245117,11.826440811157227,11.826440811157227,0.2599254846572876,0.5262905359268188,81.75660705566406,3742.0,17.172821044921875,786.0,0.0,0.0,1.0705702304840088,49.0,0.0,0.0,15.441705703735352,23.833484649658203,13.261435508728027,13.261435508728027,0.08238142728805542,0.3540220856666565,78.28272247314453,3583.0,20.581167221069336,942.0,0.0,0.0,1.1361154317855835,52.0,0.0,0.0,0.35714285714285715,0.28947368264198303,0.2610902190208435,0.23327067494392395,0.2161654233932495
7,0.17440166015127279,11.509777069091797,18.582937240600586,9.872295379638672,9.872295379638672,0.43916380405426025,0.6690033078193665,86.19182586669922,15780.0,13.010705947875977,2382.0,0.0,0.0,0.7974656224250793,146.0,0.0,0.0,5.671117305755615,8.431035995483398,4.92578649520874,4.92578649520874,0.8842933773994446,0.9408655166625977,97.90255737304688,4481.0,1.922656774520874,88.0,0.0,0.0,0.17478697001934052,8.0,0.0,0.0,10.98025894165039,16.780227661132812,9.407678604125977,9.407678604125977,0.5414420366287231,0.7390686869621277,87.26239776611328,3994.0,11.929210662841797,546.0,0.0,0.0,0.8083897829055786,37.0,0.0,0.0,13.8916654586792,21.41245460510254,11.87259578704834,11.87259578704834,0.2551147937774658,0.5229600667953491,81.53812408447266,3732.0,17.39130401611328,796.0,0.0,0.0,1.0705702304840088,49.0,0.0,0.0,15.496068954467773,23.877824783325195,13.283121109008789,13.283121109008789,0.07896393537521362,0.35137367248535156,78.0642318725586,3573.0,20.799650192260742,952.0,0.0,0.0,1.1361154317855835,52.0,0.0,0.0,0.42857142857142855,0.28070175647735596,0.25664159655570984,0.23659147322177887,0.22606515884399414
8,0.17017804479460297,11.509263038635254,18.576265335083008,9.857678413391113,9.857678413391113,0.439566433429718,0.6696634888648987,86.18637084960938,15779.0,13.02163028717041,2384.0,0.0,0.0,0.7920035123825073,145.0,0.0,0.0,5.605038166046143,8.31802749633789,4.8736252784729,4.8736252784729,0.8873744010925293,0.942449152469635,98.03364562988281,4487.0,1.8134149312973022,83.0,0.0,0.0,0.1529386043548584,7.0,0.0,0.0,10.95706558227539,16.719654083251953,9.382916450500488,9.382916450500488,0.5447466969490051,0.741362452507019,87.48088836669922,4004.0,11.71072769165039,536.0,0.0,0.0,0.8083897829055786,37.0,0.0,0.0,13.934370040893555,21.443679809570312,11.887279510498047,11.887279510498047,0.2529407739639282,0.5216748714447021,81.47257995605469,3729.0,17.45684814453125,799.0,0.0,0.0,1.0705702304840088,49.0,0.0,0.0,15.54057788848877,23.911142349243164,13.286892890930176,13.286892890930176,0.07639187574386597,0.3510033190250397,77.75836181640625,3559.0,21.105527877807617,966.0,0.0,0.0,1.1361154317855835,52.0,0.0,0.0,0.5,0.2719298303127289,0.25219297409057617,0.2399122714996338,0.23596492409706116
9,0.16512659057180287,11.557316780090332,18.620304107666016,9.903562545776367,9.903562545776367,0.43690603971481323,0.6673698425292969,86.01704406738281,15748.0,13.180030822753906,2413.0,0.0,0.0,0.8029276728630066,147.0,0.0,0.0,5.606880187988281,8.290040016174316,4.881469249725342,4.881469249725342,0.8881310224533081,0.9428891539573669,98.09918975830078,4490.0,1.726021409034729,79.0,0.0,0.0,0.17478697001934052,8.0,0.0,0.0,10.996601104736328,16.728015899658203,9.431315422058105,9.431315422058105,0.5442911386489868,0.7405853867530823,87.26239776611328,3994.0,11.907362937927246,545.0,0.0,0.0,0.8302381038665771,38.0,0.0,0.0,14.012983322143555,21.504953384399414,11.965664863586426,11.965664863586426,0.24866533279418945,0.5171822309494019,81.10115814208984,3712.0,17.828271865844727,816.0,0.0,0.0,1.0705702304840088,49.0,0.0,0.0,15.612807273864746,23.996845245361328,13.33580207824707,13.33580207824707,0.06975919008255005,0.34664881229400635,77.60542297363281,3552.0,21.258466720581055,973.0,0.0,0.0,1.1361154317855835,52.0,0.0,0.0,0.5714285714285714,0.2631579041481018,0.2477443516254425,0.2432330846786499,0.24586467444896698
10,0.15955500470410688,11.65738296508789,18.755300521850586,9.980241775512695,9.980241775512695,0.42871159315109253,0.6621452569961548,85.80947875976562,15710.0,13.393052101135254,2452.0,0.0,0.0,0.7974656224250793,146.0,0.0,0.0,5.637092590332031,8.313215255737305,4.90792989730835,4.90792989730835,0.8875046968460083,0.9424788355827332,98.12104034423828,4491.0,1.726021409034729,79.0,0.0,0.0,0.1529386043548584,7.0,0.0,0.0,11.068168640136719,16.81118392944336,9.48825454711914,9.48825454711914,0.5397485494613647,0.7377413511276245,87.04391479492188,3984.0,12.125846862792969,555.0,0.0,0.0,0.8302381038665771,38.0,0.0,0.0,14.13503360748291,21.668134689331055,12.05478286743164,12.05478286743164,0.23721975088119507,0.5086478590965271,80.729736328125,3695.0,18.19969367980957,833.0,0.0,0.0,1.0705702304840088,49.0,0.0,0.0,15.789241790771484,24.203550338745117,13.470000267028809,13.470000267028809,0.053664207458496094,0.3334870934486389,77.3432388305664,3540.0,21.520647048950195,985.0,0.0,0.0,1.1361154317855835,52.0,0.0,0.0,0.6428571428571429,0.25438597798347473,0.24329572916030884,0.24655388295650482,0.2557644248008728
11,0.15412698347320108,11.72836971282959,18.867151260375977,10.027949333190918,10.027949333190918,0.42187732458114624,0.6580138206481934,85.74939727783203,15699.0,13.453134536743164,2463.0,0.0,0.0,0.7974656224250793,146.0,0.0,0.0,5.663835048675537,8.353931427001953,4.919594764709473,4.919594764709473,0.886400043964386,0.9420747756958008,98.16473388671875,4493.0,1.6604762077331543,76.0,0.0,0.0,0.17478697001934052,8.0,0.0,0.0,11.141603469848633,16.92255973815918,9.533248901367188,9.533248901367188,0.5336300134658813,0.7342339158058167,86.9565200805664,3980.0,12.235088348388672,560.0,0.0,0.0,0.8083897829055786,37.0,0.0,0.0,14.210693359375,21.80274772644043,12.103991508483887,12.103991508483887,0.2277126908302307,0.5020251274108887,80.5112533569336,3685.0,18.41817855834961,843.0,0.0,0.0,1.0705702304840088,49.0,0.0,0.0,15.89735221862793,24.33837890625,13.554963111877441,13.554963111877441,0.04309159517288208,0.3279097080230713,77.3650894165039,3541.0,21.498798370361328,984.0,0.0,0.0,1.1361154317855835,52.0,0.0,0.0,0.7142857142857143,0.24561403691768646,0.23884710669517517,0.24987469613552094,0.26566416025161743
12,0.14662130373109675,11.891554832458496,19.09923553466797,10.179123878479004,10.179123878479004,0.4075669050216675,0.6486919522285461,85.37251281738281,15630.0,13.81363296508789,2529.0,0.0,0.0,0.8138518929481506,149.0,0.0,0.0,5.726495265960693,8.435152053833008,4.976603031158447,4.976603031158447,0.8841803669929504,0.9410051703453064,98.14288330078125,4492.0,1.6823246479034424,77.0,0.0,0.0,0.17478697001934052,8.0,0.0,0.0,11.281225204467773,17.12248420715332,9.6570463180542,9.6570463180542,0.5225454568862915,0.727308988571167,86.41031646728516,3955.0,12.715752601623535,582.0,0.0,0.0,0.8739348649978638,40.0,0.0,0.0,14.410860061645508,22.088973999023438,12.288275718688965,12.288275718688965,0.2073025107383728,0.48738980293273926,80.20537567138672,3671.0,18.724056243896484,857.0,0.0,0.0,1.0705702304840088,49.0,0.0,0.0,16.14764404296875,24.634716033935547,13.794572830200195,13.794572830200195,0.019647598266601562,0.3118177354335785,76.73148345947266,3512.0,22.132400512695312,1013.0,0.0,0.0,1.1361154317855835,52.0,0.0,0.0,0.7857142857142857,0.23684212565422058,0.2343984991312027,0.25319552421569824,0.27556392550468445
13,0.1393301444620437,12.01784610748291,19.26334571838379,10.275053977966309,10.275053977966309,0.3973422646522522,0.6424785256385803,85.23049926757812,15604.0,13.961109161376953,2556.0,0.0,0.0,0.8083897829055786,148.0,0.0,0.0,5.777504920959473,8.50209903717041,5.016501426696777,5.016501426696777,0.8823346495628357,0.9403042793273926,98.01179504394531,4486.0,1.8352633714675903,84.0,0.0,0.0,0.1529386043548584,7.0,0.0,0.0,11.391677856445312,17.26445960998535,9.739472389221191,9.739472389221191,0.5145946741104126,0.7228274345397949,86.45401000976562,3957.0,12.672056198120117,580.0,0.0,0.0,0.8739348649978638,40.0,0.0,0.0,14.556546211242676,22.28485679626465,12.392419815063477,12.392419815063477,0.19318103790283203,0.47780871391296387,80.05243682861328,3664.0,18.855146408081055,863.0,0.0,0.0,1.0924186706542969,50.0,0.0,0.0,16.345659255981445,24.846405029296875,13.951823234558105,13.951823234558105,0.0027265548706054688,0.30166658759117126,76.40375518798828,3497.0,22.481975555419922,1029.0,0.0,0.0,1.1142669916152954,51.0,0.0,0.0,0.8571428571428571,0.22807016968727112,0.22994986176490784,0.25651630759239197,0.2854636609554291
14,0.13256808210514825,12.150243759155273,19.434385299682617,10.410501480102539,10.410501480102539,0.38659268617630005,0.6354827880859375,85.00109100341797,15562.0,14.179593086242676,2596.0,0.0,0.0,0.8193140029907227,150.0,0.0,0.0,5.850117206573486,8.572115898132324,5.089064121246338,5.089064121246338,0.880388617515564,0.9393734931945801,97.92440795898438,4482.0,1.900808334350586,87.0,0.0,0.0,0.17478697001934052,8.0,0.0,0.0,11.525116920471191,17.406877517700195,9.87431526184082,9.87431526184082,0.5065532922744751,0.7173500061035156,86.27922058105469,3949.0,12.824994087219238,587.0,0.0,0.0,0.8957833051681519,41.0,0.0,0.0,14.701460838317871,22.488306045532227,12.543632507324219,12.543632507324219,0.1783820390701294,0.46764546632766724,79.87764739990234,3656.0,19.029932022094727,871.0,0.0,0.0,1.0924186706542969,50.0,0.0,0.0,16.52427864074707,25.071434020996094,14.135000228881836,14.135000228881836,-0.015419363975524902,0.29329732060432434,75.92308807373047,3475.0,22.96263885498047,1051.0,0.0,0.0,1.1142669916152954,51.0,0.0,0.0,0.9285714285714286,0.21929824352264404,0.22550123929977417,0.2598370909690857,0.2953633964061737
15,0.12575907057463834,12.308594703674316,19.634130477905273,10.567109107971191,10.567109107971191,0.3739187717437744,0.6271600723266602,84.75529479980469,15517.0,14.419925689697266,2640.0,0.0,0.0,0.8247759938240051,151.0,0.0,0.0,5.935757637023926,8.661848068237305,5.166744232177734,5.166744232177734,0.8778713941574097,0.9382491707801819,97.92440795898438,4482.0,1.900808334350586,87.0,0.0,0.0,0.17478697001934052,8.0,0.0,0.0,11.65988826751709,17.577722549438477,10.007184028625488,10.007184028625488,0.4968196153640747,0.7106126546859741,85.95149230957031,3934.0,13.130871772766113,601.0,0.0,0.0,0.9176316857337952,42.0,0.0,0.0,14.922207832336426,22.74094581604004,12.761960983276367,12.761960983276367,0.15981781482696533,0.4555964469909668,79.41883087158203,3635.0,19.488746643066406,892.0,0.0,0.0,1.0924186706542969,50.0,0.0,0.0,16.716529846191406,25.314857482910156,14.332548141479492,14.332548141479492,-0.0352327823638916,0.283553808927536,75.72645568847656,3466.0,23.15927505493164,1060.0,0.0,0.0,1.1142669916152954,51.0,0.0,0.0,1.0,0.21052631735801697,0.2210526168346405,0.2631579041481018,0.3052631616592407
16,0.11972605430986441,12.451117515563965,19.772212982177734,10.705309867858887,10.705309867858887,0.3650817275047302,0.6214831471443176,84.53135681152344,15476.0,14.638408660888672,2680.0,0.0,0.0,0.8302381038665771,152.0,0.0,0.0,6.0100483894348145,8.745972633361816,5.23746395111084,5.23746395111084,0.8754875659942627,0.9370043277740479,97.74961853027344,4474.0,2.0537469387054443,94.0,0.0,0.0,0.19663535058498383,9.0,0.0,0.0,11.783236503601074,17.701025009155273,10.133209228515625,10.133209228515625,0.48973554372787476,0.70554119348526,85.82040405273438,3928.0,13.261961936950684,607.0,0.0,0.0,0.9176316857337952,42.0,0.0,0.0,15.10090160369873,22.908260345458984,12.93632698059082,12.93632698059082,0.14740920066833496,0.446991503238678,79.13480377197266,3622.0,19.772777557373047,905.0,0.0,0.0,1.0924186706542969,50.0,0.0,0.0,16.910280227661133,25.478515625,14.514239311218262,14.514239311218262,-0.04866147041320801,0.27680665254592896,75.42058563232422,3452.0,23.465152740478516,1074.0,0.0,0.0,1.1142669916152954,51.0,0.0,0.0,1.0,0.21052631735801697,0.2210526168346405,0.2631579041481018,0.3052631616592407
step,fold16/test_loss,fold16/test_mae,fold16/test_rmse,fold16/test_mard,fold16/test_mape,fold16/test_r2,fold16/test_pearson,fold16/test_ega_zone_a_pct,fold16/test_ega_zone_a_count,fold16/test_ega_zone_b_pct,fold16/test_ega_zone_b_count,fold16/test_ega_zone_c_pct,fold16/test_ega_zone_c_count,fold16/test_ega_zone_d_pct,fold16/test_ega_zone_d_count,fold16/test_ega_zone_e_pct,fold16/test_ega_zone_e_count,fold16/test_horizon_15_mae,fold16/test_horizon_15_rmse,fold16/test_horizon_15_mard,fold16/test_horizon_15_mape,fold16/test_horizon_15_r2,fold16/test_horizon_15_pearson,fold16/test_horizon_15_ega_zone_a_pct,fold16/test_horizon_15_ega_zone_a_count,fold16/test_horizon_15_ega_zone_b_pct,fold16/test_horizon_15_ega_zone_b_count,fold16/test_horizon_15_ega_zone_c_pct,fold16/test_horizon_15_ega_zone_c_count,fold16/test_horizon_15_ega_zone_d_pct,fold16/test_horizon_15_ega_zone_d_count,fold16/test_horizon_15_ega_zone_e_pct,fold16/test_horizon_15_ega_zone_e_count,fold16/test_horizon_30_mae,fold16/test_horizon_30_rmse,fold16/test_horizon_30_mard,fold16/test_horizon_30_mape,fold16/test_horizon_30_r2,fold16/test_horizon_30_pearson,fold16/test_horizon_30_ega_zone_a_pct,fold16/test_horizon_30_ega_zone_a_count,fold16/test_horizon_30_ega_zone_b_pct,fold16/test_horizon_30_ega_zone_b_count,fold16/test_horizon_30_ega_zone_c_pct,fold16/test_horizon_30_ega_zone_c_count,fold16/test_horizon_30_ega_zone_d_pct,fold16/test_horizon_30_ega_zone_d_count,fold16/test_horizon_30_ega_zone_e_pct,fold16/test_horizon_30_ega_zone_e_count,fold16/test_horizon_45_mae,fold16/test_horizon_45_rmse,fold16/test_horizon_45_mard,fold16/test_horizon_45_mape,fold16/test_horizon_45_r2,fold16/test_horizon_45_pearson,fold16/test_horizon_45_ega_zone_a_pct,fold16/test_horizon_45_ega_zone_a_count,fold16/test_horizon_45_ega_zone_b_pct,fold16/test_horizon_45_ega_zone_b_count,fold16/test_horizon_45_ega_zone_c_pct,fold16/test_horizon_45_ega_zone_c_count,fold16/test_horizon_45_ega_zone_d_pct,fold16/test_horizon_45_ega_zone_d_count,fold16/test_horizon_45_ega_zone_e_pct,fold16/test_horizon_45_ega_zone_e_count,fold16/test_horizon_60_mae,fold16/test_horizon_60_rmse,fold16/test_horizon_60_mard,fold16/test_horizon_60_mape,fold16/test_horizon_60_r2,fold16/test_horizon_60_pearson,fold16/test_horizon_60_ega_zone_a_pct,fold16/test_horizon_60_ega_zone_a_count,fold16/test_horizon_60_ega_zone_b_pct,fold16/test_horizon_60_ega_zone_b_count,fold16/test_horizon_60_ega_zone_c_pct,fold16/test_horizon_60_ega_zone_c_count,fold16/test_horizon_60_ega_zone_d_pct,fold16/test_horizon_60_ega_zone_d_count,fold16/test_horizon_60_ega_zone_e_pct,fold16/test_horizon_60_ega_zone_e_count
0,0.30880201082878594,10.98619556427002,15.432353019714355,10.172416687011719,10.172416687011719,0.1641044020652771,0.5038198232650757,85.32295227050781,5918.0,14.619377136230469,1014.0,0.0,0.0,0.057670123875141144,4.0,0.0,0.0,6.389372825622559,8.879918098449707,6.003765106201172,6.003765106201172,0.7294237017631531,0.8610517382621765,96.8281478881836,1679.0,3.1141867637634277,54.0,0.0,0.0,0.057670123875141144,1.0,0.0,0.0,11.162738800048828,15.360231399536133,10.289724349975586,10.289724349975586,0.1775340437889099,0.5228618383407593,85.17877197265625,1477.0,14.705883026123047,255.0,0.0,0.0,0.11534024775028229,2.0,0.0,0.0,12.79220962524414,17.36161231994629,11.794912338256836,11.794912338256836,-0.06773030757904053,0.3091637194156647,80.96885681152344,1404.0,18.97347068786621,329.0,0.0,0.0,0.057670123875141144,1.0,0.0,0.0,13.6004638671875,18.34161376953125,12.601263999938965,12.601263999938965,-0.20600903034210205,0.16617025434970856,78.31603240966797,1358.0,21.68396759033203,376.0,0.0,0.0,0.0,0.0,0.0,0.0
