step,fold1/train_loss,fold1/val_mae,fold1/val_rmse,fold1/val_mard,fold1/val_r2,fold1/val_pearson,fold1/val_ega_zone_a_pct,fold1/val_ega_zone_a_count,fold1/val_ega_zone_b_pct,fold1/val_ega_zone_b_count,fold1/val_ega_zone_c_pct,fold1/val_ega_zone_c_count,fold1/val_ega_zone_d_pct,fold1/val_ega_zone_d_count,fold1/val_ega_zone_e_pct,fold1/val_ega_zone_e_count,fold1/val_horizon_15_mae,fold1/val_horizon_15_rmse,fold1/val_horizon_15_mard,fold1/val_horizon_15_r2,fold1/val_horizon_15_pearson,fold1/val_horizon_15_ega_zone_a_pct,fold1/val_horizon_15_ega_zone_a_count,fold1/val_horizon_15_ega_zone_b_pct,fold1/val_horizon_15_ega_zone_b_count,fold1/val_horizon_15_ega_zone_c_pct,fold1/val_horizon_15_ega_zone_c_count,fold1/val_horizon_15_ega_zone_d_pct,fold1/val_horizon_15_ega_zone_d_count,fold1/val_horizon_15_ega_zone_e_pct,fold1/val_horizon_15_ega_zone_e_count,fold1/val_horizon_30_mae,fold1/val_horizon_30_rmse,fold1/val_horizon_30_mard,fold1/val_horizon_30_r2,fold1/val_horizon_30_pearson,fold1/val_horizon_30_ega_zone_a_pct,fold1/val_horizon_30_ega_zone_a_count,fold1/val_horizon_30_ega_zone_b_pct,fold1/val_horizon_30_ega_zone_b_count,fold1/val_horizon_30_ega_zone_c_pct,fold1/val_horizon_30_ega_zone_c_count,fold1/val_horizon_30_ega_zone_d_pct,fold1/val_horizon_30_ega_zone_d_count,fold1/val_horizon_30_ega_zone_e_pct,fold1/val_horizon_30_ega_zone_e_count,fold1/val_horizon_45_mae,fold1/val_horizon_45_rmse,fold1/val_horizon_45_mard,fold1/val_horizon_45_r2,fold1/val_horizon_45_pearson,fold1/val_horizon_45_ega_zone_a_pct,fold1/val_horizon_45_ega_zone_a_count,fold1/val_horizon_45_ega_zone_b_pct,fold1/val_horizon_45_ega_zone_b_count,fold1/val_horizon_45_ega_zone_c_pct,fold1/val_horizon_45_ega_zone_c_count,fold1/val_horizon_45_ega_zone_d_pct,fold1/val_horizon_45_ega_zone_d_count,fold1/val_horizon_45_ega_zone_e_pct,fold1/val_horizon_45_ega_zone_e_count,fold1/val_horizon_60_mae,fold1/val_horizon_60_rmse,fold1/val_horizon_60_mard,fold1/val_horizon_60_r2,fold1/val_horizon_60_pearson,fold1/val_horizon_60_ega_zone_a_pct,fold1/val_horizon_60_ega_zone_a_count,fold1/val_horizon_60_ega_zone_b_pct,fold1/val_horizon_60_ega_zone_b_count,fold1/val_horizon_60_ega_zone_c_pct,fold1/val_horizon_60_ega_zone_c_count,fold1/val_horizon_60_ega_zone_d_pct,fold1/val_horizon_60_ega_zone_d_count,fold1/val_horizon_60_ega_zone_e_pct,fold1/val_horizon_60_ega_zone_e_count,fold1/diag_fusion_gate_cgm,fold1/diag_fusion_gate_cgm_guided,fold1/diag_fusion_gate_physio,fold1/diag_horizon_query_similarity,fold1/diag_horizon_progressive_gate,fold1/diag_horizon_attention_similarity,fold1/diag_horizon_attention_entropy,fold1/diag_horizon_curriculum_progress,fold1/diag_loss_horizon_weight_0,fold1/diag_loss_horizon_weight_1,fold1/diag_loss_horizon_weight_2,fold1/diag_loss_horizon_weight_3
1,0.2501833496446976,12.485247611999512,19.355358123779297,9.51667308807373,0.2769365906715393,0.6149001717567444,87.14083099365234,18439.0,12.859169006347656,2721.0,0.0,0.0,0.0,0.0,0.0,0.0,7.083756923675537,10.773646354675293,5.466534614562988,0.7759243249893188,0.8843472003936768,97.10774993896484,5137.0,2.892249345779419,153.0,0.0,0.0,0.0,0.0,0.0,0.0,11.802115440368652,17.953269958496094,9.018224716186523,0.37778085470199585,0.6700683236122131,88.18525695800781,4665.0,11.81474494934082,625.0,0.0,0.0,0.0,0.0,0.0,0.0,14.707216262817383,21.963027954101562,11.172804832458496,0.06906908750534058,0.49791842699050903,82.91114807128906,4386.0,17.08884620666504,904.0,0.0,0.0,0.0,0.0,0.0,0.0,16.347902297973633,24.03650665283203,12.409126281738281,-0.11475777626037598,0.39064928889274597,80.35916900634766,4251.0,19.640830993652344,1039.0,0.0,0.0,0.0,0.0,0.0,0.0,0.22844268381595612,0.6532118320465088,0.11834552139043808,0.042416345328092575,0.11920291930437088,0.9998649954795837,0.9999521970748901,0.0,0.3333333432674408,0.28333333134651184,0.21666665375232697,0.1666666716337204
2,0.2438285032407092,12.423567771911621,19.12902069091797,9.428094863891602,0.29374831914901733,0.6181396842002869,87.99622344970703,18620.0,12.00378131866455,2540.0,0.0,0.0,0.0,0.0,0.0,0.0,7.131202697753906,10.754948616027832,5.480566024780273,0.7767014503479004,0.8854300379753113,97.18336486816406,5141.0,2.8166351318359375,149.0,0.0,0.0,0.0,0.0,0.0,0.0,11.795981407165527,17.787662506103516,8.968157768249512,0.38920700550079346,0.6719746589660645,89.26275634765625,4722.0,10.737239837646484,568.0,0.0,0.0,0.0,0.0,0.0,0.0,14.590673446655273,21.656063079833984,11.040430068969727,0.09490936994552612,0.500742495059967,83.98866271972656,4443.0,16.011343002319336,847.0,0.0,0.0,0.0,0.0,0.0,0.0,16.17641830444336,23.719675064086914,12.223228454589844,-0.08556365966796875,0.39028820395469666,81.55009460449219,4314.0,18.449905395507812,976.0,0.0,0.0,0.0,0.0,0.0,0.0,0.2285684496164322,0.6630797386169434,0.10835176706314087,0.062480926513671875,0.11920291930437088,0.9912660717964172,0.9944958686828613,0.07142857142857142,0.3245614171028137,0.2788847088813782,0.21998745203018188,0.17656642198562622
3,0.24244554399740204,12.473714828491211,19.07624053955078,9.481406211853027,0.2976403832435608,0.616664707660675,87.99622344970703,18620.0,12.00378131866455,2540.0,0.0,0.0,0.0,0.0,0.0,0.0,7.16248083114624,10.750139236450195,5.506549835205078,0.776901125907898,0.8854226469993591,97.2211685180664,5143.0,2.7788279056549072,147.0,0.0,0.0,0.0,0.0,0.0,0.0,11.868106842041016,17.748027801513672,9.036521911621094,0.3919258713722229,0.6701485514640808,89.28166961669922,4723.0,10.718337059020996,567.0,0.0,0.0,0.0,0.0,0.0,0.0,14.618049621582031,21.570587158203125,11.080854415893555,0.1020401120185852,0.4982317388057709,83.81852722167969,4434.0,16.181474685668945,856.0,0.0,0.0,0.0,0.0,0.0,0.0,16.2462215423584,23.659324645996094,12.301703453063965,-0.0800466537475586,0.38491934537887573,81.66351318359375,4320.0,18.336483001708984,970.0,0.0,0.0,0.0,0.0,0.0,0.0,0.24148382246494293,0.5860979557037354,0.17241834104061127,0.0867551863193512,0.11920291930437088,0.9839486479759216,0.9852266311645508,0.14285714285714285,0.31578949093818665,0.2744360864162445,0.223308265209198,0.18646617233753204
4,0.24233513943314922,12.410473823547363,18.97666358947754,9.442238807678223,0.30495381355285645,0.6184020042419434,88.0434799194336,18630.0,11.956521987915039,2530.0,0.0,0.0,0.0,0.0,0.0,0.0,7.046356678009033,10.6246337890625,5.423579216003418,0.7820799350738525,0.8877348899841309,97.2211685180664,5143.0,2.7788279056549072,147.0,0.0,0.0,0.0,0.0,0.0,0.0,11.7959566116333,17.648399353027344,8.991192817687988,0.3987336754798889,0.6720011830329895,89.33837127685547,4726.0,10.661625862121582,564.0,0.0,0.0,0.0,0.0,0.0,0.0,14.572301864624023,21.464122772216797,11.054045677185059,0.1108822226524353,0.4984428286552429,84.1587905883789,4452.0,15.841209411621094,838.0,0.0,0.0,0.0,0.0,0.0,0.0,16.227279663085938,23.566875457763672,12.300134658813477,-0.07162249088287354,0.38405969738960266,81.45557403564453,4309.0,18.544424057006836,981.0,0.0,0.0,0.0,0.0,0.0,0.0,0.20835086703300476,0.5921520590782166,0.19949719309806824,0.10376087576150894,0.11920291930437088,0.9955140948295593,0.9795970916748047,0.21428571428571427,0.30701756477355957,0.26998746395111084,0.22662906348705292,0.19636592268943787
5,0.23982196192739963,12.229741096496582,18.682119369506836,9.318521499633789,0.3263624906539917,0.6264190673828125,88.33648681640625,18692.0,11.6635160446167,2468.0,0.0,0.0,0.0,0.0,0.0,0.0,6.67281436920166,9.965215682983398,5.16834020614624,0.808290958404541,0.9009100198745728,97.76937103271484,5172.0,2.230623722076416,118.0,0.0,0.0,0.0,0.0,0.0,0.0,11.618820190429688,17.276695251464844,8.880456924438477,0.4237942099571228,0.6825842261314392,89.71644592285156,4746.0,10.283554077148438,544.0,0.0,0.0,0.0,0.0,0.0,0.0,14.492311477661133,21.264902114868164,10.998106956481934,0.12731051445007324,0.5022333264350891,84.40453338623047,4465.0,15.595462799072266,825.0,0.0,0.0,0.0,0.0,0.0,0.0,16.135025024414062,23.36879539489746,12.22718334197998,-0.053684234619140625,0.3850065767765045,81.45557403564453,4309.0,18.544424057006836,981.0,0.0,0.0,0.0,0.0,0.0,0.0,0.24639883637428284,0.5214259624481201,0.23217527568340302,0.11843623965978622,0.11920291930437088,0.9951684474945068,0.9609370827674866,0.2857142857142857,0.2982456088066101,0.2655388414859772,0.22994986176490784,0.2062656730413437
6,0.2334475262016192,12.087096214294434,18.55848503112793,9.16997241973877,0.33524900674819946,0.6379665732383728,88.55387878417969,18738.0,11.446125030517578,2422.0,0.0,0.0,0.0,0.0,0.0,0.0,6.241304874420166,9.260726928710938,4.810995101928711,0.8344384431838989,0.9174011945724487,98.35539245605469,5203.0,1.644612431526184,87.0,0.0,0.0,0.0,0.0,0.0,0.0,11.422765731811523,17.00164031982422,8.693375587463379,0.4419952630996704,0.699966311454773,90.05670928955078,4764.0,9.943289756774902,526.0,0.0,0.0,0.0,0.0,0.0,0.0,14.486186981201172,21.271099090576172,10.952659606933594,0.12680166959762573,0.5079708695411682,84.34782409667969,4462.0,15.65217399597168,828.0,0.0,0.0,0.0,0.0,0.0,0.0,16.198123931884766,23.460451126098633,12.222860336303711,-0.06196582317352295,0.38337644934654236,81.45557403564453,4309.0,18.544424057006836,981.0,0.0,0.0,0.0,0.0,0.0,0.0,0.25865885615348816,0.45002520084381104,0.2913159728050232,0.14510579407215118,0.11920291930437088,0.9972381591796875,0.9340356588363647,0.35714285714285715,0.28947368264198303,0.2610902190208435,0.23327067494392395,0.2161654233932495
7,0.2289656522031137,11.9999418258667,18.448741912841797,9.112963676452637,0.3430876135826111,0.6438149809837341,88.5302505493164,18733.0,11.469754219055176,2427.0,0.0,0.0,0.0,0.0,0.0,0.0,5.960383892059326,8.855549812316895,4.61364221572876,0.8486089110374451,0.924027144908905,98.65784454345703,5219.0,1.3421549797058105,71.0,0.0,0.0,0.0,0.0,0.0,0.0,11.24319076538086,16.71460723876953,8.5741548538208,0.46067744493484497,0.7106754183769226,90.07561492919922,4765.0,9.924386024475098,525.0,0.0,0.0,0.0,0.0,0.0,0.0,14.468804359436035,21.194965362548828,10.947072982788086,0.13304126262664795,0.5131579041481018,84.57466888427734,4474.0,15.42533016204834,816.0,0.0,0.0,0.0,0.0,0.0,0.0,16.327388763427734,23.545673370361328,12.316985130310059,-0.06969523429870605,0.3837013244628906,80.81285095214844,4275.0,19.187145233154297,1015.0,0.0,0.0,0.0,0.0,0.0,0.0,0.24611027538776398,0.4314502477645874,0.3224395513534546,0.1571432203054428,0.11920291930437088,0.9953643679618835,0.9316385984420776,0.42857142857142855,0.28070175647735596,0.25664159655570984,0.23659147322177887,0.22606515884399414
8,0.22531489816010683,12.100663185119629,18.470739364624023,9.171981811523438,0.3415200114250183,0.6461783647537231,88.5066146850586,18728.0,11.49338436126709,2432.0,0.0,0.0,0.0,0.0,0.0,0.0,5.893255233764648,8.552875518798828,4.577946662902832,0.8587808609008789,0.9301708340644836,98.94139862060547,5234.0,1.0586011409759521,56.0,0.0,0.0,0.0,0.0,0.0,0.0,11.305607795715332,16.62192153930664,8.611928939819336,0.4666421413421631,0.7170539498329163,90.34026336669922,4779.0,9.659734725952148,511.0,0.0,0.0,0.0,0.0,0.0,0.0,14.64747428894043,21.279664993286133,11.05684757232666,0.12609827518463135,0.5104119777679443,84.1587905883789,4452.0,15.841209411621094,838.0,0.0,0.0,0.0,0.0,0.0,0.0,16.556312561035156,23.71516227722168,12.441205024719238,-0.08515071868896484,0.37525132298469543,80.58601379394531,4263.0,19.41398811340332,1027.0,0.0,0.0,0.0,0.0,0.0,0.0,0.2370244413614273,0.4483669102191925,0.31460872292518616,0.17823375761508942,0.11920291930437088,0.9929997324943542,0.9188528060913086,0.5,0.2719298303127289,0.25219297409057617,0.2399122714996338,0.23596492409706116
9,0.22363361974539347,12.077351570129395,18.39255714416504,9.150315284729004,0.3470827341079712,0.649175763130188,88.54914855957031,18737.0,11.450851440429688,2423.0,0.0,0.0,0.0,0.0,0.0,0.0,5.821855068206787,8.412513732910156,4.520834445953369,0.8633779287338257,0.9323210716247559,98.94139862060547,5234.0,1.0586011409759521,56.0,0.0,0.0,0.0,0.0,0.0,0.0,11.301458358764648,16.52366065979004,8.606196403503418,0.4729294776916504,0.7209823727607727,90.5103988647461,4788.0,9.489603042602539,502.0,0.0,0.0,0.0,0.0,0.0,0.0,14.625187873840332,21.2037410736084,11.038081169128418,0.13232308626174927,0.5136622190475464,84.38563537597656,4464.0,15.61436653137207,826.0,0.0,0.0,0.0,0.0,0.0,0.0,16.56090545654297,23.658910751342773,12.436149597167969,-0.080008864402771,0.3762066662311554,80.35916900634766,4251.0,19.640830993652344,1039.0,0.0,0.0,0.0,0.0,0.0,0.0,0.2401408702135086,0.41354769468307495,0.3463115394115448,0.19818593561649323,0.11920291930437088,0.9928295016288757,0.9207845330238342,0.5714285714285714,0.2631579041481018,0.2477443516254425,0.2432330846786499,0.24586467444896698
10,0.22095409812875236,12.390312194824219,18.738027572631836,9.392072677612305,0.32232457399368286,0.639441728591919,87.90642547607422,18601.0,12.088847160339355,2558.0,0.0047258976846933365,1.0,0.0,0.0,0.0,0.0,5.923173904418945,8.440964698791504,4.603886127471924,0.8624522686004639,0.9324622750282288,99.05481719970703,5240.0,0.9451796412467957,50.0,0.0,0.0,0.0,0.0,0.0,0.0,11.550315856933594,16.754953384399414,8.79874038696289,0.4580705761909485,0.7154878377914429,90.62381744384766,4794.0,9.376181602478027,496.0,0.0,0.0,0.0,0.0,0.0,0.0,15.005661010742188,21.610563278198242,11.327073097229004,0.09870868921279907,0.4990237355232239,83.19470977783203,4401.0,16.786388397216797,888.0,0.018903590738773346,1.0,0.0,0.0,0.0,0.0,17.082094192504883,24.19628143310547,12.838594436645508,-0.12962698936462402,0.3554219603538513,78.75236511230469,4166.0,21.247636795043945,1124.0,0.0,0.0,0.0,0.0,0.0,0.0,0.23858730494976044,0.4415706396102905,0.31984207034111023,0.20356284081935883,0.11920291930437088,0.9927453994750977,0.925614058971405,0.6428571428571429,0.25438597798347473,0.24329572916030884,0.24655388295650482,0.2557644248008728
11,0.21839591447719878,12.436321258544922,18.7984561920166,9.425150871276855,0.3179466128349304,0.6359180212020874,87.4669189453125,18508.0,12.5330810546875,2652.0,0.0,0.0,0.0,0.0,0.0,0.0,5.875550746917725,8.373311042785645,4.571407318115234,0.8646482825279236,0.9332111477851868,99.03591918945312,5239.0,0.9640831351280212,51.0,0.0,0.0,0.0,0.0,0.0,0.0,11.55137825012207,16.726764678955078,8.797313690185547,0.4598926305770874,0.7151193022727966,90.28355407714844,4776.0,9.716445922851562,514.0,0.0,0.0,0.0,0.0,0.0,0.0,15.16427993774414,21.74226951599121,11.443289756774902,0.0876893401145935,0.4901326894760132,82.70321655273438,4375.0,17.29678726196289,915.0,0.0,0.0,0.0,0.0,0.0,0.0,17.154071807861328,24.308536529541016,12.888593673706055,-0.14013278484344482,0.3453928828239441,77.84498596191406,4118.0,22.15500831604004,1172.0,0.0,0.0,0.0,0.0,0.0,0.0,0.23464874923229218,0.43721073865890503,0.328140527009964,0.21390950679779053,0.11920291930437088,0.9907744526863098,0.9281418323516846,0.7142857142857143,0.24561403691768646,0.23884710669517517,0.24987469613552094,0.26566416025161743
12,0.2146978942192938,12.571377754211426,19.03038215637207,9.531285285949707,0.30101317167282104,0.626311719417572,86.8903579711914,18386.0,13.109641075134277,2774.0,0.0,0.0,0.0,0.0,0.0,0.0,5.887289047241211,8.420031547546387,4.576519012451172,0.8631336688995361,0.9325340390205383,99.13043212890625,5244.0,0.8695651888847351,46.0,0.0,0.0,0.0,0.0,0.0,0.0,11.73551082611084,16.96319007873535,8.936381340026855,0.44451624155044556,0.706768810749054,89.64083099365234,4742.0,10.35916805267334,548.0,0.0,0.0,0.0,0.0,0.0,0.0,15.346083641052246,22.015085220336914,11.591114044189453,0.06465095281600952,0.476793110370636,81.77693176269531,4326.0,18.22306251525879,964.0,0.0,0.0,0.0,0.0,0.0,0.0,17.31662940979004,24.603071212768555,13.021124839782715,-0.16792917251586914,0.33014538884162903,77.01322937011719,4074.0,22.98676872253418,1216.0,0.0,0.0,0.0,0.0,0.0,0.0,0.279161274433136,0.4092511236667633,0.3115876615047455,0.21844382584095,0.11920291930437088,0.9903883337974548,0.9287209510803223,0.7857142857142857,0.23684212565422058,0.2343984991312027,0.25319552421569824,0.27556392550468445
13,0.2076966247182941,12.711640357971191,19.15643310546875,9.665874481201172,0.29172271490097046,0.6185777187347412,86.77220916748047,18361.0,13.227787971496582,2799.0,0.0,0.0,0.0,0.0,0.0,0.0,5.887472152709961,8.390341758728027,4.588110446929932,0.8640971183776855,0.9327083826065063,99.0926284790039,5242.0,0.9073724150657654,48.0,0.0,0.0,0.0,0.0,0.0,0.0,11.805798530578613,17.019466400146484,9.009821891784668,0.4408245086669922,0.7021620869636536,89.75425720214844,4748.0,10.245746612548828,542.0,0.0,0.0,0.0,0.0,0.0,0.0,15.55539608001709,22.196321487426758,11.783491134643555,0.04918724298477173,0.46295279264450073,81.39886474609375,4306.0,18.60113525390625,984.0,0.0,0.0,0.0,0.0,0.0,0.0,17.597898483276367,24.802000045776367,13.282073974609375,-0.18689203262329102,0.31366658210754395,76.84310150146484,4065.0,23.156898498535156,1225.0,0.0,0.0,0.0,0.0,0.0,0.0,0.2715010643005371,0.42261382937431335,0.3058851361274719,0.21811892092227936,0.11920291930437088,0.9878849983215332,0.9285410642623901,0.8571428571428571,0.22807016968727112,0.22994986176490784,0.25651630759239197,0.2854636609554291
14,0.203353938547732,12.958683967590332,19.45794105529785,9.866308212280273,0.26925182342529297,0.6055212616920471,86.01606750488281,18201.0,13.983932495117188,2959.0,0.0,0.0,0.0,0.0,0.0,0.0,5.964568138122559,8.503259658813477,4.643697261810303,0.8604145646095276,0.9311234951019287,99.0926284790039,5242.0,0.9073724150657654,48.0,0.0,0.0,0.0,0.0,0.0,0.0,12.033637046813965,17.293790817260742,9.197122573852539,0.4226532578468323,0.691328227519989,88.92249298095703,4704.0,11.07750415802002,586.0,0.0,0.0,0.0,0.0,0.0,0.0,15.862549781799316,22.509313583374023,12.04340934753418,0.02218306064605713,0.4458862543106079,80.47258758544922,4257.0,19.52741050720215,1033.0,0.0,0.0,0.0,0.0,0.0,0.0,17.973983764648438,25.226892471313477,13.581005096435547,-0.22790658473968506,0.29055142402648926,75.5765609741211,3998.0,24.423439025878906,1292.0,0.0,0.0,0.0,0.0,0.0,0.0,0.28345614671707153,0.40553537011146545,0.3110085129737854,0.21583808958530426,0.11920291930437088,0.987017810344696,0.9220364689826965,0.9285714285714286,0.21929824352264404,0.22550123929977417,0.2598370909690857,0.2953633964061737
15,0.19948293432260816,12.931421279907227,19.425537109375,9.848031044006348,0.2716837525367737,0.6038598418235779,85.95462799072266,18188.0,14.045368194580078,2972.0,0.0,0.0,0.0,0.0,0.0,0.0,5.9319047927856445,8.45530891418457,4.62468957901001,0.861984372138977,0.9315224885940552,99.05481719970703,5240.0,0.9451796412467957,50.0,0.0,0.0,0.0,0.0,0.0,0.0,12.022150993347168,17.269447326660156,9.194877624511719,0.424277663230896,0.6902953386306763,89.0926284790039,4713.0,10.90737247467041,577.0,0.0,0.0,0.0,0.0,0.0,0.0,15.826896667480469,22.515243530273438,12.012292861938477,0.021667897701263428,0.43954670429229736,80.18904113769531,4242.0,19.810964584350586,1048.0,0.0,0.0,0.0,0.0,0.0,0.0,17.944732666015625,25.154396057128906,13.560263633728027,-0.22085940837860107,0.2858909070491791,75.48204040527344,3993.0,24.51795768737793,1297.0,0.0,0.0,0.0,0.0,0.0,0.0,0.2998310923576355,0.3844132125377655,0.315755695104599,0.22782336175441742,0.11920291930437088,0.9849886894226074,0.9164739847183228,1.0,0.21052631735801697,0.2210526168346405,0.2631579041481018,0.3052631616592407
step,fold1/test_loss,fold1/test_mae,fold1/test_rmse,fold1/test_mard,fold1/test_r2,fold1/test_pearson,fold1/test_ega_zone_a_pct,fold1/test_ega_zone_a_count,fold1/test_ega_zone_b_pct,fold1/test_ega_zone_b_count,fold1/test_ega_zone_c_pct,fold1/test_ega_zone_c_count,fold1/test_ega_zone_d_pct,fold1/test_ega_zone_d_count,fold1/test_ega_zone_e_pct,fold1/test_ega_zone_e_count,fold1/test_horizon_15_mae,fold1/test_horizon_15_rmse,fold1/test_horizon_15_mard,fold1/test_horizon_15_r2,fold1/test_horizon_15_pearson,fold1/test_horizon_15_ega_zone_a_pct,fold1/test_horizon_15_ega_zone_a_count,fold1/test_horizon_15_ega_zone_b_pct,fold1/test_horizon_15_ega_zone_b_count,fold1/test_horizon_15_ega_zone_c_pct,fold1/test_horizon_15_ega_zone_c_count,fold1/test_horizon_15_ega_zone_d_pct,fold1/test_horizon_15_ega_zone_d_count,fold1/test_horizon_15_ega_zone_e_pct,fold1/test_horizon_15_ega_zone_e_count,fold1/test_horizon_30_mae,fold1/test_horizon_30_rmse,fold1/test_horizon_30_mard,fold1/test_horizon_30_r2,fold1/test_horizon_30_pearson,fold1/test_horizon_30_ega_zone_a_pct,fold1/test_horizon_30_ega_zone_a_count,fold1/test_horizon_30_ega_zone_b_pct,fold1/test_horizon_30_ega_zone_b_count,fold1/test_horizon_30_ega_zone_c_pct,fold1/test_horizon_30_ega_zone_c_count,fold1/test_horizon_30_ega_zone_d_pct,fold1/test_horizon_30_ega_zone_d_count,fold1/test_horizon_30_ega_zone_e_pct,fold1/test_horizon_30_ega_zone_e_count,fold1/test_horizon_45_mae,fold1/test_horizon_45_rmse,fold1/test_horizon_45_mard,fold1/test_horizon_45_r2,fold1/test_horizon_45_pearson,fold1/test_horizon_45_ega_zone_a_pct,fold1/test_horizon_45_ega_zone_a_count,fold1/test_horizon_45_ega_zone_b_pct,fold1/test_horizon_45_ega_zone_b_count,fold1/test_horizon_45_ega_zone_c_pct,fold1/test_horizon_45_ega_zone_c_count,fold1/test_horizon_45_ega_zone_d_pct,fold1/test_horizon_45_ega_zone_d_count,fold1/test_horizon_45_ega_zone_e_pct,fold1/test_horizon_45_ega_zone_e_count,fold1/test_horizon_60_mae,fold1/test_horizon_60_rmse,fold1/test_horizon_60_mard,fold1/test_horizon_60_r2,fold1/test_horizon_60_pearson,fold1/test_horizon_60_ega_zone_a_pct,fold1/test_horizon_60_ega_zone_a_count,fold1/test_horizon_60_ega_zone_b_pct,fold1/test_horizon_60_ega_zone_b_count,fold1/test_horizon_60_ega_zone_c_pct,fold1/test_horizon_60_ega_zone_c_count,fold1/test_horizon_60_ega_zone_d_pct,fold1/test_horizon_60_ega_zone_d_count,fold1/test_horizon_60_ega_zone_e_pct,fold1/test_horizon_60_ega_zone_e_count
0,0.2070168737756777,8.392616271972656,11.883428573608398,7.822153091430664,0.4517579674720764,0.681689441204071,92.58451843261719,6792.0,7.347328186035156,539.0,0.0,0.0,0.06815703213214874,5.0,0.0,0.0,4.617265701293945,6.5450310707092285,4.330094814300537,0.8318694233894348,0.9123276472091675,98.8549575805664,1813.0,1.0359869003295898,19.0,0.0,0.0,0.10905124992132187,2.0,0.0,0.0,8.134125709533691,11.394885063171387,7.588087558746338,0.49404382705688477,0.7096893191337585,93.72955322265625,1719.0,6.161396026611328,113.0,0.0,0.0,0.10905124992132187,2.0,0.0,0.0,9.858489036560059,13.449689865112305,9.17917251586914,0.3002270460128784,0.5710141658782959,90.40348815917969,1658.0,9.541984558105469,175.0,0.0,0.0,0.054525624960660934,1.0,0.0,0.0,10.960585594177246,14.5357666015625,10.19125747680664,0.18858569860458374,0.4808417856693268,87.35005187988281,1602.0,12.649946212768555,232.0,0.0,0.0,0.0,0.0,0.0,0.0
step,fold2/train_loss,fold2/val_mae,fold2/val_rmse,fold2/val_mard,fold2/val_r2,fold2/val_pearson,fold2/val_ega_zone_a_pct,fold2/val_ega_zone_a_count,fold2/val_ega_zone_b_pct,fold2/val_ega_zone_b_count,fold2/val_ega_zone_c_pct,fold2/val_ega_zone_c_count,fold2/val_ega_zone_d_pct,fold2/val_ega_zone_d_count,fold2/val_ega_zone_e_pct,fold2/val_ega_zone_e_count,fold2/val_horizon_15_mae,fold2/val_horizon_15_rmse,fold2/val_horizon_15_mard,fold2/val_horizon_15_r2,fold2/val_horizon_15_pearson,fold2/val_horizon_15_ega_zone_a_pct,fold2/val_horizon_15_ega_zone_a_count,fold2/val_horizon_15_ega_zone_b_pct,fold2/val_horizon_15_ega_zone_b_count,fold2/val_horizon_15_ega_zone_c_pct,fold2/val_horizon_15_ega_zone_c_count,fold2/val_horizon_15_ega_zone_d_pct,fold2/val_horizon_15_ega_zone_d_count,fold2/val_horizon_15_ega_zone_e_pct,fold2/val_horizon_15_ega_zone_e_count,fold2/val_horizon_30_mae,fold2/val_horizon_30_rmse,fold2/val_horizon_30_mard,fold2/val_horizon_30_r2,fold2/val_horizon_30_pearson,fold2/val_horizon_30_ega_zone_a_pct,fold2/val_horizon_30_ega_zone_a_count,fold2/val_horizon_30_ega_zone_b_pct,fold2/val_horizon_30_ega_zone_b_count,fold2/val_horizon_30_ega_zone_c_pct,fold2/val_horizon_30_ega_zone_c_count,fold2/val_horizon_30_ega_zone_d_pct,fold2/val_horizon_30_ega_zone_d_count,fold2/val_horizon_30_ega_zone_e_pct,fold2/val_horizon_30_ega_zone_e_count,fold2/val_horizon_45_mae,fold2/val_horizon_45_rmse,fold2/val_horizon_45_mard,fold2/val_horizon_45_r2,fold2/val_horizon_45_pearson,fold2/val_horizon_45_ega_zone_a_pct,fold2/val_horizon_45_ega_zone_a_count,fold2/val_horizon_45_ega_zone_b_pct,fold2/val_horizon_45_ega_zone_b_count,fold2/val_horizon_45_ega_zone_c_pct,fold2/val_horizon_45_ega_zone_c_count,fold2/val_horizon_45_ega_zone_d_pct,fold2/val_horizon_45_ega_zone_d_count,fold2/val_horizon_45_ega_zone_e_pct,fold2/val_horizon_45_ega_zone_e_count,fold2/val_horizon_60_mae,fold2/val_horizon_60_rmse,fold2/val_horizon_60_mard,fold2/val_horizon_60_r2,fold2/val_horizon_60_pearson,fold2/val_horizon_60_ega_zone_a_pct,fold2/val_horizon_60_ega_zone_a_count,fold2/val_horizon_60_ega_zone_b_pct,fold2/val_horizon_60_ega_zone_b_count,fold2/val_horizon_60_ega_zone_c_pct,fold2/val_horizon_60_ega_zone_c_count,fold2/val_horizon_60_ega_zone_d_pct,fold2/val_horizon_60_ega_zone_d_count,fold2/val_horizon_60_ega_zone_e_pct,fold2/val_horizon_60_ega_zone_e_count,fold2/diag_fusion_gate_cgm,fold2/diag_fusion_gate_cgm_guided,fold2/diag_fusion_gate_physio,fold2/diag_horizon_query_similarity,fold2/diag_horizon_progressive_gate,fold2/diag_horizon_attention_similarity,fold2/diag_horizon_attention_entropy,fold2/diag_horizon_curriculum_progress,fold2/diag_loss_horizon_weight_0,fold2/diag_loss_horizon_weight_1,fold2/diag_loss_horizon_weight_2,fold2/diag_loss_horizon_weight_3
1,0.23536736125964142,12.222148895263672,19.334571838378906,11.09412956237793,0.33750051259994507,0.6432557702064514,83.84734344482422,14083.0,14.99166488647461,2518.0,0.005953798536211252,1.0,1.149083137512207,193.0,0.005953798536211252,1.0,7.373301029205322,11.128091812133789,6.674681663513184,0.7818884253501892,0.8871685266494751,94.11764526367188,3952.0,5.406048774719238,227.0,0.0,0.0,0.4763038754463196,20.0,0.0,0.0,11.64438533782959,17.60032081604004,10.501314163208008,0.4527900218963623,0.7069370150566101,84.78209686279297,3560.0,14.170040130615234,595.0,0.0,0.0,1.0478686094284058,44.0,0.0,0.0,14.149084091186523,21.577726364135742,12.864349365234375,0.17219901084899902,0.5486298203468323,79.63800811767578,3344.0,18.909263610839844,794.0,0.0,0.0,1.4527268409729004,61.0,0.0,0.0,15.721827507019043,24.415132522583008,14.336173057556152,-0.06302571296691895,0.40726155042648315,76.85163116455078,3227.0,21.481306076049805,902.0,0.02381519414484501,1.0,1.6194332838058472,68.0,0.02381519414484501,1.0,0.3286953866481781,0.24536962807178497,0.4259350299835205,0.058560922741889954,0.11920291930437088,0.9999373555183411,0.999945878982544,0.0,0.3333333432674408,0.28333333134651184,0.21666665375232697,0.1666666716337204
2,0.23121382810698515,11.864212989807129,18.923337936401367,10.75742244720459,0.3653826117515564,0.646378219127655,84.68087768554688,14223.0,14.128364562988281,2373.0,0.005953798536211252,1.0,1.184805989265442,199.0,0.0,0.0,7.265799045562744,10.996058464050293,6.580006122589111,0.7870334386825562,0.8884096741676331,94.28435516357422,3959.0,5.1678972244262695,217.0,0.0,0.0,0.5477494597434998,23.0,0.0,0.0,11.335955619812012,17.292348861694336,10.20958423614502,0.4717727303504944,0.7079561948776245,85.5203628540039,3591.0,13.407954216003418,563.0,0.0,0.0,1.071683645248413,45.0,0.0,0.0,13.65753173828125,21.070098876953125,12.392910957336426,0.21068978309631348,0.5494941473007202,80.495361328125,3380.0,18.00428581237793,756.0,0.0,0.0,1.5003572702407837,63.0,0.0,0.0,15.1975679397583,23.84288787841797,13.847188949584961,-0.013779044151306152,0.40683794021606445,78.42343139648438,3293.0,19.933317184448242,837.0,0.02381519414484501,1.0,1.6194332838058472,68.0,0.0,0.0,0.29606568813323975,0.13657191395759583,0.5673624277114868,0.0696132704615593,0.11920291930437088,0.9990050196647644,0.9968630075454712,0.07142857142857142,0.3245614171028137,0.2788847088813782,0.21998745203018188,0.17656642198562622
3,0.2310307896227719,11.768980979919434,18.778125762939453,10.670888900756836,0.3750850558280945,0.648189902305603,85.08573150634766,14291.0,13.717551231384277,2304.0,0.005953798536211252,1.0,1.1907596588134766,200.0,0.0,0.0,7.240670680999756,10.945154190063477,6.561126708984375,0.7890006899833679,0.88930344581604,94.33198547363281,3961.0,5.096451759338379,214.0,0.0,0.0,0.5715646743774414,24.0,0.0,0.0,11.276043891906738,17.222822189331055,10.157695770263672,0.47601181268692017,0.7084741592407227,85.80614471435547,3603.0,13.122172355651855,551.0,0.0,0.0,1.071683645248413,45.0,0.0,0.0,13.527647972106934,20.896574020385742,12.273353576660156,0.22363722324371338,0.5492931604385376,81.04310607910156,3403.0,17.4565372467041,733.0,0.0,0.0,1.5003572702407837,63.0,0.0,0.0,15.031558990478516,23.608963012695312,13.691383361816406,0.0060158371925354,0.4061836302280426,79.16170501708984,3324.0,19.19504737854004,806.0,0.02381519414484501,1.0,1.6194332838058472,68.0,0.0,0.0,0.22353604435920715,0.09131468832492828,0.6851492524147034,0.08401045203208923,0.11920291930437088,0.9946271777153015,0.9796580076217651,0.14285714285714285,0.31578949093818665,0.2744360864162445,0.223308265209198,0.18646617233753204
4,0.22857710015615432,11.743953704833984,18.642932891845703,10.654233932495117,0.3840506672859192,0.6496849060058594,85.1690902709961,14305.0,13.646106719970703,2292.0,0.005953798536211252,1.0,1.1788520812988281,198.0,0.0,0.0,7.221631050109863,10.835131645202637,6.554185390472412,0.7932213544845581,0.8913199305534363,94.57013702392578,3971.0,4.834484100341797,203.0,0.0,0.0,0.5953798294067383,25.0,0.0,0.0,11.274215698242188,17.133817672729492,10.163772583007812,0.4814136028289795,0.7087787985801697,85.71088409423828,3599.0,13.217432975769043,555.0,0.0,0.0,1.071683645248413,45.0,0.0,0.0,13.520946502685547,20.798992156982422,12.25936222076416,0.23087096214294434,0.5474604964256287,81.23362731933594,3411.0,17.31364631652832,727.0,0.0,0.0,1.4527268409729004,61.0,0.0,0.0,14.959022521972656,23.3809757232666,13.63961410522461,0.02512073516845703,0.406638503074646,79.16170501708984,3324.0,19.218862533569336,807.0,0.02381519414484501,1.0,1.5956180095672607,67.0,0.0,0.0,0.233531653881073,0.09217363595962524,0.6742947697639465,0.09345284104347229,0.11920291930437088,0.9914560317993164,0.9699815511703491,0.21428571428571427,0.30701756477355957,0.26998746395111084,0.22662906348705292,0.19636592268943787
5,0.2259705344430636,11.678653717041016,18.554399490356445,10.597966194152832,0.3898870348930359,0.6522833108901978,85.29411315917969,14326.0,13.521077156066895,2271.0,0.011907597072422504,2.0,1.172898292541504,197.0,0.0,0.0,7.01924467086792,10.510481834411621,6.376867771148682,0.8054270148277283,0.8981203436851501,95.07025146484375,3992.0,4.405810832977295,185.0,0.0,0.0,0.5239343047142029,22.0,0.0,0.0,11.236906051635742,17.023351669311523,10.140984535217285,0.4880789518356323,0.7121151685714722,85.6156234741211,3595.0,13.24124813079834,556.0,0.0,0.0,1.1431293487548828,48.0,0.0,0.0,13.50519847869873,20.769561767578125,12.24538516998291,0.23304617404937744,0.5458795428276062,81.16217803955078,3408.0,17.38509178161621,730.0,0.0,0.0,1.4527268409729004,61.0,0.0,0.0,14.953264236450195,23.35430335998535,13.628623008728027,0.02734375,0.4028755724430084,79.32841491699219,3331.0,19.052154541015625,800.0,0.04763038828969002,2.0,1.5718028545379639,66.0,0.0,0.0,0.20663613080978394,0.11807502061128616,0.6752888560295105,0.12105691432952881,0.11920291930437088,0.9958255290985107,0.9399899244308472,0.2857142857142857,0.2982456088066101,0.2655388414859772,0.22994986176490784,0.2062656730413437
6,0.22220649042889562,11.492854118347168,18.320621490478516,10.4120512008667,0.4051644802093506,0.661969780921936,85.62157440185547,14381.0,13.235294342041016,2223.0,0.011907597072422504,2.0,1.1312217712402344,190.0,0.0,0.0,6.64414119720459,9.981578826904297,6.040426731109619,0.8245167136192322,0.9088789820671082,95.80852508544922,4023.0,3.738985538482666,157.0,0.0,0.0,0.4524887204170227,19.0,0.0,0.0,11.068034172058105,16.76971435546875,9.96281909942627,0.5032199621200562,0.7221377491950989,86.13955688476562,3617.0,12.81257438659668,538.0,0.0,0.0,1.0478686094284058,44.0,0.0,0.0,13.406789779663086,20.619577407836914,12.129707336425781,0.2440829873085022,0.5517022609710693,81.40033721923828,3418.0,17.14693832397461,720.0,0.0,0.0,1.4527268409729004,61.0,0.0,0.0,14.85245418548584,23.163734436035156,13.515253067016602,0.043152451515197754,0.40784770250320435,79.13789367675781,3323.0,19.242677688598633,808.0,0.04763038828969002,2.0,1.5718028545379639,66.0,0.0,0.0,0.24276968836784363,0.12410711497068405,0.6331232786178589,0.14514723420143127,0.11920291930437088,0.9987962245941162,0.9348745346069336,0.35714285714285715,0.28947368264198303,0.2610902190208435,0.23327067494392395,0.2161654233932495
7,0.21815303367274536,11.351054191589355,18.123308181762695,10.2705078125,0.417908251285553,0.6695970296859741,85.97880554199219,14441.0,12.907835960388184,2168.0,0.005953798536211252,1.0,1.107406497001648,186.0,0.0,0.0,6.361213684082031,9.504137992858887,5.7912492752075195,0.8409026861190796,0.9176176190376282,96.38008880615234,4047.0,3.2388665676116943,136.0,0.0,0.0,0.38104310631752014,16.0,0.0,0.0,10.930363655090332,16.48365592956543,9.83765983581543,0.5200235843658447,0.7324448227882385,86.56822967529297,3635.0,12.38390064239502,520.0,0.0,0.0,1.0478686094284058,44.0,0.0,0.0,13.309685707092285,20.480579376220703,12.012081146240234,0.25424009561538696,0.5586935877799988,81.7337417602539,3432.0,16.83734130859375,707.0,0.0,0.0,1.4289116859436035,60.0,0.0,0.0,14.802957534790039,23.0721378326416,13.4410400390625,0.05070483684539795,0.41085225343704224,79.233154296875,3327.0,19.171232223510742,805.0,0.02381519414484501,1.0,1.5718028545379639,66.0,0.0,0.0,0.267484575510025,0.12741754949092865,0.6050978899002075,0.1632453054189682,0.11920291930437088,0.998217761516571,0.9397437572479248,0.42857142857142855,0.28070175647735596,0.25664159655570984,0.23659147322177887,0.22606515884399414
8,0.21359616718210803,11.230765342712402,17.91691017150879,10.160512924194336,0.4310910701751709,0.6782538294792175,86.39556884765625,14511.0,12.49702262878418,2099.0,0.0,0.0,1.107406497001648,186.0,0.0,0.0,6.239264965057373,9.24089241027832,5.694640636444092,0.849593997001648,0.9224511384963989,96.61824035644531,4057.0,3.0007145404815674,126.0,0.0,0.0,0.38104310631752014,16.0,0.0,0.0,10.824955940246582,16.267118453979492,9.752699851989746,0.5325511693954468,0.7404927611351013,87.04454040527344,3655.0,11.907596588134766,500.0,0.0,0.0,1.0478686094284058,44.0,0.0,0.0,13.198568344116211,20.281036376953125,11.909797668457031,0.2687012553215027,0.5683624744415283,82.04334259033203,3445.0,16.52774429321289,694.0,0.0,0.0,1.4289116859436035,60.0,0.0,0.0,14.660270690917969,22.863269805908203,13.284915924072266,0.06781476736068726,0.42221400141716003,79.87615966796875,3354.0,18.55203628540039,779.0,0.0,0.0,1.5718028545379639,66.0,0.0,0.0,0.2979850769042969,0.16885195672512054,0.5331630110740662,0.18810099363327026,0.11920291930437088,0.998389720916748,0.9262676239013672,0.5,0.2719298303127289,0.25219297409057617,0.2399122714996338,0.23596492409706116
9,0.21080365453544558,11.19886589050293,17.80228042602539,10.11853313446045,0.4383474588394165,0.6822109222412109,86.40151977539062,14512.0,12.49702262878418,2099.0,0.0,0.0,1.1014527082443237,185.0,0.0,0.0,6.165145397186279,9.073230743408203,5.630004405975342,0.8550022840499878,0.9253777861595154,96.92784118652344,4070.0,2.6911168098449707,113.0,0.0,0.0,0.38104310631752014,16.0,0.0,0.0,10.78334903717041,16.135643005371094,9.712121963500977,0.540076732635498,0.7449727058410645,86.99691009521484,3653.0,11.955227851867676,502.0,0.0,0.0,1.0478686094284058,44.0,0.0,0.0,13.18503189086914,20.184070587158203,11.877859115600586,0.2756773829460144,0.5711617469787598,81.99571228027344,3443.0,16.59918975830078,697.0,0.0,0.0,1.405096411705017,59.0,0.0,0.0,14.661943435668945,22.750947952270508,13.254146575927734,0.07695150375366211,0.4256439805030823,79.68563842773438,3346.0,18.742557525634766,787.0,0.0,0.0,1.5718028545379639,66.0,0.0,0.0,0.3191360831260681,0.20255789160728455,0.4783060848712921,0.19721879065036774,0.11920291930437088,0.9975746273994446,0.9217973351478577,0.5714285714285714,0.2631579041481018,0.2477443516254425,0.2432330846786499,0.24586467444896698
10,0.2083949602673809,11.196073532104492,17.772397994995117,10.154535293579102,0.44023144245147705,0.6845683455467224,86.42533874511719,14516.0,12.467253684997559,2094.0,0.0,0.0,1.107406497001648,186.0,0.0,0.0,6.12375545501709,8.969756126403809,5.611473560333252,0.8582906126976013,0.9272752404212952,97.04692077636719,4075.0,2.5720410346984863,108.0,0.0,0.0,0.38104310631752014,16.0,0.0,0.0,10.763999938964844,16.061853408813477,9.734152793884277,0.5442736148834229,0.7480825185775757,86.99691009521484,3653.0,11.955227851867676,502.0,0.0,0.0,1.0478686094284058,44.0,0.0,0.0,13.21070671081543,20.151620864868164,11.945856094360352,0.27800440788269043,0.5740962624549866,81.99571228027344,3443.0,16.575374603271484,696.0,0.0,0.0,1.4289116859436035,60.0,0.0,0.0,14.685833930969238,22.779483795166016,13.326655387878418,0.07463431358337402,0.42795857787132263,79.66181945800781,3345.0,18.766372680664062,788.0,0.0,0.0,1.5718028545379639,66.0,0.0,0.0,0.31870585680007935,0.19605961441993713,0.4852345585823059,0.20276807248592377,0.11920291930437088,0.9972379207611084,0.9372624158859253,0.6428571428571429,0.25438597798347473,0.24329572916030884,0.24655388295650482,0.2557644248008728
11,0.2049301265482658,11.189691543579102,17.714080810546875,10.127363204956055,0.4438989758491516,0.6882128715515137,86.34793853759766,14503.0,12.544652938842773,2107.0,0.0,0.0,1.107406497001648,186.0,0.0,0.0,6.101670742034912,8.935599327087402,5.589611053466797,0.859367847442627,0.9279225468635559,97.02310180664062,4074.0,2.595856189727783,109.0,0.0,0.0,0.38104310631752014,16.0,0.0,0.0,10.775460243225098,16.028106689453125,9.730199813842773,0.546186625957489,0.7500551342964172,86.8302001953125,3646.0,12.098118782043457,508.0,0.0,0.0,1.071683645248413,45.0,0.0,0.0,13.178740501403809,20.049335479736328,11.886016845703125,0.28531521558761597,0.5816030502319336,82.0671615600586,3446.0,16.52774429321289,694.0,0.0,0.0,1.405096411705017,59.0,0.0,0.0,14.702898025512695,22.725168228149414,13.303624153137207,0.07904195785522461,0.4361364543437958,79.47129821777344,3337.0,18.95689582824707,796.0,0.0,0.0,1.5718028545379639,66.0,0.0,0.0,0.35621127486228943,0.2188255935907364,0.42496317625045776,0.20470447838306427,0.11920291930437088,0.99671870470047,0.9371035695075989,0.7142857142857143,0.24561403691768646,0.23884710669517517,0.24987469613552094,0.26566416025161743
12,0.20018700223833152,11.193123817443848,17.77224349975586,10.152338027954102,0.44024109840393066,0.6874911189079285,86.42533874511719,14516.0,12.467253684997559,2094.0,0.0,0.0,1.107406497001648,186.0,0.0,0.0,6.05866813659668,8.871652603149414,5.555045127868652,0.8613734245300293,0.929105818271637,97.14218139648438,4079.0,2.4767801761627197,104.0,0.0,0.0,0.38104310631752014,16.0,0.0,0.0,10.768567085266113,16.01801300048828,9.740200996398926,0.5467581152915955,0.7516112923622131,86.90164184570312,3649.0,12.02667236328125,505.0,0.0,0.0,1.071683645248413,45.0,0.0,0.0,13.203388214111328,20.130592346191406,11.938505172729492,0.2795104384422302,0.5804401636123657,82.11479187011719,3448.0,16.48011589050293,692.0,0.0,0.0,1.405096411705017,59.0,0.0,0.0,14.74186897277832,22.86672019958496,13.375600814819336,0.06753325462341309,0.4323578476905823,79.5427474975586,3340.0,18.885448455810547,793.0,0.0,0.0,1.5718028545379639,66.0,0.0,0.0,0.378166526556015,0.21637462079524994,0.4054589569568634,0.19946004450321198,0.11920291930437088,0.9960503578186035,0.9483195543289185,0.7857142857142857,0.23684212565422058,0.2343984991312027,0.25319552421569824,0.27556392550468445
13,0.19742519819872204,11.205343246459961,17.72850799560547,10.153243064880371,0.4429927468299866,0.6893777251243591,86.25862884521484,14488.0,12.657774925231934,2126.0,0.0,0.0,1.083591341972351,182.0,0.0,0.0,6.051985263824463,8.836343765258789,5.5562744140625,0.8624747395515442,0.9296407699584961,97.1659927368164,4080.0,2.452965021133423,103.0,0.0,0.0,0.38104310631752014,16.0,0.0,0.0,10.764263153076172,15.956655502319336,9.734980583190918,0.550223708152771,0.75350022315979,86.71112060546875,3641.0,12.288640022277832,516.0,0.0,0.0,1.000238060951233,42.0,0.0,0.0,13.20108699798584,20.067935943603516,11.916146278381348,0.2839885354042053,0.5838465094566345,81.8290023803711,3436.0,16.78971290588379,705.0,0.0,0.0,1.3812812566757202,58.0,0.0,0.0,14.80404281616211,22.842552185058594,13.405571937561035,0.06950336694717407,0.43572452664375305,79.32841491699219,3331.0,19.09978485107422,802.0,0.0,0.0,1.5718028545379639,66.0,0.0,0.0,0.38719528913497925,0.23380428552627563,0.3790004551410675,0.2058538943529129,0.11920291930437088,0.9936819076538086,0.9432083368301392,0.8571428571428571,0.22807016968727112,0.22994986176490784,0.25651630759239197,0.2854636609554291
14,0.19264258950439758,11.213868141174316,17.743099212646484,10.140172958374023,0.4420754909515381,0.6874904632568359,86.24077606201172,14485.0,12.669684410095215,2128.0,0.0,0.0,1.0895451307296753,183.0,0.0,0.0,6.028841972351074,8.772159576416016,5.53582239151001,0.8644653558731079,0.9306200742721558,97.07073211669922,4076.0,2.5482258796691895,107.0,0.0,0.0,0.38104310631752014,16.0,0.0,0.0,10.762289047241211,15.971231460571289,9.713976860046387,0.5494016408920288,0.7523054480552673,86.97309112548828,3652.0,12.02667236328125,505.0,0.0,0.0,1.000238060951233,42.0,0.0,0.0,13.217931747436523,20.122621536254883,11.910945892333984,0.2800808548927307,0.5789467096328735,81.75756072998047,3433.0,16.83734130859375,707.0,0.0,0.0,1.405096411705017,59.0,0.0,0.0,14.846414566040039,22.854305267333984,13.399945259094238,0.06854546070098877,0.4290538728237152,79.16170501708984,3324.0,19.26649284362793,809.0,0.0,0.0,1.5718028545379639,66.0,0.0,0.0,0.38204434514045715,0.25318607687950134,0.3647695779800415,0.20001094043254852,0.11920291930437088,0.9881327748298645,0.9619953632354736,0.9285714285714286,0.21929824352264404,0.22550123929977417,0.2598370909690857,0.2953633964061737
15,0.1876487161561253,11.263819694519043,17.888105392456055,10.212066650390625,0.4329189658164978,0.684709370136261,86.05620574951172,14454.0,12.866158485412598,2161.0,0.0,0.0,1.0776375532150269,181.0,0.0,0.0,6.008441925048828,8.780564308166504,5.519700527191162,0.8642054796218872,0.9305952191352844,96.95166015625,4071.0,2.667301654815674,112.0,0.0,0.0,0.38104310631752014,16.0,0.0,0.0,10.754152297973633,16.041126251220703,9.722663879394531,0.5454490184783936,0.7515406608581543,86.59204864501953,3636.0,12.407716751098633,521.0,0.0,0.0,1.000238060951233,42.0,0.0,0.0,13.33481502532959,20.294048309326172,12.051010131835938,0.2677624821662903,0.5761149525642395,81.5670394897461,3425.0,17.051679611206055,716.0,0.0,0.0,1.3812812566757202,58.0,0.0,0.0,14.957866668701172,23.10135841369629,13.554891586303711,0.04829883575439453,0.4265710115432739,79.11407470703125,3322.0,19.337936401367188,812.0,0.0,0.0,1.5479875802993774,65.0,0.0,0.0,0.38371649384498596,0.24183747172355652,0.3744460642337799,0.20200930535793304,0.11920291930437088,0.9875263571739197,0.9658454656600952,1.0,0.21052631735801697,0.2210526168346405,0.2631579041481018,0.3052631616592407
16,0.17764641686680194,11.312583923339844,17.91228485107422,10.233839988708496,0.4313849210739136,0.6834209561347961,85.9371337890625,14434.0,12.973326683044434,2179.0,0.0,0.0,1.0895451307296753,183.0,0.0,0.0,6.023092269897461,8.77676010131836,5.522995948791504,0.8643231391906738,0.930560290813446,96.92784118652344,4070.0,2.6911168098449707,113.0,0.0,0.0,0.38104310631752014,16.0,0.0,0.0,10.786141395568848,16.0449161529541,9.743314743041992,0.5452343225479126,0.7506954073905945,86.73493957519531,3642.0,12.241009712219238,514.0,0.0,0.0,1.0240533351898193,43.0,0.0,0.0,13.403996467590332,20.334516525268555,12.084209442138672,0.2648393511772156,0.5738696455955505,81.2574462890625,3412.0,17.361276626586914,729.0,0.0,0.0,1.3812812566757202,58.0,0.0,0.0,15.037102699279785,23.139493942260742,13.584840774536133,0.045154035091400146,0.4257245361804962,78.82829284667969,3310.0,19.599905014038086,823.0,0.0,0.0,1.5718028545379639,66.0,0.0,0.0,0.3832802474498749,0.23536251485347748,0.3813572824001312,0.20472048223018646,0.11920291930437088,0.9864344596862793,0.9622312784194946,1.0,0.21052631735801697,0.2210526168346405,0.2631579041481018,0.3052631616592407
17,0.1709220365962222,11.343544960021973,17.939043045043945,10.263726234436035,0.42968475818634033,0.682974100112915,85.883544921875,14425.0,13.050725936889648,2192.0,0.0,0.0,1.0657299757003784,179.0,0.0,0.0,6.010168552398682,8.752880096435547,5.514847755432129,0.8650604486465454,0.9310261607170105,96.95166015625,4071.0,2.6911168098449707,113.0,0.0,0.0,0.3572279214859009,15.0,0.0,0.0,10.79924488067627,15.988266944885254,9.75737190246582,0.5484398603439331,0.7526797652244568,86.8302001953125,3646.0,12.169564247131348,511.0,0.0,0.0,1.000238060951233,42.0,0.0,0.0,13.46025562286377,20.358667373657227,12.134211540222168,0.2630919814109802,0.5732397437095642,80.99547576904297,3401.0,17.647058486938477,741.0,0.0,0.0,1.3574661016464233,57.0,0.0,0.0,15.104515075683594,23.249174118041992,13.648470878601074,0.03608071804046631,0.4222538471221924,78.75684356689453,3307.0,19.695165634155273,827.0,0.0,0.0,1.5479875802993774,65.0,0.0,0.0,0.3945370316505432,0.23899875581264496,0.3664642870426178,0.20674073696136475,0.11920291930437088,0.986419677734375,0.9598391056060791,1.0,0.21052631735801697,0.2210526168346405,0.2631579041481018,0.3052631616592407
18,0.1636928714656287,11.362542152404785,18.016647338867188,10.27498722076416,0.42473965883255005,0.6830776333808899,85.883544921875,14425.0,13.04477310180664,2191.0,0.0,0.0,1.071683645248413,180.0,0.0,0.0,6.01741886138916,8.789243698120117,5.515718936920166,0.8639369010925293,0.9303925633430481,96.97547149658203,4072.0,2.643486499786377,111.0,0.0,0.0,0.38104310631752014,16.0,0.0,0.0,10.835992813110352,16.062541961669922,9.778777122497559,0.5442346334457397,0.7515280246734619,86.7825698852539,3644.0,12.217194557189941,513.0,0.0,0.0,1.000238060951233,42.0,0.0,0.0,13.474821090698242,20.447265625,12.140558242797852,0.2566642165184021,0.5763851404190063,81.019287109375,3402.0,17.62324333190918,740.0,0.0,0.0,1.3574661016464233,57.0,0.0,0.0,15.121930122375488,23.34634017944336,13.664899826049805,0.028006792068481445,0.4299476742744446,78.75684356689453,3307.0,19.695165634155273,827.0,0.0,0.0,1.5479875802993774,65.0,0.0,0.0,0.3807372748851776,0.25288131833076477,0.36638143658638,0.20275865495204926,0.11920291930437088,0.9853746294975281,0.9666241407394409,1.0,0.21052631735801697,0.2210526168346405,0.2631579041481018,0.3052631616592407
19,0.15719729466840937,11.471807479858398,18.140356063842773,10.370405197143555,0.41681259870529175,0.6796315312385559,85.60371398925781,14378.0,13.336507797241211,2240.0,0.0,0.0,1.0538222789764404,177.0,0.005953798536211252,1.0,6.031795501708984,8.818370819091797,5.525348663330078,0.8630335927009583,0.9299836158752441,96.73731994628906,4062.0,2.881638526916504,121.0,0.0,0.0,0.38104310631752014,16.0,0.0,0.0,10.905753135681152,16.125768661499023,9.830455780029297,0.5406395196914673,0.7500900030136108,86.92546081542969,3650.0,12.098118782043457,508.0,0.0,0.0,0.9764229655265808,41.0,0.0,0.0,13.61219596862793,20.58920669555664,12.256196975708008,0.24630814790725708,0.5717344880104065,80.68587493896484,3388.0,17.980470657348633,755.0,0.0,0.0,1.333650827407837,56.0,0.0,0.0,15.337491035461426,23.549320220947266,13.869617462158203,0.011031746864318848,0.42401543259620667,78.06620788574219,3278.0,20.385807037353516,856.0,0.0,0.0,1.5241724252700806,64.0,0.02381519414484501,1.0,0.3744063377380371,0.27182576060295105,0.35376793146133423,0.1999802589416504,0.11920291930437088,0.9812250733375549,0.967158854007721,1.0,0.21052631735801697,0.2210526168346405,0.2631579041481018,0.3052631616592407
step,fold2/test_loss,fold2/test_mae,fold2/test_rmse,fold2/test_mard,fold2/test_r2,fold2/test_pearson,fold2/test_ega_zone_a_pct,fold2/test_ega_zone_a_count,fold2/test_ega_zone_b_pct,fold2/test_ega_zone_b_count,fold2/test_ega_zone_c_pct,fold2/test_ega_zone_c_count,fold2/test_ega_zone_d_pct,fold2/test_ega_zone_d_count,fold2/test_ega_zone_e_pct,fold2/test_ega_zone_e_count,fold2/test_horizon_15_mae,fold2/test_horizon_15_rmse,fold2/test_horizon_15_mard,fold2/test_horizon_15_r2,fold2/test_horizon_15_pearson,fold2/test_horizon_15_ega_zone_a_pct,fold2/test_horizon_15_ega_zone_a_count,fold2/test_horizon_15_ega_zone_b_pct,fold2/test_horizon_15_ega_zone_b_count,fold2/test_horizon_15_ega_zone_c_pct,fold2/test_horizon_15_ega_zone_c_count,fold2/test_horizon_15_ega_zone_d_pct,fold2/test_horizon_15_ega_zone_d_count,fold2/test_horizon_15_ega_zone_e_pct,fold2/test_horizon_15_ega_zone_e_count,fold2/test_horizon_30_mae,fold2/test_horizon_30_rmse,fold2/test_horizon_30_mard,fold2/test_horizon_30_r2,fold2/test_horizon_30_pearson,fold2/test_horizon_30_ega_zone_a_pct,fold2/test_horizon_30_ega_zone_a_count,fold2/test_horizon_30_ega_zone_b_pct,fold2/test_horizon_30_ega_zone_b_count,fold2/test_horizon_30_ega_zone_c_pct,fold2/test_horizon_30_ega_zone_c_count,fold2/test_horizon_30_ega_zone_d_pct,fold2/test_horizon_30_ega_zone_d_count,fold2/test_horizon_30_ega_zone_e_pct,fold2/test_horizon_30_ega_zone_e_count,fold2/test_horizon_45_mae,fold2/test_horizon_45_rmse,fold2/test_horizon_45_mard,fold2/test_horizon_45_r2,fold2/test_horizon_45_pearson,fold2/test_horizon_45_ega_zone_a_pct,fold2/test_horizon_45_ega_zone_a_count,fold2/test_horizon_45_ega_zone_b_pct,fold2/test_horizon_45_ega_zone_b_count,fold2/test_horizon_45_ega_zone_c_pct,fold2/test_horizon_45_ega_zone_c_count,fold2/test_horizon_45_ega_zone_d_pct,fold2/test_horizon_45_ega_zone_d_count,fold2/test_horizon_45_ega_zone_e_pct,fold2/test_horizon_45_ega_zone_e_count,fold2/test_horizon_60_mae,fold2/test_horizon_60_rmse,fold2/test_horizon_60_mard,fold2/test_horizon_60_r2,fold2/test_horizon_60_pearson,fold2/test_horizon_60_ega_zone_a_pct,fold2/test_horizon_60_ega_zone_a_count,fold2/test_horizon_60_ega_zone_b_pct,fold2/test_horizon_60_ega_zone_b_count,fold2/test_horizon_60_ega_zone_c_pct,fold2/test_horizon_60_ega_zone_c_count,fold2/test_horizon_60_ega_zone_d_pct,fold2/test_horizon_60_ega_zone_d_count,fold2/test_horizon_60_ega_zone_e_pct,fold2/test_horizon_60_ega_zone_e_count
0,0.36030585872612647,12.4644193649292,17.649559020996094,9.568584442138672,0.20789951086044312,0.5837416052818298,87.64336395263672,6419.0,12.356636047363281,905.0,0.0,0.0,0.0,0.0,0.0,0.0,6.147627830505371,8.454005241394043,4.808492183685303,0.8175101280212402,0.9098671078681946,98.96231079101562,1812.0,1.0376843214035034,19.0,0.0,0.0,0.0,0.0,0.0,0.0,11.999391555786133,16.434589385986328,9.297210693359375,0.3116132616996765,0.6347149610519409,89.78700256347656,1644.0,10.212998390197754,187.0,0.0,0.0,0.0,0.0,0.0,0.0,15.259415626525879,20.491798400878906,11.693039894104004,-0.06644880771636963,0.4108617901802063,82.19551849365234,1505.0,17.80447769165039,326.0,0.0,0.0,0.0,0.0,0.0,0.0,16.45123863220215,22.0124568939209,12.475591659545898,-0.22573328018188477,0.3236861228942871,79.62861633300781,1458.0,20.371381759643555,373.0,0.0,0.0,0.0,0.0,0.0,0.0
step,fold3/train_loss,fold3/val_mae,fold3/val_rmse,fold3/val_mard,fold3/val_r2,fold3/val_pearson,fold3/val_ega_zone_a_pct,fold3/val_ega_zone_a_count,fold3/val_ega_zone_b_pct,fold3/val_ega_zone_b_count,fold3/val_ega_zone_c_pct,fold3/val_ega_zone_c_count,fold3/val_ega_zone_d_pct,fold3/val_ega_zone_d_count,fold3/val_ega_zone_e_pct,fold3/val_ega_zone_e_count,fold3/val_horizon_15_mae,fold3/val_horizon_15_rmse,fold3/val_horizon_15_mard,fold3/val_horizon_15_r2,fold3/val_horizon_15_pearson,fold3/val_horizon_15_ega_zone_a_pct,fold3/val_horizon_15_ega_zone_a_count,fold3/val_horizon_15_ega_zone_b_pct,fold3/val_horizon_15_ega_zone_b_count,fold3/val_horizon_15_ega_zone_c_pct,fold3/val_horizon_15_ega_zone_c_count,fold3/val_horizon_15_ega_zone_d_pct,fold3/val_horizon_15_ega_zone_d_count,fold3/val_horizon_15_ega_zone_e_pct,fold3/val_horizon_15_ega_zone_e_count,fold3/val_horizon_30_mae,fold3/val_horizon_30_rmse,fold3/val_horizon_30_mard,fold3/val_horizon_30_r2,fold3/val_horizon_30_pearson,fold3/val_horizon_30_ega_zone_a_pct,fold3/val_horizon_30_ega_zone_a_count,fold3/val_horizon_30_ega_zone_b_pct,fold3/val_horizon_30_ega_zone_b_count,fold3/val_horizon_30_ega_zone_c_pct,fold3/val_horizon_30_ega_zone_c_count,fold3/val_horizon_30_ega_zone_d_pct,fold3/val_horizon_30_ega_zone_d_count,fold3/val_horizon_30_ega_zone_e_pct,fold3/val_horizon_30_ega_zone_e_count,fold3/val_horizon_45_mae,fold3/val_horizon_45_rmse,fold3/val_horizon_45_mard,fold3/val_horizon_45_r2,fold3/val_horizon_45_pearson,fold3/val_horizon_45_ega_zone_a_pct,fold3/val_horizon_45_ega_zone_a_count,fold3/val_horizon_45_ega_zone_b_pct,fold3/val_horizon_45_ega_zone_b_count,fold3/val_horizon_45_ega_zone_c_pct,fold3/val_horizon_45_ega_zone_c_count,fold3/val_horizon_45_ega_zone_d_pct,fold3/val_horizon_45_ega_zone_d_count,fold3/val_horizon_45_ega_zone_e_pct,fold3/val_horizon_45_ega_zone_e_count,fold3/val_horizon_60_mae,fold3/val_horizon_60_rmse,fold3/val_horizon_60_mard,fold3/val_horizon_60_r2,fold3/val_horizon_60_pearson,fold3/val_horizon_60_ega_zone_a_pct,fold3/val_horizon_60_ega_zone_a_count,fold3/val_horizon_60_ega_zone_b_pct,fold3/val_horizon_60_ega_zone_b_count,fold3/val_horizon_60_ega_zone_c_pct,fold3/val_horizon_60_ega_zone_c_count,fold3/val_horizon_60_ega_zone_d_pct,fold3/val_horizon_60_ega_zone_d_count,fold3/val_horizon_60_ega_zone_e_pct,fold3/val_horizon_60_ega_zone_e_count,fold3/diag_fusion_gate_cgm,fold3/diag_fusion_gate_cgm_guided,fold3/diag_fusion_gate_physio,fold3/diag_horizon_query_similarity,fold3/diag_horizon_progressive_gate,fold3/diag_horizon_attention_similarity,fold3/diag_horizon_attention_entropy,fold3/diag_horizon_curriculum_progress,fold3/diag_loss_horizon_weight_0,fold3/diag_loss_horizon_weight_1,fold3/diag_loss_horizon_weight_2,fold3/diag_loss_horizon_weight_3
1,0.25058386741922,10.707978248596191,16.65606689453125,8.655323028564453,0.48722827434539795,0.7216774225234985,89.12845611572266,19594.0,10.59406852722168,2329.0,0.0,0.0,0.2774745225906372,61.0,0.0,0.0,6.314340114593506,9.402349472045898,5.190266132354736,0.836401641368866,0.9155986905097961,97.28893280029297,5347.0,2.6018922328948975,143.0,0.0,0.0,0.10917031019926071,6.0,0.0,0.0,10.160422325134277,15.199663162231445,8.217235565185547,0.5729846954345703,0.7702532410621643,90.50218200683594,4974.0,9.22489070892334,507.0,0.0,0.0,0.2729257643222809,15.0,0.0,0.0,12.395374298095703,18.65264129638672,9.997084617614746,0.35731905698776245,0.6438261270523071,85.66230010986328,4708.0,13.973799705505371,768.0,0.0,0.0,0.3639010190963745,20.0,0.0,0.0,13.96177864074707,21.031959533691406,11.216711044311523,0.1828891634941101,0.54148268699646,83.06040954589844,4565.0,16.57569122314453,911.0,0.0,0.0,0.3639010190963745,20.0,0.0,0.0,0.3252090811729431,0.305048406124115,0.36974263191223145,0.02580711990594864,0.11920291930437088,0.9999697804450989,0.9999783039093018,0.0,0.3333333432674408,0.28333333134651184,0.21666665375232697,0.1666666716337204
2,0.2465802012446538,10.83243465423584,16.580530166625977,8.779078483581543,0.49186867475509644,0.7176517248153687,89.45142364501953,19665.0,10.266557693481445,2257.0,0.0,0.0,0.28202328085899353,62.0,0.0,0.0,6.3956499099731445,9.412139892578125,5.262915134429932,0.8360607624053955,0.915131688117981,97.17976379394531,5341.0,2.6928675174713135,148.0,0.0,0.0,0.1273653656244278,7.0,0.0,0.0,10.296998023986816,15.172972679138184,8.35954761505127,0.5744830369949341,0.766170859336853,90.72052001953125,4986.0,9.006549835205078,495.0,0.0,0.0,0.2729257643222809,15.0,0.0,0.0,12.568181991577148,18.577455520629883,10.164175987243652,0.3624897003173828,0.6361532807350159,86.02620697021484,4728.0,13.60989761352539,748.0,0.0,0.0,0.3639010190963745,20.0,0.0,0.0,14.068912506103516,20.87406349182129,11.329679489135742,0.19511181116104126,0.529974102973938,83.87918090820312,4610.0,15.756914138793945,866.0,0.0,0.0,0.3639010190963745,20.0,0.0,0.0,0.212600976228714,0.4335275888442993,0.35387149453163147,0.026241594925522804,0.11920291930437088,0.9994887709617615,0.9998010396957397,0.07142857142857142,0.3245614171028137,0.2788847088813782,0.21998745203018188,0.17656642198562622
3,0.24713667215063473,10.895554542541504,16.604854583740234,8.82534408569336,0.4903765916824341,0.7159169912338257,89.49235534667969,19674.0,10.225618362426758,2248.0,0.0,0.0,0.28202328085899353,62.0,0.0,0.0,6.443164825439453,9.440645217895508,5.2990403175354,0.8350661993026733,0.9146665334701538,97.19795989990234,5342.0,2.6746726036071777,147.0,0.0,0.0,0.1273653656244278,7.0,0.0,0.0,10.350707054138184,15.205161094665527,8.405732154846191,0.5726757049560547,0.7646203637123108,90.5931625366211,4979.0,9.133915901184082,502.0,0.0,0.0,0.2729257643222809,15.0,0.0,0.0,12.610252380371094,18.602989196777344,10.186247825622559,0.36073607206344604,0.6336432099342346,86.09898376464844,4732.0,13.537117958068848,744.0,0.0,0.0,0.3639010190963745,20.0,0.0,0.0,14.178093910217285,20.892364501953125,11.410357475280762,0.1936998963356018,0.5245553851127625,84.07933044433594,4621.0,15.556769371032715,855.0,0.0,0.0,0.3639010190963745,20.0,0.0,0.0,0.19241003692150116,0.47361528873443604,0.3339747488498688,0.025008240714669228,0.11920291930437088,0.9939667582511902,0.9980832934379578,0.14285714285714285,0.31578949093818665,0.2744360864162445,0.223308265209198,0.18646617233753204
4,0.245716766681351,11.009620666503906,16.73651123046875,8.88977336883545,0.4822632670402527,0.7116411924362183,89.5333023071289,19683.0,10.184679985046387,2239.0,0.0,0.0,0.28202328085899353,62.0,0.0,0.0,6.5037841796875,9.485014915466309,5.33743143081665,0.8335123062133789,0.9144346714019775,97.34352111816406,5350.0,2.5291121006011963,139.0,0.0,0.0,0.1273653656244278,7.0,0.0,0.0,10.441946983337402,15.302499771118164,8.456018447875977,0.5671870708465576,0.7620880603790283,90.4657974243164,4972.0,9.26128101348877,509.0,0.0,0.0,0.2729257643222809,15.0,0.0,0.0,12.763904571533203,18.77655029296875,10.271589279174805,0.34875214099884033,0.626788854598999,86.4083023071289,4749.0,13.227802276611328,727.0,0.0,0.0,0.3639010190963745,20.0,0.0,0.0,14.32884693145752,21.0654296875,11.494056701660156,0.1802864670753479,0.5162060260772705,83.91557312011719,4612.0,15.720523834228516,864.0,0.0,0.0,0.3639010190963745,20.0,0.0,0.0,0.23355858027935028,0.43502044677734375,0.33142104744911194,0.026351323351264,0.11920291930437088,0.9890332221984863,0.9964727759361267,0.21428571428571427,0.30701756477355957,0.26998746395111084,0.22662906348705292,0.19636592268943787
5,0.24626739716876195,10.90405559539795,16.65114402770996,8.817834854125977,0.4875313639640808,0.7129031419754028,89.6060791015625,19699.0,10.116448402404785,2224.0,0.0,0.0,0.2774745225906372,61.0,0.0,0.0,6.446498870849609,9.411723136901855,5.297000408172607,0.8360752463340759,0.915693461894989,97.34352111816406,5350.0,2.5291121006011963,139.0,0.0,0.0,0.1273653656244278,7.0,0.0,0.0,10.371569633483887,15.256509780883789,8.407822608947754,0.5697846412658691,0.7623797059059143,90.72052001953125,4986.0,9.006549835205078,495.0,0.0,0.0,0.2729257643222809,15.0,0.0,0.0,12.643499374389648,18.705509185791016,10.187065124511719,0.35367077589035034,0.6268566250801086,86.44468688964844,4751.0,13.191411972045898,725.0,0.0,0.0,0.3639010190963745,20.0,0.0,0.0,14.154650688171387,20.923782348632812,11.379450798034668,0.19127309322357178,0.5176025629043579,83.91557312011719,4612.0,15.738719940185547,865.0,0.0,0.0,0.34570595622062683,19.0,0.0,0.0,0.2879025638103485,0.36997199058532715,0.34212547540664673,0.046546489000320435,0.11920291930437088,0.9949614405632019,0.997981071472168,0.2857142857142857,0.2982456088066101,0.2655388414859772,0.22994986176490784,0.2062656730413437
6,0.2451335459970988,10.826423645019531,16.615108489990234,8.747659683227539,0.4897470474243164,0.7157497406005859,89.66520690917969,19712.0,10.06186294555664,2212.0,0.0,0.0,0.2729257643222809,60.0,0.0,0.0,6.3171491622924805,9.237561225891113,5.183939456939697,0.8420858979225159,0.9192298054695129,97.43449401855469,5355.0,2.4381368160247803,134.0,0.0,0.0,0.1273653656244278,7.0,0.0,0.0,10.266488075256348,15.145556449890137,8.320535659790039,0.5760193467140198,0.7668738961219788,90.88427734375,4995.0,8.860989570617676,487.0,0.0,0.0,0.2547307312488556,14.0,0.0,0.0,12.561078071594238,18.656158447265625,10.121281623840332,0.35707664489746094,0.6303706765174866,86.49927520751953,4754.0,13.136826515197754,722.0,0.0,0.0,0.3639010190963745,20.0,0.0,0.0,14.160979270935059,21.01129722595215,11.364879608154297,0.18449383974075317,0.5171675086021423,83.8427963256836,4608.0,15.81149959564209,869.0,0.0,0.0,0.34570595622062683,19.0,0.0,0.0,0.3413920998573303,0.3483707904815674,0.3102371394634247,0.06997688114643097,0.11920291930437088,0.9934205412864685,0.9933240413665771,0.35714285714285715,0.28947368264198303,0.2610902190208435,0.23327067494392395,0.2161654233932495
7,0.24184121623266713,10.715548515319824,16.455490112304688,8.636075973510742,0.4995037913322449,0.7214416861534119,89.91539764404297,19767.0,9.829876899719238,2161.0,0.0,0.0,0.2547307312488556,56.0,0.0,0.0,6.090510368347168,8.835878372192383,5.003590106964111,0.8555206656455994,0.9270673394203186,98.01673889160156,5387.0,1.8740901947021484,103.0,0.0,0.0,0.10917031019926071,6.0,0.0,0.0,10.153576850891113,14.90163516998291,8.220964431762695,0.5895659923553467,0.775799572467804,90.9570541381836,4999.0,8.788208961486816,483.0,0.0,0.0,0.2547307312488556,14.0,0.0,0.0,12.524892807006836,18.590673446655273,10.054292678833008,0.3615821599960327,0.6314733028411865,86.75399780273438,4768.0,12.918485641479492,710.0,0.0,0.0,0.32751092314720154,18.0,0.0,0.0,14.093216896057129,20.91382598876953,11.265460014343262,0.19204258918762207,0.5170246958732605,83.93376922607422,4613.0,15.738719940185547,865.0,0.0,0.0,0.32751092314720154,18.0,0.0,0.0,0.3569842576980591,0.3424970209598541,0.30051881074905396,0.113412044942379,0.11920291930437088,0.9886196255683899,0.9722608327865601,0.42857142857142855,0.28070175647735596,0.25664159655570984,0.23659147322177887,0.22606515884399414
8,0.23790314879588723,10.572610855102539,16.263254165649414,8.531991004943848,0.5111292600631714,0.7288831472396851,90.09734344482422,19807.0,9.647926330566406,2121.0,0.0,0.0,0.2547307312488556,56.0,0.0,0.0,5.72816801071167,8.184701919555664,4.751065254211426,0.8760313391685486,0.9370653033256531,98.43522644042969,5410.0,1.455604076385498,80.0,0.0,0.0,0.10917031019926071,6.0,0.0,0.0,9.962095260620117,14.530267715454102,8.097033500671387,0.6097680926322937,0.7882238030433655,91.37554931640625,5022.0,8.369723320007324,460.0,0.0,0.0,0.2547307312488556,14.0,0.0,0.0,12.468663215637207,18.486591339111328,10.005993843078613,0.36871081590652466,0.6365094780921936,86.64483642578125,4762.0,13.027656555175781,716.0,0.0,0.0,0.32751092314720154,18.0,0.0,0.0,14.131516456604004,20.930877685546875,11.273870468139648,0.19072449207305908,0.5131241083145142,83.93376922607422,4613.0,15.738719940185547,865.0,0.0,0.0,0.32751092314720154,18.0,0.0,0.0,0.3857332766056061,0.327726274728775,0.2865404486656189,0.13556461036205292,0.11920291930437088,0.9708386063575745,0.9210711121559143,0.5,0.2719298303127289,0.25219297409057617,0.2399122714996338,0.23596492409706116
9,0.23493176413766534,10.44349193572998,16.059707641601562,8.439716339111328,0.5232897996902466,0.7356281876564026,90.27019500732422,19845.0,9.479621887207031,2084.0,0.0,0.0,0.2501819431781769,55.0,0.0,0.0,5.517385005950928,7.731367588043213,4.613008975982666,0.8893837928771973,0.9437463879585266,98.79912567138672,5430.0,1.1098980903625488,61.0,0.0,0.0,0.09097525477409363,5.0,0.0,0.0,9.776165008544922,14.192181587219238,7.973073482513428,0.6277164220809937,0.7983582615852356,91.70305633544922,5040.0,8.04221248626709,442.0,0.0,0.0,0.2547307312488556,14.0,0.0,0.0,12.369656562805176,18.28329849243164,9.939314842224121,0.3825186491012573,0.6434702277183533,86.73580932617188,4767.0,12.936681747436523,711.0,0.0,0.0,0.32751092314720154,18.0,0.0,0.0,14.110760688781738,20.885059356689453,11.233467102050781,0.19426363706588745,0.5127975344657898,83.8427963256836,4608.0,15.829694747924805,870.0,0.0,0.0,0.32751092314720154,18.0,0.0,0.0,0.4156465530395508,0.3034738004207611,0.2808797061443329,0.1511767953634262,0.11920291930437088,0.9779431819915771,0.9129610061645508,0.5714285714285714,0.2631579041481018,0.2477443516254425,0.2432330846786499,0.24586467444896698
10,0.23300998802741088,10.446727752685547,16.069053649902344,8.446112632751465,0.5227347612380981,0.7348856925964355,90.02001190185547,19790.0,9.725255012512207,2138.0,0.0,0.0,0.2547307312488556,56.0,0.0,0.0,5.478150367736816,7.630953788757324,4.59412145614624,0.892238438129425,0.9450144171714783,98.85371398925781,5433.0,1.055312991142273,58.0,0.0,0.0,0.09097525477409363,5.0,0.0,0.0,9.797874450683594,14.193008422851562,7.997395992279053,0.6276730298995972,0.7979247570037842,91.57569122314453,5033.0,8.151383399963379,448.0,0.0,0.0,0.2729257643222809,15.0,0.0,0.0,12.390405654907227,18.325761795043945,9.954437255859375,0.3796471953392029,0.6405656337738037,86.37190246582031,4747.0,13.300582885742188,731.0,0.0,0.0,0.32751092314720154,18.0,0.0,0.0,14.120481491088867,20.91295051574707,11.238494873046875,0.1921101212501526,0.5090389847755432,83.27874755859375,4577.0,16.393739700317383,901.0,0.0,0.0,0.32751092314720154,18.0,0.0,0.0,0.43372663855552673,0.3058236539363861,0.26044976711273193,0.158405601978302,0.11920291930437088,0.9815121293067932,0.8983149528503418,0.6428571428571429,0.25438597798347473,0.24329572916030884,0.24655388295650482,0.2557644248008728
11,0.23323074949691003,10.406704902648926,16.070310592651367,8.425942420959473,0.5226601958274841,0.7348695397377014,89.95632934570312,19776.0,9.78893756866455,2152.0,0.0,0.0,0.2547307312488556,56.0,0.0,0.0,5.418190002441406,7.559576034545898,4.560357093811035,0.8942449688911438,0.9459328055381775,98.83551788330078,5432.0,1.0735080242156982,59.0,0.0,0.0,0.09097525477409363,5.0,0.0,0.0,9.731912612915039,14.089803695678711,7.96747350692749,0.6330681443214417,0.8003536462783813,91.53929901123047,5031.0,8.187772750854492,450.0,0.0,0.0,0.2729257643222809,15.0,0.0,0.0,12.344877243041992,18.311601638793945,9.928611755371094,0.38060545921325684,0.6411100625991821,86.24454498291016,4740.0,13.427947044372559,738.0,0.0,0.0,0.32751092314720154,18.0,0.0,0.0,14.131836891174316,21.024629592895508,11.24732780456543,0.1834586262702942,0.504309356212616,83.20597076416016,4573.0,16.466520309448242,905.0,0.0,0.0,0.32751092314720154,18.0,0.0,0.0,0.43384450674057007,0.3342106342315674,0.23194490373134613,0.1646532565355301,0.11920291930437088,0.9831984043121338,0.8966590166091919,0.7142857142857143,0.24561403691768646,0.23884710669517517,0.24987469613552094,0.26566416025161743
12,0.23155622291340283,10.447107315063477,16.155302047729492,8.452348709106445,0.5175977945327759,0.7310568690299988,89.83806610107422,19750.0,9.91175365447998,2179.0,0.0,0.0,0.2501819431781769,55.0,0.0,0.0,5.422449111938477,7.582324504852295,4.55679178237915,0.893607497215271,0.9456786513328552,98.85371398925781,5433.0,1.055312991142273,58.0,0.0,0.0,0.09097525477409363,5.0,0.0,0.0,9.774630546569824,14.194937705993652,7.989345550537109,0.6275718212127686,0.7969297170639038,91.33914947509766,5020.0,8.406113624572754,462.0,0.0,0.0,0.2547307312488556,14.0,0.0,0.0,12.407453536987305,18.448429107666016,9.972679138183594,0.37131446599960327,0.6333823800086975,85.98980712890625,4726.0,13.68267822265625,752.0,0.0,0.0,0.32751092314720154,18.0,0.0,0.0,14.183894157409668,21.0865535736084,11.290579795837402,0.17864155769348145,0.4967835545539856,83.1695785522461,4571.0,16.502910614013672,907.0,0.0,0.0,0.32751092314720154,18.0,0.0,0.0,0.4142337441444397,0.3636636435985565,0.22210264205932617,0.16880469024181366,0.11920291930437088,0.982814371585846,0.8835805654525757,0.7857142857142857,0.23684212565422058,0.2343984991312027,0.25319552421569824,0.27556392550468445
13,0.23069034767796773,10.543463706970215,16.24043083190918,8.521125793457031,0.5125004053115845,0.728550136089325,89.75164031982422,19731.0,9.993631362915039,2197.0,0.0,0.0,0.2547307312488556,56.0,0.0,0.0,5.446404457092285,7.608509063720703,4.577489376068115,0.8928714394569397,0.9453827738761902,98.78092956542969,5429.0,1.1280931234359741,62.0,0.0,0.0,0.09097525477409363,5.0,0.0,0.0,9.877568244934082,14.274970054626465,8.067971229553223,0.6233603954315186,0.7949441075325012,91.19359588623047,5012.0,8.533478736877441,469.0,0.0,0.0,0.2729257643222809,15.0,0.0,0.0,12.545751571655273,18.57578468322754,10.069206237792969,0.36260443925857544,0.6285055875778198,85.93522644042969,4723.0,13.737262725830078,755.0,0.0,0.0,0.32751092314720154,18.0,0.0,0.0,14.304131507873535,21.17268180847168,11.369836807250977,0.17191815376281738,0.4922540783882141,83.09679412841797,4567.0,16.57569122314453,911.0,0.0,0.0,0.32751092314720154,18.0,0.0,0.0,0.41065025329589844,0.3933585584163666,0.19599124789237976,0.1686750054359436,0.11920291930437088,0.9819888472557068,0.8861773610115051,0.8571428571428571,0.22807016968727112,0.22994986176490784,0.25651630759239197,0.2854636609554291
14,0.2275309087331968,10.595778465270996,16.234830856323242,8.578174591064453,0.5128365755081177,0.7275591492652893,89.45597076416016,19666.0,10.289300918579102,2262.0,0.0,0.0,0.2547307312488556,56.0,0.0,0.0,5.441427707672119,7.577326774597168,4.5731329917907715,0.8937477469444275,0.945831835269928,98.68995666503906,5424.0,1.2190684080123901,67.0,0.0,0.0,0.09097525477409363,5.0,0.0,0.0,9.966679573059082,14.331307411193848,8.149051666259766,0.6203817129135132,0.792574405670166,90.79330444335938,4990.0,8.933770179748535,491.0,0.0,0.0,0.2729257643222809,15.0,0.0,0.0,12.629030227661133,18.586999893188477,10.15584945678711,0.3618345856666565,0.6254650950431824,85.68049621582031,4709.0,13.99199390411377,769.0,0.0,0.0,0.32751092314720154,18.0,0.0,0.0,14.345974922180176,21.11871337890625,11.434660911560059,0.17613422870635986,0.4905742108821869,82.66011810302734,4543.0,17.012372970581055,935.0,0.0,0.0,0.32751092314720154,18.0,0.0,0.0,0.3675873279571533,0.4155831038951874,0.2168295979499817,0.1580270379781723,0.11920291930437088,0.9857944846153259,0.8935155868530273,0.9285714285714286,0.21929824352264404,0.22550123929977417,0.2598370909690857,0.2953633964061737
15,0.22938148386580456,10.614181518554688,16.276456832885742,8.590108871459961,0.5103352069854736,0.7270337343215942,89.42867279052734,19660.0,10.316594123840332,2268.0,0.0,0.0,0.2547307312488556,56.0,0.0,0.0,5.479433059692383,7.636074066162109,4.597660541534424,0.8920937776565552,0.945050060749054,98.61717987060547,5420.0,1.2918486595153809,71.0,0.0,0.0,0.09097525477409363,5.0,0.0,0.0,9.962342262268066,14.315019607543945,8.136465072631836,0.6212440729141235,0.7937430143356323,90.86608123779297,4994.0,8.860989570617676,487.0,0.0,0.0,0.2729257643222809,15.0,0.0,0.0,12.63192081451416,18.604618072509766,10.155828475952148,0.36062413454055786,0.6263003945350647,85.60771179199219,4705.0,14.064773559570312,773.0,0.0,0.0,0.32751092314720154,18.0,0.0,0.0,14.383024215698242,21.22100067138672,11.470478057861328,0.16813427209854126,0.48840224742889404,82.62372589111328,4541.0,17.048763275146484,937.0,0.0,0.0,0.32751092314720154,18.0,0.0,0.0,0.38551002740859985,0.422377347946167,0.19211269915103912,0.16787093877792358,0.11920291930437088,0.9843580722808838,0.9051342010498047,1.0,0.21052631735801697,0.2210526168346405,0.2631579041481018,0.3052631616592407
16,0.22384057803906596,10.765796661376953,16.513906478881836,8.712599754333496,0.49594396352767944,0.7188237309455872,89.26947021484375,19625.0,10.48034954071045,2304.0,0.0,0.0,0.2501819431781769,55.0,0.0,0.0,5.494576454162598,7.67493200302124,4.610355377197266,0.8909927606582642,0.9443525075912476,98.7081527709961,5425.0,1.2008733749389648,66.0,0.0,0.0,0.09097525477409363,5.0,0.0,0.0,10.106122970581055,14.504326820373535,8.260313034057617,0.6111602187156677,0.787373423576355,90.62954711914062,4981.0,9.115720748901367,501.0,0.0,0.0,0.2547307312488556,14.0,0.0,0.0,12.848508834838867,18.90348243713379,10.327786445617676,0.33991730213165283,0.6145960688591003,85.29840087890625,4688.0,14.374091148376465,790.0,0.0,0.0,0.32751092314720154,18.0,0.0,0.0,14.613983154296875,21.545644760131836,11.651941299438477,0.14248746633529663,0.4754849374294281,82.44178009033203,4531.0,17.230712890625,947.0,0.0,0.0,0.32751092314720154,18.0,0.0,0.0,0.4232054352760315,0.39598146080970764,0.18081319332122803,0.1664479821920395,0.11920291930437088,0.9802222847938538,0.9056664109230042,1.0,0.21052631735801697,0.2210526168346405,0.2631579041481018,0.3052631616592407
17,0.21814853312761398,10.83873462677002,16.619678497314453,8.759632110595703,0.48946642875671387,0.71555095911026,88.932861328125,19551.0,10.816957473754883,2378.0,0.0,0.0,0.2501819431781769,55.0,0.0,0.0,5.49754524230957,7.671133995056152,4.606100082397461,0.8911006450653076,0.9445836544036865,98.7081527709961,5425.0,1.2008733749389648,66.0,0.0,0.0,0.09097525477409363,5.0,0.0,0.0,10.149067878723145,14.568553924560547,8.281327247619629,0.6077089309692383,0.7860387563705444,90.41120910644531,4969.0,9.334061622619629,513.0,0.0,0.0,0.2547307312488556,14.0,0.0,0.0,12.959859848022461,19.045400619506836,10.402381896972656,0.3299689292907715,0.6092431545257568,84.55239868164062,4647.0,15.120087623596191,831.0,0.0,0.0,0.32751092314720154,18.0,0.0,0.0,14.748467445373535,21.703418731689453,11.748720169067383,0.12988269329071045,0.46838560700416565,82.05968475341797,4510.0,17.612808227539062,968.0,0.0,0.0,0.32751092314720154,18.0,0.0,0.0,0.4103437066078186,0.39156022667884827,0.1980961114168167,0.16204321384429932,0.11920291930437088,0.97894287109375,0.9041486978530884,1.0,0.21052631735801697,0.2210526168346405,0.2631579041481018,0.3052631616592407
18,0.21278757821076705,10.901640892028809,16.702714920043945,8.807589530944824,0.4843519926071167,0.7124582529067993,89.04203033447266,19575.0,10.70778751373291,2354.0,0.0,0.0,0.2501819431781769,55.0,0.0,0.0,5.491352558135986,7.63002872467041,4.607420444488525,0.8922645449638367,0.9452449679374695,98.7263412475586,5426.0,1.1826783418655396,65.0,0.0,0.0,0.09097525477409363,5.0,0.0,0.0,10.19040298461914,14.574411392211914,8.313614845275879,0.6073934435844421,0.7860233783721924,90.79330444335938,4990.0,8.95196533203125,492.0,0.0,0.0,0.2547307312488556,14.0,0.0,0.0,13.063986778259277,19.16066551208496,10.482028007507324,0.32183408737182617,0.6032574772834778,84.7343521118164,4657.0,14.93813705444336,821.0,0.0,0.0,0.32751092314720154,18.0,0.0,0.0,14.860820770263672,21.866891860961914,11.827293395996094,0.11672568321228027,0.45730170607566833,81.91412353515625,4502.0,17.75836944580078,976.0,0.0,0.0,0.32751092314720154,18.0,0.0,0.0,0.38453325629234314,0.4035463333129883,0.21192046999931335,0.15957993268966675,0.11920291930437088,0.9798521995544434,0.9096174836158752,1.0,0.21052631735801697,0.2210526168346405,0.2631579041481018,0.3052631616592407
19,0.20786437275810338,10.986247062683105,16.76294708251953,8.883753776550293,0.4806264042854309,0.7095308899879456,88.83734130859375,19530.0,10.912481307983398,2399.0,0.0,0.0,0.2501819431781769,55.0,0.0,0.0,5.512237071990967,7.664913654327393,4.6300368309021,0.8912771940231323,0.944694995880127,98.7081527709961,5425.0,1.2008733749389648,66.0,0.0,0.0,0.09097525477409363,5.0,0.0,0.0,10.289298057556152,14.663046836853027,8.404989242553711,0.602603554725647,0.7827188968658447,90.57495880126953,4978.0,9.170305252075195,504.0,0.0,0.0,0.2547307312488556,14.0,0.0,0.0,13.180527687072754,19.229042053222656,10.583595275878906,0.3169853091239929,0.5987808704376221,84.49781799316406,4644.0,15.17467212677002,834.0,0.0,0.0,0.32751092314720154,18.0,0.0,0.0,14.962928771972656,21.919708251953125,11.916396141052246,0.11245369911193848,0.45170584321022034,81.56841278076172,4483.0,18.104076385498047,995.0,0.0,0.0,0.32751092314720154,18.0,0.0,0.0,0.4011269211769104,0.3835727274417877,0.21530042588710785,0.15292888879776,0.11920291930437088,0.9774920344352722,0.9193294048309326,1.0,0.21052631735801697,0.2210526168346405,0.2631579041481018,0.3052631616592407
step,fold3/test_loss,fold3/test_mae,fold3/test_rmse,fold3/test_mard,fold3/test_r2,fold3/test_pearson,fold3/test_ega_zone_a_pct,fold3/test_ega_zone_a_count,fold3/test_ega_zone_b_pct,fold3/test_ega_zone_b_count,fold3/test_ega_zone_c_pct,fold3/test_ega_zone_c_count,fold3/test_ega_zone_d_pct,fold3/test_ega_zone_d_count,fold3/test_ega_zone_e_pct,fold3/test_ega_zone_e_count,fold3/test_horizon_15_mae,fold3/test_horizon_15_rmse,fold3/test_horizon_15_mard,fold3/test_horizon_15_r2,fold3/test_horizon_15_pearson,fold3/test_horizon_15_ega_zone_a_pct,fold3/test_horizon_15_ega_zone_a_count,fold3/test_horizon_15_ega_zone_b_pct,fold3/test_horizon_15_ega_zone_b_count,fold3/test_horizon_15_ega_zone_c_pct,fold3/test_horizon_15_ega_zone_c_count,fold3/test_horizon_15_ega_zone_d_pct,fold3/test_horizon_15_ega_zone_d_count,fold3/test_horizon_15_ega_zone_e_pct,fold3/test_horizon_15_ega_zone_e_count,fold3/test_horizon_30_mae,fold3/test_horizon_30_rmse,fold3/test_horizon_30_mard,fold3/test_horizon_30_r2,fold3/test_horizon_30_pearson,fold3/test_horizon_30_ega_zone_a_pct,fold3/test_horizon_30_ega_zone_a_count,fold3/test_horizon_30_ega_zone_b_pct,fold3/test_horizon_30_ega_zone_b_count,fold3/test_horizon_30_ega_zone_c_pct,fold3/test_horizon_30_ega_zone_c_count,fold3/test_horizon_30_ega_zone_d_pct,fold3/test_horizon_30_ega_zone_d_count,fold3/test_horizon_30_ega_zone_e_pct,fold3/test_horizon_30_ega_zone_e_count,fold3/test_horizon_45_mae,fold3/test_horizon_45_rmse,fold3/test_horizon_45_mard,fold3/test_horizon_45_r2,fold3/test_horizon_45_pearson,fold3/test_horizon_45_ega_zone_a_pct,fold3/test_horizon_45_ega_zone_a_count,fold3/test_horizon_45_ega_zone_b_pct,fold3/test_horizon_45_ega_zone_b_count,fold3/test_horizon_45_ega_zone_c_pct,fold3/test_horizon_45_ega_zone_c_count,fold3/test_horizon_45_ega_zone_d_pct,fold3/test_horizon_45_ega_zone_d_count,fold3/test_horizon_45_ega_zone_e_pct,fold3/test_horizon_45_ega_zone_e_count,fold3/test_horizon_60_mae,fold3/test_horizon_60_rmse,fold3/test_horizon_60_mard,fold3/test_horizon_60_r2,fold3/test_horizon_60_pearson,fold3/test_horizon_60_ega_zone_a_pct,fold3/test_horizon_60_ega_zone_a_count,fold3/test_horizon_60_ega_zone_b_pct,fold3/test_horizon_60_ega_zone_b_count,fold3/test_horizon_60_ega_zone_c_pct,fold3/test_horizon_60_ega_zone_c_count,fold3/test_horizon_60_ega_zone_d_pct,fold3/test_horizon_60_ega_zone_d_count,fold3/test_horizon_60_ega_zone_e_pct,fold3/test_horizon_60_ega_zone_e_count
0,0.24498024356577047,9.185233116149902,14.688434600830078,8.305980682373047,0.3428306579589844,0.6111422777175903,90.40791320800781,4477.0,9.168013572692871,454.0,0.0,0.0,0.4240710735321045,21.0,0.0,0.0,4.746078968048096,6.86480712890625,4.32445764541626,0.8581041097640991,0.9272655844688416,98.62681579589844,1221.0,1.2116316556930542,15.0,0.0,0.0,0.16155089437961578,2.0,0.0,0.0,8.702749252319336,13.231815338134766,7.862417221069336,0.4683043956756592,0.6953533291816711,91.43780517578125,1132.0,8.158320426940918,101.0,0.0,0.0,0.4038771986961365,5.0,0.0,0.0,11.116595268249512,17.032196044921875,10.015801429748535,0.11147767305374146,0.4282289445400238,86.67205047607422,1073.0,12.762519836425781,158.0,0.0,0.0,0.5654280781745911,7.0,0.0,0.0,12.175509452819824,18.72693634033203,11.021246910095215,-0.07810437679290771,0.25485119223594666,84.89498901367188,1051.0,14.539580345153809,180.0,0.0,0.0,0.5654280781745911,7.0,0.0,0.0
step,fold4/train_loss,fold4/val_mae,fold4/val_rmse,fold4/val_mard,fold4/val_r2,fold4/val_pearson,fold4/val_ega_zone_a_pct,fold4/val_ega_zone_a_count,fold4/val_ega_zone_b_pct,fold4/val_ega_zone_b_count,fold4/val_ega_zone_c_pct,fold4/val_ega_zone_c_count,fold4/val_ega_zone_d_pct,fold4/val_ega_zone_d_count,fold4/val_ega_zone_e_pct,fold4/val_ega_zone_e_count,fold4/val_horizon_15_mae,fold4/val_horizon_15_rmse,fold4/val_horizon_15_mard,fold4/val_horizon_15_r2,fold4/val_horizon_15_pearson,fold4/val_horizon_15_ega_zone_a_pct,fold4/val_horizon_15_ega_zone_a_count,fold4/val_horizon_15_ega_zone_b_pct,fold4/val_horizon_15_ega_zone_b_count,fold4/val_horizon_15_ega_zone_c_pct,fold4/val_horizon_15_ega_zone_c_count,fold4/val_horizon_15_ega_zone_d_pct,fold4/val_horizon_15_ega_zone_d_count,fold4/val_horizon_15_ega_zone_e_pct,fold4/val_horizon_15_ega_zone_e_count,fold4/val_horizon_30_mae,fold4/val_horizon_30_rmse,fold4/val_horizon_30_mard,fold4/val_horizon_30_r2,fold4/val_horizon_30_pearson,fold4/val_horizon_30_ega_zone_a_pct,fold4/val_horizon_30_ega_zone_a_count,fold4/val_horizon_30_ega_zone_b_pct,fold4/val_horizon_30_ega_zone_b_count,fold4/val_horizon_30_ega_zone_c_pct,fold4/val_horizon_30_ega_zone_c_count,fold4/val_horizon_30_ega_zone_d_pct,fold4/val_horizon_30_ega_zone_d_count,fold4/val_horizon_30_ega_zone_e_pct,fold4/val_horizon_30_ega_zone_e_count,fold4/val_horizon_45_mae,fold4/val_horizon_45_rmse,fold4/val_horizon_45_mard,fold4/val_horizon_45_r2,fold4/val_horizon_45_pearson,fold4/val_horizon_45_ega_zone_a_pct,fold4/val_horizon_45_ega_zone_a_count,fold4/val_horizon_45_ega_zone_b_pct,fold4/val_horizon_45_ega_zone_b_count,fold4/val_horizon_45_ega_zone_c_pct,fold4/val_horizon_45_ega_zone_c_count,fold4/val_horizon_45_ega_zone_d_pct,fold4/val_horizon_45_ega_zone_d_count,fold4/val_horizon_45_ega_zone_e_pct,fold4/val_horizon_45_ega_zone_e_count,fold4/val_horizon_60_mae,fold4/val_horizon_60_rmse,fold4/val_horizon_60_mard,fold4/val_horizon_60_r2,fold4/val_horizon_60_pearson,fold4/val_horizon_60_ega_zone_a_pct,fold4/val_horizon_60_ega_zone_a_count,fold4/val_horizon_60_ega_zone_b_pct,fold4/val_horizon_60_ega_zone_b_count,fold4/val_horizon_60_ega_zone_c_pct,fold4/val_horizon_60_ega_zone_c_count,fold4/val_horizon_60_ega_zone_d_pct,fold4/val_horizon_60_ega_zone_d_count,fold4/val_horizon_60_ega_zone_e_pct,fold4/val_horizon_60_ega_zone_e_count,fold4/diag_fusion_gate_cgm,fold4/diag_fusion_gate_cgm_guided,fold4/diag_fusion_gate_physio,fold4/diag_horizon_query_similarity,fold4/diag_horizon_progressive_gate,fold4/diag_horizon_attention_similarity,fold4/diag_horizon_attention_entropy,fold4/diag_horizon_curriculum_progress,fold4/diag_loss_horizon_weight_0,fold4/diag_loss_horizon_weight_1,fold4/diag_loss_horizon_weight_2,fold4/diag_loss_horizon_weight_3
1,0.22709767068593595,11.960925102233887,17.034225463867188,10.348345756530762,0.3224533796310425,0.6275510191917419,85.2831039428711,18677.0,14.401825904846191,3154.0,0.0,0.0,0.3150685131549835,69.0,0.0,0.0,7.682985305786133,10.869747161865234,6.699833869934082,0.7258197069168091,0.8558700680732727,95.03196716308594,5203.0,4.785387992858887,262.0,0.0,0.0,0.1826484054327011,10.0,0.0,0.0,11.860786437988281,16.657127380371094,10.240198135375977,0.35396742820739746,0.6471297740936279,85.88127899169922,4702.0,13.789955139160156,755.0,0.0,0.0,0.3287671208381653,18.0,0.0,0.0,13.753856658935547,19.077945709228516,11.861785888671875,0.14843881130218506,0.5224456191062927,80.96803283691406,4433.0,18.64840316772461,1021.0,0.0,0.0,0.3835616409778595,21.0,0.0,0.0,14.546069145202637,20.026979446411133,12.591564178466797,0.05674946308135986,0.46374937891960144,79.25113677978516,4339.0,20.383562088012695,1116.0,0.0,0.0,0.3652968108654022,20.0,0.0,0.0,0.2962700128555298,0.2325783520936966,0.4711516499519348,0.008501033298671246,0.11920291930437088,0.9999296069145203,0.9999887347221375,0.0,0.3333333432674408,0.28333333134651184,0.21666665375232697,0.1666666716337204
2,0.22359626284286158,11.81025505065918,16.735675811767578,10.255467414855957,0.3459952473640442,0.6328443884849548,85.63470458984375,18754.0,14.054794311523438,3078.0,0.0,0.0,0.310502290725708,68.0,0.0,0.0,7.620469570159912,10.76552677154541,6.660019397735596,0.7310522794723511,0.8581767082214355,94.99542999267578,5201.0,4.840182304382324,265.0,0.0,0.0,0.16438356041908264,9.0,0.0,0.0,11.734383583068848,16.386051177978516,10.182168006896973,0.3748232126235962,0.6519399881362915,86.1552505493164,4717.0,13.515981674194336,740.0,0.0,0.0,0.3287671208381653,18.0,0.0,0.0,13.54308795928955,18.70018768310547,11.73294734954834,0.1818280816078186,0.5286111235618591,81.62557220458984,4469.0,17.990867614746094,985.0,0.0,0.0,0.3835616409778595,21.0,0.0,0.0,14.343077659606934,19.652864456176758,12.446733474731445,0.09166121482849121,0.4619762599468231,79.76255798339844,4367.0,19.872146606445312,1088.0,0.0,0.0,0.3652968108654022,20.0,0.0,0.0,0.15998931229114532,0.3326037526130676,0.507407009601593,0.010594110935926437,0.11920291930437088,0.9994773864746094,0.9996457695960999,0.07142857142857142,0.3245614171028137,0.2788847088813782,0.21998745203018188,0.17656642198562622
3,0.22315411748421632,11.733240127563477,16.55259895324707,10.174623489379883,0.3602256178855896,0.6364033818244934,85.94977569580078,18823.0,13.748858451843262,3011.0,0.0,0.0,0.30136987566947937,66.0,0.0,0.0,7.57764196395874,10.68085765838623,6.620669364929199,0.7352660894393921,0.8600314259529114,95.15982055664062,5210.0,4.657534122467041,255.0,0.0,0.0,0.1826484054327011,10.0,0.0,0.0,11.668769836425781,16.222745895385742,10.11777114868164,0.3872223496437073,0.6545079350471497,86.7214584350586,4748.0,12.968036651611328,710.0,0.0,0.0,0.310502290725708,17.0,0.0,0.0,13.458467483520508,18.470788955688477,11.644329071044922,0.2017783522605896,0.5316058993339539,81.9908676147461,4489.0,17.643836975097656,966.0,0.0,0.0,0.3652968108654022,20.0,0.0,0.0,14.228080749511719,19.43002700805664,12.31572151184082,0.11214315891265869,0.4634588360786438,79.92694091796875,4376.0,19.726028442382812,1080.0,0.0,0.0,0.34703195095062256,19.0,0.0,0.0,0.11185859143733978,0.20150579512119293,0.6866356730461121,0.020660096779465675,0.11920291930437088,0.9971976280212402,0.9934029579162598,0.14285714285714285,0.31578949093818665,0.2744360864162445,0.223308265209198,0.18646617233753204
4,0.2229481824356931,11.706652641296387,16.485143661499023,10.148635864257812,0.36542946100234985,0.6352724432945251,85.95433807373047,18824.0,13.739726066589355,3009.0,0.0,0.0,0.3059360682964325,67.0,0.0,0.0,7.50335168838501,10.524582862854004,6.564319133758545,0.7429561614990234,0.863403856754303,95.37899780273438,5222.0,4.438356399536133,243.0,0.0,0.0,0.1826484054327011,10.0,0.0,0.0,11.594468116760254,16.096420288085938,10.050165176391602,0.3967285752296448,0.6562035083770752,86.84931182861328,4755.0,12.84018325805664,703.0,0.0,0.0,0.310502290725708,17.0,0.0,0.0,13.448507308959961,18.427894592285156,11.632402420043945,0.20548146963119507,0.5268401503562927,81.78995513916016,4478.0,17.82648468017578,976.0,0.0,0.0,0.3835616409778595,21.0,0.0,0.0,14.280282974243164,19.431697845458984,12.347657203674316,0.11199033260345459,0.4547756612300873,79.79908752441406,4369.0,19.8538818359375,1087.0,0.0,0.0,0.34703195095062256,19.0,0.0,0.0,0.0913688987493515,0.20858295261859894,0.7000482678413391,0.03824683278799057,0.11920291930437088,0.9962418079376221,0.9771121144294739,0.21428571428571427,0.30701756477355957,0.26998746395111084,0.22662906348705292,0.19636592268943787
5,0.22182205687544052,11.651026725769043,16.4006404876709,10.109153747558594,0.37191838026046753,0.6410512924194336,86.09589385986328,18855.0,13.607305526733398,2980.0,0.0,0.0,0.29680365324020386,65.0,0.0,0.0,7.416170120239258,10.418340682983398,6.498796463012695,0.748119592666626,0.8669513463973999,95.32420349121094,5219.0,4.49315071105957,246.0,0.0,0.0,0.1826484054327011,10.0,0.0,0.0,11.55390453338623,16.040937423706055,10.019999504089355,0.40088021755218506,0.6609220504760742,87.05023193359375,4766.0,12.63926887512207,692.0,0.0,0.0,0.310502290725708,17.0,0.0,0.0,13.401286125183105,18.347902297973633,11.60073184967041,0.2123643159866333,0.5324099063873291,82.02739715576172,4491.0,17.6073055267334,964.0,0.0,0.0,0.3652968108654022,20.0,0.0,0.0,14.232748031616211,19.3242130279541,12.317090034484863,0.12178713083267212,0.46318718791007996,79.98173522949219,4379.0,19.689496994018555,1078.0,0.0,0.0,0.3287671208381653,18.0,0.0,0.0,0.09523060917854309,0.2065524458885193,0.69821697473526,0.06099126115441322,0.11920291930437088,0.9979036450386047,0.9574486017227173,0.2857142857142857,0.2982456088066101,0.2655388414859772,0.22994986176490784,0.2062656730413437
6,0.22095040154101245,11.586448669433594,16.36399269104004,10.033122062683105,0.37472230195999146,0.6436605453491211,86.18264770507812,18874.0,13.525113105773926,2962.0,0.0,0.0,0.29223746061325073,64.0,0.0,0.0,7.273717880249023,10.217945098876953,6.369416236877441,0.757716178894043,0.8727805018424988,95.74429321289062,5242.0,4.091324329376221,224.0,0.0,0.0,0.16438356041908264,9.0,0.0,0.0,11.506352424621582,15.978072166442871,9.969406127929688,0.405566930770874,0.6638533473014832,87.10502624511719,4769.0,12.584474563598633,689.0,0.0,0.0,0.310502290725708,17.0,0.0,0.0,13.356678009033203,18.338783264160156,11.540592193603516,0.21314704418182373,0.5329629778862,82.0091323852539,4490.0,17.62557029724121,965.0,0.0,0.0,0.3652968108654022,20.0,0.0,0.0,14.209046363830566,19.36762237548828,12.253073692321777,0.11783713102340698,0.46184417605400085,79.87214660644531,4373.0,19.79908561706543,1084.0,0.0,0.0,0.3287671208381653,18.0,0.0,0.0,0.11112461984157562,0.28579431772232056,0.6030810475349426,0.09077350050210953,0.11920291930437088,0.9831283092498779,0.9318675994873047,0.35714285714285715,0.28947368264198303,0.2610902190208435,0.23327067494392395,0.2161654233932495
7,0.21574100637801127,11.490723609924316,16.267309188842773,9.948380470275879,0.3820890784263611,0.6479952335357666,86.42922973632812,18928.0,13.28310489654541,2909.0,0.0,0.0,0.2876712381839752,63.0,0.0,0.0,6.992290019989014,9.834371566772461,6.1295928955078125,0.7755650281906128,0.8831376433372498,96.21917724609375,5268.0,3.6347031593322754,199.0,0.0,0.0,0.14611873030662537,8.0,0.0,0.0,11.384331703186035,15.844477653503418,9.862578392028809,0.4154655933380127,0.6712144613265991,87.15982055664062,4772.0,12.529680252075195,686.0,0.0,0.0,0.310502290725708,17.0,0.0,0.0,13.348885536193848,18.310028076171875,11.531715393066406,0.21561259031295776,0.5324528217315674,82.17351531982422,4499.0,17.4611873626709,956.0,0.0,0.0,0.3652968108654022,20.0,0.0,0.0,14.237382888793945,19.37735366821289,12.269635200500488,0.1169503927230835,0.4536219835281372,80.16438293457031,4389.0,19.50684928894043,1068.0,0.0,0.0,0.3287671208381653,18.0,0.0,0.0,0.1292113959789276,0.3169879615306854,0.5538007020950317,0.1311235874891281,0.11920291930437088,0.9835357666015625,0.89839106798172,0.42857142857142855,0.28070175647735596,0.25664159655570984,0.23659147322177887,0.22606515884399414
8,0.21187920569905314,11.374902725219727,16.187618255615234,9.81938362121582,0.3881283402442932,0.6539714336395264,86.7397232055664,18996.0,12.972601890563965,2841.0,0.0,0.0,0.2876712381839752,63.0,0.0,0.0,6.657870292663574,9.365657806396484,5.848052024841309,0.7964487075805664,0.8947421908378601,96.73059844970703,5296.0,3.1232876777648926,171.0,0.0,0.0,0.14611873030662537,8.0,0.0,0.0,11.256531715393066,15.655348777770996,9.73632526397705,0.4293370246887207,0.6810078620910645,87.8538818359375,4810.0,11.835616111755371,648.0,0.0,0.0,0.310502290725708,17.0,0.0,0.0,13.312186241149902,18.310962677001953,11.451680183410645,0.21553242206573486,0.5354776382446289,82.31963348388672,4507.0,17.3150691986084,948.0,0.0,0.0,0.3652968108654022,20.0,0.0,0.0,14.27302360534668,19.49510383605957,12.241477966308594,0.10618579387664795,0.4512232840061188,80.05479431152344,4383.0,19.616437911987305,1074.0,0.0,0.0,0.3287671208381653,18.0,0.0,0.0,0.12853024899959564,0.2953050136566162,0.5761647820472717,0.16068126261234283,0.11920291930437088,0.9793751239776611,0.8646500110626221,0.5,0.2719298303127289,0.25219297409057617,0.2399122714996338,0.23596492409706116
9,0.20936156346960885,11.309635162353516,16.11551284790039,9.781513214111328,0.39356714487075806,0.6597591042518616,86.74885559082031,18998.0,12.972601890563965,2841.0,0.0,0.0,0.2785388231277466,61.0,0.0,0.0,6.453097343444824,9.078795433044434,5.6807756423950195,0.808726966381073,0.901732325553894,97.22374725341797,5323.0,2.6301369667053223,144.0,0.0,0.0,0.14611873030662537,8.0,0.0,0.0,11.176477432250977,15.533352851867676,9.684405326843262,0.43819624185562134,0.6893532872200012,87.81735229492188,4808.0,11.872146606445312,650.0,0.0,0.0,0.310502290725708,17.0,0.0,0.0,13.312609672546387,18.292272567749023,11.472219467163086,0.21713310480117798,0.5407630801200867,81.97260284423828,4488.0,17.68036460876465,968.0,0.0,0.0,0.34703195095062256,19.0,0.0,0.0,14.296357154846191,19.50697898864746,12.288647651672363,0.10509645938873291,0.45460984110832214,79.98173522949219,4379.0,19.707763671875,1079.0,0.0,0.0,0.310502290725708,17.0,0.0,0.0,0.1319410651922226,0.30011796951293945,0.5679410099983215,0.17177540063858032,0.11920291930437088,0.9729272723197937,0.853971004486084,0.5714285714285714,0.2631579041481018,0.2477443516254425,0.2432330846786499,0.24586467444896698
10,0.2085365061205574,11.287044525146484,16.101024627685547,9.763355255126953,0.39465707540512085,0.6605374813079834,86.5525131225586,18955.0,13.173516273498535,2885.0,0.0,0.0,0.27397260069847107,60.0,0.0,0.0,6.379657745361328,8.974052429199219,5.625032424926758,0.8131149411201477,0.9040353894233704,97.4246597290039,5334.0,2.44748854637146,134.0,0.0,0.0,0.1278538852930069,7.0,0.0,0.0,11.149714469909668,15.485462188720703,9.664551734924316,0.44165509939193726,0.6916424632072449,87.63469696044922,4798.0,12.054794311523438,660.0,0.0,0.0,0.310502290725708,17.0,0.0,0.0,13.320442199707031,18.316532135009766,11.481365203857422,0.21505522727966309,0.5390844941139221,81.66210174560547,4471.0,17.990867614746094,985.0,0.0,0.0,0.34703195095062256,19.0,0.0,0.0,14.29836368560791,19.52289581298828,12.282474517822266,0.10363560914993286,0.4542047679424286,79.48858642578125,4352.0,20.200912475585938,1106.0,0.0,0.0,0.310502290725708,17.0,0.0,0.0,0.16587887704372406,0.2962920069694519,0.5378291606903076,0.16903430223464966,0.11920291930437088,0.973552405834198,0.8526055216789246,0.6428571428571429,0.25438597798347473,0.24329572916030884,0.24655388295650482,0.2557644248008728
11,0.20671136839972268,11.287782669067383,16.114166259765625,9.751382827758789,0.39366841316223145,0.6608561873435974,86.7214584350586,18992.0,12.995433807373047,2846.0,0.0,0.0,0.2831050157546997,62.0,0.0,0.0,6.324897289276123,8.877241134643555,5.574368476867676,0.8171254396438599,0.9061089754104614,97.38813018798828,5332.0,2.4657535552978516,135.0,0.0,0.0,0.14611873030662537,8.0,0.0,0.0,11.125077247619629,15.437958717346191,9.634169578552246,0.44507545232772827,0.6940711140632629,87.78082275390625,4806.0,11.908676147460938,652.0,0.0,0.0,0.310502290725708,17.0,0.0,0.0,13.362417221069336,18.35956382751465,11.498592376708984,0.21136271953582764,0.5388801097869873,82.1369857788086,4497.0,17.515981674194336,959.0,0.0,0.0,0.34703195095062256,19.0,0.0,0.0,14.338735580444336,19.607547760009766,12.2984037399292,0.09584534168243408,0.452092707157135,79.57991027832031,4357.0,20.091323852539062,1100.0,0.0,0.0,0.3287671208381653,18.0,0.0,0.0,0.1640446037054062,0.256843626499176,0.5791117548942566,0.1778634935617447,0.11920291930437088,0.969907283782959,0.8425396084785461,0.7142857142857143,0.24561403691768646,0.23884710669517517,0.24987469613552094,0.26566416025161743
12,0.20420644122694576,11.288918495178223,16.124553680419922,9.727493286132812,0.39288657903671265,0.6601335406303406,86.7305908203125,18994.0,12.990867614746094,2845.0,0.0,0.0,0.2785388231277466,61.0,0.0,0.0,6.271091461181641,8.83847713470459,5.525204658508301,0.8187190294265747,0.9071226716041565,97.4063949584961,5333.0,2.44748854637146,134.0,0.0,0.0,0.14611873030662537,8.0,0.0,0.0,11.142717361450195,15.447503089904785,9.627708435058594,0.4443890452384949,0.6933200359344482,87.707763671875,4802.0,11.981735229492188,656.0,0.0,0.0,0.310502290725708,17.0,0.0,0.0,13.40139102935791,18.41176414489746,11.500360488891602,0.20687180757522583,0.5351107716560364,82.24657440185547,4503.0,17.406391143798828,953.0,0.0,0.0,0.34703195095062256,19.0,0.0,0.0,14.340471267700195,19.602752685546875,12.256699562072754,0.0962875485420227,0.44955211877822876,79.5616455078125,4356.0,20.127853393554688,1102.0,0.0,0.0,0.310502290725708,17.0,0.0,0.0,0.18161453306674957,0.2982949912548065,0.5200905203819275,0.19166982173919678,0.11920291930437088,0.9727886319160461,0.841151237487793,0.7857142857142857,0.23684212565422058,0.2343984991312027,0.25319552421569824,0.27556392550468445
13,0.20177456956628917,11.381667137145996,16.285938262939453,9.79704761505127,0.38067305088043213,0.6545883417129517,86.3150634765625,18903.0,13.410958290100098,2937.0,0.0,0.0,0.27397260069847107,60.0,0.0,0.0,6.288015842437744,8.836620330810547,5.538109302520752,0.8187952041625977,0.9073503613471985,97.51598358154297,5339.0,2.337899684906006,128.0,0.0,0.0,0.14611873030662537,8.0,0.0,0.0,11.18935489654541,15.538674354553223,9.659836769104004,0.43781131505966187,0.6906595826148987,87.54338073730469,4793.0,12.146119117736816,665.0,0.0,0.0,0.310502290725708,17.0,0.0,0.0,13.510239601135254,18.587902069091797,11.578153610229492,0.1916242241859436,0.5282332301139832,81.5525131225586,4465.0,18.11872100830078,992.0,0.0,0.0,0.3287671208381653,18.0,0.0,0.0,14.539056777954102,19.896757125854492,12.412090301513672,0.06897634267807007,0.4359433352947235,78.64839935302734,4306.0,21.041095733642578,1152.0,0.0,0.0,0.310502290725708,17.0,0.0,0.0,0.19472558796405792,0.3164757192134857,0.48879876732826233,0.18954038619995117,0.11920291930437088,0.9700229167938232,0.8558194041252136,0.8571428571428571,0.22807016968727112,0.22994986176490784,0.25651630759239197,0.2854636609554291
14,0.19784728143267621,11.405266761779785,16.338228225708008,9.824243545532227,0.37668973207473755,0.6516851186752319,86.42465209960938,18927.0,13.292238235473633,2911.0,0.0,0.0,0.2831050157546997,62.0,0.0,0.0,6.260851860046387,8.799517631530762,5.51481819152832,0.8203136920928955,0.9078947305679321,97.47945404052734,5337.0,2.374429225921631,130.0,0.0,0.0,0.14611873030662537,8.0,0.0,0.0,11.22737979888916,15.61667251586914,9.693000793457031,0.4321531653404236,0.6873944401741028,87.63469696044922,4798.0,12.054794311523438,660.0,0.0,0.0,0.310502290725708,17.0,0.0,0.0,13.569979667663574,18.675840377807617,11.64130687713623,0.18395721912384033,0.5226274132728577,81.75342559814453,4476.0,17.89954376220703,980.0,0.0,0.0,0.34703195095062256,19.0,0.0,0.0,14.562856674194336,19.941205978393555,12.44784927368164,0.06481176614761353,0.4322837293148041,78.8310546875,4316.0,20.84018325805664,1141.0,0.0,0.0,0.3287671208381653,18.0,0.0,0.0,0.2028140127658844,0.3332982659339905,0.4638878107070923,0.19020472466945648,0.11920291930437088,0.9716711640357971,0.8667778968811035,0.9285714285714286,0.21929824352264404,0.22550123929977417,0.2598370909690857,0.2953633964061737
15,0.19391063136653647,11.480538368225098,16.448482513427734,9.885064125061035,0.3682488203048706,0.6466132402420044,86.24657440185547,18888.0,13.465753555297852,2949.0,0.0,0.0,0.2876712381839752,63.0,0.0,0.0,6.309103965759277,8.87629508972168,5.5499982833862305,0.817164421081543,0.906173825263977,97.47945404052734,5337.0,2.374429225921631,130.0,0.0,0.0,0.14611873030662537,8.0,0.0,0.0,11.2647123336792,15.672005653381348,9.718016624450684,0.42812204360961914,0.6840316653251648,87.41551971435547,4786.0,12.273972511291504,672.0,0.0,0.0,0.310502290725708,17.0,0.0,0.0,13.636137008666992,18.75819969177246,11.691842079162598,0.17674404382705688,0.5179867744445801,81.51597595214844,4463.0,18.11872100830078,992.0,0.0,0.0,0.3652968108654022,20.0,0.0,0.0,14.712200164794922,20.147947311401367,12.580400466918945,0.04532015323638916,0.4220716655254364,78.5753402709961,4302.0,21.095890045166016,1155.0,0.0,0.0,0.3287671208381653,18.0,0.0,0.0,0.19004741311073303,0.3624257743358612,0.44752687215805054,0.19202999770641327,0.11920291930437088,0.9764388203620911,0.8592119812965393,1.0,0.21052631735801697,0.2210526168346405,0.2631579041481018,0.3052631616592407
16,0.18861001581304765,11.550860404968262,16.593894958496094,9.920112609863281,0.35702943801879883,0.6411092281341553,86.07762145996094,18851.0,13.639269828796387,2987.0,0.0,0.0,0.2831050157546997,62.0,0.0,0.0,6.340517044067383,8.950908660888672,5.561965465545654,0.8140776753425598,0.9047115445137024,97.4063949584961,5333.0,2.44748854637146,134.0,0.0,0.0,0.14611873030662537,8.0,0.0,0.0,11.342726707458496,15.796957015991211,9.756105422973633,0.4189666509628296,0.6790790557861328,87.14154815673828,4771.0,12.547944068908691,687.0,0.0,0.0,0.310502290725708,17.0,0.0,0.0,13.736661911010742,18.938671112060547,11.742050170898438,0.16082680225372314,0.509819507598877,81.31507110595703,4452.0,18.337900161743164,1004.0,0.0,0.0,0.34703195095062256,19.0,0.0,0.0,14.783533096313477,20.324703216552734,12.620327949523926,0.02849602699279785,0.41492924094200134,78.44749450683594,4295.0,21.223745346069336,1162.0,0.0,0.0,0.3287671208381653,18.0,0.0,0.0,0.2440529614686966,0.32164543867111206,0.4343016445636749,0.191042959690094,0.11920291930437088,0.9740161895751953,0.8674885630607605,1.0,0.21052631735801697,0.2210526168346405,0.2631579041481018,0.3052631616592407
17,0.1824103542731582,11.626768112182617,16.71470832824707,9.997812271118164,0.34763282537460327,0.6362673044204712,86.01370239257812,18837.0,13.707762718200684,3002.0,0.0,0.0,0.2785388231277466,61.0,0.0,0.0,6.356635093688965,8.95915412902832,5.58300256729126,0.8137349486351013,0.904525637626648,97.49771881103516,5338.0,2.374429225921631,130.0,0.0,0.0,0.1278538852930069,7.0,0.0,0.0,11.411791801452637,15.89224910736084,9.830289840698242,0.41193556785583496,0.6749988794326782,87.19634246826172,4774.0,12.49315071105957,684.0,0.0,0.0,0.310502290725708,17.0,0.0,0.0,13.833088874816895,19.08806037902832,11.842920303344727,0.14753568172454834,0.5033852458000183,80.96803283691406,4433.0,18.6849308013916,1023.0,0.0,0.0,0.34703195095062256,19.0,0.0,0.0,14.905550956726074,20.502241134643555,12.735041618347168,0.01144951581954956,0.4069267511367798,78.3927001953125,4292.0,21.278539657592773,1165.0,0.0,0.0,0.3287671208381653,18.0,0.0,0.0,0.24121864140033722,0.3456164300441742,0.4131649434566498,0.1899927705526352,0.11920291930437088,0.971438467502594,0.8846918344497681,1.0,0.21052631735801697,0.2210526168346405,0.2631579041481018,0.3052631616592407
18,0.1736803146346947,11.687320709228516,16.812227249145508,10.050384521484375,0.3399985432624817,0.6345464587211609,85.72602844238281,18774.0,13.990867614746094,3064.0,0.0,0.0,0.2831050157546997,62.0,0.0,0.0,6.365686893463135,9.001541137695312,5.591001033782959,0.8119683265686035,0.904028594493866,97.44292449951172,5335.0,2.410959005355835,132.0,0.0,0.0,0.14611873030662537,8.0,0.0,0.0,11.456650733947754,15.970495223999023,9.866981506347656,0.4061306118965149,0.673860490322113,86.92237854003906,4759.0,12.767122268676758,699.0,0.0,0.0,0.310502290725708,17.0,0.0,0.0,13.91911506652832,19.233352661132812,11.911541938781738,0.13450896739959717,0.5005582571029663,80.32876586914062,4398.0,19.324201583862305,1058.0,0.0,0.0,0.34703195095062256,19.0,0.0,0.0,15.007830619812012,20.60576820373535,12.832010269165039,0.0014409422874450684,0.40647169947624207,78.21004486083984,4282.0,21.4611873626709,1175.0,0.0,0.0,0.3287671208381653,18.0,0.0,0.0,0.25557300448417664,0.33570823073387146,0.4087187647819519,0.18981826305389404,0.11920291930437088,0.9676482081413269,0.8828622102737427,1.0,0.21052631735801697,0.2210526168346405,0.2631579041481018,0.3052631616592407
19,0.17008173372084384,11.758326530456543,16.87674903869629,10.109230041503906,0.33492279052734375,0.6300528645515442,85.53424835205078,18732.0,14.187214851379395,3107.0,0.0,0.0,0.2785388231277466,61.0,0.0,0.0,6.361425399780273,8.977975845336914,5.586307048797607,0.8129515647888184,0.9041038751602173,97.38813018798828,5332.0,2.4657535552978516,135.0,0.0,0.0,0.14611873030662537,8.0,0.0,0.0,11.522168159484863,16.01378631591797,9.923497200012207,0.4029066562652588,0.6699236631393433,86.81278991699219,4753.0,12.87671184539795,705.0,0.0,0.0,0.310502290725708,17.0,0.0,0.0,14.02169132232666,19.302467346191406,11.994712829589844,0.12827754020690918,0.4941715598106384,80.21917724609375,4392.0,19.452054977416992,1065.0,0.0,0.0,0.3287671208381653,18.0,0.0,0.0,15.128018379211426,20.728437423706055,12.932401657104492,-0.010483503341674805,0.39845994114875793,77.7168960571289,4255.0,21.95433807373047,1202.0,0.0,0.0,0.3287671208381653,18.0,0.0,0.0,0.293027400970459,0.34880125522613525,0.3581714332103729,0.18623389303684235,0.11920291930437088,0.9677491188049316,0.8816336393356323,1.0,0.21052631735801697,0.2210526168346405,0.2631579041481018,0.3052631616592407
step,fold4/test_loss,fold4/test_mae,fold4/test_rmse,fold4/test_mard,fold4/test_r2,fold4/test_pearson,fold4/test_ega_zone_a_pct,fold4/test_ega_zone_a_count,fold4/test_ega_zone_b_pct,fold4/test_ega_zone_b_count,fold4/test_ega_zone_c_pct,fold4/test_ega_zone_c_count,fold4/test_ega_zone_d_pct,fold4/test_ega_zone_d_count,fold4/test_ega_zone_e_pct,fold4/test_ega_zone_e_count,fold4/test_horizon_15_mae,fold4/test_horizon_15_rmse,fold4/test_horizon_15_mard,fold4/test_horizon_15_r2,fold4/test_horizon_15_pearson,fold4/test_horizon_15_ega_zone_a_pct,fold4/test_horizon_15_ega_zone_a_count,fold4/test_horizon_15_ega_zone_b_pct,fold4/test_horizon_15_ega_zone_b_count,fold4/test_horizon_15_ega_zone_c_pct,fold4/test_horizon_15_ega_zone_c_count,fold4/test_horizon_15_ega_zone_d_pct,fold4/test_horizon_15_ega_zone_d_count,fold4/test_horizon_15_ega_zone_e_pct,fold4/test_horizon_15_ega_zone_e_count,fold4/test_horizon_30_mae,fold4/test_horizon_30_rmse,fold4/test_horizon_30_mard,fold4/test_horizon_30_r2,fold4/test_horizon_30_pearson,fold4/test_horizon_30_ega_zone_a_pct,fold4/test_horizon_30_ega_zone_a_count,fold4/test_horizon_30_ega_zone_b_pct,fold4/test_horizon_30_ega_zone_b_count,fold4/test_horizon_30_ega_zone_c_pct,fold4/test_horizon_30_ega_zone_c_count,fold4/test_horizon_30_ega_zone_d_pct,fold4/test_horizon_30_ega_zone_d_count,fold4/test_horizon_30_ega_zone_e_pct,fold4/test_horizon_30_ega_zone_e_count,fold4/test_horizon_45_mae,fold4/test_horizon_45_rmse,fold4/test_horizon_45_mard,fold4/test_horizon_45_r2,fold4/test_horizon_45_pearson,fold4/test_horizon_45_ega_zone_a_pct,fold4/test_horizon_45_ega_zone_a_count,fold4/test_horizon_45_ega_zone_b_pct,fold4/test_horizon_45_ega_zone_b_count,fold4/test_horizon_45_ega_zone_c_pct,fold4/test_horizon_45_ega_zone_c_count,fold4/test_horizon_45_ega_zone_d_pct,fold4/test_horizon_45_ega_zone_d_count,fold4/test_horizon_45_ega_zone_e_pct,fold4/test_horizon_45_ega_zone_e_count,fold4/test_horizon_60_mae,fold4/test_horizon_60_rmse,fold4/test_horizon_60_mard,fold4/test_horizon_60_r2,fold4/test_horizon_60_pearson,fold4/test_horizon_60_ega_zone_a_pct,fold4/test_horizon_60_ega_zone_a_count,fold4/test_horizon_60_ega_zone_b_pct,fold4/test_horizon_60_ega_zone_b_count,fold4/test_horizon_60_ega_zone_c_pct,fold4/test_horizon_60_ega_zone_c_count,fold4/test_horizon_60_ega_zone_d_pct,fold4/test_horizon_60_ega_zone_d_count,fold4/test_horizon_60_ega_zone_e_pct,fold4/test_horizon_60_ega_zone_e_count
0,0.2343653686603365,9.58755874633789,14.435349464416504,8.343245506286621,0.4380415678024292,0.6808724403381348,89.14759063720703,4518.0,10.734017372131348,544.0,0.0,0.0,0.11838989704847336,6.0,0.0,0.0,5.363585472106934,7.5543646812438965,4.649767875671387,0.8434130549430847,0.9193412065505981,98.65824890136719,1250.0,1.3417521715164185,17.0,0.0,0.0,0.0,0.0,0.0,0.0,9.257155418395996,13.312344551086426,8.023347854614258,0.519059419631958,0.7320799827575684,91.39700317382812,1158.0,8.445145606994629,107.0,0.0,0.0,0.15785318613052368,2.0,0.0,0.0,11.160981178283691,16.294281005859375,9.702505111694336,0.2881765365600586,0.576400637626648,84.92501831054688,1076.0,14.91712760925293,189.0,0.0,0.0,0.15785318613052368,2.0,0.0,0.0,12.568516731262207,18.2681884765625,10.997361183166504,0.11545443534851074,0.4485246241092682,81.61009979248047,1034.0,18.232044219970703,231.0,0.0,0.0,0.15785318613052368,2.0,0.0,0.0
step,fold5/train_loss,fold5/val_mae,fold5/val_rmse,fold5/val_mard,fold5/val_r2,fold5/val_pearson,fold5/val_ega_zone_a_pct,fold5/val_ega_zone_a_count,fold5/val_ega_zone_b_pct,fold5/val_ega_zone_b_count,fold5/val_ega_zone_c_pct,fold5/val_ega_zone_c_count,fold5/val_ega_zone_d_pct,fold5/val_ega_zone_d_count,fold5/val_ega_zone_e_pct,fold5/val_ega_zone_e_count,fold5/val_horizon_15_mae,fold5/val_horizon_15_rmse,fold5/val_horizon_15_mard,fold5/val_horizon_15_r2,fold5/val_horizon_15_pearson,fold5/val_horizon_15_ega_zone_a_pct,fold5/val_horizon_15_ega_zone_a_count,fold5/val_horizon_15_ega_zone_b_pct,fold5/val_horizon_15_ega_zone_b_count,fold5/val_horizon_15_ega_zone_c_pct,fold5/val_horizon_15_ega_zone_c_count,fold5/val_horizon_15_ega_zone_d_pct,fold5/val_horizon_15_ega_zone_d_count,fold5/val_horizon_15_ega_zone_e_pct,fold5/val_horizon_15_ega_zone_e_count,fold5/val_horizon_30_mae,fold5/val_horizon_30_rmse,fold5/val_horizon_30_mard,fold5/val_horizon_30_r2,fold5/val_horizon_30_pearson,fold5/val_horizon_30_ega_zone_a_pct,fold5/val_horizon_30_ega_zone_a_count,fold5/val_horizon_30_ega_zone_b_pct,fold5/val_horizon_30_ega_zone_b_count,fold5/val_horizon_30_ega_zone_c_pct,fold5/val_horizon_30_ega_zone_c_count,fold5/val_horizon_30_ega_zone_d_pct,fold5/val_horizon_30_ega_zone_d_count,fold5/val_horizon_30_ega_zone_e_pct,fold5/val_horizon_30_ega_zone_e_count,fold5/val_horizon_45_mae,fold5/val_horizon_45_rmse,fold5/val_horizon_45_mard,fold5/val_horizon_45_r2,fold5/val_horizon_45_pearson,fold5/val_horizon_45_ega_zone_a_pct,fold5/val_horizon_45_ega_zone_a_count,fold5/val_horizon_45_ega_zone_b_pct,fold5/val_horizon_45_ega_zone_b_count,fold5/val_horizon_45_ega_zone_c_pct,fold5/val_horizon_45_ega_zone_c_count,fold5/val_horizon_45_ega_zone_d_pct,fold5/val_horizon_45_ega_zone_d_count,fold5/val_horizon_45_ega_zone_e_pct,fold5/val_horizon_45_ega_zone_e_count,fold5/val_horizon_60_mae,fold5/val_horizon_60_rmse,fold5/val_horizon_60_mard,fold5/val_horizon_60_r2,fold5/val_horizon_60_pearson,fold5/val_horizon_60_ega_zone_a_pct,fold5/val_horizon_60_ega_zone_a_count,fold5/val_horizon_60_ega_zone_b_pct,fold5/val_horizon_60_ega_zone_b_count,fold5/val_horizon_60_ega_zone_c_pct,fold5/val_horizon_60_ega_zone_c_count,fold5/val_horizon_60_ega_zone_d_pct,fold5/val_horizon_60_ega_zone_d_count,fold5/val_horizon_60_ega_zone_e_pct,fold5/val_horizon_60_ega_zone_e_count,fold5/diag_fusion_gate_cgm,fold5/diag_fusion_gate_cgm_guided,fold5/diag_fusion_gate_physio,fold5/diag_horizon_query_similarity,fold5/diag_horizon_progressive_gate,fold5/diag_horizon_attention_similarity,fold5/diag_horizon_attention_entropy,fold5/diag_horizon_curriculum_progress,fold5/diag_loss_horizon_weight_0,fold5/diag_loss_horizon_weight_1,fold5/diag_loss_horizon_weight_2,fold5/diag_loss_horizon_weight_3
1,0.25851951874651063,11.09522819519043,16.093122482299805,10.143598556518555,0.5457583665847778,0.7500995993614197,86.3640365600586,19691.0,12.80701732635498,2920.0,0.0,0.0,0.8289474248886108,189.0,0.0,0.0,6.714570999145508,9.754803657531738,6.0671610832214355,0.832882821559906,0.9128587245941162,96.12281036376953,5479.0,3.5964913368225098,205.0,0.0,0.0,0.28070175647735596,16.0,0.0,0.0,10.73453426361084,15.371944427490234,9.75141429901123,0.585614800453186,0.7732222080230713,87.45614624023438,4985.0,11.771929740905762,671.0,0.0,0.0,0.7719298601150513,44.0,0.0,0.0,12.849769592285156,18.081911087036133,11.758794784545898,0.4269101619720459,0.6788061261177063,82.45613861083984,4700.0,16.526315689086914,942.0,0.0,0.0,1.017543911933899,58.0,0.0,0.0,14.082037925720215,19.4305419921875,12.997025489807129,0.3381689786911011,0.6204564571380615,79.42105865478516,4527.0,19.333332061767578,1102.0,0.0,0.0,1.2456140518188477,71.0,0.0,0.0,0.4741488993167877,0.3511340618133545,0.17471705377101898,-0.04081044718623161,0.11920291930437088,0.9995131492614746,0.9999373555183411,0.0,0.3333333432674408,0.28333333134651184,0.21666665375232697,0.1666666716337204
2,0.2541034359161369,11.006935119628906,15.820008277893066,10.106861114501953,0.5610452890396118,0.7552471160888672,86.71491241455078,19771.0,12.407894134521484,2829.0,0.0,0.0,0.8771929740905762,200.0,0.0,0.0,6.677093505859375,9.654189109802246,6.060565948486328,0.836312472820282,0.9146352410316467,96.14035034179688,5480.0,3.561403512954712,203.0,0.0,0.0,0.2982456088066101,17.0,0.0,0.0,10.64269733428955,15.139922142028809,9.699079513549805,0.5980297327041626,0.7777972221374512,87.73684692382812,5001.0,11.508771896362305,656.0,0.0,0.0,0.7543859481811523,43.0,0.0,0.0,12.779808044433594,17.765262603759766,11.75404167175293,0.4468061327934265,0.683085024356842,83.0,4731.0,15.877193450927734,905.0,0.0,0.0,1.1228070259094238,64.0,0.0,0.0,13.92813777923584,19.054275512695312,12.9137544631958,0.36355310678482056,0.62530916929245,79.98245239257812,4559.0,18.6842098236084,1065.0,0.0,0.0,1.3333333730697632,76.0,0.0,0.0,0.34934940934181213,0.5503982901573181,0.10025229305028915,-0.0352659709751606,0.11920291930437088,0.9990893006324768,0.9989728927612305,0.07142857142857142,0.3245614171028137,0.2788847088813782,0.21998745203018188,0.17656642198562622
3,0.2528665082204191,10.830536842346191,15.703551292419434,9.910897254943848,0.5674840807914734,0.7579420208930969,86.76753997802734,19783.0,12.35087776184082,2816.0,0.0,0.0,0.8815789818763733,201.0,0.0,0.0,6.5837883949279785,9.576001167297363,5.968121528625488,0.8389530777931213,0.9160043597221375,96.24561309814453,5486.0,3.4561402797698975,197.0,0.0,0.0,0.2982456088066101,17.0,0.0,0.0,10.50308895111084,15.057537078857422,9.55123233795166,0.6023925542831421,0.7795161604881287,87.84210968017578,5007.0,11.385964393615723,649.0,0.0,0.0,0.7719298601150513,44.0,0.0,0.0,12.565129280090332,17.62558364868164,11.505783081054688,0.45547086000442505,0.6861437559127808,83.03508758544922,4733.0,15.842105865478516,903.0,0.0,0.0,1.1228070259094238,64.0,0.0,0.0,13.67014217376709,18.902793884277344,12.618449211120605,0.37363237142562866,0.6280884146690369,79.94737243652344,4557.0,18.719297409057617,1067.0,0.0,0.0,1.3333333730697632,76.0,0.0,0.0,0.29967227578163147,0.609200656414032,0.09112706780433655,-0.022346943616867065,0.11920291930437088,0.9858310222625732,0.9893937706947327,0.14285714285714285,0.31578949093818665,0.2744360864162445,0.223308265209198,0.18646617233753204
4,0.24775635216786598,10.826701164245605,15.554539680480957,9.932910919189453,0.5756534337997437,0.7603373527526855,86.99122619628906,19834.0,12.07456111907959,2753.0,0.0,0.0,0.9342105388641357,213.0,0.0,0.0,6.436433792114258,9.258720397949219,5.869629383087158,0.8494482040405273,0.9217969179153442,96.877197265625,5522.0,2.824561595916748,161.0,0.0,0.0,0.2982456088066101,17.0,0.0,0.0,10.512036323547363,14.927252769470215,9.590766906738281,0.6092433333396912,0.7815892100334167,88.14035034179688,5024.0,11.035087585449219,629.0,0.0,0.0,0.8245614171028137,47.0,0.0,0.0,12.616539001464844,17.492782592773438,11.581408500671387,0.4636455774307251,0.6859957575798035,83.1754379272461,4741.0,15.614035606384277,890.0,0.0,0.0,1.2105262279510498,69.0,0.0,0.0,13.741798400878906,18.79443359375,12.689842224121094,0.38079315423965454,0.6257344484329224,79.77192687988281,4547.0,18.824560165405273,1073.0,0.0,0.0,1.4035087823867798,80.0,0.0,0.0,0.1971374899148941,0.7456799149513245,0.05718258023262024,0.004220356699079275,0.11920291930437088,0.9748749136924744,0.9592036008834839,0.21428571428571427,0.30701756477355957,0.26998746395111084,0.22662906348705292,0.19636592268943787
5,0.23932366909107097,10.654242515563965,15.391191482543945,9.781566619873047,0.5845193862915039,0.7659193277359009,87.08772277832031,19856.0,11.92543888092041,2719.0,0.0,0.0,0.9868420362472534,225.0,0.0,0.0,5.994161128997803,8.662371635437012,5.485042095184326,0.8682175278663635,0.9318290948867798,97.19298553466797,5540.0,2.4912281036376953,142.0,0.0,0.0,0.31578949093818665,18.0,0.0,0.0,10.242086410522461,14.578936576843262,9.351459503173828,0.6272665858268738,0.7927160859107971,88.43859100341797,5041.0,10.736842155456543,612.0,0.0,0.0,0.8245614171028137,47.0,0.0,0.0,12.554706573486328,17.417875289916992,11.526209831237793,0.4682292342185974,0.6881877183914185,83.12281036376953,4738.0,15.63157844543457,891.0,0.0,0.0,1.2456140518188477,71.0,0.0,0.0,13.826014518737793,18.88360595703125,12.763559341430664,0.3749033212661743,0.6200437545776367,79.59648895263672,4537.0,18.842105865478516,1074.0,0.0,0.0,1.561403512954712,89.0,0.0,0.0,0.18094323575496674,0.7580681443214417,0.06098863482475281,0.04990725591778755,0.11920291930437088,0.979450523853302,0.9303432106971741,0.2857142857142857,0.2982456088066101,0.2655388414859772,0.22994986176490784,0.2062656730413437
6,0.23310850693183655,10.53598690032959,15.289064407348633,9.667862892150879,0.5900148153305054,0.7694711685180664,87.1885986328125,19879.0,11.798245429992676,2690.0,0.0,0.0,1.013157844543457,231.0,0.0,0.0,5.726055145263672,8.225255966186523,5.255099773406982,0.8811818361282349,0.9387583136558533,97.66667175292969,5567.0,2.0175437927246094,115.0,0.0,0.0,0.31578949093818665,18.0,0.0,0.0,10.04917049407959,14.317395210266113,9.178607940673828,0.6405200958251953,0.801098644733429,88.8245620727539,5063.0,10.385964393615723,592.0,0.0,0.0,0.7894736528396606,45.0,0.0,0.0,12.481428146362305,17.372926712036133,11.447616577148438,0.4709702730178833,0.689703643321991,83.15789794921875,4740.0,15.54386043548584,886.0,0.0,0.0,1.2982455492019653,74.0,0.0,0.0,13.88729476928711,18.988435745239258,12.790128707885742,0.3679438829421997,0.6136636137962341,79.10526275634766,4509.0,19.245615005493164,1097.0,0.0,0.0,1.6491228342056274,94.0,0.0,0.0,0.26916906237602234,0.6550028920173645,0.07582804560661316,0.08514691144227982,0.11920291930437088,0.9788740277290344,0.9076008200645447,0.35714285714285715,0.28947368264198303,0.2610902190208435,0.23327067494392395,0.2161654233932495
7,0.23219214172131153,10.48971176147461,15.266103744506836,9.632912635803223,0.5912452936172485,0.7710545659065247,87.26753997802734,19897.0,11.714912414550781,2671.0,0.0,0.0,1.017543911933899,232.0,0.0,0.0,5.6239776611328125,8.03952693939209,5.161744594573975,0.8864871859550476,0.9416881203651428,97.91228485107422,5581.0,1.8070175647735596,103.0,0.0,0.0,0.28070175647735596,16.0,0.0,0.0,10.011992454528809,14.232995986938477,9.161261558532715,0.6447457075119019,0.8044148087501526,88.9473648071289,5070.0,10.245614051818848,584.0,0.0,0.0,0.8070175647735596,46.0,0.0,0.0,12.453206062316895,17.374698638916016,11.432271003723145,0.47086232900619507,0.6908121705055237,83.24561309814453,4745.0,15.421051979064941,879.0,0.0,0.0,1.3333333730697632,76.0,0.0,0.0,13.869667053222656,19.055797576904297,12.77637004852295,0.3634514808654785,0.6121417880058289,78.96491241455078,4501.0,19.38596534729004,1105.0,0.0,0.0,1.6491228342056274,94.0,0.0,0.0,0.28098610043525696,0.6537591814994812,0.06525475531816483,0.11287947744131088,0.11920291930437088,0.9750285744667053,0.8919261693954468,0.42857142857142855,0.28070175647735596,0.25664159655570984,0.23659147322177887,0.22606515884399414
8,0.2304506241467255,10.49594497680664,15.281493186950684,9.62929916381836,0.5904207825660706,0.7703163623809814,87.27631378173828,19899.0,11.706140518188477,2669.0,0.0,0.0,1.017543911933899,232.0,0.0,0.0,5.562197685241699,7.8918633460998535,5.114321231842041,0.8906186819076538,0.9439011812210083,97.98245239257812,5585.0,1.736842155456543,99.0,0.0,0.0,0.28070175647735596,16.0,0.0,0.0,10.012005805969238,14.177438735961914,9.160531044006348,0.647513747215271,0.8058044910430908,88.98246002197266,5072.0,10.210525512695312,582.0,0.0,0.0,0.8070175647735596,46.0,0.0,0.0,12.46509075164795,17.414487838745117,11.429768562316895,0.46843600273132324,0.6886751055717468,83.21052551269531,4743.0,15.456140518188477,881.0,0.0,0.0,1.3333333730697632,76.0,0.0,0.0,13.944488525390625,19.171607971191406,12.812575340270996,0.35569071769714355,0.6059833765029907,78.92982482910156,4499.0,19.421052932739258,1107.0,0.0,0.0,1.6491228342056274,94.0,0.0,0.0,0.3191649615764618,0.6145402789115906,0.066294826567173,0.13813236355781555,0.11920291930437088,0.9769265651702881,0.8917009830474854,0.5,0.2719298303127289,0.25219297409057617,0.2399122714996338,0.23596492409706116
9,0.22875578318130663,10.488870620727539,15.355963706970215,9.612967491149902,0.5864191055297852,0.7680186629295349,87.35526275634766,19917.0,11.627192497253418,2651.0,0.0,0.0,1.017543911933899,232.0,0.0,0.0,5.49720573425293,7.821318626403809,5.052008628845215,0.8925654888153076,0.9448814988136292,98.1754379272461,5596.0,1.561403512954712,89.0,0.0,0.0,0.2631579041481018,15.0,0.0,0.0,9.996040344238281,14.1932373046875,9.13882064819336,0.6467276811599731,0.8054303526878357,89.12281036376953,5080.0,10.070176124572754,574.0,0.0,0.0,0.8070175647735596,46.0,0.0,0.0,12.465435981750488,17.513086318969727,11.419189453125,0.46239978075027466,0.6851014494895935,83.21052551269531,4743.0,15.438596725463867,880.0,0.0,0.0,1.3508771657943726,77.0,0.0,0.0,13.996798515319824,19.336318969726562,12.841853141784668,0.34457212686538696,0.5986565947532654,78.91228485107422,4498.0,19.438596725463867,1108.0,0.0,0.0,1.6491228342056274,94.0,0.0,0.0,0.37545648217201233,0.5575668811798096,0.0669766291975975,0.1522926688194275,0.11920291930437088,0.9755528569221497,0.8888290524482727,0.5714285714285714,0.2631579041481018,0.2477443516254425,0.2432330846786499,0.24586467444896698
10,0.22651476058762943,10.568022727966309,15.427092552185059,9.694317817687988,0.5825787782669067,0.7655693888664246,87.10964965820312,19861.0,11.820175170898438,2695.0,0.0,0.0,1.0701754093170166,244.0,0.0,0.0,5.493342399597168,7.783327102661133,5.046167373657227,0.8936066627502441,0.9454798698425293,98.24561309814453,5600.0,1.4912279844284058,85.0,0.0,0.0,0.2631579041481018,15.0,0.0,0.0,10.076055526733398,14.245244979858398,9.21806812286377,0.644133985042572,0.8039149641990662,89.07017517089844,5077.0,10.122807502746582,577.0,0.0,0.0,0.8070175647735596,46.0,0.0,0.0,12.595734596252441,17.635698318481445,11.554591178894043,0.45484572649002075,0.6794630289077759,82.63157653808594,4710.0,15.894736289978027,906.0,0.0,0.0,1.4736841917037964,84.0,0.0,0.0,14.106964111328125,19.4282169342041,12.958444595336914,0.33832740783691406,0.5933989882469177,78.49122619628906,4474.0,19.771928787231445,1127.0,0.0,0.0,1.736842155456543,99.0,0.0,0.0,0.3119830787181854,0.5984387993812561,0.08957815915346146,0.17074686288833618,0.11920291930437088,0.9788702130317688,0.8958104848861694,0.6428571428571429,0.25438597798347473,0.24329572916030884,0.24655388295650482,0.2557644248008728
11,0.22427944645224349,10.609519004821777,15.498132705688477,9.704998970031738,0.5787255764007568,0.7628329992294312,86.95613861083984,19826.0,11.986842155456543,2733.0,0.0,0.0,1.05701744556427,241.0,0.0,0.0,5.461177825927734,7.758206844329834,5.002368450164795,0.8942922949790955,0.945766031742096,98.21052551269531,5598.0,1.561403512954712,89.0,0.0,0.0,0.22807016968727112,13.0,0.0,0.0,10.106046676635742,14.277297973632812,9.2250394821167,0.6425307989120483,0.8026318550109863,88.8245620727539,5063.0,10.368420600891113,591.0,0.0,0.0,0.8070175647735596,46.0,0.0,0.0,12.652628898620605,17.730403900146484,11.570646286010742,0.4489749073982239,0.6748858094215393,82.36842346191406,4695.0,16.210525512695312,924.0,0.0,0.0,1.4210525751113892,81.0,0.0,0.0,14.218219757080078,19.554288864135742,13.021940231323242,0.32971227169036865,0.585610032081604,78.42105102539062,4470.0,19.807016372680664,1129.0,0.0,0.0,1.7719298601150513,101.0,0.0,0.0,0.28614380955696106,0.6341608166694641,0.07969541102647781,0.17609702050685883,0.11920291930437088,0.9819214344024658,0.8770062923431396,0.7142857142857143,0.24561403691768646,0.23884710669517517,0.24987469613552094,0.26566416025161743
12,0.22288726082587024,10.674386978149414,15.602561950683594,9.769913673400879,0.5730292201042175,0.759808361530304,86.84648895263672,19801.0,12.061403274536133,2750.0,0.0,0.0,1.0921052694320679,249.0,0.0,0.0,5.516408443450928,7.823484897613525,5.053691387176514,0.892505943775177,0.9449002742767334,98.19298553466797,5597.0,1.561403512954712,89.0,0.0,0.0,0.24561402201652527,14.0,0.0,0.0,10.142803192138672,14.337947845458984,9.268625259399414,0.6394872665405273,0.8011763095855713,88.9473648071289,5070.0,10.210525512695312,582.0,0.0,0.0,0.8421052098274231,48.0,0.0,0.0,12.728132247924805,17.82868766784668,11.65166187286377,0.4428490996360779,0.6717830300331116,82.01753997802734,4675.0,16.473684310913086,939.0,0.0,0.0,1.5087718963623047,86.0,0.0,0.0,14.31020450592041,19.72597312927246,13.105676651000977,0.317890465259552,0.5790318250656128,78.22806549072266,4459.0,20.0,1140.0,0.0,0.0,1.7719298601150513,101.0,0.0,0.0,0.278421014547348,0.6409521698951721,0.08062674850225449,0.17891620099544525,0.11920291930437088,0.9826731085777283,0.8874976634979248,0.7857142857142857,0.23684212565422058,0.2343984991312027,0.25319552421569824,0.27556392550468445
13,0.2178788975686829,10.750079154968262,15.716560363769531,9.84225845336914,0.566767156124115,0.7556697726249695,86.58772277832031,19742.0,12.298245429992676,2804.0,0.0,0.0,1.1140351295471191,254.0,0.0,0.0,5.509364128112793,7.801546573638916,5.054009437561035,0.8931079506874084,0.9451844096183777,98.19298553466797,5597.0,1.561403512954712,89.0,0.0,0.0,0.24561402201652527,14.0,0.0,0.0,10.182826042175293,14.370002746582031,9.299944877624512,0.6378735303878784,0.8000394701957703,88.80701446533203,5062.0,10.350876808166504,590.0,0.0,0.0,0.8421052098274231,48.0,0.0,0.0,12.825124740600586,17.951112747192383,11.740059852600098,0.4351711869239807,0.6660894155502319,81.64912414550781,4654.0,16.824562072753906,959.0,0.0,0.0,1.5263158082962036,87.0,0.0,0.0,14.483001708984375,19.96090316772461,13.275018692016602,0.30154627561569214,0.566497802734375,77.70175170898438,4429.0,20.456140518188477,1166.0,0.0,0.0,1.8421051502227783,105.0,0.0,0.0,0.32586032152175903,0.5864450931549072,0.08769465237855911,0.1753537803888321,0.11920291930437088,0.9767457842826843,0.9087766408920288,0.8571428571428571,0.22807016968727112,0.22994986176490784,0.25651630759239197,0.2854636609554291
14,0.2178133971895717,10.781554222106934,15.738849639892578,9.862582206726074,0.5655375123023987,0.754603385925293,86.51753997802734,19726.0,12.359648704528809,2818.0,0.0,0.0,1.1228070259094238,256.0,0.0,0.0,5.506603240966797,7.781851768493652,5.044270038604736,0.8936469554901123,0.945396900177002,98.29824829101562,5603.0,1.456140398979187,83.0,0.0,0.0,0.24561402201652527,14.0,0.0,0.0,10.185778617858887,14.350607872009277,9.295549392700195,0.6388503313064575,0.8003621697425842,88.77192687988281,5060.0,10.385964393615723,592.0,0.0,0.0,0.8421052098274231,48.0,0.0,0.0,12.856955528259277,17.969663619995117,11.759553909301758,0.4340031147003174,0.6647939682006836,81.49122619628906,4645.0,16.96491241455078,967.0,0.0,0.0,1.5438597202301025,88.0,0.0,0.0,14.57687759399414,20.035959243774414,13.35095500946045,0.2962838411331177,0.5613676309585571,77.50877380371094,4418.0,20.63157844543457,1176.0,0.0,0.0,1.8596490621566772,106.0,0.0,0.0,0.2995242178440094,0.6024244427680969,0.09805145114660263,0.17770244181156158,0.11920291930437088,0.9776701927185059,0.8989056944847107,0.9285714285714286,0.21929824352264404,0.22550123929977417,0.2598370909690857,0.2953633964061737
15,0.21351803822690343,10.856221199035645,15.84548282623291,9.956974983215332,0.5596304535865784,0.7511060833930969,86.3026351928711,19677.0,12.5,2850.0,0.0,0.0,1.1973685026168823,273.0,0.0,0.0,5.532228469848633,7.833298683166504,5.074631214141846,0.8922361135482788,0.9446972012519836,98.15789794921875,5595.0,1.561403512954712,89.0,0.0,0.0,0.28070175647735596,16.0,0.0,0.0,10.256890296936035,14.44202995300293,9.37903118133545,0.6342341899871826,0.7977617383003235,88.77192687988281,5060.0,10.368420600891113,591.0,0.0,0.0,0.859649121761322,49.0,0.0,0.0,12.954830169677734,18.09591293334961,11.878113746643066,0.4260222315788269,0.6596174240112305,81.07017517089844,4621.0,17.26315689086914,984.0,0.0,0.0,1.6666667461395264,95.0,0.0,0.0,14.68093490600586,20.172317504882812,13.496123313903809,0.2866727113723755,0.555261492729187,77.21052551269531,4401.0,20.807018280029297,1186.0,0.0,0.0,1.982456088066101,113.0,0.0,0.0,0.3188958764076233,0.5760531425476074,0.10505106300115585,0.17820589244365692,0.11920291930437088,0.9775865077972412,0.9068067669868469,1.0,0.21052631735801697,0.2210526168346405,0.2631579041481018,0.3052631616592407
16,0.20614709723220317,10.937084197998047,15.990585327148438,10.019365310668945,0.5515283346176147,0.7458850145339966,86.0526351928711,19620.0,12.736842155456543,2904.0,0.0,0.0,1.2105262279510498,276.0,0.0,0.0,5.547133922576904,7.866321563720703,5.084186553955078,0.8913255929946899,0.9441770911216736,98.01753997802734,5587.0,1.7017543315887451,97.0,0.0,0.0,0.28070175647735596,16.0,0.0,0.0,10.318565368652344,14.563085556030273,9.424213409423828,0.6280766725540161,0.7938013076782227,88.50877380371094,5045.0,10.614035606384277,605.0,0.0,0.0,0.8771929740905762,50.0,0.0,0.0,13.100129127502441,18.28688621520996,11.999954223632812,0.41384345293045044,0.6511416435241699,80.80702209472656,4606.0,17.473684310913086,996.0,0.0,0.0,1.719298243522644,98.0,0.0,0.0,14.78250789642334,20.357372283935547,13.56910514831543,0.2735248804092407,0.5460863709449768,76.877197265625,4382.0,21.157894134521484,1206.0,0.0,0.0,1.9649121761322021,112.0,0.0,0.0,0.32005617022514343,0.5613560080528259,0.1185879111289978,0.17884157598018646,0.11920291930437088,0.9771663546562195,0.9175397157669067,1.0,0.21052631735801697,0.2210526168346405,0.2631579041481018,0.3052631616592407
step,fold5/test_loss,fold5/test_mae,fold5/test_rmse,fold5/test_mard,fold5/test_r2,fold5/test_pearson,fold5/test_ega_zone_a_pct,fold5/test_ega_zone_a_count,fold5/test_ega_zone_b_pct,fold5/test_ega_zone_b_count,fold5/test_ega_zone_c_pct,fold5/test_ega_zone_c_count,fold5/test_ega_zone_d_pct,fold5/test_ega_zone_d_count,fold5/test_ega_zone_e_pct,fold5/test_ega_zone_e_count,fold5/test_horizon_15_mae,fold5/test_horizon_15_rmse,fold5/test_horizon_15_mard,fold5/test_horizon_15_r2,fold5/test_horizon_15_pearson,fold5/test_horizon_15_ega_zone_a_pct,fold5/test_horizon_15_ega_zone_a_count,fold5/test_horizon_15_ega_zone_b_pct,fold5/test_horizon_15_ega_zone_b_count,fold5/test_horizon_15_ega_zone_c_pct,fold5/test_horizon_15_ega_zone_c_count,fold5/test_horizon_15_ega_zone_d_pct,fold5/test_horizon_15_ega_zone_d_count,fold5/test_horizon_15_ega_zone_e_pct,fold5/test_horizon_15_ega_zone_e_count,fold5/test_horizon_30_mae,fold5/test_horizon_30_rmse,fold5/test_horizon_30_mard,fold5/test_horizon_30_r2,fold5/test_horizon_30_pearson,fold5/test_horizon_30_ega_zone_a_pct,fold5/test_horizon_30_ega_zone_a_count,fold5/test_horizon_30_ega_zone_b_pct,fold5/test_horizon_30_ega_zone_b_count,fold5/test_horizon_30_ega_zone_c_pct,fold5/test_horizon_30_ega_zone_c_count,fold5/test_horizon_30_ega_zone_d_pct,fold5/test_horizon_30_ega_zone_d_count,fold5/test_horizon_30_ega_zone_e_pct,fold5/test_horizon_30_ega_zone_e_count,fold5/test_horizon_45_mae,fold5/test_horizon_45_rmse,fold5/test_horizon_45_mard,fold5/test_horizon_45_r2,fold5/test_horizon_45_pearson,fold5/test_horizon_45_ega_zone_a_pct,fold5/test_horizon_45_ega_zone_a_count,fold5/test_horizon_45_ega_zone_b_pct,fold5/test_horizon_45_ega_zone_b_count,fold5/test_horizon_45_ega_zone_c_pct,fold5/test_horizon_45_ega_zone_c_count,fold5/test_horizon_45_ega_zone_d_pct,fold5/test_horizon_45_ega_zone_d_count,fold5/test_horizon_45_ega_zone_e_pct,fold5/test_horizon_45_ega_zone_e_count,fold5/test_horizon_60_mae,fold5/test_horizon_60_rmse,fold5/test_horizon_60_mard,fold5/test_horizon_60_r2,fold5/test_horizon_60_pearson,fold5/test_horizon_60_ega_zone_a_pct,fold5/test_horizon_60_ega_zone_a_count,fold5/test_horizon_60_ega_zone_b_pct,fold5/test_horizon_60_ega_zone_b_count,fold5/test_horizon_60_ega_zone_c_pct,fold5/test_horizon_60_ega_zone_c_count,fold5/test_horizon_60_ega_zone_d_pct,fold5/test_horizon_60_ega_zone_d_count,fold5/test_horizon_60_ega_zone_e_pct,fold5/test_horizon_60_ega_zone_e_count
0,0.1749099013580343,7.9905290603637695,11.225014686584473,7.720114231109619,0.4510558247566223,0.6987619400024414,93.20565795898438,8176.0,6.7829461097717285,595.0,0.0,0.0,0.011399908922612667,1.0,0.0,0.0,4.331833362579346,5.960163116455078,4.137988090515137,0.8440012335777283,0.9226536750793457,99.45280456542969,2181.0,0.5471956729888916,12.0,0.0,0.0,0.0,0.0,0.0,0.0,7.507734298706055,10.3153657913208,7.218865871429443,0.5386740565299988,0.7522304654121399,95.44003295898438,2093.0,4.559963703155518,100.0,0.0,0.0,0.0,0.0,0.0,0.0,9.442473411560059,12.723362922668457,9.125419616699219,0.2980235815048218,0.5924468040466309,91.10807037353516,1998.0,8.891928672790527,195.0,0.0,0.0,0.0,0.0,0.0,0.0,10.680073738098145,14.148833274841309,10.398181915283203,0.12630140781402588,0.4666871130466461,86.82170867919922,1904.0,13.132694244384766,288.0,0.0,0.0,0.04559963569045067,1.0,0.0,0.0
step,fold6/train_loss,fold6/val_mae,fold6/val_rmse,fold6/val_mard,fold6/val_r2,fold6/val_pearson,fold6/val_ega_zone_a_pct,fold6/val_ega_zone_a_count,fold6/val_ega_zone_b_pct,fold6/val_ega_zone_b_count,fold6/val_ega_zone_c_pct,fold6/val_ega_zone_c_count,fold6/val_ega_zone_d_pct,fold6/val_ega_zone_d_count,fold6/val_ega_zone_e_pct,fold6/val_ega_zone_e_count,fold6/val_horizon_15_mae,fold6/val_horizon_15_rmse,fold6/val_horizon_15_mard,fold6/val_horizon_15_r2,fold6/val_horizon_15_pearson,fold6/val_horizon_15_ega_zone_a_pct,fold6/val_horizon_15_ega_zone_a_count,fold6/val_horizon_15_ega_zone_b_pct,fold6/val_horizon_15_ega_zone_b_count,fold6/val_horizon_15_ega_zone_c_pct,fold6/val_horizon_15_ega_zone_c_count,fold6/val_horizon_15_ega_zone_d_pct,fold6/val_horizon_15_ega_zone_d_count,fold6/val_horizon_15_ega_zone_e_pct,fold6/val_horizon_15_ega_zone_e_count,fold6/val_horizon_30_mae,fold6/val_horizon_30_rmse,fold6/val_horizon_30_mard,fold6/val_horizon_30_r2,fold6/val_horizon_30_pearson,fold6/val_horizon_30_ega_zone_a_pct,fold6/val_horizon_30_ega_zone_a_count,fold6/val_horizon_30_ega_zone_b_pct,fold6/val_horizon_30_ega_zone_b_count,fold6/val_horizon_30_ega_zone_c_pct,fold6/val_horizon_30_ega_zone_c_count,fold6/val_horizon_30_ega_zone_d_pct,fold6/val_horizon_30_ega_zone_d_count,fold6/val_horizon_30_ega_zone_e_pct,fold6/val_horizon_30_ega_zone_e_count,fold6/val_horizon_45_mae,fold6/val_horizon_45_rmse,fold6/val_horizon_45_mard,fold6/val_horizon_45_r2,fold6/val_horizon_45_pearson,fold6/val_horizon_45_ega_zone_a_pct,fold6/val_horizon_45_ega_zone_a_count,fold6/val_horizon_45_ega_zone_b_pct,fold6/val_horizon_45_ega_zone_b_count,fold6/val_horizon_45_ega_zone_c_pct,fold6/val_horizon_45_ega_zone_c_count,fold6/val_horizon_45_ega_zone_d_pct,fold6/val_horizon_45_ega_zone_d_count,fold6/val_horizon_45_ega_zone_e_pct,fold6/val_horizon_45_ega_zone_e_count,fold6/val_horizon_60_mae,fold6/val_horizon_60_rmse,fold6/val_horizon_60_mard,fold6/val_horizon_60_r2,fold6/val_horizon_60_pearson,fold6/val_horizon_60_ega_zone_a_pct,fold6/val_horizon_60_ega_zone_a_count,fold6/val_horizon_60_ega_zone_b_pct,fold6/val_horizon_60_ega_zone_b_count,fold6/val_horizon_60_ega_zone_c_pct,fold6/val_horizon_60_ega_zone_c_count,fold6/val_horizon_60_ega_zone_d_pct,fold6/val_horizon_60_ega_zone_d_count,fold6/val_horizon_60_ega_zone_e_pct,fold6/val_horizon_60_ega_zone_e_count,fold6/diag_fusion_gate_cgm,fold6/diag_fusion_gate_cgm_guided,fold6/diag_fusion_gate_physio,fold6/diag_horizon_query_similarity,fold6/diag_horizon_progressive_gate,fold6/diag_horizon_attention_similarity,fold6/diag_horizon_attention_entropy,fold6/diag_horizon_curriculum_progress,fold6/diag_loss_horizon_weight_0,fold6/diag_loss_horizon_weight_1,fold6/diag_loss_horizon_weight_2,fold6/diag_loss_horizon_weight_3
1,0.2626221414518012,11.694992065429688,19.029996871948242,11.156620025634766,0.40874528884887695,0.6823445558547974,83.76934814453125,17099.0,14.87850284576416,3037.0,0.004899078980088234,1.0,1.3423476219177246,274.0,0.004899078980088234,1.0,6.522636890411377,10.196194648742676,6.152932167053223,0.8312894105911255,0.9131408929824829,94.92455291748047,4844.0,4.644326686859131,237.0,0.0,0.0,0.4311189651489258,22.0,0.0,0.0,10.798543930053711,16.978134155273438,10.199585914611816,0.5299134254455566,0.7486217617988586,85.26356506347656,4351.0,13.501861572265625,689.0,0.0,0.0,1.2345678806304932,63.0,0.0,0.0,13.70639705657959,21.437885284423828,13.067611694335938,0.24767112731933594,0.5906074643135071,79.36508178710938,4050.0,18.930042266845703,966.0,0.0,0.0,1.7048795223236084,87.0,0.0,0.0,15.752387046813965,24.428686141967773,15.206355094909668,0.02116835117340088,0.4558979570865631,75.52420043945312,3854.0,22.437780380249023,1145.0,0.019596315920352936,1.0,1.9988242387771606,102.0,0.019596315920352936,1.0,0.3866167962551117,0.17314516007900238,0.44023802876472473,0.05213853344321251,0.11920291930437088,0.9999421238899231,0.9999691247940063,0.0,0.3333333432674408,0.28333333134651184,0.21666665375232697,0.1666666716337204
2,0.25799745127264934,11.64185905456543,18.83327865600586,11.16755199432373,0.4209060072898865,0.6803992390632629,83.8526382446289,17116.0,14.741328239440918,3009.0,0.004899078980088234,1.0,1.4011366367340088,286.0,0.0,0.0,6.554166793823242,10.166499137878418,6.207748889923096,0.8322706818580627,0.913213849067688,94.86576080322266,4841.0,4.605134010314941,235.0,0.0,0.0,0.5291005373001099,27.0,0.0,0.0,10.835956573486328,16.913240432739258,10.301220893859863,0.533500075340271,0.7449787259101868,85.18518829345703,4347.0,13.560650825500488,692.0,0.0,0.0,1.254164218902588,64.0,0.0,0.0,13.608643531799316,21.18538475036621,13.059237480163574,0.26528894901275635,0.5842747688293457,79.60023498535156,4062.0,18.675289154052734,953.0,0.0,0.0,1.7244758605957031,88.0,0.0,0.0,15.568669319152832,24.09426498413086,15.10200309753418,0.04778486490249634,0.44882312417030334,75.75935363769531,3866.0,22.12424087524414,1129.0,0.019596315920352936,1.0,2.0968058109283447,107.0,0.0,0.0,0.20843498408794403,0.07187194377183914,0.719693124294281,0.06985484808683395,0.11920291930437088,0.9990014433860779,0.9972504377365112,0.07142857142857142,0.3245614171028137,0.2788847088813782,0.21998745203018188,0.17656642198562622
3,0.25681487304052525,11.774765014648438,18.80467414855957,11.355010032653809,0.4226638078689575,0.6794124245643616,83.76934814453125,17099.0,14.780521392822266,3017.0,0.004899078980088234,1.0,1.4452283382415771,295.0,0.0,0.0,6.621283054351807,10.130025863647461,6.297195911407471,0.8334720134735107,0.914029598236084,95.04212951660156,4850.0,4.409171104431152,225.0,0.0,0.0,0.5486968159675598,28.0,0.0,0.0,11.008488655090332,16.91362953186035,10.524035453796387,0.5334785580635071,0.7442885041236877,85.30276489257812,4353.0,13.423477172851562,685.0,0.0,0.0,1.2737605571746826,65.0,0.0,0.0,13.792398452758789,21.161935806274414,13.317550659179688,0.2669144868850708,0.5816733837127686,79.32588195800781,4048.0,18.871252059936523,963.0,0.0,0.0,1.8028610944747925,92.0,0.0,0.0,15.676887512207031,24.040529251098633,15.281258583068848,0.05202728509902954,0.44389772415161133,75.40662384033203,3848.0,22.41818618774414,1144.0,0.019596315920352936,1.0,2.155594825744629,110.0,0.0,0.0,0.23007802665233612,0.05610813573002815,0.7138139009475708,0.08381982892751694,0.11920291930437088,0.9879998564720154,0.9474635720252991,0.14285714285714285,0.31578949093818665,0.2744360864162445,0.223308265209198,0.18646617233753204
4,0.2539370434023127,11.720588684082031,18.789844512939453,11.315141677856445,0.42357397079467773,0.6809329986572266,83.75465393066406,17096.0,14.77562141418457,3016.0,0.004899078980088234,1.0,1.4550265073776245,297.0,0.009798157960176468,2.0,6.472049236297607,9.958504676818848,6.1507792472839355,0.8390635251998901,0.9169049263000488,95.17930603027344,4857.0,4.2524003982543945,217.0,0.0,0.0,0.5682931542396545,29.0,0.0,0.0,10.986846923828125,16.85204315185547,10.519669532775879,0.5368698835372925,0.7466505169868469,85.0676040649414,4341.0,13.639036178588867,696.0,0.0,0.0,1.2933567762374878,66.0,0.0,0.0,13.749602317810059,21.152498245239258,13.287679672241211,0.2675682306289673,0.5829935073852539,79.4042739868164,4052.0,18.773271560668945,958.0,0.0,0.0,1.8224574327468872,93.0,0.0,0.0,15.673860549926758,24.117250442504883,15.302437782287598,0.04596710205078125,0.4452414810657501,75.367431640625,3846.0,22.437780380249023,1145.0,0.019596315920352936,1.0,2.135998487472534,109.0,0.03919263184070587,2.0,0.20296527445316315,0.08387669920921326,0.7131580114364624,0.10637219995260239,0.11920291930437088,0.9972519874572754,0.9036625623703003,0.21428571428571427,0.30701756477355957,0.26998746395111084,0.22662906348705292,0.19636592268943787
5,0.2508674388416526,11.40733528137207,18.423786163330078,10.984936714172363,0.4458147883415222,0.6892892122268677,84.42582702636719,17233.0,14.143641471862793,2887.0,0.0,0.0,1.4305310249328613,292.0,0.0,0.0,6.069550037384033,9.480403900146484,5.7485032081604,0.8541455268859863,0.924405574798584,95.92396545410156,4895.0,3.6253185272216797,185.0,0.0,0.0,0.4507152736186981,23.0,0.0,0.0,10.662415504455566,16.513660430908203,10.169262886047363,0.5552820563316345,0.7541508078575134,85.63590240478516,4370.0,13.0707426071167,667.0,0.0,0.0,1.2933567762374878,66.0,0.0,0.0,13.495471000671387,20.822710037231445,13.013577461242676,0.2902289032936096,0.5876241326332092,80.03135681152344,4084.0,18.16578483581543,927.0,0.0,0.0,1.8028610944747925,92.0,0.0,0.0,15.40190315246582,23.69766616821289,15.008403778076172,0.07887434959411621,0.4484609067440033,76.11209106445312,3884.0,21.712717056274414,1108.0,0.0,0.0,2.1751909255981445,111.0,0.0,0.0,0.24173274636268616,0.11190447211265564,0.6463629007339478,0.14906008541584015,0.11920291930437088,0.9978294968605042,0.8399683237075806,0.2857142857142857,0.2982456088066101,0.2655388414859772,0.22994986176490784,0.2062656730413437
6,0.24051182181742561,11.30517864227295,18.205251693725586,10.88961410522461,0.4588838219642639,0.6976553797721863,84.6756820678711,17284.0,13.883990287780762,2834.0,0.0,0.0,1.4403291940689087,294.0,0.0,0.0,5.854634761810303,8.946186065673828,5.583016395568848,0.870120108127594,0.9332857728004456,96.57064819335938,4928.0,2.9590437412261963,151.0,0.0,0.0,0.47031158208847046,24.0,0.0,0.0,10.544417381286621,16.201541900634766,10.060853004455566,0.5719341039657593,0.7646293044090271,86.2433853149414,4401.0,12.4632568359375,636.0,0.0,0.0,1.2933567762374878,66.0,0.0,0.0,13.45553207397461,20.670814514160156,12.957033157348633,0.30054622888565063,0.5942853689193726,79.9921646118164,4082.0,18.185380935668945,928.0,0.0,0.0,1.8224574327468872,93.0,0.0,0.0,15.36612319946289,23.577909469604492,14.957555770874023,0.08816063404083252,0.45285502076148987,75.89653015136719,3873.0,21.92827796936035,1119.0,0.0,0.0,2.1751909255981445,111.0,0.0,0.0,0.17991852760314941,0.1965746283531189,0.6235068440437317,0.18023495376110077,0.11920291930437088,0.9959335327148438,0.8140802383422852,0.35714285714285715,0.28947368264198303,0.2610902190208435,0.23327067494392395,0.2161654233932495
7,0.23645475878511674,11.137556076049805,17.992773056030273,10.734500885009766,0.4714411497116089,0.7050207257270813,84.91083526611328,17332.0,13.639036178588867,2784.0,0.0,0.0,1.450127363204956,296.0,0.0,0.0,5.618825435638428,8.540331840515137,5.382565975189209,0.8816370964050293,0.9395343661308289,96.88418579101562,4944.0,2.6455025672912598,135.0,0.0,0.0,0.47031158208847046,24.0,0.0,0.0,10.388031959533691,15.918877601623535,9.928013801574707,0.5867404937744141,0.7738423943519592,86.61571502685547,4420.0,12.090926170349121,617.0,0.0,0.0,1.2933567762374878,66.0,0.0,0.0,13.311860084533691,20.494028091430664,12.812553405761719,0.31245923042297363,0.600334644317627,80.07054901123047,4086.0,18.16578483581543,927.0,0.0,0.0,1.763668417930603,90.0,0.0,0.0,15.231507301330566,23.422346115112305,14.81486701965332,0.10015326738357544,0.4559587240219116,76.0728988647461,3882.0,21.653928756713867,1105.0,0.0,0.0,2.273172616958618,116.0,0.0,0.0,0.18782000243663788,0.2989133298397064,0.5132666826248169,0.2029089480638504,0.11920291930437088,0.9947247505187988,0.8067510724067688,0.42857142857142855,0.28070175647735596,0.25664159655570984,0.23659147322177887,0.22606515884399414
8,0.2334700081742487,11.0706787109375,17.919048309326172,10.653377532958984,0.475763738155365,0.7067615389823914,84.7491683959961,17299.0,13.805603981018066,2818.0,0.0,0.0,1.4452283382415771,295.0,0.0,0.0,5.505037784576416,8.359992980957031,5.275752067565918,0.8865830302238464,0.9420624375343323,96.98217010498047,4949.0,2.625906229019165,134.0,0.0,0.0,0.3919263482093811,20.0,0.0,0.0,10.297593116760254,15.83460807800293,9.826995849609375,0.59110426902771,0.7757138609886169,86.47854614257812,4413.0,12.228100776672363,624.0,0.0,0.0,1.2933567762374878,66.0,0.0,0.0,13.26852035522461,20.45580291748047,12.740631103515625,0.3150216341018677,0.60036301612854,79.95296478271484,4080.0,18.263765335083008,932.0,0.0,0.0,1.7832647562026978,91.0,0.0,0.0,15.211562156677246,23.351764678955078,14.770134925842285,0.1055682897567749,0.4563169777393341,75.58299255371094,3857.0,22.104644775390625,1128.0,0.0,0.0,2.3123652935028076,118.0,0.0,0.0,0.18730364739894867,0.35439977049827576,0.45829659700393677,0.2145790457725525,0.11920291930437088,0.9921360611915588,0.7794492840766907,0.5,0.2719298303127289,0.25219297409057617,0.2399122714996338,0.23596492409706116
9,0.23151626304830397,11.041096687316895,17.934711456298828,10.617307662963867,0.47484683990478516,0.7067528367042542,84.89124298095703,17328.0,13.688026428222656,2794.0,0.0,0.0,1.4109346866607666,288.0,0.009798157960176468,2.0,5.440298080444336,8.267816543579102,5.208304405212402,0.8890702724456787,0.9433679580688477,97.3153076171875,4966.0,2.3123652935028076,118.0,0.0,0.0,0.3723300099372864,19.0,0.0,0.0,10.24940013885498,15.805875778198242,9.76977825164795,0.5925868153572083,0.777002215385437,86.5373306274414,4416.0,12.1693115234375,621.0,0.0,0.0,1.2933567762374878,66.0,0.0,0.0,13.269679069519043,20.49970054626465,12.732842445373535,0.3120785355567932,0.5999288558959961,79.83538818359375,4074.0,18.40093994140625,939.0,0.0,0.0,1.763668417930603,90.0,0.0,0.0,15.20500659942627,23.41357421875,14.75830364227295,0.10082709789276123,0.454791784286499,75.8769302368164,3872.0,21.869487762451172,1116.0,0.0,0.0,2.214383602142334,113.0,0.03919263184070587,2.0,0.15966181457042694,0.4150876998901367,0.4252505600452423,0.22426064312458038,0.11920291930437088,0.9916965961456299,0.7585580348968506,0.5714285714285714,0.2631579041481018,0.2477443516254425,0.2432330846786499,0.24586467444896698
10,0.23423208167444512,10.96924877166748,17.853965759277344,10.567386627197266,0.47956496477127075,0.7071586847305298,85.00881958007812,17352.0,13.516558647155762,2759.0,0.0,0.0,1.4746227264404297,301.0,0.0,0.0,5.381451606750488,8.139453887939453,5.159786701202393,0.8924880623817444,0.945081889629364,97.39369201660156,4970.0,2.2339799404144287,114.0,0.0,0.0,0.3723300099372864,19.0,0.0,0.0,10.180325508117676,15.673216819763184,9.725462913513184,0.5993970036506653,0.7795177102088928,86.90966033935547,4435.0,11.796981811523438,602.0,0.0,0.0,1.2933567762374878,66.0,0.0,0.0,13.180950164794922,20.404090881347656,12.672564506530762,0.3184804320335388,0.5989186763763428,80.16852569580078,4091.0,17.950225830078125,916.0,0.0,0.0,1.8812463283538818,96.0,0.0,0.0,15.134264945983887,23.38437271118164,14.711730003356934,0.10306864976882935,0.44667941331863403,75.56339263916016,3856.0,22.08504867553711,1127.0,0.0,0.0,2.351557731628418,120.0,0.0,0.0,0.18257103860378265,0.3407348394393921,0.47669413685798645,0.2287091761827469,0.11920291930437088,0.9920856356620789,0.7541711330413818,0.6428571428571429,0.25438597798347473,0.24329572916030884,0.24655388295650482,0.2557644248008728
11,0.2313262535018798,10.93524169921875,17.7711181640625,10.537487030029297,0.48438364267349243,0.709342360496521,85.08720397949219,17368.0,13.423477172851562,2740.0,0.0,0.0,1.4893200397491455,304.0,0.0,0.0,5.346446990966797,8.07375431060791,5.1422929763793945,0.8942166566848755,0.9460268616676331,97.45247650146484,4973.0,2.1751909255981445,111.0,0.0,0.0,0.3723300099372864,19.0,0.0,0.0,10.165460586547852,15.612164497375488,9.722908020019531,0.6025118827819824,0.781161367893219,86.98804473876953,4439.0,11.73819351196289,599.0,0.0,0.0,1.2737605571746826,65.0,0.0,0.0,13.176088333129883,20.333574295043945,12.667545318603516,0.32318294048309326,0.599844753742218,80.2273178100586,4094.0,17.852243423461914,911.0,0.0,0.0,1.9204388856887817,98.0,0.0,0.0,15.052970886230469,23.256633758544922,14.617207527160645,0.11284101009368896,0.4496847093105316,75.68096923828125,3862.0,21.92827796936035,1119.0,0.0,0.0,2.3907504081726074,122.0,0.0,0.0,0.17769360542297363,0.3153001368045807,0.5070062875747681,0.2268064171075821,0.11920291930437088,0.9893731474876404,0.7417336106300354,0.7142857142857143,0.24561403691768646,0.23884710669517517,0.24987469613552094,0.26566416025161743
12,0.2267110668575068,10.910873413085938,17.800491333007812,10.510058403015137,0.482677698135376,0.7081716656684875,85.07250213623047,17365.0,13.452871322631836,2746.0,0.0,0.0,1.4746227264404297,301.0,0.0,0.0,5.317008018493652,8.085695266723633,5.110559940338135,0.8939035534858704,0.9457269310951233,97.45247650146484,4973.0,2.1947872638702393,112.0,0.0,0.0,0.35273367166519165,18.0,0.0,0.0,10.12929630279541,15.651039123535156,9.681853294372559,0.6005299091339111,0.7794294953346252,87.08602905273438,4444.0,11.581422805786133,591.0,0.0,0.0,1.3325494527816772,68.0,0.0,0.0,13.153416633605957,20.360225677490234,12.647713661193848,0.3214075565338135,0.5984233021736145,79.7374038696289,4069.0,18.381343841552734,938.0,0.0,0.0,1.8812463283538818,96.0,0.0,0.0,15.043779373168945,23.292871475219727,14.600107192993164,0.11007416248321533,0.4494130611419678,76.01410675048828,3879.0,21.653928756713867,1105.0,0.0,0.0,2.3319613933563232,119.0,0.0,0.0,0.15461620688438416,0.3451685905456543,0.5002152323722839,0.23665350675582886,0.11920291930437088,0.9883744716644287,0.7358473539352417,0.7857142857142857,0.23684212565422058,0.2343984991312027,0.25319552421569824,0.27556392550468445
13,0.22520688028975946,11.007672309875488,17.899667739868164,10.628528594970703,0.47689712047576904,0.7053802609443665,84.8961410522461,17329.0,13.639036178588867,2784.0,0.0,0.0,1.4648246765136719,299.0,0.0,0.0,5.350630760192871,8.102553367614746,5.15234899520874,0.8934606313705444,0.9455850124359131,97.57005310058594,4979.0,2.07720947265625,106.0,0.0,0.0,0.35273367166519165,18.0,0.0,0.0,10.21303939819336,15.748458862304688,9.791666984558105,0.5955414175987244,0.7771098613739014,86.77249145507812,4428.0,11.894963264465332,607.0,0.0,0.0,1.3325494527816772,68.0,0.0,0.0,13.280858039855957,20.516313552856445,12.805562019348145,0.31096309423446655,0.5936754941940308,79.67861938476562,4066.0,18.49892234802246,944.0,0.0,0.0,1.8224574327468872,93.0,0.0,0.0,15.186161994934082,23.388200759887695,14.76453685760498,0.102774977684021,0.4461008608341217,75.56339263916016,3856.0,22.08504867553711,1127.0,0.0,0.0,2.351557731628418,120.0,0.0,0.0,0.15742692351341248,0.31788238883018494,0.5246906876564026,0.2344733625650406,0.11920291930437088,0.9894265532493591,0.7429145574569702,0.8571428571428571,0.22807016968727112,0.22994986176490784,0.25651630759239197,0.2854636609554291
14,0.2193014351518364,11.018774032592773,17.966205596923828,10.638965606689453,0.47300082445144653,0.7042239308357239,84.85204315185547,17320.0,13.66843032836914,2790.0,0.0,0.0,1.4746227264404297,301.0,0.004899078980088234,1.0,5.377486228942871,8.158642768859863,5.1739912033081055,0.8919805288314819,0.9448493719100952,97.3544921875,4968.0,2.292768955230713,117.0,0.0,0.0,0.35273367166519165,18.0,0.0,0.0,10.226990699768066,15.822328567504883,9.797898292541504,0.591738224029541,0.7752718329429626,86.79208374023438,4429.0,11.816577911376953,603.0,0.0,0.0,1.3913384675979614,71.0,0.0,0.0,13.27924919128418,20.57368278503418,12.799692153930664,0.307104229927063,0.5928931832313538,79.58064270019531,4061.0,18.557710647583008,947.0,0.0,0.0,1.861649990081787,95.0,0.0,0.0,15.19137191772461,23.472375869750977,14.784282684326172,0.09630513191223145,0.4475535750389099,75.68096923828125,3862.0,22.006662368774414,1123.0,0.0,0.0,2.292768955230713,117.0,0.019596315920352936,1.0,0.15672661364078522,0.33637765049934387,0.5068957805633545,0.23671655356884003,0.11920291930437088,0.9869490265846252,0.7421947717666626,0.9285714285714286,0.21929824352264404,0.22550123929977417,0.2598370909690857,0.2953633964061737
15,0.21351195465196698,11.029623031616211,18.03608512878418,10.60815143585205,0.4688933491706848,0.7006695866584778,84.61199188232422,17271.0,13.92318344116211,2842.0,0.0,0.0,1.4599255323410034,298.0,0.004899078980088234,1.0,5.370583534240723,8.188702583312988,5.1530375480651855,0.891183078289032,0.9442545771598816,97.39369201660156,4970.0,2.2339799404144287,114.0,0.0,0.0,0.3723300099372864,19.0,0.0,0.0,10.22793197631836,15.886449813842773,9.773674964904785,0.5884224772453308,0.7725589275360107,86.47854614257812,4413.0,12.188908576965332,622.0,0.0,0.0,1.3325494527816772,68.0,0.0,0.0,13.296343803405762,20.651935577392578,12.76417064666748,0.30182337760925293,0.5876478552818298,79.26709747314453,4045.0,18.851655960083008,962.0,0.0,0.0,1.8812463283538818,96.0,0.0,0.0,15.223630905151367,23.56406021118164,14.74172306060791,0.08923149108886719,0.43960219621658325,75.30864715576172,3843.0,22.41818618774414,1144.0,0.0,0.0,2.2535762786865234,115.0,0.019596315920352936,1.0,0.17303739488124847,0.34646791219711304,0.4804947078227997,0.23506735265254974,0.11920291930437088,0.9888944029808044,0.7691706418991089,1.0,0.21052631735801697,0.2210526168346405,0.2631579041481018,0.3052631616592407
16,0.20454527214300391,11.192113876342773,18.23724365234375,10.77615737915039,0.45698028802871704,0.6947697401046753,84.34254455566406,17216.0,14.18283462524414,2895.0,0.0,0.0,1.4697237014770508,300.0,0.004899078980088234,1.0,5.4118428230285645,8.233515739440918,5.197070121765137,0.8899888396263123,0.9437601566314697,97.47207641601562,4974.0,2.1751909255981445,111.0,0.0,0.0,0.35273367166519165,18.0,0.0,0.0,10.370009422302246,16.032346725463867,9.922008514404297,0.580828070640564,0.7685515284538269,86.22378540039062,4400.0,12.424064636230469,634.0,0.0,0.0,1.352145791053772,69.0,0.0,0.0,13.527315139770508,20.926349639892578,13.007424354553223,0.28314584493637085,0.5779046416282654,78.95355987548828,4029.0,19.165197372436523,978.0,0.0,0.0,1.8812463283538818,96.0,0.0,0.0,15.459291458129883,23.82539176940918,14.97812271118164,0.06891816854476929,0.43231281638145447,74.72074890136719,3813.0,22.966882705688477,1172.0,0.0,0.0,2.292768955230713,117.0,0.019596315920352936,1.0,0.21289357542991638,0.3577803373336792,0.4293261170387268,0.23326139152050018,0.11920291930437088,0.9847859740257263,0.8029335737228394,1.0,0.21052631735801697,0.2210526168346405,0.2631579041481018,0.3052631616592407
17,0.19820439952810878,11.258574485778809,18.317256927490234,10.845718383789062,0.4522050619125366,0.6931225657463074,84.28865814208984,17205.0,14.236722946166992,2906.0,0.0,0.0,1.4697237014770508,300.0,0.004899078980088234,1.0,5.390614986419678,8.214682579040527,5.174689769744873,0.8904915452003479,0.944056510925293,97.47207641601562,4974.0,2.1751909255981445,111.0,0.0,0.0,0.35273367166519165,18.0,0.0,0.0,10.457138061523438,16.118854522705078,10.012544631958008,0.5762923955917358,0.7666104435920715,85.96903991699219,4387.0,12.698413848876953,648.0,0.0,0.0,1.3325494527816772,68.0,0.0,0.0,13.646384239196777,21.0510311126709,13.139714241027832,0.2745782732963562,0.574820876121521,79.07113647460938,4035.0,19.02802276611328,971.0,0.0,0.0,1.900842547416687,97.0,0.0,0.0,15.540157318115234,23.909059524536133,15.055924415588379,0.062367260456085205,0.430585116147995,74.64236450195312,3809.0,23.04526710510254,1176.0,0.0,0.0,2.292768955230713,117.0,0.019596315920352936,1.0,0.22410708665847778,0.3518810272216797,0.4240119159221649,0.23002870380878448,0.11920291930437088,0.9810426831245422,0.8029345273971558,1.0,0.21052631735801697,0.2210526168346405,0.2631579041481018,0.3052631616592407
18,0.18822351307485477,11.312629699707031,18.388866424560547,10.906907081604004,0.44791358709335327,0.6910160183906555,84.0877914428711,17164.0,14.417989730834961,2943.0,0.0,0.0,1.4942190647125244,305.0,0.0,0.0,5.399160385131836,8.209503173828125,5.188842296600342,0.8906295895576477,0.944046139717102,97.66803741455078,4984.0,1.9596315622329712,100.0,0.0,0.0,0.3723300099372864,19.0,0.0,0.0,10.484831809997559,16.14839744567871,10.051374435424805,0.5747377872467041,0.7657970190048218,85.83186340332031,4380.0,12.796394348144531,653.0,0.0,0.0,1.3717421293258667,70.0,0.0,0.0,13.727313041687012,21.16390037536621,13.223912239074707,0.2667784094810486,0.5714315176010132,78.50283813476562,4006.0,19.655105590820312,1003.0,0.0,0.0,1.8420536518096924,94.0,0.0,0.0,15.639213562011719,24.010915756225586,15.163497924804688,0.05436140298843384,0.42830899357795715,74.34841918945312,3794.0,23.260828018188477,1187.0,0.0,0.0,2.3907504081726074,122.0,0.0,0.0,0.20294280350208282,0.36484387516975403,0.4322133958339691,0.2247665673494339,0.11920291930437088,0.9761137366294861,0.809731125831604,1.0,0.21052631735801697,0.2210526168346405,0.2631579041481018,0.3052631616592407
19,0.17663354211816465,11.408716201782227,18.557329177856445,11.008655548095703,0.4377517104148865,0.685096800327301,83.95061492919922,17136.0,14.515970230102539,2963.0,0.0,0.0,1.5334117412567139,313.0,0.0,0.0,5.420953273773193,8.246232986450195,5.210386753082275,0.8896487355232239,0.9434959292411804,97.55046081542969,4978.0,2.0576131343841553,105.0,0.0,0.0,0.3919263482093811,20.0,0.0,0.0,10.570302963256836,16.294605255126953,10.139259338378906,0.5670022368431091,0.7609004974365234,85.67508697509766,4372.0,12.933568954467773,660.0,0.0,0.0,1.3913384675979614,71.0,0.0,0.0,13.881044387817383,21.402681350708008,13.384407997131348,0.25013989210128784,0.5612821578979492,78.36566925048828,3999.0,19.733489990234375,1007.0,0.0,0.0,1.900842547416687,97.0,0.0,0.0,15.762569427490234,24.205549240112305,15.300561904907227,0.03896850347518921,0.420498251914978,74.21124267578125,3787.0,23.33921241760254,1191.0,0.0,0.0,2.4495394229888916,125.0,0.0,0.0,0.20286180078983307,0.3734607994556427,0.4236774742603302,0.22204850614070892,0.11920291930437088,0.9760198593139648,0.8311134576797485,1.0,0.21052631735801697,0.2210526168346405,0.2631579041481018,0.3052631616592407
step,fold6/test_loss,fold6/test_mae,fold6/test_rmse,fold6/test_mard,fold6/test_r2,fold6/test_pearson,fold6/test_ega_zone_a_pct,fold6/test_ega_zone_a_count,fold6/test_ega_zone_b_pct,fold6/test_ega_zone_b_count,fold6/test_ega_zone_c_pct,fold6/test_ega_zone_c_count,fold6/test_ega_zone_d_pct,fold6/test_ega_zone_d_count,fold6/test_ega_zone_e_pct,fold6/test_ega_zone_e_count,fold6/test_horizon_15_mae,fold6/test_horizon_15_rmse,fold6/test_horizon_15_mard,fold6/test_horizon_15_r2,fold6/test_horizon_15_pearson,fold6/test_horizon_15_ega_zone_a_pct,fold6/test_horizon_15_ega_zone_a_count,fold6/test_horizon_15_ega_zone_b_pct,fold6/test_horizon_15_ega_zone_b_count,fold6/test_horizon_15_ega_zone_c_pct,fold6/test_horizon_15_ega_zone_c_count,fold6/test_horizon_15_ega_zone_d_pct,fold6/test_horizon_15_ega_zone_d_count,fold6/test_horizon_15_ega_zone_e_pct,fold6/test_horizon_15_ega_zone_e_count,fold6/test_horizon_30_mae,fold6/test_horizon_30_rmse,fold6/test_horizon_30_mard,fold6/test_horizon_30_r2,fold6/test_horizon_30_pearson,fold6/test_horizon_30_ega_zone_a_pct,fold6/test_horizon_30_ega_zone_a_count,fold6/test_horizon_30_ega_zone_b_pct,fold6/test_horizon_30_ega_zone_b_count,fold6/test_horizon_30_ega_zone_c_pct,fold6/test_horizon_30_ega_zone_c_count,fold6/test_horizon_30_ega_zone_d_pct,fold6/test_horizon_30_ega_zone_d_count,fold6/test_horizon_30_ega_zone_e_pct,fold6/test_horizon_30_ega_zone_e_count,fold6/test_horizon_45_mae,fold6/test_horizon_45_rmse,fold6/test_horizon_45_mard,fold6/test_horizon_45_r2,fold6/test_horizon_45_pearson,fold6/test_horizon_45_ega_zone_a_pct,fold6/test_horizon_45_ega_zone_a_count,fold6/test_horizon_45_ega_zone_b_pct,fold6/test_horizon_45_ega_zone_b_count,fold6/test_horizon_45_ega_zone_c_pct,fold6/test_horizon_45_ega_zone_c_count,fold6/test_horizon_45_ega_zone_d_pct,fold6/test_horizon_45_ega_zone_d_count,fold6/test_horizon_45_ega_zone_e_pct,fold6/test_horizon_45_ega_zone_e_count,fold6/test_horizon_60_mae,fold6/test_horizon_60_rmse,fold6/test_horizon_60_mard,fold6/test_horizon_60_r2,fold6/test_horizon_60_pearson,fold6/test_horizon_60_ega_zone_a_pct,fold6/test_horizon_60_ega_zone_a_count,fold6/test_horizon_60_ega_zone_b_pct,fold6/test_horizon_60_ega_zone_b_count,fold6/test_horizon_60_ega_zone_c_pct,fold6/test_horizon_60_ega_zone_c_count,fold6/test_horizon_60_ega_zone_d_pct,fold6/test_horizon_60_ega_zone_d_count,fold6/test_horizon_60_ega_zone_e_pct,fold6/test_horizon_60_ega_zone_e_count
0,0.33248247289814964,11.251433372497559,17.346471786499023,8.706838607788086,0.5432811379432678,0.7408193349838257,90.13201904296875,5462.0,9.867986679077148,598.0,0.0,0.0,0.0,0.0,0.0,0.0,5.0562543869018555,6.90114688873291,4.068906307220459,0.9278808832168579,0.963671863079071,99.60396575927734,1509.0,0.39603960514068604,6.0,0.0,0.0,0.0,0.0,0.0,0.0,10.209232330322266,14.72729206085205,7.975404739379883,0.6709849834442139,0.8212074637413025,92.8052749633789,1406.0,7.194719314575195,109.0,0.0,0.0,0.0,0.0,0.0,0.0,13.768113136291504,20.085609436035156,10.582051277160645,0.3871549963951111,0.6314600706100464,85.67656707763672,1298.0,14.323432922363281,217.0,0.0,0.0,0.0,0.0,0.0,0.0,15.972135543823242,23.144105911254883,12.200990676879883,0.185235857963562,0.4715252220630646,82.44224548339844,1249.0,17.557754516601562,266.0,0.0,0.0,0.0,0.0,0.0,0.0
step,fold7/train_loss,fold7/val_mae,fold7/val_rmse,fold7/val_mard,fold7/val_r2,fold7/val_pearson,fold7/val_ega_zone_a_pct,fold7/val_ega_zone_a_count,fold7/val_ega_zone_b_pct,fold7/val_ega_zone_b_count,fold7/val_ega_zone_c_pct,fold7/val_ega_zone_c_count,fold7/val_ega_zone_d_pct,fold7/val_ega_zone_d_count,fold7/val_ega_zone_e_pct,fold7/val_ega_zone_e_count,fold7/val_horizon_15_mae,fold7/val_horizon_15_rmse,fold7/val_horizon_15_mard,fold7/val_horizon_15_r2,fold7/val_horizon_15_pearson,fold7/val_horizon_15_ega_zone_a_pct,fold7/val_horizon_15_ega_zone_a_count,fold7/val_horizon_15_ega_zone_b_pct,fold7/val_horizon_15_ega_zone_b_count,fold7/val_horizon_15_ega_zone_c_pct,fold7/val_horizon_15_ega_zone_c_count,fold7/val_horizon_15_ega_zone_d_pct,fold7/val_horizon_15_ega_zone_d_count,fold7/val_horizon_15_ega_zone_e_pct,fold7/val_horizon_15_ega_zone_e_count,fold7/val_horizon_30_mae,fold7/val_horizon_30_rmse,fold7/val_horizon_30_mard,fold7/val_horizon_30_r2,fold7/val_horizon_30_pearson,fold7/val_horizon_30_ega_zone_a_pct,fold7/val_horizon_30_ega_zone_a_count,fold7/val_horizon_30_ega_zone_b_pct,fold7/val_horizon_30_ega_zone_b_count,fold7/val_horizon_30_ega_zone_c_pct,fold7/val_horizon_30_ega_zone_c_count,fold7/val_horizon_30_ega_zone_d_pct,fold7/val_horizon_30_ega_zone_d_count,fold7/val_horizon_30_ega_zone_e_pct,fold7/val_horizon_30_ega_zone_e_count,fold7/val_horizon_45_mae,fold7/val_horizon_45_rmse,fold7/val_horizon_45_mard,fold7/val_horizon_45_r2,fold7/val_horizon_45_pearson,fold7/val_horizon_45_ega_zone_a_pct,fold7/val_horizon_45_ega_zone_a_count,fold7/val_horizon_45_ega_zone_b_pct,fold7/val_horizon_45_ega_zone_b_count,fold7/val_horizon_45_ega_zone_c_pct,fold7/val_horizon_45_ega_zone_c_count,fold7/val_horizon_45_ega_zone_d_pct,fold7/val_horizon_45_ega_zone_d_count,fold7/val_horizon_45_ega_zone_e_pct,fold7/val_horizon_45_ega_zone_e_count,fold7/val_horizon_60_mae,fold7/val_horizon_60_rmse,fold7/val_horizon_60_mard,fold7/val_horizon_60_r2,fold7/val_horizon_60_pearson,fold7/val_horizon_60_ega_zone_a_pct,fold7/val_horizon_60_ega_zone_a_count,fold7/val_horizon_60_ega_zone_b_pct,fold7/val_horizon_60_ega_zone_b_count,fold7/val_horizon_60_ega_zone_c_pct,fold7/val_horizon_60_ega_zone_c_count,fold7/val_horizon_60_ega_zone_d_pct,fold7/val_horizon_60_ega_zone_d_count,fold7/val_horizon_60_ega_zone_e_pct,fold7/val_horizon_60_ega_zone_e_count,fold7/diag_fusion_gate_cgm,fold7/diag_fusion_gate_cgm_guided,fold7/diag_fusion_gate_physio,fold7/diag_horizon_query_similarity,fold7/diag_horizon_progressive_gate,fold7/diag_horizon_attention_similarity,fold7/diag_horizon_attention_entropy,fold7/diag_horizon_curriculum_progress,fold7/diag_loss_horizon_weight_0,fold7/diag_loss_horizon_weight_1,fold7/diag_loss_horizon_weight_2,fold7/diag_loss_horizon_weight_3
1,0.25889579001519214,11.574950218200684,17.171581268310547,9.480130195617676,0.4151703715324402,0.681238055229187,87.39535522460938,18374.0,12.309741020202637,2588.0,0.0,0.0,0.2949010729789734,62.0,0.0,0.0,7.047625541687012,10.27463436126709,5.840785980224609,0.7902969121932983,0.8906081318855286,96.5753402709961,5076.0,3.2914764881134033,173.0,0.0,0.0,0.1331811249256134,7.0,0.0,0.0,11.22358226776123,16.37138557434082,9.198630332946777,0.4684380888938904,0.7129313349723816,88.318115234375,4642.0,11.396498680114746,599.0,0.0,0.0,0.28538814187049866,15.0,0.0,0.0,13.432920455932617,19.344993591308594,10.95691204071045,0.2583580017089844,0.5892210602760315,83.39041137695312,4383.0,16.22907257080078,853.0,0.0,0.0,0.38051748275756836,20.0,0.0,0.0,14.595674514770508,20.775793075561523,11.924190521240234,0.14444589614868164,0.5166401863098145,81.29756164550781,4273.0,18.321918487548828,963.0,0.0,0.0,0.38051748275756836,20.0,0.0,0.0,0.31178805232048035,0.11081799119710922,0.5773939490318298,-0.07837126404047012,0.11920291930437088,0.9994791150093079,0.9998668432235718,0.0,0.3333333432674408,0.28333333134651184,0.21666665375232697,0.1666666716337204
2,0.2542253899331607,11.531193733215332,16.861726760864258,9.448286056518555,0.43608587980270386,0.6839700937271118,88.21347045898438,18546.0,11.491628646850586,2416.0,0.0,0.0,0.2949010729789734,62.0,0.0,0.0,7.051884174346924,10.169933319091797,5.845767974853516,0.7945489883422852,0.8922771215438843,96.6324234008789,5079.0,3.23439884185791,170.0,0.0,0.0,0.1331811249256134,7.0,0.0,0.0,11.193196296691895,16.087814331054688,9.185758590698242,0.4866931438446045,0.7147697806358337,89.0220718383789,4679.0,10.69254207611084,562.0,0.0,0.0,0.28538814187049866,15.0,0.0,0.0,13.386016845703125,18.96587562561035,10.938074111938477,0.2871420979499817,0.5894076228141785,84.66514587402344,4450.0,14.954337120056152,786.0,0.0,0.0,0.38051748275756836,20.0,0.0,0.0,14.493672370910645,20.379440307617188,11.82354736328125,0.1767783761024475,0.5141001343727112,82.53424835205078,4338.0,17.085235595703125,898.0,0.0,0.0,0.38051748275756836,20.0,0.0,0.0,0.12245028465986252,0.0789823904633522,0.7985673546791077,-0.07068605720996857,0.11920291930437088,0.997559130191803,0.9944955110549927,0.07142857142857142,0.3245614171028137,0.2788847088813782,0.21998745203018188,0.17656642198562622
3,0.25405675821281554,11.41588020324707,16.679426193237305,9.340719223022461,0.44821345806121826,0.6898273229598999,88.54642486572266,18616.0,11.158676147460938,2346.0,0.0,0.0,0.2949010729789734,62.0,0.0,0.0,6.960693836212158,10.032197952270508,5.770670413970947,0.8000763058662415,0.8955203294754028,96.80364990234375,5088.0,3.0631659030914307,161.0,0.0,0.0,0.1331811249256134,7.0,0.0,0.0,11.093182563781738,15.92978286743164,9.093232154846191,0.4967281222343445,0.7199043035507202,89.06011962890625,4681.0,10.65449047088623,560.0,0.0,0.0,0.28538814187049866,15.0,0.0,0.0,13.26164436340332,18.749034881591797,10.829211235046387,0.30334943532943726,0.5953065156936646,85.12176513671875,4474.0,14.497716903686523,762.0,0.0,0.0,0.38051748275756836,20.0,0.0,0.0,14.347996711730957,20.171363830566406,11.669756889343262,0.19350296258926392,0.5182605981826782,83.20014953613281,4373.0,16.419330596923828,863.0,0.0,0.0,0.38051748275756836,20.0,0.0,0.0,0.07880502194166183,0.05909848213195801,0.8620965480804443,-0.05512137711048126,0.11920291930437088,0.9968491196632385,0.9777563810348511,0.14285714285714285,0.31578949093818665,0.2744360864162445,0.223308265209198,0.18646617233753204
4,0.2523148105540866,11.300381660461426,16.526865005493164,9.252182960510254,0.45826148986816406,0.6945424675941467,88.7461929321289,18658.0,10.954147338867188,2303.0,0.0,0.0,0.29965752363204956,63.0,0.0,0.0,6.748810768127441,9.701248168945312,5.615548610687256,0.8130491971969604,0.9023009538650513,97.18416595458984,5108.0,2.6826484203338623,141.0,0.0,0.0,0.1331811249256134,7.0,0.0,0.0,10.976083755493164,15.722551345825195,9.017309188842773,0.5097371935844421,0.7256677746772766,89.2884292602539,4693.0,10.407153129577637,547.0,0.0,0.0,0.3044140040874481,16.0,0.0,0.0,13.195895195007324,18.67055892944336,10.76412582397461,0.30916905403137207,0.5983808040618896,85.3500747680664,4486.0,14.269407272338867,750.0,0.0,0.0,0.38051748275756836,20.0,0.0,0.0,14.280735969543457,20.06604766845703,11.611747741699219,0.2019023895263672,0.5206888318061829,83.16210174560547,4371.0,16.457382202148438,865.0,0.0,0.0,0.38051748275756836,20.0,0.0,0.0,0.10046347230672836,0.057577844709157944,0.8419587016105652,-0.024737084284424782,0.11920291930437088,0.9884059429168701,0.9563367366790771,0.21428571428571427,0.30701756477355957,0.26998746395111084,0.22662906348705292,0.19636592268943787
5,0.2496978431992508,11.221281051635742,16.411287307739258,9.18440055847168,0.4658120274543762,0.6996986269950867,88.95072174072266,18701.0,10.759132385253906,2262.0,0.0,0.0,0.2901446223258972,61.0,0.0,0.0,6.452767372131348,9.230429649353027,5.374987602233887,0.8307549953460693,0.9123088717460632,97.69786834716797,5135.0,2.1879756450653076,115.0,0.0,0.0,0.11415524780750275,6.0,0.0,0.0,10.903264999389648,15.526318550109863,8.95699691772461,0.5218987464904785,0.7337446808815002,89.80213165283203,4720.0,9.912481307983398,521.0,0.0,0.0,0.28538814187049866,15.0,0.0,0.0,13.214359283447266,18.64493179321289,10.775711059570312,0.31106412410736084,0.5984269380569458,85.08370971679688,4472.0,14.535768508911133,764.0,0.0,0.0,0.38051748275756836,20.0,0.0,0.0,14.314732551574707,20.085325241088867,11.629907608032227,0.2003682255744934,0.517956018447876,83.21917724609375,4374.0,16.400304794311523,862.0,0.0,0.0,0.38051748275756836,20.0,0.0,0.0,0.12317114323377609,0.05498717352747917,0.8218417167663574,0.006233493331819773,0.11920291930437088,0.9713301062583923,0.9163020253181458,0.2857142857142857,0.2982456088066101,0.2655388414859772,0.22994986176490784,0.2062656730413437
6,0.24592753020355107,11.16345500946045,16.314241409301758,9.142114639282227,0.4721109867095947,0.7037868499755859,88.8365707397461,18677.0,10.878044128417969,2287.0,0.0,0.0,0.28538814187049866,60.0,0.0,0.0,6.313778400421143,8.972415924072266,5.268009662628174,0.840084433555603,0.9175411462783813,97.8500747680664,5143.0,2.035768747329712,107.0,0.0,0.0,0.11415524780750275,6.0,0.0,0.0,10.821968078613281,15.372838020324707,8.894570350646973,0.5313042402267456,0.7401881217956543,89.93531799316406,4727.0,9.798325538635254,515.0,0.0,0.0,0.2663622498512268,14.0,0.0,0.0,13.158759117126465,18.55520248413086,10.739300727844238,0.3176792860031128,0.6014638543128967,84.9124755859375,4463.0,14.707001686096191,773.0,0.0,0.0,0.38051748275756836,20.0,0.0,0.0,14.35931396484375,20.087158203125,11.666581153869629,0.20022237300872803,0.5163541436195374,82.64839935302734,4344.0,16.971080780029297,892.0,0.0,0.0,0.38051748275756836,20.0,0.0,0.0,0.08707928657531738,0.05538152530789375,0.857539176940918,0.034409236162900925,0.11920291930437088,0.9837682843208313,0.8852600455284119,0.35714285714285715,0.28947368264198303,0.2610902190208435,0.23327067494392395,0.2161654233932495
7,0.2439563646279678,11.007678031921387,16.08990478515625,9.013175010681152,0.48652923107147217,0.7118148803710938,89.1076889038086,18734.0,10.621194839477539,2233.0,0.0,0.0,0.271118700504303,57.0,0.0,0.0,6.085076332092285,8.590068817138672,5.092738151550293,0.8534231781959534,0.9247030019760132,98.30669403076172,5167.0,1.5981736183166504,84.0,0.0,0.0,0.09512937068939209,5.0,0.0,0.0,10.663350105285645,15.123733520507812,8.769169807434082,0.5463708639144897,0.7491050958633423,90.18264770507812,4740.0,9.550989151000977,502.0,0.0,0.0,0.2663622498512268,14.0,0.0,0.0,13.021970748901367,18.35901641845703,10.618361473083496,0.3320315480232239,0.6083834767341614,85.10273742675781,4473.0,14.535768508911133,764.0,0.0,0.0,0.3614916205406189,19.0,0.0,0.0,14.260313034057617,19.898996353149414,11.572427749633789,0.21513551473617554,0.5205206274986267,82.83866119384766,4354.0,16.799848556518555,883.0,0.0,0.0,0.3614916205406189,19.0,0.0,0.0,0.14051486551761627,0.05940737947821617,0.8000777363777161,0.061876535415649414,0.11920291930437088,0.9795939922332764,0.880050539970398,0.42857142857142855,0.28070175647735596,0.25664159655570984,0.23659147322177887,0.22606515884399414
8,0.24097603279221863,10.944892883300781,16.053123474121094,8.94425106048584,0.48887407779693604,0.713897705078125,89.20281219482422,18754.0,10.526065826416016,2213.0,0.0,0.0,0.271118700504303,57.0,0.0,0.0,5.943686008453369,8.367146492004395,4.977823257446289,0.8609321117401123,0.9287238717079163,98.51598358154297,5178.0,1.388888955116272,73.0,0.0,0.0,0.09512937068939209,5.0,0.0,0.0,10.588263511657715,15.011569023132324,8.699835777282715,0.5530745387077332,0.7533183097839355,90.29680633544922,4746.0,9.436834335327148,496.0,0.0,0.0,0.2663622498512268,14.0,0.0,0.0,12.990598678588867,18.35672950744629,10.567784309387207,0.332197904586792,0.6089552640914917,85.06468200683594,4471.0,14.573820114135742,766.0,0.0,0.0,0.3614916205406189,19.0,0.0,0.0,14.257024765014648,19.962095260620117,11.531561851501465,0.21015018224716187,0.5177518725395203,82.93379211425781,4359.0,16.70471954345703,878.0,0.0,0.0,0.3614916205406189,19.0,0.0,0.0,0.13192670047283173,0.06261888891458511,0.805454432964325,0.07929437607526779,0.11920291930437088,0.9834045767784119,0.8810780048370361,0.5,0.2719298303127289,0.25219297409057617,0.2399122714996338,0.23596492409706116
9,0.2383088762914754,10.943338394165039,16.057695388793945,8.9116792678833,0.48858290910720825,0.7145338654518127,89.20281219482422,18754.0,10.526065826416016,2213.0,0.0,0.0,0.271118700504303,57.0,0.0,0.0,5.881511211395264,8.25304126739502,4.913536071777344,0.8646993041038513,0.9313456416130066,98.76331329345703,5191.0,1.1415525674819946,60.0,0.0,0.0,0.09512937068939209,5.0,0.0,0.0,10.611918449401855,15.010848999023438,8.689858436584473,0.5531173944473267,0.7542850971221924,90.3538818359375,4749.0,9.379756927490234,493.0,0.0,0.0,0.2663622498512268,14.0,0.0,0.0,13.018229484558105,18.382104873657227,10.5556001663208,0.330350399017334,0.6074251532554626,84.98857879638672,4467.0,14.649924278259277,770.0,0.0,0.0,0.3614916205406189,19.0,0.0,0.0,14.261693954467773,20.00145721435547,11.487724304199219,0.20703214406967163,0.5146926045417786,82.70548248291016,4347.0,16.933029174804688,890.0,0.0,0.0,0.3614916205406189,19.0,0.0,0.0,0.1665395349264145,0.05868649482727051,0.7747740149497986,0.0856248065829277,0.11920291930437088,0.9816773533821106,0.8654670715332031,0.5714285714285714,0.2631579041481018,0.2477443516254425,0.2432330846786499,0.24586467444896698
10,0.2361219193811661,10.905851364135742,16.032211303710938,8.877476692199707,0.49020475149154663,0.7152459621429443,89.20281219482422,18754.0,10.526065826416016,2213.0,0.0,0.0,0.271118700504303,57.0,0.0,0.0,5.748669147491455,8.107860565185547,4.8174214363098145,0.8694176077842712,0.9334368705749512,98.78234100341797,5192.0,1.1225266456604004,59.0,0.0,0.0,0.09512937068939209,5.0,0.0,0.0,10.518876075744629,14.914328575134277,8.621001243591309,0.5588458776473999,0.7572815418243408,90.33485412597656,4748.0,9.398782730102539,494.0,0.0,0.0,0.2663622498512268,14.0,0.0,0.0,13.065044403076172,18.40673065185547,10.582147598266602,0.32855498790740967,0.6056685447692871,84.96955871582031,4466.0,14.668950080871582,771.0,0.0,0.0,0.3614916205406189,19.0,0.0,0.0,14.290815353393555,20.02860450744629,11.489334106445312,0.20487815141677856,0.5126224756240845,82.72450256347656,4348.0,16.914003372192383,889.0,0.0,0.0,0.3614916205406189,19.0,0.0,0.0,0.21223235130310059,0.05649859085679054,0.731269121170044,0.09331699460744858,0.11920291930437088,0.9844668507575989,0.8591040968894958,0.6428571428571429,0.25438597798347473,0.24329572916030884,0.24655388295650482,0.2557644248008728
11,0.23246392100772298,10.931097030639648,16.09568977355957,8.891427040100098,0.4861598610877991,0.7127044200897217,88.98877716064453,18709.0,10.740106582641602,2258.0,0.0,0.0,0.271118700504303,57.0,0.0,0.0,5.727612495422363,8.104684829711914,4.801135063171387,0.8695198893547058,0.9334037899971008,98.72526550292969,5189.0,1.1796042919158936,62.0,0.0,0.0,0.09512937068939209,5.0,0.0,0.0,10.52365779876709,14.926506996154785,8.62155818939209,0.5581251382827759,0.7567772269248962,90.25875091552734,4744.0,9.474885940551758,498.0,0.0,0.0,0.2663622498512268,14.0,0.0,0.0,13.10705280303955,18.463857650756836,10.609594345092773,0.32438069581985474,0.6024119257926941,84.83637237548828,4459.0,14.802130699157715,778.0,0.0,0.0,0.3614916205406189,19.0,0.0,0.0,14.36606216430664,20.17137908935547,11.533422470092773,0.19350165128707886,0.5046882033348083,82.13470458984375,4317.0,17.50380516052246,920.0,0.0,0.0,0.3614916205406189,19.0,0.0,0.0,0.2798364758491516,0.0618758499622345,0.658287763595581,0.0973755419254303,0.11920291930437088,0.9857645630836487,0.8442596793174744,0.7142857142857143,0.24561403691768646,0.23884710669517517,0.24987469613552094,0.26566416025161743
12,0.22903698266496247,10.996023178100586,16.245677947998047,8.923685073852539,0.47653883695602417,0.7084503769874573,88.74143981933594,18657.0,10.987442970275879,2310.0,0.0,0.0,0.271118700504303,57.0,0.0,0.0,5.727993965148926,8.070841789245605,4.800472259521484,0.870607316493988,0.9341992735862732,98.68721008300781,5187.0,1.2176560163497925,64.0,0.0,0.0,0.09512937068939209,5.0,0.0,0.0,10.596363067626953,15.02906322479248,8.664507865905762,0.5520322322845459,0.7539675831794739,89.93531799316406,4727.0,9.798325538635254,515.0,0.0,0.0,0.2663622498512268,14.0,0.0,0.0,13.196789741516113,18.669998168945312,10.6532621383667,0.3092105984687805,0.5942690968513489,84.70319366455078,4452.0,14.935311317443848,785.0,0.0,0.0,0.3614916205406189,19.0,0.0,0.0,14.462944030761719,20.39872932434082,11.576502799987793,0.17521923780441284,0.4953728914260864,81.64002990722656,4291.0,17.998477935791016,946.0,0.0,0.0,0.3614916205406189,19.0,0.0,0.0,0.27998027205467224,0.08058487623929977,0.6394349336624146,0.10547148436307907,0.11920291930437088,0.984367311000824,0.8429359793663025,0.7857142857142857,0.23684212565422058,0.2343984991312027,0.25319552421569824,0.27556392550468445
13,0.22595613715815827,11.133564949035645,16.397212982177734,9.032561302185059,0.4667278528213501,0.7032803893089294,88.54642486572266,18616.0,11.187214851379395,2352.0,0.0,0.0,0.2663622498512268,56.0,0.0,0.0,5.74813175201416,8.079811096191406,4.816256999969482,0.8703196048736572,0.9341394901275635,98.64916229248047,5185.0,1.2557077407836914,66.0,0.0,0.0,0.09512937068939209,5.0,0.0,0.0,10.695768356323242,15.097707748413086,8.744296073913574,0.5479308366775513,0.7517704367637634,89.9733657836914,4729.0,9.760273933410645,513.0,0.0,0.0,0.2663622498512268,14.0,0.0,0.0,13.375353813171387,18.82942771911621,10.796579360961914,0.29736244678497314,0.5883361101150513,84.03729248046875,4417.0,15.620243072509766,821.0,0.0,0.0,0.34246575832366943,18.0,0.0,0.0,14.715010643005371,20.68098258972168,11.773114204406738,0.15223664045333862,0.4836798906326294,81.52587127685547,4285.0,18.112632751464844,952.0,0.0,0.0,0.3614916205406189,19.0,0.0,0.0,0.2734766900539398,0.0951591357588768,0.6313641667366028,0.11413890868425369,0.11920291930437088,0.9816154837608337,0.8501004576683044,0.8571428571428571,0.22807016968727112,0.22994986176490784,0.25651630759239197,0.2854636609554291
14,0.22108308560856024,11.150814056396484,16.444778442382812,9.041107177734375,0.4636295437812805,0.7031236886978149,88.50361633300781,18607.0,11.234779357910156,2362.0,0.0,0.0,0.26160579919815063,55.0,0.0,0.0,5.748271465301514,8.069745063781738,4.813559532165527,0.8706424832344055,0.9344208836555481,98.68721008300781,5187.0,1.2176560163497925,64.0,0.0,0.0,0.09512937068939209,5.0,0.0,0.0,10.702741622924805,15.123026847839355,8.746220588684082,0.5464131832122803,0.7517792582511902,90.03044128417969,4732.0,9.70319652557373,510.0,0.0,0.0,0.2663622498512268,14.0,0.0,0.0,13.390508651733398,18.875446319580078,10.802322387695312,0.2939237952232361,0.5888881683349609,84.1324234008789,4422.0,15.525114059448242,816.0,0.0,0.0,0.34246575832366943,18.0,0.0,0.0,14.761737823486328,20.775312423706055,11.802328109741211,0.14448541402816772,0.48524826765060425,81.16438293457031,4266.0,18.49315071105957,972.0,0.0,0.0,0.34246575832366943,18.0,0.0,0.0,0.21732866764068604,0.12417694181203842,0.6584944128990173,0.1254793256521225,0.11920291930437088,0.9802458882331848,0.8559879064559937,0.9285714285714286,0.21929824352264404,0.22550123929977417,0.2598370909690857,0.2953633964061737
15,0.2168655766984511,11.487624168395996,16.909500122070312,9.276603698730469,0.432886004447937,0.6868636012077332,88.0184555053711,18505.0,11.724695205688477,2465.0,0.0,0.0,0.2568493187427521,54.0,0.0,0.0,5.863683223724365,8.19187068939209,4.890732765197754,0.8666975498199463,0.9326303005218506,98.68721008300781,5187.0,1.2176560163497925,64.0,0.0,0.0,0.09512937068939209,5.0,0.0,0.0,11.022939682006836,15.554333686828613,8.962228775024414,0.5201718211174011,0.7378777265548706,89.55479431152344,4707.0,10.17884349822998,535.0,0.0,0.0,0.2663622498512268,14.0,0.0,0.0,13.870408058166504,19.496963500976562,11.139164924621582,0.2466597557067871,0.5627400875091553,83.27625274658203,4377.0,16.38127899169922,861.0,0.0,0.0,0.34246575832366943,18.0,0.0,0.0,15.19346809387207,21.320158004760742,12.114294052124023,0.09902423620223999,0.46037915349006653,80.55555725097656,4234.0,19.121004104614258,1005.0,0.0,0.0,0.3234398663043976,17.0,0.0,0.0,0.21436162292957306,0.13339732587337494,0.652241051197052,0.13493961095809937,0.11920291930437088,0.9812564253807068,0.8489309549331665,1.0,0.21052631735801697,0.2210526168346405,0.2631579041481018,0.3052631616592407
16,0.20914981753705106,11.620594024658203,17.08293914794922,9.381636619567871,0.4211927056312561,0.6810351014137268,87.62842559814453,18423.0,12.124238967895508,2549.0,0.0,0.0,0.24733638763427734,52.0,0.0,0.0,5.89669942855835,8.212308883666992,4.91597318649292,0.8660315275192261,0.9324941635131836,98.70623779296875,5188.0,1.2176560163497925,64.0,0.0,0.0,0.07610350102186203,4.0,0.0,0.0,11.133679389953613,15.66429615020752,9.048112869262695,0.5133634805679321,0.7346357703208923,89.32648468017578,4695.0,10.407153129577637,547.0,0.0,0.0,0.2663622498512268,14.0,0.0,0.0,14.02658462524414,19.70130729675293,11.25747299194336,0.2307857871055603,0.5539708137512207,82.64839935302734,4344.0,17.02815818786621,895.0,0.0,0.0,0.3234398663043976,17.0,0.0,0.0,15.425415992736816,21.595218658447266,12.304991722106934,0.07562655210494995,0.44679075479507446,79.83257293701172,4196.0,19.8439884185791,1043.0,0.0,0.0,0.3234398663043976,17.0,0.0,0.0,0.20946668088436127,0.13250425457954407,0.6580290794372559,0.13733768463134766,0.11920291930437088,0.9760121703147888,0.859600305557251,1.0,0.21052631735801697,0.2210526168346405,0.2631579041481018,0.3052631616592407
17,0.20127522632176326,11.663125991821289,17.177494049072266,9.409346580505371,0.4147675633430481,0.6772008538246155,87.71404266357422,18441.0,12.033865928649902,2530.0,0.0,0.0,0.2520928382873535,53.0,0.0,0.0,5.908875942230225,8.246363639831543,4.924200534820557,0.8649181127548218,0.931806743144989,98.64916229248047,5185.0,1.2557077407836914,66.0,0.0,0.0,0.09512937068939209,5.0,0.0,0.0,11.151897430419922,15.735957145690918,9.057121276855469,0.5089007616043091,0.7317061424255371,89.09817504882812,4683.0,10.63546371459961,559.0,0.0,0.0,0.2663622498512268,14.0,0.0,0.0,14.070196151733398,19.812740325927734,11.284825325012207,0.22205978631973267,0.5486992597579956,83.00989532470703,4363.0,16.666667938232422,876.0,0.0,0.0,0.3234398663043976,17.0,0.0,0.0,15.52153491973877,21.72780990600586,12.37123966217041,0.06424069404602051,0.4404396414756775,80.09893035888672,4210.0,19.577625274658203,1029.0,0.0,0.0,0.3234398663043976,17.0,0.0,0.0,0.19490204751491547,0.1444193720817566,0.6606786847114563,0.13653843104839325,0.11920291930437088,0.9751320481300354,0.8640965223312378,1.0,0.21052631735801697,0.2210526168346405,0.2631579041481018,0.3052631616592407
18,0.19339658015185968,11.764669418334961,17.302202224731445,9.486177444458008,0.40623903274536133,0.6737325191497803,87.57610321044922,18412.0,12.176559448242188,2560.0,0.0,0.0,0.24733638763427734,52.0,0.0,0.0,5.921095848083496,8.250645637512207,4.931824684143066,0.8647778034210205,0.931795060634613,98.6681900024414,5186.0,1.2557077407836914,66.0,0.0,0.0,0.07610350102186203,4.0,0.0,0.0,11.223271369934082,15.798937797546387,9.107301712036133,0.5049617290496826,0.7302647233009338,89.21232604980469,4689.0,10.521308898925781,553.0,0.0,0.0,0.2663622498512268,14.0,0.0,0.0,14.23508071899414,19.993764877319336,11.412683486938477,0.20777899026870728,0.5425188541412354,82.57229614257812,4340.0,17.10426139831543,899.0,0.0,0.0,0.3234398663043976,17.0,0.0,0.0,15.679229736328125,21.909692764282227,12.492903709411621,0.04850858449935913,0.43645069003105164,79.85160064697266,4197.0,19.824962615966797,1042.0,0.0,0.0,0.3234398663043976,17.0,0.0,0.0,0.18604667484760284,0.14843405783176422,0.6655192971229553,0.13333648443222046,0.11920291930437088,0.9747502207756042,0.8766989707946777,1.0,0.21052631735801697,0.2210526168346405,0.2631579041481018,0.3052631616592407
step,fold7/test_loss,fold7/test_mae,fold7/test_rmse,fold7/test_mard,fold7/test_r2,fold7/test_pearson,fold7/test_ega_zone_a_pct,fold7/test_ega_zone_a_count,fold7/test_ega_zone_b_pct,fold7/test_ega_zone_b_count,fold7/test_ega_zone_c_pct,fold7/test_ega_zone_c_count,fold7/test_ega_zone_d_pct,fold7/test_ega_zone_d_count,fold7/test_ega_zone_e_pct,fold7/test_ega_zone_e_count,fold7/test_horizon_15_mae,fold7/test_horizon_15_rmse,fold7/test_horizon_15_mard,fold7/test_horizon_15_r2,fold7/test_horizon_15_pearson,fold7/test_horizon_15_ega_zone_a_pct,fold7/test_horizon_15_ega_zone_a_count,fold7/test_horizon_15_ega_zone_b_pct,fold7/test_horizon_15_ega_zone_b_count,fold7/test_horizon_15_ega_zone_c_pct,fold7/test_horizon_15_ega_zone_c_count,fold7/test_horizon_15_ega_zone_d_pct,fold7/test_horizon_15_ega_zone_d_count,fold7/test_horizon_15_ega_zone_e_pct,fold7/test_horizon_15_ega_zone_e_count,fold7/test_horizon_30_mae,fold7/test_horizon_30_rmse,fold7/test_horizon_30_mard,fold7/test_horizon_30_r2,fold7/test_horizon_30_pearson,fold7/test_horizon_30_ega_zone_a_pct,fold7/test_horizon_30_ega_zone_a_count,fold7/test_horizon_30_ega_zone_b_pct,fold7/test_horizon_30_ega_zone_b_count,fold7/test_horizon_30_ega_zone_c_pct,fold7/test_horizon_30_ega_zone_c_count,fold7/test_horizon_30_ega_zone_d_pct,fold7/test_horizon_30_ega_zone_d_count,fold7/test_horizon_30_ega_zone_e_pct,fold7/test_horizon_30_ega_zone_e_count,fold7/test_horizon_45_mae,fold7/test_horizon_45_rmse,fold7/test_horizon_45_mard,fold7/test_horizon_45_r2,fold7/test_horizon_45_pearson,fold7/test_horizon_45_ega_zone_a_pct,fold7/test_horizon_45_ega_zone_a_count,fold7/test_horizon_45_ega_zone_b_pct,fold7/test_horizon_45_ega_zone_b_count,fold7/test_horizon_45_ega_zone_c_pct,fold7/test_horizon_45_ega_zone_c_count,fold7/test_horizon_45_ega_zone_d_pct,fold7/test_horizon_45_ega_zone_d_count,fold7/test_horizon_45_ega_zone_e_pct,fold7/test_horizon_45_ega_zone_e_count,fold7/test_horizon_60_mae,fold7/test_horizon_60_rmse,fold7/test_horizon_60_mard,fold7/test_horizon_60_r2,fold7/test_horizon_60_pearson,fold7/test_horizon_60_ega_zone_a_pct,fold7/test_horizon_60_ega_zone_a_count,fold7/test_horizon_60_ega_zone_b_pct,fold7/test_horizon_60_ega_zone_b_count,fold7/test_horizon_60_ega_zone_c_pct,fold7/test_horizon_60_ega_zone_c_count,fold7/test_horizon_60_ega_zone_d_pct,fold7/test_horizon_60_ega_zone_d_count,fold7/test_horizon_60_ega_zone_e_pct,fold7/test_horizon_60_ega_zone_e_count
0,0.25672932696919043,9.377410888671875,14.311205863952637,10.15358829498291,0.4007640480995178,0.6751242280006409,85.63042449951172,6710.0,12.480856895446777,978.0,0.0,0.0,1.888718605041504,148.0,0.0,0.0,4.416686534881592,6.653158187866211,4.693026065826416,0.8715991377830505,0.9344406723976135,98.21337127685547,1924.0,1.3782541751861572,27.0,0.0,0.0,0.40837162733078003,8.0,0.0,0.0,8.427528381347656,12.542828559875488,9.062530517578125,0.538559079170227,0.7529290318489075,88.36140441894531,1731.0,10.107197761535645,198.0,0.0,0.0,1.5313935279846191,30.0,0.0,0.0,11.233278274536133,16.32602310180664,12.186443328857422,0.2176327109336853,0.5610142350196838,81.1128158569336,1589.0,16.43695831298828,322.0,0.0,0.0,2.4502298831939697,48.0,0.0,0.0,13.432150840759277,18.73809814453125,14.672355651855469,-0.030403971672058105,0.40655845403671265,74.83409881591797,1466.0,22.001020431518555,431.0,0.0,0.0,3.1648800373077393,62.0,0.0,0.0
step,fold8/train_loss,fold8/val_mae,fold8/val_rmse,fold8/val_mard,fold8/val_r2,fold8/val_pearson,fold8/val_ega_zone_a_pct,fold8/val_ega_zone_a_count,fold8/val_ega_zone_b_pct,fold8/val_ega_zone_b_count,fold8/val_ega_zone_c_pct,fold8/val_ega_zone_c_count,fold8/val_ega_zone_d_pct,fold8/val_ega_zone_d_count,fold8/val_ega_zone_e_pct,fold8/val_ega_zone_e_count,fold8/val_horizon_15_mae,fold8/val_horizon_15_rmse,fold8/val_horizon_15_mard,fold8/val_horizon_15_r2,fold8/val_horizon_15_pearson,fold8/val_horizon_15_ega_zone_a_pct,fold8/val_horizon_15_ega_zone_a_count,fold8/val_horizon_15_ega_zone_b_pct,fold8/val_horizon_15_ega_zone_b_count,fold8/val_horizon_15_ega_zone_c_pct,fold8/val_horizon_15_ega_zone_c_count,fold8/val_horizon_15_ega_zone_d_pct,fold8/val_horizon_15_ega_zone_d_count,fold8/val_horizon_15_ega_zone_e_pct,fold8/val_horizon_15_ega_zone_e_count,fold8/val_horizon_30_mae,fold8/val_horizon_30_rmse,fold8/val_horizon_30_mard,fold8/val_horizon_30_r2,fold8/val_horizon_30_pearson,fold8/val_horizon_30_ega_zone_a_pct,fold8/val_horizon_30_ega_zone_a_count,fold8/val_horizon_30_ega_zone_b_pct,fold8/val_horizon_30_ega_zone_b_count,fold8/val_horizon_30_ega_zone_c_pct,fold8/val_horizon_30_ega_zone_c_count,fold8/val_horizon_30_ega_zone_d_pct,fold8/val_horizon_30_ega_zone_d_count,fold8/val_horizon_30_ega_zone_e_pct,fold8/val_horizon_30_ega_zone_e_count,fold8/val_horizon_45_mae,fold8/val_horizon_45_rmse,fold8/val_horizon_45_mard,fold8/val_horizon_45_r2,fold8/val_horizon_45_pearson,fold8/val_horizon_45_ega_zone_a_pct,fold8/val_horizon_45_ega_zone_a_count,fold8/val_horizon_45_ega_zone_b_pct,fold8/val_horizon_45_ega_zone_b_count,fold8/val_horizon_45_ega_zone_c_pct,fold8/val_horizon_45_ega_zone_c_count,fold8/val_horizon_45_ega_zone_d_pct,fold8/val_horizon_45_ega_zone_d_count,fold8/val_horizon_45_ega_zone_e_pct,fold8/val_horizon_45_ega_zone_e_count,fold8/val_horizon_60_mae,fold8/val_horizon_60_rmse,fold8/val_horizon_60_mard,fold8/val_horizon_60_r2,fold8/val_horizon_60_pearson,fold8/val_horizon_60_ega_zone_a_pct,fold8/val_horizon_60_ega_zone_a_count,fold8/val_horizon_60_ega_zone_b_pct,fold8/val_horizon_60_ega_zone_b_count,fold8/val_horizon_60_ega_zone_c_pct,fold8/val_horizon_60_ega_zone_c_count,fold8/val_horizon_60_ega_zone_d_pct,fold8/val_horizon_60_ega_zone_d_count,fold8/val_horizon_60_ega_zone_e_pct,fold8/val_horizon_60_ega_zone_e_count,fold8/diag_fusion_gate_cgm,fold8/diag_fusion_gate_cgm_guided,fold8/diag_fusion_gate_physio,fold8/diag_horizon_query_similarity,fold8/diag_horizon_progressive_gate,fold8/diag_horizon_attention_similarity,fold8/diag_horizon_attention_entropy,fold8/diag_horizon_curriculum_progress,fold8/diag_loss_horizon_weight_0,fold8/diag_loss_horizon_weight_1,fold8/diag_loss_horizon_weight_2,fold8/diag_loss_horizon_weight_3
1,0.25135157956229576,9.2904634475708,14.718257904052734,7.82072639465332,0.5482181310653687,0.7510262727737427,92.00021362304688,17101.0,7.983644962310791,1484.0,0.0,0.0,0.016139443963766098,3.0,0.0,0.0,5.420315742492676,8.053729057312012,4.6143269538879395,0.8644371628761292,0.9297813773155212,98.49365234375,4577.0,1.463309645652771,68.0,0.0,0.0,0.04303852096199989,2.0,0.0,0.0,8.739810943603516,13.19588565826416,7.363306045532227,0.63676917552948,0.8018538951873779,93.41510772705078,4341.0,6.584893226623535,306.0,0.0,0.0,0.0,0.0,0.0,0.0,10.78261661529541,16.579261779785156,9.016894340515137,0.4269149899482727,0.6778979301452637,89.41252136230469,4155.0,10.587475776672363,492.0,0.0,0.0,0.0,0.0,0.0,0.0,12.219114303588867,18.778779983520508,10.288378715515137,0.26605910062789917,0.578916072845459,86.67958068847656,4028.0,13.298901557922363,618.0,0.0,0.0,0.021519260480999947,1.0,0.0,0.0,0.49795812368392944,0.21245382726192474,0.2895881235599518,-0.004076019395142794,0.11920291930437088,0.9999241828918457,0.9999848008155823,0.0,0.3333333432674408,0.28333333134651184,0.21666665375232697,0.1666666716337204
2,0.2472516756291077,9.461475372314453,14.697731971740723,8.011488914489746,0.5494773387908936,0.746855616569519,91.91951751708984,17086.0,8.064342498779297,1499.0,0.0,0.0,0.016139443963766098,3.0,0.0,0.0,5.47370719909668,8.090991973876953,4.6664557456970215,0.8631798028945923,0.9293779730796814,98.38605499267578,4572.0,1.5709059238433838,73.0,0.0,0.0,0.04303852096199989,2.0,0.0,0.0,8.907445907592773,13.239730834960938,7.53938627243042,0.634351372718811,0.7977937459945679,93.43663024902344,4342.0,6.5633745193481445,305.0,0.0,0.0,0.0,0.0,0.0,0.0,11.006288528442383,16.55023956298828,9.286149978637695,0.42891961336135864,0.6695753335952759,89.304931640625,4150.0,10.695072174072266,497.0,0.0,0.0,0.0,0.0,0.0,0.0,12.458460807800293,18.6929988861084,10.553966522216797,0.27274906635284424,0.5664336085319519,86.55046081542969,4022.0,13.428017616271973,624.0,0.0,0.0,0.021519260480999947,1.0,0.0,0.0,0.34708890318870544,0.22689703106880188,0.42601409554481506,0.003647133708000183,0.11920291930437088,0.9986577033996582,0.9990070462226868,0.07142857142857142,0.3245614171028137,0.2788847088813782,0.21998745203018188,0.17656642198562622
3,0.2462729006840389,9.439859390258789,14.594995498657227,8.010878562927246,0.5557535886764526,0.748753011226654,91.9571762084961,17093.0,8.026683807373047,1492.0,0.0,0.0,0.016139443963766098,3.0,0.0,0.0,5.47607946395874,8.058756828308105,4.687003135681152,0.8642678260803223,0.9302210211753845,98.42909240722656,4574.0,1.5278674364089966,71.0,0.0,0.0,0.04303852096199989,2.0,0.0,0.0,8.869784355163574,13.172510147094727,7.518314361572266,0.6380549669265747,0.7992619872093201,93.50119018554688,4345.0,6.49881649017334,302.0,0.0,0.0,0.0,0.0,0.0,0.0,10.989368438720703,16.429624557495117,9.291569709777832,0.43721306324005127,0.6710674166679382,89.36949157714844,4153.0,10.630514144897461,494.0,0.0,0.0,0.0,0.0,0.0,0.0,12.424206733703613,18.53818702697754,10.546626091003418,0.2847452163696289,0.5665600895881653,86.52894592285156,4021.0,13.44953727722168,625.0,0.0,0.0,0.021519260480999947,1.0,0.0,0.0,0.29799583554267883,0.16620059311389923,0.5358036160469055,0.015950161963701248,0.11920291930437088,0.9889405369758606,0.9890629053115845,0.14285714285714285,0.31578949093818665,0.2744360864162445,0.223308265209198,0.18646617233753204
4,0.24433133932660572,9.480977058410645,14.592297554016113,8.05389404296875,0.5559177994728088,0.7466705441474915,91.77426147460938,17059.0,8.20959758758545,1526.0,0.0,0.0,0.016139443963766098,3.0,0.0,0.0,5.416180610656738,8.008672714233398,4.638422966003418,0.8659497499465942,0.9314952492713928,98.49365234375,4577.0,1.463309645652771,68.0,0.0,0.0,0.04303852096199989,2.0,0.0,0.0,8.906305313110352,13.198430061340332,7.566555023193359,0.6366291046142578,0.7980074882507324,93.45814514160156,4343.0,6.5418548583984375,304.0,0.0,0.0,0.0,0.0,0.0,0.0,11.07060432434082,16.44281768798828,9.374076843261719,0.4363088607788086,0.6647588014602661,89.2188491821289,4146.0,10.781148910522461,501.0,0.0,0.0,0.0,0.0,0.0,0.0,12.5308198928833,18.52125358581543,10.63652229309082,0.2860511541366577,0.5554719567298889,85.92639923095703,3993.0,14.05207633972168,653.0,0.0,0.0,0.021519260480999947,1.0,0.0,0.0,0.2154005914926529,0.20317073166370392,0.5814287066459656,0.031019071117043495,0.11920291930437088,0.9930703639984131,0.9781754612922668,0.21428571428571427,0.30701756477355957,0.26998746395111084,0.22662906348705292,0.19636592268943787
5,0.24255809543579737,9.390144348144531,14.474198341369629,7.996636390686035,0.5630768537521362,0.7510250210762024,91.8065414428711,17065.0,8.1719388961792,1519.0,0.0,0.0,0.021519260480999947,4.0,0.0,0.0,5.268413066864014,7.758485317230225,4.5244245529174805,0.8741942644119263,0.9358503222465515,98.55821228027344,4580.0,1.3987518548965454,65.0,0.0,0.0,0.04303852096199989,2.0,0.0,0.0,8.79729175567627,13.064373970031738,7.4921956062316895,0.6439731121063232,0.8025581240653992,93.63030242919922,4351.0,6.34818172454834,295.0,0.0,0.0,0.021519260480999947,1.0,0.0,0.0,10.989222526550293,16.350317001342773,9.329608917236328,0.4426332116127014,0.6685072183609009,89.15428924560547,4143.0,10.845706939697266,504.0,0.0,0.0,0.0,0.0,0.0,0.0,12.505648612976074,18.433795928955078,10.640315055847168,0.2927778959274292,0.5573071837425232,85.88336944580078,3991.0,14.095115661621094,655.0,0.0,0.0,0.021519260480999947,1.0,0.0,0.0,0.18183253705501556,0.3106214106082916,0.5075461268424988,0.05123133957386017,0.11920291930437088,0.9987592697143555,0.9668684601783752,0.2857142857142857,0.2982456088066101,0.2655388414859772,0.22994986176490784,0.2062656730413437
6,0.23854146681231883,9.293041229248047,14.30663013458252,7.928581714630127,0.5731348395347595,0.7571437954902649,91.98407745361328,17098.0,7.994405269622803,1486.0,0.0,0.0,0.021519260480999947,4.0,0.0,0.0,5.055506229400635,7.353224754333496,4.3490519523620605,0.8869938254356384,0.9428436160087585,98.945556640625,4598.0,1.0114052295684814,47.0,0.0,0.0,0.04303852096199989,2.0,0.0,0.0,8.660637855529785,12.8181791305542,7.383523941040039,0.6572651863098145,0.8111968636512756,93.93156433105469,4365.0,6.04691219329834,281.0,0.0,0.0,0.021519260480999947,1.0,0.0,0.0,10.959857940673828,16.246450424194336,9.320345878601074,0.44969213008880615,0.6715701222419739,89.304931640625,4150.0,10.695072174072266,497.0,0.0,0.0,0.0,0.0,0.0,0.0,12.496164321899414,18.341096878051758,10.661406517028809,0.29987281560897827,0.5573104023933411,85.7542495727539,3985.0,14.224231719970703,661.0,0.0,0.0,0.021519260480999947,1.0,0.0,0.0,0.20235805213451385,0.22463051974773407,0.5730114579200745,0.07611006498336792,0.11920291930437088,0.9961020350456238,0.9444050788879395,0.35714285714285715,0.28947368264198303,0.2610902190208435,0.23327067494392395,0.2161654233932495
7,0.23223792964023715,9.180218696594238,14.18640422821045,7.834958076477051,0.5802789926528931,0.76180499792099,92.1669921875,17132.0,7.811491012573242,1452.0,0.0,0.0,0.021519260480999947,4.0,0.0,0.0,4.77692174911499,6.842627048492432,4.127676010131836,0.9021428823471069,0.9504396319389343,99.26834869384766,4613.0,0.6886163353919983,32.0,0.0,0.0,0.04303852096199989,2.0,0.0,0.0,8.527134895324707,12.55117130279541,7.284952640533447,0.6713950634002686,0.8199643492698669,94.14676666259766,4375.0,5.831719398498535,271.0,0.0,0.0,0.021519260480999947,1.0,0.0,0.0,10.928169250488281,16.195301055908203,9.295391082763672,0.4531518816947937,0.6736292243003845,89.64923858642578,4166.0,10.350763320922852,481.0,0.0,0.0,0.0,0.0,0.0,0.0,12.4886474609375,18.394973754882812,10.631814956665039,0.2957535982131958,0.5517019629478455,85.6036148071289,3978.0,14.374865531921387,668.0,0.0,0.0,0.021519260480999947,1.0,0.0,0.0,0.20219206809997559,0.14970968663692474,0.6480982899665833,0.09302576631307602,0.11920291930437088,0.9949543476104736,0.9270063042640686,0.42857142857142855,0.28070175647735596,0.25664159655570984,0.23659147322177887,0.22606515884399414
8,0.2300115972851591,9.171313285827637,14.106107711791992,7.850282669067383,0.5850169062614441,0.7648794651031494,92.19926452636719,17138.0,7.779212474822998,1446.0,0.0,0.0,0.021519260480999947,4.0,0.0,0.0,4.683975696563721,6.587052822113037,4.065404415130615,0.90931636095047,0.9541241526603699,99.44049835205078,4621.0,0.5164622068405151,24.0,0.0,0.0,0.04303852096199989,2.0,0.0,0.0,8.515494346618652,12.362603187561035,7.307761192321777,0.6811947822570801,0.8264062404632568,94.49107360839844,4391.0,5.487411022186279,255.0,0.0,0.0,0.021519260480999947,1.0,0.0,0.0,10.925704956054688,16.125913619995117,9.313529014587402,0.457827627658844,0.6767657995223999,89.6707534790039,4167.0,10.329244613647461,480.0,0.0,0.0,0.0,0.0,0.0,0.0,12.560077667236328,18.429887771606445,10.714437484741211,0.29307758808135986,0.5472213625907898,85.19474792480469,3959.0,14.783731460571289,687.0,0.0,0.0,0.021519260480999947,1.0,0.0,0.0,0.2131686806678772,0.12887731194496155,0.6579540371894836,0.09772077202796936,0.11920291930437088,0.9937563538551331,0.920223593711853,0.5,0.2719298303127289,0.25219297409057617,0.2399122714996338,0.23596492409706116
9,0.22762898182553432,9.137397766113281,14.02474308013916,7.821620464324951,0.5897903442382812,0.7680440545082092,92.2315444946289,17144.0,7.74155330657959,1439.0,0.0,0.0,0.026899075135588646,5.0,0.0,0.0,4.6259894371032715,6.4334588050842285,4.032266616821289,0.9134961366653442,0.9562098979949951,99.37593841552734,4618.0,0.5810199975967407,27.0,0.0,0.0,0.04303852096199989,2.0,0.0,0.0,8.47213363647461,12.196795463562012,7.28586483001709,0.6896890997886658,0.8316733837127686,94.68474578857422,4400.0,5.272218704223633,245.0,0.0,0.0,0.04303852096199989,2.0,0.0,0.0,10.916730880737305,16.07383155822754,9.295315742492676,0.46132415533065796,0.6794384717941284,89.54164123535156,4161.0,10.458359718322754,486.0,0.0,0.0,0.0,0.0,0.0,0.0,12.534741401672363,18.391695022583008,10.6730375289917,0.29600465297698975,0.548945963382721,85.32386779785156,3965.0,14.65461540222168,681.0,0.0,0.0,0.021519260480999947,1.0,0.0,0.0,0.20959150791168213,0.11558157950639725,0.6748269200325012,0.10584483295679092,0.11920291930437088,0.9853429794311523,0.9052745699882507,0.5714285714285714,0.2631579041481018,0.2477443516254425,0.2432330846786499,0.24586467444896698
10,0.22711997304653847,9.062382698059082,14.047572135925293,7.757875919342041,0.5884538888931274,0.7671388387680054,92.18850708007812,17136.0,7.789971828460693,1448.0,0.0,0.0,0.021519260480999947,4.0,0.0,0.0,4.5791215896606445,6.400008201599121,3.9955060482025146,0.9143933057785034,0.9564918875694275,99.37593841552734,4618.0,0.6025392413139343,28.0,0.0,0.0,0.021519260480999947,1.0,0.0,0.0,8.38503360748291,12.183526992797852,7.205534934997559,0.690363883972168,0.8318893313407898,94.81385803222656,4406.0,5.143103122711182,239.0,0.0,0.0,0.04303852096199989,2.0,0.0,0.0,10.840136528015137,16.11620330810547,9.229429244995117,0.4584803581237793,0.6772890686988831,89.304931640625,4150.0,10.695072174072266,497.0,0.0,0.0,0.0,0.0,0.0,0.0,12.445242881774902,18.444690704345703,10.601035118103027,0.2919415831565857,0.5451593995094299,85.25930786132812,3962.0,14.719173431396484,684.0,0.0,0.0,0.021519260480999947,1.0,0.0,0.0,0.19499285519123077,0.11139501631259918,0.6936120986938477,0.11522408574819565,0.11920291930437088,0.9817954897880554,0.8974399566650391,0.6428571428571429,0.25438597798347473,0.24329572916030884,0.24655388295650482,0.2557644248008728
11,0.22481266512074088,9.18054485321045,14.152556419372559,7.873920917510986,0.5822794437408447,0.7630826234817505,91.88724517822266,17080.0,8.0966215133667,1505.0,0.0,0.0,0.016139443963766098,3.0,0.0,0.0,4.5971245765686035,6.431136608123779,4.002734661102295,0.9135585427284241,0.9560531377792358,99.44049835205078,4621.0,0.5379815101623535,25.0,0.0,0.0,0.021519260480999947,1.0,0.0,0.0,8.477679252624512,12.275651931762695,7.283191204071045,0.6856635808944702,0.8292233943939209,94.5771484375,4395.0,5.401334285736084,251.0,0.0,0.0,0.021519260480999947,1.0,0.0,0.0,11.023895263671875,16.251867294311523,9.419682502746582,0.4493251442909241,0.6703556776046753,88.9175796508789,4132.0,11.082419395446777,515.0,0.0,0.0,0.0,0.0,0.0,0.0,12.623477935791016,18.574312210083008,10.79007339477539,0.28195470571517944,0.5359660983085632,84.61373138427734,3932.0,15.364750862121582,714.0,0.0,0.0,0.021519260480999947,1.0,0.0,0.0,0.1926424503326416,0.13010331988334656,0.677254319190979,0.11660530418157578,0.11920291930437088,0.9737955927848816,0.8943151831626892,0.7142857142857143,0.24561403691768646,0.23884710669517517,0.24987469613552094,0.26566416025161743
12,0.2255387414609847,9.057199478149414,13.908232688903809,7.793015480041504,0.5965776443481445,0.7724501490592957,92.07553100585938,17115.0,7.902947902679443,1469.0,0.0,0.0,0.021519260480999947,4.0,0.0,0.0,4.57637882232666,6.3882880210876465,4.0031867027282715,0.9147065877914429,0.9566864371299744,99.37593841552734,4618.0,0.5810199975967407,27.0,0.0,0.0,0.04303852096199989,2.0,0.0,0.0,8.367138862609863,12.052314758300781,7.21868371963501,0.6969972848892212,0.8357385396957397,94.68474578857422,4400.0,5.293737888336182,246.0,0.0,0.0,0.021519260480999947,1.0,0.0,0.0,10.837584495544434,15.932129859924316,9.28254508972168,0.4707798957824707,0.686140239238739,89.41252136230469,4155.0,10.587475776672363,492.0,0.0,0.0,0.0,0.0,0.0,0.0,12.4476957321167,18.271684646606445,10.667643547058105,0.30516213178634644,0.5562952756881714,84.82891845703125,3942.0,15.149559020996094,704.0,0.0,0.0,0.021519260480999947,1.0,0.0,0.0,0.18753579258918762,0.10785944014787674,0.7046048641204834,0.12669818103313446,0.11920291930437088,0.9762576222419739,0.8845090270042419,0.7857142857142857,0.23684212565422058,0.2343984991312027,0.25319552421569824,0.27556392550468445
13,0.22317122575190157,9.062750816345215,13.857552528381348,7.801928520202637,0.5995123386383057,0.774348258972168,92.20465087890625,17139.0,7.773832321166992,1445.0,0.0,0.0,0.021519260480999947,4.0,0.0,0.0,4.572203159332275,6.370061874389648,3.9956369400024414,0.9151925444602966,0.9568600654602051,99.3974609375,4619.0,0.5595007538795471,26.0,0.0,0.0,0.04303852096199989,2.0,0.0,0.0,8.378256797790527,12.051046371459961,7.226036548614502,0.6970610618591309,0.8357090950012207,94.83537292480469,4407.0,5.143103122711182,239.0,0.0,0.0,0.021519260480999947,1.0,0.0,0.0,10.876605987548828,15.916535377502441,9.333094596862793,0.4718153476715088,0.6869277954101562,89.43404388427734,4156.0,10.565957069396973,491.0,0.0,0.0,0.0,0.0,0.0,0.0,12.423941612243652,18.137958526611328,10.652947425842285,0.31529563665390015,0.5639768838882446,85.1517105102539,3957.0,14.826769828796387,689.0,0.0,0.0,0.021519260480999947,1.0,0.0,0.0,0.1907019168138504,0.12486651539802551,0.6844315528869629,0.12891803681850433,0.11920291930437088,0.9747428894042969,0.8884083032608032,0.8571428571428571,0.22807016968727112,0.22994986176490784,0.25651630759239197,0.2854636609554291
14,0.22098240789047954,9.228858947753906,14.048227310180664,7.947479724884033,0.5884154438972473,0.7672092914581299,91.83882141113281,17071.0,8.145039558410645,1514.0,0.0,0.0,0.016139443963766098,3.0,0.0,0.0,4.617128372192383,6.436763763427734,4.035168647766113,0.9134072065353394,0.9560047388076782,99.50505828857422,4624.0,0.47342371940612793,22.0,0.0,0.0,0.021519260480999947,1.0,0.0,0.0,8.506851196289062,12.156045913696289,7.345131874084473,0.6917591094970703,0.8326103091239929,94.51258850097656,4392.0,5.4658918380737305,254.0,0.0,0.0,0.021519260480999947,1.0,0.0,0.0,11.092498779296875,16.12141227722168,9.524785995483398,0.4581303000450134,0.6769769787788391,88.96061706542969,4134.0,11.039380073547363,513.0,0.0,0.0,0.0,0.0,0.0,0.0,12.698957443237305,18.447479248046875,10.884831428527832,0.29172754287719727,0.5456279516220093,84.37701416015625,3921.0,15.601463317871094,725.0,0.0,0.0,0.021519260480999947,1.0,0.0,0.0,0.1797669529914856,0.10356958210468292,0.7166634798049927,0.13339482247829437,0.11920291930437088,0.9732540249824524,0.8950023651123047,0.9285714285714286,0.21929824352264404,0.22550123929977417,0.2598370909690857,0.2953633964061737
15,0.21950252829607586,9.269508361816406,14.215768814086914,7.957266330718994,0.5785396695137024,0.7606590390205383,91.69894409179688,17045.0,8.279535293579102,1539.0,0.0,0.0,0.021519260480999947,4.0,0.0,0.0,4.578413009643555,6.420999050140381,3.9929044246673584,0.9138308763504028,0.9560702443122864,99.3113784790039,4615.0,0.6455777883529663,30.0,0.0,0.0,0.04303852096199989,2.0,0.0,0.0,8.545652389526367,12.324319839477539,7.350078105926514,0.6831662058830261,0.8273810744285583,94.426513671875,4388.0,5.551969051361084,258.0,0.0,0.0,0.021519260480999947,1.0,0.0,0.0,11.187333106994629,16.37385368347168,9.56990909576416,0.4410274028778076,0.6642563343048096,88.401123046875,4108.0,11.598881721496582,539.0,0.0,0.0,0.0,0.0,0.0,0.0,12.766633987426758,18.63145637512207,10.916173934936523,0.27752989530563354,0.5340840220451355,84.65676879882812,3934.0,15.321712493896484,712.0,0.0,0.0,0.021519260480999947,1.0,0.0,0.0,0.19909510016441345,0.11453980207443237,0.6863651275634766,0.14010892808437347,0.11920291930437088,0.9747729301452637,0.9025718569755554,1.0,0.21052631735801697,0.2210526168346405,0.2631579041481018,0.3052631616592407
16,0.21300857950926164,9.359719276428223,14.315376281738281,8.026093482971191,0.5726127624511719,0.7568349242210388,91.68280029296875,17042.0,8.301054954528809,1543.0,0.0,0.0,0.016139443963766098,3.0,0.0,0.0,4.624798774719238,6.472182750701904,4.027793884277344,0.9124516248703003,0.9553546905517578,99.37593841552734,4618.0,0.6025392413139343,28.0,0.0,0.0,0.021519260480999947,1.0,0.0,0.0,8.657562255859375,12.422198295593262,7.439082145690918,0.6781136989593506,0.8241170048713684,94.34043884277344,4384.0,5.6380462646484375,262.0,0.0,0.0,0.021519260480999947,1.0,0.0,0.0,11.290691375732422,16.487451553344727,9.65113353729248,0.43324440717697144,0.6586828827857971,88.50871276855469,4113.0,11.491284370422363,534.0,0.0,0.0,0.0,0.0,0.0,0.0,12.865825653076172,18.75323486328125,10.986363410949707,0.2680546045303345,0.5274905562400818,84.50613403320312,3927.0,15.4723482131958,719.0,0.0,0.0,0.021519260480999947,1.0,0.0,0.0,0.23762136697769165,0.13936178386211395,0.623016893863678,0.14904038608074188,0.11920291930437088,0.9744810461997986,0.9094001054763794,1.0,0.21052631735801697,0.2210526168346405,0.2631579041481018,0.3052631616592407
17,0.20645362271135267,9.546070098876953,14.685500144958496,8.141124725341797,0.5502269268035889,0.7423447966575623,91.48912811279297,17006.0,8.494728088378906,1579.0,0.0,0.0,0.016139443963766098,3.0,0.0,0.0,4.690208435058594,6.584539890289307,4.067628860473633,0.9093855619430542,0.9537575840950012,99.33290100097656,4616.0,0.6455777883529663,30.0,0.0,0.0,0.021519260480999947,1.0,0.0,0.0,8.80471134185791,12.731966018676758,7.519371032714844,0.6618599891662598,0.8140998482704163,94.14676666259766,4375.0,5.831719398498535,271.0,0.0,0.0,0.021519260480999947,1.0,0.0,0.0,11.549124717712402,16.934213638305664,9.818256378173828,0.4021133780479431,0.6360453963279724,88.09984588623047,4094.0,11.900150299072266,553.0,0.0,0.0,0.0,0.0,0.0,0.0,13.140237808227539,19.24652862548828,11.159242630004883,0.22904133796691895,0.4978325664997101,84.37701416015625,3921.0,15.601463317871094,725.0,0.0,0.0,0.021519260480999947,1.0,0.0,0.0,0.2512705624103546,0.1714697927236557,0.5772596597671509,0.13893567025661469,0.11920291930437088,0.9701984524726868,0.919750988483429,1.0,0.21052631735801697,0.2210526168346405,0.2631579041481018,0.3052631616592407
18,0.20090787566787557,9.753393173217773,15.060418128967285,8.313131332397461,0.5269684791564941,0.7272255420684814,90.85431671142578,16888.0,9.129546165466309,1697.0,0.0,0.0,0.016139443963766098,3.0,0.0,0.0,4.741640090942383,6.6707587242126465,4.11005163192749,0.9069969654083252,0.9526423811912537,99.33290100097656,4616.0,0.6455777883529663,30.0,0.0,0.0,0.021519260480999947,1.0,0.0,0.0,8.980412483215332,13.033306121826172,7.660191535949707,0.645664393901825,0.804227352142334,93.43663024902344,4342.0,6.5418548583984375,304.0,0.0,0.0,0.021519260480999947,1.0,0.0,0.0,11.859813690185547,17.424060821533203,10.077950477600098,0.36702364683151245,0.6106635332107544,87.45426940917969,4064.0,12.54572868347168,583.0,0.0,0.0,0.0,0.0,0.0,0.0,13.431710243225098,19.7307071685791,11.404335021972656,0.1897639036178589,0.4698716104030609,83.1934585571289,3866.0,16.785022735595703,780.0,0.0,0.0,0.021519260480999947,1.0,0.0,0.0,0.2660011351108551,0.18783152103424072,0.5461673736572266,0.14527595043182373,0.11920291930437088,0.9710373282432556,0.9203915596008301,1.0,0.21052631735801697,0.2210526168346405,0.2631579041481018,0.3052631616592407
19,0.1953169952655531,9.792635917663574,15.069231033325195,8.375904083251953,0.5264147520065308,0.7276147603988647,90.45620727539062,16814.0,9.533032417297363,1772.0,0.0,0.0,0.010759630240499973,2.0,0.0,0.0,4.711269378662109,6.616010665893555,4.096895217895508,0.9085173010826111,0.9532824754714966,99.3113784790039,4615.0,0.6670970320701599,31.0,0.0,0.0,0.021519260480999947,1.0,0.0,0.0,8.973969459533691,12.992085456848145,7.680288791656494,0.647902250289917,0.8050583600997925,93.02775573730469,4323.0,6.972239971160889,324.0,0.0,0.0,0.0,0.0,0.0,0.0,11.911303520202637,17.419118881225586,10.153244018554688,0.36738264560699463,0.6131749153137207,86.98085021972656,4042.0,13.01915168762207,605.0,0.0,0.0,0.0,0.0,0.0,0.0,13.574003219604492,19.807456970214844,11.57319164276123,0.1834481954574585,0.4705713093280792,82.50484466552734,3834.0,17.47364044189453,812.0,0.0,0.0,0.021519260480999947,1.0,0.0,0.0,0.2585768699645996,0.2023845911026001,0.5390385985374451,0.1493719071149826,0.11920291930437088,0.9695401787757874,0.9285767078399658,1.0,0.21052631735801697,0.2210526168346405,0.2631579041481018,0.3052631616592407
20,0.18976509769438585,9.888249397277832,15.224855422973633,8.467486381530762,0.5165824890136719,0.7216410040855408,90.27867126464844,16781.0,9.705185890197754,1804.0,0.0,0.0,0.016139443963766098,3.0,0.0,0.0,4.724879264831543,6.635049819946289,4.1132025718688965,0.907990038394928,0.9530370831489563,99.26834869384766,4613.0,0.6886163353919983,32.0,0.0,0.0,0.04303852096199989,2.0,0.0,0.0,9.047417640686035,13.117125511169434,7.752801418304443,0.6410921812057495,0.8007134199142456,92.98472595214844,4321.0,7.0152788162231445,326.0,0.0,0.0,0.0,0.0,0.0,0.0,12.036598205566406,17.59259033203125,10.277101516723633,0.354719877243042,0.6053327322006226,86.39982604980469,4015.0,13.60017204284668,632.0,0.0,0.0,0.0,0.0,0.0,0.0,13.744102478027344,20.04003143310547,11.726839065551758,0.1641601324081421,0.4595341980457306,82.46180725097656,3832.0,17.516677856445312,814.0,0.0,0.0,0.021519260480999947,1.0,0.0,0.0,0.23884524405002594,0.20599991083145142,0.5551549196243286,0.14687249064445496,0.11920291930437088,0.9704797267913818,0.9265342354774475,1.0,0.21052631735801697,0.2210526168346405,0.2631579041481018,0.3052631616592407
21,0.18354422685027338,10.003315925598145,15.468311309814453,8.554512023925781,0.5009985566139221,0.7118199467658997,89.90208435058594,16711.0,10.081772804260254,1874.0,0.0,0.0,0.016139443963766098,3.0,0.0,0.0,4.756750106811523,6.6807732582092285,4.135627746582031,0.9067175388336182,0.9523382782936096,99.246826171875,4612.0,0.7101355791091919,33.0,0.0,0.0,0.04303852096199989,2.0,0.0,0.0,9.147485733032227,13.309892654418945,7.824471473693848,0.6304657459259033,0.7940534353256226,92.6834487915039,4307.0,7.3165483474731445,340.0,0.0,0.0,0.0,0.0,0.0,0.0,12.215386390686035,17.931129455566406,10.416533470153809,0.3296462893486023,0.5879465341567993,85.9048843383789,3992.0,14.095115661621094,655.0,0.0,0.0,0.0,0.0,0.0,0.0,13.893644332885742,20.341167449951172,11.841411590576172,0.13885152339935303,0.442399799823761,81.77318572998047,3800.0,18.205293655395508,846.0,0.0,0.0,0.021519260480999947,1.0,0.0,0.0,0.24628876149654388,0.18605270981788635,0.5676586031913757,0.14361999928951263,0.11920291930437088,0.9710485935211182,0.9328358173370361,1.0,0.21052631735801697,0.2210526168346405,0.2631579041481018,0.3052631616592407
step,fold8/test_loss,fold8/test_mae,fold8/test_rmse,fold8/test_mard,fold8/test_r2,fold8/test_pearson,fold8/test_ega_zone_a_pct,fold8/test_ega_zone_a_count,fold8/test_ega_zone_b_pct,fold8/test_ega_zone_b_count,fold8/test_ega_zone_c_pct,fold8/test_ega_zone_c_count,fold8/test_ega_zone_d_pct,fold8/test_ega_zone_d_count,fold8/test_ega_zone_e_pct,fold8/test_ega_zone_e_count,fold8/test_horizon_15_mae,fold8/test_horizon_15_rmse,fold8/test_horizon_15_mard,fold8/test_horizon_15_r2,fold8/test_horizon_15_pearson,fold8/test_horizon_15_ega_zone_a_pct,fold8/test_horizon_15_ega_zone_a_count,fold8/test_horizon_15_ega_zone_b_pct,fold8/test_horizon_15_ega_zone_b_count,fold8/test_horizon_15_ega_zone_c_pct,fold8/test_horizon_15_ega_zone_c_count,fold8/test_horizon_15_ega_zone_d_pct,fold8/test_horizon_15_ega_zone_d_count,fold8/test_horizon_15_ega_zone_e_pct,fold8/test_horizon_15_ega_zone_e_count,fold8/test_horizon_30_mae,fold8/test_horizon_30_rmse,fold8/test_horizon_30_mard,fold8/test_horizon_30_r2,fold8/test_horizon_30_pearson,fold8/test_horizon_30_ega_zone_a_pct,fold8/test_horizon_30_ega_zone_a_count,fold8/test_horizon_30_ega_zone_b_pct,fold8/test_horizon_30_ega_zone_b_count,fold8/test_horizon_30_ega_zone_c_pct,fold8/test_horizon_30_ega_zone_c_count,fold8/test_horizon_30_ega_zone_d_pct,fold8/test_horizon_30_ega_zone_d_count,fold8/test_horizon_30_ega_zone_e_pct,fold8/test_horizon_30_ega_zone_e_count,fold8/test_horizon_45_mae,fold8/test_horizon_45_rmse,fold8/test_horizon_45_mard,fold8/test_horizon_45_r2,fold8/test_horizon_45_pearson,fold8/test_horizon_45_ega_zone_a_pct,fold8/test_horizon_45_ega_zone_a_count,fold8/test_horizon_45_ega_zone_b_pct,fold8/test_horizon_45_ega_zone_b_count,fold8/test_horizon_45_ega_zone_c_pct,fold8/test_horizon_45_ega_zone_c_count,fold8/test_horizon_45_ega_zone_d_pct,fold8/test_horizon_45_ega_zone_d_count,fold8/test_horizon_45_ega_zone_e_pct,fold8/test_horizon_45_ega_zone_e_count,fold8/test_horizon_60_mae,fold8/test_horizon_60_rmse,fold8/test_horizon_60_mard,fold8/test_horizon_60_r2,fold8/test_horizon_60_pearson,fold8/test_horizon_60_ega_zone_a_pct,fold8/test_horizon_60_ega_zone_a_count,fold8/test_horizon_60_ega_zone_b_pct,fold8/test_horizon_60_ega_zone_b_count,fold8/test_horizon_60_ega_zone_c_pct,fold8/test_horizon_60_ega_zone_c_count,fold8/test_horizon_60_ega_zone_d_pct,fold8/test_horizon_60_ega_zone_d_count,fold8/test_horizon_60_ega_zone_e_pct,fold8/test_horizon_60_ega_zone_e_count
0,0.24431840086170517,9.65872573852539,13.712047576904297,8.847932815551758,0.42132359743118286,0.6762168407440186,89.71204376220703,6854.0,9.52879524230957,728.0,0.0,0.0,0.7591623067855835,58.0,0.0,0.0,5.957606315612793,8.339351654052734,5.504735946655273,0.7857805490493774,0.8906674385070801,97.3822021484375,1860.0,2.356020927429199,45.0,0.0,0.0,0.26178011298179626,5.0,0.0,0.0,9.656697273254395,13.502589225769043,8.856117248535156,0.44125425815582275,0.6920652389526367,89.42408752441406,1708.0,9.790575981140137,187.0,0.0,0.0,0.7853402495384216,15.0,0.0,0.0,11.069664001464844,15.299372673034668,10.141395568847656,0.27974092960357666,0.5788137316703796,86.43978881835938,1651.0,12.565443992614746,240.0,0.0,0.0,0.9947643876075745,19.0,0.0,0.0,11.950939178466797,16.313968658447266,10.889481544494629,0.17779195308685303,0.5009081363677979,85.60209655761719,1635.0,13.403141021728516,256.0,0.0,0.0,0.9947643876075745,19.0,0.0,0.0
step,fold9/train_loss,fold9/val_mae,fold9/val_rmse,fold9/val_mard,fold9/val_r2,fold9/val_pearson,fold9/val_ega_zone_a_pct,fold9/val_ega_zone_a_count,fold9/val_ega_zone_b_pct,fold9/val_ega_zone_b_count,fold9/val_ega_zone_c_pct,fold9/val_ega_zone_c_count,fold9/val_ega_zone_d_pct,fold9/val_ega_zone_d_count,fold9/val_ega_zone_e_pct,fold9/val_ega_zone_e_count,fold9/val_horizon_15_mae,fold9/val_horizon_15_rmse,fold9/val_horizon_15_mard,fold9/val_horizon_15_r2,fold9/val_horizon_15_pearson,fold9/val_horizon_15_ega_zone_a_pct,fold9/val_horizon_15_ega_zone_a_count,fold9/val_horizon_15_ega_zone_b_pct,fold9/val_horizon_15_ega_zone_b_count,fold9/val_horizon_15_ega_zone_c_pct,fold9/val_horizon_15_ega_zone_c_count,fold9/val_horizon_15_ega_zone_d_pct,fold9/val_horizon_15_ega_zone_d_count,fold9/val_horizon_15_ega_zone_e_pct,fold9/val_horizon_15_ega_zone_e_count,fold9/val_horizon_30_mae,fold9/val_horizon_30_rmse,fold9/val_horizon_30_mard,fold9/val_horizon_30_r2,fold9/val_horizon_30_pearson,fold9/val_horizon_30_ega_zone_a_pct,fold9/val_horizon_30_ega_zone_a_count,fold9/val_horizon_30_ega_zone_b_pct,fold9/val_horizon_30_ega_zone_b_count,fold9/val_horizon_30_ega_zone_c_pct,fold9/val_horizon_30_ega_zone_c_count,fold9/val_horizon_30_ega_zone_d_pct,fold9/val_horizon_30_ega_zone_d_count,fold9/val_horizon_30_ega_zone_e_pct,fold9/val_horizon_30_ega_zone_e_count,fold9/val_horizon_45_mae,fold9/val_horizon_45_rmse,fold9/val_horizon_45_mard,fold9/val_horizon_45_r2,fold9/val_horizon_45_pearson,fold9/val_horizon_45_ega_zone_a_pct,fold9/val_horizon_45_ega_zone_a_count,fold9/val_horizon_45_ega_zone_b_pct,fold9/val_horizon_45_ega_zone_b_count,fold9/val_horizon_45_ega_zone_c_pct,fold9/val_horizon_45_ega_zone_c_count,fold9/val_horizon_45_ega_zone_d_pct,fold9/val_horizon_45_ega_zone_d_count,fold9/val_horizon_45_ega_zone_e_pct,fold9/val_horizon_45_ega_zone_e_count,fold9/val_horizon_60_mae,fold9/val_horizon_60_rmse,fold9/val_horizon_60_mard,fold9/val_horizon_60_r2,fold9/val_horizon_60_pearson,fold9/val_horizon_60_ega_zone_a_pct,fold9/val_horizon_60_ega_zone_a_count,fold9/val_horizon_60_ega_zone_b_pct,fold9/val_horizon_60_ega_zone_b_count,fold9/val_horizon_60_ega_zone_c_pct,fold9/val_horizon_60_ega_zone_c_count,fold9/val_horizon_60_ega_zone_d_pct,fold9/val_horizon_60_ega_zone_d_count,fold9/val_horizon_60_ega_zone_e_pct,fold9/val_horizon_60_ega_zone_e_count,fold9/diag_fusion_gate_cgm,fold9/diag_fusion_gate_cgm_guided,fold9/diag_fusion_gate_physio,fold9/diag_horizon_query_similarity,fold9/diag_horizon_progressive_gate,fold9/diag_horizon_attention_similarity,fold9/diag_horizon_attention_entropy,fold9/diag_horizon_curriculum_progress,fold9/diag_loss_horizon_weight_0,fold9/diag_loss_horizon_weight_1,fold9/diag_loss_horizon_weight_2,fold9/diag_loss_horizon_weight_3
1,0.24709277814068187,12.677732467651367,20.215251922607422,11.275144577026367,0.34779542684555054,0.645496666431427,83.49269104003906,11876.0,15.501968383789062,2205.0,0.007030371576547623,1.0,0.9912823438644409,141.0,0.007030371576547623,1.0,7.290923118591309,11.087209701538086,6.4507904052734375,0.8044987916946411,0.8988847732543945,94.71316528320312,3368.0,4.865016937255859,173.0,0.0,0.0,0.4218222498893738,15.0,0.0,0.0,11.863503456115723,18.1242733001709,10.48190689086914,0.476326048374176,0.7182045578956604,84.70191192626953,3012.0,14.398200988769531,512.0,0.0,0.0,0.8998875617980957,32.0,0.0,0.0,14.761743545532227,22.616085052490234,13.08763599395752,0.18180203437805176,0.5460745692253113,79.0776138305664,2812.0,19.685039520263672,700.0,0.0,0.0,1.2373453378677368,44.0,0.0,0.0,16.79475975036621,25.91761589050293,15.080243110656738,-0.07455801963806152,0.39218100905418396,75.47806549072266,2684.0,23.059616088867188,820.0,0.02812148630619049,1.0,1.4060741662979126,50.0,0.02812148630619049,1.0,0.20354114472866058,0.43397676944732666,0.3624821901321411,-0.02471134066581726,0.11920291930437088,0.9996770024299622,0.9999514818191528,0.0,0.3333333432674408,0.28333333134651184,0.21666665375232697,0.1666666716337204
2,0.24389823277167078,12.443886756896973,19.82303237915039,11.079524040222168,0.3728582262992859,0.6485583186149597,83.82311248779297,11923.0,15.143420219421387,2154.0,0.007030371576547623,1.0,1.0264341831207275,146.0,0.0,0.0,7.234787464141846,10.984969139099121,6.429851055145264,0.8080877661705017,0.8996318578720093,94.7694091796875,3370.0,4.7806525230407715,170.0,0.0,0.0,0.44994378089904785,16.0,0.0,0.0,11.679169654846191,17.8104190826416,10.332832336425781,0.49430567026138306,0.719666063785553,85.34870910644531,3035.0,13.695162773132324,487.0,0.0,0.0,0.9561305046081543,34.0,0.0,0.0,14.472209930419922,22.1877384185791,12.853261947631836,0.21250170469284058,0.546274721622467,79.19010162353516,2816.0,19.544431686401367,695.0,0.0,0.0,1.2654668092727661,45.0,0.0,0.0,16.38937759399414,25.33049774169922,14.7021484375,-0.02642500400543213,0.3919980525970459,75.9842529296875,2702.0,22.553430557250977,802.0,0.02812148630619049,1.0,1.434195637702942,51.0,0.0,0.0,0.1980992555618286,0.37068119645118713,0.43121960759162903,-0.01663869060575962,0.11920291930437088,0.9993813037872314,0.9998239278793335,0.07142857142857142,0.3245614171028137,0.2788847088813782,0.21998745203018188,0.17656642198562622
3,0.2430213488000612,12.35639762878418,19.8055419921875,11.025732040405273,0.37396448850631714,0.6473649740219116,84.00590515136719,11949.0,14.95359992980957,2127.0,0.007030371576547623,1.0,1.0334645509719849,147.0,0.0,0.0,7.178884983062744,10.95506477355957,6.390820503234863,0.8091312646865845,0.9000028967857361,94.96625518798828,3377.0,4.555680751800537,162.0,0.0,0.0,0.47806525230407715,17.0,0.0,0.0,11.614570617675781,17.80417823791504,10.295263290405273,0.49466007947921753,0.7184671759605408,85.57367706298828,3043.0,13.47019100189209,479.0,0.0,0.0,0.9561305046081543,34.0,0.0,0.0,14.351865768432617,22.160232543945312,12.789450645446777,0.21445304155349731,0.5446590185165405,79.55567932128906,2829.0,19.178852081298828,682.0,0.0,0.0,1.2654668092727661,45.0,0.0,0.0,16.2802677154541,25.317182540893555,14.627398490905762,-0.02534627914428711,0.3882910907268524,75.92800903320312,2700.0,22.60967254638672,804.0,0.02812148630619049,1.0,1.434195637702942,51.0,0.0,0.0,0.10460924357175827,0.35180261731147766,0.5435881614685059,-0.01045846939086914,0.11920291930437088,0.998507559299469,0.9991339445114136,0.14285714285714285,0.31578949093818665,0.2744360864162445,0.223308265209198,0.18646617233753204
4,0.2418492973150446,12.3589506149292,19.801738739013672,11.051850318908691,0.37420493364334106,0.645800769329071,84.11839294433594,11965.0,14.841114044189453,2111.0,0.007030371576547623,1.0,1.0334645509719849,147.0,0.0,0.0,7.201808452606201,10.930241584777832,6.422680854797363,0.8099952340126038,0.900390088558197,95.1349868774414,3383.0,4.386951923370361,156.0,0.0,0.0,0.47806525230407715,17.0,0.0,0.0,11.647229194641113,17.812583923339844,10.340614318847656,0.4941827058792114,0.7172338366508484,85.43307495117188,3038.0,13.610797882080078,484.0,0.0,0.0,0.9561305046081543,34.0,0.0,0.0,14.338376998901367,22.13917350769043,12.812444686889648,0.21594536304473877,0.5413969159126282,79.49943542480469,2827.0,19.235095977783203,684.0,0.0,0.0,1.2654668092727661,45.0,0.0,0.0,16.248390197753906,25.328519821166992,14.631660461425781,-0.02626478672027588,0.38331422209739685,76.40607452392578,2717.0,22.131608963012695,787.0,0.02812148630619049,1.0,1.434195637702942,51.0,0.0,0.0,0.11764927208423615,0.2911841571331024,0.591166615486145,0.006704343017190695,0.11920291930437088,0.9964140057563782,0.998113214969635,0.21428571428571427,0.30701756477355957,0.26998746395111084,0.22662906348705292,0.19636592268943787
5,0.24014962272332632,12.311261177062988,19.797143936157227,10.970029830932617,0.3744952082633972,0.6431493759155273,84.28711700439453,11989.0,14.658324241638184,2085.0,0.014060743153095245,2.0,1.0404949188232422,148.0,0.0,0.0,7.1747541427612305,10.865476608276367,6.378959655761719,0.8122402429580688,0.9014617204666138,95.24747467041016,3387.0,4.274465560913086,152.0,0.0,0.0,0.47806525230407715,17.0,0.0,0.0,11.652302742004395,17.82910919189453,10.297940254211426,0.4932437539100647,0.7147057056427002,85.68616485595703,3047.0,13.357705116271973,475.0,0.0,0.0,0.9561305046081543,34.0,0.0,0.0,14.276408195495605,22.139678955078125,12.708828926086426,0.21590960025787354,0.5368915796279907,79.6962890625,2834.0,19.01012420654297,676.0,0.0,0.0,1.2935882806777954,46.0,0.0,0.0,16.141576766967773,25.329952239990234,14.494390487670898,-0.02638077735900879,0.3756878077983856,76.51856231689453,2721.0,21.99100112915039,782.0,0.05624297261238098,2.0,1.434195637702942,51.0,0.0,0.0,0.11060433834791183,0.3223382234573364,0.5670574903488159,0.009103002957999706,0.11920291930437088,0.9963427186012268,0.9988877773284912,0.2857142857142857,0.2982456088066101,0.2655388414859772,0.22994986176490784,0.2062656730413437
6,0.23981824137767432,12.30401611328125,19.751779556274414,10.944279670715332,0.37735867500305176,0.6424994468688965,84.50506591796875,12020.0,14.447413444519043,2055.0,0.007030371576547623,1.0,1.0404949188232422,148.0,0.0,0.0,7.1955671310424805,10.812620162963867,6.401016712188721,0.8140625953674316,0.9024117588996887,95.24747467041016,3387.0,4.274465560913086,152.0,0.0,0.0,0.47806525230407715,17.0,0.0,0.0,11.689352989196777,17.811826705932617,10.32563304901123,0.49422574043273926,0.7141509056091309,85.79865264892578,3051.0,13.245219230651855,471.0,0.0,0.0,0.9561305046081543,34.0,0.0,0.0,14.253597259521484,22.128074645996094,12.656302452087402,0.2167312502861023,0.5327681303024292,80.0899887084961,2848.0,18.616422653198242,662.0,0.0,0.0,1.2935882806777954,46.0,0.0,0.0,16.077545166015625,25.233020782470703,14.394168853759766,-0.018540501594543457,0.37087154388427734,76.88414001464844,2734.0,21.65354347229004,770.0,0.02812148630619049,1.0,1.434195637702942,51.0,0.0,0.0,0.11831193417310715,0.29941239953041077,0.5822756886482239,0.01360356342047453,0.11920291930437088,0.9971478581428528,0.9991710186004639,0.35714285714285715,0.28947368264198303,0.2610902190208435,0.23327067494392395,0.2161654233932495
7,0.23447487343652218,12.202547073364258,19.59787368774414,10.868343353271484,0.3870241045951843,0.6471842527389526,84.63863372802734,12039.0,14.299776077270508,2034.0,0.014060743153095245,2.0,1.0404949188232422,148.0,0.007030371576547623,1.0,7.017293930053711,10.442919731140137,6.260858535766602,0.8265601396560669,0.9091811180114746,95.33183288574219,3390.0,4.161979675292969,148.0,0.0,0.0,0.5061867237091064,18.0,0.0,0.0,11.578399658203125,17.582616806030273,10.23922061920166,0.5071590542793274,0.7211102843284607,85.88301849365234,3054.0,13.132733345031738,467.0,0.0,0.0,0.9842519760131836,35.0,0.0,0.0,14.182923316955566,22.021930694580078,12.607224464416504,0.22422760725021362,0.5352436900138855,80.39932250976562,2859.0,18.335208892822266,652.0,0.0,0.0,1.2654668092727661,45.0,0.0,0.0,16.031570434570312,25.162235260009766,14.366073608398438,-0.012833952903747559,0.37128493189811707,76.94038391113281,2736.0,21.56917953491211,767.0,0.05624297261238098,2.0,1.4060741662979126,50.0,0.02812148630619049,1.0,0.18658512830734253,0.31541526317596436,0.4979996383190155,0.03528060019016266,0.11920291930437088,0.9979463219642639,0.9989300966262817,0.42857142857142855,0.28070175647735596,0.25664159655570984,0.23659147322177887,0.22606515884399414
8,0.23138263180899796,12.090618133544922,19.43135643005371,10.779709815979004,0.3973963260650635,0.6551149487495422,85.06748962402344,12100.0,13.884982109069824,1975.0,0.014060743153095245,2.0,1.0194038152694702,145.0,0.014060743153095245,2.0,6.738522052764893,9.995272636413574,6.011621952056885,0.8411108255386353,0.9172099232673645,96.23171997070312,3422.0,3.346456527709961,119.0,0.0,0.0,0.4218222498893738,15.0,0.0,0.0,11.435474395751953,17.304912567138672,10.129055976867676,0.52260422706604,0.7315972447395325,86.61417388916016,3080.0,12.401575088500977,441.0,0.0,0.0,0.9842519760131836,35.0,0.0,0.0,14.146553993225098,21.9027099609375,12.586459159851074,0.2326045036315918,0.542548418045044,80.70865631103516,2870.0,17.997751235961914,640.0,0.0,0.0,1.2935882806777954,46.0,0.0,0.0,16.041921615600586,25.1240177154541,14.391700744628906,-0.009759664535522461,0.37498384714126587,76.71540832519531,2728.0,21.794151306152344,775.0,0.05624297261238098,2.0,1.3779526948928833,49.0,0.05624297261238098,2.0,0.19580039381980896,0.32674089074134827,0.47745877504348755,0.056114185601472855,0.11920291930437088,0.9986951351165771,0.9989272356033325,0.5,0.2719298303127289,0.25219297409057617,0.2399122714996338,0.23596492409706116
9,0.22888104489829816,11.946817398071289,19.269519805908203,10.615561485290527,0.4073922634124756,0.6592141389846802,85.51040649414062,12163.0,13.442069053649902,1912.0,0.014060743153095245,2.0,1.0194038152694702,145.0,0.014060743153095245,2.0,6.584778785705566,9.74833869934082,5.876430988311768,0.8488646149635315,0.9215537905693054,96.59730529785156,3435.0,2.98087739944458,106.0,0.0,0.0,0.4218222498893738,15.0,0.0,0.0,11.333161354064941,17.144027709960938,10.008122444152832,0.5314397811889648,0.7364271283149719,86.83914184570312,3088.0,12.176603317260742,433.0,0.0,0.0,0.9842519760131836,35.0,0.0,0.0,14.044778823852539,21.7767333984375,12.438056945800781,0.24140673875808716,0.5423872470855713,81.07423400878906,2883.0,17.632171630859375,627.0,0.0,0.0,1.2935882806777954,46.0,0.0,0.0,15.824551582336426,24.941600799560547,14.139636039733887,0.004850149154663086,0.37084877490997314,77.53092956542969,2757.0,20.978628158569336,746.0,0.05624297261238098,2.0,1.3779526948928833,49.0,0.05624297261238098,2.0,0.2258756011724472,0.3437391519546509,0.4303852319717407,0.07946434617042542,0.11920291930437088,0.9993669986724854,0.998038649559021,0.5714285714285714,0.2631579041481018,0.2477443516254425,0.2432330846786499,0.24586467444896698
10,0.22458685330673064,11.925301551818848,19.149734497070312,10.569018363952637,0.41473710536956787,0.6669290065765381,85.60179901123047,12176.0,13.378795623779297,1903.0,0.014060743153095245,2.0,1.0053430795669556,143.0,0.0,0.0,6.479745388031006,9.492196083068848,5.784327983856201,0.8567025661468506,0.9260077476501465,96.9066390991211,3446.0,2.7277839183807373,97.0,0.0,0.0,0.3655792772769928,13.0,0.0,0.0,11.333261489868164,17.030723571777344,9.985000610351562,0.5376126766204834,0.7422398924827576,86.81102752685547,3087.0,12.2328462600708,435.0,0.0,0.0,0.9561305046081543,34.0,0.0,0.0,14.056994438171387,21.696630477905273,12.414496421813965,0.2469773292541504,0.5512827038764954,81.01799774169922,2881.0,17.716535568237305,630.0,0.0,0.0,1.2654668092727661,45.0,0.0,0.0,15.831205368041992,24.818504333496094,14.092243194580078,0.014648914337158203,0.38443630933761597,77.67153930664062,2762.0,20.83802032470703,741.0,0.05624297261238098,2.0,1.434195637702942,51.0,0.0,0.0,0.25252100825309753,0.35526812076568604,0.3922109305858612,0.09800393134355545,0.11920291930437088,0.9993826746940613,0.9979816675186157,0.6428571428571429,0.25438597798347473,0.24329572916030884,0.24655388295650482,0.2557644248008728
11,0.2211385179115608,11.800395965576172,18.91311264038086,10.466994285583496,0.42911118268966675,0.6765983700752258,85.93925476074219,12224.0,13.048368453979492,1856.0,0.014060743153095245,2.0,0.9912823438644409,141.0,0.007030371576547623,1.0,6.348994255065918,9.309426307678223,5.6816229820251465,0.8621677756309509,0.9289814829826355,97.04724884033203,3451.0,2.587176561355591,92.0,0.0,0.0,0.3655792772769928,13.0,0.0,0.0,11.224664688110352,16.79774284362793,9.907249450683594,0.5501770973205566,0.7500959038734436,87.17660522460938,3100.0,11.867266654968262,422.0,0.0,0.0,0.9561305046081543,34.0,0.0,0.0,13.942420959472656,21.420270919799805,12.315361022949219,0.26603829860687256,0.5647941827774048,81.664794921875,2904.0,17.097862243652344,608.0,0.0,0.0,1.2373453378677368,44.0,0.0,0.0,15.685501098632812,24.559432983398438,13.9637451171875,0.035112977027893066,0.4012467563152313,77.86839294433594,2769.0,20.641170501708984,734.0,0.05624297261238098,2.0,1.4060741662979126,50.0,0.02812148630619049,1.0,0.2693658471107483,0.3748944103717804,0.3557397723197937,0.1162143424153328,0.11920291930437088,0.9993316531181335,0.9974857568740845,0.7142857142857143,0.24561403691768646,0.23884710669517517,0.24987469613552094,0.26566416025161743
12,0.2195945863785793,11.84019660949707,19.04381561279297,10.508689880371094,0.4211934804916382,0.6717754602432251,86.04470825195312,12239.0,12.942913055419922,1841.0,0.014060743153095245,2.0,0.9842519760131836,140.0,0.014060743153095245,2.0,6.359801292419434,9.27795696258545,5.679625988006592,0.8630980253219604,0.9294678568840027,96.99100494384766,3449.0,2.6434195041656494,94.0,0.0,0.0,0.3655792772769928,13.0,0.0,0.0,11.264874458312988,16.892942428588867,9.939699172973633,0.5450639724731445,0.7470994591712952,87.45781707763672,3110.0,11.586050987243652,412.0,0.0,0.0,0.9561305046081543,34.0,0.0,0.0,13.980021476745605,21.585947036743164,12.3665132522583,0.2546406388282776,0.5574545860290527,81.77728271484375,2908.0,16.985376358032227,604.0,0.0,0.0,1.2373453378677368,44.0,0.0,0.0,15.756089210510254,24.764137268066406,14.04892349243164,0.018961310386657715,0.39039865136146545,77.95275115966797,2772.0,20.556806564331055,731.0,0.05624297261238098,2.0,1.3779526948928833,49.0,0.05624297261238098,2.0,0.23975884914398193,0.3930254578590393,0.36721575260162354,0.12975376844406128,0.11920291930437088,0.9992427825927734,0.9971818327903748,0.7857142857142857,0.23684212565422058,0.2343984991312027,0.25319552421569824,0.27556392550468445
13,0.21381667742240099,11.710894584655762,18.81011962890625,10.400786399841309,0.4353119134902954,0.6791110634803772,86.0868911743164,12245.0,12.900731086730957,1835.0,0.014060743153095245,2.0,0.9842519760131836,140.0,0.014060743153095245,2.0,6.273711204528809,9.125690460205078,5.612304210662842,0.8675547242164612,0.9317969083786011,96.8785171508789,3445.0,2.7559053897857666,98.0,0.0,0.0,0.3655792772769928,13.0,0.0,0.0,11.12730598449707,16.686302185058594,9.84512996673584,0.5561256408691406,0.7531258463859558,87.82339477539062,3123.0,11.22047233581543,399.0,0.0,0.0,0.9561305046081543,34.0,0.0,0.0,13.869894027709961,21.354808807373047,12.276464462280273,0.2705175280570984,0.5649717450141907,81.88976287841797,2912.0,16.87289047241211,600.0,0.0,0.0,1.2373453378677368,44.0,0.0,0.0,15.572665214538574,24.4447078704834,13.869243621826172,0.04410660266876221,0.4008882939815521,77.75590515136719,2765.0,20.7536563873291,738.0,0.05624297261238098,2.0,1.3779526948928833,49.0,0.05624297261238098,2.0,0.23859335482120514,0.3754708766937256,0.38593581318855286,0.13427786529064178,0.11920291930437088,0.9988033771514893,0.9962723255157471,0.8571428571428571,0.22807016968727112,0.22994986176490784,0.25651630759239197,0.2854636609554291
14,0.21075259900687376,11.683917045593262,18.65848159790039,10.355531692504883,0.44437968730926514,0.6837900876998901,85.98846435546875,12231.0,12.99915599822998,1849.0,0.0,0.0,0.9983127117156982,142.0,0.014060743153095245,2.0,6.2643842697143555,9.083412170410156,5.61190938949585,0.8687791228294373,0.9324262142181396,96.8785171508789,3445.0,2.7559053897857666,98.0,0.0,0.0,0.3655792772769928,13.0,0.0,0.0,11.1154146194458,16.634021759033203,9.822996139526367,0.5589028596878052,0.7541297078132629,87.82339477539062,3123.0,11.192350387573242,398.0,0.0,0.0,0.9842519760131836,35.0,0.0,0.0,13.855571746826172,21.172395706176758,12.227653503417969,0.2829267978668213,0.5707581639289856,81.41170501708984,2895.0,17.32283592224121,616.0,0.0,0.0,1.2654668092727661,45.0,0.0,0.0,15.500301361083984,24.188556671142578,13.759570121765137,0.06403493881225586,0.41148972511291504,77.84027099609375,2768.0,20.725534439086914,737.0,0.0,0.0,1.3779526948928833,49.0,0.05624297261238098,2.0,0.2359512597322464,0.37340959906578064,0.39063918590545654,0.13283078372478485,0.11920291930437088,0.9984605312347412,0.9966081976890564,0.9285714285714286,0.21929824352264404,0.22550123929977417,0.2598370909690857,0.2953633964061737
15,0.20703483537905587,11.718238830566406,18.68897247314453,10.37621784210205,0.4425622820854187,0.6823854446411133,85.79161834716797,12203.0,13.196006774902344,1877.0,0.0,0.0,1.0053430795669556,143.0,0.007030371576547623,1.0,6.248210906982422,9.07009506225586,5.5885443687438965,0.8691635727882385,0.9327366352081299,96.96288299560547,3448.0,2.6715409755706787,95.0,0.0,0.0,0.3655792772769928,13.0,0.0,0.0,11.144943237304688,16.669816970825195,9.8311128616333,0.5570024251937866,0.7529988288879395,87.34532928466797,3106.0,11.670415878295898,415.0,0.0,0.0,0.9842519760131836,35.0,0.0,0.0,13.91475772857666,21.245655059814453,12.266987800598145,0.2779558300971985,0.5664232969284058,81.32733917236328,2892.0,17.40719985961914,619.0,0.0,0.0,1.2654668092727661,45.0,0.0,0.0,15.565044403076172,24.198833465576172,13.818224906921387,0.06323939561843872,0.40927770733833313,77.53092956542969,2757.0,21.034870147705078,748.0,0.0,0.0,1.4060741662979126,50.0,0.02812148630619049,1.0,0.22743728756904602,0.38993799686431885,0.3826247751712799,0.1422353982925415,0.11920291930437088,0.9980859756469727,0.9957874417304993,1.0,0.21052631735801697,0.2210526168346405,0.2631579041481018,0.3052631616592407
16,0.19712179055836193,11.733880996704102,18.675491333007812,10.405085563659668,0.4433661699295044,0.6822071671485901,85.72834777832031,12194.0,13.259279251098633,1886.0,0.0,0.0,1.0053430795669556,143.0,0.007030371576547623,1.0,6.230579376220703,9.015685081481934,5.585789680480957,0.870728611946106,0.9334458708763123,97.13160705566406,3454.0,2.502812147140503,89.0,0.0,0.0,0.3655792772769928,13.0,0.0,0.0,11.144928932189941,16.628494262695312,9.859962463378906,0.5591959357261658,0.7535433173179626,87.5140609741211,3112.0,11.501687049865723,409.0,0.0,0.0,0.9842519760131836,35.0,0.0,0.0,13.934758186340332,21.251684188842773,12.312374114990234,0.2775459289550781,0.5655272603034973,81.07423400878906,2883.0,17.660293579101562,628.0,0.0,0.0,1.2654668092727661,45.0,0.0,0.0,15.625255584716797,24.20067024230957,13.862217903137207,0.06309717893600464,0.4078787565231323,77.19347381591797,2745.0,21.37232780456543,760.0,0.0,0.0,1.4060741662979126,50.0,0.02812148630619049,1.0,0.22686804831027985,0.40982434153556824,0.3633076846599579,0.14996978640556335,0.11920291930437088,0.9980513453483582,0.9955815076828003,1.0,0.21052631735801697,0.2210526168346405,0.2631579041481018,0.3052631616592407
17,0.18968186480428112,11.763495445251465,18.824527740478516,10.435193061828613,0.4344465136528015,0.6779405474662781,85.63694763183594,12181.0,13.357705116271973,1900.0,0.0,0.0,0.9983127117156982,142.0,0.007030371576547623,1.0,6.256828308105469,9.116535186767578,5.607234477996826,0.8678203821182251,0.9319726824760437,96.93476104736328,3447.0,2.6715409755706787,95.0,0.0,0.0,0.3937007784843445,14.0,0.0,0.0,11.184070587158203,16.788637161254883,9.899312019348145,0.5506646037101746,0.749013364315033,87.2890853881836,3104.0,11.754780769348145,418.0,0.0,0.0,0.9561305046081543,34.0,0.0,0.0,13.982892036437988,21.4672794342041,12.363166809082031,0.2628132104873657,0.5579640865325928,80.79302215576172,2873.0,17.969629287719727,639.0,0.0,0.0,1.2373453378677368,44.0,0.0,0.0,15.630191802978516,24.3236026763916,13.871063232421875,0.053554534912109375,0.4051530361175537,77.53092956542969,2757.0,21.034870147705078,748.0,0.0,0.0,1.4060741662979126,50.0,0.02812148630619049,1.0,0.2144232988357544,0.41907593607902527,0.3665007948875427,0.16063682734966278,0.11920291930437088,0.9983935952186584,0.9948844909667969,1.0,0.21052631735801697,0.2210526168346405,0.2631579041481018,0.3052631616592407
18,0.18460116606279053,11.961371421813965,19.012958526611328,10.62912368774414,0.4230676293373108,0.6719534993171692,85.20809936523438,12120.0,13.75843620300293,1957.0,0.0,0.0,1.0264341831207275,146.0,0.007030371576547623,1.0,6.321993350982666,9.23092269897461,5.660397052764893,0.864482581615448,0.9301952719688416,96.9066390991211,3446.0,2.699662446975708,96.0,0.0,0.0,0.3937007784843445,14.0,0.0,0.0,11.40556812286377,17.061511993408203,10.106132507324219,0.5359392166137695,0.7408620715141296,86.5298080444336,3077.0,12.429696083068848,442.0,0.0,0.0,1.0404949188232422,37.0,0.0,0.0,14.241971969604492,21.69816017150879,12.625253677368164,0.24687105417251587,0.549789309501648,80.34307861328125,2857.0,18.391450881958008,654.0,0.0,0.0,1.2654668092727661,45.0,0.0,0.0,15.875953674316406,24.471515655517578,14.124711036682129,0.04200887680053711,0.4005795419216156,77.05286407470703,2740.0,21.512935638427734,765.0,0.0,0.0,1.4060741662979126,50.0,0.02812148630619049,1.0,0.22654378414154053,0.41117119789123535,0.3622851073741913,0.16219408810138702,0.11920291930437088,0.9986935257911682,0.9950958490371704,1.0,0.21052631735801697,0.2210526168346405,0.2631579041481018,0.3052631616592407
19,0.17764864168755642,12.068361282348633,19.093795776367188,10.72742748260498,0.418151319026947,0.6688835024833679,84.84252166748047,12068.0,14.124016761779785,2009.0,0.0,0.0,1.0264341831207275,146.0,0.007030371576547623,1.0,6.265415191650391,9.102643013000488,5.619111061096191,0.8682228922843933,0.932217001914978,96.99100494384766,3449.0,2.6434195041656494,94.0,0.0,0.0,0.3655792772769928,13.0,0.0,0.0,11.434670448303223,17.003326416015625,10.138276100158691,0.5390990972518921,0.7424657940864563,86.5016860961914,3076.0,12.457818031311035,443.0,0.0,0.0,1.0404949188232422,37.0,0.0,0.0,14.430999755859375,21.811880111694336,12.793768882751465,0.23895615339279175,0.5438267588615417,79.52755737304688,2828.0,19.178852081298828,682.0,0.0,0.0,1.2935882806777954,46.0,0.0,0.0,16.14235496520996,24.709566116333008,14.358552932739258,0.023280084133148193,0.38867902755737305,76.3498306274414,2715.0,22.215972900390625,790.0,0.0,0.0,1.4060741662979126,50.0,0.02812148630619049,1.0,0.23724718391895294,0.3975078761577606,0.3652450144290924,0.1612609475851059,0.11920291930437088,0.9989078044891357,0.9944360852241516,1.0,0.21052631735801697,0.2210526168346405,0.2631579041481018,0.3052631616592407
20,0.17012198932438719,12.121036529541016,19.253454208374023,10.764646530151367,0.40838003158569336,0.6632768511772156,84.95500946044922,12084.0,14.025589942932129,1995.0,0.0,0.0,1.012373447418213,144.0,0.007030371576547623,1.0,6.263961315155029,9.099519729614258,5.608304023742676,0.8683133125305176,0.9322099089622498,97.04724884033203,3451.0,2.61529803276062,93.0,0.0,0.0,0.3374578058719635,12.0,0.0,0.0,11.452707290649414,17.117008209228516,10.148778915405273,0.532915472984314,0.7389084100723267,86.5298080444336,3077.0,12.457818031311035,443.0,0.0,0.0,1.012373447418213,36.0,0.0,0.0,14.484434127807617,22.019886016845703,12.832006454467773,0.22437173128128052,0.5358574986457825,79.75252532958984,2836.0,18.953880310058594,674.0,0.0,0.0,1.2935882806777954,46.0,0.0,0.0,16.28304100036621,24.94219970703125,14.46949577331543,0.0048024654388427734,0.37823840975761414,76.49044036865234,2720.0,22.07536506652832,785.0,0.0,0.0,1.4060741662979126,50.0,0.02812148630619049,1.0,0.23404057323932648,0.405959814786911,0.3599996864795685,0.16512838006019592,0.11920291930437088,0.9984981417655945,0.9944072365760803,1.0,0.21052631735801697,0.2210526168346405,0.2631579041481018,0.3052631616592407
21,0.1641691861922074,12.121384620666504,19.27887725830078,10.760734558105469,0.40681660175323486,0.6630492210388184,85.07452392578125,12101.0,13.892012596130371,1976.0,0.0,0.0,1.0334645509719849,147.0,0.0,0.0,6.265175819396973,9.139885902404785,5.601624965667725,0.867142379283905,0.9316604733467102,97.10348510742188,3453.0,2.5309336185455322,90.0,0.0,0.0,0.3655792772769928,13.0,0.0,0.0,11.436871528625488,17.147506713867188,10.122613906860352,0.5312495231628418,0.7383805513381958,86.361083984375,3071.0,12.598424911499023,448.0,0.0,0.0,1.0404949188232422,37.0,0.0,0.0,14.46872329711914,22.00703239440918,12.815974235534668,0.2252768874168396,0.5379242300987244,80.03374481201172,2846.0,18.672666549682617,664.0,0.0,0.0,1.2935882806777954,46.0,0.0,0.0,16.31476593017578,24.996326446533203,14.502721786499023,0.00047844648361206055,0.3780220150947571,76.79977416992188,2731.0,21.766029357910156,774.0,0.0,0.0,1.434195637702942,51.0,0.0,0.0,0.23840172588825226,0.3930082619190216,0.36859002709388733,0.1703769415616989,0.11920291930437088,0.9985964298248291,0.9948017597198486,1.0,0.21052631735801697,0.2210526168346405,0.2631579041481018,0.3052631616592407
22,0.16087081211714063,12.107378005981445,19.28866195678711,10.73763370513916,0.4062143564224243,0.6626915335655212,85.00421905517578,12091.0,13.976377487182617,1988.0,0.0,0.0,1.0194038152694702,145.0,0.0,0.0,6.238407611846924,9.13099193572998,5.581949710845947,0.8674007654190063,0.9317947626113892,97.10348510742188,3453.0,2.5590550899505615,91.0,0.0,0.0,0.3374578058719635,12.0,0.0,0.0,11.428850173950195,17.149982452392578,10.10866641998291,0.5311141014099121,0.7384694218635559,86.83914184570312,3088.0,12.148481369018555,432.0,0.0,0.0,1.012373447418213,36.0,0.0,0.0,14.464911460876465,22.018722534179688,12.790725708007812,0.2244536280632019,0.5373451113700867,79.8368911743164,2839.0,18.869516372680664,671.0,0.0,0.0,1.2935882806777954,46.0,0.0,0.0,16.297348022460938,25.01776885986328,14.469189643859863,-0.001237034797668457,0.3764655590057373,76.23734283447266,2711.0,22.328458786010742,794.0,0.0,0.0,1.434195637702942,51.0,0.0,0.0,0.2424384206533432,0.37592166662216187,0.3816399872303009,0.17327193915843964,0.11920291930437088,0.99860018491745,0.9949691295623779,1.0,0.21052631735801697,0.2210526168346405,0.2631579041481018,0.3052631616592407
step,fold9/test_loss,fold9/test_mae,fold9/test_rmse,fold9/test_mard,fold9/test_r2,fold9/test_pearson,fold9/test_ega_zone_a_pct,fold9/test_ega_zone_a_count,fold9/test_ega_zone_b_pct,fold9/test_ega_zone_b_count,fold9/test_ega_zone_c_pct,fold9/test_ega_zone_c_count,fold9/test_ega_zone_d_pct,fold9/test_ega_zone_d_count,fold9/test_ega_zone_e_pct,fold9/test_ega_zone_e_count,fold9/test_horizon_15_mae,fold9/test_horizon_15_rmse,fold9/test_horizon_15_mard,fold9/test_horizon_15_r2,fold9/test_horizon_15_pearson,fold9/test_horizon_15_ega_zone_a_pct,fold9/test_horizon_15_ega_zone_a_count,fold9/test_horizon_15_ega_zone_b_pct,fold9/test_horizon_15_ega_zone_b_count,fold9/test_horizon_15_ega_zone_c_pct,fold9/test_horizon_15_ega_zone_c_count,fold9/test_horizon_15_ega_zone_d_pct,fold9/test_horizon_15_ega_zone_d_count,fold9/test_horizon_15_ega_zone_e_pct,fold9/test_horizon_15_ega_zone_e_count,fold9/test_horizon_30_mae,fold9/test_horizon_30_rmse,fold9/test_horizon_30_mard,fold9/test_horizon_30_r2,fold9/test_horizon_30_pearson,fold9/test_horizon_30_ega_zone_a_pct,fold9/test_horizon_30_ega_zone_a_count,fold9/test_horizon_30_ega_zone_b_pct,fold9/test_horizon_30_ega_zone_b_count,fold9/test_horizon_30_ega_zone_c_pct,fold9/test_horizon_30_ega_zone_c_count,fold9/test_horizon_30_ega_zone_d_pct,fold9/test_horizon_30_ega_zone_d_count,fold9/test_horizon_30_ega_zone_e_pct,fold9/test_horizon_30_ega_zone_e_count,fold9/test_horizon_45_mae,fold9/test_horizon_45_rmse,fold9/test_horizon_45_mard,fold9/test_horizon_45_r2,fold9/test_horizon_45_pearson,fold9/test_horizon_45_ega_zone_a_pct,fold9/test_horizon_45_ega_zone_a_count,fold9/test_horizon_45_ega_zone_b_pct,fold9/test_horizon_45_ega_zone_b_count,fold9/test_horizon_45_ega_zone_c_pct,fold9/test_horizon_45_ega_zone_c_count,fold9/test_horizon_45_ega_zone_d_pct,fold9/test_horizon_45_ega_zone_d_count,fold9/test_horizon_45_ega_zone_e_pct,fold9/test_horizon_45_ega_zone_e_count,fold9/test_horizon_60_mae,fold9/test_horizon_60_rmse,fold9/test_horizon_60_mard,fold9/test_horizon_60_r2,fold9/test_horizon_60_pearson,fold9/test_horizon_60_ega_zone_a_pct,fold9/test_horizon_60_ega_zone_a_count,fold9/test_horizon_60_ega_zone_b_pct,fold9/test_horizon_60_ega_zone_b_count,fold9/test_horizon_60_ega_zone_c_pct,fold9/test_horizon_60_ega_zone_c_count,fold9/test_horizon_60_ega_zone_d_pct,fold9/test_horizon_60_ega_zone_d_count,fold9/test_horizon_60_ega_zone_e_pct,fold9/test_horizon_60_ega_zone_e_count
0,0.3269598078808308,11.162455558776855,17.78203010559082,8.362091064453125,0.4068954586982727,0.6727902293205261,90.05311584472656,7460.0,9.94688606262207,824.0,0.0,0.0,0.0,0.0,0.0,0.0,5.461176872253418,7.796631336212158,4.192480564117432,0.885995090007782,0.9438184499740601,99.22743225097656,2055.0,0.7725736498832703,16.0,0.0,0.0,0.0,0.0,0.0,0.0,10.262439727783203,15.377632141113281,7.718834400177002,0.5562381148338318,0.7619230151176453,91.93626403808594,1904.0,8.063736915588379,167.0,0.0,0.0,0.0,0.0,0.0,0.0,13.493441581726074,20.56575584411621,10.053071022033691,0.20656579732894897,0.539469838142395,85.99710083007812,1781.0,14.002897262573242,290.0,0.0,0.0,0.0,0.0,0.0,0.0,15.43276309967041,23.336517333984375,11.483981132507324,-0.021061062812805176,0.3801034390926361,83.05166625976562,1720.0,16.948335647583008,351.0,0.0,0.0,0.0,0.0,0.0,0.0
step,fold10/train_loss,fold10/val_mae,fold10/val_rmse,fold10/val_mard,fold10/val_r2,fold10/val_pearson,fold10/val_ega_zone_a_pct,fold10/val_ega_zone_a_count,fold10/val_ega_zone_b_pct,fold10/val_ega_zone_b_count,fold10/val_ega_zone_c_pct,fold10/val_ega_zone_c_count,fold10/val_ega_zone_d_pct,fold10/val_ega_zone_d_count,fold10/val_ega_zone_e_pct,fold10/val_ega_zone_e_count,fold10/val_horizon_15_mae,fold10/val_horizon_15_rmse,fold10/val_horizon_15_mard,fold10/val_horizon_15_r2,fold10/val_horizon_15_pearson,fold10/val_horizon_15_ega_zone_a_pct,fold10/val_horizon_15_ega_zone_a_count,fold10/val_horizon_15_ega_zone_b_pct,fold10/val_horizon_15_ega_zone_b_count,fold10/val_horizon_15_ega_zone_c_pct,fold10/val_horizon_15_ega_zone_c_count,fold10/val_horizon_15_ega_zone_d_pct,fold10/val_horizon_15_ega_zone_d_count,fold10/val_horizon_15_ega_zone_e_pct,fold10/val_horizon_15_ega_zone_e_count,fold10/val_horizon_30_mae,fold10/val_horizon_30_rmse,fold10/val_horizon_30_mard,fold10/val_horizon_30_r2,fold10/val_horizon_30_pearson,fold10/val_horizon_30_ega_zone_a_pct,fold10/val_horizon_30_ega_zone_a_count,fold10/val_horizon_30_ega_zone_b_pct,fold10/val_horizon_30_ega_zone_b_count,fold10/val_horizon_30_ega_zone_c_pct,fold10/val_horizon_30_ega_zone_c_count,fold10/val_horizon_30_ega_zone_d_pct,fold10/val_horizon_30_ega_zone_d_count,fold10/val_horizon_30_ega_zone_e_pct,fold10/val_horizon_30_ega_zone_e_count,fold10/val_horizon_45_mae,fold10/val_horizon_45_rmse,fold10/val_horizon_45_mard,fold10/val_horizon_45_r2,fold10/val_horizon_45_pearson,fold10/val_horizon_45_ega_zone_a_pct,fold10/val_horizon_45_ega_zone_a_count,fold10/val_horizon_45_ega_zone_b_pct,fold10/val_horizon_45_ega_zone_b_count,fold10/val_horizon_45_ega_zone_c_pct,fold10/val_horizon_45_ega_zone_c_count,fold10/val_horizon_45_ega_zone_d_pct,fold10/val_horizon_45_ega_zone_d_count,fold10/val_horizon_45_ega_zone_e_pct,fold10/val_horizon_45_ega_zone_e_count,fold10/val_horizon_60_mae,fold10/val_horizon_60_rmse,fold10/val_horizon_60_mard,fold10/val_horizon_60_r2,fold10/val_horizon_60_pearson,fold10/val_horizon_60_ega_zone_a_pct,fold10/val_horizon_60_ega_zone_a_count,fold10/val_horizon_60_ega_zone_b_pct,fold10/val_horizon_60_ega_zone_b_count,fold10/val_horizon_60_ega_zone_c_pct,fold10/val_horizon_60_ega_zone_c_count,fold10/val_horizon_60_ega_zone_d_pct,fold10/val_horizon_60_ega_zone_d_count,fold10/val_horizon_60_ega_zone_e_pct,fold10/val_horizon_60_ega_zone_e_count,fold10/diag_fusion_gate_cgm,fold10/diag_fusion_gate_cgm_guided,fold10/diag_fusion_gate_physio,fold10/diag_horizon_query_similarity,fold10/diag_horizon_progressive_gate,fold10/diag_horizon_attention_similarity,fold10/diag_horizon_attention_entropy,fold10/diag_horizon_curriculum_progress,fold10/diag_loss_horizon_weight_0,fold10/diag_loss_horizon_weight_1,fold10/diag_loss_horizon_weight_2,fold10/diag_loss_horizon_weight_3
1,0.24612425428616216,9.626114845275879,15.414326667785645,8.202384948730469,0.45595407485961914,0.6979395747184753,90.8432388305664,21697.0,9.119075775146484,2178.0,0.0,0.0,0.03768213093280792,9.0,0.0,0.0,5.702155590057373,8.873663902282715,4.930859088897705,0.8188400864601135,0.9053117036819458,97.88980102539062,5845.0,2.0767040252685547,124.0,0.0,0.0,0.0334952250123024,2.0,0.0,0.0,9.170766830444336,14.357081413269043,7.797589302062988,0.5278571248054504,0.7401448488235474,91.87740325927734,5486.0,8.08909797668457,483.0,0.0,0.0,0.0334952250123024,2.0,0.0,0.0,11.152267456054688,17.385229110717773,9.453425407409668,0.309279203414917,0.6089419722557068,88.17618560791016,5265.0,11.790319442749023,704.0,0.0,0.0,0.0334952250123024,2.0,0.0,0.0,12.479268074035645,19.060216903686523,10.627666473388672,0.1707761287689209,0.5163400769233704,85.42958068847656,5101.0,14.520179748535156,867.0,0.0,0.0,0.0502428375184536,3.0,0.0,0.0,0.42539289593696594,0.2990245819091797,0.27558255195617676,-0.004280392546206713,0.11920291930437088,0.9999083876609802,0.9999560117721558,0.0,0.3333333432674408,0.28333333134651184,0.21666665375232697,0.1666666716337204
2,0.24181036089038488,9.672270774841309,15.129826545715332,8.31564998626709,0.47585147619247437,0.7028200030326843,91.1781997680664,21777.0,8.784123420715332,2098.0,0.0,0.0,0.03768213093280792,9.0,0.0,0.0,5.727512836456299,8.777680397033691,4.970381736755371,0.822737991809845,0.9070955514907837,97.85630798339844,5843.0,2.110199213027954,126.0,0.0,0.0,0.0334952250123024,2.0,0.0,0.0,9.181100845336914,14.090006828308105,7.886669158935547,0.5452595949172974,0.7451224327087402,92.11187744140625,5500.0,7.854630947113037,469.0,0.0,0.0,0.0334952250123024,2.0,0.0,0.0,11.236071586608887,17.03282928466797,9.624883651733398,0.336997389793396,0.6122643351554871,88.7288589477539,5298.0,11.237648963928223,671.0,0.0,0.0,0.0334952250123024,2.0,0.0,0.0,12.544395446777344,18.70703887939453,10.78066635131836,0.20122182369232178,0.5188734531402588,86.01573944091797,5136.0,13.934014320373535,832.0,0.0,0.0,0.0502428375184536,3.0,0.0,0.0,0.675696849822998,0.1946413516998291,0.12966179847717285,-0.0003333190979901701,0.11920291930437088,0.9989950060844421,0.9989932179450989,0.07142857142857142,0.3245614171028137,0.2788847088813782,0.21998745203018188,0.17656642198562622
3,0.2419080113220133,9.698151588439941,15.043817520141602,8.347173690795898,0.4817938804626465,0.7027724385261536,91.32054901123047,21811.0,8.641768455505371,2064.0,0.0,0.0,0.03768213093280792,9.0,0.0,0.0,5.721039295196533,8.743304252624512,4.963082313537598,0.824123740196228,0.9078320264816284,97.87305450439453,5844.0,2.093451738357544,125.0,0.0,0.0,0.0334952250123024,2.0,0.0,0.0,9.19678020477295,14.007493019104004,7.910461902618408,0.5505701303482056,0.7459808588027954,92.4970703125,5523.0,7.469435691833496,446.0,0.0,0.0,0.0334952250123024,2.0,0.0,0.0,11.282466888427734,16.92455291748047,9.680439949035645,0.34539979696273804,0.6101360321044922,88.86283874511719,5306.0,11.103668212890625,663.0,0.0,0.0,0.0334952250123024,2.0,0.0,0.0,12.59232234954834,18.60564613342285,10.834708213806152,0.20985734462738037,0.5129793286323547,86.04924011230469,5138.0,13.900520324707031,830.0,0.0,0.0,0.0502428375184536,3.0,0.0,0.0,0.49462512135505676,0.2996806204319,0.2056943029165268,0.0073265377432107925,0.11920291930437088,0.9958072304725647,0.9923058152198792,0.14285714285714285,0.31578949093818665,0.2744360864162445,0.223308265209198,0.18646617233753204
4,0.23945064553556605,9.72579288482666,14.903717041015625,8.382874488830566,0.4914008378982544,0.7048248648643494,91.42522430419922,21836.0,8.53709602355957,2039.0,0.0,0.0,0.03768213093280792,9.0,0.0,0.0,5.733198642730713,8.670413970947266,4.980871677398682,0.8270439505577087,0.9097980260848999,98.0572738647461,5855.0,1.9092278480529785,114.0,0.0,0.0,0.0334952250123024,2.0,0.0,0.0,9.237529754638672,13.865351676940918,7.968796253204346,0.5596450567245483,0.7490710020065308,92.86551666259766,5545.0,7.100988388061523,424.0,0.0,0.0,0.0334952250123024,2.0,0.0,0.0,11.328730583190918,16.777999877929688,9.734161376953125,0.35668742656707764,0.6098356246948242,88.87958526611328,5307.0,11.086919784545898,662.0,0.0,0.0,0.0334952250123024,2.0,0.0,0.0,12.603713989257812,18.427093505859375,10.84766674041748,0.2249498963356018,0.5097818970680237,85.89850616455078,5129.0,14.051248550415039,839.0,0.0,0.0,0.0502428375184536,3.0,0.0,0.0,0.35541361570358276,0.3826560974121094,0.261930376291275,0.00808704923838377,0.11920291930437088,0.9954689145088196,0.9910480976104736,0.21428571428571427,0.30701756477355957,0.26998746395111084,0.22662906348705292,0.19636592268943787
5,0.23779524627623416,9.652215957641602,14.801182746887207,8.305529594421387,0.498374879360199,0.7084503769874573,91.48802947998047,21851.0,8.474292755126953,2024.0,0.0,0.0,0.03768213093280792,9.0,0.0,0.0,5.661524295806885,8.516157150268555,4.924233436584473,0.8331433534622192,0.9135416746139526,98.32524108886719,5871.0,1.641266107559204,98.0,0.0,0.0,0.0334952250123024,2.0,0.0,0.0,9.176257133483887,13.746474266052246,7.911370754241943,0.5671636462211609,0.7534869313240051,92.91576385498047,5548.0,7.050745010375977,421.0,0.0,0.0,0.0334952250123024,2.0,0.0,0.0,11.243229866027832,16.665586471557617,9.639333724975586,0.365278959274292,0.6138337850570679,88.91307830810547,5309.0,11.053424835205078,660.0,0.0,0.0,0.0334952250123024,2.0,0.0,0.0,12.527851104736328,18.359405517578125,10.74718189239502,0.23063355684280396,0.5103313326835632,85.79802703857422,5123.0,14.151734352111816,845.0,0.0,0.0,0.0502428375184536,3.0,0.0,0.0,0.3271602392196655,0.4115745723247528,0.2612651586532593,0.02307596616446972,0.11920291930437088,0.9967363476753235,0.9867861866950989,0.2857142857142857,0.2982456088066101,0.2655388414859772,0.22994986176490784,0.2062656730413437
6,0.23682404727383657,9.421478271484375,14.584392547607422,8.084332466125488,0.5129616260528564,0.7189522981643677,91.76017761230469,21916.0,8.202143669128418,1959.0,0.0,0.0,0.03768213093280792,9.0,0.0,0.0,5.385970115661621,8.156183242797852,4.680328845977783,0.8469511270523071,0.9207859635353088,98.49272155761719,5881.0,1.473789930343628,88.0,0.0,0.0,0.0334952250123024,2.0,0.0,0.0,8.937084197998047,13.50173282623291,7.685871601104736,0.5824388265609741,0.7637679576873779,93.18372344970703,5564.0,6.782783508300781,405.0,0.0,0.0,0.0334952250123024,2.0,0.0,0.0,11.038407325744629,16.49030113220215,9.43835163116455,0.37856054306030273,0.6244533658027649,89.11405181884766,5321.0,10.85245418548584,648.0,0.0,0.0,0.0334952250123024,2.0,0.0,0.0,12.324453353881836,18.167770385742188,10.532771110534668,0.2466108798980713,0.524735152721405,86.25021362304688,5150.0,13.69954776763916,818.0,0.0,0.0,0.0502428375184536,3.0,0.0,0.0,0.3524196147918701,0.3730642795562744,0.27451613545417786,0.03979554772377014,0.11920291930437088,0.9974210262298584,0.9888707399368286,0.35714285714285715,0.28947368264198303,0.2610902190208435,0.23327067494392395,0.2161654233932495
7,0.2324853016589737,9.379605293273926,14.493951797485352,8.08768081665039,0.5189833641052246,0.7226498126983643,91.73086547851562,21909.0,8.231451988220215,1966.0,0.0,0.0,0.03768213093280792,9.0,0.0,0.0,5.220227241516113,7.7689971923828125,4.557399749755859,0.8611371517181396,0.9282063841819763,98.62669372558594,5889.0,1.3398090600967407,80.0,0.0,0.0,0.0334952250123024,2.0,0.0,0.0,8.87231731414795,13.332804679870605,7.6586103439331055,0.5928221940994263,0.7704824805259705,93.3344497680664,5573.0,6.632054805755615,396.0,0.0,0.0,0.0334952250123024,2.0,0.0,0.0,11.04639720916748,16.428173065185547,9.499852180480957,0.38323426246643066,0.6258348226547241,89.21453857421875,5327.0,10.751967430114746,642.0,0.0,0.0,0.0334952250123024,2.0,0.0,0.0,12.379480361938477,18.228899002075195,10.634856224060059,0.24153250455856323,0.5162582993507385,85.7477798461914,5120.0,14.201976776123047,848.0,0.0,0.0,0.0502428375184536,3.0,0.0,0.0,0.3851116895675659,0.39934903383255005,0.2155393660068512,0.054269369691610336,0.11920291930437088,0.9987189769744873,0.9900580048561096,0.42857142857142855,0.28070175647735596,0.25664159655570984,0.23659147322177887,0.22606515884399414
8,0.22805735706873942,9.387951850891113,14.448994636535645,8.125744819641113,0.5219627618789673,0.7242515683174133,91.4587173461914,21844.0,8.50360107421875,2031.0,0.0,0.0,0.03768213093280792,9.0,0.0,0.0,5.109417915344238,7.554294586181641,4.474014759063721,0.8687062859535217,0.9323587417602539,98.87791442871094,5904.0,1.0885947942733765,65.0,0.0,0.0,0.0334952250123024,2.0,0.0,0.0,8.866738319396973,13.218554496765137,7.683608055114746,0.5997705459594727,0.7746552228927612,93.2507095336914,5568.0,6.715793132781982,401.0,0.0,0.0,0.0334952250123024,2.0,0.0,0.0,11.100140571594238,16.415027618408203,9.580283164978027,0.3842209577560425,0.6258705258369446,88.7288589477539,5298.0,11.237648963928223,671.0,0.0,0.0,0.0334952250123024,2.0,0.0,0.0,12.475509643554688,18.27137565612793,10.765073776245117,0.23799371719360352,0.5116378664970398,84.97738647460938,5074.0,14.972366333007812,894.0,0.0,0.0,0.0502428375184536,3.0,0.0,0.0,0.38901814818382263,0.4185343086719513,0.19244760274887085,0.055877093225717545,0.11920291930437088,0.9992743134498596,0.9897664785385132,0.5,0.2719298303127289,0.25219297409057617,0.2399122714996338,0.23596492409706116
9,0.22327905842035997,9.422855377197266,14.472210884094238,8.171661376953125,0.5204253196716309,0.7233931422233582,91.27867889404297,21801.0,8.683637619018555,2074.0,0.0,0.0,0.03768213093280792,9.0,0.0,0.0,5.017055034637451,7.377262115478516,4.3943939208984375,0.8747878074645996,0.9354441165924072,98.8946533203125,5905.0,1.0718472003936768,64.0,0.0,0.0,0.0334952250123024,2.0,0.0,0.0,8.886192321777344,13.157073020935059,7.715653419494629,0.6034848690032959,0.7771146893501282,93.3344497680664,5573.0,6.632054805755615,396.0,0.0,0.0,0.0334952250123024,2.0,0.0,0.0,11.194791793823242,16.497529983520508,9.680617332458496,0.3780154585838318,0.6208030581474304,88.44415283203125,5281.0,11.522357940673828,688.0,0.0,0.0,0.0334952250123024,2.0,0.0,0.0,12.593379974365234,18.386911392211914,10.895976066589355,0.22832638025283813,0.5030332207679749,84.44146728515625,5042.0,15.508289337158203,926.0,0.0,0.0,0.0502428375184536,3.0,0.0,0.0,0.37130945920944214,0.42919597029685974,0.1994946449995041,0.06654418259859085,0.11920291930437088,0.9979887008666992,0.989991307258606,0.5714285714285714,0.2631579041481018,0.2477443516254425,0.2432330846786499,0.24586467444896698
10,0.22092696107327023,9.44517993927002,14.562318801879883,8.165264129638672,0.514434814453125,0.719793438911438,91.1112060546875,21761.0,8.851114273071289,2114.0,0.0,0.0,0.03768213093280792,9.0,0.0,0.0,4.988317012786865,7.321270942687988,4.36501407623291,0.8766812682151794,0.936447262763977,98.92815399169922,5907.0,1.0383520126342773,62.0,0.0,0.0,0.0334952250123024,2.0,0.0,0.0,8.881875038146973,13.18688678741455,7.686697006225586,0.6016858816146851,0.7761833071708679,93.3344497680664,5573.0,6.632054805755615,396.0,0.0,0.0,0.0334952250123024,2.0,0.0,0.0,11.224555015563965,16.59038543701172,9.676823616027832,0.3709942698478699,0.6160679459571838,88.36041259765625,5276.0,11.606096267700195,693.0,0.0,0.0,0.0334952250123024,2.0,0.0,0.0,12.685973167419434,18.587862014770508,10.93252182006836,0.21136701107025146,0.490645170211792,83.8218002319336,5005.0,16.12795066833496,963.0,0.0,0.0,0.0502428375184536,3.0,0.0,0.0,0.35423216223716736,0.44627508521080017,0.19949278235435486,0.08130470663309097,0.11920291930437088,0.9987251162528992,0.9864497780799866,0.6428571428571429,0.25438597798347473,0.24329572916030884,0.24655388295650482,0.2557644248008728
11,0.217760144395141,9.550224304199219,14.71056079864502,8.260381698608398,0.5044986009597778,0.7136399745941162,90.7469482421875,21674.0,9.215373992919922,2201.0,0.0,0.0,0.03768213093280792,9.0,0.0,0.0,4.965714931488037,7.282133102416992,4.346775054931641,0.8779962062835693,0.9371582865715027,98.87791442871094,5904.0,1.0885947942733765,65.0,0.0,0.0,0.0334952250123024,2.0,0.0,0.0,8.941465377807617,13.268259048461914,7.743162155151367,0.5967550277709961,0.773134708404541,93.21721649169922,5566.0,6.749288082122803,403.0,0.0,0.0,0.0334952250123024,2.0,0.0,0.0,11.381061553955078,16.800535202026367,9.81424331665039,0.35495805740356445,0.60563063621521,87.7407455444336,5239.0,12.225757598876953,730.0,0.0,0.0,0.0334952250123024,2.0,0.0,0.0,12.912659645080566,18.82201385498047,11.137347221374512,0.19137299060821533,0.47689223289489746,83.15190124511719,4965.0,16.7978572845459,1003.0,0.0,0.0,0.0502428375184536,3.0,0.0,0.0,0.3215213119983673,0.48038727045059204,0.19809149205684662,0.0940946713089943,0.11920291930437088,0.9989633560180664,0.9853335618972778,0.7142857142857143,0.24561403691768646,0.23884710669517517,0.24987469613552094,0.26566416025161743
12,0.21513241361804383,9.532196044921875,14.697275161743164,8.27780818939209,0.5053931474685669,0.7149796485900879,90.5794677734375,21634.0,9.382850646972656,2241.0,0.0,0.0,0.03768213093280792,9.0,0.0,0.0,4.897461891174316,7.19167947769165,4.301239013671875,0.8810082674026489,0.9386858344078064,98.94490051269531,5908.0,1.0216044187545776,61.0,0.0,0.0,0.0334952250123024,2.0,0.0,0.0,8.93037223815918,13.245084762573242,7.76803731918335,0.5981624126434326,0.7744006514549255,92.93250274658203,5549.0,7.033997535705566,420.0,0.0,0.0,0.0334952250123024,2.0,0.0,0.0,11.373793601989746,16.812297821044922,9.848854064941406,0.3540545105934143,0.6062850952148438,87.33880615234375,5215.0,12.627699851989746,754.0,0.0,0.0,0.0334952250123024,2.0,0.0,0.0,12.927151679992676,18.821096420288086,11.193099975585938,0.19145184755325317,0.4795096814632416,83.1016616821289,4962.0,16.848098754882812,1006.0,0.0,0.0,0.0502428375184536,3.0,0.0,0.0,0.3277898132801056,0.4678686261177063,0.2043415606021881,0.10357051342725754,0.11920291930437088,0.9992321133613586,0.9874661564826965,0.7857142857142857,0.23684212565422058,0.2343984991312027,0.25319552421569824,0.27556392550468445
13,0.20941030245991163,9.644801139831543,14.900686264038086,8.350057601928711,0.4916077256202698,0.7075658440589905,90.37430572509766,21585.0,9.588007926940918,2290.0,0.0,0.0,0.03768213093280792,9.0,0.0,0.0,4.929311752319336,7.224264144897461,4.3153839111328125,0.8799275755882263,0.938069760799408,99.01189422607422,5912.0,0.9546139240264893,57.0,0.0,0.0,0.0334952250123024,2.0,0.0,0.0,9.010232925415039,13.395790100097656,7.806823253631592,0.5889660120010376,0.7692421674728394,92.78177642822266,5540.0,7.184725761413574,429.0,0.0,0.0,0.0334952250123024,2.0,0.0,0.0,11.560551643371582,17.081180572509766,9.981693267822266,0.33322781324386597,0.5952593088150024,86.93685913085938,5191.0,13.029644012451172,778.0,0.0,0.0,0.0334952250123024,2.0,0.0,0.0,13.079110145568848,19.09758949279785,11.2963285446167,0.16752123832702637,0.4688932001590729,82.76670837402344,4942.0,17.18305206298828,1026.0,0.0,0.0,0.0502428375184536,3.0,0.0,0.0,0.3167659044265747,0.48117387294769287,0.20206034183502197,0.10763814300298691,0.11920291930437088,0.9992653727531433,0.9867727160453796,0.8571428571428571,0.22807016968727112,0.22994986176490784,0.25651630759239197,0.2854636609554291
14,0.20545106550813905,9.578027725219727,14.761098861694336,8.290085792541504,0.5010881423950195,0.7132952809333801,90.53759765625,21624.0,9.424718856811523,2251.0,0.0,0.0,0.03768213093280792,9.0,0.0,0.0,4.938494682312012,7.149437427520752,4.33947229385376,0.8824020028114319,0.9394235014915466,99.01189422607422,5912.0,0.9546139240264893,57.0,0.0,0.0,0.0334952250123024,2.0,0.0,0.0,8.931943893432617,13.18498706817627,7.753805160522461,0.6018006801605225,0.7768517136573792,92.99949645996094,5553.0,6.967007160186768,416.0,0.0,0.0,0.0334952250123024,2.0,0.0,0.0,11.421354293823242,16.886188507080078,9.850059509277344,0.34836411476135254,0.6052677035331726,87.33880615234375,5215.0,12.627699851989746,754.0,0.0,0.0,0.0334952250123024,2.0,0.0,0.0,13.020320892333984,19.012060165405273,11.217007637023926,0.1749611496925354,0.47434142231941223,82.80020141601562,4944.0,17.149555206298828,1024.0,0.0,0.0,0.0502428375184536,3.0,0.0,0.0,0.32142961025238037,0.4800390899181366,0.19853131473064423,0.11357299238443375,0.11920291930437088,0.9990645051002502,0.9856970906257629,0.9285714285714286,0.21929824352264404,0.22550123929977417,0.2598370909690857,0.2953633964061737
15,0.19926752354675636,9.784725189208984,15.030523300170898,8.468964576721191,0.48270928859710693,0.702069103717804,89.93887329101562,21481.0,10.023446083068848,2394.0,0.0,0.0,0.03768213093280792,9.0,0.0,0.0,4.980467319488525,7.181009769439697,4.37606954574585,0.8813610672950745,0.9388770461082458,99.0621337890625,5915.0,0.9043711423873901,54.0,0.0,0.0,0.0334952250123024,2.0,0.0,0.0,9.093557357788086,13.366965293884277,7.889835357666016,0.5907329320907593,0.7700990438461304,92.79852294921875,5541.0,7.167978763580322,428.0,0.0,0.0,0.0334952250123024,2.0,0.0,0.0,11.70300579071045,17.2313232421875,10.0902681350708,0.3214544653892517,0.5880323648452759,86.1162338256836,5142.0,13.850275993347168,827.0,0.0,0.0,0.0334952250123024,2.0,0.0,0.0,13.361869812011719,19.403743743896484,11.519686698913574,0.1406162977218628,0.4520687162876129,81.77859497070312,4883.0,18.171159744262695,1085.0,0.0,0.0,0.0502428375184536,3.0,0.0,0.0,0.3386593759059906,0.4695143401622772,0.19182626903057098,0.11402697116136551,0.11920291930437088,0.9990496039390564,0.9871312379837036,1.0,0.21052631735801697,0.2210526168346405,0.2631579041481018,0.3052631616592407
16,0.1915615351084942,9.797839164733887,15.027432441711426,8.499756813049316,0.4829220771789551,0.7027555108070374,89.7504653930664,21436.0,10.211857795715332,2439.0,0.0,0.0,0.03768213093280792,9.0,0.0,0.0,4.969933986663818,7.164531230926514,4.3666605949401855,0.8819049596786499,0.9391714334487915,99.0453872680664,5914.0,0.9211187362670898,55.0,0.0,0.0,0.0334952250123024,2.0,0.0,0.0,9.057085037231445,13.301606178283691,7.871853351593018,0.594725489616394,0.7727460265159607,92.66454315185547,5533.0,7.30195951461792,436.0,0.0,0.0,0.0334952250123024,2.0,0.0,0.0,11.708049774169922,17.170000076293945,10.124621391296387,0.3262755274772644,0.5919960141181946,85.9487533569336,5132.0,14.017751693725586,837.0,0.0,0.0,0.0334952250123024,2.0,0.0,0.0,13.45628833770752,19.499300003051758,11.635887145996094,0.1321311593055725,0.4495442509651184,81.34315490722656,4857.0,18.606597900390625,1111.0,0.0,0.0,0.0502428375184536,3.0,0.0,0.0,0.339995801448822,0.46942707896232605,0.19057711958885193,0.11848435550928116,0.11920291930437088,0.9986595511436462,0.986332893371582,1.0,0.21052631735801697,0.2210526168346405,0.2631579041481018,0.3052631616592407
step,fold10/test_loss,fold10/test_mae,fold10/test_rmse,fold10/test_mard,fold10/test_r2,fold10/test_pearson,fold10/test_ega_zone_a_pct,fold10/test_ega_zone_a_count,fold10/test_ega_zone_b_pct,fold10/test_ega_zone_b_count,fold10/test_ega_zone_c_pct,fold10/test_ega_zone_c_count,fold10/test_ega_zone_d_pct,fold10/test_ega_zone_d_count,fold10/test_ega_zone_e_pct,fold10/test_ega_zone_e_count,fold10/test_horizon_15_mae,fold10/test_horizon_15_rmse,fold10/test_horizon_15_mard,fold10/test_horizon_15_r2,fold10/test_horizon_15_pearson,fold10/test_horizon_15_ega_zone_a_pct,fold10/test_horizon_15_ega_zone_a_count,fold10/test_horizon_15_ega_zone_b_pct,fold10/test_horizon_15_ega_zone_b_count,fold10/test_horizon_15_ega_zone_c_pct,fold10/test_horizon_15_ega_zone_c_count,fold10/test_horizon_15_ega_zone_d_pct,fold10/test_horizon_15_ega_zone_d_count,fold10/test_horizon_15_ega_zone_e_pct,fold10/test_horizon_15_ega_zone_e_count,fold10/test_horizon_30_mae,fold10/test_horizon_30_rmse,fold10/test_horizon_30_mard,fold10/test_horizon_30_r2,fold10/test_horizon_30_pearson,fold10/test_horizon_30_ega_zone_a_pct,fold10/test_horizon_30_ega_zone_a_count,fold10/test_horizon_30_ega_zone_b_pct,fold10/test_horizon_30_ega_zone_b_count,fold10/test_horizon_30_ega_zone_c_pct,fold10/test_horizon_30_ega_zone_c_count,fold10/test_horizon_30_ega_zone_d_pct,fold10/test_horizon_30_ega_zone_d_count,fold10/test_horizon_30_ega_zone_e_pct,fold10/test_horizon_30_ega_zone_e_count,fold10/test_horizon_45_mae,fold10/test_horizon_45_rmse,fold10/test_horizon_45_mard,fold10/test_horizon_45_r2,fold10/test_horizon_45_pearson,fold10/test_horizon_45_ega_zone_a_pct,fold10/test_horizon_45_ega_zone_a_count,fold10/test_horizon_45_ega_zone_b_pct,fold10/test_horizon_45_ega_zone_b_count,fold10/test_horizon_45_ega_zone_c_pct,fold10/test_horizon_45_ega_zone_c_count,fold10/test_horizon_45_ega_zone_d_pct,fold10/test_horizon_45_ega_zone_d_count,fold10/test_horizon_45_ega_zone_e_pct,fold10/test_horizon_45_ega_zone_e_count,fold10/test_horizon_60_mae,fold10/test_horizon_60_rmse,fold10/test_horizon_60_mard,fold10/test_horizon_60_r2,fold10/test_horizon_60_pearson,fold10/test_horizon_60_ega_zone_a_pct,fold10/test_horizon_60_ega_zone_a_count,fold10/test_horizon_60_ega_zone_b_pct,fold10/test_horizon_60_ega_zone_b_count,fold10/test_horizon_60_ega_zone_c_pct,fold10/test_horizon_60_ega_zone_c_count,fold10/test_horizon_60_ega_zone_d_pct,fold10/test_horizon_60_ega_zone_d_count,fold10/test_horizon_60_ega_zone_e_pct,fold10/test_horizon_60_ega_zone_e_count
0,0.45381207667205165,14.430749893188477,22.82550811767578,13.085932731628418,0.40216922760009766,0.6589862108230591,79.78751373291016,6083.0,18.389297485351562,1402.0,0.026232946664094925,2.0,1.7707239389419556,135.0,0.026232946664094925,2.0,7.621914863586426,11.378201484680176,6.8684844970703125,0.8524771928787231,0.9234475493431091,94.75341033935547,1806.0,4.616998672485352,88.0,0.0,0.0,0.6295907497406006,12.0,0.0,0.0,13.619786262512207,20.263011932373047,12.239641189575195,0.5298848152160645,0.737000584602356,81.059814453125,1545.0,17.261280059814453,329.0,0.0,0.0,1.6789085865020752,32.0,0.0,0.0,17.148305892944336,25.8747615814209,15.538135528564453,0.2292662262916565,0.5416958928108215,73.50472259521484,1401.0,24.186779022216797,461.0,0.0,0.0,2.308499336242676,44.0,0.0,0.0,19.332990646362305,29.571245193481445,17.697467803955078,-0.00937795639038086,0.37213367223739624,69.83210754394531,1331.0,27.492130279541016,524.0,0.1049317866563797,2.0,2.46589732170105,47.0,0.1049317866563797,2.0
step,fold11/train_loss,fold11/val_mae,fold11/val_rmse,fold11/val_mard,fold11/val_r2,fold11/val_pearson,fold11/val_ega_zone_a_pct,fold11/val_ega_zone_a_count,fold11/val_ega_zone_b_pct,fold11/val_ega_zone_b_count,fold11/val_ega_zone_c_pct,fold11/val_ega_zone_c_count,fold11/val_ega_zone_d_pct,fold11/val_ega_zone_d_count,fold11/val_ega_zone_e_pct,fold11/val_ega_zone_e_count,fold11/val_horizon_15_mae,fold11/val_horizon_15_rmse,fold11/val_horizon_15_mard,fold11/val_horizon_15_r2,fold11/val_horizon_15_pearson,fold11/val_horizon_15_ega_zone_a_pct,fold11/val_horizon_15_ega_zone_a_count,fold11/val_horizon_15_ega_zone_b_pct,fold11/val_horizon_15_ega_zone_b_count,fold11/val_horizon_15_ega_zone_c_pct,fold11/val_horizon_15_ega_zone_c_count,fold11/val_horizon_15_ega_zone_d_pct,fold11/val_horizon_15_ega_zone_d_count,fold11/val_horizon_15_ega_zone_e_pct,fold11/val_horizon_15_ega_zone_e_count,fold11/val_horizon_30_mae,fold11/val_horizon_30_rmse,fold11/val_horizon_30_mard,fold11/val_horizon_30_r2,fold11/val_horizon_30_pearson,fold11/val_horizon_30_ega_zone_a_pct,fold11/val_horizon_30_ega_zone_a_count,fold11/val_horizon_30_ega_zone_b_pct,fold11/val_horizon_30_ega_zone_b_count,fold11/val_horizon_30_ega_zone_c_pct,fold11/val_horizon_30_ega_zone_c_count,fold11/val_horizon_30_ega_zone_d_pct,fold11/val_horizon_30_ega_zone_d_count,fold11/val_horizon_30_ega_zone_e_pct,fold11/val_horizon_30_ega_zone_e_count,fold11/val_horizon_45_mae,fold11/val_horizon_45_rmse,fold11/val_horizon_45_mard,fold11/val_horizon_45_r2,fold11/val_horizon_45_pearson,fold11/val_horizon_45_ega_zone_a_pct,fold11/val_horizon_45_ega_zone_a_count,fold11/val_horizon_45_ega_zone_b_pct,fold11/val_horizon_45_ega_zone_b_count,fold11/val_horizon_45_ega_zone_c_pct,fold11/val_horizon_45_ega_zone_c_count,fold11/val_horizon_45_ega_zone_d_pct,fold11/val_horizon_45_ega_zone_d_count,fold11/val_horizon_45_ega_zone_e_pct,fold11/val_horizon_45_ega_zone_e_count,fold11/val_horizon_60_mae,fold11/val_horizon_60_rmse,fold11/val_horizon_60_mard,fold11/val_horizon_60_r2,fold11/val_horizon_60_pearson,fold11/val_horizon_60_ega_zone_a_pct,fold11/val_horizon_60_ega_zone_a_count,fold11/val_horizon_60_ega_zone_b_pct,fold11/val_horizon_60_ega_zone_b_count,fold11/val_horizon_60_ega_zone_c_pct,fold11/val_horizon_60_ega_zone_c_count,fold11/val_horizon_60_ega_zone_d_pct,fold11/val_horizon_60_ega_zone_d_count,fold11/val_horizon_60_ega_zone_e_pct,fold11/val_horizon_60_ega_zone_e_count,fold11/diag_fusion_gate_cgm,fold11/diag_fusion_gate_cgm_guided,fold11/diag_fusion_gate_physio,fold11/diag_horizon_query_similarity,fold11/diag_horizon_progressive_gate,fold11/diag_horizon_attention_similarity,fold11/diag_horizon_attention_entropy,fold11/diag_horizon_curriculum_progress,fold11/diag_loss_horizon_weight_0,fold11/diag_loss_horizon_weight_1,fold11/diag_loss_horizon_weight_2,fold11/diag_loss_horizon_weight_3
1,0.24188339967353673,12.689593315124512,20.34719467163086,11.327299118041992,0.3392539620399475,0.643211841583252,83.18335723876953,11832.0,15.79724407196045,2247.0,0.007030371576547623,1.0,1.0053430795669556,143.0,0.007030371576547623,1.0,7.283183574676514,11.089179992675781,6.472014427185059,0.804429292678833,0.8986383676528931,94.71316528320312,3368.0,4.83689546585083,172.0,0.0,0.0,0.44994378089904785,16.0,0.0,0.0,11.868331909179688,18.183834075927734,10.511866569519043,0.472878634929657,0.7170419692993164,84.392578125,3001.0,14.707536697387695,523.0,0.0,0.0,0.8998875617980957,32.0,0.0,0.0,14.770340919494629,22.766782760620117,13.168983459472656,0.17086201906204224,0.5451658368110657,78.62767028808594,2796.0,20.106861114501953,715.0,0.0,0.0,1.2654668092727661,45.0,0.0,0.0,16.83651351928711,26.15502166748047,15.156332969665527,-0.09433412551879883,0.39061403274536133,75.0,2667.0,23.537683486938477,837.0,0.02812148630619049,1.0,1.4060741662979126,50.0,0.02812148630619049,1.0,0.5664991736412048,0.21336698532104492,0.2201339155435562,-0.010115963406860828,0.11920291930437088,0.9998814463615417,0.9999858140945435,0.0,0.3333333432674408,0.28333333134651184,0.21666665375232697,0.1666666716337204
2,0.23925210189641247,12.552654266357422,20.03951072692871,11.22467041015625,0.3590860366821289,0.6444199681282043,83.6122055053711,11893.0,15.354331016540527,2184.0,0.007030371576547623,1.0,1.0264341831207275,146.0,0.0,0.0,7.259033679962158,11.019424438476562,6.467611312866211,0.8068820238113403,0.8991797566413879,94.9100112915039,3375.0,4.640045166015625,165.0,0.0,0.0,0.44994378089904785,16.0,0.0,0.0,11.775567054748535,17.984542846679688,10.442278861999512,0.48436957597732544,0.7165247201919556,85.12373352050781,3027.0,13.920134544372559,495.0,0.0,0.0,0.9561305046081543,34.0,0.0,0.0,14.615528106689453,22.429763793945312,13.059062957763672,0.19522792100906372,0.5427457690238953,78.99324798583984,2809.0,19.741281509399414,702.0,0.0,0.0,1.2654668092727661,45.0,0.0,0.0,16.560487747192383,25.658567428588867,14.929729461669922,-0.0531848669052124,0.38718947768211365,75.42182159423828,2682.0,23.115859985351562,822.0,0.02812148630619049,1.0,1.434195637702942,51.0,0.0,0.0,0.37741541862487793,0.3182035982608795,0.30438104271888733,-0.012112472206354141,0.11920291930437088,0.9980847835540771,0.9997193217277527,0.07142857142857142,0.3245614171028137,0.2788847088813782,0.21998745203018188,0.17656642198562622
3,0.23937414043368188,12.474677085876465,19.992088317871094,11.173346519470215,0.362115740776062,0.6447173357009888,83.66844940185547,11901.0,15.298088073730469,2176.0,0.007030371576547623,1.0,1.012373447418213,144.0,0.014060743153095245,2.0,7.225697040557861,10.990983963012695,6.439328193664551,0.8078775405883789,0.8996439576148987,94.7694091796875,3370.0,4.7806525230407715,170.0,0.0,0.0,0.44994378089904785,16.0,0.0,0.0,11.689038276672363,17.926042556762695,10.380242347717285,0.4877186417579651,0.717588484287262,85.15185546875,3028.0,13.892012596130371,494.0,0.0,0.0,0.9561305046081543,34.0,0.0,0.0,14.491108894348145,22.381793975830078,12.972344398498535,0.19866645336151123,0.5422200560569763,79.13385772705078,2814.0,19.60067367553711,697.0,0.0,0.0,1.2654668092727661,45.0,0.0,0.0,16.492862701416016,25.605566024780273,14.901473045349121,-0.04883837699890137,0.38487446308135986,75.6186752319336,2689.0,22.919010162353516,815.0,0.02812148630619049,1.0,1.3779526948928833,49.0,0.05624297261238098,2.0,0.4852266311645508,0.25418466329574585,0.26058879494667053,-0.005851756781339645,0.11920291930437088,0.9899868369102478,0.9971466660499573,0.14285714285714285,0.31578949093818665,0.2744360864162445,0.223308265209198,0.18646617233753204
4,0.23713865400362416,12.306981086730957,19.74631690979004,11.032979965209961,0.3777029514312744,0.6465811729431152,84.17463684082031,11973.0,14.784871101379395,2103.0,0.007030371576547623,1.0,1.0194038152694702,145.0,0.014060743153095245,2.0,7.186429977416992,10.92898178100586,6.412326335906982,0.8100390434265137,0.9004194736480713,94.9100112915039,3375.0,4.611923694610596,164.0,0.0,0.0,0.47806525230407715,17.0,0.0,0.0,11.610527992248535,17.770998001098633,10.331342697143555,0.4965417981147766,0.7176519632339478,85.48931121826172,3040.0,13.55455493927002,482.0,0.0,0.0,0.9561305046081543,34.0,0.0,0.0,14.262462615966797,22.088472366333008,12.777717590332031,0.21953237056732178,0.5415399074554443,79.8368911743164,2839.0,18.89763832092285,672.0,0.0,0.0,1.2654668092727661,45.0,0.0,0.0,16.168508529663086,25.229278564453125,14.610530853271484,-0.018238306045532227,0.38332486152648926,76.46231842041016,2719.0,22.07536506652832,785.0,0.02812148630619049,1.0,1.3779526948928833,49.0,0.05624297261238098,2.0,0.31460994482040405,0.27452799677848816,0.4108620285987854,0.01006333064287901,0.11920291930437088,0.9851335883140564,0.9948711395263672,0.21428571428571427,0.30701756477355957,0.26998746395111084,0.22662906348705292,0.19636592268943787
5,0.237300976100756,12.261245727539062,19.700166702270508,10.98120403289795,0.38060832023620605,0.6485439538955688,84.20978546142578,11978.0,14.749719619750977,2098.0,0.007030371576547623,1.0,1.0194038152694702,145.0,0.014060743153095245,2.0,7.184403419494629,10.89046859741211,6.414759159088135,0.8113754987716675,0.9011750221252441,94.99437713623047,3378.0,4.527559280395508,161.0,0.0,0.0,0.47806525230407715,17.0,0.0,0.0,11.578435897827148,17.723482131958008,10.2930326461792,0.4992305040359497,0.7197596430778503,85.57367706298828,3043.0,13.47019100189209,479.0,0.0,0.0,0.9561305046081543,34.0,0.0,0.0,14.184894561767578,22.01931381225586,12.694382667541504,0.2244119644165039,0.5441362857818604,79.92125701904297,2842.0,18.81327247619629,669.0,0.0,0.0,1.2654668092727661,45.0,0.0,0.0,16.09724998474121,25.195478439331055,14.522644996643066,-0.015511870384216309,0.3862578272819519,76.3498306274414,2715.0,22.187850952148438,789.0,0.02812148630619049,1.0,1.3779526948928833,49.0,0.05624297261238098,2.0,0.29086071252822876,0.3148258924484253,0.39431342482566833,0.016990480944514275,0.11920291930437088,0.9824029803276062,0.9940661191940308,0.2857142857142857,0.2982456088066101,0.2655388414859772,0.22994986176490784,0.2062656730413437
6,0.2351695382795414,12.17700481414795,19.533767700195312,10.888890266418457,0.3910277485847473,0.6515025496482849,84.5683364868164,12029.0,14.398200988769531,2048.0,0.007030371576547623,1.0,1.0264341831207275,146.0,0.0,0.0,7.133498191833496,10.812195777893066,6.367582321166992,0.8140771389007568,0.902396023273468,95.19123077392578,3385.0,4.330708980560303,154.0,0.0,0.0,0.47806525230407715,17.0,0.0,0.0,11.52241039276123,17.609668731689453,10.229715347290039,0.5056413412094116,0.7214880585670471,85.93925476074219,3056.0,13.132733345031738,467.0,0.0,0.0,0.928009033203125,33.0,0.0,0.0,14.121403694152832,21.839996337890625,12.609404563903809,0.23699283599853516,0.54714035987854,80.25871276855469,2854.0,18.475814819335938,657.0,0.0,0.0,1.2654668092727661,45.0,0.0,0.0,15.930708885192871,24.94559669494629,14.348858833312988,0.004531443119049072,0.38830995559692383,76.88414001464844,2734.0,21.65354347229004,770.0,0.02812148630619049,1.0,1.434195637702942,51.0,0.0,0.0,0.28777527809143066,0.30181193351745605,0.41041284799575806,0.03636658191680908,0.11920291930437088,0.9834457039833069,0.9929236173629761,0.35714285714285715,0.28947368264198303,0.2610902190208435,0.23327067494392395,0.2161654233932495
7,0.23236205147094086,12.137341499328613,19.444063186645508,10.849540710449219,0.3966079354286194,0.652836263179779,84.77924346923828,12059.0,14.173229217529297,2016.0,0.0,0.0,1.0404949188232422,148.0,0.007030371576547623,1.0,7.100312232971191,10.709219932556152,6.343258857727051,0.81760174036026,0.9042624235153198,95.5286865234375,3397.0,3.9651293754577637,141.0,0.0,0.0,0.5061867237091064,18.0,0.0,0.0,11.492035865783691,17.512788772583008,10.197671890258789,0.5110657811164856,0.7233665585517883,85.96737670898438,3057.0,13.07649040222168,465.0,0.0,0.0,0.9561305046081543,34.0,0.0,0.0,14.075775146484375,21.748886108398438,12.560542106628418,0.24334567785263062,0.5474463701248169,80.56805419921875,2865.0,18.138357162475586,645.0,0.0,0.0,1.2935882806777954,46.0,0.0,0.0,15.881242752075195,24.857337951660156,14.296689987182617,0.011563003063201904,0.38674402236938477,77.05286407470703,2740.0,21.512935638427734,765.0,0.0,0.0,1.4060741662979126,50.0,0.02812148630619049,1.0,0.3364996612071991,0.30558112263679504,0.35791924595832825,0.039084307849407196,0.11920291930437088,0.983768880367279,0.9947629570960999,0.42857142857142855,0.28070175647735596,0.25664159655570984,0.23659147322177887,0.22606515884399414
8,0.22695758440692662,12.029953956604004,19.316804885864258,10.767555236816406,0.40448033809661865,0.6584293842315674,84.94094848632812,12082.0,14.018559455871582,1994.0,0.0,0.0,1.0334645509719849,147.0,0.007030371576547623,1.0,6.824013710021973,10.249300003051758,6.098281383514404,0.8329319953918457,0.9126738905906677,96.06299591064453,3416.0,3.458942413330078,123.0,0.0,0.0,0.47806525230407715,17.0,0.0,0.0,11.365118980407715,17.271913528442383,10.099722862243652,0.5244231820106506,0.7319720983505249,86.38919830322266,3072.0,12.654667854309082,450.0,0.0,0.0,0.9561305046081543,34.0,0.0,0.0,14.022687911987305,21.686546325683594,12.535256385803223,0.24767708778381348,0.5513665080070496,80.42744445800781,2860.0,18.27896499633789,650.0,0.0,0.0,1.2935882806777954,46.0,0.0,0.0,15.90799331665039,24.877344131469727,14.336962699890137,0.009971261024475098,0.3869927227497101,76.88414001464844,2734.0,21.681665420532227,771.0,0.0,0.0,1.4060741662979126,50.0,0.02812148630619049,1.0,0.37625136971473694,0.2983076870441437,0.3254409432411194,0.05902278050780296,0.11920291930437088,0.994250476360321,0.9936622381210327,0.5,0.2719298303127289,0.25219297409057617,0.2399122714996338,0.23596492409706116
9,0.22298270503179032,11.95059871673584,19.15039825439453,10.708294868469238,0.41469645500183105,0.6659039855003357,85.17997741699219,12116.0,13.800618171691895,1963.0,0.0,0.0,1.0194038152694702,145.0,0.0,0.0,6.551666736602783,9.76608657836914,5.865083694458008,0.8483138084411621,0.9211783409118652,96.48481750488281,3431.0,3.0933632850646973,110.0,0.0,0.0,0.4218222498893738,15.0,0.0,0.0,11.310626029968262,17.058950424194336,10.06293773651123,0.536078691482544,0.7401307225227356,86.69853973388672,3083.0,12.345332145690918,439.0,0.0,0.0,0.9561305046081543,34.0,0.0,0.0,14.012899398803711,21.584766387939453,12.537109375,0.25472211837768555,0.5558691024780273,80.59617614746094,2866.0,18.138357162475586,645.0,0.0,0.0,1.2654668092727661,45.0,0.0,0.0,15.927197456359863,24.79243278503418,14.368045806884766,0.016718029975891113,0.3890265226364136,76.94038391113281,2736.0,21.62542152404785,769.0,0.0,0.0,1.434195637702942,51.0,0.0,0.0,0.3551858961582184,0.2623615264892578,0.3824526071548462,0.09355994313955307,0.11920291930437088,0.999000072479248,0.9919371604919434,0.5714285714285714,0.2631579041481018,0.2477443516254425,0.2432330846786499,0.24586467444896698
10,0.21848427213095373,11.857054710388184,19.0080509185791,10.623517990112305,0.42336541414260864,0.6701009273529053,85.24324798583984,12125.0,13.737344741821289,1954.0,0.0,0.0,1.0194038152694702,145.0,0.0,0.0,6.348987579345703,9.38598918914795,5.69310998916626,0.8598912954330444,0.9273872971534729,96.76602935791016,3441.0,2.8402698040008545,101.0,0.0,0.0,0.3937007784843445,14.0,0.0,0.0,11.21349048614502,16.862096786499023,9.98106575012207,0.5467238426208496,0.7460330724716187,86.64229583740234,3081.0,12.401575088500977,441.0,0.0,0.0,0.9561305046081543,34.0,0.0,0.0,13.995656967163086,21.51377296447754,12.510437965393066,0.25961655378341675,0.5561036467552185,80.65241241455078,2868.0,18.053993225097656,642.0,0.0,0.0,1.2935882806777954,46.0,0.0,0.0,15.870086669921875,24.697256088256836,14.30945873260498,0.024253129959106445,0.3882880210876465,76.91226196289062,2735.0,21.65354347229004,770.0,0.0,0.0,1.434195637702942,51.0,0.0,0.0,0.3572824001312256,0.2922285497188568,0.3504891097545624,0.11425434798002243,0.11920291930437088,0.9990081787109375,0.9917525053024292,0.6428571428571429,0.25438597798347473,0.24329572916030884,0.24655388295650482,0.2557644248008728
11,0.2143906734487256,11.831103324890137,18.86819076538086,10.609992980957031,0.4318198561668396,0.6766840219497681,85.32058715820312,12136.0,13.65298080444336,1942.0,0.0,0.0,1.0264341831207275,146.0,0.0,0.0,6.277188777923584,9.21965217590332,5.639739513397217,0.8648132681846619,0.9301171898841858,96.99100494384766,3449.0,2.61529803276062,93.0,0.0,0.0,0.3937007784843445,14.0,0.0,0.0,11.16159439086914,16.73407554626465,9.959052085876465,0.5535804629325867,0.7515080571174622,86.95162963867188,3092.0,12.064117431640625,429.0,0.0,0.0,0.9842519760131836,35.0,0.0,0.0,13.986233711242676,21.376415252685547,12.51999568939209,0.26904064416885376,0.5644926428794861,80.48368835449219,2862.0,18.22272300720215,648.0,0.0,0.0,1.2935882806777954,46.0,0.0,0.0,15.899397850036621,24.536752700805664,14.321184158325195,0.03689432144165039,0.3978513181209564,76.85601806640625,2733.0,21.70978546142578,772.0,0.0,0.0,1.434195637702942,51.0,0.0,0.0,0.37003982067108154,0.2932417690753937,0.33671849966049194,0.13276147842407227,0.11920291930437088,0.9988179802894592,0.9912847876548767,0.7142857142857143,0.24561403691768646,0.23884710669517517,0.24987469613552094,0.26566416025161743
12,0.21093606003860133,11.854391098022461,18.911500930786133,10.642206192016602,0.42920851707458496,0.6779502630233765,85.17294311523438,12115.0,13.793587684631348,1962.0,0.0,0.0,1.0334645509719849,147.0,0.0,0.0,6.247379302978516,9.173095703125,5.619644641876221,0.86617511510849,0.9311137795448303,97.04724884033203,3451.0,2.5590550899505615,91.0,0.0,0.0,0.3937007784843445,14.0,0.0,0.0,11.190306663513184,16.76194953918457,10.002800941467285,0.5520919561386108,0.7527433037757874,86.5016860961914,3076.0,12.485939025878906,444.0,0.0,0.0,1.012373447418213,36.0,0.0,0.0,14.029009819030762,21.442293167114258,12.574559211730957,0.2645283341407776,0.5662978291511536,80.14623260498047,2850.0,18.5601806640625,660.0,0.0,0.0,1.2935882806777954,46.0,0.0,0.0,15.95086669921875,24.610950469970703,14.371819496154785,0.031060755252838135,0.4005421996116638,76.99662780761719,2738.0,21.56917953491211,767.0,0.0,0.0,1.434195637702942,51.0,0.0,0.0,0.36755654215812683,0.3008039891719818,0.33163952827453613,0.14923010766506195,0.11920291930437088,0.9988408088684082,0.9903774857521057,0.7857142857142857,0.23684212565422058,0.2343984991312027,0.25319552421569824,0.27556392550468445
13,0.2070336959720437,11.989002227783203,19.043807983398438,10.776872634887695,0.4211938977241516,0.6728113889694214,84.84252166748047,12068.0,14.138076782226562,2011.0,0.0,0.0,1.0194038152694702,145.0,0.0,0.0,6.279910564422607,9.215156555175781,5.640063285827637,0.8649450540542603,0.9303106665611267,97.01912689208984,3450.0,2.587176561355591,92.0,0.0,0.0,0.3937007784843445,14.0,0.0,0.0,11.2747163772583,16.867523193359375,10.083803176879883,0.5464320182800293,0.7487905025482178,86.38919830322266,3072.0,12.626546859741211,449.0,0.0,0.0,0.9842519760131836,35.0,0.0,0.0,14.226095199584961,21.629793167114258,12.779034614562988,0.2516094446182251,0.5584410429000854,79.6962890625,2834.0,19.038244247436523,677.0,0.0,0.0,1.2654668092727661,45.0,0.0,0.0,16.17527961730957,24.766632080078125,14.604586601257324,0.018763482570648193,0.3939795196056366,76.26546478271484,2712.0,22.300336837768555,793.0,0.0,0.0,1.434195637702942,51.0,0.0,0.0,0.342847615480423,0.3104836642742157,0.3466688096523285,0.15830396115779877,0.11920291930437088,0.9985146522521973,0.9904965162277222,0.8571428571428571,0.22807016968727112,0.22994986176490784,0.25651630759239197,0.2854636609554291
14,0.20183627836955806,12.10923957824707,19.105457305908203,10.867704391479492,0.41744035482406616,0.6712023615837097,84.63160705566406,12038.0,14.363048553466797,2043.0,0.0,0.0,1.0053430795669556,143.0,0.0,0.0,6.284041404724121,9.195597648620605,5.64640474319458,0.865517795085907,0.9306287169456482,97.13160705566406,3454.0,2.502812147140503,89.0,0.0,0.0,0.3655792772769928,13.0,0.0,0.0,11.363611221313477,16.924631118774414,10.151171684265137,0.5433555841445923,0.747286856174469,86.55792999267578,3078.0,12.485939025878906,444.0,0.0,0.0,0.9561305046081543,34.0,0.0,0.0,14.395846366882324,21.712392807006836,12.90126895904541,0.24588274955749512,0.5558897256851196,79.52755737304688,2828.0,19.206974029541016,683.0,0.0,0.0,1.2654668092727661,45.0,0.0,0.0,16.393461227416992,24.852439880371094,14.771974563598633,0.011952459812164307,0.392033189535141,75.30933380126953,2678.0,23.256467819213867,827.0,0.0,0.0,1.434195637702942,51.0,0.0,0.0,0.32517942786216736,0.33798331022262573,0.3368373513221741,0.15520091354846954,0.11920291930437088,0.9982941746711731,0.9923087358474731,0.9285714285714286,0.21929824352264404,0.22550123929977417,0.2598370909690857,0.2953633964061737
15,0.19713228310412273,12.251983642578125,19.345151901245117,11.001327514648438,0.4027312397956848,0.6632193922996521,84.3433609008789,11997.0,14.64426326751709,2083.0,0.0,0.0,1.012373447418213,144.0,0.0,0.0,6.328015327453613,9.293513298034668,5.681268692016602,0.8626385927200317,0.9292280077934265,96.93476104736328,3447.0,2.6715409755706787,95.0,0.0,0.0,0.3937007784843445,14.0,0.0,0.0,11.482780456542969,17.11892318725586,10.254776954650879,0.5328109264373779,0.7418227195739746,86.27671813964844,3068.0,12.795275688171387,455.0,0.0,0.0,0.928009033203125,33.0,0.0,0.0,14.595756530761719,22.03919219970703,13.089797973632812,0.22301101684570312,0.542478621006012,79.02136993408203,2810.0,19.685039520263672,700.0,0.0,0.0,1.2935882806777954,46.0,0.0,0.0,16.60138511657715,25.135364532470703,14.97946548461914,-0.010671854019165039,0.377715140581131,75.14060974121094,2672.0,23.425195693969727,833.0,0.0,0.0,1.434195637702942,51.0,0.0,0.0,0.3263276517391205,0.33842527866363525,0.3352471590042114,0.16472645103931427,0.11920291930437088,0.9982629418373108,0.9918180108070374,1.0,0.21052631735801697,0.2210526168346405,0.2631579041481018,0.3052631616592407
16,0.18988034749676644,12.249940872192383,19.3140869140625,10.990581512451172,0.40464794635772705,0.664269745349884,84.43476104736328,12010.0,14.552868843078613,2070.0,0.0,0.0,1.012373447418213,144.0,0.0,0.0,6.2597975730896,9.214178085327148,5.616954326629639,0.864973783493042,0.9303950071334839,97.07536315917969,3452.0,2.5309336185455322,90.0,0.0,0.0,0.3937007784843445,14.0,0.0,0.0,11.446023941040039,17.06983757019043,10.223360061645508,0.5354863405227661,0.7429673671722412,86.55792999267578,3078.0,12.514060974121094,445.0,0.0,0.0,0.928009033203125,33.0,0.0,0.0,14.599523544311523,22.005952835083008,13.093405723571777,0.22535300254821777,0.5442132949829102,79.33070373535156,2821.0,19.375701904296875,689.0,0.0,0.0,1.2935882806777954,46.0,0.0,0.0,16.694419860839844,25.131521224975586,15.028608322143555,-0.010362744331359863,0.3794235289096832,74.7750244140625,2659.0,23.7907772064209,846.0,0.0,0.0,1.434195637702942,51.0,0.0,0.0,0.32019275426864624,0.3532015383243561,0.32660573720932007,0.16363026201725006,0.11920291930437088,0.9988316893577576,0.9933562278747559,1.0,0.21052631735801697,0.2210526168346405,0.2631579041481018,0.3052631616592407
17,0.18074022983413895,12.264122009277344,19.291379928588867,10.991074562072754,0.406046986579895,0.667180597782135,84.24493408203125,11983.0,14.749719619750977,2098.0,0.0,0.0,1.0053430795669556,143.0,0.0,0.0,6.221379280090332,9.15419864654541,5.584655284881592,0.8667259216308594,0.931384265422821,97.01912689208984,3450.0,2.587176561355591,92.0,0.0,0.0,0.3937007784843445,14.0,0.0,0.0,11.455151557922363,17.053070068359375,10.228447914123535,0.5363984107971191,0.7448012232780457,85.96737670898438,3057.0,13.10461139678955,466.0,0.0,0.0,0.928009033203125,33.0,0.0,0.0,14.64688491821289,21.980937957763672,13.112011909484863,0.22711312770843506,0.549426257610321,79.0776138305664,2812.0,19.656917572021484,699.0,0.0,0.0,1.2654668092727661,45.0,0.0,0.0,16.733070373535156,25.1169490814209,15.039183616638184,-0.009191393852233887,0.3879590332508087,74.91563415527344,2664.0,23.650169372558594,841.0,0.0,0.0,1.434195637702942,51.0,0.0,0.0,0.3280821442604065,0.35891959071159363,0.3129982650279999,0.16830562055110931,0.11920291930437088,0.9993002414703369,0.9929634928703308,1.0,0.21052631735801697,0.2210526168346405,0.2631579041481018,0.3052631616592407
18,0.17258115710775837,12.350547790527344,19.463308334350586,11.058417320251465,0.3954129219055176,0.6593317985534668,84.19572448730469,11976.0,14.791901588439941,2104.0,0.0,0.0,1.012373447418213,144.0,0.0,0.0,6.263033866882324,9.252193450927734,5.618656635284424,0.8638572692871094,0.9297060966491699,97.01912689208984,3450.0,2.5590550899505615,91.0,0.0,0.0,0.4218222498893738,15.0,0.0,0.0,11.547826766967773,17.214406967163086,10.293774604797363,0.5275847911834717,0.7378472089767456,85.57367706298828,3043.0,13.526433944702148,481.0,0.0,0.0,0.8998875617980957,32.0,0.0,0.0,14.781567573547363,22.2231388092041,13.221205711364746,0.2099868655204773,0.5366499423980713,79.0776138305664,2812.0,19.628795623779297,698.0,0.0,0.0,1.2935882806777954,46.0,0.0,0.0,16.809762954711914,25.287837982177734,15.10003662109375,-0.02297067642211914,0.37777602672576904,75.11248779296875,2671.0,23.453319549560547,834.0,0.0,0.0,1.434195637702942,51.0,0.0,0.0,0.32065773010253906,0.36394768953323364,0.31539463996887207,0.16799210011959076,0.11920291930437088,0.9993231296539307,0.9927374124526978,1.0,0.21052631735801697,0.2210526168346405,0.2631579041481018,0.3052631616592407
19,0.16670630001832568,12.465185165405273,19.605989456176758,11.152396202087402,0.386516273021698,0.6546487808227539,83.87232971191406,11930.0,15.108267784118652,2149.0,0.0,0.0,1.0194038152694702,145.0,0.0,0.0,6.348890781402588,9.388077735900879,5.681519031524658,0.8598289489746094,0.9275990128517151,96.96288299560547,3448.0,2.61529803276062,93.0,0.0,0.0,0.4218222498893738,15.0,0.0,0.0,11.656922340393066,17.38093376159668,10.375457763671875,0.5184005498886108,0.7330979704856873,85.62992095947266,3045.0,13.442069053649902,478.0,0.0,0.0,0.928009033203125,33.0,0.0,0.0,14.911788940429688,22.360437393188477,13.3313627243042,0.20019501447677612,0.5312447547912598,78.17772674560547,2780.0,20.528684616088867,730.0,0.0,0.0,1.2935882806777954,46.0,0.0,0.0,16.943140029907227,25.443218231201172,15.221243858337402,-0.03558051586151123,0.37195950746536255,74.71878814697266,2657.0,23.84701919555664,848.0,0.0,0.0,1.434195637702942,51.0,0.0,0.0,0.3197171688079834,0.35726165771484375,0.32302120327949524,0.163169726729393,0.11920291930437088,0.9993760585784912,0.9927436709403992,1.0,0.21052631735801697,0.2210526168346405,0.2631579041481018,0.3052631616592407
step,fold11/test_loss,fold11/test_mae,fold11/test_rmse,fold11/test_mard,fold11/test_r2,fold11/test_pearson,fold11/test_ega_zone_a_pct,fold11/test_ega_zone_a_count,fold11/test_ega_zone_b_pct,fold11/test_ega_zone_b_count,fold11/test_ega_zone_c_pct,fold11/test_ega_zone_c_count,fold11/test_ega_zone_d_pct,fold11/test_ega_zone_d_count,fold11/test_ega_zone_e_pct,fold11/test_ega_zone_e_count,fold11/test_horizon_15_mae,fold11/test_horizon_15_rmse,fold11/test_horizon_15_mard,fold11/test_horizon_15_r2,fold11/test_horizon_15_pearson,fold11/test_horizon_15_ega_zone_a_pct,fold11/test_horizon_15_ega_zone_a_count,fold11/test_horizon_15_ega_zone_b_pct,fold11/test_horizon_15_ega_zone_b_count,fold11/test_horizon_15_ega_zone_c_pct,fold11/test_horizon_15_ega_zone_c_count,fold11/test_horizon_15_ega_zone_d_pct,fold11/test_horizon_15_ega_zone_d_count,fold11/test_horizon_15_ega_zone_e_pct,fold11/test_horizon_15_ega_zone_e_count,fold11/test_horizon_30_mae,fold11/test_horizon_30_rmse,fold11/test_horizon_30_mard,fold11/test_horizon_30_r2,fold11/test_horizon_30_pearson,fold11/test_horizon_30_ega_zone_a_pct,fold11/test_horizon_30_ega_zone_a_count,fold11/test_horizon_30_ega_zone_b_pct,fold11/test_horizon_30_ega_zone_b_count,fold11/test_horizon_30_ega_zone_c_pct,fold11/test_horizon_30_ega_zone_c_count,fold11/test_horizon_30_ega_zone_d_pct,fold11/test_horizon_30_ega_zone_d_count,fold11/test_horizon_30_ega_zone_e_pct,fold11/test_horizon_30_ega_zone_e_count,fold11/test_horizon_45_mae,fold11/test_horizon_45_rmse,fold11/test_horizon_45_mard,fold11/test_horizon_45_r2,fold11/test_horizon_45_pearson,fold11/test_horizon_45_ega_zone_a_pct,fold11/test_horizon_45_ega_zone_a_count,fold11/test_horizon_45_ega_zone_b_pct,fold11/test_horizon_45_ega_zone_b_count,fold11/test_horizon_45_ega_zone_c_pct,fold11/test_horizon_45_ega_zone_c_count,fold11/test_horizon_45_ega_zone_d_pct,fold11/test_horizon_45_ega_zone_d_count,fold11/test_horizon_45_ega_zone_e_pct,fold11/test_horizon_45_ega_zone_e_count,fold11/test_horizon_60_mae,fold11/test_horizon_60_rmse,fold11/test_horizon_60_mard,fold11/test_horizon_60_r2,fold11/test_horizon_60_pearson,fold11/test_horizon_60_ega_zone_a_pct,fold11/test_horizon_60_ega_zone_a_count,fold11/test_horizon_60_ega_zone_b_pct,fold11/test_horizon_60_ega_zone_b_count,fold11/test_horizon_60_ega_zone_c_pct,fold11/test_horizon_60_ega_zone_c_count,fold11/test_horizon_60_ega_zone_d_pct,fold11/test_horizon_60_ega_zone_d_count,fold11/test_horizon_60_ega_zone_e_pct,fold11/test_horizon_60_ega_zone_e_count
0,0.3318533125388477,11.842097282409668,17.309595108032227,9.646710395812988,0.4831303358078003,0.7062582969665527,87.1836929321289,7442.0,12.816307067871094,1094.0,0.0,0.0,0.0,0.0,0.0,0.0,5.681423664093018,7.952587604522705,4.684457778930664,0.8915207386016846,0.9442387223243713,99.2970962524414,2119.0,0.7029053568840027,15.0,0.0,0.0,0.0,0.0,0.0,0.0,10.911064147949219,15.336416244506836,8.894268035888672,0.5947114825248718,0.7744022607803345,90.34676361083984,1928.0,9.653233528137207,206.0,0.0,0.0,0.0,0.0,0.0,0.0,14.38605785369873,19.91268539428711,11.689784049987793,0.313568651676178,0.5914328098297119,81.86504364013672,1747.0,18.134958267211914,387.0,0.0,0.0,0.0,0.0,0.0,0.0,16.38984489440918,22.43933868408203,13.318331718444824,0.12832927703857422,0.4596063196659088,77.22586822509766,1648.0,22.774133682250977,486.0,0.0,0.0,0.0,0.0,0.0,0.0
step,fold12/train_loss,fold12/val_mae,fold12/val_rmse,fold12/val_mard,fold12/val_r2,fold12/val_pearson,fold12/val_ega_zone_a_pct,fold12/val_ega_zone_a_count,fold12/val_ega_zone_b_pct,fold12/val_ega_zone_b_count,fold12/val_ega_zone_c_pct,fold12/val_ega_zone_c_count,fold12/val_ega_zone_d_pct,fold12/val_ega_zone_d_count,fold12/val_ega_zone_e_pct,fold12/val_ega_zone_e_count,fold12/val_horizon_15_mae,fold12/val_horizon_15_rmse,fold12/val_horizon_15_mard,fold12/val_horizon_15_r2,fold12/val_horizon_15_pearson,fold12/val_horizon_15_ega_zone_a_pct,fold12/val_horizon_15_ega_zone_a_count,fold12/val_horizon_15_ega_zone_b_pct,fold12/val_horizon_15_ega_zone_b_count,fold12/val_horizon_15_ega_zone_c_pct,fold12/val_horizon_15_ega_zone_c_count,fold12/val_horizon_15_ega_zone_d_pct,fold12/val_horizon_15_ega_zone_d_count,fold12/val_horizon_15_ega_zone_e_pct,fold12/val_horizon_15_ega_zone_e_count,fold12/val_horizon_30_mae,fold12/val_horizon_30_rmse,fold12/val_horizon_30_mard,fold12/val_horizon_30_r2,fold12/val_horizon_30_pearson,fold12/val_horizon_30_ega_zone_a_pct,fold12/val_horizon_30_ega_zone_a_count,fold12/val_horizon_30_ega_zone_b_pct,fold12/val_horizon_30_ega_zone_b_count,fold12/val_horizon_30_ega_zone_c_pct,fold12/val_horizon_30_ega_zone_c_count,fold12/val_horizon_30_ega_zone_d_pct,fold12/val_horizon_30_ega_zone_d_count,fold12/val_horizon_30_ega_zone_e_pct,fold12/val_horizon_30_ega_zone_e_count,fold12/val_horizon_45_mae,fold12/val_horizon_45_rmse,fold12/val_horizon_45_mard,fold12/val_horizon_45_r2,fold12/val_horizon_45_pearson,fold12/val_horizon_45_ega_zone_a_pct,fold12/val_horizon_45_ega_zone_a_count,fold12/val_horizon_45_ega_zone_b_pct,fold12/val_horizon_45_ega_zone_b_count,fold12/val_horizon_45_ega_zone_c_pct,fold12/val_horizon_45_ega_zone_c_count,fold12/val_horizon_45_ega_zone_d_pct,fold12/val_horizon_45_ega_zone_d_count,fold12/val_horizon_45_ega_zone_e_pct,fold12/val_horizon_45_ega_zone_e_count,fold12/val_horizon_60_mae,fold12/val_horizon_60_rmse,fold12/val_horizon_60_mard,fold12/val_horizon_60_r2,fold12/val_horizon_60_pearson,fold12/val_horizon_60_ega_zone_a_pct,fold12/val_horizon_60_ega_zone_a_count,fold12/val_horizon_60_ega_zone_b_pct,fold12/val_horizon_60_ega_zone_b_count,fold12/val_horizon_60_ega_zone_c_pct,fold12/val_horizon_60_ega_zone_c_count,fold12/val_horizon_60_ega_zone_d_pct,fold12/val_horizon_60_ega_zone_d_count,fold12/val_horizon_60_ega_zone_e_pct,fold12/val_horizon_60_ega_zone_e_count,fold12/diag_fusion_gate_cgm,fold12/diag_fusion_gate_cgm_guided,fold12/diag_fusion_gate_physio,fold12/diag_horizon_query_similarity,fold12/diag_horizon_progressive_gate,fold12/diag_horizon_attention_similarity,fold12/diag_horizon_attention_entropy,fold12/diag_horizon_curriculum_progress,fold12/diag_loss_horizon_weight_0,fold12/diag_loss_horizon_weight_1,fold12/diag_loss_horizon_weight_2,fold12/diag_loss_horizon_weight_3
1,0.22892075409500118,10.815075874328613,15.89816665649414,9.89342212677002,0.1979658603668213,0.553510308265686,86.066162109375,16807.0,13.478082656860352,2632.0,0.0,0.0,0.4557558298110962,89.0,0.0,0.0,6.952857971191406,10.128148078918457,6.378766059875488,0.6782597303390503,0.8306138515472412,94.8586654663086,4631.0,4.916018009185791,240.0,0.0,0.0,0.22531750798225403,11.0,0.0,0.0,10.62082290649414,15.29745864868164,9.694418907165527,0.26140594482421875,0.589805543422699,86.68578338623047,4232.0,12.843097686767578,627.0,0.0,0.0,0.47111836075782776,23.0,0.0,0.0,12.325910568237305,17.698165893554688,11.254155158996582,0.001192927360534668,0.4316323697566986,82.28185272216797,4017.0,17.14461326599121,837.0,0.0,0.0,0.5735354423522949,28.0,0.0,0.0,13.360709190368652,19.005002975463867,12.24634838104248,-0.16029226779937744,0.32597222924232483,80.43834686279297,3927.0,19.008604049682617,928.0,0.0,0.0,0.5530520081520081,27.0,0.0,0.0,0.4519437849521637,0.19275154173374176,0.3553047180175781,0.017524395138025284,0.11920291930437088,0.9999441504478455,0.9999866485595703,0.0,0.3333333432674408,0.28333333134651184,0.21666665375232697,0.1666666716337204
2,0.2251608256321878,10.722868919372559,15.661059379577637,9.840871810913086,0.22171080112457275,0.5576700568199158,86.15321350097656,16824.0,13.396148681640625,2616.0,0.0,0.0,0.45063501596450806,88.0,0.0,0.0,6.945892810821533,10.093403816223145,6.381391525268555,0.6804633736610413,0.8310433626174927,94.83818054199219,4630.0,4.936501502990723,241.0,0.0,0.0,0.22531750798225403,11.0,0.0,0.0,10.558723449707031,15.151174545288086,9.663147926330566,0.2754642367362976,0.5911006331443787,86.68578338623047,4232.0,12.843097686767578,627.0,0.0,0.0,0.47111836075782776,23.0,0.0,0.0,12.213916778564453,17.39910125732422,11.201672554016113,0.03466373682022095,0.4332802891731262,82.56861877441406,4031.0,16.857845306396484,823.0,0.0,0.0,0.5735354423522949,28.0,0.0,0.0,13.172945022583008,18.625560760498047,12.117274284362793,-0.11442339420318604,0.3274950683116913,80.52027893066406,3931.0,18.947153091430664,925.0,0.0,0.0,0.532568633556366,26.0,0.0,0.0,0.31010231375694275,0.2517734169960022,0.43812429904937744,0.024207523092627525,0.11920291930437088,0.9998209476470947,0.9996545314788818,0.07142857142857142,0.3245614171028137,0.2788847088813782,0.21998745203018188,0.17656642198562622
3,0.2256107818282261,10.677122116088867,15.567374229431152,9.793750762939453,0.23099440336227417,0.5588162541389465,86.3734130859375,16867.0,13.18619441986084,2575.0,0.0,0.0,0.4403932988643646,86.0,0.0,0.0,6.93258810043335,10.037911415100098,6.37423849105835,0.6839672327041626,0.8324859142303467,94.94059753417969,4635.0,4.8340840339660645,236.0,0.0,0.0,0.22531750798225403,11.0,0.0,0.0,10.534185409545898,15.055109977722168,9.643440246582031,0.28462278842926025,0.5921379327774048,86.99303436279297,4247.0,12.556329727172852,613.0,0.0,0.0,0.45063501596450806,22.0,0.0,0.0,12.164702415466309,17.288827896118164,11.150546073913574,0.046861112117767334,0.4329800307750702,82.91683959960938,4048.0,16.530109405517578,807.0,0.0,0.0,0.5530520081520081,27.0,0.0,0.0,13.077009201049805,18.52168846130371,12.006784439086914,-0.10202813148498535,0.32670408487319946,80.64317321777344,3937.0,18.82425308227539,919.0,0.0,0.0,0.532568633556366,26.0,0.0,0.0,0.3078620433807373,0.22074367105960846,0.4713943600654602,0.03829172998666763,0.11920291930437088,0.9995472431182861,0.9962990283966064,0.14285714285714285,0.31578949093818665,0.2744360864162445,0.223308265209198,0.18646617233753204
4,0.2248198696209443,10.68502426147461,15.54279613494873,9.808662414550781,0.23342078924179077,0.5600706934928894,86.46046447753906,16884.0,13.09401798248291,2557.0,0.0,0.0,0.44551411271095276,87.0,0.0,0.0,6.9207868576049805,9.971027374267578,6.370445251464844,0.6881647109985352,0.8348640203475952,95.20687866210938,4648.0,4.567800045013428,223.0,0.0,0.0,0.22531750798225403,11.0,0.0,0.0,10.538290023803711,15.056406021118164,9.65221118927002,0.2844996452331543,0.5929605960845947,86.93158721923828,4244.0,12.617780685424805,616.0,0.0,0.0,0.45063501596450806,22.0,0.0,0.0,12.18008804321289,17.28412437438965,11.166839599609375,0.04737985134124756,0.43265047669410706,82.99877166748047,4052.0,16.42769432067871,802.0,0.0,0.0,0.5735354423522949,28.0,0.0,0.0,13.100934982299805,18.478538513183594,12.045156478881836,-0.09689927101135254,0.32673999667167664,80.70462799072266,3940.0,18.762802124023438,916.0,0.0,0.0,0.532568633556366,26.0,0.0,0.0,0.31769463419914246,0.2510735094547272,0.43123191595077515,0.04847230017185211,0.11920291930437088,0.9943491816520691,0.9832295775413513,0.21428571428571427,0.30701756477355957,0.26998746395111084,0.22662906348705292,0.19636592268943787
5,0.21917782492669943,10.517993927001953,15.35560131072998,9.648469924926758,0.25177472829818726,0.569098174571991,86.91622161865234,16973.0,12.643383026123047,2469.0,0.0,0.0,0.4403932988643646,86.0,0.0,0.0,6.603705406188965,9.533757209777832,6.074478626251221,0.7149155139923096,0.8494473695755005,95.7189712524414,4673.0,4.076198101043701,199.0,0.0,0.0,0.20483408868312836,10.0,0.0,0.0,10.386885643005371,14.829878807067871,9.50805950164795,0.3058674931526184,0.6030283570289612,87.4846420288086,4271.0,12.064727783203125,589.0,0.0,0.0,0.45063501596450806,22.0,0.0,0.0,12.094145774841309,17.162534713745117,11.080801963806152,0.06073558330535889,0.4361688196659088,83.30602264404297,4067.0,16.12044334411621,787.0,0.0,0.0,0.5735354423522949,28.0,0.0,0.0,12.987238883972168,18.379539489746094,11.930540084838867,-0.08517742156982422,0.32790258526802063,81.15526580810547,3962.0,18.312166213989258,894.0,0.0,0.0,0.532568633556366,26.0,0.0,0.0,0.31771159172058105,0.24424731731414795,0.43804115056991577,0.06806652247905731,0.11920291930437088,0.980332612991333,0.9469264149665833,0.2857142857142857,0.2982456088066101,0.2655388414859772,0.22994986176490784,0.2062656730413437
6,0.2141323766067568,10.291242599487305,15.099347114562988,9.42181396484375,0.27653902769088745,0.5856361985206604,87.41294860839844,17070.0,12.162023544311523,2375.0,0.0,0.0,0.4250307083129883,83.0,0.0,0.0,6.225105285644531,8.968147277832031,5.7388739585876465,0.7477385997772217,0.8688055872917175,96.47685241699219,4710.0,3.359279155731201,164.0,0.0,0.0,0.1638672649860382,8.0,0.0,0.0,10.154704093933105,14.56421184539795,9.269553184509277,0.33051443099975586,0.6223564743995667,88.28349304199219,4310.0,11.265874862670898,550.0,0.0,0.0,0.45063501596450806,22.0,0.0,0.0,11.941522598266602,16.972829818725586,10.90505599975586,0.08138495683670044,0.4468928873538971,83.61327362060547,4082.0,15.833674430847168,773.0,0.0,0.0,0.5530520081520081,27.0,0.0,0.0,12.843639373779297,18.2027530670166,11.773768424987793,-0.06440198421478271,0.33298733830451965,81.27816009521484,3968.0,18.189266204833984,888.0,0.0,0.0,0.532568633556366,26.0,0.0,0.0,0.24049198627471924,0.3207132816314697,0.43879473209381104,0.097660593688488,0.11920291930437088,0.9729316830635071,0.919884204864502,0.35714285714285715,0.28947368264198303,0.2610902190208435,0.23327067494392395,0.2161654233932495
7,0.20744478006729972,10.230910301208496,15.137395858764648,9.336542129516602,0.2728883624076843,0.5892579555511475,87.46415710449219,17080.0,12.115936279296875,2366.0,0.0,0.0,0.41990989446640015,82.0,0.0,0.0,6.0610737800598145,8.727206230163574,5.582747459411621,0.7611111998558044,0.8769355416297913,96.9479751586914,4733.0,2.888160467147827,141.0,0.0,0.0,0.1638672649860382,8.0,0.0,0.0,10.08140754699707,14.52735710144043,9.179821968078613,0.3338984251022339,0.6298066973686218,88.24252319335938,4308.0,11.306841850280762,552.0,0.0,0.0,0.45063501596450806,22.0,0.0,0.0,11.923836708068848,17.079437255859375,10.844881057739258,0.06980901956558228,0.4502682089805603,83.53134155273438,4078.0,15.936091423034668,778.0,0.0,0.0,0.532568633556366,26.0,0.0,0.0,12.85732364654541,18.37519073486328,11.738718032836914,-0.08466386795043945,0.33114495873451233,81.13478088378906,3961.0,18.332651138305664,895.0,0.0,0.0,0.532568633556366,26.0,0.0,0.0,0.1849949061870575,0.44388774037361145,0.37111735343933105,0.11651252955198288,0.11920291930437088,0.9709181189537048,0.9228776693344116,0.42857142857142855,0.28070175647735596,0.25664159655570984,0.23659147322177887,0.22606515884399414
8,0.20407802374633194,10.19163703918457,15.119485855102539,9.283771514892578,0.27460789680480957,0.5929198265075684,87.54096984863281,17095.0,12.044243812561035,2352.0,0.0,0.0,0.41478899121284485,81.0,0.0,0.0,5.95883846282959,8.577983856201172,5.49118185043335,0.7692105770111084,0.8817152976989746,97.1118392944336,4741.0,2.703809976577759,132.0,0.0,0.0,0.18435066938400269,9.0,0.0,0.0,10.04548454284668,14.50609016418457,9.13808536529541,0.33584725856781006,0.6329709887504578,88.18107604980469,4305.0,11.388774871826172,556.0,0.0,0.0,0.4301515817642212,21.0,0.0,0.0,11.918882369995117,17.100643157958984,10.818676948547363,0.06749778985977173,0.45350754261016846,83.71569061279297,4087.0,15.751741409301758,769.0,0.0,0.0,0.532568633556366,26.0,0.0,0.0,12.843339920043945,18.3835506439209,11.68714427947998,-0.08565127849578857,0.33598265051841736,81.15526580810547,3962.0,18.332651138305664,895.0,0.0,0.0,0.5120851993560791,25.0,0.0,0.0,0.24663756787776947,0.41489511728286743,0.3384673595428467,0.13115061819553375,0.11920291930437088,0.9729427695274353,0.9200161695480347,0.5,0.2719298303127289,0.25219297409057617,0.2399122714996338,0.23596492409706116
9,0.2004445494132513,10.203064918518066,15.14462661743164,9.296627044677734,0.2721935510635376,0.5944879651069641,87.44879150390625,17077.0,12.131298065185547,2369.0,0.0,0.0,0.41990989446640015,82.0,0.0,0.0,5.9124836921691895,8.51343059539795,5.451200008392334,0.7726711630821228,0.8841105103492737,97.17329406738281,4744.0,2.6218762397766113,128.0,0.0,0.0,0.20483408868312836,10.0,0.0,0.0,10.064624786376953,14.518695831298828,9.16030216217041,0.33469247817993164,0.6357449293136597,88.26300811767578,4309.0,11.306841850280762,552.0,0.0,0.0,0.4301515817642212,21.0,0.0,0.0,11.942646980285645,17.152217864990234,10.84534740447998,0.061864495277404785,0.45399031043052673,83.32650756835938,4068.0,16.140926361083984,788.0,0.0,0.0,0.532568633556366,26.0,0.0,0.0,12.892499923706055,18.438257217407227,11.72966480255127,-0.09212231636047363,0.3377543091773987,81.03236389160156,3956.0,18.455551147460938,901.0,0.0,0.0,0.5120851993560791,25.0,0.0,0.0,0.2672974169254303,0.45811235904693604,0.27459028363227844,0.14155398309230804,0.11920291930437088,0.9754748344421387,0.9172666072845459,0.5714285714285714,0.2631579041481018,0.2477443516254425,0.2432330846786499,0.24586467444896698
10,0.1962297481774619,10.325260162353516,15.352012634277344,9.400089263916016,0.2521244287490845,0.5860571265220642,87.09545135498047,17008.0,12.484637260437012,2438.0,0.0,0.0,0.41990989446640015,82.0,0.0,0.0,5.922019958496094,8.537034034729004,5.4547014236450195,0.7714089155197144,0.8834328651428223,97.17329406738281,4744.0,2.6218762397766113,128.0,0.0,0.0,0.20483408868312836,10.0,0.0,0.0,10.121767044067383,14.649548530578613,9.202462196350098,0.32264596223831177,0.6304003596305847,87.97624206542969,4295.0,11.573125839233398,565.0,0.0,0.0,0.45063501596450806,22.0,0.0,0.0,12.124358177185059,17.40567970275879,11.001134872436523,0.03393357992172241,0.4435325860977173,82.89635467529297,4047.0,16.571077346801758,809.0,0.0,0.0,0.532568633556366,26.0,0.0,0.0,13.132892608642578,18.769371032714844,11.942057609558105,-0.13169896602630615,0.3249584436416626,80.33592987060547,3922.0,19.172470092773438,936.0,0.0,0.0,0.4916017949581146,24.0,0.0,0.0,0.25812557339668274,0.47165733575820923,0.27021709084510803,0.14903655648231506,0.11920291930437088,0.9737122654914856,0.9188940525054932,0.6428571428571429,0.25438597798347473,0.24329572916030884,0.24655388295650482,0.2557644248008728
11,0.19262673333123218,10.32637882232666,15.34410572052002,9.40192699432373,0.25289446115493774,0.586750864982605,87.09545135498047,17008.0,12.494878768920898,2440.0,0.0,0.0,0.4096681773662567,80.0,0.0,0.0,5.868664741516113,8.447603225708008,5.4116034507751465,0.7761730551719666,0.885796844959259,97.5419921875,4762.0,2.273658275604248,111.0,0.0,0.0,0.18435066938400269,9.0,0.0,0.0,10.077596664428711,14.587963104248047,9.169914245605469,0.32832908630371094,0.6334643363952637,88.03768920898438,4298.0,11.532158851623535,563.0,0.0,0.0,0.4301515817642212,21.0,0.0,0.0,12.13335132598877,17.39879035949707,11.009858131408691,0.03469818830490112,0.44422146677970886,82.91683959960938,4048.0,16.550594329833984,808.0,0.0,0.0,0.532568633556366,26.0,0.0,0.0,13.22590446472168,18.838199615478516,12.01633071899414,-0.1400144100189209,0.32239025831222534,79.88529205322266,3900.0,19.623106002807617,958.0,0.0,0.0,0.4916017949581146,24.0,0.0,0.0,0.24713367223739624,0.48038485646247864,0.2724814713001251,0.16427424550056458,0.11920291930437088,0.9736840128898621,0.9147989749908447,0.7142857142857143,0.24561403691768646,0.23884710669517517,0.24987469613552094,0.26566416025161743
12,0.18864942210497768,10.34682559967041,15.361845016479492,9.399657249450684,0.25116610527038574,0.5864332318305969,87.16714477539062,17022.0,12.41806697845459,2425.0,0.0,0.0,0.41478899121284485,81.0,0.0,0.0,5.848621845245361,8.415102005004883,5.384402275085449,0.7778920531272888,0.8865376710891724,97.3576431274414,4753.0,2.437525510787964,119.0,0.0,0.0,0.20483408868312836,10.0,0.0,0.0,10.10638427734375,14.601953506469727,9.172077178955078,0.3270401358604431,0.632411777973175,88.18107604980469,4305.0,11.388774871826172,556.0,0.0,0.0,0.4301515817642212,21.0,0.0,0.0,12.186518669128418,17.451398849487305,11.035049438476562,0.028851866722106934,0.44293734431266785,82.93731689453125,4049.0,16.530109405517578,807.0,0.0,0.0,0.532568633556366,26.0,0.0,0.0,13.245777130126953,18.8510684967041,12.007102966308594,-0.14157235622406006,0.3248004913330078,80.19254302978516,3915.0,19.315853118896484,943.0,0.0,0.0,0.4916017949581146,24.0,0.0,0.0,0.28418394923210144,0.44560083746910095,0.2702152729034424,0.1676749587059021,0.11920291930437088,0.9698179364204407,0.9184740781784058,0.7857142857142857,0.23684212565422058,0.2343984991312027,0.25319552421569824,0.27556392550468445
13,0.18367882895948462,10.318675994873047,15.32954216003418,9.382478713989258,0.25431209802627563,0.5890393853187561,87.19786834716797,17028.0,12.392461776733398,2420.0,0.0,0.0,0.4096681773662567,80.0,0.0,0.0,5.8205647468566895,8.344413757324219,5.362542152404785,0.7816078662872314,0.8881615996360779,97.6239242553711,4766.0,2.1917245388031006,107.0,0.0,0.0,0.18435066938400269,9.0,0.0,0.0,10.094331741333008,14.563433647155762,9.169147491455078,0.33058595657348633,0.6343276500701904,88.14010620117188,4303.0,11.429741859436035,558.0,0.0,0.0,0.4301515817642212,21.0,0.0,0.0,12.153887748718262,17.40859603881836,11.014388084411621,0.033609867095947266,0.4480617344379425,82.87586975097656,4046.0,16.59156036376953,810.0,0.0,0.0,0.532568633556366,26.0,0.0,0.0,13.20592212677002,18.8466796875,11.98383903503418,-0.14104104042053223,0.33122518658638,80.15157318115234,3913.0,19.356821060180664,945.0,0.0,0.0,0.4916017949581146,24.0,0.0,0.0,0.29944512248039246,0.4458818733692169,0.2546730637550354,0.16762225329875946,0.11920291930437088,0.9688157439231873,0.9171870946884155,0.8571428571428571,0.22807016968727112,0.22994986176490784,0.25651630759239197,0.2854636609554291
14,0.17474929741841871,10.36279296875,15.393375396728516,9.416080474853516,0.2480890154838562,0.5879142880439758,87.14154052734375,17017.0,12.438549995422363,2429.0,0.0,0.0,0.41990989446640015,82.0,0.0,0.0,5.837394714355469,8.377241134643555,5.372313976287842,0.7798861265182495,0.8874165415763855,97.6444091796875,4767.0,2.1507577896118164,105.0,0.0,0.0,0.20483408868312836,10.0,0.0,0.0,10.126694679260254,14.615806579589844,9.189056396484375,0.32576262950897217,0.6325514316558838,88.18107604980469,4305.0,11.368291854858398,555.0,0.0,0.0,0.45063501596450806,22.0,0.0,0.0,12.224964141845703,17.48347282409668,11.075733184814453,0.02527862787246704,0.4478505849838257,82.34330749511719,4020.0,17.124130249023438,836.0,0.0,0.0,0.532568633556366,26.0,0.0,0.0,13.262114524841309,18.93018913269043,12.027220726013184,-0.1511751413345337,0.33416205644607544,80.39737701416016,3925.0,19.111019134521484,933.0,0.0,0.0,0.4916017949581146,24.0,0.0,0.0,0.2783525288105011,0.45088991522789,0.27075764536857605,0.17889058589935303,0.11920291930437088,0.9650760293006897,0.9153211712837219,0.9285714285714286,0.21929824352264404,0.22550123929977417,0.2598370909690857,0.2953633964061737
15,0.1692870908379584,10.477936744689941,15.530677795410156,9.516621589660645,0.23461562395095825,0.5819439888000488,86.87525177001953,16965.0,12.715075492858887,2483.0,0.0,0.0,0.4096681773662567,80.0,0.0,0.0,5.820805549621582,8.36004638671875,5.355039119720459,0.780788779258728,0.8875434398651123,97.7263412475586,4771.0,2.0893075466156006,102.0,0.0,0.0,0.18435066938400269,9.0,0.0,0.0,10.198261260986328,14.676959037780762,9.253935813903809,0.3201088309288025,0.628707766532898,87.97624206542969,4295.0,11.573125839233398,565.0,0.0,0.0,0.45063501596450806,22.0,0.0,0.0,12.40478801727295,17.661161422729492,11.236841201782227,0.005365550518035889,0.44033920764923096,82.03604888916016,4005.0,17.45186424255371,852.0,0.0,0.0,0.5120851993560791,25.0,0.0,0.0,13.487895965576172,19.17258071899414,12.22066879272461,-0.18084442615509033,0.3272058963775635,79.76239013671875,3894.0,19.74600601196289,964.0,0.0,0.0,0.4916017949581146,24.0,0.0,0.0,0.27232128381729126,0.46554437279701233,0.2621343731880188,0.18603326380252838,0.11920291930437088,0.9660466313362122,0.9114410877227783,1.0,0.21052631735801697,0.2210526168346405,0.2631579041481018,0.3052631616592407
16,0.16146056832259348,10.503194808959961,15.588308334350586,9.532468795776367,0.22892475128173828,0.5800385475158691,86.69602966308594,16930.0,12.904546737670898,2520.0,0.0,0.0,0.3994264602661133,78.0,0.0,0.0,5.824544429779053,8.376309394836426,5.360651969909668,0.7799351215362549,0.8875246047973633,97.5419921875,4762.0,2.3146250247955322,113.0,0.0,0.0,0.14338386058807373,7.0,0.0,0.0,10.208441734313965,14.730441093444824,9.260133743286133,0.3151448369026184,0.6274585723876953,87.85333251953125,4289.0,11.716509819030762,572.0,0.0,0.0,0.4301515817642212,21.0,0.0,0.0,12.437556266784668,17.732032775878906,11.255139350891113,-0.002633213996887207,0.43754154443740845,81.93363189697266,4000.0,17.533796310424805,856.0,0.0,0.0,0.532568633556366,26.0,0.0,0.0,13.542235374450684,19.245986938476562,12.253951072692871,-0.18990397453308105,0.3218986988067627,79.45514678955078,3879.0,20.05325698852539,979.0,0.0,0.0,0.4916017949581146,24.0,0.0,0.0,0.27438244223594666,0.4670020341873169,0.2586155831813812,0.1950751692056656,0.11920291930437088,0.9670396447181702,0.9080983400344849,1.0,0.21052631735801697,0.2210526168346405,0.2631579041481018,0.3052631616592407
step,fold12/test_loss,fold12/test_mae,fold12/test_rmse,fold12/test_mard,fold12/test_r2,fold12/test_pearson,fold12/test_ega_zone_a_pct,fold12/test_ega_zone_a_count,fold12/test_ega_zone_b_pct,fold12/test_ega_zone_b_count,fold12/test_ega_zone_c_pct,fold12/test_ega_zone_c_count,fold12/test_ega_zone_d_pct,fold12/test_ega_zone_d_count,fold12/test_ega_zone_e_pct,fold12/test_ega_zone_e_count,fold12/test_horizon_15_mae,fold12/test_horizon_15_rmse,fold12/test_horizon_15_mard,fold12/test_horizon_15_r2,fold12/test_horizon_15_pearson,fold12/test_horizon_15_ega_zone_a_pct,fold12/test_horizon_15_ega_zone_a_count,fold12/test_horizon_15_ega_zone_b_pct,fold12/test_horizon_15_ega_zone_b_count,fold12/test_horizon_15_ega_zone_c_pct,fold12/test_horizon_15_ega_zone_c_count,fold12/test_horizon_15_ega_zone_d_pct,fold12/test_horizon_15_ega_zone_d_count,fold12/test_horizon_15_ega_zone_e_pct,fold12/test_horizon_15_ega_zone_e_count,fold12/test_horizon_30_mae,fold12/test_horizon_30_rmse,fold12/test_horizon_30_mard,fold12/test_horizon_30_r2,fold12/test_horizon_30_pearson,fold12/test_horizon_30_ega_zone_a_pct,fold12/test_horizon_30_ega_zone_a_count,fold12/test_horizon_30_ega_zone_b_pct,fold12/test_horizon_30_ega_zone_b_count,fold12/test_horizon_30_ega_zone_c_pct,fold12/test_horizon_30_ega_zone_c_count,fold12/test_horizon_30_ega_zone_d_pct,fold12/test_horizon_30_ega_zone_d_count,fold12/test_horizon_30_ega_zone_e_pct,fold12/test_horizon_30_ega_zone_e_count,fold12/test_horizon_45_mae,fold12/test_horizon_45_rmse,fold12/test_horizon_45_mard,fold12/test_horizon_45_r2,fold12/test_horizon_45_pearson,fold12/test_horizon_45_ega_zone_a_pct,fold12/test_horizon_45_ega_zone_a_count,fold12/test_horizon_45_ega_zone_b_pct,fold12/test_horizon_45_ega_zone_b_count,fold12/test_horizon_45_ega_zone_c_pct,fold12/test_horizon_45_ega_zone_c_count,fold12/test_horizon_45_ega_zone_d_pct,fold12/test_horizon_45_ega_zone_d_count,fold12/test_horizon_45_ega_zone_e_pct,fold12/test_horizon_45_ega_zone_e_count,fold12/test_horizon_60_mae,fold12/test_horizon_60_rmse,fold12/test_horizon_60_mard,fold12/test_horizon_60_r2,fold12/test_horizon_60_pearson,fold12/test_horizon_60_ega_zone_a_pct,fold12/test_horizon_60_ega_zone_a_count,fold12/test_horizon_60_ega_zone_b_pct,fold12/test_horizon_60_ega_zone_b_count,fold12/test_horizon_60_ega_zone_c_pct,fold12/test_horizon_60_ega_zone_c_count,fold12/test_horizon_60_ega_zone_d_pct,fold12/test_horizon_60_ega_zone_d_count,fold12/test_horizon_60_ega_zone_e_pct,fold12/test_horizon_60_ega_zone_e_count
0,0.2480546236038208,9.162386894226074,15.05427360534668,7.27829647064209,0.3841978907585144,0.6551057696342468,91.96977996826172,6574.0,8.030218124389648,574.0,0.0,0.0,0.0,0.0,0.0,0.0,5.265969276428223,7.916893482208252,4.229217052459717,0.8313139081001282,0.9139367938041687,98.48908996582031,1760.0,1.5109121799468994,27.0,0.0,0.0,0.0,0.0,0.0,0.0,9.130651473999023,14.42395305633545,7.243818759918213,0.4349461793899536,0.6893425583839417,92.16564178466797,1647.0,7.834359169006348,140.0,0.0,0.0,0.0,0.0,0.0,0.0,10.796829223632812,17.274686813354492,8.56362247467041,0.1861441731452942,0.5214716792106628,89.53553771972656,1600.0,10.464466094970703,187.0,0.0,0.0,0.0,0.0,0.0,0.0,11.456095695495605,18.367965698242188,9.07652759552002,0.07737350463867188,0.4329066574573517,87.6888656616211,1567.0,12.311136245727539,220.0,0.0,0.0,0.0,0.0,0.0,0.0
step,fold13/train_loss,fold13/val_mae,fold13/val_rmse,fold13/val_mard,fold13/val_r2,fold13/val_pearson,fold13/val_ega_zone_a_pct,fold13/val_ega_zone_a_count,fold13/val_ega_zone_b_pct,fold13/val_ega_zone_b_count,fold13/val_ega_zone_c_pct,fold13/val_ega_zone_c_count,fold13/val_ega_zone_d_pct,fold13/val_ega_zone_d_count,fold13/val_ega_zone_e_pct,fold13/val_ega_zone_e_count,fold13/val_horizon_15_mae,fold13/val_horizon_15_rmse,fold13/val_horizon_15_mard,fold13/val_horizon_15_r2,fold13/val_horizon_15_pearson,fold13/val_horizon_15_ega_zone_a_pct,fold13/val_horizon_15_ega_zone_a_count,fold13/val_horizon_15_ega_zone_b_pct,fold13/val_horizon_15_ega_zone_b_count,fold13/val_horizon_15_ega_zone_c_pct,fold13/val_horizon_15_ega_zone_c_count,fold13/val_horizon_15_ega_zone_d_pct,fold13/val_horizon_15_ega_zone_d_count,fold13/val_horizon_15_ega_zone_e_pct,fold13/val_horizon_15_ega_zone_e_count,fold13/val_horizon_30_mae,fold13/val_horizon_30_rmse,fold13/val_horizon_30_mard,fold13/val_horizon_30_r2,fold13/val_horizon_30_pearson,fold13/val_horizon_30_ega_zone_a_pct,fold13/val_horizon_30_ega_zone_a_count,fold13/val_horizon_30_ega_zone_b_pct,fold13/val_horizon_30_ega_zone_b_count,fold13/val_horizon_30_ega_zone_c_pct,fold13/val_horizon_30_ega_zone_c_count,fold13/val_horizon_30_ega_zone_d_pct,fold13/val_horizon_30_ega_zone_d_count,fold13/val_horizon_30_ega_zone_e_pct,fold13/val_horizon_30_ega_zone_e_count,fold13/val_horizon_45_mae,fold13/val_horizon_45_rmse,fold13/val_horizon_45_mard,fold13/val_horizon_45_r2,fold13/val_horizon_45_pearson,fold13/val_horizon_45_ega_zone_a_pct,fold13/val_horizon_45_ega_zone_a_count,fold13/val_horizon_45_ega_zone_b_pct,fold13/val_horizon_45_ega_zone_b_count,fold13/val_horizon_45_ega_zone_c_pct,fold13/val_horizon_45_ega_zone_c_count,fold13/val_horizon_45_ega_zone_d_pct,fold13/val_horizon_45_ega_zone_d_count,fold13/val_horizon_45_ega_zone_e_pct,fold13/val_horizon_45_ega_zone_e_count,fold13/val_horizon_60_mae,fold13/val_horizon_60_rmse,fold13/val_horizon_60_mard,fold13/val_horizon_60_r2,fold13/val_horizon_60_pearson,fold13/val_horizon_60_ega_zone_a_pct,fold13/val_horizon_60_ega_zone_a_count,fold13/val_horizon_60_ega_zone_b_pct,fold13/val_horizon_60_ega_zone_b_count,fold13/val_horizon_60_ega_zone_c_pct,fold13/val_horizon_60_ega_zone_c_count,fold13/val_horizon_60_ega_zone_d_pct,fold13/val_horizon_60_ega_zone_d_count,fold13/val_horizon_60_ega_zone_e_pct,fold13/val_horizon_60_ega_zone_e_count,fold13/diag_fusion_gate_cgm,fold13/diag_fusion_gate_cgm_guided,fold13/diag_fusion_gate_physio,fold13/diag_horizon_query_similarity,fold13/diag_horizon_progressive_gate,fold13/diag_horizon_attention_similarity,fold13/diag_horizon_attention_entropy,fold13/diag_horizon_curriculum_progress,fold13/diag_loss_horizon_weight_0,fold13/diag_loss_horizon_weight_1,fold13/diag_loss_horizon_weight_2,fold13/diag_loss_horizon_weight_3
1,0.23851503667726118,11.62468147277832,17.18029022216797,9.63768196105957,0.3431898355484009,0.6396975517272949,87.18865203857422,15122.0,12.67297077178955,2198.0,0.0,0.0,0.138376384973526,24.0,0.0,0.0,6.9421234130859375,10.079498291015625,5.735263824462891,0.7729244232177734,0.8823397159576416,97.16328430175781,4213.0,2.8367156982421875,123.0,0.0,0.0,0.0,0.0,0.0,0.0,11.229865074157715,16.381916046142578,9.292839050292969,0.4017658233642578,0.6756281852722168,87.93818664550781,3813.0,11.900368690490723,516.0,0.0,0.0,0.16143910586833954,7.0,0.0,0.0,13.590994834899902,19.481369018554688,11.254959106445312,0.15630507469177246,0.5288131833076477,82.93357849121094,3596.0,16.881919860839844,732.0,0.0,0.0,0.18450184166431427,8.0,0.0,0.0,14.735734939575195,20.76445198059082,12.26766586303711,0.04544711112976074,0.4519549608230591,80.71955108642578,3500.0,19.072877883911133,827.0,0.0,0.0,0.207564577460289,9.0,0.0,0.0,0.6147000789642334,0.17737913131713867,0.20792081952095032,0.056869056075811386,0.11920291930437088,0.9999405741691589,0.9999905228614807,0.0,0.3333333432674408,0.28333333134651184,0.21666665375232697,0.1666666716337204
2,0.23530813522254168,11.466028213500977,16.847253799438477,9.53461742401123,0.3684072494506836,0.6453644633293152,87.84017944335938,15235.0,12.004151344299316,2082.0,0.0,0.0,0.15567342936992645,27.0,0.0,0.0,6.849701404571533,9.916536331176758,5.683429718017578,0.780207633972168,0.8848572969436646,97.23247528076172,4216.0,2.721402168273926,118.0,0.0,0.0,0.04612546041607857,2.0,0.0,0.0,11.103471755981445,16.037691116333008,9.219878196716309,0.42664235830307007,0.6811032891273499,88.8145751953125,3851.0,11.023985862731934,478.0,0.0,0.0,0.16143910586833954,7.0,0.0,0.0,13.40588092803955,19.064376831054688,11.1434326171875,0.19203656911849976,0.5332993268966675,83.76383972167969,3632.0,16.02859878540039,695.0,0.0,0.0,0.207564577460289,9.0,0.0,0.0,14.505064010620117,20.40402603149414,12.091729164123535,0.0782974362373352,0.45500072836875916,81.54981994628906,3536.0,18.24262046813965,791.0,0.0,0.0,0.207564577460289,9.0,0.0,0.0,0.462976336479187,0.36276325583457947,0.17426051199436188,0.05773530527949333,0.11920291930437088,0.9999485015869141,0.9999535083770752,0.07142857142857142,0.3245614171028137,0.2788847088813782,0.21998745203018188,0.17656642198562622
3,0.23682269248404986,11.450677871704102,16.806318283081055,9.510102272033691,0.3714727759361267,0.6449454426765442,87.86323547363281,15239.0,11.981088638305664,2078.0,0.0,0.0,0.15567342936992645,27.0,0.0,0.0,6.832528591156006,9.897154808044434,5.67411470413208,0.7810659408569336,0.8850762248039246,97.23247528076172,4216.0,2.721402168273926,118.0,0.0,0.0,0.04612546041607857,2.0,0.0,0.0,11.057923316955566,15.967608451843262,9.176924705505371,0.43164247274398804,0.6818323731422424,88.90682220458984,3855.0,10.931734085083008,474.0,0.0,0.0,0.16143910586833954,7.0,0.0,0.0,13.381397247314453,19.01270866394043,11.101812362670898,0.19641005992889404,0.5323585867881775,83.67158508300781,3628.0,16.120847702026367,699.0,0.0,0.0,0.207564577460289,9.0,0.0,0.0,14.530863761901855,20.38156509399414,12.087557792663574,0.08032554388046265,0.4491569995880127,81.6420669555664,3540.0,18.150367736816406,787.0,0.0,0.0,0.207564577460289,9.0,0.0,0.0,0.5099343061447144,0.29266369342803955,0.1974020004272461,0.058439355343580246,0.11920291930437088,0.9993748068809509,0.9998040795326233,0.14285714285714285,0.31578949093818665,0.2744360864162445,0.223308265209198,0.18646617233753204
4,0.23701020031380526,11.395294189453125,16.728240966796875,9.462998390197754,0.3772992491722107,0.6463318467140198,88.01314544677734,15265.0,11.831180572509766,2052.0,0.0,0.0,0.15567342936992645,27.0,0.0,0.0,6.8125691413879395,9.881011962890625,5.65883207321167,0.7817795872688293,0.8854302763938904,97.23247528076172,4216.0,2.721402168273926,118.0,0.0,0.0,0.04612546041607857,2.0,0.0,0.0,11.024499893188477,15.919031143188477,9.142436027526855,0.4350953698158264,0.6826277375221252,89.04520416259766,3861.0,10.793357849121094,468.0,0.0,0.0,0.16143910586833954,7.0,0.0,0.0,13.307211875915527,18.90866470336914,11.04043960571289,0.2051810622215271,0.5320195555686951,84.06365203857422,3645.0,15.728781700134277,682.0,0.0,0.0,0.207564577460289,9.0,0.0,0.0,14.436897277832031,20.26693344116211,12.010286331176758,0.09064143896102905,0.4495745599269867,81.71125793457031,3543.0,18.081180572509766,784.0,0.0,0.0,0.207564577460289,9.0,0.0,0.0,0.5348376035690308,0.23814299702644348,0.22701947391033173,0.0636255219578743,0.11920291930437088,0.9972233772277832,0.9994847774505615,0.21428571428571427,0.30701756477355957,0.26998746395111084,0.22662906348705292,0.19636592268943787
5,0.23737761090566376,11.271531105041504,16.543630599975586,9.361958503723145,0.39096736907958984,0.652126669883728,88.11692810058594,15283.0,11.727398872375488,2034.0,0.0,0.0,0.15567342936992645,27.0,0.0,0.0,6.735730171203613,9.732624053955078,5.599705696105957,0.7882845997810364,0.8889628648757935,97.34778594970703,4221.0,2.606088399887085,113.0,0.0,0.0,0.04612546041607857,2.0,0.0,0.0,10.922390937805176,15.762022018432617,9.061603546142578,0.4461837410926819,0.687390148639679,89.04520416259766,3861.0,10.793357849121094,468.0,0.0,0.0,0.16143910586833954,7.0,0.0,0.0,13.15715503692627,18.704004287719727,10.919964790344238,0.22229361534118652,0.537665843963623,84.17896270751953,3650.0,15.613468170166016,677.0,0.0,0.0,0.207564577460289,9.0,0.0,0.0,14.270852088928223,20.04400062561035,11.866559028625488,0.11053699254989624,0.4540562033653259,81.89575958251953,3551.0,17.896678924560547,776.0,0.0,0.0,0.207564577460289,9.0,0.0,0.0,0.46231985092163086,0.21545402705669403,0.3222261667251587,0.07012524455785751,0.11920291930437088,0.996912956237793,0.9994117617607117,0.2857142857142857,0.2982456088066101,0.2655388414859772,0.22994986176490784,0.2062656730413437
6,0.23543282912662267,11.18017292022705,16.46465301513672,9.307092666625977,0.3967685103416443,0.6546851992607117,88.11692810058594,15283.0,11.727398872375488,2034.0,0.0,0.0,0.15567342936992645,27.0,0.0,0.0,6.561517715454102,9.441325187683105,5.476552486419678,0.800768256187439,0.89548259973526,97.48616027832031,4227.0,2.467712163925171,107.0,0.0,0.0,0.04612546041607857,2.0,0.0,0.0,10.8480224609375,15.68843936920166,9.023761749267578,0.45134246349334717,0.6899862885475159,89.16051483154297,3866.0,10.678044319152832,463.0,0.0,0.0,0.16143910586833954,7.0,0.0,0.0,13.101889610290527,18.69675636291504,10.888614654541016,0.22289615869522095,0.5369267463684082,84.13284301757812,3648.0,15.659594535827637,679.0,0.0,0.0,0.207564577460289,9.0,0.0,0.0,14.209261894226074,19.98760986328125,11.839438438415527,0.11553460359573364,0.4528072476387024,81.68818664550781,3542.0,18.104244232177734,785.0,0.0,0.0,0.207564577460289,9.0,0.0,0.0,0.4078466296195984,0.22076070308685303,0.37139272689819336,0.0721418485045433,0.11920291930437088,0.9980275630950928,0.9995715618133545,0.35714285714285715,0.28947368264198303,0.2610902190208435,0.23327067494392395,0.2161654233932495
7,0.23265552667402845,11.044638633728027,16.284393310546875,9.218419075012207,0.4099048376083374,0.6618618369102478,88.22071075439453,15301.0,11.623616218566895,2016.0,0.0,0.0,0.15567342936992645,27.0,0.0,0.0,6.292665481567383,8.956924438476562,5.265956878662109,0.8206875920295715,0.906297504901886,97.94741821289062,4247.0,2.006457567214966,87.0,0.0,0.0,0.04612546041607857,2.0,0.0,0.0,10.727373123168945,15.423694610595703,8.94955062866211,0.4697035551071167,0.6998704075813293,89.4142074584961,3877.0,10.42435359954834,452.0,0.0,0.0,0.16143910586833954,7.0,0.0,0.0,13.046935081481934,18.59082794189453,10.873409271240234,0.23167681694030762,0.5407624840736389,84.10977935791016,3647.0,15.682657241821289,680.0,0.0,0.0,0.207564577460289,9.0,0.0,0.0,14.111580848693848,19.92461585998535,11.784756660461426,0.1211010217666626,0.45491546392440796,81.41143798828125,3530.0,18.380996704101562,797.0,0.0,0.0,0.207564577460289,9.0,0.0,0.0,0.2538830637931824,0.24353650212287903,0.5025804042816162,0.07493355125188828,0.11920291930437088,0.9989138245582581,0.9996901154518127,0.42857142857142855,0.28070175647735596,0.25664159655570984,0.23659147322177887,0.22606515884399414
8,0.22987945120722642,10.863285064697266,16.111169815063477,9.063481330871582,0.4223923087120056,0.6702619194984436,88.60700988769531,15368.0,11.237316131591797,1949.0,0.0,0.0,0.15567342936992645,27.0,0.0,0.0,5.980839729309082,8.575506210327148,5.012478828430176,0.8356339931488037,0.9145311713218689,98.22416687011719,4259.0,1.7297048568725586,75.0,0.0,0.0,0.04612546041607857,2.0,0.0,0.0,10.52444839477539,15.196243286132812,8.776632308959961,0.48522865772247314,0.7103776931762695,89.8062744140625,3894.0,10.03228759765625,435.0,0.0,0.0,0.16143910586833954,7.0,0.0,0.0,12.918380737304688,18.45077133178711,10.76059627532959,0.24320971965789795,0.5475404262542725,84.61715698242188,3669.0,15.175276756286621,658.0,0.0,0.0,0.207564577460289,9.0,0.0,0.0,14.029473304748535,19.833885192871094,11.704218864440918,0.12908726930618286,0.4569324553012848,81.78044891357422,3546.0,18.011993408203125,781.0,0.0,0.0,0.207564577460289,9.0,0.0,0.0,0.27513134479522705,0.2631036937236786,0.4617650806903839,0.07335255295038223,0.11920291930437088,0.9992838501930237,0.9998119473457336,0.5,0.2719298303127289,0.25219297409057617,0.2399122714996338,0.23596492409706116
9,0.22913342547342289,10.749438285827637,15.976384162902832,8.974220275878906,0.43201637268066406,0.6764165163040161,88.72808837890625,15389.0,11.116236686706543,1928.0,0.0,0.0,0.15567342936992645,27.0,0.0,0.0,5.819591999053955,8.326081275939941,4.881958484649658,0.8450562953948975,0.919826328754425,98.362548828125,4265.0,1.5913283824920654,69.0,0.0,0.0,0.04612546041607857,2.0,0.0,0.0,10.38399600982666,15.002275466918945,8.664722442626953,0.4982861280441284,0.7187618017196655,90.10608673095703,3907.0,9.73247241973877,422.0,0.0,0.0,0.16143910586833954,7.0,0.0,0.0,12.81812858581543,18.32278823852539,10.681903839111328,0.2536722421646118,0.5534213185310364,84.75553131103516,3675.0,15.036900520324707,652.0,0.0,0.0,0.207564577460289,9.0,0.0,0.0,13.976034164428711,19.770252227783203,11.668295860290527,0.13466650247573853,0.45843270421028137,81.68818664550781,3542.0,18.104244232177734,785.0,0.0,0.0,0.207564577460289,9.0,0.0,0.0,0.3361648619174957,0.26820108294487,0.39563411474227905,0.08746027946472168,0.11920291930437088,0.9993610978126526,0.999671995639801,0.5714285714285714,0.2631579041481018,0.2477443516254425,0.2432330846786499,0.24586467444896698
10,0.22959853948822287,10.673460960388184,15.978130340576172,8.903672218322754,0.43189215660095215,0.6774083971977234,88.65890502929688,15377.0,11.185423851013184,1940.0,0.0,0.0,0.15567342936992645,27.0,0.0,0.0,5.698920726776123,8.207551956176758,4.7888503074646,0.8494364619255066,0.9222961068153381,98.31642150878906,4263.0,1.6374539136886597,71.0,0.0,0.0,0.04612546041607857,2.0,0.0,0.0,10.285951614379883,14.950593948364258,8.587973594665527,0.5017368793487549,0.7221222519874573,89.85240173339844,3896.0,9.986162185668945,433.0,0.0,0.0,0.16143910586833954,7.0,0.0,0.0,12.754419326782227,18.333723068237305,10.617035865783691,0.2527811527252197,0.5533241033554077,84.73247528076172,3674.0,15.05996322631836,653.0,0.0,0.0,0.207564577460289,9.0,0.0,0.0,13.954547882080078,19.854297637939453,11.620826721191406,0.12729370594024658,0.45475372672080994,81.73431396484375,3544.0,18.05811882019043,783.0,0.0,0.0,0.207564577460289,9.0,0.0,0.0,0.40115809440612793,0.2710224390029907,0.3278195559978485,0.10789097100496292,0.11920291930437088,0.9993113875389099,0.9992201924324036,0.6428571428571429,0.25438597798347473,0.24329572916030884,0.24655388295650482,0.2557644248008728
11,0.2287552216965249,10.668429374694824,15.95484733581543,8.90546703338623,0.43354666233062744,0.6784504055976868,88.70502471923828,15385.0,11.145064353942871,1933.0,0.0,0.0,0.14990775287151337,26.0,0.0,0.0,5.647862434387207,8.094328880310059,4.748972415924072,0.8535618782043457,0.9244217872619629,98.57010650634766,4274.0,1.4068264961242676,61.0,0.0,0.0,0.023062730208039284,1.0,0.0,0.0,10.299830436706543,14.923367500305176,8.608904838562012,0.5035499334335327,0.723168671131134,89.99077606201172,3902.0,9.847785949707031,427.0,0.0,0.0,0.16143910586833954,7.0,0.0,0.0,12.7718505859375,18.324073791503906,10.637394905090332,0.2535673975944519,0.5544005632400513,84.73247528076172,3674.0,15.05996322631836,653.0,0.0,0.0,0.207564577460289,9.0,0.0,0.0,13.954174995422363,19.855270385742188,11.626596450805664,0.12720811367034912,0.4549534022808075,81.52674865722656,3535.0,18.265682220458984,792.0,0.0,0.0,0.207564577460289,9.0,0.0,0.0,0.4271860122680664,0.2750249207019806,0.2977890968322754,0.12103849649429321,0.11920291930437088,0.9996683597564697,0.9987478256225586,0.7142857142857143,0.24561403691768646,0.23884710669517517,0.24987469613552094,0.26566416025161743
12,0.2297309906335044,10.672614097595215,15.888270378112793,8.90485668182373,0.4382641315460205,0.6798645853996277,88.86070251464844,15412.0,10.983625411987305,1905.0,0.0,0.0,0.15567342936992645,27.0,0.0,0.0,5.60770845413208,8.004006385803223,4.717252731323242,0.8568117022514343,0.9261552095413208,98.66236114501953,4278.0,1.2915128469467163,56.0,0.0,0.0,0.04612546041607857,2.0,0.0,0.0,10.282567977905273,14.827049255371094,8.588680267333984,0.5099376440048218,0.7257568836212158,90.22140502929688,3912.0,9.617158889770508,417.0,0.0,0.0,0.16143910586833954,7.0,0.0,0.0,12.776365280151367,18.241867065429688,10.636831283569336,0.26024991273880005,0.5549077391624451,85.00922393798828,3686.0,14.783210754394531,641.0,0.0,0.0,0.207564577460289,9.0,0.0,0.0,14.023816108703613,19.82617950439453,11.676660537719727,0.12976378202438354,0.45076242089271545,81.54981994628906,3536.0,18.24262046813965,791.0,0.0,0.0,0.207564577460289,9.0,0.0,0.0,0.4203040599822998,0.2784729599952698,0.3012230694293976,0.131159245967865,0.11920291930437088,0.9995662569999695,0.9992173910140991,0.7857142857142857,0.23684212565422058,0.2343984991312027,0.25319552421569824,0.27556392550468445
13,0.2286219912913346,10.703929901123047,15.950193405151367,8.924978256225586,0.43387705087661743,0.6773536205291748,88.82034301757812,15405.0,11.035516738891602,1914.0,0.0,0.0,0.1441420614719391,25.0,0.0,0.0,5.588742256164551,7.908346652984619,4.708010673522949,0.8602139353752136,0.9279448986053467,98.66236114501953,4278.0,1.3376383781433105,58.0,0.0,0.0,0.0,0.0,0.0,0.0,10.27538013458252,14.76417350769043,8.588030815124512,0.5140851736068726,0.7279230356216431,90.33671569824219,3917.0,9.501845359802246,412.0,0.0,0.0,0.16143910586833954,7.0,0.0,0.0,12.84365463256836,18.336698532104492,10.679471969604492,0.25253862142562866,0.5499404668807983,84.61715698242188,3669.0,15.175276756286621,658.0,0.0,0.0,0.207564577460289,9.0,0.0,0.0,14.107935905456543,20.021923065185547,11.724398612976074,0.11249524354934692,0.43909940123558044,81.66513061523438,3541.0,18.12730598449707,786.0,0.0,0.0,0.207564577460289,9.0,0.0,0.0,0.4111350178718567,0.2936512231826782,0.29521381855010986,0.14906732738018036,0.11920291930437088,0.9996373057365417,0.9989778399467468,0.8571428571428571,0.22807016968727112,0.22994986176490784,0.25651630759239197,0.2854636609554291
14,0.22899771012254935,10.71098804473877,15.917730331420898,8.941350936889648,0.43617916107177734,0.6782925724983215,88.8434066772461,15409.0,11.01245403289795,1910.0,0.0,0.0,0.1441420614719391,25.0,0.0,0.0,5.600536346435547,7.884886741638184,4.709790229797363,0.8610420227050781,0.9283687472343445,98.59317779541016,4275.0,1.4068264961242676,61.0,0.0,0.0,0.0,0.0,0.0,0.0,10.323419570922852,14.710159301757812,8.624908447265625,0.5176340937614441,0.7301350235939026,90.38284301757812,3919.0,9.455719947814941,410.0,0.0,0.0,0.16143910586833954,7.0,0.0,0.0,12.849150657653809,18.284008026123047,10.70748519897461,0.2568281292915344,0.5519186854362488,85.00922393798828,3686.0,14.783210754394531,641.0,0.0,0.0,0.207564577460289,9.0,0.0,0.0,14.070849418640137,20.01578140258789,11.72321891784668,0.11303985118865967,0.43847936391830444,81.38838195800781,3529.0,18.4040584564209,798.0,0.0,0.0,0.207564577460289,9.0,0.0,0.0,0.4011771082878113,0.30443206429481506,0.29439088702201843,0.17413918673992157,0.11920291930437088,0.999444305896759,0.9981935024261475,0.9285714285714286,0.21929824352264404,0.22550123929977417,0.2598370909690857,0.2953633964061737
15,0.228101795156358,10.757725715637207,16.011606216430664,8.95616626739502,0.42950916290283203,0.6753155589103699,88.8145751953125,15404.0,11.02975082397461,1913.0,0.0,0.0,0.15567342936992645,27.0,0.0,0.0,5.647263526916504,7.980278015136719,4.744675159454346,0.8576594591140747,0.9267750382423401,98.6162338256836,4276.0,1.3376383781433105,58.0,0.0,0.0,0.04612546041607857,2.0,0.0,0.0,10.332236289978027,14.772671699523926,8.61622428894043,0.5135256052017212,0.7284292578697205,90.24446868896484,3913.0,9.594096183776855,416.0,0.0,0.0,0.16143910586833954,7.0,0.0,0.0,12.868268966674805,18.36143684387207,10.69451904296875,0.25052034854888916,0.5493541359901428,84.68634796142578,3672.0,15.106087684631348,655.0,0.0,0.0,0.207564577460289,9.0,0.0,0.0,14.183134078979492,20.160036087036133,11.76924991607666,0.10020893812179565,0.4310867190361023,81.71125793457031,3543.0,18.081180572509766,784.0,0.0,0.0,0.207564577460289,9.0,0.0,0.0,0.38784632086753845,0.3165303170681,0.2956234812736511,0.1821051836013794,0.11920291930437088,0.9995872378349304,0.9987339973449707,1.0,0.21052631735801697,0.2210526168346405,0.2631579041481018,0.3052631616592407
16,0.22475382982826095,10.7572660446167,16.046974182128906,8.968880653381348,0.42698609828948975,0.6725161671638489,88.69926452636719,15384.0,11.145064353942871,1933.0,0.0,0.0,0.15567342936992645,27.0,0.0,0.0,5.613490104675293,7.982631683349609,4.7180562019348145,0.8575754761695862,0.9265045523643494,98.6162338256836,4276.0,1.3376383781433105,58.0,0.0,0.0,0.04612546041607857,2.0,0.0,0.0,10.337960243225098,14.79366683959961,8.631030082702637,0.5121418237686157,0.7265055775642395,90.22140502929688,3912.0,9.617158889770508,417.0,0.0,0.0,0.16143910586833954,7.0,0.0,0.0,12.875139236450195,18.39171600341797,10.71578598022461,0.2480463981628418,0.5457215905189514,84.70941162109375,3673.0,15.083024978637695,654.0,0.0,0.0,0.207564577460289,9.0,0.0,0.0,14.202474594116211,20.228479385375977,11.810657501220703,0.0940890908241272,0.42518582940101624,81.25,3523.0,18.542436599731445,804.0,0.0,0.0,0.207564577460289,9.0,0.0,0.0,0.3653848469257355,0.32575905323028564,0.30885612964630127,0.18542224168777466,0.11920291930437088,0.9997201561927795,0.9991503357887268,1.0,0.21052631735801697,0.2210526168346405,0.2631579041481018,0.3052631616592407
17,0.21949362039022358,10.824256896972656,16.132680892944336,9.036246299743652,0.4208488464355469,0.6679852604866028,88.58394622802734,15364.0,11.260377883911133,1953.0,0.0,0.0,0.15567342936992645,27.0,0.0,0.0,5.639333248138428,7.973494529724121,4.742395401000977,0.8579013347625732,0.9265868663787842,98.59317779541016,4275.0,1.360701084136963,59.0,0.0,0.0,0.04612546041607857,2.0,0.0,0.0,10.438414573669434,14.919143676757812,8.721817016601562,0.5038309097290039,0.7210023999214172,89.89852905273438,3898.0,9.94003677368164,431.0,0.0,0.0,0.16143910586833954,7.0,0.0,0.0,12.968969345092773,18.525110244750977,10.813159942626953,0.23709917068481445,0.5373215079307556,84.57103729248047,3667.0,15.221402168273926,660.0,0.0,0.0,0.207564577460289,9.0,0.0,0.0,14.250309944152832,20.290794372558594,11.867609024047852,0.08849900960922241,0.41938287019729614,81.27306365966797,3524.0,18.519372940063477,803.0,0.0,0.0,0.207564577460289,9.0,0.0,0.0,0.362438827753067,0.3276430070400238,0.3099181652069092,0.1901044398546219,0.11920291930437088,0.999722421169281,0.9987504482269287,1.0,0.21052631735801697,0.2210526168346405,0.2631579041481018,0.3052631616592407
18,0.21654036670308013,10.947092056274414,16.288776397705078,9.139787673950195,0.40958714485168457,0.6618605256080627,88.3475570678711,15323.0,11.50253677368164,1995.0,0.0,0.0,0.14990775287151337,26.0,0.0,0.0,5.645541191101074,7.968824863433838,4.749119281768799,0.8580677509307861,0.9267784357070923,98.57010650634766,4274.0,1.4068264961242676,61.0,0.0,0.0,0.023062730208039284,1.0,0.0,0.0,10.51472282409668,15.000802993774414,8.790009498596191,0.49838459491729736,0.7183630466461182,89.73709106445312,3891.0,10.101476669311523,438.0,0.0,0.0,0.16143910586833954,7.0,0.0,0.0,13.142766952514648,18.7204532623291,10.956907272338867,0.22092509269714355,0.5277444124221802,83.78689575195312,3633.0,16.005535125732422,694.0,0.0,0.0,0.207564577460289,9.0,0.0,0.0,14.485335350036621,20.550312042236328,12.063117027282715,0.06503379344940186,0.4048270285129547,81.29612731933594,3525.0,18.496309280395508,802.0,0.0,0.0,0.207564577460289,9.0,0.0,0.0,0.35826078057289124,0.3285118341445923,0.31322747468948364,0.19856661558151245,0.11920291930437088,0.9996907114982605,0.9987708926200867,1.0,0.21052631735801697,0.2210526168346405,0.2631579041481018,0.3052631616592407
19,0.21178677640908966,11.086040496826172,16.450145721435547,9.255552291870117,0.3978310227394104,0.6552727818489075,88.14575958251953,15288.0,11.704336166381836,2030.0,0.0,0.0,0.14990775287151337,26.0,0.0,0.0,5.656253814697266,7.98239278793335,4.76161003112793,0.8575839996337891,0.9265764951705933,98.52398681640625,4272.0,1.4529520273208618,63.0,0.0,0.0,0.023062730208039284,1.0,0.0,0.0,10.592130661010742,15.106025695800781,8.856158256530762,0.4913228154182434,0.7145180702209473,89.69095611572266,3889.0,10.147601127624512,440.0,0.0,0.0,0.16143910586833954,7.0,0.0,0.0,13.344104766845703,18.91301918029785,11.120328903198242,0.20481503009796143,0.5177774429321289,83.44095611572266,3618.0,16.351476669311523,709.0,0.0,0.0,0.207564577460289,9.0,0.0,0.0,14.75167179107666,20.804237365722656,12.284109115600586,0.04178571701049805,0.39086592197418213,80.9271240234375,3509.0,18.865314483642578,818.0,0.0,0.0,0.207564577460289,9.0,0.0,0.0,0.35190629959106445,0.32762134075164795,0.3204724192619324,0.19098401069641113,0.11920291930437088,0.9995612502098083,0.9987623691558838,1.0,0.21052631735801697,0.2210526168346405,0.2631579041481018,0.3052631616592407
20,0.20701805510546117,11.206718444824219,16.551807403564453,9.365147590637207,0.39036524295806885,0.6511983275413513,87.85747528076172,15238.0,11.992619514465332,2080.0,0.0,0.0,0.14990775287151337,26.0,0.0,0.0,5.67295503616333,7.984237194061279,4.776555061340332,0.857518196105957,0.9266026020050049,98.52398681640625,4272.0,1.4529520273208618,63.0,0.0,0.0,0.023062730208039284,1.0,0.0,0.0,10.69056224822998,15.169230461120605,8.944214820861816,0.4870571494102478,0.7120154500007629,89.46033477783203,3879.0,10.378229141235352,450.0,0.0,0.0,0.16143910586833954,7.0,0.0,0.0,13.526488304138184,19.067171096801758,11.282042503356934,0.19179964065551758,0.5103070735931396,83.02583312988281,3600.0,16.766605377197266,727.0,0.0,0.0,0.207564577460289,9.0,0.0,0.0,14.936869621276855,20.938926696777344,12.457778930664062,0.02933824062347412,0.38452476263046265,80.41974639892578,3487.0,19.37269401550293,840.0,0.0,0.0,0.207564577460289,9.0,0.0,0.0,0.35145828127861023,0.32766520977020264,0.32087650895118713,0.18875367939472198,0.11920291930437088,0.9996193051338196,0.9988861083984375,1.0,0.21052631735801697,0.2210526168346405,0.2631579041481018,0.3052631616592407
step,fold13/test_loss,fold13/test_mae,fold13/test_rmse,fold13/test_mard,fold13/test_r2,fold13/test_pearson,fold13/test_ega_zone_a_pct,fold13/test_ega_zone_a_count,fold13/test_ega_zone_b_pct,fold13/test_ega_zone_b_count,fold13/test_ega_zone_c_pct,fold13/test_ega_zone_c_count,fold13/test_ega_zone_d_pct,fold13/test_ega_zone_d_count,fold13/test_ega_zone_e_pct,fold13/test_ega_zone_e_count,fold13/test_horizon_15_mae,fold13/test_horizon_15_rmse,fold13/test_horizon_15_mard,fold13/test_horizon_15_r2,fold13/test_horizon_15_pearson,fold13/test_horizon_15_ega_zone_a_pct,fold13/test_horizon_15_ega_zone_a_count,fold13/test_horizon_15_ega_zone_b_pct,fold13/test_horizon_15_ega_zone_b_count,fold13/test_horizon_15_ega_zone_c_pct,fold13/test_horizon_15_ega_zone_c_count,fold13/test_horizon_15_ega_zone_d_pct,fold13/test_horizon_15_ega_zone_d_count,fold13/test_horizon_15_ega_zone_e_pct,fold13/test_horizon_15_ega_zone_e_count,fold13/test_horizon_30_mae,fold13/test_horizon_30_rmse,fold13/test_horizon_30_mard,fold13/test_horizon_30_r2,fold13/test_horizon_30_pearson,fold13/test_horizon_30_ega_zone_a_pct,fold13/test_horizon_30_ega_zone_a_count,fold13/test_horizon_30_ega_zone_b_pct,fold13/test_horizon_30_ega_zone_b_count,fold13/test_horizon_30_ega_zone_c_pct,fold13/test_horizon_30_ega_zone_c_count,fold13/test_horizon_30_ega_zone_d_pct,fold13/test_horizon_30_ega_zone_d_count,fold13/test_horizon_30_ega_zone_e_pct,fold13/test_horizon_30_ega_zone_e_count,fold13/test_horizon_45_mae,fold13/test_horizon_45_rmse,fold13/test_horizon_45_mard,fold13/test_horizon_45_r2,fold13/test_horizon_45_pearson,fold13/test_horizon_45_ega_zone_a_pct,fold13/test_horizon_45_ega_zone_a_count,fold13/test_horizon_45_ega_zone_b_pct,fold13/test_horizon_45_ega_zone_b_count,fold13/test_horizon_45_ega_zone_c_pct,fold13/test_horizon_45_ega_zone_c_count,fold13/test_horizon_45_ega_zone_d_pct,fold13/test_horizon_45_ega_zone_d_count,fold13/test_horizon_45_ega_zone_e_pct,fold13/test_horizon_45_ega_zone_e_count,fold13/test_horizon_60_mae,fold13/test_horizon_60_rmse,fold13/test_horizon_60_mard,fold13/test_horizon_60_r2,fold13/test_horizon_60_pearson,fold13/test_horizon_60_ega_zone_a_pct,fold13/test_horizon_60_ega_zone_a_count,fold13/test_horizon_60_ega_zone_b_pct,fold13/test_horizon_60_ega_zone_b_count,fold13/test_horizon_60_ega_zone_c_pct,fold13/test_horizon_60_ega_zone_c_count,fold13/test_horizon_60_ega_zone_d_pct,fold13/test_horizon_60_ega_zone_d_count,fold13/test_horizon_60_ega_zone_e_pct,fold13/test_horizon_60_ega_zone_e_count
0,0.33355590192133505,11.556034088134766,18.633525848388672,8.570196151733398,0.31221795082092285,0.6299204230308533,89.21038818359375,6937.0,10.7896089553833,839.0,0.0,0.0,0.0,0.0,0.0,0.0,5.408444404602051,8.490791320800781,4.164241790771484,0.8571588397026062,0.9285442233085632,98.35391235351562,1912.0,1.6460905075073242,32.0,0.0,0.0,0.0,0.0,0.0,0.0,10.551434516906738,16.460453033447266,7.887486934661865,0.46351152658462524,0.7160024642944336,92.12963104248047,1791.0,7.870369911193848,153.0,0.0,0.0,0.0,0.0,0.0,0.0,13.955252647399902,21.397811889648438,10.263009071350098,0.0932576060295105,0.4887136220932007,85.08230590820312,1654.0,14.917695999145508,290.0,0.0,0.0,0.0,0.0,0.0,0.0,16.30900001525879,24.24720001220703,11.966048240661621,-0.16516613960266113,0.31849169731140137,81.27571868896484,1580.0,18.724279403686523,364.0,0.0,0.0,0.0,0.0,0.0,0.0
step,fold14/train_loss,fold14/val_mae,fold14/val_rmse,fold14/val_mard,fold14/val_r2,fold14/val_pearson,fold14/val_ega_zone_a_pct,fold14/val_ega_zone_a_count,fold14/val_ega_zone_b_pct,fold14/val_ega_zone_b_count,fold14/val_ega_zone_c_pct,fold14/val_ega_zone_c_count,fold14/val_ega_zone_d_pct,fold14/val_ega_zone_d_count,fold14/val_ega_zone_e_pct,fold14/val_ega_zone_e_count,fold14/val_horizon_15_mae,fold14/val_horizon_15_rmse,fold14/val_horizon_15_mard,fold14/val_horizon_15_r2,fold14/val_horizon_15_pearson,fold14/val_horizon_15_ega_zone_a_pct,fold14/val_horizon_15_ega_zone_a_count,fold14/val_horizon_15_ega_zone_b_pct,fold14/val_horizon_15_ega_zone_b_count,fold14/val_horizon_15_ega_zone_c_pct,fold14/val_horizon_15_ega_zone_c_count,fold14/val_horizon_15_ega_zone_d_pct,fold14/val_horizon_15_ega_zone_d_count,fold14/val_horizon_15_ega_zone_e_pct,fold14/val_horizon_15_ega_zone_e_count,fold14/val_horizon_30_mae,fold14/val_horizon_30_rmse,fold14/val_horizon_30_mard,fold14/val_horizon_30_r2,fold14/val_horizon_30_pearson,fold14/val_horizon_30_ega_zone_a_pct,fold14/val_horizon_30_ega_zone_a_count,fold14/val_horizon_30_ega_zone_b_pct,fold14/val_horizon_30_ega_zone_b_count,fold14/val_horizon_30_ega_zone_c_pct,fold14/val_horizon_30_ega_zone_c_count,fold14/val_horizon_30_ega_zone_d_pct,fold14/val_horizon_30_ega_zone_d_count,fold14/val_horizon_30_ega_zone_e_pct,fold14/val_horizon_30_ega_zone_e_count,fold14/val_horizon_45_mae,fold14/val_horizon_45_rmse,fold14/val_horizon_45_mard,fold14/val_horizon_45_r2,fold14/val_horizon_45_pearson,fold14/val_horizon_45_ega_zone_a_pct,fold14/val_horizon_45_ega_zone_a_count,fold14/val_horizon_45_ega_zone_b_pct,fold14/val_horizon_45_ega_zone_b_count,fold14/val_horizon_45_ega_zone_c_pct,fold14/val_horizon_45_ega_zone_c_count,fold14/val_horizon_45_ega_zone_d_pct,fold14/val_horizon_45_ega_zone_d_count,fold14/val_horizon_45_ega_zone_e_pct,fold14/val_horizon_45_ega_zone_e_count,fold14/val_horizon_60_mae,fold14/val_horizon_60_rmse,fold14/val_horizon_60_mard,fold14/val_horizon_60_r2,fold14/val_horizon_60_pearson,fold14/val_horizon_60_ega_zone_a_pct,fold14/val_horizon_60_ega_zone_a_count,fold14/val_horizon_60_ega_zone_b_pct,fold14/val_horizon_60_ega_zone_b_count,fold14/val_horizon_60_ega_zone_c_pct,fold14/val_horizon_60_ega_zone_c_count,fold14/val_horizon_60_ega_zone_d_pct,fold14/val_horizon_60_ega_zone_d_count,fold14/val_horizon_60_ega_zone_e_pct,fold14/val_horizon_60_ega_zone_e_count,fold14/diag_fusion_gate_cgm,fold14/diag_fusion_gate_cgm_guided,fold14/diag_fusion_gate_physio,fold14/diag_horizon_query_similarity,fold14/diag_horizon_progressive_gate,fold14/diag_horizon_attention_similarity,fold14/diag_horizon_attention_entropy,fold14/diag_horizon_curriculum_progress,fold14/diag_loss_horizon_weight_0,fold14/diag_loss_horizon_weight_1,fold14/diag_loss_horizon_weight_2,fold14/diag_loss_horizon_weight_3
1,0.24711790020219396,9.69520378112793,14.92799186706543,8.121522903442383,0.5429714322090149,0.7465187907218933,91.65111541748047,15720.0,8.290578842163086,1422.0,0.0,0.0,0.05830223858356476,10.0,0.0,0.0,5.807873249053955,8.538016319274902,4.929244518280029,0.8502971529960632,0.9221706986427307,98.15765380859375,4209.0,1.7490671873092651,75.0,0.0,0.0,0.09328357875347137,4.0,0.0,0.0,9.257542610168457,13.733531951904297,7.764117240905762,0.6130934953689575,0.7876275777816772,92.7005615234375,3975.0,7.252798080444336,311.0,0.0,0.0,0.04664178937673569,2.0,0.0,0.0,11.203337669372559,16.737552642822266,9.370265007019043,0.4255044460296631,0.6731038093566895,89.0625,3819.0,10.890857696533203,467.0,0.0,0.0,0.04664178937673569,2.0,0.0,0.0,12.512062072753906,18.700977325439453,10.422464370727539,0.2837854027748108,0.583530068397522,86.68376922607422,3717.0,13.2695894241333,569.0,0.0,0.0,0.04664178937673569,2.0,0.0,0.0,0.5932582020759583,0.17349112033843994,0.2332506775856018,-0.07082588225603104,0.11920291930437088,0.9999238848686218,0.9999749064445496,0.0,0.3333333432674408,0.28333333134651184,0.21666665375232697,0.1666666716337204
2,0.24378959397239303,9.709453582763672,14.834761619567871,8.136296272277832,0.5486621856689453,0.7462650537490845,91.83185577392578,15751.0,8.109841346740723,1391.0,0.0,0.0,0.05830223858356476,10.0,0.0,0.0,5.822170734405518,8.502474784851074,4.944596290588379,0.8515408635139465,0.9229217171669006,98.08768463134766,4206.0,1.8190298080444336,78.0,0.0,0.0,0.09328357875347137,4.0,0.0,0.0,9.260221481323242,13.625727653503418,7.774462699890137,0.6191438436508179,0.7887499332427979,92.7938461303711,3979.0,7.159514904022217,307.0,0.0,0.0,0.04664178937673569,2.0,0.0,0.0,11.21822738647461,16.642335891723633,9.368613243103027,0.4320222735404968,0.670733630657196,89.5055923461914,3838.0,10.447761535644531,448.0,0.0,0.0,0.04664178937673569,2.0,0.0,0.0,12.537198066711426,18.583881378173828,10.457512855529785,0.29272645711898804,0.5783945918083191,86.94029998779297,3728.0,13.013060569763184,558.0,0.0,0.0,0.04664178937673569,2.0,0.0,0.0,0.5446264147758484,0.17395783960819244,0.28141579031944275,-0.06726181507110596,0.11920291930437088,0.9988910555839539,0.9990289211273193,0.07142857142857142,0.3245614171028137,0.2788847088813782,0.21998745203018188,0.17656642198562622
3,0.24262476254187443,9.648517608642578,14.689213752746582,8.077798843383789,0.5574751496315002,0.7498912215232849,92.00675964355469,15781.0,7.934934616088867,1361.0,0.0,0.0,0.05830223858356476,10.0,0.0,0.0,5.741333484649658,8.381363868713379,4.877729892730713,0.8557401299476624,0.9253627061843872,98.13432312011719,4208.0,1.7723881006240845,76.0,0.0,0.0,0.09328357875347137,4.0,0.0,0.0,9.165241241455078,13.523818969726562,7.681082248687744,0.6248195171356201,0.7917940020561218,92.95709228515625,3986.0,6.9962687492370605,300.0,0.0,0.0,0.04664178937673569,2.0,0.0,0.0,11.153707504272461,16.501705169677734,9.301872253417969,0.441580593585968,0.6730427742004395,89.73880767822266,3848.0,10.21455192565918,438.0,0.0,0.0,0.04664178937673569,2.0,0.0,0.0,12.533787727355957,18.37511444091797,10.45051097869873,0.30852794647216797,0.5784130096435547,87.19682312011719,3739.0,12.756529808044434,547.0,0.0,0.0,0.04664178937673569,2.0,0.0,0.0,0.30402883887290955,0.3126806318759918,0.383290559053421,-0.05503161624073982,0.11920291930437088,0.9854344725608826,0.9751796126365662,0.14285714285714285,0.31578949093818665,0.2744360864162445,0.223308265209198,0.18646617233753204
4,0.23702619659131466,9.48513412475586,14.470181465148926,7.946464538574219,0.5705738067626953,0.7576049566268921,91.93680572509766,15769.0,8.004897117614746,1373.0,0.0,0.0,0.05830223858356476,10.0,0.0,0.0,5.407535076141357,7.9053874015808105,4.607367038726807,0.8716598749160767,0.9340861439704895,98.32089233398438,4216.0,1.5858209133148193,68.0,0.0,0.0,0.09328357875347137,4.0,0.0,0.0,9.041720390319824,13.285332679748535,7.599142074584961,0.6379350423812866,0.7994279861450195,93.1203384399414,3993.0,6.833022117614746,293.0,0.0,0.0,0.04664178937673569,2.0,0.0,0.0,11.059954643249512,16.345951080322266,9.229089736938477,0.4520723819732666,0.6782872080802917,89.52891540527344,3839.0,10.424440383911133,447.0,0.0,0.0,0.04664178937673569,2.0,0.0,0.0,12.431324005126953,18.203271865844727,10.35025691986084,0.32140052318573,0.5843130946159363,86.77704620361328,3721.0,13.176305770874023,565.0,0.0,0.0,0.04664178937673569,2.0,0.0,0.0,0.28312018513679504,0.3483845293521881,0.36849531531333923,-0.011160572059452534,0.11920291930437088,0.9964399933815002,0.933024525642395,0.21428571428571427,0.30701756477355957,0.26998746395111084,0.22662906348705292,0.19636592268943787
5,0.2293721174982841,9.237902641296387,14.234128952026367,7.744166374206543,0.5844700336456299,0.7664287090301514,92.05923461914062,15790.0,7.876632213592529,1351.0,0.0,0.0,0.064132459461689,11.0,0.0,0.0,4.967071533203125,7.177669525146484,4.2638139724731445,0.8942006230354309,0.9458792805671692,98.90391540527344,4241.0,1.0027985572814941,43.0,0.0,0.0,0.09328357875347137,4.0,0.0,0.0,8.750210762023926,12.885299682617188,7.367605686187744,0.6594109535217285,0.8128408789634705,93.54011535644531,4011.0,6.389925479888916,274.0,0.0,0.0,0.06996268779039383,3.0,0.0,0.0,10.89214038848877,16.19944953918457,9.08438491821289,0.46185004711151123,0.684574544429779,89.34234619140625,3831.0,10.611007690429688,455.0,0.0,0.0,0.04664178937673569,2.0,0.0,0.0,12.342188835144043,18.17882537841797,10.260859489440918,0.3232221007347107,0.5838199257850647,86.4505615234375,3707.0,13.502799034118652,579.0,0.0,0.0,0.04664178937673569,2.0,0.0,0.0,0.2217998504638672,0.3841119706630707,0.3940882384777069,0.03226938471198082,0.11920291930437088,0.9973596930503845,0.8896913528442383,0.2857142857142857,0.2982456088066101,0.2655388414859772,0.22994986176490784,0.2062656730413437
6,0.2256809221044042,9.180865287780762,14.051645278930664,7.691920757293701,0.5950560569763184,0.7733148336410522,92.42070770263672,15852.0,7.515158653259277,1289.0,0.0,0.0,0.064132459461689,11.0,0.0,0.0,4.786116600036621,6.823034763336182,4.114542484283447,0.9043970108032227,0.9513532519340515,99.0438461303711,4247.0,0.8628731369972229,37.0,0.0,0.0,0.09328357875347137,4.0,0.0,0.0,8.654955863952637,12.618804931640625,7.293567180633545,0.6733534336090088,0.8215848207473755,93.93656921386719,4028.0,5.993470191955566,257.0,0.0,0.0,0.06996268779039383,3.0,0.0,0.0,10.897164344787598,16.048694610595703,9.080327033996582,0.4718196988105774,0.691368043422699,89.83209228515625,3852.0,10.121269226074219,434.0,0.0,0.0,0.04664178937673569,2.0,0.0,0.0,12.385226249694824,18.067827224731445,10.279244422912598,0.3314615488052368,0.5891423225402832,86.8703384399414,3725.0,13.083023071289062,561.0,0.0,0.0,0.04664178937673569,2.0,0.0,0.0,0.22325743734836578,0.4026336967945099,0.3741088807582855,0.05289806053042412,0.11920291930437088,0.9959990382194519,0.8781499862670898,0.35714285714285715,0.28947368264198303,0.2610902190208435,0.23327067494392395,0.2161654233932495
7,0.22065145214495177,9.223873138427734,14.124374389648438,7.722370147705078,0.5908533334732056,0.770998477935791,92.25163269042969,15823.0,7.690065383911133,1319.0,0.0,0.0,0.05830223858356476,10.0,0.0,0.0,4.7807536125183105,6.717893600463867,4.1140923500061035,0.9073207974433899,0.9527479410171509,99.18376922607422,4253.0,0.746268630027771,32.0,0.0,0.0,0.06996268779039383,3.0,0.0,0.0,8.691858291625977,12.591410636901855,7.3363847732543945,0.674770176410675,0.8224688768386841,94.05317687988281,4033.0,5.876865386962891,252.0,0.0,0.0,0.06996268779039383,3.0,0.0,0.0,10.964730262756348,16.166061401367188,9.125871658325195,0.4640660881996155,0.6863167881965637,89.24906921386719,3827.0,10.704290390014648,459.0,0.0,0.0,0.04664178937673569,2.0,0.0,0.0,12.458147048950195,18.24764633178711,10.313132286071777,0.3180880546569824,0.5782914757728577,86.52052307128906,3710.0,13.432836532592773,576.0,0.0,0.0,0.04664178937673569,2.0,0.0,0.0,0.22441835701465607,0.38289833068847656,0.3926832675933838,0.05548703670501709,0.11920291930437088,0.9925293922424316,0.8833775520324707,0.42857142857142855,0.28070175647735596,0.25664159655570984,0.23659147322177887,0.22606515884399414
8,0.21759967246841724,9.202423095703125,14.076078414916992,7.721828460693359,0.5936465859413147,0.7725231051445007,92.10005187988281,15797.0,7.84165096282959,1345.0,0.0,0.0,0.05830223858356476,10.0,0.0,0.0,4.720694065093994,6.644750595092773,4.063313961029053,0.9093279242515564,0.9536228775978088,99.13713073730469,4251.0,0.7929104566574097,34.0,0.0,0.0,0.06996268779039383,3.0,0.0,0.0,8.68474006652832,12.560404777526855,7.335821628570557,0.6763699054718018,0.8231407403945923,93.6567153930664,4016.0,6.273321151733398,269.0,0.0,0.0,0.06996268779039383,3.0,0.0,0.0,10.996822357177734,16.15093231201172,9.179240226745605,0.4650686979293823,0.686828076839447,89.08582305908203,3820.0,10.867537498474121,466.0,0.0,0.0,0.04664178937673569,2.0,0.0,0.0,12.407438278198242,18.159700393676758,10.30893611907959,0.3246452808380127,0.582777202129364,86.52052307128906,3710.0,13.432836532592773,576.0,0.0,0.0,0.04664178937673569,2.0,0.0,0.0,0.2610727548599243,0.3692380487918854,0.3696892261505127,0.05909000337123871,0.11920291930437088,0.9917395710945129,0.893988847732544,0.5,0.2719298303127289,0.25219297409057617,0.2399122714996338,0.23596492409706116
9,0.21434048822262516,9.359784126281738,14.206918716430664,7.859328269958496,0.586057186126709,0.7674000263214111,91.80270385742188,15746.0,8.133162498474121,1395.0,0.0,0.0,0.064132459461689,11.0,0.0,0.0,4.760066032409668,6.702568531036377,4.087000370025635,0.9077431559562683,0.9528158903121948,99.16045379638672,4252.0,0.7695895433425903,33.0,0.0,0.0,0.06996268779039383,3.0,0.0,0.0,8.839465141296387,12.66538143157959,7.463634967803955,0.670937716960907,0.819589376449585,93.70336151123047,4018.0,6.203358173370361,266.0,0.0,0.0,0.09328357875347137,4.0,0.0,0.0,11.197062492370605,16.299673080444336,9.36279296875,0.45517051219940186,0.6791269183158875,88.6194076538086,3800.0,11.333954811096191,486.0,0.0,0.0,0.04664178937673569,2.0,0.0,0.0,12.642544746398926,18.33931541442871,10.523884773254395,0.3112195134162903,0.5725611448287964,85.72761535644531,3676.0,14.225747108459473,610.0,0.0,0.0,0.04664178937673569,2.0,0.0,0.0,0.2855387032032013,0.3793184757232666,0.3351428806781769,0.06925683468580246,0.11920291930437088,0.9903848767280579,0.9012095332145691,0.5714285714285714,0.2631579041481018,0.2477443516254425,0.2432330846786499,0.24586467444896698
10,0.20937093809206664,9.514318466186523,14.410542488098145,7.985925674438477,0.5741063356399536,0.7601479887962341,91.41790771484375,15680.0,8.517956733703613,1461.0,0.0,0.0,0.064132459461689,11.0,0.0,0.0,4.73794412612915,6.6530327796936035,4.07017707824707,0.9091017842292786,0.9535160660743713,99.18376922607422,4253.0,0.746268630027771,32.0,0.0,0.0,0.06996268779039383,3.0,0.0,0.0,8.93954086303711,12.790002822875977,7.544814586639404,0.6644301414489746,0.8157052397727966,93.44682312011719,4007.0,6.459887981414795,277.0,0.0,0.0,0.09328357875347137,4.0,0.0,0.0,11.447959899902344,16.588119506835938,9.56956958770752,0.43571680784225464,0.6661826968193054,88.03638458251953,3775.0,11.916977882385254,511.0,0.0,0.0,0.04664178937673569,2.0,0.0,0.0,12.9318265914917,18.645164489746094,10.75914192199707,0.2880541682243347,0.5563160181045532,85.0046615600586,3645.0,14.948694229125977,641.0,0.0,0.0,0.04664178937673569,2.0,0.0,0.0,0.2779897153377533,0.37538158893585205,0.3466287851333618,0.07338697463274002,0.11920291930437088,0.9894985556602478,0.905066728591919,0.6428571428571429,0.25438597798347473,0.24329572916030884,0.24655388295650482,0.2557644248008728
11,0.2052877519058128,9.596697807312012,14.563728332519531,8.054295539855957,0.5650035738945007,0.7544510960578918,91.1905288696289,15641.0,8.745335578918457,1500.0,0.0,0.0,0.064132459461689,11.0,0.0,0.0,4.791129112243652,6.723252773284912,4.106183052062988,0.9071728587150574,0.9525538682937622,99.25373077392578,4256.0,0.6763059496879578,29.0,0.0,0.0,0.06996268779039383,3.0,0.0,0.0,8.989572525024414,12.911681175231934,7.576841354370117,0.6580148935317993,0.811841607093811,93.26026153564453,3999.0,6.64645528793335,285.0,0.0,0.0,0.09328357875347137,4.0,0.0,0.0,11.54787826538086,16.789304733276367,9.654186248779297,0.42194628715515137,0.6569830179214478,87.84981536865234,3767.0,12.103545188903809,519.0,0.0,0.0,0.04664178937673569,2.0,0.0,0.0,13.058211326599121,18.831205368041992,10.879971504211426,0.273775577545166,0.5466216206550598,84.39832305908203,3619.0,15.555037498474121,667.0,0.0,0.0,0.04664178937673569,2.0,0.0,0.0,0.2656744420528412,0.39490512013435364,0.33942046761512756,0.07130735367536545,0.11920291930437088,0.9891929030418396,0.9066660404205322,0.7142857142857143,0.24561403691768646,0.23884710669517517,0.24987469613552094,0.26566416025161743
12,0.1970164374049966,9.638463973999023,14.55645751953125,8.08866024017334,0.5654377937316895,0.755275547504425,90.94566345214844,15599.0,8.990204811096191,1542.0,0.0,0.0,0.064132459461689,11.0,0.0,0.0,4.783673286437988,6.731985092163086,4.1035027503967285,0.9069315195083618,0.9524360299110413,99.20709228515625,4254.0,0.7229477763175964,31.0,0.0,0.0,0.06996268779039383,3.0,0.0,0.0,9.027216911315918,12.956838607788086,7.610000133514404,0.6556186079978943,0.8105865120887756,92.98040771484375,3987.0,6.926306247711182,297.0,0.0,0.0,0.09328357875347137,4.0,0.0,0.0,11.62603759765625,16.819211959838867,9.712531089782715,0.4198850393295288,0.6571416258811951,87.31343078613281,3744.0,12.639925003051758,542.0,0.0,0.0,0.04664178937673569,2.0,0.0,0.0,13.11693000793457,18.74770736694336,10.928605079650879,0.2802015542984009,0.5541880130767822,84.2817153930664,3614.0,15.671642303466797,672.0,0.0,0.0,0.04664178937673569,2.0,0.0,0.0,0.2827228307723999,0.38158324360847473,0.33569395542144775,0.07920123636722565,0.11920291930437088,0.9877206683158875,0.9170966148376465,0.7857142857142857,0.23684212565422058,0.2343984991312027,0.25319552421569824,0.27556392550468445
13,0.191897312752316,9.663101196289062,14.566783905029297,8.13158130645752,0.5648210048675537,0.7560312747955322,90.79407501220703,15573.0,9.141790390014648,1568.0,0.0,0.0,0.064132459461689,11.0,0.0,0.0,4.768147945404053,6.718388557434082,4.09992790222168,0.9073071479797363,0.9525774717330933,99.11380767822266,4250.0,0.8162313103675842,35.0,0.0,0.0,0.06996268779039383,3.0,0.0,0.0,9.034164428710938,12.941397666931152,7.634904861450195,0.656438946723938,0.8114010095596313,92.93376922607422,3985.0,6.972947597503662,299.0,0.0,0.0,0.09328357875347137,4.0,0.0,0.0,11.63159465789795,16.800233840942383,9.747568130493164,0.4211934804916382,0.6605297923088074,87.54663848876953,3754.0,12.406716346740723,532.0,0.0,0.0,0.04664178937673569,2.0,0.0,0.0,13.218500137329102,18.812240600585938,11.043925285339355,0.2752376198768616,0.5557348132133484,83.58209228515625,3584.0,16.371267318725586,702.0,0.0,0.0,0.04664178937673569,2.0,0.0,0.0,0.29763519763946533,0.369978666305542,0.3323861360549927,0.08422379940748215,0.11920291930437088,0.9860134124755859,0.9192410707473755,0.8571428571428571,0.22807016968727112,0.22994986176490784,0.25651630759239197,0.2854636609554291
14,0.18512797300967418,9.886218070983887,14.82368278503418,8.345009803771973,0.5493360757827759,0.7477506399154663,90.33348846435547,15494.0,9.602378845214844,1647.0,0.0,0.0,0.064132459461689,11.0,0.0,0.0,4.771949291229248,6.720797061920166,4.104189395904541,0.907240629196167,0.9525574445724487,99.09048461914062,4249.0,0.8395522832870483,36.0,0.0,0.0,0.06996268779039383,3.0,0.0,0.0,9.167604446411133,13.076948165893555,7.765646934509277,0.6492042541503906,0.807307243347168,92.7938461303711,3979.0,7.112873554229736,305.0,0.0,0.0,0.09328357875347137,4.0,0.0,0.0,11.985361099243164,17.114566802978516,10.08950424194336,0.39933186769485474,0.6486331224441528,86.47388458251953,3708.0,13.479476928710938,578.0,0.0,0.0,0.04664178937673569,2.0,0.0,0.0,13.61995792388916,19.232322692871094,11.420698165893555,0.24250805377960205,0.5398271083831787,82.97574615478516,3558.0,16.97761344909668,728.0,0.0,0.0,0.04664178937673569,2.0,0.0,0.0,0.28432631492614746,0.37397563457489014,0.3416980504989624,0.09233909845352173,0.11920291930437088,0.9869916439056396,0.9230534434318542,0.9285714285714286,0.21929824352264404,0.22550123929977417,0.2598370909690857,0.2953633964061737
step,fold14/test_loss,fold14/test_mae,fold14/test_rmse,fold14/test_mard,fold14/test_r2,fold14/test_pearson,fold14/test_ega_zone_a_pct,fold14/test_ega_zone_a_count,fold14/test_ega_zone_b_pct,fold14/test_ega_zone_b_count,fold14/test_ega_zone_c_pct,fold14/test_ega_zone_c_count,fold14/test_ega_zone_d_pct,fold14/test_ega_zone_d_count,fold14/test_ega_zone_e_pct,fold14/test_ega_zone_e_count,fold14/test_horizon_15_mae,fold14/test_horizon_15_rmse,fold14/test_horizon_15_mard,fold14/test_horizon_15_r2,fold14/test_horizon_15_pearson,fold14/test_horizon_15_ega_zone_a_pct,fold14/test_horizon_15_ega_zone_a_count,fold14/test_horizon_15_ega_zone_b_pct,fold14/test_horizon_15_ega_zone_b_count,fold14/test_horizon_15_ega_zone_c_pct,fold14/test_horizon_15_ega_zone_c_count,fold14/test_horizon_15_ega_zone_d_pct,fold14/test_horizon_15_ega_zone_d_count,fold14/test_horizon_15_ega_zone_e_pct,fold14/test_horizon_15_ega_zone_e_count,fold14/test_horizon_30_mae,fold14/test_horizon_30_rmse,fold14/test_horizon_30_mard,fold14/test_horizon_30_r2,fold14/test_horizon_30_pearson,fold14/test_horizon_30_ega_zone_a_pct,fold14/test_horizon_30_ega_zone_a_count,fold14/test_horizon_30_ega_zone_b_pct,fold14/test_horizon_30_ega_zone_b_count,fold14/test_horizon_30_ega_zone_c_pct,fold14/test_horizon_30_ega_zone_c_count,fold14/test_horizon_30_ega_zone_d_pct,fold14/test_horizon_30_ega_zone_d_count,fold14/test_horizon_30_ega_zone_e_pct,fold14/test_horizon_30_ega_zone_e_count,fold14/test_horizon_45_mae,fold14/test_horizon_45_rmse,fold14/test_horizon_45_mard,fold14/test_horizon_45_r2,fold14/test_horizon_45_pearson,fold14/test_horizon_45_ega_zone_a_pct,fold14/test_horizon_45_ega_zone_a_count,fold14/test_horizon_45_ega_zone_b_pct,fold14/test_horizon_45_ega_zone_b_count,fold14/test_horizon_45_ega_zone_c_pct,fold14/test_horizon_45_ega_zone_c_count,fold14/test_horizon_45_ega_zone_d_pct,fold14/test_horizon_45_ega_zone_d_count,fold14/test_horizon_45_ega_zone_e_pct,fold14/test_horizon_45_ega_zone_e_count,fold14/test_horizon_60_mae,fold14/test_horizon_60_rmse,fold14/test_horizon_60_mard,fold14/test_horizon_60_r2,fold14/test_horizon_60_pearson,fold14/test_horizon_60_ega_zone_a_pct,fold14/test_horizon_60_ega_zone_a_count,fold14/test_horizon_60_ega_zone_b_pct,fold14/test_horizon_60_ega_zone_b_count,fold14/test_horizon_60_ega_zone_c_pct,fold14/test_horizon_60_ega_zone_c_count,fold14/test_horizon_60_ega_zone_d_pct,fold14/test_horizon_60_ega_zone_d_count,fold14/test_horizon_60_ega_zone_e_pct,fold14/test_horizon_60_ega_zone_e_count
0,0.29701859506107126,10.901776313781738,16.852067947387695,8.841965675354004,0.3979007601737976,0.6491004824638367,88.56837463378906,4974.0,11.378204345703125,639.0,0.0,0.0,0.053418807685375214,3.0,0.0,0.0,5.655123710632324,8.316473007202148,4.6994948387146,0.8514496088027954,0.923332691192627,98.5042724609375,1383.0,1.495726466178894,21.0,0.0,0.0,0.0,0.0,0.0,0.0,10.264492988586426,15.428479194641113,8.377453804016113,0.4896531105041504,0.7092573046684265,90.2421646118164,1267.0,9.686609268188477,136.0,0.0,0.0,0.07122506946325302,1.0,0.0,0.0,13.054518699645996,19.278186798095703,10.525466918945312,0.21360480785369873,0.5126244425773621,84.18803405761719,1182.0,15.740739822387695,221.0,0.0,0.0,0.07122506946325302,1.0,0.0,0.0,14.632967948913574,21.38033103942871,11.765450477600098,0.0516284704208374,0.3764805495738983,81.33903503417969,1142.0,18.589744567871094,261.0,0.0,0.0,0.07122506946325302,1.0,0.0,0.0
step,fold15/train_loss,fold15/val_mae,fold15/val_rmse,fold15/val_mard,fold15/val_r2,fold15/val_pearson,fold15/val_ega_zone_a_pct,fold15/val_ega_zone_a_count,fold15/val_ega_zone_b_pct,fold15/val_ega_zone_b_count,fold15/val_ega_zone_c_pct,fold15/val_ega_zone_c_count,fold15/val_ega_zone_d_pct,fold15/val_ega_zone_d_count,fold15/val_ega_zone_e_pct,fold15/val_ega_zone_e_count,fold15/val_horizon_15_mae,fold15/val_horizon_15_rmse,fold15/val_horizon_15_mard,fold15/val_horizon_15_r2,fold15/val_horizon_15_pearson,fold15/val_horizon_15_ega_zone_a_pct,fold15/val_horizon_15_ega_zone_a_count,fold15/val_horizon_15_ega_zone_b_pct,fold15/val_horizon_15_ega_zone_b_count,fold15/val_horizon_15_ega_zone_c_pct,fold15/val_horizon_15_ega_zone_c_count,fold15/val_horizon_15_ega_zone_d_pct,fold15/val_horizon_15_ega_zone_d_count,fold15/val_horizon_15_ega_zone_e_pct,fold15/val_horizon_15_ega_zone_e_count,fold15/val_horizon_30_mae,fold15/val_horizon_30_rmse,fold15/val_horizon_30_mard,fold15/val_horizon_30_r2,fold15/val_horizon_30_pearson,fold15/val_horizon_30_ega_zone_a_pct,fold15/val_horizon_30_ega_zone_a_count,fold15/val_horizon_30_ega_zone_b_pct,fold15/val_horizon_30_ega_zone_b_count,fold15/val_horizon_30_ega_zone_c_pct,fold15/val_horizon_30_ega_zone_c_count,fold15/val_horizon_30_ega_zone_d_pct,fold15/val_horizon_30_ega_zone_d_count,fold15/val_horizon_30_ega_zone_e_pct,fold15/val_horizon_30_ega_zone_e_count,fold15/val_horizon_45_mae,fold15/val_horizon_45_rmse,fold15/val_horizon_45_mard,fold15/val_horizon_45_r2,fold15/val_horizon_45_pearson,fold15/val_horizon_45_ega_zone_a_pct,fold15/val_horizon_45_ega_zone_a_count,fold15/val_horizon_45_ega_zone_b_pct,fold15/val_horizon_45_ega_zone_b_count,fold15/val_horizon_45_ega_zone_c_pct,fold15/val_horizon_45_ega_zone_c_count,fold15/val_horizon_45_ega_zone_d_pct,fold15/val_horizon_45_ega_zone_d_count,fold15/val_horizon_45_ega_zone_e_pct,fold15/val_horizon_45_ega_zone_e_count,fold15/val_horizon_60_mae,fold15/val_horizon_60_rmse,fold15/val_horizon_60_mard,fold15/val_horizon_60_r2,fold15/val_horizon_60_pearson,fold15/val_horizon_60_ega_zone_a_pct,fold15/val_horizon_60_ega_zone_a_count,fold15/val_horizon_60_ega_zone_b_pct,fold15/val_horizon_60_ega_zone_b_count,fold15/val_horizon_60_ega_zone_c_pct,fold15/val_horizon_60_ega_zone_c_count,fold15/val_horizon_60_ega_zone_d_pct,fold15/val_horizon_60_ega_zone_d_count,fold15/val_horizon_60_ega_zone_e_pct,fold15/val_horizon_60_ega_zone_e_count,fold15/diag_fusion_gate_cgm,fold15/diag_fusion_gate_cgm_guided,fold15/diag_fusion_gate_physio,fold15/diag_horizon_query_similarity,fold15/diag_horizon_progressive_gate,fold15/diag_horizon_attention_similarity,fold15/diag_horizon_attention_entropy,fold15/diag_horizon_curriculum_progress,fold15/diag_loss_horizon_weight_0,fold15/diag_loss_horizon_weight_1,fold15/diag_loss_horizon_weight_2,fold15/diag_loss_horizon_weight_3
1,0.24815857923421702,11.656785011291504,18.781139373779297,10.183941841125488,0.4463798999786377,0.6982932686805725,86.21788787841797,18123.0,13.092292785644531,2752.0,0.004757374059408903,1.0,0.6850618124008179,144.0,0.0,0.0,6.770920753479004,10.364389419555664,5.951726913452148,0.8318420648574829,0.9129992127418518,95.75642395019531,5032.0,3.9200761318206787,206.0,0.0,0.0,0.32350143790245056,17.0,0.0,0.0,10.955403327941895,16.961692810058594,9.531632423400879,0.5488629937171936,0.7557655572891235,87.2121810913086,4583.0,12.178876876831055,640.0,0.0,0.0,0.6089438796043396,32.0,0.0,0.0,13.539016723632812,21.067604064941406,11.790356636047363,0.3025246262550354,0.6128870248794556,82.39772033691406,4330.0,16.764984130859375,881.0,0.0,0.0,0.8372978568077087,44.0,0.0,0.0,15.361801147460938,23.915706634521484,13.462050437927246,0.10020476579666138,0.49021032452583313,79.50523376464844,4178.0,19.505231857299805,1025.0,0.019029496237635612,1.0,0.9705042243003845,51.0,0.0,0.0,0.6585335731506348,0.20261383056640625,0.13885267078876495,-0.02796640433371067,0.11920291930437088,0.9999721646308899,0.9999861717224121,0.0,0.3333333432674408,0.28333333134651184,0.21666665375232697,0.1666666716337204
2,0.24647274786598103,11.659686088562012,18.61435890197754,10.20125675201416,0.4561687111854553,0.6975944638252258,86.63653564453125,18211.0,12.659372329711914,2661.0,0.004757374059408903,1.0,0.6993339657783508,147.0,0.0,0.0,6.774315357208252,10.297499656677246,5.948741912841797,0.8340055346488953,0.9134424328804016,95.94671630859375,5042.0,3.729781150817871,196.0,0.0,0.0,0.32350143790245056,17.0,0.0,0.0,10.986551284790039,16.853288650512695,9.577790260314941,0.554611086845398,0.7546840906143188,87.53568267822266,4600.0,11.817317008972168,621.0,0.0,0.0,0.6470028758049011,34.0,0.0,0.0,13.549002647399902,20.873844146728516,11.822356224060059,0.3152950406074524,0.6101253032684326,82.96859741210938,4360.0,16.175071716308594,850.0,0.0,0.0,0.8563272953033447,45.0,0.0,0.0,15.328874588012695,23.668296813964844,13.456134796142578,0.11872535943984985,0.4861406981945038,80.09514617919922,4209.0,18.915319442749023,994.0,0.019029496237635612,1.0,0.9705042243003845,51.0,0.0,0.0,0.893280565738678,0.05311477929353714,0.05360480025410652,-0.02789662778377533,0.11920291930437088,0.999873697757721,0.9999141693115234,0.07142857142857142,0.3245614171028137,0.2788847088813782,0.21998745203018188,0.17656642198562622
3,0.2456522962375476,11.64962100982666,18.450511932373047,10.19719123840332,0.4657004475593567,0.6982101798057556,87.16460418701172,18322.0,12.131303787231445,2550.0,0.004757374059408903,1.0,0.694576621055603,146.0,0.004757374059408903,1.0,6.760411262512207,10.231568336486816,5.933865070343018,0.8361243605613708,0.9144416451454163,96.06089782714844,5048.0,3.6156044006347656,190.0,0.0,0.0,0.32350143790245056,17.0,0.0,0.0,10.998967170715332,16.744537353515625,9.588475227355957,0.5603405237197876,0.7549183964729309,88.01142120361328,4625.0,11.34157943725586,596.0,0.0,0.0,0.6470028758049011,34.0,0.0,0.0,13.545703887939453,20.688932418823242,11.835631370544434,0.32737231254577637,0.6081749796867371,83.69171905517578,4398.0,15.451950073242188,812.0,0.0,0.0,0.8563272953033447,45.0,0.0,0.0,15.293397903442383,23.42197608947754,13.430791854858398,0.13697314262390137,0.4808442294597626,80.8943862915039,4251.0,18.116079330444336,952.0,0.019029496237635612,1.0,0.9514747858047485,50.0,0.019029496237635612,1.0,0.8248509168624878,0.110565684735775,0.0645834431052208,-0.022002292796969414,0.11920291930437088,0.9985114932060242,0.9972645044326782,0.14285714285714285,0.31578949093818665,0.2744360864162445,0.223308265209198,0.18646617233753204
4,0.2434253849411153,11.538668632507324,18.3519344329834,10.11131477355957,0.47139447927474976,0.6993880867958069,87.3786849975586,18367.0,11.912464141845703,2504.0,0.004757374059408903,1.0,0.694576621055603,146.0,0.009514748118817806,2.0,6.7177815437316895,10.177031517028809,5.896119117736816,0.8378667235374451,0.9153627157211304,96.19409942626953,5055.0,3.4633681774139404,182.0,0.0,0.0,0.34253090620040894,18.0,0.0,0.0,10.951404571533203,16.694915771484375,9.557819366455078,0.562942624092102,0.7551270723342896,88.16365814208984,4633.0,11.189343452453613,588.0,0.0,0.0,0.6470028758049011,34.0,0.0,0.0,13.429773330688477,20.588428497314453,11.75528335571289,0.3338915705680847,0.608232319355011,84.09133911132812,4419.0,15.052330017089844,791.0,0.0,0.0,0.8563272953033447,45.0,0.0,0.0,15.055716514587402,23.259370803833008,13.236041069030762,0.148914635181427,0.4806772768497467,81.0656509399414,4260.0,17.944814682006836,943.0,0.019029496237635612,1.0,0.9324452877044678,49.0,0.038058992475271225,2.0,0.21933937072753906,0.7042495608329773,0.07641111314296722,-0.00529409060254693,0.11920291930437088,0.9913721084594727,0.9860778450965881,0.21428571428571427,0.30701756477355957,0.26998746395111084,0.22662906348705292,0.19636592268943787
5,0.24090687895052124,11.505353927612305,18.30417251586914,10.082080841064453,0.47414231300354004,0.6976561546325684,87.4452896118164,18381.0,11.841103553771973,2489.0,0.004757374059408903,1.0,0.6993339657783508,147.0,0.009514748118817806,2.0,6.664488315582275,10.10415267944336,5.847174167633057,0.840180516242981,0.9166673421859741,96.3463363647461,5063.0,3.3111321926116943,174.0,0.0,0.0,0.34253090620040894,18.0,0.0,0.0,10.909055709838867,16.634191513061523,9.521662712097168,0.5661161541938782,0.7551388740539551,88.2397689819336,4637.0,11.113225936889648,584.0,0.0,0.0,0.6470028758049011,34.0,0.0,0.0,13.404462814331055,20.540103912353516,11.730488777160645,0.3370147943496704,0.6033421158790588,84.31969451904297,4431.0,14.804946899414062,778.0,0.0,0.0,0.8753567934036255,46.0,0.0,0.0,15.043412208557129,23.226816177368164,13.228994369506836,0.1512952446937561,0.47022396326065063,80.87535858154297,4250.0,18.135108947753906,953.0,0.019029496237635612,1.0,0.9324452877044678,49.0,0.038058992475271225,2.0,0.16335603594779968,0.7764313817024231,0.06021266430616379,0.013978729955852032,0.11920291930437088,0.993574857711792,0.9637348651885986,0.2857142857142857,0.2982456088066101,0.2655388414859772,0.22994986176490784,0.2062656730413437
6,0.23602225474913321,11.444275856018066,18.26630401611328,10.002246856689453,0.476315975189209,0.6979941725730896,87.63082885742188,18420.0,11.660323143005371,2451.0,0.004757374059408903,1.0,0.694576621055603,146.0,0.009514748118817806,2.0,6.465704441070557,9.774961471557617,5.677760601043701,0.8504246473312378,0.9223440289497375,96.86013793945312,5090.0,2.7973358631134033,147.0,0.0,0.0,0.34253090620040894,18.0,0.0,0.0,10.834421157836914,16.543628692626953,9.435721397399902,0.5708277225494385,0.7577030062675476,88.48715209960938,4650.0,10.86584186553955,571.0,0.0,0.0,0.6470028758049011,34.0,0.0,0.0,13.426319122314453,20.592090606689453,11.710077285766602,0.333654522895813,0.5985103249549866,84.20552062988281,4425.0,14.938155174255371,785.0,0.0,0.0,0.8563272953033447,45.0,0.0,0.0,15.050662994384766,23.267051696777344,13.185429573059082,0.14835244417190552,0.46299558877944946,80.97050476074219,4255.0,18.039962768554688,948.0,0.019029496237635612,1.0,0.9324452877044678,49.0,0.038058992475271225,2.0,0.2058214247226715,0.7369833588600159,0.057195283472537994,0.043357688933610916,0.11920291930437088,0.9744181632995605,0.9727520942687988,0.35714285714285715,0.28947368264198303,0.2610902190208435,0.23327067494392395,0.2161654233932495
7,0.23191705243953473,11.389592170715332,18.10115623474121,9.976778984069824,0.4857425093650818,0.7038541436195374,87.50713348388672,18394.0,11.803044319152832,2481.0,0.004757374059408903,1.0,0.6755470633506775,142.0,0.009514748118817806,2.0,6.16598653793335,9.261032104492188,5.444061756134033,0.8657393455505371,0.9305378198623657,97.22169494628906,5109.0,2.492863893508911,131.0,0.0,0.0,0.28544244170188904,15.0,0.0,0.0,10.782572746276855,16.297199249267578,9.4175386428833,0.5835181474685669,0.765563428401947,88.41104125976562,4646.0,10.960988998413086,576.0,0.0,0.0,0.6279733777046204,33.0,0.0,0.0,13.46977424621582,20.512863159179688,11.758002281188965,0.33877211809158325,0.6005469560623169,83.97716522216797,4413.0,15.166507720947266,797.0,0.0,0.0,0.8563272953033447,45.0,0.0,0.0,15.140033721923828,23.204833984375,13.28751277923584,0.15290099382400513,0.4626675844192505,80.41864776611328,4226.0,18.591815948486328,977.0,0.019029496237635612,1.0,0.9324452877044678,49.0,0.038058992475271225,2.0,0.17305250465869904,0.7739755511283875,0.052971914410591125,0.06733565777540207,0.11920291930437088,0.9585475325584412,0.9299424290657043,0.42857142857142855,0.28070175647735596,0.25664159655570984,0.23659147322177887,0.22606515884399414
8,0.22731672040840553,11.271045684814453,17.911895751953125,9.871607780456543,0.4964401125907898,0.7107650637626648,87.65937042236328,18426.0,11.665081024169922,2452.0,0.004757374059408903,1.0,0.6565176248550415,138.0,0.014272120781242847,3.0,5.896667003631592,8.772858619689941,5.2213521003723145,0.8795207738876343,0.937889039516449,97.65937042236328,5132.0,2.0742149353027344,109.0,0.0,0.0,0.2664129436016083,14.0,0.0,0.0,10.631795883178711,16.015342712402344,9.286906242370605,0.59779953956604,0.774560272693634,88.71551513671875,4662.0,10.67554759979248,561.0,0.0,0.0,0.6089438796043396,32.0,0.0,0.0,13.428211212158203,20.36575698852539,11.723466873168945,0.3482220768928528,0.6066368222236633,83.95813751220703,4412.0,15.204566955566406,799.0,0.0,0.0,0.8372978568077087,44.0,0.0,0.0,15.127511024475098,23.132783889770508,13.254708290100098,0.15815317630767822,0.46401259303092957,80.30447387695312,4220.0,18.70599365234375,983.0,0.019029496237635612,1.0,0.9134157299995422,48.0,0.05708848312497139,3.0,0.23856328427791595,0.7058848142623901,0.05555193871259689,0.09132945537567139,0.11920291930437088,0.9838047623634338,0.8785243034362793,0.5,0.2719298303127289,0.25219297409057617,0.2399122714996338,0.23596492409706116
9,0.22325378769645038,11.302277565002441,17.85305404663086,9.905364036560059,0.49974310398101807,0.7125067710876465,87.5547103881836,18404.0,11.769742965698242,2474.0,0.004757374059408903,1.0,0.6565176248550415,138.0,0.014272120781242847,3.0,5.799978256225586,8.580810546875,5.137671947479248,0.8847379088401794,0.9406945109367371,97.69743347167969,5134.0,2.036156177520752,107.0,0.0,0.0,0.2664129436016083,14.0,0.0,0.0,10.643156051635742,15.92273998260498,9.303491592407227,0.6024372577667236,0.7773072719573975,88.71551513671875,4662.0,10.67554759979248,561.0,0.0,0.0,0.6089438796043396,32.0,0.0,0.0,13.49675178527832,20.324485778808594,11.794022560119629,0.3508610129356384,0.6074913740158081,83.88201904296875,4408.0,15.280684471130371,803.0,0.0,0.0,0.8372978568077087,44.0,0.0,0.0,15.26922607421875,23.123096466064453,13.386270523071289,0.15885818004608154,0.46204081177711487,79.92388153076172,4200.0,19.086584091186523,1003.0,0.019029496237635612,1.0,0.9134157299995422,48.0,0.05708848312497139,3.0,0.21116772294044495,0.7373290061950684,0.05150327831506729,0.10709843039512634,0.11920291930437088,0.985191285610199,0.8697386980056763,0.5714285714285714,0.2631579041481018,0.2477443516254425,0.2432330846786499,0.24586467444896698
10,0.21758966296689167,11.330280303955078,17.85124969482422,9.91860580444336,0.49984419345855713,0.7133870720863342,87.39772033691406,18371.0,11.936250686645508,2509.0,0.004757374059408903,1.0,0.6470028758049011,136.0,0.014272120781242847,3.0,5.6806321144104,8.3292236328125,5.04075288772583,0.8913977146148682,0.9442458152770996,97.7545166015625,5137.0,1.9980970621109009,105.0,0.0,0.0,0.24738344550132751,13.0,0.0,0.0,10.634530067443848,15.83456039428711,9.288633346557617,0.6068284511566162,0.7804232835769653,88.67744445800781,4660.0,10.732635498046875,564.0,0.0,0.0,0.5899143815040588,31.0,0.0,0.0,13.597199440002441,20.395029067993164,11.855045318603516,0.3463470935821533,0.6056438684463501,83.38725280761719,4382.0,15.775452613830566,829.0,0.0,0.0,0.8372978568077087,44.0,0.0,0.0,15.408759117126465,23.20780372619629,13.49000072479248,0.1526842713356018,0.45961830019950867,79.77164459228516,4192.0,19.238821029663086,1011.0,0.019029496237635612,1.0,0.9134157299995422,48.0,0.05708848312497139,3.0,0.22132755815982819,0.7278257012367249,0.05084675922989845,0.10705360025167465,0.11920291930437088,0.9882262349128723,0.8598889112472534,0.6428571428571429,0.25438597798347473,0.24329572916030884,0.24655388295650482,0.2557644248008728
11,0.2145866961752782,11.418030738830566,17.984989166259766,10.015271186828613,0.4923219680786133,0.7101320624351501,87.02664184570312,18293.0,12.293054580688477,2584.0,0.009514748118817806,2.0,0.6565176248550415,138.0,0.014272120781242847,3.0,5.638991355895996,8.260611534118652,5.006056785583496,0.8931795358657837,0.9451870918273926,97.88772583007812,5144.0,1.8458610773086548,97.0,0.0,0.0,0.2664129436016083,14.0,0.0,0.0,10.704300880432129,15.901610374450684,9.370572090148926,0.6034916639328003,0.7789306044578552,88.43006134033203,4647.0,10.941960334777832,575.0,0.0,0.0,0.6279733777046204,33.0,0.0,0.0,13.73970890045166,20.596572875976562,12.004602432250977,0.3333643674850464,0.5994974374771118,82.70218658447266,4346.0,16.460514068603516,865.0,0.019029496237635612,1.0,0.8182682991027832,43.0,0.0,0.0,15.589118957519531,23.4205379486084,13.679856300354004,0.137079119682312,0.455633282661438,79.08658599853516,4156.0,19.92388153076172,1047.0,0.019029496237635612,1.0,0.9134157299995422,48.0,0.05708848312497139,3.0,0.20605026185512543,0.743131160736084,0.05081862583756447,0.11513856053352356,0.11920291930437088,0.9905080795288086,0.8432948589324951,0.7142857142857143,0.24561403691768646,0.23884710669517517,0.24987469613552094,0.26566416025161743
12,0.21021184158662748,11.516508102416992,18.184236526489258,10.087748527526855,0.4810110330581665,0.7042754292488098,86.62226104736328,18208.0,12.716460227966309,2673.0,0.009514748118817806,2.0,0.6374881267547607,134.0,0.014272120781242847,3.0,5.591005325317383,8.191585540771484,4.969931602478027,0.8949573040008545,0.9461610913276672,97.92578125,5146.0,1.8268314599990845,96.0,0.0,0.0,0.24738344550132751,13.0,0.0,0.0,10.78874397277832,16.036550521850586,9.431026458740234,0.5967336893081665,0.7755004167556763,88.35395050048828,4643.0,11.037107467651367,580.0,0.0,0.0,0.6089438796043396,32.0,0.0,0.0,13.918876647949219,20.86656379699707,12.136661529541016,0.3157725930213928,0.5894089341163635,81.9219741821289,4305.0,17.24072265625,906.0,0.019029496237635612,1.0,0.8182682991027832,43.0,0.0,0.0,15.767407417297363,23.727184295654297,13.813370704650879,0.11433470249176025,0.4423863887786865,78.28734588623047,4114.0,20.761180877685547,1091.0,0.019029496237635612,1.0,0.8753567934036255,46.0,0.05708848312497139,3.0,0.2218751609325409,0.7275843620300293,0.05054047703742981,0.12143134325742722,0.11920291930437088,0.9892445206642151,0.8463684320449829,0.7857142857142857,0.23684212565422058,0.2343984991312027,0.25319552421569824,0.27556392550468445
13,0.20594012395280306,11.568113327026367,18.239591598510742,10.133907318115234,0.4778464436531067,0.7027906775474548,86.35585021972656,18152.0,12.973359107971191,2727.0,0.009514748118817806,2.0,0.6470028758049011,136.0,0.014272120781242847,3.0,5.608423233032227,8.208279609680176,4.981654167175293,0.8945287466049194,0.945948600769043,97.94481658935547,5147.0,1.7887725830078125,94.0,0.0,0.0,0.2664129436016083,14.0,0.0,0.0,10.797290802001953,16.05628776550293,9.43269157409668,0.5957403779029846,0.774892270565033,88.43006134033203,4647.0,10.922930717468262,574.0,0.0,0.0,0.6470028758049011,34.0,0.0,0.0,13.98225212097168,20.934146881103516,12.198527336120605,0.3113332986831665,0.5879786610603333,81.65557098388672,4291.0,17.526166915893555,921.0,0.019029496237635612,1.0,0.7992388010025024,42.0,0.0,0.0,15.884488105773926,23.818315505981445,13.922749519348145,0.10751831531524658,0.4412769377231598,77.39295959472656,4067.0,21.65556526184082,1138.0,0.019029496237635612,1.0,0.8753567934036255,46.0,0.05708848312497139,3.0,0.23629148304462433,0.7131708860397339,0.05053764209151268,0.12989045679569244,0.11920291930437088,0.9890224933624268,0.8487033843994141,0.8571428571428571,0.22807016968727112,0.22994986176490784,0.25651630759239197,0.2854636609554291
14,0.19923683028285089,11.662013053894043,18.370527267456055,10.212579727172852,0.470322847366333,0.6979714035987854,86.00856018066406,18079.0,13.32540512084961,2801.0,0.009514748118817806,2.0,0.6422454714775085,135.0,0.014272120781242847,3.0,5.643290996551514,8.281050682067871,5.003281593322754,0.892650306224823,0.9448646903038025,97.83063507080078,5141.0,1.902949571609497,100.0,0.0,0.0,0.2664129436016083,14.0,0.0,0.0,10.834932327270508,16.173694610595703,9.459959983825684,0.5898067951202393,0.7711629867553711,88.27783203125,4639.0,11.094196319580078,583.0,0.0,0.0,0.6279733777046204,33.0,0.0,0.0,14.11040210723877,21.100637435913086,12.307451248168945,0.30033576488494873,0.579809308052063,81.48429870605469,4282.0,17.697431564331055,930.0,0.019029496237635612,1.0,0.7992388010025024,42.0,0.0,0.0,16.059425354003906,23.968812942504883,14.079633712768555,0.09620428085327148,0.43350809812545776,76.44148254394531,4017.0,22.607040405273438,1188.0,0.019029496237635612,1.0,0.8753567934036255,46.0,0.05708848312497139,3.0,0.23407875001430511,0.7147955298423767,0.051125820726156235,0.12884043157100677,0.11920291930437088,0.9829999804496765,0.8734090328216553,0.9285714285714286,0.21929824352264404,0.22550123929977417,0.2598370909690857,0.2953633964061737
15,0.19598455078644475,11.717997550964355,18.469745635986328,10.257266998291016,0.4645857810974121,0.694736897945404,85.73739624023438,18022.0,13.61560344696045,2862.0,0.004757374059408903,1.0,0.6279733777046204,132.0,0.014272120781242847,3.0,5.619202136993408,8.251805305480957,4.989899158477783,0.8934071660041809,0.9452818036079407,97.86869812011719,5143.0,1.902949571609497,100.0,0.0,0.0,0.22835393249988556,12.0,0.0,0.0,10.8394775390625,16.200931549072266,9.466087341308594,0.5884240865707397,0.7703697681427002,88.01142120361328,4625.0,11.379638671875,598.0,0.0,0.0,0.6089438796043396,32.0,0.0,0.0,14.205862045288086,21.248523712158203,12.379571914672852,0.29049402475357056,0.5742753744125366,81.027587890625,4258.0,18.154138565063477,954.0,0.019029496237635612,1.0,0.7992388010025024,42.0,0.0,0.0,16.207448959350586,24.134292602539062,14.19351577758789,0.08368170261383057,0.4272422194480896,76.04186248779297,3996.0,23.02569007873535,1210.0,0.0,0.0,0.8753567934036255,46.0,0.05708848312497139,3.0,0.2544066905975342,0.6933363080024719,0.052257027477025986,0.12591375410556793,0.11920291930437088,0.9828815460205078,0.8688089847564697,1.0,0.21052631735801697,0.2210526168346405,0.2631579041481018,0.3052631616592407
16,0.18677956747493515,11.880175590515137,18.643129348754883,10.396628379821777,0.45448631048202515,0.688969612121582,85.3139877319336,17933.0,14.034253120422363,2950.0,0.004757374059408903,1.0,0.6327307224273682,133.0,0.014272120781242847,3.0,5.64733362197876,8.23356819152832,5.013744831085205,0.8938778042793274,0.945551335811615,97.88772583007812,5144.0,1.8648905754089355,98.0,0.0,0.0,0.24738344550132751,13.0,0.0,0.0,11.038247108459473,16.372821807861328,9.63572883605957,0.5796440839767456,0.7651517391204834,87.49761962890625,4598.0,11.893434524536133,625.0,0.0,0.0,0.6089438796043396,32.0,0.0,0.0,14.419689178466797,21.474132537841797,12.563976287841797,0.27534741163253784,0.5654327869415283,80.32350158691406,4221.0,18.858230590820312,991.0,0.019029496237635612,1.0,0.7992388010025024,42.0,0.0,0.0,16.415430068969727,24.357046127319336,14.373066902160645,0.06668877601623535,0.4180130362510681,75.5470962524414,3970.0,23.520456314086914,1236.0,0.0,0.0,0.8753567934036255,46.0,0.05708848312497139,3.0,0.22557571530342102,0.7220391631126404,0.05238516628742218,0.1265323907136917,0.11920291930437088,0.9826772809028625,0.8810569643974304,1.0,0.21052631735801697,0.2210526168346405,0.2631579041481018,0.3052631616592407
step,fold15/test_loss,fold15/test_mae,fold15/test_rmse,fold15/test_mard,fold15/test_r2,fold15/test_pearson,fold15/test_ega_zone_a_pct,fold15/test_ega_zone_a_count,fold15/test_ega_zone_b_pct,fold15/test_ega_zone_b_count,fold15/test_ega_zone_c_pct,fold15/test_ega_zone_c_count,fold15/test_ega_zone_d_pct,fold15/test_ega_zone_d_count,fold15/test_ega_zone_e_pct,fold15/test_ega_zone_e_count,fold15/test_horizon_15_mae,fold15/test_horizon_15_rmse,fold15/test_horizon_15_mard,fold15/test_horizon_15_r2,fold15/test_horizon_15_pearson,fold15/test_horizon_15_ega_zone_a_pct,fold15/test_horizon_15_ega_zone_a_count,fold15/test_horizon_15_ega_zone_b_pct,fold15/test_horizon_15_ega_zone_b_count,fold15/test_horizon_15_ega_zone_c_pct,fold15/test_horizon_15_ega_zone_c_count,fold15/test_horizon_15_ega_zone_d_pct,fold15/test_horizon_15_ega_zone_d_count,fold15/test_horizon_15_ega_zone_e_pct,fold15/test_horizon_15_ega_zone_e_count,fold15/test_horizon_30_mae,fold15/test_horizon_30_rmse,fold15/test_horizon_30_mard,fold15/test_horizon_30_r2,fold15/test_horizon_30_pearson,fold15/test_horizon_30_ega_zone_a_pct,fold15/test_horizon_30_ega_zone_a_count,fold15/test_horizon_30_ega_zone_b_pct,fold15/test_horizon_30_ega_zone_b_count,fold15/test_horizon_30_ega_zone_c_pct,fold15/test_horizon_30_ega_zone_c_count,fold15/test_horizon_30_ega_zone_d_pct,fold15/test_horizon_30_ega_zone_d_count,fold15/test_horizon_30_ega_zone_e_pct,fold15/test_horizon_30_ega_zone_e_count,fold15/test_horizon_45_mae,fold15/test_horizon_45_rmse,fold15/test_horizon_45_mard,fold15/test_horizon_45_r2,fold15/test_horizon_45_pearson,fold15/test_horizon_45_ega_zone_a_pct,fold15/test_horizon_45_ega_zone_a_count,fold15/test_horizon_45_ega_zone_b_pct,fold15/test_horizon_45_ega_zone_b_count,fold15/test_horizon_45_ega_zone_c_pct,fold15/test_horizon_45_ega_zone_c_count,fold15/test_horizon_45_ega_zone_d_pct,fold15/test_horizon_45_ega_zone_d_count,fold15/test_horizon_45_ega_zone_e_pct,fold15/test_horizon_45_ega_zone_e_count,fold15/test_horizon_60_mae,fold15/test_horizon_60_rmse,fold15/test_horizon_60_mard,fold15/test_horizon_60_r2,fold15/test_horizon_60_pearson,fold15/test_horizon_60_ega_zone_a_pct,fold15/test_horizon_60_ega_zone_a_count,fold15/test_horizon_60_ega_zone_b_pct,fold15/test_horizon_60_ega_zone_b_count,fold15/test_horizon_60_ega_zone_c_pct,fold15/test_horizon_60_ega_zone_c_count,fold15/test_horizon_60_ega_zone_d_pct,fold15/test_horizon_60_ega_zone_d_count,fold15/test_horizon_60_ega_zone_e_pct,fold15/test_horizon_60_ega_zone_e_count
0,0.2032189781998841,8.062841415405273,12.043302536010742,7.411683559417725,0.3203858733177185,0.645235538482666,92.88511657714844,1423.0,6.919059753417969,106.0,0.0,0.0,0.19582244753837585,3.0,0.0,0.0,5.0250020027160645,7.485526084899902,4.76766300201416,0.7450113296508789,0.873716413974762,97.3890380859375,373.0,2.088772773742676,8.0,0.0,0.0,0.522193193435669,2.0,0.0,0.0,7.375536918640137,10.80978012084961,6.817644119262695,0.4583272933959961,0.7192320823669434,94.77806854248047,363.0,4.9608354568481445,19.0,0.0,0.0,0.2610965967178345,1.0,0.0,0.0,9.125439643859863,13.246684074401855,8.342550277709961,0.1563345193862915,0.5518675446510315,91.3838119506836,350.0,8.616188049316406,33.0,0.0,0.0,0.0,0.0,0.0,0.0,10.725382804870605,15.225159645080566,9.718875885009766,-0.10489964485168457,0.3906082212924957,87.98955535888672,337.0,12.010443687438965,46.0,0.0,0.0,0.0,0.0,0.0,0.0
step,fold16/train_loss,fold16/val_mae,fold16/val_rmse,fold16/val_mard,fold16/val_r2,fold16/val_pearson,fold16/val_ega_zone_a_pct,fold16/val_ega_zone_a_count,fold16/val_ega_zone_b_pct,fold16/val_ega_zone_b_count,fold16/val_ega_zone_c_pct,fold16/val_ega_zone_c_count,fold16/val_ega_zone_d_pct,fold16/val_ega_zone_d_count,fold16/val_ega_zone_e_pct,fold16/val_ega_zone_e_count,fold16/val_horizon_15_mae,fold16/val_horizon_15_rmse,fold16/val_horizon_15_mard,fold16/val_horizon_15_r2,fold16/val_horizon_15_pearson,fold16/val_horizon_15_ega_zone_a_pct,fold16/val_horizon_15_ega_zone_a_count,fold16/val_horizon_15_ega_zone_b_pct,fold16/val_horizon_15_ega_zone_b_count,fold16/val_horizon_15_ega_zone_c_pct,fold16/val_horizon_15_ega_zone_c_count,fold16/val_horizon_15_ega_zone_d_pct,fold16/val_horizon_15_ega_zone_d_count,fold16/val_horizon_15_ega_zone_e_pct,fold16/val_horizon_15_ega_zone_e_count,fold16/val_horizon_30_mae,fold16/val_horizon_30_rmse,fold16/val_horizon_30_mard,fold16/val_horizon_30_r2,fold16/val_horizon_30_pearson,fold16/val_horizon_30_ega_zone_a_pct,fold16/val_horizon_30_ega_zone_a_count,fold16/val_horizon_30_ega_zone_b_pct,fold16/val_horizon_30_ega_zone_b_count,fold16/val_horizon_30_ega_zone_c_pct,fold16/val_horizon_30_ega_zone_c_count,fold16/val_horizon_30_ega_zone_d_pct,fold16/val_horizon_30_ega_zone_d_count,fold16/val_horizon_30_ega_zone_e_pct,fold16/val_horizon_30_ega_zone_e_count,fold16/val_horizon_45_mae,fold16/val_horizon_45_rmse,fold16/val_horizon_45_mard,fold16/val_horizon_45_r2,fold16/val_horizon_45_pearson,fold16/val_horizon_45_ega_zone_a_pct,fold16/val_horizon_45_ega_zone_a_count,fold16/val_horizon_45_ega_zone_b_pct,fold16/val_horizon_45_ega_zone_b_count,fold16/val_horizon_45_ega_zone_c_pct,fold16/val_horizon_45_ega_zone_c_count,fold16/val_horizon_45_ega_zone_d_pct,fold16/val_horizon_45_ega_zone_d_count,fold16/val_horizon_45_ega_zone_e_pct,fold16/val_horizon_45_ega_zone_e_count,fold16/val_horizon_60_mae,fold16/val_horizon_60_rmse,fold16/val_horizon_60_mard,fold16/val_horizon_60_r2,fold16/val_horizon_60_pearson,fold16/val_horizon_60_ega_zone_a_pct,fold16/val_horizon_60_ega_zone_a_count,fold16/val_horizon_60_ega_zone_b_pct,fold16/val_horizon_60_ega_zone_b_count,fold16/val_horizon_60_ega_zone_c_pct,fold16/val_horizon_60_ega_zone_c_count,fold16/val_horizon_60_ega_zone_d_pct,fold16/val_horizon_60_ega_zone_d_count,fold16/val_horizon_60_ega_zone_e_pct,fold16/val_horizon_60_ega_zone_e_count,fold16/diag_fusion_gate_cgm,fold16/diag_fusion_gate_cgm_guided,fold16/diag_fusion_gate_physio,fold16/diag_horizon_query_similarity,fold16/diag_horizon_progressive_gate,fold16/diag_horizon_attention_similarity,fold16/diag_horizon_attention_entropy,fold16/diag_horizon_curriculum_progress,fold16/diag_loss_horizon_weight_0,fold16/diag_loss_horizon_weight_1,fold16/diag_loss_horizon_weight_2,fold16/diag_loss_horizon_weight_3
1,0.2262088454992211,13.003500938415527,20.587366104125977,11.298593521118164,0.31165069341659546,0.6298356652259827,82.48853302001953,15102.0,16.724929809570312,3062.0,0.005462092813104391,1.0,0.770155131816864,141.0,0.010924185626208782,2.0,7.40852689743042,11.286349296569824,6.3972673416137695,0.7926503419876099,0.8932192921638489,94.86563110351562,4342.0,4.850338935852051,222.0,0.0,0.0,0.2840288579463959,13.0,0.0,0.0,12.242341041564941,18.622228622436523,10.552513122558594,0.4352427124977112,0.6992173790931702,83.63556671142578,3828.0,15.643434524536133,716.0,0.0,0.0,0.7209962606430054,33.0,0.0,0.0,15.20388126373291,23.1390380859375,13.193853378295898,0.1301446557044983,0.5250995755195618,77.38693237304688,3542.0,21.6298885345459,990.0,0.0,0.0,0.9831767678260803,45.0,0.0,0.0,17.159250259399414,26.187292098999023,15.050734519958496,-0.1078176498413086,0.3798810541629791,74.06598663330078,3390.0,24.77605438232422,1134.0,0.021848371252417564,1.0,1.0924186706542969,50.0,0.04369674250483513,2.0,0.5759538412094116,0.17800961434841156,0.2460365891456604,0.0009993435814976692,0.11920291930437088,0.9999328255653381,0.9999756813049316,0.0,0.3333333432674408,0.28333333134651184,0.21666665375232697,0.1666666716337204
2,0.22332110744673755,12.686915397644043,20.060569763183594,11.020573616027832,0.34642738103866577,0.633679986000061,83.71204376220703,15326.0,15.474109649658203,2833.0,0.005462092813104391,1.0,0.8029276728630066,147.0,0.005462092813104391,1.0,7.328768730163574,11.094317436218262,6.357373237609863,0.799646258354187,0.8950789570808411,95.28074645996094,4361.0,4.3915228843688965,201.0,0.0,0.0,0.3277255892753601,15.0,0.0,0.0,11.982072830200195,18.182790756225586,10.35713005065918,0.4615819454193115,0.7018195390701294,84.5531997680664,3870.0,14.682106971740723,672.0,0.0,0.0,0.764693021774292,35.0,0.0,0.0,14.794662475585938,22.52945327758789,12.826369285583496,0.17537260055541992,0.5254742503166199,79.06925964355469,3619.0,19.92571449279785,912.0,0.0,0.0,1.0050251483917236,46.0,0.0,0.0,16.642162322998047,25.464323043823242,14.541423797607422,-0.04749345779418945,0.3780464828014374,75.94493865966797,3476.0,22.8970947265625,1048.0,0.021848371252417564,1.0,1.1142669916152954,51.0,0.021848371252417564,1.0,0.4257872998714447,0.14951501786708832,0.42469772696495056,0.009025342762470245,0.11920291930437088,0.9985112547874451,0.9975571036338806,0.07142857142857142,0.3245614171028137,0.2788847088813782,0.21998745203018188,0.17656642198562622
3,0.22286337683840357,12.569828987121582,19.91931915283203,10.938676834106445,0.3555988669395447,0.6371464729309082,84.02883911132812,15384.0,15.157307624816895,2775.0,0.005462092813104391,1.0,0.8029276728630066,147.0,0.005462092813104391,1.0,7.233247756958008,10.94108772277832,6.289798736572266,0.8051424026489258,0.8980002403259277,95.36814880371094,4365.0,4.304129123687744,197.0,0.0,0.0,0.3277255892753601,15.0,0.0,0.0,11.88160514831543,18.073570251464844,10.293909072875977,0.46803081035614014,0.7045759558677673,85.03386688232422,3892.0,14.201441764831543,650.0,0.0,0.0,0.764693021774292,35.0,0.0,0.0,14.662925720214844,22.3726806640625,12.727367401123047,0.18680912256240845,0.5283966064453125,79.5062255859375,3639.0,19.488746643066406,892.0,0.0,0.0,1.0050251483917236,46.0,0.0,0.0,16.501543045043945,25.30255126953125,14.443634033203125,-0.03422653675079346,0.3794243335723877,76.20712280273438,3488.0,22.634912490844727,1036.0,0.021848371252417564,1.0,1.1142669916152954,51.0,0.021848371252417564,1.0,0.3050491511821747,0.21842356026172638,0.4765273630619049,0.022713959217071533,0.11920291930437088,0.9973950386047363,0.9535011053085327,0.14285714285714285,0.31578949093818665,0.2744360864162445,0.223308265209198,0.18646617233753204
4,0.21847244669591082,12.344903945922852,19.565614700317383,10.768446922302246,0.3782806992530823,0.6430459022521973,84.4166488647461,15455.0,14.769498825073242,2704.0,0.005462092813104391,1.0,0.8083897829055786,148.0,0.0,0.0,7.032850742340088,10.59172248840332,6.1392951011657715,0.8173878788948059,0.9043700098991394,95.84880828857422,4387.0,3.82346510887146,175.0,0.0,0.0,0.3277255892753601,15.0,0.0,0.0,11.732793807983398,17.753841400146484,10.199626922607422,0.48668593168258667,0.709643542766571,85.40528869628906,3909.0,13.8300199508667,633.0,0.0,0.0,0.764693021774292,35.0,0.0,0.0,14.42965030670166,22.017854690551758,12.54671859741211,0.21239876747131348,0.5292524695396423,79.89949798583984,3657.0,19.095478057861328,874.0,0.0,0.0,1.0050251483917236,46.0,0.0,0.0,16.184322357177734,24.881393432617188,14.188143730163574,-8.404254913330078e-05,0.37915757298469543,76.51300048828125,3502.0,22.329036712646484,1022.0,0.021848371252417564,1.0,1.1361154317855835,52.0,0.0,0.0,0.3204971253871918,0.2873190939426422,0.3921838104724884,0.038052741438150406,0.11920291930437088,0.9928823113441467,0.9218579530715942,0.21428571428571427,0.30701756477355957,0.26998746395111084,0.22662906348705292,0.19636592268943787
5,0.21480130594340338,12.19572639465332,19.395519256591797,10.656868934631348,0.3890436887741089,0.6479508280754089,84.68975067138672,15505.0,14.512782096862793,2657.0,0.0,0.0,0.7974656224250793,146.0,0.0,0.0,6.730996608734131,10.077327728271484,5.882000923156738,0.8346945643424988,0.9137599468231201,96.24208068847656,4405.0,3.473891258239746,159.0,0.0,0.0,0.2840288579463959,13.0,0.0,0.0,11.558919906616211,17.482540130615234,10.044258117675781,0.5022541880607605,0.7180312871932983,85.97334289550781,3935.0,13.261961936950684,607.0,0.0,0.0,0.764693021774292,35.0,0.0,0.0,14.35890007019043,21.937467575073242,12.520606994628906,0.21813935041427612,0.5294856429100037,79.92134857177734,3658.0,19.07362937927246,873.0,0.0,0.0,1.0050251483917236,46.0,0.0,0.0,16.13408660888672,24.825401306152344,14.180607795715332,0.004412055015563965,0.3738305866718292,76.62223815917969,3507.0,22.24164390563965,1018.0,0.0,0.0,1.1361154317855835,52.0,0.0,0.0,0.34973233938217163,0.37899789214134216,0.271269828081131,0.06226847693324089,0.11920291930437088,0.9812819361686707,0.8936741352081299,0.2857142857142857,0.2982456088066101,0.2655388414859772,0.22994986176490784,0.2062656730413437
6,0.2108467436190998,11.980731010437012,19.091726303100586,10.454270362854004,0.40803271532058716,0.6591514348983765,85.17041778564453,15593.0,14.037579536437988,2570.0,0.0,0.0,0.7920035123825073,145.0,0.0,0.0,6.434141635894775,9.583876609802246,5.622931957244873,0.8504870533943176,0.922460675239563,96.72274780273438,4427.0,3.015075445175171,138.0,0.0,0.0,0.2621804475784302,12.0,0.0,0.0,11.318948745727539,17.10592269897461,9.828330039978027,0.5234686136245728,0.7315297722816467,86.82543182373047,3974.0,12.431723594665527,569.0,0.0,0.0,0.7428447008132935,34.0,0.0,0.0,14.173093795776367,21.63277244567871,12.333727836608887,0.23970741033554077,0.5408128499984741,80.46755981445312,3683.0,18.505571365356445,847.0,0.0,0.0,1.0268734693527222,47.0,0.0,0.0,15.99673843383789,24.60763931274414,14.03209114074707,0.021801531314849854,0.37784531712532043,76.66593933105469,3509.0,22.197946548461914,1016.0,0.0,0.0,1.1361154317855835,52.0,0.0,0.0,0.3332253694534302,0.4323817789554596,0.23439288139343262,0.11137071996927261,0.11920291930437088,0.9831995964050293,0.835430920124054,0.35714285714285715,0.28947368264198303,0.2610902190208435,0.23327067494392395,0.2161654233932495
7,0.20835136541483912,11.746898651123047,18.655805587768555,10.223503112792969,0.4347568154335022,0.6742738485336304,85.71662902832031,15693.0,13.49137020111084,2470.0,0.0,0.0,0.7920035123825073,145.0,0.0,0.0,6.175957679748535,9.067424774169922,5.4022979736328125,0.8661666512489319,0.9309689402580261,97.22525787353516,4450.0,2.5125627517700195,115.0,0.0,0.0,0.2621804475784302,12.0,0.0,0.0,11.1143217086792,16.703311920166016,9.642624855041504,0.5456362366676331,0.7445992231369019,87.24055480957031,3993.0,12.01660442352295,550.0,0.0,0.0,0.7428447008132935,34.0,0.0,0.0,13.954187393188477,21.217891693115234,12.113085746765137,0.26858997344970703,0.5549481511116028,80.81712341308594,3699.0,18.15599822998047,831.0,0.0,0.0,1.0268734693527222,47.0,0.0,0.0,15.743124961853027,24.0985164642334,13.73599910736084,0.061859846115112305,0.3939554691314697,77.58357238769531,3551.0,21.28031349182129,974.0,0.0,0.0,1.1361154317855835,52.0,0.0,0.0,0.3519604504108429,0.3976561427116394,0.2503834366798401,0.1241200864315033,0.11920291930437088,0.9925876259803772,0.82321697473526,0.42857142857142855,0.28070175647735596,0.25664159655570984,0.23659147322177887,0.22606515884399414
8,0.20459809563464743,11.663472175598145,18.517724990844727,10.14724349975586,0.44309306144714355,0.6790406107902527,85.85317993164062,15718.0,13.371203422546387,2448.0,0.0,0.0,0.775617241859436,142.0,0.0,0.0,6.052684307098389,8.873223304748535,5.288153171539307,0.8718380331993103,0.9340679049491882,97.44374084472656,4460.0,2.315927505493164,106.0,0.0,0.0,0.24033209681510925,11.0,0.0,0.0,11.04533576965332,16.5736026763916,9.572052001953125,0.5526654720306396,0.748809278011322,87.34979248046875,3998.0,11.929210662841797,546.0,0.0,0.0,0.7209962606430054,33.0,0.0,0.0,13.899791717529297,21.104406356811523,12.0576171875,0.27639317512512207,0.559687077999115,81.10115814208984,3712.0,17.893815994262695,819.0,0.0,0.0,1.0050251483917236,46.0,0.0,0.0,15.65607738494873,23.933454513549805,13.671152114868164,0.07466739416122437,0.4013424813747406,77.51802062988281,3548.0,21.34585952758789,977.0,0.0,0.0,1.1361154317855835,52.0,0.0,0.0,0.36822310090065,0.3606542646884918,0.27112266421318054,0.13792896270751953,0.11920291930437088,0.998084306716919,0.8092624545097351,0.5,0.2719298303127289,0.25219297409057617,0.2399122714996338,0.23596492409706116
9,0.19757864709481968,11.60671615600586,18.407451629638672,10.079641342163086,0.44970619678497314,0.6833297610282898,85.97334289550781,15740.0,13.245574951171875,2425.0,0.0,0.0,0.7810792922973633,143.0,0.0,0.0,6.002256393432617,8.744698524475098,5.250389575958252,0.8755238652229309,0.9360492825508118,97.55298614501953,4465.0,2.1848373413085938,100.0,0.0,0.0,0.2621804475784302,12.0,0.0,0.0,10.998519897460938,16.460023880004883,9.524785995483398,0.5587756633758545,0.7528268694877625,87.83045196533203,4020.0,11.44854736328125,524.0,0.0,0.0,0.7209962606430054,33.0,0.0,0.0,13.85788345336914,20.994060516357422,11.99687385559082,0.28394025564193726,0.5643903613090515,81.10115814208984,3712.0,17.893815994262695,819.0,0.0,0.0,1.0050251483917236,46.0,0.0,0.0,15.568205833435059,23.815629959106445,13.54651927947998,0.0837557315826416,0.404794305562973,77.40878295898438,3543.0,21.455101013183594,982.0,0.0,0.0,1.1361154317855835,52.0,0.0,0.0,0.36641761660575867,0.3799375295639038,0.2536449134349823,0.13484252989292145,0.11920291930437088,0.9968366026878357,0.8379838466644287,0.5714285714285714,0.2631579041481018,0.2477443516254425,0.2432330846786499,0.24586467444896698
10,0.19400965798126973,11.674907684326172,18.455015182495117,10.134084701538086,0.44685858488082886,0.6811103820800781,85.90233612060547,15727.0,13.327507972717285,2440.0,0.0,0.0,0.770155131816864,141.0,0.0,0.0,5.9820075035095215,8.747159004211426,5.233170986175537,0.8754538297653198,0.9360277056694031,97.3563461303711,4456.0,2.4033210277557373,110.0,0.0,0.0,0.24033209681510925,11.0,0.0,0.0,11.05353832244873,16.54232406616211,9.563982009887695,0.5543524026870728,0.7497256994247437,87.43718719482422,4002.0,11.841817855834961,542.0,0.0,0.0,0.7209962606430054,33.0,0.0,0.0,13.961081504821777,21.061250686645508,12.074844360351562,0.2793493866920471,0.5595287084579468,81.21039581298828,3717.0,17.80642318725586,815.0,0.0,0.0,0.9831767678260803,45.0,0.0,0.0,15.703001976013184,23.845605850219727,13.66434383392334,0.08144789934158325,0.40153002738952637,77.60542297363281,3552.0,21.258466720581055,973.0,0.0,0.0,1.1361154317855835,52.0,0.0,0.0,0.37288257479667664,0.37118059396743774,0.2559368908405304,0.13583609461784363,0.11920291930437088,0.9965428709983826,0.8523857593536377,0.6428571428571429,0.25438597798347473,0.24329572916030884,0.24655388295650482,0.2557644248008728
11,0.18990997962868209,11.72531509399414,18.609968185424805,10.163339614868164,0.437531054019928,0.6749681830406189,85.57461547851562,15667.0,13.649770736694336,2499.0,0.0,0.0,0.775617241859436,142.0,0.0,0.0,5.958026885986328,8.730677604675293,5.214399337768555,0.8759227395057678,0.9362201690673828,97.48743438720703,4462.0,2.272230863571167,104.0,0.0,0.0,0.24033209681510925,11.0,0.0,0.0,11.084153175354004,16.67404556274414,9.579557418823242,0.5472270846366882,0.7450719475746155,87.37164306640625,3999.0,11.907362937927246,545.0,0.0,0.0,0.7209962606430054,33.0,0.0,0.0,14.049996376037598,21.28337287902832,12.130096435546875,0.264068603515625,0.5483117699623108,80.33646392822266,3677.0,18.658510208129883,854.0,0.0,0.0,1.0050251483917236,46.0,0.0,0.0,15.809082984924316,24.04356575012207,13.729305267333984,0.06613343954086304,0.3894664943218231,77.1029052734375,3529.0,21.76097869873047,996.0,0.0,0.0,1.1361154317855835,52.0,0.0,0.0,0.34833183884620667,0.4204120337963104,0.2312561571598053,0.14360913634300232,0.11920291930437088,0.9956896305084229,0.864258348941803,0.7142857142857143,0.24561403691768646,0.23884710669517517,0.24987469613552094,0.26566416025161743
12,0.1847188756750366,11.83264446258545,18.71833610534668,10.248990058898926,0.4309612512588501,0.6711669564247131,85.2359619140625,15605.0,13.977496147155762,2559.0,0.0,0.0,0.7865414023399353,144.0,0.0,0.0,5.967376232147217,8.748993873596191,5.218018531799316,0.8754015564918518,0.9360626339912415,97.3563461303711,4456.0,2.4033210277557373,110.0,0.0,0.0,0.24033209681510925,11.0,0.0,0.0,11.122166633605957,16.740943908691406,9.604849815368652,0.5435866117477417,0.7429715394973755,87.26239776611328,3994.0,11.972908020019531,548.0,0.0,0.0,0.764693021774292,35.0,0.0,0.0,14.22305679321289,21.444883346557617,12.272537231445312,0.2528568506240845,0.5414286851882935,79.89949798583984,3657.0,19.095478057861328,874.0,0.0,0.0,1.0050251483917236,46.0,0.0,0.0,16.017976760864258,24.182998657226562,13.900550842285156,0.055270612239837646,0.3833215534687042,76.42560577392578,3498.0,22.438278198242188,1027.0,0.0,0.0,1.1361154317855835,52.0,0.0,0.0,0.31605613231658936,0.4635753333568573,0.2203686237335205,0.15049882233142853,0.11920291930437088,0.9941020011901855,0.8813469409942627,0.7857142857142857,0.23684212565422058,0.2343984991312027,0.25319552421569824,0.27556392550468445
13,0.17874876940935022,11.859371185302734,18.830337524414062,10.270307540893555,0.42413121461868286,0.6680029630661011,85.24142456054688,15606.0,13.966571807861328,2557.0,0.0,0.0,0.7920035123825073,145.0,0.0,0.0,5.952789306640625,8.724937438964844,5.206153392791748,0.8760858178138733,0.9363791942596436,97.53113555908203,4464.0,2.250382423400879,103.0,0.0,0.0,0.21848371624946594,10.0,0.0,0.0,11.156664848327637,16.79151725769043,9.638481140136719,0.540824830532074,0.7419681549072266,87.24055480957031,3993.0,11.994756698608398,549.0,0.0,0.0,0.764693021774292,35.0,0.0,0.0,14.251185417175293,21.552034378051758,12.291833877563477,0.24537193775177002,0.5383150577545166,80.03059387207031,3663.0,18.920690536499023,866.0,0.0,0.0,1.0487217903137207,48.0,0.0,0.0,16.07685089111328,24.408130645751953,13.94476318359375,0.03759890794754028,0.37503495812416077,76.16342163085938,3486.0,22.700458526611328,1039.0,0.0,0.0,1.1361154317855835,52.0,0.0,0.0,0.3359707295894623,0.4374852776527405,0.22654403746128082,0.15056860446929932,0.11920291930437088,0.9932389855384827,0.8965479731559753,0.8571428571428571,0.22807016968727112,0.22994986176490784,0.25651630759239197,0.2854636609554291
14,0.1721116323590915,11.904126167297363,18.871105194091797,10.314412117004395,0.4216349720954895,0.6663767695426941,85.09941101074219,15580.0,14.119510650634766,2585.0,0.0,0.0,0.7810792922973633,143.0,0.0,0.0,5.945711612701416,8.736180305480957,5.200755596160889,0.8757662773132324,0.9361703395843506,97.48743438720703,4462.0,2.294079065322876,105.0,0.0,0.0,0.21848371624946594,10.0,0.0,0.0,11.166458129882812,16.819549560546875,9.661986351013184,0.5392904281616211,0.7407627701759338,86.93467712402344,3979.0,12.300633430480957,563.0,0.0,0.0,0.764693021774292,35.0,0.0,0.0,14.335075378417969,21.61638641357422,12.37064266204834,0.24085867404937744,0.5351228713989258,80.07428741455078,3665.0,18.920690536499023,866.0,0.0,0.0,1.0050251483917236,46.0,0.0,0.0,16.169261932373047,24.453800201416016,14.02426528930664,0.03399401903152466,0.3735469877719879,75.9012451171875,3474.0,22.96263885498047,1051.0,0.0,0.0,1.1361154317855835,52.0,0.0,0.0,0.3422563374042511,0.4223059415817261,0.2354377955198288,0.15701507031917572,0.11920291930437088,0.9926435947418213,0.9046827554702759,0.9285714285714286,0.21929824352264404,0.22550123929977417,0.2598370909690857,0.2953633964061737
15,0.16570601096817653,11.938425064086914,19.008405685424805,10.315427780151367,0.41318827867507935,0.6621766090393066,85.0174789428711,15565.0,14.21236515045166,2602.0,0.0,0.0,0.770155131816864,141.0,0.0,0.0,5.938415050506592,8.74803352355957,5.18734884262085,0.8754289150238037,0.9359778761863708,97.50928497314453,4463.0,2.272230863571167,104.0,0.0,0.0,0.21848371624946594,10.0,0.0,0.0,11.190437316894531,16.922042846679688,9.651491165161133,0.533658504486084,0.7377438545227051,87.15315246582031,3989.0,12.103998184204102,554.0,0.0,0.0,0.7428447008132935,34.0,0.0,0.0,14.377366065979004,21.80488395690918,12.360204696655273,0.227561354637146,0.5294198393821716,79.7465591430664,3650.0,19.270265579223633,882.0,0.0,0.0,0.9831767678260803,45.0,0.0,0.0,16.24748992919922,24.63618278503418,14.062664031982422,0.019530773162841797,0.369782030582428,75.6609115600586,3463.0,23.202972412109375,1062.0,0.0,0.0,1.1361154317855835,52.0,0.0,0.0,0.3476758897304535,0.4373321533203125,0.21499194204807281,0.15685784816741943,0.11920291930437088,0.9924249649047852,0.912482738494873,1.0,0.21052631735801697,0.2210526168346405,0.2631579041481018,0.3052631616592407
16,0.1568542764323727,12.026021957397461,19.13082504272461,10.40682315826416,0.40560561418533325,0.6584928035736084,84.97378540039062,15557.0,14.256063461303711,2610.0,0.0,0.0,0.770155131816864,141.0,0.0,0.0,5.953826427459717,8.812339782714844,5.199697971343994,0.8735907673835754,0.9349756240844727,97.55298614501953,4465.0,2.228533983230591,102.0,0.0,0.0,0.21848371624946594,10.0,0.0,0.0,11.23965835571289,16.993223190307617,9.710020065307617,0.529727041721344,0.7354497313499451,87.10945892333984,3987.0,12.14769458770752,556.0,0.0,0.0,0.7428447008132935,34.0,0.0,0.0,14.492088317871094,21.951601028442383,12.48202896118164,0.21713149547576904,0.5255735516548157,79.7465591430664,3650.0,19.270265579223633,882.0,0.0,0.0,0.9831767678260803,45.0,0.0,0.0,16.41851234436035,24.8123779296875,14.235548973083496,0.005456447601318359,0.3656265437602997,75.48612213134766,3455.0,23.377758026123047,1070.0,0.0,0.0,1.1361154317855835,52.0,0.0,0.0,0.34550800919532776,0.4256395399570465,0.22885257005691528,0.15993531048297882,0.11920291930437088,0.9925479888916016,0.9164561629295349,1.0,0.21052631735801697,0.2210526168346405,0.2631579041481018,0.3052631616592407
17,0.14933542487048043,12.032488822937012,19.16364097595215,10.419608116149902,0.4035646915435791,0.6585181951522827,84.75529479980469,15517.0,14.480008125305176,2651.0,0.0,0.0,0.764693021774292,140.0,0.0,0.0,5.9584808349609375,8.80461597442627,5.210533142089844,0.8738122582435608,0.9351342916488647,97.66222381591797,4470.0,2.1192920207977295,97.0,0.0,0.0,0.21848371624946594,10.0,0.0,0.0,11.243553161621094,17.006887435913086,9.71411418914795,0.52897047996521,0.735697329044342,86.82543182373047,3974.0,12.453572273254395,570.0,0.0,0.0,0.7209962606430054,33.0,0.0,0.0,14.46895694732666,21.958133697509766,12.467402458190918,0.21666544675827026,0.5279495716094971,79.528076171875,3640.0,19.488746643066406,892.0,0.0,0.0,0.9831767678260803,45.0,0.0,0.0,16.458965301513672,24.90110969543457,14.286382675170898,-0.0016695261001586914,0.366371214389801,75.00546264648438,3433.0,23.858421325683594,1092.0,0.0,0.0,1.1361154317855835,52.0,0.0,0.0,0.35080063343048096,0.4273485839366913,0.22185081243515015,0.15648366510868073,0.11920291930437088,0.9918392300605774,0.9225736856460571,1.0,0.21052631735801697,0.2210526168346405,0.2631579041481018,0.3052631616592407
step,fold16/test_loss,fold16/test_mae,fold16/test_rmse,fold16/test_mard,fold16/test_r2,fold16/test_pearson,fold16/test_ega_zone_a_pct,fold16/test_ega_zone_a_count,fold16/test_ega_zone_b_pct,fold16/test_ega_zone_b_count,fold16/test_ega_zone_c_pct,fold16/test_ega_zone_c_count,fold16/test_ega_zone_d_pct,fold16/test_ega_zone_d_count,fold16/test_ega_zone_e_pct,fold16/test_ega_zone_e_count,fold16/test_horizon_15_mae,fold16/test_horizon_15_rmse,fold16/test_horizon_15_mard,fold16/test_horizon_15_r2,fold16/test_horizon_15_pearson,fold16/test_horizon_15_ega_zone_a_pct,fold16/test_horizon_15_ega_zone_a_count,fold16/test_horizon_15_ega_zone_b_pct,fold16/test_horizon_15_ega_zone_b_count,fold16/test_horizon_15_ega_zone_c_pct,fold16/test_horizon_15_ega_zone_c_count,fold16/test_horizon_15_ega_zone_d_pct,fold16/test_horizon_15_ega_zone_d_count,fold16/test_horizon_15_ega_zone_e_pct,fold16/test_horizon_15_ega_zone_e_count,fold16/test_horizon_30_mae,fold16/test_horizon_30_rmse,fold16/test_horizon_30_mard,fold16/test_horizon_30_r2,fold16/test_horizon_30_pearson,fold16/test_horizon_30_ega_zone_a_pct,fold16/test_horizon_30_ega_zone_a_count,fold16/test_horizon_30_ega_zone_b_pct,fold16/test_horizon_30_ega_zone_b_count,fold16/test_horizon_30_ega_zone_c_pct,fold16/test_horizon_30_ega_zone_c_count,fold16/test_horizon_30_ega_zone_d_pct,fold16/test_horizon_30_ega_zone_d_count,fold16/test_horizon_30_ega_zone_e_pct,fold16/test_horizon_30_ega_zone_e_count,fold16/test_horizon_45_mae,fold16/test_horizon_45_rmse,fold16/test_horizon_45_mard,fold16/test_horizon_45_r2,fold16/test_horizon_45_pearson,fold16/test_horizon_45_ega_zone_a_pct,fold16/test_horizon_45_ega_zone_a_count,fold16/test_horizon_45_ega_zone_b_pct,fold16/test_horizon_45_ega_zone_b_count,fold16/test_horizon_45_ega_zone_c_pct,fold16/test_horizon_45_ega_zone_c_count,fold16/test_horizon_45_ega_zone_d_pct,fold16/test_horizon_45_ega_zone_d_count,fold16/test_horizon_45_ega_zone_e_pct,fold16/test_horizon_45_ega_zone_e_count,fold16/test_horizon_60_mae,fold16/test_horizon_60_rmse,fold16/test_horizon_60_mard,fold16/test_horizon_60_r2,fold16/test_horizon_60_pearson,fold16/test_horizon_60_ega_zone_a_pct,fold16/test_horizon_60_ega_zone_a_count,fold16/test_horizon_60_ega_zone_b_pct,fold16/test_horizon_60_ega_zone_b_count,fold16/test_horizon_60_ega_zone_c_pct,fold16/test_horizon_60_ega_zone_c_count,fold16/test_horizon_60_ega_zone_d_pct,fold16/test_horizon_60_ega_zone_d_count,fold16/test_horizon_60_ega_zone_e_pct,fold16/test_horizon_60_ega_zone_e_count
0,0.3251578236877437,11.417859077453613,16.14943504333496,10.499238014221191,0.08461791276931763,0.4863108694553375,84.44348907470703,5857.0,15.455595016479492,1072.0,0.0,0.0,0.10092272609472275,7.0,0.0,0.0,6.598013401031494,9.230485916137695,6.185199737548828,0.7076379656791687,0.8501648306846619,96.77046966552734,1678.0,3.056516647338867,53.0,0.0,0.0,0.17301037907600403,3.0,0.0,0.0,11.45040225982666,15.742012023925781,10.530470848083496,0.13614094257354736,0.5270782709121704,85.00576782226562,1474.0,14.821222305297852,257.0,0.0,0.0,0.17301037907600403,3.0,0.0,0.0,13.355923652648926,18.2706241607666,12.203497886657715,-0.18246495723724365,0.3058341145515442,79.29642486572266,1375.0,20.645906448364258,358.0,0.0,0.0,0.057670123875141144,1.0,0.0,0.0,14.26710033416748,19.400733947753906,13.077783584594727,-0.34931015968322754,0.1651410460472107,76.7012710571289,1330.0,23.298730850219727,404.0,0.0,0.0,0.0,0.0,0.0,0.0
step,summary/loss,summary/mae,summary/rmse,summary/mard,summary/r2,summary/pearson,summary/ega_zone_a_pct,summary/ega_zone_a_count,summary/ega_zone_b_pct,summary/ega_zone_b_count,summary/ega_zone_c_pct,summary/ega_zone_c_count,summary/ega_zone_d_pct,summary/ega_zone_d_count,summary/ega_zone_e_pct,summary/ega_zone_e_count,summary/horizon_15_mae,summary/horizon_15_rmse,summary/horizon_15_mard,summary/horizon_15_r2,summary/horizon_15_pearson,summary/horizon_15_ega_zone_a_pct,summary/horizon_15_ega_zone_a_count,summary/horizon_15_ega_zone_b_pct,summary/horizon_15_ega_zone_b_count,summary/horizon_15_ega_zone_c_pct,summary/horizon_15_ega_zone_c_count,summary/horizon_15_ega_zone_d_pct,summary/horizon_15_ega_zone_d_count,summary/horizon_15_ega_zone_e_pct,summary/horizon_15_ega_zone_e_count,summary/horizon_30_mae,summary/horizon_30_rmse,summary/horizon_30_mard,summary/horizon_30_r2,summary/horizon_30_pearson,summary/horizon_30_ega_zone_a_pct,summary/horizon_30_ega_zone_a_count,summary/horizon_30_ega_zone_b_pct,summary/horizon_30_ega_zone_b_count,summary/horizon_30_ega_zone_c_pct,summary/horizon_30_ega_zone_c_count,summary/horizon_30_ega_zone_d_pct,summary/horizon_30_ega_zone_d_count,summary/horizon_30_ega_zone_e_pct,summary/horizon_30_ega_zone_e_count,summary/horizon_45_mae,summary/horizon_45_rmse,summary/horizon_45_mard,summary/horizon_45_r2,summary/horizon_45_pearson,summary/horizon_45_ega_zone_a_pct,summary/horizon_45_ega_zone_a_count,summary/horizon_45_ega_zone_b_pct,summary/horizon_45_ega_zone_b_count,summary/horizon_45_ega_zone_c_pct,summary/horizon_45_ega_zone_c_count,summary/horizon_45_ega_zone_d_pct,summary/horizon_45_ega_zone_d_count,summary/horizon_45_ega_zone_e_pct,summary/horizon_45_ega_zone_e_count,summary/horizon_60_mae,summary/horizon_60_rmse,summary/horizon_60_mard,summary/horizon_60_r2,summary/horizon_60_pearson,summary/horizon_60_ega_zone_a_pct,summary/horizon_60_ega_zone_a_count,summary/horizon_60_ega_zone_b_pct,summary/horizon_60_ega_zone_b_count,summary/horizon_60_ega_zone_c_pct,summary/horizon_60_ega_zone_c_count,summary/horizon_60_ega_zone_d_pct,summary/horizon_60_ega_zone_d_count,summary/horizon_60_ega_zone_e_pct,summary/horizon_60_ega_zone_e_count
0,0.28592122289878596,10.402757942676544,15.743828117847443,8.94778448343277,0.37802935764193535,0.6532547455281019,88.91031265258789,6009.875,10.749484807252884,743.1875,0.0016395591665059328,0.125,0.3369241714826785,24.1875,0.0016395591665059328,0.125,5.459625422954559,7.864976137876511,4.769294261932373,0.83767019957304,0.9175896793603897,98.28371238708496,1666.0,1.574691355228424,26.25,0.0,0.0,0.14159676292911172,2.125,0.0,0.0,9.841276407241821,14.331465482711792,8.474599987268448,0.4778691716492176,0.714031770825386,90.62789249420166,1531.875,9.048872739076614,156.8125,0.0,0.0,0.32323475275188684,5.6875,0.0,0.0,12.38904869556427,17.970220625400543,10.612810373306274,0.1895163431763649,0.5252093952149153,84.9616436958313,1433.625,14.62209403514862,253.0625,0.0,0.0,0.41626223060302436,7.6875,0.0,0.0,13.921080946922302,19.991052865982056,11.934433341026306,0.004165250808000565,0.3905658908188343,81.76799964904785,1378.375,17.752281069755554,307.0625,0.006558236666023731,0.125,0.4666029822546989,8.6875,0.006558236666023731,0.125
