step,fold1/train_loss,fold1/val_mae,fold1/val_rmse,fold1/val_mard,fold1/val_r2,fold1/val_pearson,fold1/val_ega_zone_a_pct,fold1/val_ega_zone_a_count,fold1/val_ega_zone_b_pct,fold1/val_ega_zone_b_count,fold1/val_ega_zone_c_pct,fold1/val_ega_zone_c_count,fold1/val_ega_zone_d_pct,fold1/val_ega_zone_d_count,fold1/val_ega_zone_e_pct,fold1/val_ega_zone_e_count,fold1/val_horizon_15_mae,fold1/val_horizon_15_rmse,fold1/val_horizon_15_mard,fold1/val_horizon_15_r2,fold1/val_horizon_15_pearson,fold1/val_horizon_15_ega_zone_a_pct,fold1/val_horizon_15_ega_zone_a_count,fold1/val_horizon_15_ega_zone_b_pct,fold1/val_horizon_15_ega_zone_b_count,fold1/val_horizon_15_ega_zone_c_pct,fold1/val_horizon_15_ega_zone_c_count,fold1/val_horizon_15_ega_zone_d_pct,fold1/val_horizon_15_ega_zone_d_count,fold1/val_horizon_15_ega_zone_e_pct,fold1/val_horizon_15_ega_zone_e_count,fold1/val_horizon_30_mae,fold1/val_horizon_30_rmse,fold1/val_horizon_30_mard,fold1/val_horizon_30_r2,fold1/val_horizon_30_pearson,fold1/val_horizon_30_ega_zone_a_pct,fold1/val_horizon_30_ega_zone_a_count,fold1/val_horizon_30_ega_zone_b_pct,fold1/val_horizon_30_ega_zone_b_count,fold1/val_horizon_30_ega_zone_c_pct,fold1/val_horizon_30_ega_zone_c_count,fold1/val_horizon_30_ega_zone_d_pct,fold1/val_horizon_30_ega_zone_d_count,fold1/val_horizon_30_ega_zone_e_pct,fold1/val_horizon_30_ega_zone_e_count,fold1/val_horizon_45_mae,fold1/val_horizon_45_rmse,fold1/val_horizon_45_mard,fold1/val_horizon_45_r2,fold1/val_horizon_45_pearson,fold1/val_horizon_45_ega_zone_a_pct,fold1/val_horizon_45_ega_zone_a_count,fold1/val_horizon_45_ega_zone_b_pct,fold1/val_horizon_45_ega_zone_b_count,fold1/val_horizon_45_ega_zone_c_pct,fold1/val_horizon_45_ega_zone_c_count,fold1/val_horizon_45_ega_zone_d_pct,fold1/val_horizon_45_ega_zone_d_count,fold1/val_horizon_45_ega_zone_e_pct,fold1/val_horizon_45_ega_zone_e_count,fold1/val_horizon_60_mae,fold1/val_horizon_60_rmse,fold1/val_horizon_60_mard,fold1/val_horizon_60_r2,fold1/val_horizon_60_pearson,fold1/val_horizon_60_ega_zone_a_pct,fold1/val_horizon_60_ega_zone_a_count,fold1/val_horizon_60_ega_zone_b_pct,fold1/val_horizon_60_ega_zone_b_count,fold1/val_horizon_60_ega_zone_c_pct,fold1/val_horizon_60_ega_zone_c_count,fold1/val_horizon_60_ega_zone_d_pct,fold1/val_horizon_60_ega_zone_d_count,fold1/val_horizon_60_ega_zone_e_pct,fold1/val_horizon_60_ega_zone_e_count,fold1/diag_horizon_query_similarity,fold1/diag_horizon_progressive_gate,fold1/diag_horizon_attention_similarity,fold1/diag_horizon_attention_entropy,fold1/diag_horizon_curriculum_progress,fold1/diag_loss_horizon_weight_0,fold1/diag_loss_horizon_weight_1,fold1/diag_loss_horizon_weight_2,fold1/diag_loss_horizon_weight_3
1,0.25094068732739305,12.505195617675781,19.38623046875,9.547673225402832,0.2746281027793884,0.6146407723426819,86.94234466552734,18397.0,13.052929878234863,2762.0,0.0047258976846933365,1.0,0.0,0.0,0.0,0.0,7.08733606338501,10.770194053649902,5.469761371612549,0.7760679125785828,0.8844780325889587,97.10774993896484,5137.0,2.892249345779419,153.0,0.0,0.0,0.0,0.0,0.0,0.0,11.829876899719238,17.960201263427734,9.039709091186523,0.37730032205581665,0.6700035929679871,87.95841217041016,4653.0,12.041587829589844,637.0,0.0,0.0,0.0,0.0,0.0,0.0,14.775505065917969,22.0345401763916,11.225544929504395,0.06299704313278198,0.49805229902267456,82.60869598388672,4370.0,17.39130401611328,920.0,0.0,0.0,0.0,0.0,0.0,0.0,16.328065872192383,24.066925048828125,12.455678939819336,-0.11758112907409668,0.39284631609916687,80.09451293945312,4237.0,19.886579513549805,1052.0,0.018903590738773346,1.0,0.0,0.0,0.0,0.0,0.043811146169900894,0.11920291930437088,0.9999014735221863,0.9999760985374451,0.0,0.3333333432674408,0.28333333134651184,0.21666665375232697,0.1666666716337204
2,0.24692238504483657,12.477333068847656,19.173368453979492,9.480807304382324,0.2904699444770813,0.6152253746986389,87.66068267822266,18549.0,12.339319229125977,2611.0,0.0,0.0,0.0,0.0,0.0,0.0,7.129229545593262,10.717615127563477,5.47890567779541,0.7782490253448486,0.8861177563667297,97.29678344726562,5147.0,2.703213691711426,143.0,0.0,0.0,0.0,0.0,0.0,0.0,11.815662384033203,17.777761459350586,8.993600845336914,0.3898867964744568,0.6713427901268005,88.73345947265625,4694.0,11.26654052734375,596.0,0.0,0.0,0.0,0.0,0.0,0.0,14.672325134277344,21.72247886657715,11.11386489868164,0.08934932947158813,0.4968571364879608,83.57278442382812,4421.0,16.427221298217773,869.0,0.0,0.0,0.0,0.0,0.0,0.0,16.2921199798584,23.82624626159668,12.336853981018066,-0.09534025192260742,0.38200297951698303,81.0396957397461,4287.0,18.960302352905273,1003.0,0.0,0.0,0.0,0.0,0.0,0.0,0.05164257809519768,0.11920291930437088,0.9986300468444824,0.9994155764579773,0.07142857142857142,0.3245614171028137,0.2788847088813782,0.21998745203018188,0.17656642198562622
3,0.24680282046257357,12.464308738708496,19.11272430419922,9.45240592956543,0.29495126008987427,0.6170094609260559,87.8119125366211,18581.0,12.188090324401855,2579.0,0.0,0.0,0.0,0.0,0.0,0.0,7.132777214050293,10.714292526245117,5.476036071777344,0.7783864736557007,0.8865200281143188,97.2211685180664,5143.0,2.7788279056549072,147.0,0.0,0.0,0.0,0.0,0.0,0.0,11.798493385314941,17.708433151245117,8.967312812805176,0.3946360945701599,0.673337996006012,89.16824340820312,4717.0,10.831758499145508,573.0,0.0,0.0,0.0,0.0,0.0,0.0,14.631959915161133,21.62958526611328,11.061469078063965,0.09712135791778564,0.49929335713386536,83.53497314453125,4419.0,16.46502685546875,871.0,0.0,0.0,0.0,0.0,0.0,0.0,16.294004440307617,23.7689151763916,12.30480670928955,-0.09007561206817627,0.3819088041782379,81.32325744628906,4302.0,18.676748275756836,988.0,0.0,0.0,0.0,0.0,0.0,0.0,0.06261377781629562,0.11920291930437088,0.9950559735298157,0.996700644493103,0.14285714285714285,0.31578949093818665,0.2744360864162445,0.223308265209198,0.18646617233753204
4,0.2450216200322369,12.437018394470215,18.980384826660156,9.411195755004883,0.30468112230300903,0.6201770305633545,87.92533111572266,18605.0,12.07466983795166,2555.0,0.0,0.0,0.0,0.0,0.0,0.0,7.086249351501465,10.58823299407959,5.440364837646484,0.7835705876350403,0.8895496129989624,97.41020965576172,5153.0,2.589792013168335,137.0,0.0,0.0,0.0,0.0,0.0,0.0,11.752403259277344,17.56294822692871,8.919478416442871,0.40454208850860596,0.6769903302192688,89.30056762695312,4724.0,10.699433326721191,566.0,0.0,0.0,0.0,0.0,0.0,0.0,14.613210678100586,21.485862731933594,11.017136573791504,0.10908013582229614,0.5013719797134399,83.96975708007812,4442.0,16.03024673461914,848.0,0.0,0.0,0.0,0.0,0.0,0.0,16.29621124267578,23.639162063598633,12.267807960510254,-0.07820665836334229,0.3816779553890228,81.02079772949219,4286.0,18.979206085205078,1004.0,0.0,0.0,0.0,0.0,0.0,0.0,0.07353410124778748,0.11920291930437088,0.9883666634559631,0.9908043146133423,0.21428571428571427,0.30701756477355957,0.26998746395111084,0.22662906348705292,0.19636592268943787
5,0.24265736318214345,12.19276237487793,18.635787963867188,9.233512878417969,0.32969963550567627,0.6287567615509033,88.14744567871094,18652.0,11.85255241394043,2508.0,0.0,0.0,0.0,0.0,0.0,0.0,6.820796966552734,10.230788230895996,5.246588230133057,0.7979366779327393,0.8966120481491089,97.6181411743164,5164.0,2.381852626800537,126.0,0.0,0.0,0.0,0.0,0.0,0.0,11.510774612426758,17.23076629638672,8.740861892700195,0.4268537759780884,0.6855186820030212,89.69754028320312,4745.0,10.302456855773926,545.0,0.0,0.0,0.0,0.0,0.0,0.0,14.373398780822754,21.123991012573242,10.84974193572998,0.13883787393569946,0.507744550704956,84.34782409667969,4462.0,15.65217399597168,828.0,0.0,0.0,0.0,0.0,0.0,0.0,16.066083908081055,23.267553329467773,12.096857070922852,-0.04457414150238037,0.3877009451389313,80.92627716064453,4281.0,19.0737247467041,1009.0,0.0,0.0,0.0,0.0,0.0,0.0,0.09750810265541077,0.11920291930437088,0.9896318316459656,0.9815346598625183,0.2857142857142857,0.2982456088066101,0.2655388414859772,0.22994986176490784,0.2062656730413437
6,0.23714920828009134,11.974366188049316,18.24049949645996,9.060233116149902,0.3578338623046875,0.6454012989997864,88.72400665283203,18774.0,11.275992393493652,2386.0,0.0,0.0,0.0,0.0,0.0,0.0,6.385826587677002,9.41528606414795,4.935361385345459,0.8288660049438477,0.9142856597900391,98.16635131835938,5193.0,1.833648443222046,97.0,0.0,0.0,0.0,0.0,0.0,0.0,11.252625465393066,16.720829010009766,8.547737121582031,0.4602757692337036,0.7062592506408691,90.62381744384766,4794.0,9.376181602478027,496.0,0.0,0.0,0.0,0.0,0.0,0.0,14.24138069152832,20.79620361328125,10.730123519897461,0.16535627841949463,0.5196161270141602,84.66918182373047,4479.0,15.330812454223633,811.0,0.0,0.0,0.0,0.0,0.0,0.0,16.01763343811035,23.024930953979492,12.0277099609375,-0.0229032039642334,0.3927375376224518,81.43667602539062,4308.0,18.56332778930664,982.0,0.0,0.0,0.0,0.0,0.0,0.0,0.13258741796016693,0.11920291930437088,0.9918723702430725,0.9513096809387207,0.35714285714285715,0.28947368264198303,0.2610902190208435,0.23327067494392395,0.2161654233932495
7,0.2324326385234219,11.516037940979004,17.745609283447266,8.741549491882324,0.39220690727233887,0.6655336618423462,89.04537200927734,18842.0,10.954630851745605,2318.0,0.0,0.0,0.0,0.0,0.0,0.0,5.619984149932861,8.3028564453125,4.409501552581787,0.8669164776802063,0.9319732785224915,98.82797241210938,5228.0,1.1720227003097534,62.0,0.0,0.0,0.0,0.0,0.0,0.0,10.701082229614258,15.945865631103516,8.190190315246582,0.5091458559036255,0.7330343723297119,91.1720199584961,4823.0,8.827977180480957,467.0,0.0,0.0,0.0,0.0,0.0,0.0,13.919134140014648,20.40801239013672,10.501296043395996,0.19622516632080078,0.5375033617019653,84.87712860107422,4490.0,15.12287425994873,800.0,0.0,0.0,0.0,0.0,0.0,0.0,15.823952674865723,22.802005767822266,11.865205764770508,-0.0031915903091430664,0.403026282787323,81.3043441772461,4301.0,18.69565200805664,989.0,0.0,0.0,0.0,0.0,0.0,0.0,0.15580211579799652,0.11920291930437088,0.9909774661064148,0.9168659448623657,0.42857142857142855,0.28070175647735596,0.25664159655570984,0.23659147322177887,0.22606515884399414
8,0.23006994530661476,11.453539848327637,17.670188903808594,8.710075378417969,0.3973621726036072,0.668316662311554,88.96975708007812,18826.0,11.030245780944824,2334.0,0.0,0.0,0.0,0.0,0.0,0.0,5.476945400238037,7.995613098144531,4.312495708465576,0.8765836358070374,0.9368337392807007,98.9603042602539,5235.0,1.039697527885437,55.0,0.0,0.0,0.0,0.0,0.0,0.0,10.61400032043457,15.79448127746582,8.136959075927734,0.5184215903282166,0.7381265163421631,91.11531066894531,4820.0,8.884687423706055,470.0,0.0,0.0,0.0,0.0,0.0,0.0,13.876354217529297,20.349641799926758,10.4904203414917,0.20081639289855957,0.5403629541397095,84.72589874267578,4482.0,15.274101257324219,808.0,0.0,0.0,0.0,0.0,0.0,0.0,15.846861839294434,22.835037231445312,11.900423049926758,-0.006100296974182129,0.4013040065765381,81.07750701904297,4289.0,18.922496795654297,1001.0,0.0,0.0,0.0,0.0,0.0,0.0,0.16525578498840332,0.11920291930437088,0.9878661632537842,0.9120522737503052,0.5,0.2719298303127289,0.25219297409057617,0.2399122714996338,0.23596492409706116
9,0.2293117270432804,11.337549209594727,17.568023681640625,8.63037109375,0.40431076288223267,0.6730117201805115,89.24858093261719,18885.0,10.751418113708496,2275.0,0.0,0.0,0.0,0.0,0.0,0.0,5.365077972412109,7.790025234222412,4.243933200836182,0.8828487396240234,0.9399564266204834,99.11153411865234,5243.0,0.8884688019752502,47.0,0.0,0.0,0.0,0.0,0.0,0.0,10.479995727539062,15.61266803741455,8.04947566986084,0.5294448733329773,0.7447057366371155,91.2287368774414,4826.0,8.77126693725586,464.0,0.0,0.0,0.0,0.0,0.0,0.0,13.779662132263184,20.31052589416504,10.41994571685791,0.20388591289520264,0.5434427857398987,85.02835845947266,4498.0,14.97164535522461,792.0,0.0,0.0,0.0,0.0,0.0,0.0,15.725459098815918,22.7504825592041,11.808128356933594,0.0013367533683776855,0.40748804807662964,81.6257095336914,4318.0,18.374290466308594,972.0,0.0,0.0,0.0,0.0,0.0,0.0,0.16948796808719635,0.11920291930437088,0.9810065627098083,0.9037115573883057,0.5714285714285714,0.2631579041481018,0.2477443516254425,0.2432330846786499,0.24586467444896698
10,0.22894774006494564,11.342338562011719,17.530786514282227,8.630059242248535,0.40683335065841675,0.6754394769668579,89.29583740234375,18895.0,10.704158782958984,2265.0,0.0,0.0,0.0,0.0,0.0,0.0,5.347443580627441,7.729710578918457,4.235708713531494,0.8846558332443237,0.9409471750259399,99.07372283935547,5241.0,0.9262760281562805,49.0,0.0,0.0,0.0,0.0,0.0,0.0,10.474294662475586,15.540811538696289,8.051015853881836,0.5337663292884827,0.747234046459198,91.41777038574219,4836.0,8.582230567932129,454.0,0.0,0.0,0.0,0.0,0.0,0.0,13.779610633850098,20.236862182617188,10.41338062286377,0.20965009927749634,0.547426700592041,85.21739196777344,4508.0,14.782608985900879,782.0,0.0,0.0,0.0,0.0,0.0,0.0,15.7680082321167,22.77098846435547,11.820130348205566,-0.00046443939208984375,0.4079129695892334,81.47447967529297,4310.0,18.52552032470703,980.0,0.0,0.0,0.0,0.0,0.0,0.0,0.17153365910053253,0.11920291930437088,0.9778943657875061,0.902240514755249,0.6428571428571429,0.25438597798347473,0.24329572916030884,0.24655388295650482,0.2557644248008728
11,0.22665935580459404,11.322015762329102,17.53622817993164,8.617072105407715,0.40646499395370483,0.6776591539382935,89.08790588378906,18851.0,10.912097930908203,2309.0,0.0,0.0,0.0,0.0,0.0,0.0,5.318461894989014,7.635025978088379,4.21038818359375,0.8874642848968506,0.9426891207695007,99.18714904785156,5247.0,0.8128544092178345,43.0,0.0,0.0,0.0,0.0,0.0,0.0,10.439957618713379,15.489801406860352,8.02918815612793,0.5368219614028931,0.7506133317947388,91.3610610961914,4833.0,8.638941764831543,457.0,0.0,0.0,0.0,0.0,0.0,0.0,13.740946769714355,20.23136329650879,10.389636993408203,0.21007966995239258,0.5510812997817993,84.78260803222656,4485.0,15.217391014099121,805.0,0.0,0.0,0.0,0.0,0.0,0.0,15.788694381713867,22.859163284301758,11.839071273803711,-0.00822746753692627,0.40853145718574524,81.02079772949219,4286.0,18.979206085205078,1004.0,0.0,0.0,0.0,0.0,0.0,0.0,0.18300212919712067,0.11920291930437088,0.9783496856689453,0.8966331481933594,0.7142857142857143,0.24561403691768646,0.23884710669517517,0.24987469613552094,0.26566416025161743
12,0.2258375559669828,11.37765121459961,17.55050277709961,8.645989418029785,0.4054982662200928,0.6787043213844299,89.13043975830078,18860.0,10.8695650100708,2300.0,0.0,0.0,0.0,0.0,0.0,0.0,5.323935031890869,7.627445220947266,4.206559658050537,0.8876876831054688,0.9429991245269775,99.13043212890625,5244.0,0.8695651888847351,46.0,0.0,0.0,0.0,0.0,0.0,0.0,10.524434089660645,15.516483306884766,8.077337265014648,0.5352249145507812,0.7514298558235168,91.37996673583984,4834.0,8.620038032531738,456.0,0.0,0.0,0.0,0.0,0.0,0.0,13.803422927856445,20.236621856689453,10.424073219299316,0.20966893434524536,0.5537916421890259,85.066162109375,4500.0,14.933837890625,790.0,0.0,0.0,0.0,0.0,0.0,0.0,15.858814239501953,22.882761001586914,11.875990867614746,-0.010309934616088867,0.4091731011867523,80.94518280029297,4282.0,19.054821014404297,1008.0,0.0,0.0,0.0,0.0,0.0,0.0,0.18456865847110748,0.11920291930437088,0.9768559336662292,0.9078523516654968,0.7857142857142857,0.23684212565422058,0.2343984991312027,0.25319552421569824,0.27556392550468445
13,0.22436635093020688,11.390793800354004,17.600341796875,8.666485786437988,0.4021170139312744,0.6766457557678223,89.26275634765625,18888.0,10.737239837646484,2272.0,0.0,0.0,0.0,0.0,0.0,0.0,5.303077697753906,7.584432125091553,4.198287487030029,0.8889508247375488,0.9436360597610474,99.13043212890625,5244.0,0.8695651888847351,46.0,0.0,0.0,0.0,0.0,0.0,0.0,10.514668464660645,15.499820709228516,8.087008476257324,0.5362225770950317,0.7515898942947388,91.56900024414062,4844.0,8.431001663208008,446.0,0.0,0.0,0.0,0.0,0.0,0.0,13.831006050109863,20.296445846557617,10.4536771774292,0.20498919486999512,0.5497754812240601,85.12287139892578,4503.0,14.877126693725586,787.0,0.0,0.0,0.0,0.0,0.0,0.0,15.914422988891602,23.008136749267578,11.926969528198242,-0.021411418914794922,0.4022023379802704,81.22872924804688,4297.0,18.77126693725586,993.0,0.0,0.0,0.0,0.0,0.0,0.0,0.17668448388576508,0.11920291930437088,0.9679365754127502,0.9191222190856934,0.8571428571428571,0.22807016968727112,0.22994986176490784,0.25651630759239197,0.2854636609554291
14,0.22182765666141555,11.459758758544922,17.632774353027344,8.702545166015625,0.3999115228652954,0.6772639751434326,89.16352081298828,18867.0,10.8364839553833,2293.0,0.0,0.0,0.0,0.0,0.0,0.0,5.318913459777832,7.583713531494141,4.207883358001709,0.8889718651771545,0.9438628554344177,99.2249526977539,5249.0,0.775047242641449,41.0,0.0,0.0,0.0,0.0,0.0,0.0,10.543164253234863,15.470163345336914,8.097902297973633,0.5379956960678101,0.7536664605140686,91.4933853149414,4840.0,8.506616592407227,450.0,0.0,0.0,0.0,0.0,0.0,0.0,13.941289901733398,20.35805892944336,10.510855674743652,0.2001551389694214,0.54963219165802,84.87712860107422,4490.0,15.12287425994873,800.0,0.0,0.0,0.0,0.0,0.0,0.0,16.035667419433594,23.073137283325195,11.993539810180664,-0.0271909236907959,0.4023491442203522,81.05860137939453,4288.0,18.94139862060547,1002.0,0.0,0.0,0.0,0.0,0.0,0.0,0.1778179556131363,0.11920291930437088,0.9652599692344666,0.9311556816101074,0.9285714285714286,0.21929824352264404,0.22550123929977417,0.2598370909690857,0.2953633964061737
15,0.22082332388441878,11.54051399230957,17.81422996520996,8.750406265258789,0.3874972462654114,0.6719552278518677,88.97920989990234,18828.0,11.020793914794922,2332.0,0.0,0.0,0.0,0.0,0.0,0.0,5.320745944976807,7.595003128051758,4.205040454864502,0.8886410593986511,0.9437432289123535,99.18714904785156,5247.0,0.8128544092178345,43.0,0.0,0.0,0.0,0.0,0.0,0.0,10.582222938537598,15.579716682434082,8.118510246276855,0.5314290523529053,0.7509077787399292,91.55009460449219,4843.0,8.449905395507812,447.0,0.0,0.0,0.0,0.0,0.0,0.0,14.057145118713379,20.56255340576172,10.57936954498291,0.1840057373046875,0.5424678325653076,84.59356689453125,4475.0,15.406426429748535,815.0,0.0,0.0,0.0,0.0,0.0,0.0,16.201946258544922,23.369997024536133,12.098702430725098,-0.053792715072631836,0.39206305146217346,80.58601379394531,4263.0,19.41398811340332,1027.0,0.0,0.0,0.0,0.0,0.0,0.0,0.16923683881759644,0.11920291930437088,0.9564833045005798,0.9321889877319336,1.0,0.21052631735801697,0.2210526168346405,0.2631579041481018,0.3052631616592407
16,0.2152812750647522,11.538023948669434,17.874479293823242,8.751455307006836,0.3833470940589905,0.6688662767410278,88.96502685546875,18825.0,11.034971237182617,2335.0,0.0,0.0,0.0,0.0,0.0,0.0,5.315037727355957,7.629854202270508,4.198977947235107,0.8876166939735413,0.9431770443916321,99.14933776855469,5245.0,0.8506616353988647,45.0,0.0,0.0,0.0,0.0,0.0,0.0,10.622617721557617,15.673563003540039,8.149005889892578,0.5257670283317566,0.74741131067276,91.26654052734375,4828.0,8.73345947265625,462.0,0.0,0.0,0.0,0.0,0.0,0.0,14.065394401550293,20.65761947631836,10.589606285095215,0.17644309997558594,0.5368233919143677,84.536865234375,4472.0,15.46313762664795,818.0,0.0,0.0,0.0,0.0,0.0,0.0,16.149049758911133,23.396059036254883,12.068228721618652,-0.0561443567276001,0.39061570167541504,80.9073715209961,4280.0,19.092626571655273,1010.0,0.0,0.0,0.0,0.0,0.0,0.0,0.16894756257534027,0.11920291930437088,0.9543703198432922,0.9363642334938049,1.0,0.21052631735801697,0.2210526168346405,0.2631579041481018,0.3052631616592407
17,0.21220006429670715,11.51630687713623,17.8591365814209,8.742268562316895,0.38440537452697754,0.6695941090583801,89.28166961669922,18892.0,10.718337059020996,2268.0,0.0,0.0,0.0,0.0,0.0,0.0,5.298983573913574,7.587642669677734,4.184189319610596,0.8888567686080933,0.9438380002975464,99.18714904785156,5247.0,0.8128544092178345,43.0,0.0,0.0,0.0,0.0,0.0,0.0,10.600480079650879,15.621694564819336,8.137120246887207,0.5289006233215332,0.7493018507957458,91.55009460449219,4843.0,8.449905395507812,447.0,0.0,0.0,0.0,0.0,0.0,0.0,14.024457931518555,20.65082550048828,10.567219734191895,0.17698484659194946,0.5374606847763062,84.95274353027344,4494.0,15.047259330749512,796.0,0.0,0.0,0.0,0.0,0.0,0.0,16.141305923461914,23.403606414794922,12.080545425415039,-0.05682563781738281,0.39066624641418457,81.43667602539062,4308.0,18.56332778930664,982.0,0.0,0.0,0.0,0.0,0.0,0.0,0.17045001685619354,0.11920291930437088,0.9507262110710144,0.9363715648651123,1.0,0.21052631735801697,0.2210526168346405,0.2631579041481018,0.3052631616592407
18,0.2070799076803499,11.583651542663574,17.95315170288086,8.786455154418945,0.3779069185256958,0.6662729978561401,88.9272232055664,18817.0,11.072778701782227,2343.0,0.0,0.0,0.0,0.0,0.0,0.0,5.296767711639404,7.5948100090026855,4.182596683502197,0.8886467218399048,0.9436727166175842,99.18714904785156,5247.0,0.8128544092178345,43.0,0.0,0.0,0.0,0.0,0.0,0.0,10.650992393493652,15.702802658081055,8.172699928283691,0.5239959955215454,0.7464882731437683,91.1720199584961,4823.0,8.827977180480957,467.0,0.0,0.0,0.0,0.0,0.0,0.0,14.146211624145508,20.753137588500977,10.651819229125977,0.1688096523284912,0.5335538983345032,84.63137817382812,4477.0,15.368619918823242,813.0,0.0,0.0,0.0,0.0,0.0,0.0,16.240633010864258,23.543806076049805,12.138702392578125,-0.06952548027038574,0.384724885225296,80.71833801269531,4270.0,19.28166389465332,1020.0,0.0,0.0,0.0,0.0,0.0,0.0,0.1708727478981018,0.11920291930437088,0.9520928859710693,0.9421502947807312,1.0,0.21052631735801697,0.2210526168346405,0.2631579041481018,0.3052631616592407
19,0.20417923607841026,11.644243240356445,18.068878173828125,8.828566551208496,0.36986100673675537,0.6627481579780579,88.7051010131836,18770.0,11.294896125793457,2390.0,0.0,0.0,0.0,0.0,0.0,0.0,5.312987327575684,7.61928129196167,4.195435047149658,0.8879279494285583,0.9433879256248474,99.20604705810547,5248.0,0.7939507961273193,42.0,0.0,0.0,0.0,0.0,0.0,0.0,10.697473526000977,15.774164199829102,8.204466819763184,0.5196597576141357,0.7445693016052246,91.09640502929688,4819.0,8.90359115600586,471.0,0.0,0.0,0.0,0.0,0.0,0.0,14.208128929138184,20.874814987182617,10.689281463623047,0.15903431177139282,0.5292674899101257,84.19659423828125,4454.0,15.8034029006958,836.0,0.0,0.0,0.0,0.0,0.0,0.0,16.358383178710938,23.73398208618164,12.225079536437988,-0.08687365055084229,0.37646591663360596,80.32135772705078,4249.0,19.678638458251953,1041.0,0.0,0.0,0.0,0.0,0.0,0.0,0.16644103825092316,0.11920291930437088,0.952914297580719,0.9441176056861877,1.0,0.21052631735801697,0.2210526168346405,0.2631579041481018,0.3052631616592407
step,fold1/test_loss,fold1/test_mae,fold1/test_rmse,fold1/test_mard,fold1/test_r2,fold1/test_pearson,fold1/test_ega_zone_a_pct,fold1/test_ega_zone_a_count,fold1/test_ega_zone_b_pct,fold1/test_ega_zone_b_count,fold1/test_ega_zone_c_pct,fold1/test_ega_zone_c_count,fold1/test_ega_zone_d_pct,fold1/test_ega_zone_d_count,fold1/test_ega_zone_e_pct,fold1/test_ega_zone_e_count,fold1/test_horizon_15_mae,fold1/test_horizon_15_rmse,fold1/test_horizon_15_mard,fold1/test_horizon_15_r2,fold1/test_horizon_15_pearson,fold1/test_horizon_15_ega_zone_a_pct,fold1/test_horizon_15_ega_zone_a_count,fold1/test_horizon_15_ega_zone_b_pct,fold1/test_horizon_15_ega_zone_b_count,fold1/test_horizon_15_ega_zone_c_pct,fold1/test_horizon_15_ega_zone_c_count,fold1/test_horizon_15_ega_zone_d_pct,fold1/test_horizon_15_ega_zone_d_count,fold1/test_horizon_15_ega_zone_e_pct,fold1/test_horizon_15_ega_zone_e_count,fold1/test_horizon_30_mae,fold1/test_horizon_30_rmse,fold1/test_horizon_30_mard,fold1/test_horizon_30_r2,fold1/test_horizon_30_pearson,fold1/test_horizon_30_ega_zone_a_pct,fold1/test_horizon_30_ega_zone_a_count,fold1/test_horizon_30_ega_zone_b_pct,fold1/test_horizon_30_ega_zone_b_count,fold1/test_horizon_30_ega_zone_c_pct,fold1/test_horizon_30_ega_zone_c_count,fold1/test_horizon_30_ega_zone_d_pct,fold1/test_horizon_30_ega_zone_d_count,fold1/test_horizon_30_ega_zone_e_pct,fold1/test_horizon_30_ega_zone_e_count,fold1/test_horizon_45_mae,fold1/test_horizon_45_rmse,fold1/test_horizon_45_mard,fold1/test_horizon_45_r2,fold1/test_horizon_45_pearson,fold1/test_horizon_45_ega_zone_a_pct,fold1/test_horizon_45_ega_zone_a_count,fold1/test_horizon_45_ega_zone_b_pct,fold1/test_horizon_45_ega_zone_b_count,fold1/test_horizon_45_ega_zone_c_pct,fold1/test_horizon_45_ega_zone_c_count,fold1/test_horizon_45_ega_zone_d_pct,fold1/test_horizon_45_ega_zone_d_count,fold1/test_horizon_45_ega_zone_e_pct,fold1/test_horizon_45_ega_zone_e_count,fold1/test_horizon_60_mae,fold1/test_horizon_60_rmse,fold1/test_horizon_60_mard,fold1/test_horizon_60_r2,fold1/test_horizon_60_pearson,fold1/test_horizon_60_ega_zone_a_pct,fold1/test_horizon_60_ega_zone_a_count,fold1/test_horizon_60_ega_zone_b_pct,fold1/test_horizon_60_ega_zone_b_count,fold1/test_horizon_60_ega_zone_c_pct,fold1/test_horizon_60_ega_zone_c_count,fold1/test_horizon_60_ega_zone_d_pct,fold1/test_horizon_60_ega_zone_d_count,fold1/test_horizon_60_ega_zone_e_pct,fold1/test_horizon_60_ega_zone_e_count
0,0.21728517924361296,8.712617874145508,12.42337703704834,8.124117851257324,0.40080511569976807,0.650235652923584,91.82115936279297,6736.0,8.069792747497559,592.0,0.0,0.0,0.10905124992132187,8.0,0.0,0.0,4.775468349456787,6.632843971252441,4.50468111038208,0.8273276090621948,0.9129498600959778,98.6913833618164,1810.0,1.19956374168396,22.0,0.0,0.0,0.10905124992132187,2.0,0.0,0.0,8.547721862792969,11.947724342346191,7.980618000030518,0.443758487701416,0.6837403774261475,92.52999114990234,1697.0,7.360960006713867,135.0,0.0,0.0,0.10905124992132187,2.0,0.0,0.0,10.249167442321777,14.164251327514648,9.548110961914062,0.22389614582061768,0.5122529864311218,89.31297302246094,1638.0,10.577971458435059,194.0,0.0,0.0,0.10905124992132187,2.0,0.0,0.0,11.278109550476074,15.165501594543457,10.463065147399902,0.11675673723220825,0.4108370542526245,86.75027465820312,1591.0,13.14067554473877,241.0,0.0,0.0,0.10905124992132187,2.0,0.0,0.0
step,fold2/train_loss,fold2/val_mae,fold2/val_rmse,fold2/val_mard,fold2/val_r2,fold2/val_pearson,fold2/val_ega_zone_a_pct,fold2/val_ega_zone_a_count,fold2/val_ega_zone_b_pct,fold2/val_ega_zone_b_count,fold2/val_ega_zone_c_pct,fold2/val_ega_zone_c_count,fold2/val_ega_zone_d_pct,fold2/val_ega_zone_d_count,fold2/val_ega_zone_e_pct,fold2/val_ega_zone_e_count,fold2/val_horizon_15_mae,fold2/val_horizon_15_rmse,fold2/val_horizon_15_mard,fold2/val_horizon_15_r2,fold2/val_horizon_15_pearson,fold2/val_horizon_15_ega_zone_a_pct,fold2/val_horizon_15_ega_zone_a_count,fold2/val_horizon_15_ega_zone_b_pct,fold2/val_horizon_15_ega_zone_b_count,fold2/val_horizon_15_ega_zone_c_pct,fold2/val_horizon_15_ega_zone_c_count,fold2/val_horizon_15_ega_zone_d_pct,fold2/val_horizon_15_ega_zone_d_count,fold2/val_horizon_15_ega_zone_e_pct,fold2/val_horizon_15_ega_zone_e_count,fold2/val_horizon_30_mae,fold2/val_horizon_30_rmse,fold2/val_horizon_30_mard,fold2/val_horizon_30_r2,fold2/val_horizon_30_pearson,fold2/val_horizon_30_ega_zone_a_pct,fold2/val_horizon_30_ega_zone_a_count,fold2/val_horizon_30_ega_zone_b_pct,fold2/val_horizon_30_ega_zone_b_count,fold2/val_horizon_30_ega_zone_c_pct,fold2/val_horizon_30_ega_zone_c_count,fold2/val_horizon_30_ega_zone_d_pct,fold2/val_horizon_30_ega_zone_d_count,fold2/val_horizon_30_ega_zone_e_pct,fold2/val_horizon_30_ega_zone_e_count,fold2/val_horizon_45_mae,fold2/val_horizon_45_rmse,fold2/val_horizon_45_mard,fold2/val_horizon_45_r2,fold2/val_horizon_45_pearson,fold2/val_horizon_45_ega_zone_a_pct,fold2/val_horizon_45_ega_zone_a_count,fold2/val_horizon_45_ega_zone_b_pct,fold2/val_horizon_45_ega_zone_b_count,fold2/val_horizon_45_ega_zone_c_pct,fold2/val_horizon_45_ega_zone_c_count,fold2/val_horizon_45_ega_zone_d_pct,fold2/val_horizon_45_ega_zone_d_count,fold2/val_horizon_45_ega_zone_e_pct,fold2/val_horizon_45_ega_zone_e_count,fold2/val_horizon_60_mae,fold2/val_horizon_60_rmse,fold2/val_horizon_60_mard,fold2/val_horizon_60_r2,fold2/val_horizon_60_pearson,fold2/val_horizon_60_ega_zone_a_pct,fold2/val_horizon_60_ega_zone_a_count,fold2/val_horizon_60_ega_zone_b_pct,fold2/val_horizon_60_ega_zone_b_count,fold2/val_horizon_60_ega_zone_c_pct,fold2/val_horizon_60_ega_zone_c_count,fold2/val_horizon_60_ega_zone_d_pct,fold2/val_horizon_60_ega_zone_d_count,fold2/val_horizon_60_ega_zone_e_pct,fold2/val_horizon_60_ega_zone_e_count,fold2/diag_horizon_query_similarity,fold2/diag_horizon_progressive_gate,fold2/diag_horizon_attention_similarity,fold2/diag_horizon_attention_entropy,fold2/diag_horizon_curriculum_progress,fold2/diag_loss_horizon_weight_0,fold2/diag_loss_horizon_weight_1,fold2/diag_loss_horizon_weight_2,fold2/diag_loss_horizon_weight_3
1,0.23568396822777374,12.21625804901123,19.353302001953125,11.080781936645508,0.3362162113189697,0.6431339979171753,83.87711334228516,14088.0,14.979757308959961,2516.0,0.005953798536211252,1.0,1.1312217712402344,190.0,0.005953798536211252,1.0,7.354117393493652,11.173267364501953,6.630003452301025,0.780113935470581,0.8867993354797363,94.21290588378906,3956.0,5.334603309631348,224.0,0.0,0.0,0.4524887204170227,19.0,0.0,0.0,11.611712455749512,17.61745262145996,10.447871208190918,0.45172417163848877,0.7065557837486267,84.7582778930664,3559.0,14.241486549377441,598.0,0.0,0.0,1.000238060951233,42.0,0.0,0.0,14.079780578613281,21.5175838470459,12.778179168701172,0.1768072247505188,0.5488852262496948,79.73326873779297,3348.0,18.814002990722656,790.0,0.0,0.0,1.4527268409729004,61.0,0.0,0.0,15.819422721862793,24.49445343017578,14.46707820892334,-0.06994414329528809,0.4070929288864136,76.80400085449219,3225.0,21.528934478759766,904.0,0.02381519414484501,1.0,1.6194332838058472,68.0,0.02381519414484501,1.0,-0.019875017926096916,0.11920291930437088,0.9999480843544006,0.999975323677063,0.0,0.3333333432674408,0.28333333134651184,0.21666665375232697,0.1666666716337204
2,0.23323916140272224,11.992706298828125,18.950786590576172,10.879584312438965,0.36354029178619385,0.6457496881484985,84.56179809570312,14203.0,14.24743938446045,2393.0,0.0,0.0,1.1907596588134766,200.0,0.0,0.0,7.334235191345215,11.053412437438965,6.637674331665039,0.7848060131072998,0.8874257802963257,94.23672485351562,3957.0,5.215527534484863,219.0,0.0,0.0,0.5477494597434998,23.0,0.0,0.0,11.475924491882324,17.373254776000977,10.342055320739746,0.46681833267211914,0.7060503959655762,85.28221130371094,3581.0,13.646106719970703,573.0,0.0,0.0,1.071683645248413,45.0,0.0,0.0,13.793289184570312,21.085054397583008,12.511296272277832,0.20956885814666748,0.548067569732666,80.56680297851562,3383.0,17.93284034729004,753.0,0.0,0.0,1.5003572702407837,63.0,0.0,0.0,15.367382049560547,23.831525802612305,14.02730941772461,-0.012813091278076172,0.4072751998901367,78.16146850585938,3282.0,20.195283889770508,848.0,0.0,0.0,1.643248438835144,69.0,0.0,0.0,-0.017983151599764824,0.11920291930437088,0.9995719790458679,0.999849259853363,0.07142857142857142,0.3245614171028137,0.2788847088813782,0.21998745203018188,0.17656642198562622
3,0.2336281065809659,11.951623916625977,18.882034301757812,10.84931755065918,0.36814993619918823,0.6457341909408569,84.436767578125,14182.0,14.36651611328125,2413.0,0.0,0.0,1.1967134475708008,201.0,0.0,0.0,7.332119464874268,10.98885440826416,6.646727561950684,0.787312388420105,0.8884060382843018,94.16527557373047,3954.0,5.263157844543457,221.0,0.0,0.0,0.5715646743774414,24.0,0.0,0.0,11.456343650817871,17.361045837402344,10.331287384033203,0.46756744384765625,0.7055243253707886,85.16313171386719,3576.0,13.765181541442871,578.0,0.0,0.0,1.071683645248413,45.0,0.0,0.0,13.733142852783203,21.016145706176758,12.462019920349121,0.214726984500885,0.546213686466217,80.37628173828125,3375.0,18.123363494873047,761.0,0.0,0.0,1.5003572702407837,63.0,0.0,0.0,15.284886360168457,23.712566375732422,13.957233428955078,-0.002727031707763672,0.4052802622318268,78.04239654541016,3277.0,20.314361572265625,853.0,0.0,0.0,1.643248438835144,69.0,0.0,0.0,-0.016824204474687576,0.11920291930437088,0.9955456852912903,0.9981535077095032,0.14285714285714285,0.31578949093818665,0.2744360864162445,0.223308265209198,0.18646617233753204
4,0.2295164607733884,11.869852066040039,18.74480628967285,10.78160285949707,0.3773006796836853,0.6473971605300903,84.7225570678711,14230.0,14.080733299255371,2365.0,0.0,0.0,1.1967134475708008,201.0,0.0,0.0,7.235636234283447,10.774703025817871,6.57444429397583,0.7955213785171509,0.8925796151161194,94.49868774414062,3968.0,4.9535603523254395,208.0,0.0,0.0,0.5477494597434998,23.0,0.0,0.0,11.378840446472168,17.200471878051758,10.267313957214355,0.4773709177970886,0.7076616287231445,85.37747192382812,3585.0,13.527029991149902,568.0,0.0,0.0,1.0954989194869995,46.0,0.0,0.0,13.670124053955078,20.90781021118164,12.409294128417969,0.22280210256576538,0.5455517768859863,80.54298400878906,3382.0,17.956655502319336,754.0,0.0,0.0,1.5003572702407837,63.0,0.0,0.0,15.194805145263672,23.587793350219727,13.875357627868652,0.007797658443450928,0.40230095386505127,78.47106170654297,3295.0,19.88568687438965,835.0,0.0,0.0,1.643248438835144,69.0,0.0,0.0,0.0007687496836297214,0.11920291930437088,0.9942452311515808,0.9933361411094666,0.21428571428571427,0.30701756477355957,0.26998746395111084,0.22662906348705292,0.19636592268943787
5,0.22442776092541963,11.668071746826172,18.357316970825195,10.59839916229248,0.4027792811393738,0.6600564122200012,85.23458099365234,14316.0,13.58061408996582,2281.0,0.0,0.0,1.184805989265442,199.0,0.0,0.0,6.803892612457275,10.064992904663086,6.212034225463867,0.8215714693069458,0.9067752957344055,95.52274322509766,4011.0,4.000952243804932,168.0,0.0,0.0,0.4763038754463196,20.0,0.0,0.0,11.195989608764648,16.763469696044922,10.11181354522705,0.5035898685455322,0.720957338809967,85.87759399414062,3606.0,13.003095626831055,546.0,0.0,0.0,1.119314193725586,47.0,0.0,0.0,13.5874662399292,20.608776092529297,12.317374229431152,0.2448747754096985,0.5536699891090393,81.04310607910156,3403.0,17.4565372467041,733.0,0.0,0.0,1.5003572702407837,63.0,0.0,0.0,15.084936141967773,23.257789611816406,13.752372741699219,0.035366177558898926,0.4100610017776489,78.49488067626953,3296.0,19.86187171936035,834.0,0.0,0.0,1.643248438835144,69.0,0.0,0.0,0.026712454855442047,0.11920291930437088,0.9960044026374817,0.9786229729652405,0.2857142857142857,0.2982456088066101,0.2655388414859772,0.22994986176490784,0.2062656730413437
6,0.22144120005321682,11.480587005615234,18.17791748046875,10.414144515991211,0.4143950343132019,0.6691372394561768,85.58585357666016,14375.0,13.28292465209961,2231.0,0.0,0.0,1.1312217712402344,190.0,0.0,0.0,6.469061851501465,9.570602416992188,5.912530422210693,0.8386697173118591,0.9163835048675537,96.28482818603516,4043.0,3.3341269493103027,140.0,0.0,0.0,0.38104310631752014,16.0,0.0,0.0,10.981037139892578,16.47243309020996,9.904175758361816,0.5206769704818726,0.7333835363388062,86.30625915527344,3624.0,12.622052192687988,530.0,0.0,0.0,1.071683645248413,45.0,0.0,0.0,13.471444129943848,20.4945068359375,12.186432838439941,0.2532253861427307,0.5602645874023438,81.37651824951172,3417.0,17.17075538635254,721.0,0.0,0.0,1.4527268409729004,61.0,0.0,0.0,15.00080394744873,23.211734771728516,13.653437614440918,0.03918272256851196,0.4129982590675354,78.37580108642578,3291.0,20.004762649536133,840.0,0.0,0.0,1.6194332838058472,68.0,0.0,0.0,0.06045714020729065,0.11920291930437088,0.9916974902153015,0.9609850645065308,0.35714285714285715,0.28947368264198303,0.2610902190208435,0.23327067494392395,0.2161654233932495
7,0.2187863041938369,11.399565696716309,18.1197452545166,10.328132629394531,0.4181371331214905,0.6726709008216858,85.65729522705078,14387.0,13.211478233337402,2219.0,0.0,0.0,1.1312217712402344,190.0,0.0,0.0,6.338056564331055,9.369733810424805,5.7942657470703125,0.8453707098960876,0.9206224679946899,96.23719787597656,4041.0,3.3579423427581787,141.0,0.0,0.0,0.4048583209514618,17.0,0.0,0.0,10.897382736206055,16.373302459716797,9.817719459533691,0.5264286994934082,0.7380970120429993,86.49678039550781,3632.0,12.431530952453613,522.0,0.0,0.0,1.071683645248413,45.0,0.0,0.0,13.416420936584473,20.460386276245117,12.118249893188477,0.2557099461555481,0.5620176196098328,81.4717788696289,3421.0,17.099308013916016,718.0,0.0,0.0,1.4289116859436035,60.0,0.0,0.0,14.946401596069336,23.21198844909668,13.582290649414062,0.03916168212890625,0.41183242201805115,78.42343139648438,3293.0,19.95713233947754,838.0,0.0,0.0,1.6194332838058472,68.0,0.0,0.0,0.08347544819116592,0.11920291930437088,0.985633134841919,0.945850133895874,0.42857142857142855,0.28070175647735596,0.25664159655570984,0.23659147322177887,0.22606515884399414
8,0.21585749246929356,11.351365089416504,17.990087509155273,10.284340858459473,0.42643457651138306,0.6761575937271118,85.68707275390625,14392.0,13.199570655822754,2217.0,0.0,0.0,1.1133602857589722,187.0,0.0,0.0,6.1996307373046875,9.081854820251465,5.684309959411621,0.8547264933586121,0.9253939986228943,96.52297973632812,4053.0,3.095975160598755,130.0,0.0,0.0,0.38104310631752014,16.0,0.0,0.0,10.870121955871582,16.202482223510742,9.813443183898926,0.5362585783004761,0.7430798411369324,86.3777084350586,3627.0,12.598237037658691,529.0,0.0,0.0,1.0240533351898193,43.0,0.0,0.0,13.389283180236816,20.361719131469727,12.084412574768066,0.2628711462020874,0.5631874203681946,81.18599700927734,3409.0,17.38509178161621,730.0,0.0,0.0,1.4289116859436035,60.0,0.0,0.0,14.946426391601562,23.129474639892578,13.555198669433594,0.045980751514434814,0.40979576110839844,78.66158294677734,3303.0,19.71898078918457,828.0,0.0,0.0,1.6194332838058472,68.0,0.0,0.0,0.09704811125993729,0.11920291930437088,0.9892983436584473,0.9400216341018677,0.5,0.2719298303127289,0.25219297409057617,0.2399122714996338,0.23596492409706116
9,0.21519367399093547,11.347445487976074,17.954322814941406,10.283504486083984,0.42871278524398804,0.6775856018066406,85.76446533203125,14405.0,13.116218566894531,2203.0,0.0,0.0,1.119314193725586,188.0,0.0,0.0,6.136258602142334,8.994397163391113,5.631255149841309,0.8575109243392944,0.9268518090248108,96.61824035644531,4057.0,3.0007145404815674,126.0,0.0,0.0,0.38104310631752014,16.0,0.0,0.0,10.856757164001465,16.15565299987793,9.806437492370605,0.5389354228973389,0.7450279593467712,86.7825698852539,3644.0,12.169564247131348,511.0,0.0,0.0,1.0478686094284058,44.0,0.0,0.0,13.439485549926758,20.363561630249023,12.133807182312012,0.2627376914024353,0.563535213470459,81.16217803955078,3408.0,17.408906936645508,731.0,0.0,0.0,1.4289116859436035,60.0,0.0,0.0,14.957279205322266,23.08358383178711,13.562517166137695,0.04976266622543335,0.41060543060302734,78.49488067626953,3296.0,19.88568687438965,835.0,0.0,0.0,1.6194332838058472,68.0,0.0,0.0,0.10681942105293274,0.11920291930437088,0.9936404824256897,0.9465963840484619,0.5714285714285714,0.2631579041481018,0.2477443516254425,0.2432330846786499,0.24586467444896698
10,0.21298301056508095,11.290128707885742,17.82651710510254,10.218377113342285,0.4368170499801636,0.6811902523040771,85.91331481933594,14430.0,12.967373847961426,2178.0,0.0,0.0,1.119314193725586,188.0,0.0,0.0,6.080136299133301,8.876197814941406,5.586684226989746,0.8612313866615295,0.9287765622138977,96.78495025634766,4064.0,2.834007978439331,119.0,0.0,0.0,0.38104310631752014,16.0,0.0,0.0,10.798675537109375,16.04309844970703,9.754720687866211,0.5453373193740845,0.7483382225036621,86.8302001953125,3646.0,12.098118782043457,508.0,0.0,0.0,1.071683645248413,45.0,0.0,0.0,13.354452133178711,20.203317642211914,12.031452178955078,0.27429521083831787,0.5683529376983643,81.42414855957031,3419.0,17.17075538635254,721.0,0.0,0.0,1.405096411705017,59.0,0.0,0.0,14.927248001098633,22.952056884765625,13.500650405883789,0.06056058406829834,0.4112110435962677,78.61395263671875,3301.0,19.766611099243164,830.0,0.0,0.0,1.6194332838058472,68.0,0.0,0.0,0.11484455317258835,0.11920291930437088,0.9914970993995667,0.9464222192764282,0.6428571428571429,0.25438597798347473,0.24329572916030884,0.24655388295650482,0.2557644248008728
11,0.2129979799888618,11.302803039550781,17.82822608947754,10.242955207824707,0.43670910596847534,0.681618332862854,85.78828430175781,14409.0,13.098356246948242,2200.0,0.0,0.0,1.1133602857589722,187.0,0.0,0.0,6.045922756195068,8.833024024963379,5.553772449493408,0.8625780344009399,0.9295677542686462,96.78495025634766,4064.0,2.857823371887207,120.0,0.0,0.0,0.3572279214859009,15.0,0.0,0.0,10.804097175598145,16.024812698364258,9.771428108215332,0.5463731288909912,0.7491967678070068,86.71112060546875,3641.0,12.217194557189941,513.0,0.0,0.0,1.071683645248413,45.0,0.0,0.0,13.386575698852539,20.220409393310547,12.081328392028809,0.2730668783187866,0.5683771967887878,81.35270690917969,3416.0,17.24220085144043,724.0,0.0,0.0,1.405096411705017,59.0,0.0,0.0,14.974615097045898,22.971738815307617,13.56529712677002,0.058948636054992676,0.4115700423717499,78.30435943603516,3288.0,20.076210021972656,843.0,0.0,0.0,1.6194332838058472,68.0,0.0,0.0,0.12372642755508423,0.11920291930437088,0.9916391968727112,0.9444789886474609,0.7142857142857143,0.24561403691768646,0.23884710669517517,0.24987469613552094,0.26566416025161743
12,0.2118935734429441,11.336246490478516,17.870874404907227,10.264541625976562,0.43401092290878296,0.6806697249412537,85.90735626220703,14429.0,12.979280471801758,2180.0,0.0,0.0,1.1133602857589722,187.0,0.0,0.0,6.054927825927734,8.836498260498047,5.561264514923096,0.8624699115753174,0.9295647144317627,96.92784118652344,4070.0,2.7149322032928467,114.0,0.0,0.0,0.3572279214859009,15.0,0.0,0.0,10.821930885314941,16.028030395507812,9.78701114654541,0.5461909770965576,0.7492880821228027,86.85401153564453,3647.0,12.07430362701416,507.0,0.0,0.0,1.071683645248413,45.0,0.0,0.0,13.413434028625488,20.25979232788086,12.09222412109375,0.27023249864578247,0.5676349401473999,81.37651824951172,3417.0,17.218385696411133,723.0,0.0,0.0,1.405096411705017,59.0,0.0,0.0,15.054697036743164,23.065814971923828,13.617666244506836,0.05122500658035278,0.409834623336792,78.47106170654297,3295.0,19.909502029418945,836.0,0.0,0.0,1.6194332838058472,68.0,0.0,0.0,0.12439647316932678,0.11920291930437088,0.9905653595924377,0.9530578255653381,0.7857142857142857,0.23684212565422058,0.2343984991312027,0.25319552421569824,0.27556392550468445
13,0.2109283326077054,11.305168151855469,17.882055282592773,10.242559432983398,0.4333024024963379,0.681738018989563,85.89544677734375,14427.0,12.991188049316406,2182.0,0.0,0.0,1.1133602857589722,187.0,0.0,0.0,6.024574279785156,8.825883865356445,5.535287857055664,0.862800121307373,0.9298202991485596,96.88021087646484,4068.0,2.7387473583221436,115.0,0.0,0.0,0.38104310631752014,16.0,0.0,0.0,10.778721809387207,16.04071807861328,9.746790885925293,0.5454722046852112,0.7501776814460754,86.99691009521484,3653.0,11.955227851867676,502.0,0.0,0.0,1.0478686094284058,44.0,0.0,0.0,13.366140365600586,20.272064208984375,12.061091423034668,0.2693480849266052,0.5701857209205627,81.2098159790039,3410.0,17.38509178161621,730.0,0.0,0.0,1.405096411705017,59.0,0.0,0.0,15.051237106323242,23.084936141967773,13.627068519592285,0.049651384353637695,0.41270503401756287,78.49488067626953,3296.0,19.88568687438965,835.0,0.0,0.0,1.6194332838058472,68.0,0.0,0.0,0.12384410947561264,0.11920291930437088,0.9896208643913269,0.9586472511291504,0.8571428571428571,0.22807016968727112,0.22994986176490784,0.25651630759239197,0.2854636609554291
14,0.2086196175562589,11.35820198059082,17.955419540405273,10.283398628234863,0.42864298820495605,0.6780414581298828,85.84781646728516,14419.0,13.026910781860352,2188.0,0.0,0.0,1.1252678632736206,189.0,0.0,0.0,6.045056343078613,8.846488952636719,5.558039665222168,0.8621587753295898,0.9292367696762085,96.85639190673828,4067.0,2.7625625133514404,116.0,0.0,0.0,0.38104310631752014,16.0,0.0,0.0,10.827491760253906,16.090560913085938,9.789274215698242,0.5426431894302368,0.7474133968353271,86.75875091552734,3643.0,12.169564247131348,511.0,0.0,0.0,1.071683645248413,45.0,0.0,0.0,13.432530403137207,20.377262115478516,12.107236862182617,0.2617453336715698,0.5642436742782593,81.32888793945312,3415.0,17.24220085144043,724.0,0.0,0.0,1.4289116859436035,60.0,0.0,0.0,15.127729415893555,23.177339553833008,13.679043769836426,0.042028069496154785,0.4077705144882202,78.44725036621094,3294.0,19.933317184448242,837.0,0.0,0.0,1.6194332838058472,68.0,0.0,0.0,0.1302269697189331,0.11920291930437088,0.9884217381477356,0.9626595973968506,0.9285714285714286,0.21929824352264404,0.22550123929977417,0.2598370909690857,0.2953633964061737
15,0.20696617083259958,11.38898754119873,18.03720474243164,10.290193557739258,0.42342621088027954,0.6747812628746033,85.6156234741211,14380.0,13.259109497070312,2227.0,0.0,0.0,1.1252678632736206,189.0,0.0,0.0,6.043134689331055,8.872682571411133,5.550666809082031,0.8613412976264954,0.9288124442100525,96.61824035644531,4057.0,3.0245296955108643,127.0,0.0,0.0,0.3572279214859009,15.0,0.0,0.0,10.836350440979004,16.16238021850586,9.772944450378418,0.5385512113571167,0.7448973655700684,86.8778305053711,3648.0,12.02667236328125,505.0,0.0,0.0,1.0954989194869995,46.0,0.0,0.0,13.479373931884766,20.481830596923828,12.119028091430664,0.2541489601135254,0.5589242577552795,80.92402648925781,3398.0,17.647058486938477,741.0,0.0,0.0,1.4289116859436035,60.0,0.0,0.0,15.197091102600098,23.278972625732422,13.718133926391602,0.033608198165893555,0.4016627371311188,78.04239654541016,3277.0,20.338176727294922,854.0,0.0,0.0,1.6194332838058472,68.0,0.0,0.0,0.131373792886734,0.11920291930437088,0.9858395457267761,0.9640098810195923,1.0,0.21052631735801697,0.2210526168346405,0.2631579041481018,0.3052631616592407
16,0.20325182370940467,11.39404582977295,18.046024322509766,10.29456615447998,0.42286211252212524,0.6748313903808594,85.70492553710938,14395.0,13.16980266571045,2212.0,0.0,0.0,1.1252678632736206,189.0,0.0,0.0,6.057845115661621,8.907822608947754,5.5612077713012695,0.8602408170700073,0.9282627105712891,96.6658706665039,4059.0,2.9768991470336914,125.0,0.0,0.0,0.3572279214859009,15.0,0.0,0.0,10.864457130432129,16.19867515563965,9.799836158752441,0.5364764928817749,0.7438567876815796,86.71112060546875,3641.0,12.217194557189941,513.0,0.0,0.0,1.071683645248413,45.0,0.0,0.0,13.48693561553955,20.474960327148438,12.128152847290039,0.25464922189712524,0.5599856376647949,81.019287109375,3402.0,17.527982711791992,736.0,0.0,0.0,1.4527268409729004,61.0,0.0,0.0,15.166948318481445,23.273714065551758,13.689069747924805,0.03404480218887329,0.4037172794342041,78.42343139648438,3293.0,19.95713233947754,838.0,0.0,0.0,1.6194332838058472,68.0,0.0,0.0,0.13039915263652802,0.11920291930437088,0.9861021041870117,0.9626975059509277,1.0,0.21052631735801697,0.2210526168346405,0.2631579041481018,0.3052631616592407
17,0.19851655591371165,11.422423362731934,18.103532791137695,10.308889389038086,0.4191778898239136,0.6742518544197083,85.46082305908203,14354.0,13.413908004760742,2253.0,0.005953798536211252,1.0,1.1133602857589722,187.0,0.005953798536211252,1.0,6.0666093826293945,8.902491569519043,5.562709808349609,0.8604080677032471,0.9285003542900085,96.61824035644531,4057.0,3.0007145404815674,126.0,0.0,0.0,0.38104310631752014,16.0,0.0,0.0,10.898329734802246,16.23886489868164,9.816619873046875,0.5341735482215881,0.7437905669212341,86.80638122558594,3645.0,12.14574909210205,510.0,0.0,0.0,1.0478686094284058,44.0,0.0,0.0,13.505501747131348,20.546627044677734,12.12826919555664,0.2494223713874817,0.5595663189888,80.54298400878906,3382.0,18.028100967407227,757.0,0.0,0.0,1.4289116859436035,60.0,0.0,0.0,15.219256401062012,23.36306381225586,13.727959632873535,0.02661377191543579,0.40316373109817505,77.87568664550781,3270.0,20.48106575012207,860.0,0.02381519414484501,1.0,1.5956180095672607,67.0,0.02381519414484501,1.0,0.12338969856500626,0.11920291930437088,0.9848144054412842,0.9658954739570618,1.0,0.21052631735801697,0.2210526168346405,0.2631579041481018,0.3052631616592407
18,0.19489836999881427,11.417757034301758,18.118854522705078,10.323880195617676,0.4181942939758301,0.6736871600151062,85.50250244140625,14361.0,13.372232437133789,2246.0,0.005953798536211252,1.0,1.107406497001648,186.0,0.011907597072422504,2.0,6.057536602020264,8.890357971191406,5.559206962585449,0.8607882857322693,0.928666889667511,96.7135009765625,4061.0,2.9292690753936768,123.0,0.0,0.0,0.3572279214859009,15.0,0.0,0.0,10.897574424743652,16.255767822265625,9.831137657165527,0.5332033634185791,0.7433322072029114,86.68730926513672,3640.0,12.241009712219238,514.0,0.0,0.0,1.071683645248413,45.0,0.0,0.0,13.51463794708252,20.547954559326172,12.164950370788574,0.24932533502578735,0.5593442916870117,80.8049545288086,3393.0,17.76613426208496,746.0,0.0,0.0,1.4289116859436035,60.0,0.0,0.0,15.201281547546387,23.402236938476562,13.740226745605469,0.023346900939941406,0.40158161520957947,77.80423736572266,3267.0,20.552513122558594,863.0,0.02381519414484501,1.0,1.5718028545379639,66.0,0.04763038828969002,2.0,0.12069439142942429,0.11920291930437088,0.9823431968688965,0.9653545022010803,1.0,0.21052631735801697,0.2210526168346405,0.2631579041481018,0.3052631616592407
step,fold2/test_loss,fold2/test_mae,fold2/test_rmse,fold2/test_mard,fold2/test_r2,fold2/test_pearson,fold2/test_ega_zone_a_pct,fold2/test_ega_zone_a_count,fold2/test_ega_zone_b_pct,fold2/test_ega_zone_b_count,fold2/test_ega_zone_c_pct,fold2/test_ega_zone_c_count,fold2/test_ega_zone_d_pct,fold2/test_ega_zone_d_count,fold2/test_ega_zone_e_pct,fold2/test_ega_zone_e_count,fold2/test_horizon_15_mae,fold2/test_horizon_15_rmse,fold2/test_horizon_15_mard,fold2/test_horizon_15_r2,fold2/test_horizon_15_pearson,fold2/test_horizon_15_ega_zone_a_pct,fold2/test_horizon_15_ega_zone_a_count,fold2/test_horizon_15_ega_zone_b_pct,fold2/test_horizon_15_ega_zone_b_count,fold2/test_horizon_15_ega_zone_c_pct,fold2/test_horizon_15_ega_zone_c_count,fold2/test_horizon_15_ega_zone_d_pct,fold2/test_horizon_15_ega_zone_d_count,fold2/test_horizon_15_ega_zone_e_pct,fold2/test_horizon_15_ega_zone_e_count,fold2/test_horizon_30_mae,fold2/test_horizon_30_rmse,fold2/test_horizon_30_mard,fold2/test_horizon_30_r2,fold2/test_horizon_30_pearson,fold2/test_horizon_30_ega_zone_a_pct,fold2/test_horizon_30_ega_zone_a_count,fold2/test_horizon_30_ega_zone_b_pct,fold2/test_horizon_30_ega_zone_b_count,fold2/test_horizon_30_ega_zone_c_pct,fold2/test_horizon_30_ega_zone_c_count,fold2/test_horizon_30_ega_zone_d_pct,fold2/test_horizon_30_ega_zone_d_count,fold2/test_horizon_30_ega_zone_e_pct,fold2/test_horizon_30_ega_zone_e_count,fold2/test_horizon_45_mae,fold2/test_horizon_45_rmse,fold2/test_horizon_45_mard,fold2/test_horizon_45_r2,fold2/test_horizon_45_pearson,fold2/test_horizon_45_ega_zone_a_pct,fold2/test_horizon_45_ega_zone_a_count,fold2/test_horizon_45_ega_zone_b_pct,fold2/test_horizon_45_ega_zone_b_count,fold2/test_horizon_45_ega_zone_c_pct,fold2/test_horizon_45_ega_zone_c_count,fold2/test_horizon_45_ega_zone_d_pct,fold2/test_horizon_45_ega_zone_d_count,fold2/test_horizon_45_ega_zone_e_pct,fold2/test_horizon_45_ega_zone_e_count,fold2/test_horizon_60_mae,fold2/test_horizon_60_rmse,fold2/test_horizon_60_mard,fold2/test_horizon_60_r2,fold2/test_horizon_60_pearson,fold2/test_horizon_60_ega_zone_a_pct,fold2/test_horizon_60_ega_zone_a_count,fold2/test_horizon_60_ega_zone_b_pct,fold2/test_horizon_60_ega_zone_b_count,fold2/test_horizon_60_ega_zone_c_pct,fold2/test_horizon_60_ega_zone_c_count,fold2/test_horizon_60_ega_zone_d_pct,fold2/test_horizon_60_ega_zone_d_count,fold2/test_horizon_60_ega_zone_e_pct,fold2/test_horizon_60_ega_zone_e_count
0,0.35172607820910357,12.117181777954102,17.47490119934082,9.336217880249023,0.22349900007247925,0.584153950214386,88.06663513183594,6450.0,11.933369636535645,874.0,0.0,0.0,0.0,0.0,0.0,0.0,5.8653388023376465,8.109428405761719,4.612693786621094,0.8320832252502441,0.9164078235626221,99.07154083251953,1814.0,0.9284543991088867,17.0,0.0,0.0,0.0,0.0,0.0,0.0,11.68321418762207,16.208812713623047,9.066559791564941,0.33039724826812744,0.642819881439209,89.78700256347656,1644.0,10.212998390197754,187.0,0.0,0.0,0.0,0.0,0.0,0.0,14.909811973571777,20.38954734802246,11.459403991699219,-0.055832505226135254,0.40153658390045166,82.96012878417969,1519.0,17.039867401123047,312.0,0.0,0.0,0.0,0.0,0.0,0.0,16.01036262512207,21.846435546875,12.206215858459473,-0.20731377601623535,0.3002983629703522,80.44783782958984,1473.0,19.55215835571289,358.0,0.0,0.0,0.0,0.0,0.0,0.0
step,fold3/train_loss,fold3/val_mae,fold3/val_rmse,fold3/val_mard,fold3/val_r2,fold3/val_pearson,fold3/val_ega_zone_a_pct,fold3/val_ega_zone_a_count,fold3/val_ega_zone_b_pct,fold3/val_ega_zone_b_count,fold3/val_ega_zone_c_pct,fold3/val_ega_zone_c_count,fold3/val_ega_zone_d_pct,fold3/val_ega_zone_d_count,fold3/val_ega_zone_e_pct,fold3/val_ega_zone_e_count,fold3/val_horizon_15_mae,fold3/val_horizon_15_rmse,fold3/val_horizon_15_mard,fold3/val_horizon_15_r2,fold3/val_horizon_15_pearson,fold3/val_horizon_15_ega_zone_a_pct,fold3/val_horizon_15_ega_zone_a_count,fold3/val_horizon_15_ega_zone_b_pct,fold3/val_horizon_15_ega_zone_b_count,fold3/val_horizon_15_ega_zone_c_pct,fold3/val_horizon_15_ega_zone_c_count,fold3/val_horizon_15_ega_zone_d_pct,fold3/val_horizon_15_ega_zone_d_count,fold3/val_horizon_15_ega_zone_e_pct,fold3/val_horizon_15_ega_zone_e_count,fold3/val_horizon_30_mae,fold3/val_horizon_30_rmse,fold3/val_horizon_30_mard,fold3/val_horizon_30_r2,fold3/val_horizon_30_pearson,fold3/val_horizon_30_ega_zone_a_pct,fold3/val_horizon_30_ega_zone_a_count,fold3/val_horizon_30_ega_zone_b_pct,fold3/val_horizon_30_ega_zone_b_count,fold3/val_horizon_30_ega_zone_c_pct,fold3/val_horizon_30_ega_zone_c_count,fold3/val_horizon_30_ega_zone_d_pct,fold3/val_horizon_30_ega_zone_d_count,fold3/val_horizon_30_ega_zone_e_pct,fold3/val_horizon_30_ega_zone_e_count,fold3/val_horizon_45_mae,fold3/val_horizon_45_rmse,fold3/val_horizon_45_mard,fold3/val_horizon_45_r2,fold3/val_horizon_45_pearson,fold3/val_horizon_45_ega_zone_a_pct,fold3/val_horizon_45_ega_zone_a_count,fold3/val_horizon_45_ega_zone_b_pct,fold3/val_horizon_45_ega_zone_b_count,fold3/val_horizon_45_ega_zone_c_pct,fold3/val_horizon_45_ega_zone_c_count,fold3/val_horizon_45_ega_zone_d_pct,fold3/val_horizon_45_ega_zone_d_count,fold3/val_horizon_45_ega_zone_e_pct,fold3/val_horizon_45_ega_zone_e_count,fold3/val_horizon_60_mae,fold3/val_horizon_60_rmse,fold3/val_horizon_60_mard,fold3/val_horizon_60_r2,fold3/val_horizon_60_pearson,fold3/val_horizon_60_ega_zone_a_pct,fold3/val_horizon_60_ega_zone_a_count,fold3/val_horizon_60_ega_zone_b_pct,fold3/val_horizon_60_ega_zone_b_count,fold3/val_horizon_60_ega_zone_c_pct,fold3/val_horizon_60_ega_zone_c_count,fold3/val_horizon_60_ega_zone_d_pct,fold3/val_horizon_60_ega_zone_d_count,fold3/val_horizon_60_ega_zone_e_pct,fold3/val_horizon_60_ega_zone_e_count,fold3/diag_horizon_query_similarity,fold3/diag_horizon_progressive_gate,fold3/diag_horizon_attention_similarity,fold3/diag_horizon_attention_entropy,fold3/diag_horizon_curriculum_progress,fold3/diag_loss_horizon_weight_0,fold3/diag_loss_horizon_weight_1,fold3/diag_loss_horizon_weight_2,fold3/diag_loss_horizon_weight_3
1,0.2522257153525463,10.703020095825195,16.679441452026367,8.66741943359375,0.4857879877090454,0.7223265171051025,88.95105743408203,19555.0,10.771470069885254,2368.0,0.0,0.0,0.2774745225906372,61.0,0.0,0.0,6.340869903564453,9.477384567260742,5.1891255378723145,0.8337799906730652,0.915471613407135,97.25254821777344,5345.0,2.638282537460327,145.0,0.0,0.0,0.10917031019926071,6.0,0.0,0.0,10.12808895111084,15.221522331237793,8.192214012145996,0.571755588054657,0.7711875438690186,90.37481689453125,4967.0,9.352256774902344,514.0,0.0,0.0,0.2729257643222809,15.0,0.0,0.0,12.365152359008789,18.639127731323242,10.022684097290039,0.3582499027252197,0.6453317403793335,85.31658935546875,4689.0,14.319504737854004,787.0,0.0,0.0,0.3639010190963745,20.0,0.0,0.0,13.977970123291016,21.068519592285156,11.265654563903809,0.18004590272903442,0.5418866276741028,82.86026000976562,4554.0,16.775836944580078,922.0,0.0,0.0,0.3639010190963745,20.0,0.0,0.0,-0.06327736377716064,0.11920291930437088,0.9999836087226868,0.9999913573265076,0.0,0.3333333432674408,0.28333333134651184,0.21666665375232697,0.1666666716337204
2,0.24743058839333867,10.833442687988281,16.600675582885742,8.770474433898926,0.49063313007354736,0.7181699872016907,89.43777465820312,19662.0,10.280203819274902,2260.0,0.0,0.0,0.28202328085899353,62.0,0.0,0.0,6.422974586486816,9.43242359161377,5.275607585906982,0.8353533744812012,0.9150788187980652,97.28893280029297,5347.0,2.5836973190307617,142.0,0.0,0.0,0.1273653656244278,7.0,0.0,0.0,10.279032707214355,15.205790519714355,8.32413101196289,0.5726402997970581,0.7670166492462158,90.55677032470703,4977.0,9.170305252075195,504.0,0.0,0.0,0.2729257643222809,15.0,0.0,0.0,12.531734466552734,18.578279495239258,10.12991714477539,0.36243319511413574,0.6372693181037903,86.153564453125,4735.0,13.48253345489502,741.0,0.0,0.0,0.3639010190963745,20.0,0.0,0.0,14.100027084350586,20.90431785583496,11.352240562438965,0.19277703762054443,0.5296705961227417,83.75182342529297,4603.0,15.88428020477295,873.0,0.0,0.0,0.3639010190963745,20.0,0.0,0.0,-0.06197429075837135,0.11920291930437088,0.9987046122550964,0.9997192621231079,0.07142857142857142,0.3245614171028137,0.2788847088813782,0.21998745203018188,0.17656642198562622
3,0.247170141375575,10.940203666687012,16.622507095336914,8.866857528686523,0.4892925024032593,0.7151448726654053,89.5514907836914,19687.0,10.17103385925293,2236.0,0.0,0.0,0.2774745225906372,61.0,0.0,0.0,6.50961446762085,9.440155029296875,5.359228610992432,0.8350833654403687,0.9147754907608032,97.27074432373047,5346.0,2.6018922328948975,143.0,0.0,0.0,0.1273653656244278,7.0,0.0,0.0,10.398821830749512,15.234498023986816,8.437175750732422,0.5710251331329346,0.7646417617797852,90.62954711914062,4981.0,9.097525596618652,500.0,0.0,0.0,0.2729257643222809,15.0,0.0,0.0,12.662947654724121,18.619529724121094,10.24017333984375,0.3595987558364868,0.6322303414344788,86.24454498291016,4740.0,13.391557693481445,736.0,0.0,0.0,0.3639010190963745,20.0,0.0,0.0,14.189430236816406,20.912622451782227,11.430854797363281,0.1921355128288269,0.5220937132835388,84.0611343383789,4620.0,15.593158721923828,857.0,0.0,0.0,0.34570595622062683,19.0,0.0,0.0,-0.04788676276803017,0.11920291930437088,0.9852542877197266,0.9963816404342651,0.14285714285714285,0.31578949093818665,0.2744360864162445,0.223308265209198,0.18646617233753204
4,0.24736554656816923,10.883182525634766,16.57778549194336,8.837589263916016,0.4920368790626526,0.7153716683387756,89.54239654541016,19685.0,10.17103385925293,2236.0,0.0,0.0,0.28657203912734985,63.0,0.0,0.0,6.4908528327941895,9.403711318969727,5.355083465576172,0.8363542556762695,0.9151683449745178,97.21615600585938,5343.0,2.638282537460327,145.0,0.0,0.0,0.14556041359901428,8.0,0.0,0.0,10.331902503967285,15.17117977142334,8.405261039733887,0.5745835304260254,0.7651508450508118,90.70233154296875,4985.0,9.006549835205078,495.0,0.0,0.0,0.29112082719802856,16.0,0.0,0.0,12.612156867980957,18.58725357055664,10.21467113494873,0.3618171215057373,0.6313984990119934,86.28092956542969,4742.0,13.355167388916016,734.0,0.0,0.0,0.3639010190963745,20.0,0.0,0.0,14.097816467285156,20.86172103881836,11.375340461730957,0.19606351852416992,0.5228145718574524,83.97016143798828,4615.0,15.684133529663086,862.0,0.0,0.0,0.34570595622062683,19.0,0.0,0.0,-0.030731985345482826,0.11920291930437088,0.9610691666603088,0.9872989654541016,0.21428571428571427,0.30701756477355957,0.26998746395111084,0.22662906348705292,0.19636592268943787
5,0.2462818716664758,10.766033172607422,16.414093017578125,8.741180419921875,0.5020188093185425,0.7190186977386475,89.8107681274414,19744.0,9.91175365447998,2179.0,0.0,0.0,0.2774745225906372,61.0,0.0,0.0,6.377305030822754,9.257800102233887,5.274649143218994,0.841393232345581,0.9180011749267578,97.39810943603516,5353.0,2.474526882171631,136.0,0.0,0.0,0.1273653656244278,7.0,0.0,0.0,10.236223220825195,15.037883758544922,8.336034774780273,0.5820263028144836,0.7681497931480408,90.99345397949219,5001.0,8.715429306030273,479.0,0.0,0.0,0.29112082719802856,16.0,0.0,0.0,12.485145568847656,18.412324905395508,10.108684539794922,0.3737727403640747,0.6339687705039978,86.68122100830078,4764.0,12.973072052001953,713.0,0.0,0.0,0.34570595622062683,19.0,0.0,0.0,13.965457916259766,20.65989875793457,11.245356559753418,0.21154320240020752,0.5239526033401489,84.17030334472656,4626.0,15.483988761901855,851.0,0.0,0.0,0.34570595622062683,19.0,0.0,0.0,-0.010850499384105206,0.11920291930437088,0.9650106430053711,0.9736448526382446,0.2857142857142857,0.2982456088066101,0.2655388414859772,0.22994986176490784,0.2062656730413437
6,0.24106975225640317,10.657114028930664,16.283069610595703,8.650330543518066,0.5099372863769531,0.7226477265357971,89.76983642578125,19735.0,9.94814395904541,2187.0,0.0,0.0,0.28202328085899353,62.0,0.0,0.0,6.052681922912598,8.760576248168945,5.0342841148376465,0.8579728007316589,0.9268642067909241,97.74381256103516,5372.0,2.110625982284546,116.0,0.0,0.0,0.14556041359901428,8.0,0.0,0.0,10.111886024475098,14.832670211791992,8.24383544921875,0.5933561325073242,0.7741619944572449,91.01164245605469,5002.0,8.697234153747559,478.0,0.0,0.0,0.29112082719802856,16.0,0.0,0.0,12.479161262512207,18.38955307006836,10.08629322052002,0.3753208518028259,0.6321579217910767,86.57205200195312,4758.0,13.082242012023926,719.0,0.0,0.0,0.34570595622062683,19.0,0.0,0.0,13.984724998474121,20.630603790283203,11.23691463470459,0.21377766132354736,0.5191209316253662,83.75182342529297,4603.0,15.902474403381348,874.0,0.0,0.0,0.34570595622062683,19.0,0.0,0.0,0.01259522419422865,0.11920291930437088,0.9843575358390808,0.9643478393554688,0.35714285714285715,0.28947368264198303,0.2610902190208435,0.23327067494392395,0.2161654233932495
7,0.23425920176000561,10.468120574951172,16.0245361328125,8.484829902648926,0.5253756046295166,0.7328300476074219,90.04730224609375,19796.0,9.68431568145752,2129.0,0.0,0.0,0.26837700605392456,59.0,0.0,0.0,5.563066482543945,7.917159557342529,4.647509574890137,0.8840034604072571,0.9409037828445435,98.67176055908203,5423.0,1.2372634410858154,68.0,0.0,0.0,0.09097525477409363,5.0,0.0,0.0,9.878536224365234,14.390405654907227,8.056172370910645,0.6172443628311157,0.789732038974762,91.52111053466797,5030.0,8.187772750854492,450.0,0.0,0.0,0.29112082719802856,16.0,0.0,0.0,12.399560928344727,18.232297897338867,10.009203910827637,0.38595879077911377,0.6381487250328064,86.49927520751953,4754.0,13.155022621154785,723.0,0.0,0.0,0.34570595622062683,19.0,0.0,0.0,14.031319618225098,20.614587783813477,11.22643756866455,0.21499788761138916,0.5168395042419434,83.49708557128906,4589.0,16.15720558166504,888.0,0.0,0.0,0.34570595622062683,19.0,0.0,0.0,0.04548773169517517,0.11920291930437088,0.9852403998374939,0.9320955276489258,0.42857142857142855,0.28070175647735596,0.25664159655570984,0.23659147322177887,0.22606515884399414
8,0.23095660383765915,10.303443908691406,15.828398704528809,8.349604606628418,0.5369231104850769,0.7410239577293396,90.23381042480469,19837.0,9.502365112304688,2089.0,0.0,0.0,0.26382824778556824,58.0,0.0,0.0,5.383693218231201,7.6019206047058105,4.50753927230835,0.8930568695068359,0.9455708265304565,98.81732177734375,5431.0,1.0917030572891235,60.0,0.0,0.0,0.09097525477409363,5.0,0.0,0.0,9.70380973815918,14.14669418334961,7.908953666687012,0.6300990581512451,0.798522412776947,91.75764465332031,5043.0,7.969432353973389,438.0,0.0,0.0,0.2729257643222809,15.0,0.0,0.0,12.240313529968262,18.0689640045166,9.8692626953125,0.3969112038612366,0.6466139554977417,86.75399780273438,4768.0,12.900291442871094,709.0,0.0,0.0,0.34570595622062683,19.0,0.0,0.0,13.885958671569824,20.438865661621094,11.112658500671387,0.2283238172531128,0.52460777759552,83.60626220703125,4595.0,16.04803466796875,882.0,0.0,0.0,0.34570595622062683,19.0,0.0,0.0,0.06320196390151978,0.11920291930437088,0.9891660213470459,0.9094094038009644,0.5,0.2719298303127289,0.25219297409057617,0.2399122714996338,0.23596492409706116
9,0.23040802044919018,10.233528137207031,15.670380592346191,8.315690994262695,0.5461229681968689,0.7453610301017761,90.49308013916016,19894.0,9.243085861206055,2032.0,0.0,0.0,0.26382824778556824,58.0,0.0,0.0,5.336585521697998,7.4974284172058105,4.486722469329834,0.8959766626358032,0.9467425346374512,98.79912567138672,5430.0,1.1098980903625488,61.0,0.0,0.0,0.09097525477409363,5.0,0.0,0.0,9.625106811523438,13.943790435791016,7.884158134460449,0.6406338214874268,0.8033971786499023,91.75764465332031,5043.0,7.969432353973389,438.0,0.0,0.0,0.2729257643222809,15.0,0.0,0.0,12.157855987548828,17.898683547973633,9.824971199035645,0.4082246422767639,0.6518890857696533,87.28166198730469,4797.0,12.372634887695312,680.0,0.0,0.0,0.34570595622062683,19.0,0.0,0.0,13.814562797546387,20.27904510498047,11.066912651062012,0.2403448224067688,0.5286239981651306,84.13391876220703,4624.0,15.520379066467285,853.0,0.0,0.0,0.34570595622062683,19.0,0.0,0.0,0.06719069927930832,0.11920291930437088,0.9889371395111084,0.9051923155784607,0.5714285714285714,0.2631579041481018,0.2477443516254425,0.2432330846786499,0.24586467444896698
10,0.22925713247629442,10.120491027832031,15.560086250305176,8.228177070617676,0.5524896383285522,0.7489719390869141,90.51583099365234,19899.0,9.220342636108398,2027.0,0.0,0.0,0.26382824778556824,58.0,0.0,0.0,5.2668843269348145,7.398426532745361,4.426870822906494,0.8987057209014893,0.9483374953269958,98.83551788330078,5432.0,1.0735080242156982,59.0,0.0,0.0,0.09097525477409363,5.0,0.0,0.0,9.541671752929688,13.851702690124512,7.8122758865356445,0.6453647613525391,0.8062629103660583,91.77583312988281,5044.0,7.951237201690674,437.0,0.0,0.0,0.2729257643222809,15.0,0.0,0.0,12.021484375,17.78391456604004,9.719769477844238,0.41578930616378784,0.6559324264526367,87.26346588134766,4796.0,12.390830039978027,681.0,0.0,0.0,0.34570595622062683,19.0,0.0,0.0,13.651920318603516,20.139293670654297,10.953792572021484,0.25077903270721436,0.5334414839744568,84.1884994506836,4627.0,15.465792655944824,850.0,0.0,0.0,0.34570595622062683,19.0,0.0,0.0,0.07645165175199509,0.11920291930437088,0.9949216842651367,0.8914800882339478,0.6428571428571429,0.25438597798347473,0.24329572916030884,0.24655388295650482,0.2557644248008728
11,0.2278844976032019,10.121541976928711,15.614995002746582,8.21645450592041,0.549325704574585,0.7467470169067383,90.49308013916016,19894.0,9.243085861206055,2032.0,0.0,0.0,0.26382824778556824,58.0,0.0,0.0,5.270082950592041,7.4253010749816895,4.421553134918213,0.8979684710502625,0.9480577111244202,98.89009857177734,5435.0,1.0189229249954224,56.0,0.0,0.0,0.09097525477409363,5.0,0.0,0.0,9.51944351196289,13.882396697998047,7.788483619689941,0.6437913775444031,0.8052442073822021,91.97598266601562,5055.0,7.751091480255127,426.0,0.0,0.0,0.2729257643222809,15.0,0.0,0.0,12.004828453063965,17.82910919189453,9.69357681274414,0.4128163456916809,0.6531093716621399,87.11790466308594,4788.0,12.53639030456543,689.0,0.0,0.0,0.34570595622062683,19.0,0.0,0.0,13.691815376281738,20.238059997558594,10.962204933166504,0.24341225624084473,0.5265427827835083,83.98835754394531,4616.0,15.665939331054688,861.0,0.0,0.0,0.34570595622062683,19.0,0.0,0.0,0.0882658138871193,0.11920291930437088,0.9951643347740173,0.8846721649169922,0.7142857142857143,0.24561403691768646,0.23884710669517517,0.24987469613552094,0.26566416025161743
12,0.22660246458669528,10.121889114379883,15.594366073608398,8.237611770629883,0.5505155920982361,0.7466815710067749,90.4384994506836,19882.0,9.2976713180542,2044.0,0.0,0.0,0.26382824778556824,58.0,0.0,0.0,5.228421688079834,7.36787748336792,4.394515514373779,0.8995404839515686,0.9487473368644714,99.01746368408203,5442.0,0.891557514667511,49.0,0.0,0.0,0.09097525477409363,5.0,0.0,0.0,9.528874397277832,13.855504989624023,7.813816547393799,0.6451700925827026,0.8054212331771851,91.72125244140625,5041.0,8.00582218170166,440.0,0.0,0.0,0.2729257643222809,15.0,0.0,0.0,12.025805473327637,17.814607620239258,9.738831520080566,0.4137711524963379,0.6523036360740662,86.8813705444336,4775.0,12.77292537689209,702.0,0.0,0.0,0.34570595622062683,19.0,0.0,0.0,13.70445728302002,20.226621627807617,11.00328254699707,0.2442672848701477,0.5246120691299438,84.13391876220703,4624.0,15.520379066467285,853.0,0.0,0.0,0.34570595622062683,19.0,0.0,0.0,0.0824667438864708,0.11920291930437088,0.9918510913848877,0.8890783786773682,0.7857142857142857,0.23684212565422058,0.2343984991312027,0.25319552421569824,0.27556392550468445
13,0.2261595393004116,10.089837074279785,15.580547332763672,8.21353816986084,0.5513118505477905,0.7470017075538635,90.22016143798828,19834.0,9.516012191772461,2092.0,0.0,0.0,0.26382824778556824,58.0,0.0,0.0,5.185786247253418,7.3484907150268555,4.355195999145508,0.900068461894989,0.9490755200386047,98.9264907836914,5437.0,0.9825327396392822,54.0,0.0,0.0,0.09097525477409363,5.0,0.0,0.0,9.455765724182129,13.82989501953125,7.751524448394775,0.6464805603027344,0.8061937689781189,91.86681365966797,5049.0,7.860261917114258,432.0,0.0,0.0,0.2729257643222809,15.0,0.0,0.0,12.011240005493164,17.8170166015625,9.729387283325195,0.413612425327301,0.651767909526825,86.4810791015625,4753.0,13.173216819763184,724.0,0.0,0.0,0.34570595622062683,19.0,0.0,0.0,13.706550598144531,20.20646858215332,11.01804256439209,0.24577254056930542,0.5248915553092957,83.60626220703125,4595.0,16.04803466796875,882.0,0.0,0.0,0.34570595622062683,19.0,0.0,0.0,0.08620376139879227,0.11920291930437088,0.988182544708252,0.9044872522354126,0.8571428571428571,0.22807016968727112,0.22994986176490784,0.25651630759239197,0.2854636609554291
14,0.2248217156460391,10.13224983215332,15.661384582519531,8.241179466247559,0.546643853187561,0.7440441846847534,90.27474212646484,19846.0,9.461426734924316,2080.0,0.0,0.0,0.26382824778556824,58.0,0.0,0.0,5.2034382820129395,7.404637813568115,4.3630781173706055,0.8985355496406555,0.9483798742294312,99.03565979003906,5443.0,0.8733624815940857,48.0,0.0,0.0,0.09097525477409363,5.0,0.0,0.0,9.498905181884766,13.931009292602539,7.778254985809326,0.6412922739982605,0.8031864762306213,91.75764465332031,5043.0,7.969432353973389,438.0,0.0,0.0,0.2729257643222809,15.0,0.0,0.0,12.062520027160645,17.89191436767578,9.769793510437012,0.4086722135543823,0.6481694579124451,86.8995590209961,4776.0,12.754731178283691,701.0,0.0,0.0,0.34570595622062683,19.0,0.0,0.0,13.764138221740723,20.300092697143555,11.053590774536133,0.23876714706420898,0.5184869170188904,83.40611267089844,4584.0,16.248180389404297,893.0,0.0,0.0,0.34570595622062683,19.0,0.0,0.0,0.08922357112169266,0.11920291930437088,0.9871241450309753,0.908156156539917,0.9285714285714286,0.21929824352264404,0.22550123929977417,0.2598370909690857,0.2953633964061737
15,0.22459988263561811,10.139747619628906,15.709382057189941,8.243538856506348,0.5438608527183533,0.7423987984657288,90.1246337890625,19813.0,9.611536026000977,2113.0,0.0,0.0,0.26382824778556824,58.0,0.0,0.0,5.187161922454834,7.419497966766357,4.347311019897461,0.8981279134750366,0.948122501373291,98.9083023071289,5436.0,1.0007277727127075,55.0,0.0,0.0,0.09097525477409363,5.0,0.0,0.0,9.48990249633789,13.977396965026855,7.765207290649414,0.6388994455337524,0.8018147349357605,91.57569122314453,5033.0,8.151383399963379,448.0,0.0,0.0,0.2729257643222809,15.0,0.0,0.0,12.09103775024414,17.97879981994629,9.782483100891113,0.40291500091552734,0.6446126103401184,86.60843658447266,4760.0,13.045851707458496,717.0,0.0,0.0,0.34570595622062683,19.0,0.0,0.0,13.79089069366455,20.33432960510254,11.07914924621582,0.23619729280471802,0.5173022150993347,83.40611267089844,4584.0,16.248180389404297,893.0,0.0,0.0,0.34570595622062683,19.0,0.0,0.0,0.09636887907981873,0.11920291930437088,0.9853339791297913,0.9003517627716064,1.0,0.21052631735801697,0.2210526168346405,0.2631579041481018,0.3052631616592407
16,0.2193156423513029,10.172843933105469,15.728084564208984,8.28892993927002,0.5427740812301636,0.7412582039833069,90.04730224609375,19796.0,9.688864707946777,2130.0,0.0,0.0,0.26382824778556824,58.0,0.0,0.0,5.173557758331299,7.420417785644531,4.339592456817627,0.8981026411056519,0.9480078816413879,98.9083023071289,5436.0,1.0007277727127075,55.0,0.0,0.0,0.09097525477409363,5.0,0.0,0.0,9.529833793640137,14.02922248840332,7.812987327575684,0.6362167000770569,0.7996532320976257,91.48471069335938,5028.0,8.242358207702637,453.0,0.0,0.0,0.2729257643222809,15.0,0.0,0.0,12.136289596557617,17.997346878051758,9.848011016845703,0.40168243646621704,0.6430932283401489,86.39009857177734,4748.0,13.264192581176758,729.0,0.0,0.0,0.34570595622062683,19.0,0.0,0.0,13.85169506072998,20.339725494384766,11.155132293701172,0.2357918620109558,0.5164774060249329,83.40611267089844,4584.0,16.248180389404297,893.0,0.0,0.0,0.34570595622062683,19.0,0.0,0.0,0.10490498691797256,0.11920291930437088,0.9758560657501221,0.9115870594978333,1.0,0.21052631735801697,0.2210526168346405,0.2631579041481018,0.3052631616592407
17,0.21738806557645973,10.198225975036621,15.766470909118652,8.300575256347656,0.540539562702179,0.7400936484336853,90.01546478271484,19789.0,9.72070598602295,2137.0,0.0,0.0,0.26382824778556824,58.0,0.0,0.0,5.16331672668457,7.4080281257629395,4.333677291870117,0.8984426259994507,0.9481725692749023,98.9264907836914,5437.0,0.9825327396392822,54.0,0.0,0.0,0.09097525477409363,5.0,0.0,0.0,9.52656078338623,14.005843162536621,7.80244779586792,0.6374281644821167,0.8006773591041565,91.59388732910156,5034.0,8.133188247680664,447.0,0.0,0.0,0.2729257643222809,15.0,0.0,0.0,12.189146041870117,18.047714233398438,9.878911018371582,0.398328959941864,0.6408643126487732,86.4264907836914,4750.0,13.227802276611328,727.0,0.0,0.0,0.34570595622062683,19.0,0.0,0.0,13.913877487182617,20.43437957763672,11.187261581420898,0.22866249084472656,0.510680615901947,83.114990234375,4568.0,16.5393009185791,909.0,0.0,0.0,0.34570595622062683,19.0,0.0,0.0,0.10835304856300354,0.11920291930437088,0.9749081134796143,0.9150629043579102,1.0,0.21052631735801697,0.2210526168346405,0.2631579041481018,0.3052631616592407
18,0.21262806105786883,10.312529563903809,15.930832862854004,8.384047508239746,0.530910074710846,0.734092652797699,89.67430877685547,19714.0,10.066411972045898,2213.0,0.0,0.0,0.2592794895172119,57.0,0.0,0.0,5.206736087799072,7.458644866943359,4.3631591796875,0.8970500826835632,0.9475679397583008,98.87190246582031,5434.0,1.055312991142273,58.0,0.0,0.0,0.07278020679950714,4.0,0.0,0.0,9.607293128967285,14.103439331054688,7.858381271362305,0.6323575973510742,0.7978014945983887,91.44832611083984,5026.0,8.278748512268066,455.0,0.0,0.0,0.2729257643222809,15.0,0.0,0.0,12.340216636657715,18.2379093170166,9.987757682800293,0.38558077812194824,0.6322269439697266,85.84424591064453,4718.0,13.810043334960938,759.0,0.0,0.0,0.34570595622062683,19.0,0.0,0.0,14.095870971679688,20.68830680847168,11.32689094543457,0.20937347412109375,0.4971618056297302,82.53275299072266,4536.0,17.121543884277344,941.0,0.0,0.0,0.34570595622062683,19.0,0.0,0.0,0.10649170726537704,0.11920291930437088,0.970449686050415,0.9171527624130249,1.0,0.21052631735801697,0.2210526168346405,0.2631579041481018,0.3052631616592407
step,fold3/test_loss,fold3/test_mae,fold3/test_rmse,fold3/test_mard,fold3/test_r2,fold3/test_pearson,fold3/test_ega_zone_a_pct,fold3/test_ega_zone_a_count,fold3/test_ega_zone_b_pct,fold3/test_ega_zone_b_count,fold3/test_ega_zone_c_pct,fold3/test_ega_zone_c_count,fold3/test_ega_zone_d_pct,fold3/test_ega_zone_d_count,fold3/test_ega_zone_e_pct,fold3/test_ega_zone_e_count,fold3/test_horizon_15_mae,fold3/test_horizon_15_rmse,fold3/test_horizon_15_mard,fold3/test_horizon_15_r2,fold3/test_horizon_15_pearson,fold3/test_horizon_15_ega_zone_a_pct,fold3/test_horizon_15_ega_zone_a_count,fold3/test_horizon_15_ega_zone_b_pct,fold3/test_horizon_15_ega_zone_b_count,fold3/test_horizon_15_ega_zone_c_pct,fold3/test_horizon_15_ega_zone_c_count,fold3/test_horizon_15_ega_zone_d_pct,fold3/test_horizon_15_ega_zone_d_count,fold3/test_horizon_15_ega_zone_e_pct,fold3/test_horizon_15_ega_zone_e_count,fold3/test_horizon_30_mae,fold3/test_horizon_30_rmse,fold3/test_horizon_30_mard,fold3/test_horizon_30_r2,fold3/test_horizon_30_pearson,fold3/test_horizon_30_ega_zone_a_pct,fold3/test_horizon_30_ega_zone_a_count,fold3/test_horizon_30_ega_zone_b_pct,fold3/test_horizon_30_ega_zone_b_count,fold3/test_horizon_30_ega_zone_c_pct,fold3/test_horizon_30_ega_zone_c_count,fold3/test_horizon_30_ega_zone_d_pct,fold3/test_horizon_30_ega_zone_d_count,fold3/test_horizon_30_ega_zone_e_pct,fold3/test_horizon_30_ega_zone_e_count,fold3/test_horizon_45_mae,fold3/test_horizon_45_rmse,fold3/test_horizon_45_mard,fold3/test_horizon_45_r2,fold3/test_horizon_45_pearson,fold3/test_horizon_45_ega_zone_a_pct,fold3/test_horizon_45_ega_zone_a_count,fold3/test_horizon_45_ega_zone_b_pct,fold3/test_horizon_45_ega_zone_b_count,fold3/test_horizon_45_ega_zone_c_pct,fold3/test_horizon_45_ega_zone_c_count,fold3/test_horizon_45_ega_zone_d_pct,fold3/test_horizon_45_ega_zone_d_count,fold3/test_horizon_45_ega_zone_e_pct,fold3/test_horizon_45_ega_zone_e_count,fold3/test_horizon_60_mae,fold3/test_horizon_60_rmse,fold3/test_horizon_60_mard,fold3/test_horizon_60_r2,fold3/test_horizon_60_pearson,fold3/test_horizon_60_ega_zone_a_pct,fold3/test_horizon_60_ega_zone_a_count,fold3/test_horizon_60_ega_zone_b_pct,fold3/test_horizon_60_ega_zone_b_count,fold3/test_horizon_60_ega_zone_c_pct,fold3/test_horizon_60_ega_zone_c_count,fold3/test_horizon_60_ega_zone_d_pct,fold3/test_horizon_60_ega_zone_d_count,fold3/test_horizon_60_ega_zone_e_pct,fold3/test_horizon_60_ega_zone_e_count
0,0.24105895056670626,8.995726585388184,14.545511245727539,8.113516807556152,0.355557382106781,0.6187713742256165,90.30694580078125,4472.0,9.289175987243652,460.0,0.0,0.0,0.4038771986961365,20.0,0.0,0.0,4.677341461181641,6.6565752029418945,4.238405704498291,0.8665818572044373,0.9313299059867859,98.94992065429688,1225.0,0.9693053364753723,12.0,0.0,0.0,0.08077544718980789,1.0,0.0,0.0,8.52092456817627,12.98629379272461,7.663573265075684,0.4878529906272888,0.7073982954025269,91.35702514648438,1131.0,8.239095687866211,102.0,0.0,0.0,0.4038771986961365,5.0,0.0,0.0,10.825512886047363,16.82781219482422,9.736215591430664,0.13267385959625244,0.44205987453460693,86.26817321777344,1068.0,13.166398048400879,163.0,0.0,0.0,0.5654280781745911,7.0,0.0,0.0,11.959123611450195,18.712522506713867,10.81586742401123,-0.07644546031951904,0.2460392415523529,84.65267181396484,1048.0,14.781906127929688,183.0,0.0,0.0,0.5654280781745911,7.0,0.0,0.0
step,fold4/train_loss,fold4/val_mae,fold4/val_rmse,fold4/val_mard,fold4/val_r2,fold4/val_pearson,fold4/val_ega_zone_a_pct,fold4/val_ega_zone_a_count,fold4/val_ega_zone_b_pct,fold4/val_ega_zone_b_count,fold4/val_ega_zone_c_pct,fold4/val_ega_zone_c_count,fold4/val_ega_zone_d_pct,fold4/val_ega_zone_d_count,fold4/val_ega_zone_e_pct,fold4/val_ega_zone_e_count,fold4/val_horizon_15_mae,fold4/val_horizon_15_rmse,fold4/val_horizon_15_mard,fold4/val_horizon_15_r2,fold4/val_horizon_15_pearson,fold4/val_horizon_15_ega_zone_a_pct,fold4/val_horizon_15_ega_zone_a_count,fold4/val_horizon_15_ega_zone_b_pct,fold4/val_horizon_15_ega_zone_b_count,fold4/val_horizon_15_ega_zone_c_pct,fold4/val_horizon_15_ega_zone_c_count,fold4/val_horizon_15_ega_zone_d_pct,fold4/val_horizon_15_ega_zone_d_count,fold4/val_horizon_15_ega_zone_e_pct,fold4/val_horizon_15_ega_zone_e_count,fold4/val_horizon_30_mae,fold4/val_horizon_30_rmse,fold4/val_horizon_30_mard,fold4/val_horizon_30_r2,fold4/val_horizon_30_pearson,fold4/val_horizon_30_ega_zone_a_pct,fold4/val_horizon_30_ega_zone_a_count,fold4/val_horizon_30_ega_zone_b_pct,fold4/val_horizon_30_ega_zone_b_count,fold4/val_horizon_30_ega_zone_c_pct,fold4/val_horizon_30_ega_zone_c_count,fold4/val_horizon_30_ega_zone_d_pct,fold4/val_horizon_30_ega_zone_d_count,fold4/val_horizon_30_ega_zone_e_pct,fold4/val_horizon_30_ega_zone_e_count,fold4/val_horizon_45_mae,fold4/val_horizon_45_rmse,fold4/val_horizon_45_mard,fold4/val_horizon_45_r2,fold4/val_horizon_45_pearson,fold4/val_horizon_45_ega_zone_a_pct,fold4/val_horizon_45_ega_zone_a_count,fold4/val_horizon_45_ega_zone_b_pct,fold4/val_horizon_45_ega_zone_b_count,fold4/val_horizon_45_ega_zone_c_pct,fold4/val_horizon_45_ega_zone_c_count,fold4/val_horizon_45_ega_zone_d_pct,fold4/val_horizon_45_ega_zone_d_count,fold4/val_horizon_45_ega_zone_e_pct,fold4/val_horizon_45_ega_zone_e_count,fold4/val_horizon_60_mae,fold4/val_horizon_60_rmse,fold4/val_horizon_60_mard,fold4/val_horizon_60_r2,fold4/val_horizon_60_pearson,fold4/val_horizon_60_ega_zone_a_pct,fold4/val_horizon_60_ega_zone_a_count,fold4/val_horizon_60_ega_zone_b_pct,fold4/val_horizon_60_ega_zone_b_count,fold4/val_horizon_60_ega_zone_c_pct,fold4/val_horizon_60_ega_zone_c_count,fold4/val_horizon_60_ega_zone_d_pct,fold4/val_horizon_60_ega_zone_d_count,fold4/val_horizon_60_ega_zone_e_pct,fold4/val_horizon_60_ega_zone_e_count,fold4/diag_horizon_query_similarity,fold4/diag_horizon_progressive_gate,fold4/diag_horizon_attention_similarity,fold4/diag_horizon_attention_entropy,fold4/diag_horizon_curriculum_progress,fold4/diag_loss_horizon_weight_0,fold4/diag_loss_horizon_weight_1,fold4/diag_loss_horizon_weight_2,fold4/diag_loss_horizon_weight_3
1,0.22701415306034747,11.999448776245117,17.04925537109375,10.395197868347168,0.3212571144104004,0.6263384222984314,85.17808532714844,18654.0,14.50228214263916,3176.0,0.0,0.0,0.31963470578193665,70.0,0.0,0.0,7.683758735656738,10.853151321411133,6.7143731117248535,0.7266563177108765,0.856714129447937,94.9771728515625,5200.0,4.82191801071167,264.0,0.0,0.0,0.2009132355451584,11.0,0.0,0.0,11.89669418334961,16.656766891479492,10.303877830505371,0.3539953827857971,0.6465104222297668,85.68036651611328,4691.0,13.990867614746094,766.0,0.0,0.0,0.3287671208381653,18.0,0.0,0.0,13.781539916992188,19.095897674560547,11.875347137451172,0.14683562517166138,0.5205962657928467,80.93151092529297,4431.0,18.6849308013916,1023.0,0.0,0.0,0.3835616409778595,21.0,0.0,0.0,14.635802268981934,20.070287704467773,12.687191009521484,0.052665531635284424,0.45828789472579956,79.123291015625,4332.0,20.511415481567383,1123.0,0.0,0.0,0.3652968108654022,20.0,0.0,0.0,-0.04248042032122612,0.11920291930437088,0.9998616576194763,0.9999820590019226,0.0,0.3333333432674408,0.28333333134651184,0.21666665375232697,0.1666666716337204
2,0.22604548953947642,11.779349327087402,16.609254837036133,10.21004581451416,0.35583847761154175,0.6345300674438477,86.05023193359375,18845.0,13.630136489868164,2985.0,0.0,0.0,0.31963470578193665,70.0,0.0,0.0,7.604458332061768,10.69910717010498,6.640047073364258,0.7343606352806091,0.8593380451202393,95.23287200927734,5214.0,4.5662102699279785,250.0,0.0,0.0,0.2009132355451584,11.0,0.0,0.0,11.691256523132324,16.25300407409668,10.140403747558594,0.3849344253540039,0.6534645557403564,86.52054595947266,4737.0,13.150684356689453,720.0,0.0,0.0,0.3287671208381653,18.0,0.0,0.0,13.522405624389648,18.554819107055664,11.687841415405273,0.1944991946220398,0.5288135409355164,82.10045623779297,4495.0,17.515981674194336,959.0,0.0,0.0,0.3835616409778595,21.0,0.0,0.0,14.299275398254395,19.507875442504883,12.371893882751465,0.10501426458358765,0.46285921335220337,80.34703063964844,4399.0,19.28767204284668,1056.0,0.0,0.0,0.3652968108654022,20.0,0.0,0.0,-0.04238314926624298,0.11920291930437088,0.9994874596595764,0.9999210834503174,0.07142857142857142,0.3245614171028137,0.2788847088813782,0.21998745203018188,0.17656642198562622
3,0.22704307167247254,11.70547103881836,16.512460708618164,10.12912654876709,0.36332470178604126,0.6374827027320862,86.22830963134766,18884.0,13.456620216369629,2947.0,0.0,0.0,0.3150685131549835,69.0,0.0,0.0,7.570211410522461,10.68668270111084,6.605686187744141,0.7349772453308105,0.8597593903541565,95.19635009765625,5212.0,4.621004581451416,253.0,0.0,0.0,0.1826484054327011,10.0,0.0,0.0,11.625103950500488,16.183008193969727,10.064099311828613,0.3902207016944885,0.655037522315979,86.79451751708984,4752.0,12.87671184539795,705.0,0.0,0.0,0.3287671208381653,18.0,0.0,0.0,13.43272590637207,18.42372703552246,11.59277057647705,0.20584088563919067,0.5323245525360107,82.4474868774414,4514.0,17.168949127197266,940.0,0.0,0.0,0.3835616409778595,21.0,0.0,0.0,14.193842887878418,19.367931365966797,12.253950119018555,0.11780905723571777,0.4666426181793213,80.47488403320312,4406.0,19.15981674194336,1049.0,0.0,0.0,0.3652968108654022,20.0,0.0,0.0,-0.03697584941983223,0.11920291930437088,0.9928972721099854,0.9988670349121094,0.14285714285714285,0.31578949093818665,0.2744360864162445,0.223308265209198,0.18646617233753204
4,0.2264079747594255,11.590659141540527,16.35560417175293,10.01157283782959,0.37536323070526123,0.6419143080711365,86.42465209960938,18927.0,13.260273933410645,2904.0,0.0,0.0,0.3150685131549835,69.0,0.0,0.0,7.512851238250732,10.586800575256348,6.557816982269287,0.7399080991744995,0.8619776368141174,95.28766632080078,5217.0,4.529680252075195,248.0,0.0,0.0,0.1826484054327011,10.0,0.0,0.0,11.515862464904785,16.041425704956055,9.961848258972168,0.4008437395095825,0.6587851047515869,86.90410614013672,4758.0,12.767122268676758,699.0,0.0,0.0,0.3287671208381653,18.0,0.0,0.0,13.285616874694824,18.241483688354492,11.44388198852539,0.22147434949874878,0.5377055406570435,82.86758422851562,4537.0,16.748859405517578,917.0,0.0,0.0,0.3835616409778595,21.0,0.0,0.0,14.048307418823242,19.179771423339844,12.082744598388672,0.13486671447753906,0.470779687166214,80.63926696777344,4415.0,18.995433807373047,1040.0,0.0,0.0,0.3652968108654022,20.0,0.0,0.0,-0.025677159428596497,0.11920291930437088,0.9846552014350891,0.9972889423370361,0.21428571428571427,0.30701756477355957,0.26998746395111084,0.22662906348705292,0.19636592268943787
5,0.22430173214598145,11.481880187988281,16.24644660949707,9.914734840393066,0.3836730122566223,0.645244836807251,86.51141357421875,18946.0,13.178081512451172,2886.0,0.0,0.0,0.310502290725708,68.0,0.0,0.0,7.299749374389648,10.304956436157227,6.383319854736328,0.7535722255706787,0.8700394034385681,95.707763671875,5240.0,4.127853870391846,226.0,0.0,0.0,0.16438356041908264,9.0,0.0,0.0,11.443440437316895,16.004043579101562,9.901317596435547,0.4036329984664917,0.6590295433998108,86.99543762207031,4763.0,12.675799369812012,694.0,0.0,0.0,0.3287671208381653,18.0,0.0,0.0,13.196512222290039,18.160446166992188,11.358538627624512,0.22837626934051514,0.5368250608444214,82.84931945800781,4536.0,16.76712417602539,918.0,0.0,0.0,0.3835616409778595,21.0,0.0,0.0,13.98781967163086,19.06999397277832,12.015765190124512,0.1447417140007019,0.46894869208335876,80.49314880371094,4407.0,19.141551971435547,1048.0,0.0,0.0,0.3652968108654022,20.0,0.0,0.0,-0.010816576890647411,0.11920291930437088,0.9677481055259705,0.9930031895637512,0.2857142857142857,0.2982456088066101,0.2655388414859772,0.22994986176490784,0.2062656730413437
6,0.22128236695292983,11.346139907836914,16.097501754760742,9.781698226928711,0.39492201805114746,0.6510657668113708,86.84017944335938,19018.0,12.844748497009277,2813.0,0.0,0.0,0.3150685131549835,69.0,0.0,0.0,6.985848426818848,9.83121109008789,6.12963342666626,0.7757092714309692,0.8824291229248047,96.21917724609375,5268.0,3.616438388824463,198.0,0.0,0.0,0.16438356041908264,9.0,0.0,0.0,11.359393119812012,15.887139320373535,9.812684059143066,0.41231369972229004,0.6624839305877686,87.23287963867188,4776.0,12.420090675354004,680.0,0.0,0.0,0.34703195095062256,19.0,0.0,0.0,13.117508888244629,18.047426223754883,11.267992973327637,0.23795050382614136,0.5391011238098145,83.23287963867188,4557.0,16.383562088012695,897.0,0.0,0.0,0.3835616409778595,21.0,0.0,0.0,13.921809196472168,19.01984977722168,11.916483879089355,0.14923357963562012,0.46738412976264954,80.67579650878906,4417.0,18.958904266357422,1038.0,0.0,0.0,0.3652968108654022,20.0,0.0,0.0,0.009524988941848278,0.11920291930437088,0.9389675259590149,0.9819186925888062,0.35714285714285715,0.28947368264198303,0.2610902190208435,0.23327067494392395,0.2161654233932495
7,0.21919671633373727,11.226675033569336,15.983373641967773,9.687867164611816,0.40347129106521606,0.6558860540390015,87.13241577148438,19082.0,12.552511215209961,2749.0,0.0,0.0,0.3150685131549835,69.0,0.0,0.0,6.669262886047363,9.387612342834473,5.87276029586792,0.7954933047294617,0.8932182192802429,96.76712036132812,5298.0,3.068493127822876,168.0,0.0,0.0,0.16438356041908264,9.0,0.0,0.0,11.290420532226562,15.783491134643555,9.759378433227539,0.4199568033218384,0.666689932346344,87.32420349121094,4781.0,12.328766822814941,675.0,0.0,0.0,0.34703195095062256,19.0,0.0,0.0,13.071925163269043,17.984329223632812,11.23702621459961,0.24326980113983154,0.5402746200561523,83.36073303222656,4564.0,16.255708694458008,890.0,0.0,0.0,0.3835616409778595,21.0,0.0,0.0,13.875092506408691,19.005022048950195,11.882304191589355,0.15055954456329346,0.46645066142082214,81.07762145996094,4439.0,18.557077407836914,1016.0,0.0,0.0,0.3652968108654022,20.0,0.0,0.0,0.021034294739365578,0.11920291930437088,0.9435084462165833,0.9714477062225342,0.42857142857142855,0.28070175647735596,0.25664159655570984,0.23659147322177887,0.22606515884399414
8,0.21610845589113348,11.108665466308594,15.871213912963867,9.587653160095215,0.4118139147758484,0.6623944044113159,87.49314880371094,19161.0,12.1963472366333,2671.0,0.0,0.0,0.310502290725708,68.0,0.0,0.0,6.446609020233154,9.067609786987305,5.684770107269287,0.8091980218887329,0.9009983539581299,97.1141586303711,5317.0,2.7397260665893555,150.0,0.0,0.0,0.14611873030662537,8.0,0.0,0.0,11.11888313293457,15.5352783203125,9.624700546264648,0.438057005405426,0.6804293394088745,87.96347045898438,4816.0,11.671233177185059,639.0,0.0,0.0,0.3652968108654022,20.0,0.0,0.0,13.022756576538086,17.96340560913086,11.192841529846191,0.2450295090675354,0.5427484512329102,83.36073303222656,4564.0,16.273971557617188,891.0,0.0,0.0,0.3652968108654022,20.0,0.0,0.0,13.846414566040039,19.008718490600586,11.848298072814941,0.15022915601730347,0.4652223587036133,81.53424835205078,4464.0,18.10045623779297,991.0,0.0,0.0,0.3652968108654022,20.0,0.0,0.0,0.03963969647884369,0.11920291930437088,0.9589026570320129,0.960738480091095,0.5,0.2719298303127289,0.25219297409057617,0.2399122714996338,0.23596492409706116
9,0.21370824929165821,11.080977439880371,15.862224578857422,9.567390441894531,0.4124799966812134,0.6634400486946106,87.51141357421875,19165.0,12.178082466125488,2667.0,0.0,0.0,0.310502290725708,68.0,0.0,0.0,6.2839155197143555,8.82188606262207,5.553770065307617,0.8193989992141724,0.9066676497459412,97.44292449951172,5335.0,2.410959005355835,132.0,0.0,0.0,0.14611873030662537,8.0,0.0,0.0,11.079750061035156,15.436464309692383,9.61148452758789,0.4451828598976135,0.6866973042488098,88.03652954101562,4820.0,11.598173141479492,635.0,0.0,0.0,0.3652968108654022,20.0,0.0,0.0,13.093114852905273,18.061065673828125,11.250715255737305,0.23679828643798828,0.5379627346992493,83.123291015625,4551.0,16.511415481567383,904.0,0.0,0.0,0.3652968108654022,20.0,0.0,0.0,13.8671236038208,19.0821533203125,11.853595733642578,0.14365071058273315,0.45826295018196106,81.44292449951172,4459.0,18.19178009033203,996.0,0.0,0.0,0.3652968108654022,20.0,0.0,0.0,0.0575280524790287,0.11920291930437088,0.963079035282135,0.9503343105316162,0.5714285714285714,0.2631579041481018,0.2477443516254425,0.2432330846786499,0.24586467444896698
10,0.2118209029686142,11.026825904846191,15.784584999084473,9.519698143005371,0.41821736097335815,0.6671571731567383,87.82648468017578,19234.0,11.867579460144043,2599.0,0.0,0.0,0.3059360682964325,67.0,0.0,0.0,6.197502136230469,8.687933921813965,5.483006954193115,0.8248418569564819,0.9098124504089355,97.64383697509766,5346.0,2.210045576095581,121.0,0.0,0.0,0.14611873030662537,8.0,0.0,0.0,10.996418952941895,15.277595520019531,9.544397354125977,0.4565442204475403,0.6938623189926147,88.40182495117188,4840.0,11.232876777648926,615.0,0.0,0.0,0.3652968108654022,20.0,0.0,0.0,13.06855583190918,18.00550651550293,11.22387981414795,0.2414865493774414,0.5405570864677429,83.47032165527344,4570.0,16.164382934570312,885.0,0.0,0.0,0.3652968108654022,20.0,0.0,0.0,13.844822883605957,19.06644058227539,11.827503204345703,0.14506042003631592,0.45789191126823425,81.78995513916016,4478.0,17.863014221191406,978.0,0.0,0.0,0.34703195095062256,19.0,0.0,0.0,0.0670524463057518,0.11920291930437088,0.9626973271369934,0.9428737759590149,0.6428571428571429,0.25438597798347473,0.24329572916030884,0.24655388295650482,0.2557644248008728
11,0.21039800766126807,11.048285484313965,15.804454803466797,9.537169456481934,0.4167517423629761,0.6675844192504883,87.7305908203125,19213.0,11.963470458984375,2620.0,0.0,0.0,0.3059360682964325,67.0,0.0,0.0,6.1299872398376465,8.57553768157959,5.424704551696777,0.8293445706367493,0.9125402569770813,97.82648468017578,5356.0,2.0273971557617188,111.0,0.0,0.0,0.14611873030662537,8.0,0.0,0.0,10.995125770568848,15.232810020446777,9.548404693603516,0.4597257971763611,0.697839617729187,88.42008972167969,4841.0,11.232876777648926,615.0,0.0,0.0,0.34703195095062256,19.0,0.0,0.0,13.135762214660645,18.063566207885742,11.279149055480957,0.23658692836761475,0.539066731929779,83.21460723876953,4556.0,16.42009162902832,899.0,0.0,0.0,0.3652968108654022,20.0,0.0,0.0,13.932267189025879,19.163827896118164,11.896419525146484,0.13630443811416626,0.45218390226364136,81.461181640625,4460.0,18.17351531982422,995.0,0.0,0.0,0.3652968108654022,20.0,0.0,0.0,0.0690365731716156,0.11920291930437088,0.9628828167915344,0.9491150379180908,0.7142857142857143,0.24561403691768646,0.23884710669517517,0.24987469613552094,0.26566416025161743
12,0.20955464883011715,11.044364929199219,15.835495948791504,9.538725852966309,0.41445833444595337,0.6670712828636169,87.56620788574219,19177.0,12.127854347229004,2656.0,0.0,0.0,0.3059360682964325,67.0,0.0,0.0,6.10693359375,8.538362503051758,5.409553527832031,0.8308209776878357,0.9133296012878418,97.75342559814453,5352.0,2.100456714630127,115.0,0.0,0.0,0.14611873030662537,8.0,0.0,0.0,11.000802040100098,15.282517433166504,9.553046226501465,0.4561939835548401,0.696874737739563,88.12785339355469,4825.0,11.525114059448242,631.0,0.0,0.0,0.34703195095062256,19.0,0.0,0.0,13.138304710388184,18.1231689453125,11.291298866271973,0.23154062032699585,0.5383351445198059,83.1598129272461,4553.0,16.474885940551758,902.0,0.0,0.0,0.3652968108654022,20.0,0.0,0.0,13.931424140930176,19.18706512451172,11.901001930236816,0.13420861959457397,0.45241475105285645,81.22374725341797,4447.0,18.410959243774414,1008.0,0.0,0.0,0.3652968108654022,20.0,0.0,0.0,0.07533174008131027,0.11920291930437088,0.9582859873771667,0.9524765610694885,0.7857142857142857,0.23684212565422058,0.2343984991312027,0.25319552421569824,0.27556392550468445
13,0.20724138039261547,11.116607666015625,15.946462631225586,9.590354919433594,0.4062232971191406,0.6628842353820801,87.48858642578125,19160.0,12.205479621887207,2673.0,0.0,0.0,0.3059360682964325,67.0,0.0,0.0,6.133082866668701,8.57880973815918,5.429701328277588,0.829214334487915,0.912574052810669,97.8630142211914,5358.0,1.9908676147460938,109.0,0.0,0.0,0.14611873030662537,8.0,0.0,0.0,11.082152366638184,15.410600662231445,9.614823341369629,0.4470405578613281,0.6925742030143738,88.01826477050781,4819.0,11.634702682495117,637.0,0.0,0.0,0.34703195095062256,19.0,0.0,0.0,13.205500602722168,18.238460540771484,11.332204818725586,0.22173237800598145,0.5328831076622009,82.92237854003906,4540.0,16.71232795715332,915.0,0.0,0.0,0.3652968108654022,20.0,0.0,0.0,14.045692443847656,19.32445526123047,11.984687805175781,0.12176501750946045,0.4453078508377075,81.15068817138672,4443.0,18.484018325805664,1012.0,0.0,0.0,0.3652968108654022,20.0,0.0,0.0,0.08180379867553711,0.11920291930437088,0.953611433506012,0.951034665107727,0.8571428571428571,0.22807016968727112,0.22994986176490784,0.25651630759239197,0.2854636609554291
14,0.20641434209045237,11.154397964477539,16.02717399597168,9.638215065002441,0.40019744634628296,0.6603054404258728,87.46575164794922,19155.0,12.22374439239502,2677.0,0.0,0.0,0.310502290725708,68.0,0.0,0.0,6.129089832305908,8.567037582397461,5.426751136779785,0.8296827077865601,0.9127716422080994,97.8447494506836,5357.0,2.0091323852539062,110.0,0.0,0.0,0.14611873030662537,8.0,0.0,0.0,11.126816749572754,15.487613677978516,9.665464401245117,0.4414999485015869,0.6900858879089355,88.0,4818.0,11.652968406677246,638.0,0.0,0.0,0.34703195095062256,19.0,0.0,0.0,13.249526023864746,18.332590103149414,11.392905235290527,0.213678240776062,0.5304679870605469,82.90411376953125,4539.0,16.71232795715332,915.0,0.0,0.0,0.3835616409778595,21.0,0.0,0.0,14.11215877532959,19.44574546813965,12.067742347717285,0.11070597171783447,0.44210225343704224,81.1141586303711,4441.0,18.52054786682129,1014.0,0.0,0.0,0.3652968108654022,20.0,0.0,0.0,0.09612835198640823,0.11920291930437088,0.9536464810371399,0.9467159509658813,0.9285714285714286,0.21929824352264404,0.22550123929977417,0.2598370909690857,0.2953633964061737
15,0.20401053541491374,11.22194766998291,16.11201286315918,9.70408821105957,0.3938305974006653,0.6572524309158325,87.34246826171875,19128.0,12.34703254699707,2704.0,0.0,0.0,0.310502290725708,68.0,0.0,0.0,6.1505866050720215,8.63063907623291,5.444726943969727,0.8271445035934448,0.9116432666778564,97.88127899169922,5359.0,1.9726027250289917,108.0,0.0,0.0,0.14611873030662537,8.0,0.0,0.0,11.18862247467041,15.568012237548828,9.725825309753418,0.4356863498687744,0.6867973208427429,87.92694091796875,4814.0,11.726027488708496,642.0,0.0,0.0,0.34703195095062256,19.0,0.0,0.0,13.33365535736084,18.427452087402344,11.478734016418457,0.2055196762084961,0.5263732671737671,82.7214584350586,4529.0,16.894977569580078,925.0,0.0,0.0,0.3835616409778595,21.0,0.0,0.0,14.214930534362793,19.543949127197266,12.16706371307373,0.10170131921768188,0.4396226406097412,80.84017944335938,4426.0,18.794519424438477,1029.0,0.0,0.0,0.3652968108654022,20.0,0.0,0.0,0.10963468998670578,0.11920291930437088,0.9540173411369324,0.9464214444160461,1.0,0.21052631735801697,0.2210526168346405,0.2631579041481018,0.3052631616592407
16,0.2005060250810161,11.313202857971191,16.279857635498047,9.777482032775879,0.38113534450531006,0.6516286134719849,87.08219146728516,19071.0,12.607306480407715,2761.0,0.0,0.0,0.310502290725708,68.0,0.0,0.0,6.175451755523682,8.686381340026855,5.466487884521484,0.8249044418334961,0.9105852246284485,97.91780853271484,5361.0,1.9360730648040771,106.0,0.0,0.0,0.14611873030662537,8.0,0.0,0.0,11.265739440917969,15.718811988830566,9.789312362670898,0.4247009754180908,0.6819705963134766,87.79908752441406,4807.0,11.853880882263184,649.0,0.0,0.0,0.34703195095062256,19.0,0.0,0.0,13.431824684143066,18.621204376220703,11.557452201843262,0.18872499465942383,0.5193992853164673,82.50228118896484,4517.0,17.114154815673828,937.0,0.0,0.0,0.3835616409778595,21.0,0.0,0.0,14.379793167114258,19.769969940185547,12.29667854309082,0.08080393075942993,0.4316779673099518,80.10958862304688,4386.0,19.525114059448242,1069.0,0.0,0.0,0.3652968108654022,20.0,0.0,0.0,0.10893169045448303,0.11920291930437088,0.9493189454078674,0.9520992040634155,1.0,0.21052631735801697,0.2210526168346405,0.2631579041481018,0.3052631616592407
17,0.19622434227371066,11.391226768493652,16.410852432250977,9.838708877563477,0.37113600969314575,0.6463124752044678,87.0136947631836,19056.0,12.675799369812012,2776.0,0.0,0.0,0.310502290725708,68.0,0.0,0.0,6.189910888671875,8.700904846191406,5.475727558135986,0.8243184685707092,0.9102357029914856,97.8630142211914,5358.0,1.9908676147460938,109.0,0.0,0.0,0.14611873030662537,8.0,0.0,0.0,11.328814506530762,15.807611465454102,9.831008911132812,0.4181826114654541,0.678246796131134,87.83561706542969,4809.0,11.817351341247559,647.0,0.0,0.0,0.34703195095062256,19.0,0.0,0.0,13.53005599975586,18.79535675048828,11.630339622497559,0.17347931861877441,0.5114423036575317,82.2831039428711,4505.0,17.33333396911621,949.0,0.0,0.0,0.3835616409778595,21.0,0.0,0.0,14.516130447387695,19.960277557373047,12.417762756347656,0.06302225589752197,0.4218519926071167,80.07305908203125,4384.0,19.561643600463867,1071.0,0.0,0.0,0.3652968108654022,20.0,0.0,0.0,0.10787728428840637,0.11920291930437088,0.9492449164390564,0.9522864818572998,1.0,0.21052631735801697,0.2210526168346405,0.2631579041481018,0.3052631616592407
18,0.1931343448274452,11.405345916748047,16.464977264404297,9.850337028503418,0.36698102951049805,0.6448600888252258,86.88584899902344,19028.0,12.799087524414062,2803.0,0.004566210322082043,1.0,0.310502290725708,68.0,0.0,0.0,6.178045749664307,8.680410385131836,5.46834659576416,0.8251451253890991,0.9107298851013184,97.8630142211914,5358.0,1.9908676147460938,109.0,0.0,0.0,0.14611873030662537,8.0,0.0,0.0,11.298714637756348,15.811650276184082,9.80927562713623,0.4178852438926697,0.6794160008430481,87.63469696044922,4798.0,12.018264770507812,658.0,0.0,0.0,0.34703195095062256,19.0,0.0,0.0,13.566919326782227,18.8828182220459,11.659168243408203,0.16576915979385376,0.5084301233291626,82.10045623779297,4495.0,17.497716903686523,958.0,0.01826484128832817,1.0,0.3835616409778595,21.0,0.0,0.0,14.577701568603516,20.061485290527344,12.464560508728027,0.05349624156951904,0.41801875829696655,79.94520568847656,4377.0,19.689496994018555,1078.0,0.0,0.0,0.3652968108654022,20.0,0.0,0.0,0.10584411770105362,0.11920291930437088,0.9481000900268555,0.9512242078781128,1.0,0.21052631735801697,0.2210526168346405,0.2631579041481018,0.3052631616592407
step,fold4/test_loss,fold4/test_mae,fold4/test_rmse,fold4/test_mard,fold4/test_r2,fold4/test_pearson,fold4/test_ega_zone_a_pct,fold4/test_ega_zone_a_count,fold4/test_ega_zone_b_pct,fold4/test_ega_zone_b_count,fold4/test_ega_zone_c_pct,fold4/test_ega_zone_c_count,fold4/test_ega_zone_d_pct,fold4/test_ega_zone_d_count,fold4/test_ega_zone_e_pct,fold4/test_ega_zone_e_count,fold4/test_horizon_15_mae,fold4/test_horizon_15_rmse,fold4/test_horizon_15_mard,fold4/test_horizon_15_r2,fold4/test_horizon_15_pearson,fold4/test_horizon_15_ega_zone_a_pct,fold4/test_horizon_15_ega_zone_a_count,fold4/test_horizon_15_ega_zone_b_pct,fold4/test_horizon_15_ega_zone_b_count,fold4/test_horizon_15_ega_zone_c_pct,fold4/test_horizon_15_ega_zone_c_count,fold4/test_horizon_15_ega_zone_d_pct,fold4/test_horizon_15_ega_zone_d_count,fold4/test_horizon_15_ega_zone_e_pct,fold4/test_horizon_15_ega_zone_e_count,fold4/test_horizon_30_mae,fold4/test_horizon_30_rmse,fold4/test_horizon_30_mard,fold4/test_horizon_30_r2,fold4/test_horizon_30_pearson,fold4/test_horizon_30_ega_zone_a_pct,fold4/test_horizon_30_ega_zone_a_count,fold4/test_horizon_30_ega_zone_b_pct,fold4/test_horizon_30_ega_zone_b_count,fold4/test_horizon_30_ega_zone_c_pct,fold4/test_horizon_30_ega_zone_c_count,fold4/test_horizon_30_ega_zone_d_pct,fold4/test_horizon_30_ega_zone_d_count,fold4/test_horizon_30_ega_zone_e_pct,fold4/test_horizon_30_ega_zone_e_count,fold4/test_horizon_45_mae,fold4/test_horizon_45_rmse,fold4/test_horizon_45_mard,fold4/test_horizon_45_r2,fold4/test_horizon_45_pearson,fold4/test_horizon_45_ega_zone_a_pct,fold4/test_horizon_45_ega_zone_a_count,fold4/test_horizon_45_ega_zone_b_pct,fold4/test_horizon_45_ega_zone_b_count,fold4/test_horizon_45_ega_zone_c_pct,fold4/test_horizon_45_ega_zone_c_count,fold4/test_horizon_45_ega_zone_d_pct,fold4/test_horizon_45_ega_zone_d_count,fold4/test_horizon_45_ega_zone_e_pct,fold4/test_horizon_45_ega_zone_e_count,fold4/test_horizon_60_mae,fold4/test_horizon_60_rmse,fold4/test_horizon_60_mard,fold4/test_horizon_60_r2,fold4/test_horizon_60_pearson,fold4/test_horizon_60_ega_zone_a_pct,fold4/test_horizon_60_ega_zone_a_count,fold4/test_horizon_60_ega_zone_b_pct,fold4/test_horizon_60_ega_zone_b_count,fold4/test_horizon_60_ega_zone_c_pct,fold4/test_horizon_60_ega_zone_c_count,fold4/test_horizon_60_ega_zone_d_pct,fold4/test_horizon_60_ega_zone_d_count,fold4/test_horizon_60_ega_zone_e_pct,fold4/test_horizon_60_ega_zone_e_count
0,0.23017817505744845,9.506536483764648,14.149555206298828,8.257322311401367,0.4600728750228882,0.6956508159637451,89.93685913085938,4558.0,9.944750785827637,504.0,0.0,0.0,0.11838989704847336,6.0,0.0,0.0,5.307521820068359,7.291504859924316,4.626112937927246,0.8541206121444702,0.9249209761619568,98.97395324707031,1254.0,1.026045799255371,13.0,0.0,0.0,0.0,0.0,0.0,0.0,9.160143852233887,13.002289772033691,7.947208881378174,0.5412014722824097,0.7454176545143127,91.39700317382812,1158.0,8.445145606994629,107.0,0.0,0.0,0.15785318613052368,2.0,0.0,0.0,11.143648147583008,16.063232421875,9.64863109588623,0.3082202076911926,0.5941745638847351,86.50355529785156,1096.0,13.338595390319824,169.0,0.0,0.0,0.15785318613052368,2.0,0.0,0.0,12.414830207824707,17.904930114746094,10.807334899902344,0.150282621383667,0.4756028652191162,82.8729248046875,1050.0,16.969219207763672,215.0,0.0,0.0,0.15785318613052368,2.0,0.0,0.0
step,fold5/train_loss,fold5/val_mae,fold5/val_rmse,fold5/val_mard,fold5/val_r2,fold5/val_pearson,fold5/val_ega_zone_a_pct,fold5/val_ega_zone_a_count,fold5/val_ega_zone_b_pct,fold5/val_ega_zone_b_count,fold5/val_ega_zone_c_pct,fold5/val_ega_zone_c_count,fold5/val_ega_zone_d_pct,fold5/val_ega_zone_d_count,fold5/val_ega_zone_e_pct,fold5/val_ega_zone_e_count,fold5/val_horizon_15_mae,fold5/val_horizon_15_rmse,fold5/val_horizon_15_mard,fold5/val_horizon_15_r2,fold5/val_horizon_15_pearson,fold5/val_horizon_15_ega_zone_a_pct,fold5/val_horizon_15_ega_zone_a_count,fold5/val_horizon_15_ega_zone_b_pct,fold5/val_horizon_15_ega_zone_b_count,fold5/val_horizon_15_ega_zone_c_pct,fold5/val_horizon_15_ega_zone_c_count,fold5/val_horizon_15_ega_zone_d_pct,fold5/val_horizon_15_ega_zone_d_count,fold5/val_horizon_15_ega_zone_e_pct,fold5/val_horizon_15_ega_zone_e_count,fold5/val_horizon_30_mae,fold5/val_horizon_30_rmse,fold5/val_horizon_30_mard,fold5/val_horizon_30_r2,fold5/val_horizon_30_pearson,fold5/val_horizon_30_ega_zone_a_pct,fold5/val_horizon_30_ega_zone_a_count,fold5/val_horizon_30_ega_zone_b_pct,fold5/val_horizon_30_ega_zone_b_count,fold5/val_horizon_30_ega_zone_c_pct,fold5/val_horizon_30_ega_zone_c_count,fold5/val_horizon_30_ega_zone_d_pct,fold5/val_horizon_30_ega_zone_d_count,fold5/val_horizon_30_ega_zone_e_pct,fold5/val_horizon_30_ega_zone_e_count,fold5/val_horizon_45_mae,fold5/val_horizon_45_rmse,fold5/val_horizon_45_mard,fold5/val_horizon_45_r2,fold5/val_horizon_45_pearson,fold5/val_horizon_45_ega_zone_a_pct,fold5/val_horizon_45_ega_zone_a_count,fold5/val_horizon_45_ega_zone_b_pct,fold5/val_horizon_45_ega_zone_b_count,fold5/val_horizon_45_ega_zone_c_pct,fold5/val_horizon_45_ega_zone_c_count,fold5/val_horizon_45_ega_zone_d_pct,fold5/val_horizon_45_ega_zone_d_count,fold5/val_horizon_45_ega_zone_e_pct,fold5/val_horizon_45_ega_zone_e_count,fold5/val_horizon_60_mae,fold5/val_horizon_60_rmse,fold5/val_horizon_60_mard,fold5/val_horizon_60_r2,fold5/val_horizon_60_pearson,fold5/val_horizon_60_ega_zone_a_pct,fold5/val_horizon_60_ega_zone_a_count,fold5/val_horizon_60_ega_zone_b_pct,fold5/val_horizon_60_ega_zone_b_count,fold5/val_horizon_60_ega_zone_c_pct,fold5/val_horizon_60_ega_zone_c_count,fold5/val_horizon_60_ega_zone_d_pct,fold5/val_horizon_60_ega_zone_d_count,fold5/val_horizon_60_ega_zone_e_pct,fold5/val_horizon_60_ega_zone_e_count,fold5/diag_horizon_query_similarity,fold5/diag_horizon_progressive_gate,fold5/diag_horizon_attention_similarity,fold5/diag_horizon_attention_entropy,fold5/diag_horizon_curriculum_progress,fold5/diag_loss_horizon_weight_0,fold5/diag_loss_horizon_weight_1,fold5/diag_loss_horizon_weight_2,fold5/diag_loss_horizon_weight_3
1,0.25921602154575824,11.087491989135742,16.154613494873047,10.100020408630371,0.5422804951667786,0.7490023374557495,86.35087585449219,19688.0,12.8421049118042,2928.0,0.0,0.0,0.8070175647735596,184.0,0.0,0.0,6.812909126281738,9.802807807922363,6.191193103790283,0.8312339782714844,0.9124959111213684,96.21052551269531,5484.0,3.4912281036376953,199.0,0.0,0.0,0.2982456088066101,17.0,0.0,0.0,10.704216003417969,15.423645973205566,9.67379093170166,0.5828226804733276,0.7719296216964722,87.4385986328125,4984.0,11.80701732635498,673.0,0.0,0.0,0.7543859481811523,43.0,0.0,0.0,12.859249114990234,18.13976287841797,11.73931884765625,0.42323702573776245,0.6771820783615112,82.28070068359375,4690.0,16.70175552368164,952.0,0.0,0.0,1.017543911933899,58.0,0.0,0.0,13.973599433898926,19.51540756225586,12.79577922821045,0.33237510919570923,0.6202505230903625,79.47368621826172,4530.0,19.368419647216797,1104.0,0.0,0.0,1.1578947305679321,66.0,0.0,0.0,-0.005228760186582804,0.11920291930437088,0.9993805289268494,0.9997556209564209,0.0,0.3333333432674408,0.28333333134651184,0.21666665375232697,0.1666666716337204
2,0.256493520980485,11.049615859985352,15.854408264160156,10.095002174377441,0.5591341853141785,0.7530180811882019,86.84210968017578,19800.0,12.302632331848145,2805.0,0.0,0.0,0.8552631139755249,195.0,0.0,0.0,6.742851734161377,9.669840812683105,6.11857795715332,0.8357812762260437,0.9142981767654419,96.35087585449219,5492.0,3.3333334922790527,190.0,0.0,0.0,0.31578949093818665,18.0,0.0,0.0,10.702829360961914,15.154400825500488,9.729084014892578,0.597260594367981,0.7762134075164795,87.8245620727539,5006.0,11.385964393615723,649.0,0.0,0.0,0.7894736528396606,45.0,0.0,0.0,12.80999755859375,17.7974910736084,11.711922645568848,0.44479721784591675,0.6795758605003357,83.15789794921875,4740.0,15.80701732635498,901.0,0.0,0.0,1.0350877046585083,59.0,0.0,0.0,13.942788124084473,19.119014739990234,12.820425987243652,0.3592209815979004,0.620993435382843,80.03508758544922,4562.0,18.6842098236084,1065.0,0.0,0.0,1.280701756477356,73.0,0.0,0.0,-0.002200833521783352,0.11920291930437088,0.9971477389335632,0.9985620975494385,0.07142857142857142,0.3245614171028137,0.2788847088813782,0.21998745203018188,0.17656642198562622
3,0.2561700681081304,11.072203636169434,15.768289566040039,10.13476276397705,0.5639106035232544,0.7542370557785034,86.99122619628906,19834.0,12.127193450927734,2765.0,0.0,0.0,0.8815789818763733,201.0,0.0,0.0,6.721599578857422,9.615452766418457,6.102051734924316,0.8376234173774719,0.9152708053588867,96.42105102539062,5496.0,3.263158082962036,186.0,0.0,0.0,0.31578949093818665,18.0,0.0,0.0,10.704726219177246,15.077418327331543,9.74632453918457,0.6013419032096863,0.7775991559028625,87.98246002197266,5015.0,11.228070259094238,640.0,0.0,0.0,0.7894736528396606,45.0,0.0,0.0,12.85110092163086,17.690040588378906,11.772584915161133,0.4514808654785156,0.6802495718002319,83.28070068359375,4747.0,15.63157844543457,891.0,0.0,0.0,1.0877193212509155,62.0,0.0,0.0,14.01138687133789,19.021902084350586,12.918086051940918,0.365713894367218,0.6194484829902649,80.28070068359375,4576.0,18.38596534729004,1048.0,0.0,0.0,1.3333333730697632,76.0,0.0,0.0,0.0030596647411584854,0.11920291930437088,0.9832525253295898,0.9929141402244568,0.14285714285714285,0.31578949093818665,0.2744360864162445,0.223308265209198,0.18646617233753204
4,0.2525737693118163,10.981396675109863,15.602434158325195,10.056130409240723,0.5730361938476562,0.7584905624389648,87.0,19836.0,12.100876808166504,2759.0,0.0,0.0,0.8991228342056274,205.0,0.0,0.0,6.6011857986450195,9.353205680847168,6.020340919494629,0.8463597893714905,0.9201933741569519,96.64912414550781,5509.0,3.0350875854492188,173.0,0.0,0.0,0.31578949093818665,18.0,0.0,0.0,10.616006851196289,14.87326717376709,9.680569648742676,0.6120645999908447,0.7830732464790344,88.24561309814453,5030.0,10.947368621826172,624.0,0.0,0.0,0.8070175647735596,46.0,0.0,0.0,12.75135326385498,17.5384578704834,11.670723915100098,0.4608408808708191,0.6839557886123657,83.24561309814453,4745.0,15.63157844543457,891.0,0.0,0.0,1.1228070259094238,64.0,0.0,0.0,13.95704460144043,18.90634536743164,12.852883338928223,0.3733971118927002,0.6205950379371643,79.85964965820312,4552.0,18.789472579956055,1071.0,0.0,0.0,1.3508771657943726,77.0,0.0,0.0,0.019828787073493004,0.11920291930437088,0.9702189564704895,0.9764618873596191,0.21428571428571427,0.30701756477355957,0.26998746395111084,0.22662906348705292,0.19636592268943787
5,0.24376603045457731,10.755974769592285,15.378266334533691,9.867073059082031,0.5852168202400208,0.7664631009101868,87.31578826904297,19908.0,11.793859481811523,2689.0,0.0,0.0,0.890350878238678,203.0,0.0,0.0,5.993810176849365,8.571386337280273,5.488864898681641,0.8709713816642761,0.933344841003418,97.42105102539062,5553.0,2.2807016372680664,130.0,0.0,0.0,0.2982456088066101,17.0,0.0,0.0,10.310834884643555,14.501219749450684,9.408075332641602,0.6312298774719238,0.7953096628189087,88.75438690185547,5059.0,10.438596725463867,595.0,0.0,0.0,0.8070175647735596,46.0,0.0,0.0,12.704818725585938,17.433895111083984,11.65333080291748,0.4672505855560303,0.6877283453941345,83.3859634399414,4753.0,15.508772850036621,884.0,0.0,0.0,1.1052632331848145,63.0,0.0,0.0,14.014435768127441,18.928009033203125,12.918021202087402,0.3719601631164551,0.6180660724639893,79.70175170898438,4543.0,18.947368621826172,1080.0,0.0,0.0,1.3508771657943726,77.0,0.0,0.0,0.04534934088587761,0.11920291930437088,0.9775376915931702,0.9527432918548584,0.2857142857142857,0.2982456088066101,0.2655388414859772,0.22994986176490784,0.2062656730413437
6,0.23774906915370733,10.599126815795898,15.295097351074219,9.726083755493164,0.5896912217140198,0.7705947160720825,87.41666412353516,19931.0,11.714912414550781,2671.0,0.0,0.0,0.8684210777282715,198.0,0.0,0.0,5.648438453674316,8.107688903808594,5.179221153259277,0.8845542073249817,0.9408367872238159,97.77192687988281,5573.0,2.0,114.0,0.0,0.0,0.22807016968727112,13.0,0.0,0.0,10.126030921936035,14.298514366149902,9.249043464660645,0.6414675712585449,0.8028395771980286,88.96491241455078,5071.0,10.245614051818848,584.0,0.0,0.0,0.7894736528396606,45.0,0.0,0.0,12.602123260498047,17.434675216674805,11.553921699523926,0.4672028422355652,0.6891857385635376,83.57894897460938,4764.0,15.315789222717285,873.0,0.0,0.0,1.1052632331848145,63.0,0.0,0.0,14.019917488098145,19.01604461669922,12.922151565551758,0.36610448360443115,0.6148632168769836,79.35087585449219,4523.0,19.29824447631836,1100.0,0.0,0.0,1.3508771657943726,77.0,0.0,0.0,0.06442248076200485,0.11920291930437088,0.9845283627510071,0.9248337149620056,0.35714285714285715,0.28947368264198303,0.2610902190208435,0.23327067494392395,0.2161654233932495
7,0.2340680215155513,10.532666206359863,15.279426574707031,9.642160415649414,0.590531587600708,0.7708050012588501,87.44298553466797,19937.0,11.692981719970703,2666.0,0.0,0.0,0.8640350699424744,197.0,0.0,0.0,5.540136337280273,7.901887893676758,5.0745720863342285,0.8903406262397766,0.9438049793243408,98.122802734375,5593.0,1.6842104196548462,96.0,0.0,0.0,0.19298246502876282,11.0,0.0,0.0,10.070172309875488,14.233155250549316,9.183197021484375,0.6447377800941467,0.8044375777244568,88.91227722167969,5068.0,10.280701637268066,586.0,0.0,0.0,0.8070175647735596,46.0,0.0,0.0,12.557973861694336,17.458953857421875,11.482308387756348,0.46571803092956543,0.6875234246253967,83.35087585449219,4751.0,15.54386043548584,886.0,0.0,0.0,1.1052632331848145,63.0,0.0,0.0,13.962382316589355,19.078937530517578,12.82856273651123,0.361904501914978,0.6115220785140991,79.3859634399414,4525.0,19.26315689086914,1098.0,0.0,0.0,1.3508771657943726,77.0,0.0,0.0,0.08149481564760208,0.11920291930437088,0.9871947765350342,0.9052667617797852,0.42857142857142855,0.28070175647735596,0.25664159655570984,0.23659147322177887,0.22606515884399414
8,0.23229820702434137,10.559293746948242,15.262395858764648,9.695131301879883,0.5914438962936401,0.7714248895645142,87.37281036376953,19921.0,11.754385948181152,2680.0,0.0,0.0,0.8728070259094238,199.0,0.0,0.0,5.495021343231201,7.816805362701416,5.044434070587158,0.8926894068717957,0.9453949928283691,98.08772277832031,5591.0,1.6842104196548462,96.0,0.0,0.0,0.22807016968727112,13.0,0.0,0.0,10.088419914245605,14.213112831115723,9.229877471923828,0.6457375884056091,0.8055362105369568,88.8245620727539,5063.0,10.368420600891113,591.0,0.0,0.0,0.8070175647735596,46.0,0.0,0.0,12.616209983825684,17.462940216064453,11.57674503326416,0.46547406911849976,0.6866006255149841,83.14035034179688,4739.0,15.754384994506836,898.0,0.0,0.0,1.1052632331848145,63.0,0.0,0.0,14.037524223327637,19.07075309753418,12.929468154907227,0.36245197057724,0.6099272966384888,79.4385986328125,4528.0,19.210525512695312,1095.0,0.0,0.0,1.3508771657943726,77.0,0.0,0.0,0.09513454884290695,0.11920291930437088,0.9872925877571106,0.9039876461029053,0.5,0.2719298303127289,0.25219297409057617,0.2399122714996338,0.23596492409706116
9,0.23141045301180263,10.605244636535645,15.293850898742676,9.73138427734375,0.5897580981254578,0.7699728012084961,87.36842346191406,19920.0,11.75,2679.0,0.0,0.0,0.8815789818763733,201.0,0.0,0.0,5.4761176109313965,7.755100250244141,5.022555351257324,0.8943769335746765,0.945984423160553,98.26315307617188,5601.0,1.5087718963623047,86.0,0.0,0.0,0.22807016968727112,13.0,0.0,0.0,10.137460708618164,14.237211227416992,9.269275665283203,0.6445353031158447,0.8045048117637634,88.89473724365234,5067.0,10.298245429992676,587.0,0.0,0.0,0.8070175647735596,46.0,0.0,0.0,12.697227478027344,17.50946617126465,11.643815994262695,0.4626219868659973,0.6841745972633362,83.08771514892578,4736.0,15.789472579956055,900.0,0.0,0.0,1.1228070259094238,64.0,0.0,0.0,14.110175132751465,19.13599395751953,12.989889144897461,0.35808229446411133,0.6061716079711914,79.22806549072266,4516.0,19.40350914001465,1106.0,0.0,0.0,1.3684210777282715,78.0,0.0,0.0,0.11508384346961975,0.11920291930437088,0.9939708709716797,0.8924834132194519,0.5714285714285714,0.2631579041481018,0.2477443516254425,0.2432330846786499,0.24586467444896698
10,0.2299267134231838,10.667030334472656,15.35198974609375,9.77735710144043,0.5866331458091736,0.7679386138916016,87.15789031982422,19872.0,11.951754570007324,2725.0,0.0,0.0,0.890350878238678,203.0,0.0,0.0,5.517179489135742,7.78450345993042,5.05144739151001,0.8935744762420654,0.9455298781394958,98.21052551269531,5598.0,1.561403512954712,89.0,0.0,0.0,0.22807016968727112,13.0,0.0,0.0,10.200006484985352,14.301163673400879,9.309940338134766,0.6413346529006958,0.8023796081542969,88.75438690185547,5059.0,10.438596725463867,595.0,0.0,0.0,0.8070175647735596,46.0,0.0,0.0,12.760844230651855,17.576356887817383,11.685428619384766,0.45850831270217896,0.681418776512146,82.80701446533203,4720.0,16.052631378173828,915.0,0.0,0.0,1.1403508186340332,65.0,0.0,0.0,14.19009017944336,19.20115089416504,13.062606811523438,0.3537035584449768,0.6026062369346619,78.85964965820312,4495.0,19.75438690185547,1126.0,0.0,0.0,1.3859648704528809,79.0,0.0,0.0,0.11860824376344681,0.11920291930437088,0.9955127835273743,0.8941376209259033,0.6428571428571429,0.25438597798347473,0.24329572916030884,0.24655388295650482,0.2557644248008728
11,0.22927337974463455,10.674798011779785,15.339690208435059,9.797127723693848,0.5872951745986938,0.7684993147850037,87.08772277832031,19856.0,12.008771896362305,2738.0,0.0,0.0,0.9035087823867798,206.0,0.0,0.0,5.513979434967041,7.8104248046875,5.054316997528076,0.8928645253181458,0.945254921913147,98.122802734375,5593.0,1.6140351295471191,92.0,0.0,0.0,0.2631579041481018,15.0,0.0,0.0,10.219688415527344,14.304902076721191,9.343718528747559,0.6411471366882324,0.8025298118591309,88.78947448730469,5061.0,10.403509140014648,593.0,0.0,0.0,0.8070175647735596,46.0,0.0,0.0,12.78946590423584,17.559650421142578,11.731797218322754,0.45953720808029175,0.6821197271347046,82.63157653808594,4710.0,16.210525512695312,924.0,0.0,0.0,1.1578947305679321,66.0,0.0,0.0,14.176057815551758,19.163768768310547,13.05867862701416,0.356217622756958,0.6044871807098389,78.80702209472656,4492.0,19.807016372680664,1129.0,0.0,0.0,1.3859648704528809,79.0,0.0,0.0,0.13358290493488312,0.11920291930437088,0.996637761592865,0.8921532034873962,0.7142857142857143,0.24561403691768646,0.23884710669517517,0.24987469613552094,0.26566416025161743
12,0.2275779226006532,10.718690872192383,15.370245933532715,9.831267356872559,0.5856494307518005,0.7672445178031921,87.13157653808594,19866.0,11.964912414550781,2728.0,0.0,0.0,0.9035087823867798,206.0,0.0,0.0,5.504390239715576,7.785241603851318,5.045119285583496,0.8935542702674866,0.945496141910553,98.24561309814453,5600.0,1.5087718963623047,86.0,0.0,0.0,0.24561402201652527,14.0,0.0,0.0,10.269280433654785,14.352112770080566,9.373199462890625,0.6387745141983032,0.8007922172546387,88.84210205078125,5064.0,10.350876808166504,590.0,0.0,0.0,0.8070175647735596,46.0,0.0,0.0,12.858591079711914,17.601062774658203,11.79122543334961,0.4569849371910095,0.6801806092262268,82.54386138916016,4705.0,16.29824447631836,929.0,0.0,0.0,1.1578947305679321,66.0,0.0,0.0,14.242500305175781,19.198627471923828,13.115527153015137,0.35387343168258667,0.6024097204208374,78.89473724365234,4497.0,19.70175552368164,1123.0,0.0,0.0,1.4035087823867798,80.0,0.0,0.0,0.1403004676103592,0.11920291930437088,0.9953897595405579,0.8933518528938293,0.7857142857142857,0.23684212565422058,0.2343984991312027,0.25319552421569824,0.27556392550468445
13,0.22633482584281117,10.697707176208496,15.358659744262695,9.80809497833252,0.5862737894058228,0.7677232623100281,86.96929931640625,19829.0,12.114035606384277,2762.0,0.0,0.0,0.9166666269302368,209.0,0.0,0.0,5.482563018798828,7.781726360321045,5.018321990966797,0.8936504125595093,0.9454864859580994,98.14035034179688,5594.0,1.6140351295471191,92.0,0.0,0.0,0.24561402201652527,14.0,0.0,0.0,10.236315727233887,14.338379859924316,9.333250045776367,0.6394655108451843,0.8011377453804016,88.70175170898438,5056.0,10.473684310913086,597.0,0.0,0.0,0.8245614171028137,47.0,0.0,0.0,12.841181755065918,17.598060607910156,11.769745826721191,0.45717012882232666,0.680505633354187,82.42105102539062,4698.0,16.403507232666016,935.0,0.0,0.0,1.175438642501831,67.0,0.0,0.0,14.230772972106934,19.17596435546875,13.111066818237305,0.35539788007736206,0.6043500304222107,78.61402893066406,4481.0,19.96491241455078,1138.0,0.0,0.0,1.4210525751113892,81.0,0.0,0.0,0.14383459091186523,0.11920291930437088,0.9916205406188965,0.8959150910377502,0.8571428571428571,0.22807016968727112,0.22994986176490784,0.25651630759239197,0.2854636609554291
14,0.22418501983697814,10.8473482131958,15.532593727111816,9.955204010009766,0.5768500566482544,0.7622497081756592,86.74122619628906,19777.0,12.333333969116211,2812.0,0.0,0.0,0.9254385828971863,211.0,0.0,0.0,5.533695697784424,7.824184417724609,5.065282821655273,0.8924866914749146,0.9449349045753479,98.1754379272461,5596.0,1.5964912176132202,91.0,0.0,0.0,0.22807016968727112,13.0,0.0,0.0,10.365216255187988,14.490727424621582,9.461888313293457,0.6317633390426636,0.7967304587364197,88.35088348388672,5036.0,10.80701732635498,616.0,0.0,0.0,0.8421052098274231,48.0,0.0,0.0,13.042194366455078,17.823026657104492,11.966943740844727,0.4432028532028198,0.6719087362289429,82.12281036376953,4681.0,16.6842098236084,951.0,0.0,0.0,1.1929824352264404,68.0,0.0,0.0,14.448281288146973,19.395530700683594,13.326704025268555,0.3405519723892212,0.594660758972168,78.31578826904297,4464.0,20.245615005493164,1154.0,0.0,0.0,1.438596487045288,82.0,0.0,0.0,0.13839773833751678,0.11920291930437088,0.9902108311653137,0.8987412452697754,0.9285714285714286,0.21929824352264404,0.22550123929977417,0.2598370909690857,0.2953633964061737
15,0.22267918966731115,10.898795127868652,15.621498107910156,9.985530853271484,0.5719922184944153,0.7593783736228943,86.6885986328125,19765.0,12.399123191833496,2827.0,0.0,0.0,0.9122806787490845,208.0,0.0,0.0,5.502894878387451,7.802474498748779,5.023157596588135,0.8930824995040894,0.9452126622200012,98.19298553466797,5597.0,1.6140351295471191,92.0,0.0,0.0,0.19298246502876282,11.0,0.0,0.0,10.373570442199707,14.526988983154297,9.44572639465332,0.629918098449707,0.7957203984260559,88.43859100341797,5041.0,10.719298362731934,611.0,0.0,0.0,0.8421052098274231,48.0,0.0,0.0,13.125799179077148,17.955272674560547,12.018155097961426,0.4349093437194824,0.6667183637619019,81.89473724365234,4668.0,16.929824829101562,965.0,0.0,0.0,1.175438642501831,67.0,0.0,0.0,14.59291934967041,19.54023551940918,13.45508861541748,0.33067524433135986,0.5875753164291382,78.22806549072266,4459.0,20.33333396911621,1159.0,0.0,0.0,1.438596487045288,82.0,0.0,0.0,0.1437070369720459,0.11920291930437088,0.9883639812469482,0.889390766620636,1.0,0.21052631735801697,0.2210526168346405,0.2631579041481018,0.3052631616592407
16,0.2177792651140771,10.91909408569336,15.65036392211914,9.996869087219238,0.5704089403152466,0.7583810091018677,86.56140899658203,19736.0,12.521929740905762,2855.0,0.0,0.0,0.9166666269302368,209.0,0.0,0.0,5.518136501312256,7.8110456466674805,5.0398478507995605,0.89284747838974,0.9451004266738892,98.1754379272461,5596.0,1.5964912176132202,91.0,0.0,0.0,0.22807016968727112,13.0,0.0,0.0,10.414968490600586,14.57950210571289,9.483604431152344,0.6272376775741577,0.7939929962158203,88.2631607055664,5031.0,10.894736289978027,621.0,0.0,0.0,0.8421052098274231,48.0,0.0,0.0,13.158547401428223,18.00640296936035,12.03736686706543,0.4316864013671875,0.6645132303237915,81.6140365600586,4652.0,17.210527420043945,981.0,0.0,0.0,1.175438642501831,67.0,0.0,0.0,14.584723472595215,19.543048858642578,13.426655769348145,0.33048248291015625,0.5876984000205994,78.19298553466797,4457.0,20.385963439941406,1162.0,0.0,0.0,1.4210525751113892,81.0,0.0,0.0,0.1429109424352646,0.11920291930437088,0.9882447719573975,0.8745598196983337,1.0,0.21052631735801697,0.2210526168346405,0.2631579041481018,0.3052631616592407
step,fold5/test_loss,fold5/test_mae,fold5/test_rmse,fold5/test_mard,fold5/test_r2,fold5/test_pearson,fold5/test_ega_zone_a_pct,fold5/test_ega_zone_a_count,fold5/test_ega_zone_b_pct,fold5/test_ega_zone_b_count,fold5/test_ega_zone_c_pct,fold5/test_ega_zone_c_count,fold5/test_ega_zone_d_pct,fold5/test_ega_zone_d_count,fold5/test_ega_zone_e_pct,fold5/test_ega_zone_e_count,fold5/test_horizon_15_mae,fold5/test_horizon_15_rmse,fold5/test_horizon_15_mard,fold5/test_horizon_15_r2,fold5/test_horizon_15_pearson,fold5/test_horizon_15_ega_zone_a_pct,fold5/test_horizon_15_ega_zone_a_count,fold5/test_horizon_15_ega_zone_b_pct,fold5/test_horizon_15_ega_zone_b_count,fold5/test_horizon_15_ega_zone_c_pct,fold5/test_horizon_15_ega_zone_c_count,fold5/test_horizon_15_ega_zone_d_pct,fold5/test_horizon_15_ega_zone_d_count,fold5/test_horizon_15_ega_zone_e_pct,fold5/test_horizon_15_ega_zone_e_count,fold5/test_horizon_30_mae,fold5/test_horizon_30_rmse,fold5/test_horizon_30_mard,fold5/test_horizon_30_r2,fold5/test_horizon_30_pearson,fold5/test_horizon_30_ega_zone_a_pct,fold5/test_horizon_30_ega_zone_a_count,fold5/test_horizon_30_ega_zone_b_pct,fold5/test_horizon_30_ega_zone_b_count,fold5/test_horizon_30_ega_zone_c_pct,fold5/test_horizon_30_ega_zone_c_count,fold5/test_horizon_30_ega_zone_d_pct,fold5/test_horizon_30_ega_zone_d_count,fold5/test_horizon_30_ega_zone_e_pct,fold5/test_horizon_30_ega_zone_e_count,fold5/test_horizon_45_mae,fold5/test_horizon_45_rmse,fold5/test_horizon_45_mard,fold5/test_horizon_45_r2,fold5/test_horizon_45_pearson,fold5/test_horizon_45_ega_zone_a_pct,fold5/test_horizon_45_ega_zone_a_count,fold5/test_horizon_45_ega_zone_b_pct,fold5/test_horizon_45_ega_zone_b_count,fold5/test_horizon_45_ega_zone_c_pct,fold5/test_horizon_45_ega_zone_c_count,fold5/test_horizon_45_ega_zone_d_pct,fold5/test_horizon_45_ega_zone_d_count,fold5/test_horizon_45_ega_zone_e_pct,fold5/test_horizon_45_ega_zone_e_count,fold5/test_horizon_60_mae,fold5/test_horizon_60_rmse,fold5/test_horizon_60_mard,fold5/test_horizon_60_r2,fold5/test_horizon_60_pearson,fold5/test_horizon_60_ega_zone_a_pct,fold5/test_horizon_60_ega_zone_a_count,fold5/test_horizon_60_ega_zone_b_pct,fold5/test_horizon_60_ega_zone_b_count,fold5/test_horizon_60_ega_zone_c_pct,fold5/test_horizon_60_ega_zone_c_count,fold5/test_horizon_60_ega_zone_d_pct,fold5/test_horizon_60_ega_zone_d_count,fold5/test_horizon_60_ega_zone_e_pct,fold5/test_horizon_60_ega_zone_e_count
0,0.1730850755597596,7.783804416656494,11.170853614807129,7.450336933135986,0.45634037256240845,0.7040953636169434,93.77565002441406,8226.0,6.212950229644775,545.0,0.0,0.0,0.011399908922612667,1.0,0.0,0.0,4.224027633666992,5.900579929351807,4.01578426361084,0.8471046686172485,0.9248324036598206,99.45280456542969,2181.0,0.5471956729888916,12.0,0.0,0.0,0.0,0.0,0.0,0.0,7.37155818939209,10.317249298095703,7.028353214263916,0.5385056734085083,0.7541398406028748,95.44003295898438,2093.0,4.559963703155518,100.0,0.0,0.0,0.0,0.0,0.0,0.0,9.172883033752441,12.676477432250977,8.77087116241455,0.3031877279281616,0.5995782017707825,92.24806213378906,2023.0,7.7519378662109375,170.0,0.0,0.0,0.0,0.0,0.0,0.0,10.36674976348877,14.0426607131958,9.986342430114746,0.1393646001815796,0.4824279844760895,87.96170043945312,1929.0,11.992704391479492,263.0,0.0,0.0,0.04559963569045067,1.0,0.0,0.0
step,fold6/train_loss,fold6/val_mae,fold6/val_rmse,fold6/val_mard,fold6/val_r2,fold6/val_pearson,fold6/val_ega_zone_a_pct,fold6/val_ega_zone_a_count,fold6/val_ega_zone_b_pct,fold6/val_ega_zone_b_count,fold6/val_ega_zone_c_pct,fold6/val_ega_zone_c_count,fold6/val_ega_zone_d_pct,fold6/val_ega_zone_d_count,fold6/val_ega_zone_e_pct,fold6/val_ega_zone_e_count,fold6/val_horizon_15_mae,fold6/val_horizon_15_rmse,fold6/val_horizon_15_mard,fold6/val_horizon_15_r2,fold6/val_horizon_15_pearson,fold6/val_horizon_15_ega_zone_a_pct,fold6/val_horizon_15_ega_zone_a_count,fold6/val_horizon_15_ega_zone_b_pct,fold6/val_horizon_15_ega_zone_b_count,fold6/val_horizon_15_ega_zone_c_pct,fold6/val_horizon_15_ega_zone_c_count,fold6/val_horizon_15_ega_zone_d_pct,fold6/val_horizon_15_ega_zone_d_count,fold6/val_horizon_15_ega_zone_e_pct,fold6/val_horizon_15_ega_zone_e_count,fold6/val_horizon_30_mae,fold6/val_horizon_30_rmse,fold6/val_horizon_30_mard,fold6/val_horizon_30_r2,fold6/val_horizon_30_pearson,fold6/val_horizon_30_ega_zone_a_pct,fold6/val_horizon_30_ega_zone_a_count,fold6/val_horizon_30_ega_zone_b_pct,fold6/val_horizon_30_ega_zone_b_count,fold6/val_horizon_30_ega_zone_c_pct,fold6/val_horizon_30_ega_zone_c_count,fold6/val_horizon_30_ega_zone_d_pct,fold6/val_horizon_30_ega_zone_d_count,fold6/val_horizon_30_ega_zone_e_pct,fold6/val_horizon_30_ega_zone_e_count,fold6/val_horizon_45_mae,fold6/val_horizon_45_rmse,fold6/val_horizon_45_mard,fold6/val_horizon_45_r2,fold6/val_horizon_45_pearson,fold6/val_horizon_45_ega_zone_a_pct,fold6/val_horizon_45_ega_zone_a_count,fold6/val_horizon_45_ega_zone_b_pct,fold6/val_horizon_45_ega_zone_b_count,fold6/val_horizon_45_ega_zone_c_pct,fold6/val_horizon_45_ega_zone_c_count,fold6/val_horizon_45_ega_zone_d_pct,fold6/val_horizon_45_ega_zone_d_count,fold6/val_horizon_45_ega_zone_e_pct,fold6/val_horizon_45_ega_zone_e_count,fold6/val_horizon_60_mae,fold6/val_horizon_60_rmse,fold6/val_horizon_60_mard,fold6/val_horizon_60_r2,fold6/val_horizon_60_pearson,fold6/val_horizon_60_ega_zone_a_pct,fold6/val_horizon_60_ega_zone_a_count,fold6/val_horizon_60_ega_zone_b_pct,fold6/val_horizon_60_ega_zone_b_count,fold6/val_horizon_60_ega_zone_c_pct,fold6/val_horizon_60_ega_zone_c_count,fold6/val_horizon_60_ega_zone_d_pct,fold6/val_horizon_60_ega_zone_d_count,fold6/val_horizon_60_ega_zone_e_pct,fold6/val_horizon_60_ega_zone_e_count,fold6/diag_horizon_query_similarity,fold6/diag_horizon_progressive_gate,fold6/diag_horizon_attention_similarity,fold6/diag_horizon_attention_entropy,fold6/diag_horizon_curriculum_progress,fold6/diag_loss_horizon_weight_0,fold6/diag_loss_horizon_weight_1,fold6/diag_loss_horizon_weight_2,fold6/diag_loss_horizon_weight_3
1,0.2640092923216305,11.733567237854004,19.064695358276367,11.197349548339844,0.4065871834754944,0.6812902092933655,83.67626953125,17080.0,14.956888198852539,3053.0,0.004899078980088234,1.0,1.3570448160171509,277.0,0.004899078980088234,1.0,6.5615315437316895,10.231950759887695,6.1943511962890625,0.8301039934158325,0.912593424320221,94.90496063232422,4843.0,4.605134010314941,235.0,0.0,0.0,0.4899078905582428,25.0,0.0,0.0,11.005619049072266,17.045442581176758,10.461121559143066,0.5261788368225098,0.7480322122573853,84.93043518066406,4334.0,13.834999084472656,706.0,0.0,0.0,1.2345678806304932,63.0,0.0,0.0,13.663788795471191,21.384138107299805,13.020462036132812,0.2514386773109436,0.5905837416648865,79.48265838623047,4056.0,18.812461853027344,960.0,0.0,0.0,1.7048795223236084,87.0,0.0,0.0,15.703329086303711,24.522014617919922,15.113465309143066,0.01367497444152832,0.4545837640762329,75.38702392578125,3847.0,22.574954986572266,1152.0,0.019596315920352936,1.0,1.9988242387771606,102.0,0.019596315920352936,1.0,-0.017107876017689705,0.11920291930437088,0.9999776482582092,0.9999937415122986,0.0,0.3333333432674408,0.28333333134651184,0.21666665375232697,0.1666666716337204
2,0.25996165281507433,11.824012756347656,18.87055015563965,11.374868392944336,0.41861164569854736,0.6816457509994507,83.529296875,17050.0,15.049970626831055,3072.0,0.0,0.0,1.420732855796814,290.0,0.0,0.0,6.661201000213623,10.221954345703125,6.326085090637207,0.8304358720779419,0.9126667976379395,94.92455291748047,4844.0,4.5267486572265625,231.0,0.0,0.0,0.5486968159675598,28.0,0.0,0.0,11.044340133666992,16.948841094970703,10.545173645019531,0.5315341949462891,0.7461480498313904,84.93043518066406,4334.0,13.795806884765625,704.0,0.0,0.0,1.2737605571746826,65.0,0.0,0.0,13.781002044677734,21.170637130737305,13.257442474365234,0.26631152629852295,0.5879949331283569,79.09072875976562,4036.0,19.145601272583008,977.0,0.0,0.0,1.763668417930603,90.0,0.0,0.0,15.809508323669434,24.175262451171875,15.370777130126953,0.041371822357177734,0.45291218161582947,75.17147064208984,3836.0,22.731725692749023,1160.0,0.0,0.0,2.0968058109283447,107.0,0.0,0.0,-0.01385000441223383,0.11920291930437088,0.9995905756950378,0.9998462796211243,0.07142857142857142,0.3245614171028137,0.2788847088813782,0.21998745203018188,0.17656642198562622
3,0.2591961587217667,11.778782844543457,18.815690994262695,11.333264350891113,0.4219871759414673,0.680061936378479,83.59788513183594,17064.0,14.976485252380371,3057.0,0.0,0.0,1.4256319999694824,291.0,0.0,0.0,6.638970851898193,10.231119155883789,6.297756671905518,0.8301316499710083,0.9122889041900635,94.82657623291016,4839.0,4.624730587005615,236.0,0.0,0.0,0.5486968159675598,28.0,0.0,0.0,11.046175956726074,16.960037231445312,10.545916557312012,0.5309150218963623,0.7433533668518066,85.0284194946289,4339.0,13.69782543182373,699.0,0.0,0.0,1.2737605571746826,65.0,0.0,0.0,13.7591552734375,21.136425018310547,13.248473167419434,0.26868098974227905,0.5832272171974182,79.24749755859375,4044.0,18.9692325592041,968.0,0.0,0.0,1.7832647562026978,91.0,0.0,0.0,15.670825958251953,24.021942138671875,15.240912437438965,0.05349266529083252,0.44831883907318115,75.28904724121094,3842.0,22.61414909362793,1154.0,0.0,0.0,2.0968058109283447,107.0,0.0,0.0,-0.008038573898375034,0.11920291930437088,0.9940589070320129,0.9973106384277344,0.14285714285714285,0.31578949093818665,0.2744360864162445,0.223308265209198,0.18646617233753204
4,0.25886227211146157,11.75510025024414,18.82231330871582,11.296050071716309,0.42158013582229614,0.6773377060890198,83.66157531738281,17077.0,14.893199920654297,3040.0,0.0,0.0,1.4452283382415771,295.0,0.0,0.0,6.64736270904541,10.220255851745605,6.3117170333862305,0.8304921984672546,0.9124758243560791,94.98334503173828,4847.0,4.467959880828857,228.0,0.0,0.0,0.5486968159675598,28.0,0.0,0.0,11.019871711730957,16.99473762512207,10.502079963684082,0.5289936065673828,0.7409018278121948,85.0284194946289,4339.0,13.69782543182373,699.0,0.0,0.0,1.2737605571746826,65.0,0.0,0.0,13.739418029785156,21.18332862854004,13.202449798583984,0.26543164253234863,0.5767726302146912,79.24749755859375,4044.0,18.949636459350586,967.0,0.0,0.0,1.8028610944747925,92.0,0.0,0.0,15.613750457763672,23.9814510345459,15.167951583862305,0.05668079853057861,0.44100821018218994,75.38702392578125,3847.0,22.457378387451172,1146.0,0.0,0.0,2.155594825744629,110.0,0.0,0.0,0.003903362900018692,0.11920291930437088,0.9791183471679688,0.9879950881004333,0.21428571428571427,0.30701756477355957,0.26998746395111084,0.22662906348705292,0.19636592268943787
5,0.2583658119767945,11.705439567565918,18.726848602294922,11.2495698928833,0.42743271589279175,0.6793849468231201,83.82814025878906,17111.0,14.721732139587402,3005.0,0.0,0.0,1.450127363204956,296.0,0.0,0.0,6.596200466156006,10.114555358886719,6.267567157745361,0.8339802622795105,0.9141696095466614,95.15970611572266,4856.0,4.291593074798584,219.0,0.0,0.0,0.5486968159675598,28.0,0.0,0.0,10.972952842712402,16.905275344848633,10.456059455871582,0.5339393019676208,0.7427902221679688,85.18518829345703,4347.0,13.541054725646973,691.0,0.0,0.0,1.2737605571746826,65.0,0.0,0.0,13.702472686767578,21.08794403076172,13.168371200561523,0.27203190326690674,0.5789293050765991,79.32588195800781,4048.0,18.871252059936523,963.0,0.0,0.0,1.8028610944747925,92.0,0.0,0.0,15.550134658813477,23.874364852905273,15.106281280517578,0.06508654356002808,0.44306865334510803,75.64178466796875,3860.0,22.183029174804688,1132.0,0.0,0.0,2.1751909255981445,111.0,0.0,0.0,0.029519885778427124,0.11920291930437088,0.9751997590065002,0.9603148102760315,0.2857142857142857,0.2982456088066101,0.2655388414859772,0.22994986176490784,0.2062656730413437
6,0.25162839409594373,11.522714614868164,18.42639923095703,11.062248229980469,0.44565755128860474,0.6870253682136536,84.1612777709961,17179.0,14.39349365234375,2938.0,0.0,0.0,1.4452283382415771,295.0,0.0,0.0,6.279352188110352,9.652592658996582,5.9538254737854,0.8487992286682129,0.9216933846473694,95.76719665527344,4887.0,3.6841073036193848,188.0,0.0,0.0,0.5486968159675598,28.0,0.0,0.0,10.792967796325684,16.606489181518555,10.268731117248535,0.5502682328224182,0.7499628663063049,85.51832580566406,4364.0,13.227513313293457,675.0,0.0,0.0,1.254164218902588,64.0,0.0,0.0,13.590332984924316,20.841144561767578,13.047872543334961,0.28897154331207275,0.5831591486930847,79.6394271850586,4064.0,18.557710647583008,947.0,0.0,0.0,1.8028610944747925,92.0,0.0,0.0,15.428207397460938,23.55477523803711,14.978562355041504,0.08994907140731812,0.4483165740966797,75.72016906738281,3864.0,22.104644775390625,1128.0,0.0,0.0,2.1751909255981445,111.0,0.0,0.0,0.06081981584429741,0.11920291930437088,0.9849550724029541,0.9300016760826111,0.35714285714285715,0.28947368264198303,0.2610902190208435,0.23327067494392395,0.2161654233932495
7,0.2484733286940351,11.328868865966797,18.118505477905273,10.872447967529297,0.4640282392501831,0.6979656219482422,84.50910949707031,17250.0,14.065255165100098,2871.0,0.0,0.0,1.4256319999694824,291.0,0.0,0.0,5.968316555023193,9.063285827636719,5.679699420928955,0.8666977286338806,0.9313502311706543,96.53144836425781,4926.0,2.978640079498291,152.0,0.0,0.0,0.4899078905582428,25.0,0.0,0.0,10.5819673538208,16.21910858154297,10.071944236755371,0.5710052251815796,0.7625492811203003,86.08661651611328,4393.0,12.678816795349121,647.0,0.0,0.0,1.2345678806304932,63.0,0.0,0.0,13.439282417297363,20.57358169555664,12.881295204162598,0.3071109652519226,0.5937619805335999,79.83538818359375,4074.0,18.36174774169922,937.0,0.0,0.0,1.8028610944747925,92.0,0.0,0.0,15.325906753540039,23.33765411376953,14.856857299804688,0.10664898157119751,0.45482274889945984,75.58299255371094,3857.0,22.241819381713867,1135.0,0.0,0.0,2.1751909255981445,111.0,0.0,0.0,0.10902389883995056,0.11920291930437088,0.9883114695549011,0.8697808980941772,0.42857142857142855,0.28070175647735596,0.25664159655570984,0.23659147322177887,0.22606515884399414
8,0.24286050523267508,11.263991355895996,17.991558074951172,10.83718204498291,0.4715125560760498,0.7030900120735168,84.69528198242188,17288.0,13.874191284179688,2832.0,0.0,0.0,1.4305310249328613,292.0,0.0,0.0,5.767082214355469,8.627309799194336,5.526229381561279,0.8792139291763306,0.9384832978248596,96.80580139160156,4940.0,2.7238879203796387,139.0,0.0,0.0,0.47031158208847046,24.0,0.0,0.0,10.52699089050293,16.003293991088867,10.051433563232422,0.5823459625244141,0.7701233625411987,86.20419311523438,4399.0,12.522046089172363,639.0,0.0,0.0,1.2737605571746826,65.0,0.0,0.0,13.44945240020752,20.50346565246582,12.914247512817383,0.3118257522583008,0.5961320400238037,79.95296478271484,4080.0,18.244169235229492,931.0,0.0,0.0,1.8028610944747925,92.0,0.0,0.0,15.312439918518066,23.32073211669922,14.856815338134766,0.10794401168823242,0.45267003774642944,75.81814575195312,3869.0,22.006662368774414,1123.0,0.0,0.0,2.1751909255981445,111.0,0.0,0.0,0.1224847137928009,0.11920291930437088,0.9933252930641174,0.8588512539863586,0.5,0.2719298303127289,0.25219297409057617,0.2399122714996338,0.23596492409706116
9,0.2412248192216511,11.223384857177734,17.918489456176758,10.80742359161377,0.4757964611053467,0.7051391005516052,84.66098022460938,17281.0,13.90848445892334,2839.0,0.0,0.0,1.4305310249328613,292.0,0.0,0.0,5.645740985870361,8.406753540039062,5.421252727508545,0.885310709476471,0.9417073726654053,96.98217010498047,4949.0,2.5867135524749756,132.0,0.0,0.0,0.4311189651489258,22.0,0.0,0.0,10.462528228759766,15.857769012451172,10.002066612243652,0.5899072289466858,0.7744401097297668,86.57652282714844,4418.0,12.1497163772583,620.0,0.0,0.0,1.2737605571746826,65.0,0.0,0.0,13.456955909729004,20.477216720581055,12.927566528320312,0.3135867118835449,0.5957034230232239,79.61982727050781,4063.0,18.557710647583008,947.0,0.0,0.0,1.8224574327468872,93.0,0.0,0.0,15.328314781188965,23.29871940612793,14.87881088256836,0.10962730646133423,0.4502033591270447,75.46540832519531,3851.0,22.339799880981445,1140.0,0.0,0.0,2.1947872638702393,112.0,0.0,0.0,0.1315222531557083,0.11920291930437088,0.9915268421173096,0.8588964343070984,0.5714285714285714,0.2631579041481018,0.2477443516254425,0.2432330846786499,0.24586467444896698
10,0.23975953382077964,11.206167221069336,17.910890579223633,10.789164543151855,0.47624093294143677,0.7055570483207703,84.55810546875,17260.0,14.021163940429688,2862.0,0.0,0.0,1.420732855796814,290.0,0.0,0.0,5.549743175506592,8.277478218078613,5.3289690017700195,0.8888108730316162,0.9434634447097778,97.1389389038086,4957.0,2.4495394229888916,125.0,0.0,0.0,0.41152262687683105,21.0,0.0,0.0,10.411232948303223,15.80849552154541,9.9473237991333,0.5924517512321472,0.7760471105575562,86.49813842773438,4414.0,12.208504676818848,623.0,0.0,0.0,1.2933567762374878,66.0,0.0,0.0,13.460617065429688,20.46914291381836,12.925127029418945,0.31412792205810547,0.5957303643226624,79.44346618652344,4054.0,18.75367546081543,957.0,0.0,0.0,1.8028610944747925,92.0,0.0,0.0,15.403075218200684,23.36212921142578,14.955239295959473,0.10477423667907715,0.4467659592628479,75.15187072753906,3835.0,22.672937393188477,1157.0,0.0,0.0,2.1751909255981445,111.0,0.0,0.0,0.14289891719818115,0.11920291930437088,0.9892792105674744,0.8572007417678833,0.6428571428571429,0.25438597798347473,0.24329572916030884,0.24655388295650482,0.2557644248008728
11,0.23840824600288046,11.177661895751953,17.875267028808594,10.757590293884277,0.4783223271369934,0.7061204314231873,84.51400756835938,17251.0,14.079952239990234,2874.0,0.0,0.0,1.4060356616973877,287.0,0.0,0.0,5.4904913902282715,8.166083335876465,5.282639026641846,0.8917834162712097,0.9450024366378784,97.3153076171875,4966.0,2.292768955230713,117.0,0.0,0.0,0.3919263482093811,20.0,0.0,0.0,10.353080749511719,15.72502326965332,9.889676094055176,0.5967442989349365,0.7780019044876099,86.40015411376953,4409.0,12.34567928314209,630.0,0.0,0.0,1.254164218902588,64.0,0.0,0.0,13.47042179107666,20.461654663085938,12.92689037322998,0.31462961435317993,0.5951780676841736,79.36508178710938,4050.0,18.832059860229492,961.0,0.0,0.0,1.8028610944747925,92.0,0.0,0.0,15.396655082702637,23.355087280273438,14.931159019470215,0.10531377792358398,0.44594669342041016,74.97550201416016,3826.0,22.84930419921875,1166.0,0.0,0.0,2.1751909255981445,111.0,0.0,0.0,0.14370779693126678,0.11920291930437088,0.9854521751403809,0.8686020374298096,0.7142857142857143,0.24561403691768646,0.23884710669517517,0.24987469613552094,0.26566416025161743
12,0.2372620715053431,11.114523887634277,17.859891891479492,10.696012496948242,0.47921937704086304,0.7064777612686157,84.62179565429688,17273.0,13.98197078704834,2854.0,0.0,0.0,1.3962374925613403,285.0,0.0,0.0,5.409087657928467,8.067488670349121,5.202924728393555,0.8943808078765869,0.946272611618042,97.41328430175781,4971.0,2.2339799404144287,114.0,0.0,0.0,0.35273367166519165,18.0,0.0,0.0,10.307472229003906,15.69733715057373,9.851581573486328,0.5981630086898804,0.7787596583366394,86.57652282714844,4418.0,12.1693115234375,621.0,0.0,0.0,1.254164218902588,64.0,0.0,0.0,13.404207229614258,20.46320152282715,12.862922668457031,0.3145260214805603,0.5945072770118713,79.48265838623047,4056.0,18.714481353759766,955.0,0.0,0.0,1.8028610944747925,92.0,0.0,0.0,15.337328910827637,23.359575271606445,14.866621971130371,0.1049697995185852,0.4449285566806793,75.01470184326172,3828.0,22.81011199951172,1164.0,0.0,0.0,2.1751909255981445,111.0,0.0,0.0,0.1469571888446808,0.11920291930437088,0.9849922060966492,0.8692668676376343,0.7857142857142857,0.23684212565422058,0.2343984991312027,0.25319552421569824,0.27556392550468445
13,0.23688999618284176,11.126679420471191,17.875944137573242,10.70517349243164,0.4782828688621521,0.70542311668396,84.67078399658203,17283.0,13.947677612304688,2847.0,0.0,0.0,1.381540298461914,282.0,0.0,0.0,5.399664402008057,8.0337553024292,5.2003254890441895,0.8952622413635254,0.9467612504959106,97.47207641601562,4974.0,2.1947872638702393,112.0,0.0,0.0,0.3331373631954193,17.0,0.0,0.0,10.299250602722168,15.69107723236084,9.840047836303711,0.5984834432601929,0.77854984998703,86.73329162597656,4426.0,12.012540817260742,613.0,0.0,0.0,1.254164218902588,64.0,0.0,0.0,13.422426223754883,20.49797821044922,12.872871398925781,0.3121940493583679,0.5918248295783997,79.46305847167969,4055.0,18.773271560668945,958.0,0.0,0.0,1.763668417930603,90.0,0.0,0.0,15.38537883758545,23.393997192382812,14.907447814941406,0.10233020782470703,0.44153115153312683,75.01470184326172,3828.0,22.81011199951172,1164.0,0.0,0.0,2.1751909255981445,111.0,0.0,0.0,0.1465136706829071,0.11920291930437088,0.9844510555267334,0.8703922629356384,0.8571428571428571,0.22807016968727112,0.22994986176490784,0.25651630759239197,0.2854636609554291
14,0.23567156295582767,11.197070121765137,17.93959617614746,10.766861915588379,0.47456079721450806,0.7037936449050903,84.49931335449219,17248.0,14.109347343444824,2880.0,0.0,0.0,1.3913384675979614,284.0,0.0,0.0,5.403776168823242,8.044588088989258,5.201012134552002,0.8949795961380005,0.9466440081596375,97.58965301513672,4980.0,2.07720947265625,106.0,0.0,0.0,0.3331373631954193,17.0,0.0,0.0,10.365523338317871,15.728267669677734,9.908960342407227,0.5965778827667236,0.7779253721237183,86.5373306274414,4416.0,12.188908576965332,622.0,0.0,0.0,1.2737605571746826,65.0,0.0,0.0,13.529803276062012,20.583942413330078,12.964339256286621,0.306412935256958,0.58883136510849,78.97315216064453,4030.0,19.243581771850586,982.0,0.0,0.0,1.7832647562026978,91.0,0.0,0.0,15.489175796508789,23.484546661376953,14.993135452270508,0.0953676700592041,0.4391668736934662,74.8971176147461,3822.0,22.927688598632812,1170.0,0.0,0.0,2.1751909255981445,111.0,0.0,0.0,0.14153127372264862,0.11920291930437088,0.9841997623443604,0.8609005808830261,0.9285714285714286,0.21929824352264404,0.22550123929977417,0.2598370909690857,0.2953633964061737
15,0.23439916033205427,11.263407707214355,18.020963668823242,10.830041885375977,0.4697835445404053,0.7013198733329773,84.42582702636719,17233.0,14.192631721496582,2897.0,0.0,0.0,1.381540298461914,282.0,0.0,0.0,5.401004791259766,8.033443450927734,5.200611591339111,0.8952703475952148,0.94682776927948,97.62884521484375,4982.0,2.0576131343841553,105.0,0.0,0.0,0.313541054725647,16.0,0.0,0.0,10.418085098266602,15.791587829589844,9.951409339904785,0.5933231115341187,0.7762652039527893,86.5373306274414,4416.0,12.208504676818848,623.0,0.0,0.0,1.254164218902588,64.0,0.0,0.0,13.648310661315918,20.696449279785156,13.080941200256348,0.29881030321121216,0.5849835276603699,78.85557556152344,4024.0,19.361160278320312,988.0,0.0,0.0,1.7832647562026978,91.0,0.0,0.0,15.586231231689453,23.59591293334961,15.087203979492188,0.08676749467849731,0.4337632954120636,74.68156433105469,3811.0,23.14324951171875,1181.0,0.0,0.0,2.1751909255981445,111.0,0.0,0.0,0.14080539345741272,0.11920291930437088,0.9893844723701477,0.8545036315917969,1.0,0.21052631735801697,0.2210526168346405,0.2631579041481018,0.3052631616592407
16,0.23083018621627227,11.296812057495117,18.090957641601562,10.860512733459473,0.4656568169593811,0.699970006942749,84.35234069824219,17218.0,14.266118049621582,2912.0,0.0,0.0,1.381540298461914,282.0,0.0,0.0,5.402886867523193,8.038214683532715,5.198406219482422,0.8951458930969238,0.9468300938606262,97.57005310058594,4979.0,2.1164021492004395,108.0,0.0,0.0,0.313541054725647,16.0,0.0,0.0,10.430867195129395,15.83810806274414,9.958532333374023,0.5909234285354614,0.775482714176178,86.32176971435547,4405.0,12.424064636230469,634.0,0.0,0.0,1.254164218902588,64.0,0.0,0.0,13.696892738342285,20.791303634643555,13.129404067993164,0.2923682928085327,0.5828489065170288,78.71839904785156,4017.0,19.498334884643555,995.0,0.0,0.0,1.7832647562026978,91.0,0.0,0.0,15.656603813171387,23.693758010864258,15.155705451965332,0.07917803525924683,0.43242940306663513,74.79914093017578,3817.0,23.025671005249023,1175.0,0.0,0.0,2.1751909255981445,111.0,0.0,0.0,0.1465635448694229,0.11920291930437088,0.9894881844520569,0.8608832359313965,1.0,0.21052631735801697,0.2210526168346405,0.2631579041481018,0.3052631616592407
17,0.22707674680988513,11.305732727050781,18.161724090576172,10.855149269104004,0.4614682197570801,0.6972840428352356,84.2347640991211,17194.0,14.383695602416992,2936.0,0.0,0.0,1.381540298461914,282.0,0.0,0.0,5.397410869598389,8.083464622497559,5.181065559387207,0.893962025642395,0.9460817575454712,97.45247650146484,4973.0,2.214383602142334,113.0,0.0,0.0,0.3331373631954193,17.0,0.0,0.0,10.448274612426758,15.922101974487305,9.958488464355469,0.5865731239318848,0.7723004817962646,86.3609619140625,4407.0,12.404467582702637,633.0,0.0,0.0,1.2345678806304932,63.0,0.0,0.0,13.71130657196045,20.88248634338379,13.129846572875977,0.2861478924751282,0.5787568092346191,78.50283813476562,4006.0,19.71389389038086,1006.0,0.0,0.0,1.7832647562026978,91.0,0.0,0.0,15.665936470031738,23.758344650268555,15.151201248168945,0.07415109872817993,0.4310355484485626,74.62276458740234,3808.0,23.202037811279297,1184.0,0.0,0.0,2.1751909255981445,111.0,0.0,0.0,0.14030160009860992,0.11920291930437088,0.9863410592079163,0.8648453950881958,1.0,0.21052631735801697,0.2210526168346405,0.2631579041481018,0.3052631616592407
18,0.22246675868995855,11.32269287109375,18.19423484802246,10.870213508605957,0.4595385193824768,0.6966511607170105,84.14168548583984,17175.0,14.491476058959961,2958.0,0.0,0.0,1.3668429851531982,279.0,0.0,0.0,5.363140106201172,8.058415412902832,5.151296138763428,0.8946182131767273,0.9464311003684998,97.53086853027344,4977.0,2.1751909255981445,111.0,0.0,0.0,0.29394471645355225,15.0,0.0,0.0,10.471517562866211,15.948763847351074,9.985823631286621,0.5851873159408569,0.7721388339996338,86.20419311523438,4399.0,12.561237335205078,641.0,0.0,0.0,1.2345678806304932,63.0,0.0,0.0,13.754788398742676,20.94981575012207,13.172113418579102,0.28153717517852783,0.5766997337341309,78.40486145019531,4001.0,19.831470489501953,1012.0,0.0,0.0,1.763668417930603,90.0,0.0,0.0,15.70133113861084,23.789173126220703,15.171621322631836,0.071746826171875,0.42950960993766785,74.42680358886719,3798.0,23.398000717163086,1194.0,0.0,0.0,2.1751909255981445,111.0,0.0,0.0,0.1368442177772522,0.11920291930437088,0.9849424362182617,0.8734177947044373,1.0,0.21052631735801697,0.2210526168346405,0.2631579041481018,0.3052631616592407
19,0.2196659288315854,11.350305557250977,18.266809463500977,10.899843215942383,0.45521819591522217,0.6948118209838867,84.13678741455078,17174.0,14.501274108886719,2960.0,0.0,0.0,1.3619439601898193,278.0,0.0,0.0,5.3642497062683105,8.047982215881348,5.158263206481934,0.8948909044265747,0.946658730506897,97.45247650146484,4973.0,2.2535762786865234,115.0,0.0,0.0,0.29394471645355225,15.0,0.0,0.0,10.487093925476074,15.9676513671875,10.002546310424805,0.5842043161392212,0.7718550562858582,86.06702423095703,4392.0,12.718008041381836,649.0,0.0,0.0,1.2149715423583984,62.0,0.0,0.0,13.77224349975586,21.023303985595703,13.187630653381348,0.27648788690567017,0.5750443339347839,78.56163024902344,4009.0,19.674699783325195,1004.0,0.0,0.0,1.763668417930603,90.0,0.0,0.0,15.77763557434082,23.937213897705078,15.25092887878418,0.06015777587890625,0.4251636862754822,74.46600341796875,3800.0,23.358808517456055,1192.0,0.0,0.0,2.1751909255981445,111.0,0.0,0.0,0.13797397911548615,0.11920291930437088,0.9858813285827637,0.8709385991096497,1.0,0.21052631735801697,0.2210526168346405,0.2631579041481018,0.3052631616592407
20,0.21553184666508882,11.389739036560059,18.3475341796875,10.928257942199707,0.45039260387420654,0.6933778524398804,84.043701171875,17155.0,14.589457511901855,2978.0,0.0,0.0,1.3668429851531982,279.0,0.0,0.0,5.368626117706299,8.049064636230469,5.163074493408203,0.8948626518249512,0.9468176960945129,97.4328842163086,4972.0,2.2535762786865234,115.0,0.0,0.0,0.313541054725647,16.0,0.0,0.0,10.521169662475586,16.025571823120117,10.029640197753906,0.5811823606491089,0.7708775997161865,86.08661651611328,4393.0,12.698413848876953,648.0,0.0,0.0,1.2149715423583984,62.0,0.0,0.0,13.83616828918457,21.156707763671875,13.237854957580566,0.26727670431137085,0.5721907615661621,78.36566925048828,3999.0,19.870664596557617,1014.0,0.0,0.0,1.763668417930603,90.0,0.0,0.0,15.832993507385254,24.027385711669922,15.282465934753418,0.05306357145309448,0.4255024790763855,74.28963470458984,3791.0,23.535175323486328,1201.0,0.0,0.0,2.1751909255981445,111.0,0.0,0.0,0.13975833356380463,0.11920291930437088,0.9863176941871643,0.8687196373939514,1.0,0.21052631735801697,0.2210526168346405,0.2631579041481018,0.3052631616592407
step,fold6/test_loss,fold6/test_mae,fold6/test_rmse,fold6/test_mard,fold6/test_r2,fold6/test_pearson,fold6/test_ega_zone_a_pct,fold6/test_ega_zone_a_count,fold6/test_ega_zone_b_pct,fold6/test_ega_zone_b_count,fold6/test_ega_zone_c_pct,fold6/test_ega_zone_c_count,fold6/test_ega_zone_d_pct,fold6/test_ega_zone_d_count,fold6/test_ega_zone_e_pct,fold6/test_ega_zone_e_count,fold6/test_horizon_15_mae,fold6/test_horizon_15_rmse,fold6/test_horizon_15_mard,fold6/test_horizon_15_r2,fold6/test_horizon_15_pearson,fold6/test_horizon_15_ega_zone_a_pct,fold6/test_horizon_15_ega_zone_a_count,fold6/test_horizon_15_ega_zone_b_pct,fold6/test_horizon_15_ega_zone_b_count,fold6/test_horizon_15_ega_zone_c_pct,fold6/test_horizon_15_ega_zone_c_count,fold6/test_horizon_15_ega_zone_d_pct,fold6/test_horizon_15_ega_zone_d_count,fold6/test_horizon_15_ega_zone_e_pct,fold6/test_horizon_15_ega_zone_e_count,fold6/test_horizon_30_mae,fold6/test_horizon_30_rmse,fold6/test_horizon_30_mard,fold6/test_horizon_30_r2,fold6/test_horizon_30_pearson,fold6/test_horizon_30_ega_zone_a_pct,fold6/test_horizon_30_ega_zone_a_count,fold6/test_horizon_30_ega_zone_b_pct,fold6/test_horizon_30_ega_zone_b_count,fold6/test_horizon_30_ega_zone_c_pct,fold6/test_horizon_30_ega_zone_c_count,fold6/test_horizon_30_ega_zone_d_pct,fold6/test_horizon_30_ega_zone_d_count,fold6/test_horizon_30_ega_zone_e_pct,fold6/test_horizon_30_ega_zone_e_count,fold6/test_horizon_45_mae,fold6/test_horizon_45_rmse,fold6/test_horizon_45_mard,fold6/test_horizon_45_r2,fold6/test_horizon_45_pearson,fold6/test_horizon_45_ega_zone_a_pct,fold6/test_horizon_45_ega_zone_a_count,fold6/test_horizon_45_ega_zone_b_pct,fold6/test_horizon_45_ega_zone_b_count,fold6/test_horizon_45_ega_zone_c_pct,fold6/test_horizon_45_ega_zone_c_count,fold6/test_horizon_45_ega_zone_d_pct,fold6/test_horizon_45_ega_zone_d_count,fold6/test_horizon_45_ega_zone_e_pct,fold6/test_horizon_45_ega_zone_e_count,fold6/test_horizon_60_mae,fold6/test_horizon_60_rmse,fold6/test_horizon_60_mard,fold6/test_horizon_60_r2,fold6/test_horizon_60_pearson,fold6/test_horizon_60_ega_zone_a_pct,fold6/test_horizon_60_ega_zone_a_count,fold6/test_horizon_60_ega_zone_b_pct,fold6/test_horizon_60_ega_zone_b_count,fold6/test_horizon_60_ega_zone_c_pct,fold6/test_horizon_60_ega_zone_c_count,fold6/test_horizon_60_ega_zone_d_pct,fold6/test_horizon_60_ega_zone_d_count,fold6/test_horizon_60_ega_zone_e_pct,fold6/test_horizon_60_ega_zone_e_count
0,0.32087784875737557,10.821883201599121,16.941558837890625,8.378829956054688,0.5643543601036072,0.7545011043548584,90.03299713134766,5456.0,9.966997146606445,604.0,0.0,0.0,0.0,0.0,0.0,0.0,4.852058410644531,6.656405925750732,3.9080240726470947,0.9329054355621338,0.9662701487541199,99.53795623779297,1508.0,0.46204620599746704,7.0,0.0,0.0,0.0,0.0,0.0,0.0,9.775644302368164,14.3707275390625,7.634899139404297,0.6867237687110901,0.8308588266372681,92.40924072265625,1400.0,7.590758800506592,115.0,0.0,0.0,0.0,0.0,0.0,0.0,13.212637901306152,19.592832565307617,10.16073226928711,0.4168570041656494,0.6537794470787048,85.47855377197266,1295.0,14.521452903747559,220.0,0.0,0.0,0.0,0.0,0.0,0.0,15.447189331054688,22.657472610473633,11.811665534973145,0.21913856267929077,0.5016620755195618,82.7062759399414,1253.0,17.293729782104492,262.0,0.0,0.0,0.0,0.0,0.0,0.0
step,fold7/train_loss,fold7/val_mae,fold7/val_rmse,fold7/val_mard,fold7/val_r2,fold7/val_pearson,fold7/val_ega_zone_a_pct,fold7/val_ega_zone_a_count,fold7/val_ega_zone_b_pct,fold7/val_ega_zone_b_count,fold7/val_ega_zone_c_pct,fold7/val_ega_zone_c_count,fold7/val_ega_zone_d_pct,fold7/val_ega_zone_d_count,fold7/val_ega_zone_e_pct,fold7/val_ega_zone_e_count,fold7/val_horizon_15_mae,fold7/val_horizon_15_rmse,fold7/val_horizon_15_mard,fold7/val_horizon_15_r2,fold7/val_horizon_15_pearson,fold7/val_horizon_15_ega_zone_a_pct,fold7/val_horizon_15_ega_zone_a_count,fold7/val_horizon_15_ega_zone_b_pct,fold7/val_horizon_15_ega_zone_b_count,fold7/val_horizon_15_ega_zone_c_pct,fold7/val_horizon_15_ega_zone_c_count,fold7/val_horizon_15_ega_zone_d_pct,fold7/val_horizon_15_ega_zone_d_count,fold7/val_horizon_15_ega_zone_e_pct,fold7/val_horizon_15_ega_zone_e_count,fold7/val_horizon_30_mae,fold7/val_horizon_30_rmse,fold7/val_horizon_30_mard,fold7/val_horizon_30_r2,fold7/val_horizon_30_pearson,fold7/val_horizon_30_ega_zone_a_pct,fold7/val_horizon_30_ega_zone_a_count,fold7/val_horizon_30_ega_zone_b_pct,fold7/val_horizon_30_ega_zone_b_count,fold7/val_horizon_30_ega_zone_c_pct,fold7/val_horizon_30_ega_zone_c_count,fold7/val_horizon_30_ega_zone_d_pct,fold7/val_horizon_30_ega_zone_d_count,fold7/val_horizon_30_ega_zone_e_pct,fold7/val_horizon_30_ega_zone_e_count,fold7/val_horizon_45_mae,fold7/val_horizon_45_rmse,fold7/val_horizon_45_mard,fold7/val_horizon_45_r2,fold7/val_horizon_45_pearson,fold7/val_horizon_45_ega_zone_a_pct,fold7/val_horizon_45_ega_zone_a_count,fold7/val_horizon_45_ega_zone_b_pct,fold7/val_horizon_45_ega_zone_b_count,fold7/val_horizon_45_ega_zone_c_pct,fold7/val_horizon_45_ega_zone_c_count,fold7/val_horizon_45_ega_zone_d_pct,fold7/val_horizon_45_ega_zone_d_count,fold7/val_horizon_45_ega_zone_e_pct,fold7/val_horizon_45_ega_zone_e_count,fold7/val_horizon_60_mae,fold7/val_horizon_60_rmse,fold7/val_horizon_60_mard,fold7/val_horizon_60_r2,fold7/val_horizon_60_pearson,fold7/val_horizon_60_ega_zone_a_pct,fold7/val_horizon_60_ega_zone_a_count,fold7/val_horizon_60_ega_zone_b_pct,fold7/val_horizon_60_ega_zone_b_count,fold7/val_horizon_60_ega_zone_c_pct,fold7/val_horizon_60_ega_zone_c_count,fold7/val_horizon_60_ega_zone_d_pct,fold7/val_horizon_60_ega_zone_d_count,fold7/val_horizon_60_ega_zone_e_pct,fold7/val_horizon_60_ega_zone_e_count,fold7/diag_horizon_query_similarity,fold7/diag_horizon_progressive_gate,fold7/diag_horizon_attention_similarity,fold7/diag_horizon_attention_entropy,fold7/diag_horizon_curriculum_progress,fold7/diag_loss_horizon_weight_0,fold7/diag_loss_horizon_weight_1,fold7/diag_loss_horizon_weight_2,fold7/diag_loss_horizon_weight_3
1,0.25951239983021057,11.550925254821777,17.130451202392578,9.47368049621582,0.41796863079071045,0.6831452250480652,87.31449890136719,18357.0,12.395357131958008,2606.0,0.0,0.0,0.2901446223258972,61.0,0.0,0.0,7.0317277908325195,10.300848007202148,5.8275146484375,0.7892255187034607,0.8905600905418396,96.42313385009766,5068.0,3.4627091884613037,182.0,0.0,0.0,0.11415524780750275,6.0,0.0,0.0,11.182257652282715,16.309005737304688,9.174259185791016,0.4724811911582947,0.7146778702735901,88.2039566040039,4636.0,11.51065444946289,605.0,0.0,0.0,0.28538814187049866,15.0,0.0,0.0,13.416608810424805,19.242828369140625,10.994752883911133,0.266170859336853,0.5913963317871094,83.37138366699219,4382.0,16.248098373413086,854.0,0.0,0.0,0.38051748275756836,20.0,0.0,0.0,14.57310962677002,20.770936965942383,11.898194313049316,0.1448458433151245,0.5184119939804077,81.25951385498047,4271.0,18.359970092773438,965.0,0.0,0.0,0.38051748275756836,20.0,0.0,0.0,-0.04258987680077553,0.11920291930437088,0.9988741278648376,0.9998659491539001,0.0,0.3333333432674408,0.28333333134651184,0.21666665375232697,0.1666666716337204
2,0.25658354367344605,11.512598037719727,16.870529174804688,9.451642990112305,0.435496985912323,0.6845346093177795,88.04698944091797,18511.0,11.653348922729492,2450.0,0.0,0.0,0.29965752363204956,63.0,0.0,0.0,7.028472900390625,10.169788360595703,5.828603744506836,0.7945548295974731,0.892328679561615,96.6324234008789,5079.0,3.2153730392456055,169.0,0.0,0.0,0.15220700204372406,8.0,0.0,0.0,11.154956817626953,16.074844360351562,9.163458824157715,0.48752057552337646,0.7162265777587891,88.77473449707031,4666.0,10.939878463745117,575.0,0.0,0.0,0.28538814187049866,15.0,0.0,0.0,13.364153861999512,18.928714752197266,10.966192245483398,0.28993290662765503,0.5916008949279785,84.43683624267578,4438.0,15.182648658752441,798.0,0.0,0.0,0.38051748275756836,20.0,0.0,0.0,14.502806663513184,20.453306198120117,11.848312377929688,0.17080003023147583,0.513346254825592,82.34398651123047,4328.0,17.275493621826172,908.0,0.0,0.0,0.38051748275756836,20.0,0.0,0.0,-0.03696241229772568,0.11920291930437088,0.9979203343391418,0.9996147751808167,0.07142857142857142,0.3245614171028137,0.2788847088813782,0.21998745203018188,0.17656642198562622
3,0.2543404601909432,11.373751640319824,16.6224308013916,9.300609588623047,0.45197808742523193,0.6896733045578003,88.36092376708984,18577.0,11.339421272277832,2384.0,0.0,0.0,0.29965752363204956,63.0,0.0,0.0,6.979615688323975,10.067587852478027,5.778189659118652,0.798663318157196,0.8945842385292053,96.86073303222656,5091.0,2.987062454223633,157.0,0.0,0.0,0.15220700204372406,8.0,0.0,0.0,11.022122383117676,15.85701847076416,9.027236938476562,0.5013153553009033,0.7208048701286316,89.00304412841797,4678.0,10.711567878723145,563.0,0.0,0.0,0.28538814187049866,15.0,0.0,0.0,13.171856880187988,18.633224487304688,10.74909496307373,0.3119291067123413,0.5969210267066956,85.04566192626953,4470.0,14.573820114135742,766.0,0.0,0.0,0.38051748275756836,20.0,0.0,0.0,14.3214111328125,20.130138397216797,11.647918701171875,0.19679605960845947,0.5153393745422363,82.53424835205078,4338.0,17.085235595703125,898.0,0.0,0.0,0.38051748275756836,20.0,0.0,0.0,-0.023222163319587708,0.11920291930437088,0.9863877892494202,0.9920639991760254,0.14285714285714285,0.31578949093818665,0.2744360864162445,0.223308265209198,0.18646617233753204
4,0.24772553454694152,11.396697998046875,16.625015258789062,9.267992973327637,0.45180773735046387,0.6874668598175049,88.33238220214844,18571.0,11.367959976196289,2390.0,0.0,0.0,0.29965752363204956,63.0,0.0,0.0,6.872137069702148,9.885547637939453,5.678121566772461,0.8058785796165466,0.8992955088615417,97.08904266357422,5103.0,2.75875186920166,145.0,0.0,0.0,0.15220700204372406,8.0,0.0,0.0,11.016963005065918,15.788691520690918,8.98089599609375,0.5056036710739136,0.7223020792007446,89.07914733886719,4682.0,10.63546371459961,559.0,0.0,0.0,0.28538814187049866,15.0,0.0,0.0,13.233403205871582,18.648405075073242,10.730993270874023,0.3108075261116028,0.5895453691482544,84.81735229492188,4458.0,14.802130699157715,778.0,0.0,0.0,0.38051748275756836,20.0,0.0,0.0,14.464292526245117,20.268070220947266,11.681962966918945,0.18575119972229004,0.4957737624645233,82.34398651123047,4328.0,17.275493621826172,908.0,0.0,0.0,0.38051748275756836,20.0,0.0,0.0,0.01434492226690054,0.11920291930437088,0.9944249987602234,0.9743613600730896,0.21428571428571427,0.30701756477355957,0.26998746395111084,0.22662906348705292,0.19636592268943787
5,0.24224492956283375,11.284639358520508,16.553010940551758,9.176133155822754,0.456545889377594,0.6907129287719727,88.57971954345703,18623.0,11.125380516052246,2339.0,0.0,0.0,0.2949010729789734,62.0,0.0,0.0,6.4632792472839355,9.214192390441895,5.362732410430908,0.8313499093055725,0.9127517342567444,97.8310546875,5142.0,2.035768747329712,107.0,0.0,0.0,0.1331811249256134,7.0,0.0,0.0,10.844192504882812,15.534686088562012,8.857316970825195,0.5213832259178162,0.7317928671836853,89.59284210205078,4709.0,10.121766090393066,532.0,0.0,0.0,0.28538814187049866,15.0,0.0,0.0,13.257548332214355,18.724321365356445,10.741985321044922,0.3051847815513611,0.5852563977241516,84.83637237548828,4459.0,14.78310489654541,777.0,0.0,0.0,0.38051748275756836,20.0,0.0,0.0,14.573539733886719,20.473905563354492,11.742497444152832,0.16912877559661865,0.4836435914039612,82.05860137939453,4313.0,17.560882568359375,923.0,0.0,0.0,0.38051748275756836,20.0,0.0,0.0,0.04300128296017647,0.11920291930437088,0.9945316314697266,0.9580225348472595,0.2857142857142857,0.2982456088066101,0.2655388414859772,0.22994986176490784,0.2062656730413437
6,0.23759733134851171,11.111855506896973,16.33460235595703,9.041184425354004,0.47079259157180786,0.7005078196525574,88.97450256347656,18706.0,10.74486255645752,2259.0,0.0,0.0,0.2806316614151001,59.0,0.0,0.0,6.06551456451416,8.565608978271484,5.061513900756836,0.8542567491531372,0.9249439835548401,98.2305908203125,5163.0,1.6742769479751587,88.0,0.0,0.0,0.09512937068939209,5.0,0.0,0.0,10.682504653930664,15.19616985321045,8.748138427734375,0.5420150756835938,0.74464350938797,90.06849670410156,4734.0,9.627092361450195,506.0,0.0,0.0,0.3044140040874481,16.0,0.0,0.0,13.175209045410156,18.621225357055664,10.671398162841797,0.31281495094299316,0.5914747714996338,85.04566192626953,4470.0,14.592845916748047,767.0,0.0,0.0,0.3614916205406189,19.0,0.0,0.0,14.524192810058594,20.401803970336914,11.683687210083008,0.1749705672264099,0.48918625712394714,82.55327606201172,4339.0,17.085235595703125,898.0,0.0,0.0,0.3614916205406189,19.0,0.0,0.0,0.047193173319101334,0.11920291930437088,0.9891108870506287,0.9531987905502319,0.35714285714285715,0.28947368264198303,0.2610902190208435,0.23327067494392395,0.2161654233932495
7,0.23589621938692024,11.060047149658203,16.260164260864258,9.009115219116211,0.475604772567749,0.7039838433265686,88.90791320800781,18692.0,10.811452865600586,2273.0,0.0,0.0,0.2806316614151001,59.0,0.0,0.0,5.905998229980469,8.236977577209473,4.952521800994873,0.8652254939079285,0.9306401014328003,98.45890045166016,5175.0,1.4459664821624756,76.0,0.0,0.0,0.09512937068939209,5.0,0.0,0.0,10.633119583129883,15.052878379821777,8.729978561401367,0.5506113767623901,0.7501656413078308,90.06849670410156,4734.0,9.627092361450195,506.0,0.0,0.0,0.3044140040874481,16.0,0.0,0.0,13.13383674621582,18.559520721435547,10.649185180664062,0.31736165285110474,0.5953277945518494,85.08370971679688,4472.0,14.554794311523438,765.0,0.0,0.0,0.3614916205406189,19.0,0.0,0.0,14.56723690032959,20.46164894104004,11.704771995544434,0.17012345790863037,0.4850594103336334,82.02054595947266,4311.0,17.61795997619629,926.0,0.0,0.0,0.3614916205406189,19.0,0.0,0.0,0.055255960673093796,0.11920291930437088,0.9904749393463135,0.9515177011489868,0.42857142857142855,0.28070175647735596,0.25664159655570984,0.23659147322177887,0.22606515884399414
8,0.23539926127951238,11.022662162780762,16.23775863647461,8.979816436767578,0.4770490527153015,0.7050796151161194,88.8318099975586,18676.0,10.887557029724121,2289.0,0.0,0.0,0.2806316614151001,59.0,0.0,0.0,5.781030178070068,8.08676815032959,4.857339859008789,0.8700961470603943,0.9331263899803162,98.53500366210938,5179.0,1.3698630332946777,72.0,0.0,0.0,0.09512937068939209,5.0,0.0,0.0,10.560467720031738,14.929228782653809,8.683877944946289,0.5579639673233032,0.7546592354774475,90.14459991455078,4738.0,9.550989151000977,502.0,0.0,0.0,0.3044140040874481,16.0,0.0,0.0,13.149321556091309,18.555089950561523,10.66299819946289,0.3176875114440918,0.5950313210487366,84.87442779541016,4461.0,14.764079093933105,776.0,0.0,0.0,0.3614916205406189,19.0,0.0,0.0,14.59982681274414,20.544832229614258,11.715052604675293,0.16336220502853394,0.4802379310131073,81.77320861816406,4298.0,17.865297317504883,939.0,0.0,0.0,0.3614916205406189,19.0,0.0,0.0,0.05335770919919014,0.11920291930437088,0.9938852787017822,0.9533241987228394,0.5,0.2719298303127289,0.25219297409057617,0.2399122714996338,0.23596492409706116
9,0.23452439895599564,10.973384857177734,16.13593864440918,8.940797805786133,0.48358678817749023,0.7086528539657593,89.02682495117188,18717.0,10.69254207611084,2248.0,0.0,0.0,0.2806316614151001,59.0,0.0,0.0,5.787551403045654,8.051407814025879,4.851085186004639,0.8712297081947327,0.9340217709541321,98.51598358154297,5178.0,1.388888955116272,73.0,0.0,0.0,0.09512937068939209,5.0,0.0,0.0,10.5397367477417,14.875834465026855,8.658027648925781,0.5611201524734497,0.756587028503418,90.29680633544922,4746.0,9.398782730102539,494.0,0.0,0.0,0.3044140040874481,16.0,0.0,0.0,13.10023021697998,18.48029327392578,10.628698348999023,0.3231773376464844,0.5974566340446472,85.17884826660156,4477.0,14.459665298461914,760.0,0.0,0.0,0.3614916205406189,19.0,0.0,0.0,14.466024398803711,20.342988967895508,11.625382423400879,0.17972052097320557,0.4885692298412323,82.11567687988281,4316.0,17.522830963134766,921.0,0.0,0.0,0.3614916205406189,19.0,0.0,0.0,0.059436921030282974,0.11920291930437088,0.9958090782165527,0.9515233635902405,0.5714285714285714,0.2631579041481018,0.2477443516254425,0.2432330846786499,0.24586467444896698
10,0.23316880814182486,10.983564376831055,16.144031524658203,8.948862075805664,0.48306870460510254,0.7090339660644531,88.95072174072266,18701.0,10.763888359069824,2263.0,0.0,0.0,0.28538814187049866,60.0,0.0,0.0,5.7436113357543945,7.994974613189697,4.814597129821777,0.8730285167694092,0.935099720954895,98.64916229248047,5185.0,1.2557077407836914,66.0,0.0,0.0,0.09512937068939209,5.0,0.0,0.0,10.533056259155273,14.841235160827637,8.65376091003418,0.5631594061851501,0.7580873966217041,90.42998504638672,4753.0,9.26560115814209,487.0,0.0,0.0,0.3044140040874481,16.0,0.0,0.0,13.141670227050781,18.504568099975586,10.6627779006958,0.3213980793952942,0.5972008109092712,84.83637237548828,4459.0,14.802130699157715,778.0,0.0,0.0,0.3614916205406189,19.0,0.0,0.0,14.51591968536377,20.39406967163086,11.664308547973633,0.17559599876403809,0.4866836667060852,81.88736724853516,4304.0,17.732114791870117,932.0,0.0,0.0,0.38051748275756836,20.0,0.0,0.0,0.057807162404060364,0.11920291930437088,0.9941355586051941,0.9505456686019897,0.6428571428571429,0.25438597798347473,0.24329572916030884,0.24655388295650482,0.2557644248008728
11,0.23301714514781255,11.026424407958984,16.236923217773438,8.977803230285645,0.4771028757095337,0.7056120038032532,88.82229614257812,18674.0,10.897069931030273,2291.0,0.0,0.0,0.2806316614151001,59.0,0.0,0.0,5.71520471572876,7.948523044586182,4.797841548919678,0.8744996786117554,0.9356628060340881,98.72526550292969,5189.0,1.1796042919158936,62.0,0.0,0.0,0.09512937068939209,5.0,0.0,0.0,10.558813095092773,14.867337226867676,8.675082206726074,0.5616214275360107,0.7575200200080872,90.29680633544922,4746.0,9.417808532714844,495.0,0.0,0.0,0.28538814187049866,15.0,0.0,0.0,13.181331634521484,18.57453727722168,10.687023162841797,0.3162565231323242,0.5939772725105286,84.66514587402344,4450.0,14.973362922668457,787.0,0.0,0.0,0.3614916205406189,19.0,0.0,0.0,14.650348663330078,20.623294830322266,11.751265525817871,0.15695959329605103,0.47410157322883606,81.60197448730469,4289.0,18.01750373840332,947.0,0.0,0.0,0.38051748275756836,20.0,0.0,0.0,0.04896952584385872,0.11920291930437088,0.9889645576477051,0.9543248414993286,0.7142857142857143,0.24561403691768646,0.23884710669517517,0.24987469613552094,0.26566416025161743
12,0.2326919613441171,10.996758460998535,16.224348068237305,8.945083618164062,0.47791236639022827,0.7056310772895813,88.95072174072266,18701.0,10.763888359069824,2263.0,0.0,0.0,0.28538814187049866,60.0,0.0,0.0,5.697042465209961,7.915943145751953,4.775243759155273,0.8755263686180115,0.9362392425537109,98.8013687133789,5193.0,1.1035007238388062,58.0,0.0,0.0,0.09512937068939209,5.0,0.0,0.0,10.537702560424805,14.891461372375488,8.64381217956543,0.560197651386261,0.7562928795814514,90.41095733642578,4752.0,9.284627914428711,488.0,0.0,0.0,0.3044140040874481,16.0,0.0,0.0,13.148123741149902,18.559049606323242,10.646618843078613,0.3173964023590088,0.5941430330276489,84.9124755859375,4463.0,14.726027488708496,774.0,0.0,0.0,0.3614916205406189,19.0,0.0,0.0,14.604164123535156,20.59276580810547,11.71466064453125,0.15945369005203247,0.47461652755737305,81.6780776977539,4293.0,17.9414005279541,943.0,0.0,0.0,0.38051748275756836,20.0,0.0,0.0,0.05873092636466026,0.11920291930437088,0.989760160446167,0.9556339383125305,0.7857142857142857,0.23684212565422058,0.2343984991312027,0.25319552421569824,0.27556392550468445
13,0.2291864989360513,11.065159797668457,16.316234588623047,9.005012512207031,0.4719820022583008,0.7022365927696228,88.67485046386719,18643.0,11.03500747680664,2320.0,0.0,0.0,0.2901446223258972,61.0,0.0,0.0,5.688287734985352,7.894432544708252,4.771495342254639,0.8762019276618958,0.9365570545196533,98.87747192382812,5197.0,1.0273972749710083,54.0,0.0,0.0,0.09512937068939209,5.0,0.0,0.0,10.600264549255371,14.929463386535645,8.697576522827148,0.5579500198364258,0.7550709843635559,90.39193725585938,4751.0,9.303653717041016,489.0,0.0,0.0,0.3044140040874481,16.0,0.0,0.0,13.258213996887207,18.72166633605957,10.737324714660645,0.3053818345069885,0.5864260792732239,84.15144348144531,4423.0,15.468036651611328,813.0,0.0,0.0,0.38051748275756836,20.0,0.0,0.0,14.713874816894531,20.71632957458496,11.813653945922852,0.14933627843856812,0.4672066271305084,81.2785415649414,4272.0,18.340944290161133,964.0,0.0,0.0,0.38051748275756836,20.0,0.0,0.0,0.04885231330990791,0.11920291930437088,0.9840652346611023,0.963482141494751,0.8571428571428571,0.22807016968727112,0.22994986176490784,0.25651630759239197,0.2854636609554291
14,0.22920233939619153,11.078715324401855,16.299835205078125,9.017069816589355,0.47304296493530273,0.7033436894416809,88.7271728515625,18654.0,10.982686042785645,2309.0,0.0,0.0,0.2901446223258972,61.0,0.0,0.0,5.710537433624268,7.914521217346191,4.786981582641602,0.875571072101593,0.9362483024597168,98.91551971435547,5199.0,0.9893455505371094,52.0,0.0,0.0,0.09512937068939209,5.0,0.0,0.0,10.631464958190918,14.92414379119873,8.72396183013916,0.5582650303840637,0.7555263638496399,90.4680404663086,4755.0,9.22754955291748,485.0,0.0,0.0,0.3044140040874481,16.0,0.0,0.0,13.233609199523926,18.651893615722656,10.718108177185059,0.3105495572090149,0.5910167098045349,84.09436798095703,4420.0,15.525114059448242,816.0,0.0,0.0,0.38051748275756836,20.0,0.0,0.0,14.739246368408203,20.72378921508789,11.839225769042969,0.14872360229492188,0.4688183069229126,81.43074798583984,4280.0,18.188737869262695,956.0,0.0,0.0,0.38051748275756836,20.0,0.0,0.0,0.052050743252038956,0.11920291930437088,0.9864278435707092,0.9634838700294495,0.9285714285714286,0.21929824352264404,0.22550123929977417,0.2598370909690857,0.2953633964061737
15,0.22935689862992603,11.115818977355957,16.368757247924805,9.041979789733887,0.46857714653015137,0.7003299593925476,88.77473449707031,18664.0,10.935121536254883,2299.0,0.0,0.0,0.2901446223258972,61.0,0.0,0.0,5.714078426361084,7.909179210662842,4.791865348815918,0.8757389783859253,0.9362995624542236,98.87747192382812,5197.0,1.0273972749710083,54.0,0.0,0.0,0.09512937068939209,5.0,0.0,0.0,10.633523941040039,14.920771598815918,8.72591781616211,0.5584646463394165,0.7551215887069702,90.50608825683594,4757.0,9.189497947692871,483.0,0.0,0.0,0.3044140040874481,16.0,0.0,0.0,13.289202690124512,18.738006591796875,10.756797790527344,0.30416882038116455,0.5860849022865295,84.57001495361328,4445.0,15.049468040466309,791.0,0.0,0.0,0.38051748275756836,20.0,0.0,0.0,14.826473236083984,20.86737632751465,11.893339157104492,0.1368863582611084,0.4616638123989105,81.14535522460938,4265.0,18.474124908447266,971.0,0.0,0.0,0.38051748275756836,20.0,0.0,0.0,0.04466010257601738,0.11920291930437088,0.9844929575920105,0.9638961553573608,1.0,0.21052631735801697,0.2210526168346405,0.2631579041481018,0.3052631616592407
16,0.22214146206564087,11.140310287475586,16.438859939575195,9.05886173248291,0.46401554346084595,0.697697639465332,88.58448028564453,18624.0,11.125380516052246,2339.0,0.0,0.0,0.2901446223258972,61.0,0.0,0.0,5.720154762268066,7.912048816680908,4.791270732879639,0.8756487965583801,0.9362716674804688,98.89649963378906,5198.0,1.008371353149414,53.0,0.0,0.0,0.09512937068939209,5.0,0.0,0.0,10.65367603302002,14.986844062805176,8.733036041259766,0.554545521736145,0.7529782652854919,90.37290954589844,4750.0,9.32267951965332,490.0,0.0,0.0,0.3044140040874481,16.0,0.0,0.0,13.3312406539917,18.841693878173828,10.789756774902344,0.29644668102264404,0.5812652707099915,84.01826477050781,4416.0,15.601217269897461,820.0,0.0,0.0,0.38051748275756836,20.0,0.0,0.0,14.85616397857666,20.945859909057617,11.921385765075684,0.1303817629814148,0.457534521818161,81.05023193359375,4260.0,18.569255828857422,976.0,0.0,0.0,0.38051748275756836,20.0,0.0,0.0,0.043443094938993454,0.11920291930437088,0.9824119210243225,0.9660727977752686,1.0,0.21052631735801697,0.2210526168346405,0.2631579041481018,0.3052631616592407
17,0.21998831666528534,11.291694641113281,16.662555694580078,9.170761108398438,0.4493292570114136,0.6884265542030334,88.22773742675781,18549.0,11.482115745544434,2414.0,0.0,0.0,0.2901446223258972,61.0,0.0,0.0,5.745852470397949,7.982753276824951,4.806319713592529,0.8734164237976074,0.9351043701171875,98.8013687133789,5193.0,1.1035007238388062,58.0,0.0,0.0,0.09512937068939209,5.0,0.0,0.0,10.77734088897705,15.18159294128418,8.815372467041016,0.5428932905197144,0.7454522252082825,89.89726257324219,4725.0,9.798325538635254,515.0,0.0,0.0,0.3044140040874481,16.0,0.0,0.0,13.559102058410645,19.139020919799805,10.958028793334961,0.2740669846534729,0.56610107421875,83.73287963867188,4401.0,15.886606216430664,835.0,0.0,0.0,0.38051748275756836,20.0,0.0,0.0,15.084481239318848,21.214519500732422,12.103324890136719,0.10793054103851318,0.4421742558479309,80.47945404052734,4230.0,19.140029907226562,1006.0,0.0,0.0,0.38051748275756836,20.0,0.0,0.0,0.04771354794502258,0.11920291930437088,0.9835955500602722,0.9641252160072327,1.0,0.21052631735801697,0.2210526168346405,0.2631579041481018,0.3052631616592407
step,fold7/test_loss,fold7/test_mae,fold7/test_rmse,fold7/test_mard,fold7/test_r2,fold7/test_pearson,fold7/test_ega_zone_a_pct,fold7/test_ega_zone_a_count,fold7/test_ega_zone_b_pct,fold7/test_ega_zone_b_count,fold7/test_ega_zone_c_pct,fold7/test_ega_zone_c_count,fold7/test_ega_zone_d_pct,fold7/test_ega_zone_d_count,fold7/test_ega_zone_e_pct,fold7/test_ega_zone_e_count,fold7/test_horizon_15_mae,fold7/test_horizon_15_rmse,fold7/test_horizon_15_mard,fold7/test_horizon_15_r2,fold7/test_horizon_15_pearson,fold7/test_horizon_15_ega_zone_a_pct,fold7/test_horizon_15_ega_zone_a_count,fold7/test_horizon_15_ega_zone_b_pct,fold7/test_horizon_15_ega_zone_b_count,fold7/test_horizon_15_ega_zone_c_pct,fold7/test_horizon_15_ega_zone_c_count,fold7/test_horizon_15_ega_zone_d_pct,fold7/test_horizon_15_ega_zone_d_count,fold7/test_horizon_15_ega_zone_e_pct,fold7/test_horizon_15_ega_zone_e_count,fold7/test_horizon_30_mae,fold7/test_horizon_30_rmse,fold7/test_horizon_30_mard,fold7/test_horizon_30_r2,fold7/test_horizon_30_pearson,fold7/test_horizon_30_ega_zone_a_pct,fold7/test_horizon_30_ega_zone_a_count,fold7/test_horizon_30_ega_zone_b_pct,fold7/test_horizon_30_ega_zone_b_count,fold7/test_horizon_30_ega_zone_c_pct,fold7/test_horizon_30_ega_zone_c_count,fold7/test_horizon_30_ega_zone_d_pct,fold7/test_horizon_30_ega_zone_d_count,fold7/test_horizon_30_ega_zone_e_pct,fold7/test_horizon_30_ega_zone_e_count,fold7/test_horizon_45_mae,fold7/test_horizon_45_rmse,fold7/test_horizon_45_mard,fold7/test_horizon_45_r2,fold7/test_horizon_45_pearson,fold7/test_horizon_45_ega_zone_a_pct,fold7/test_horizon_45_ega_zone_a_count,fold7/test_horizon_45_ega_zone_b_pct,fold7/test_horizon_45_ega_zone_b_count,fold7/test_horizon_45_ega_zone_c_pct,fold7/test_horizon_45_ega_zone_c_count,fold7/test_horizon_45_ega_zone_d_pct,fold7/test_horizon_45_ega_zone_d_count,fold7/test_horizon_45_ega_zone_e_pct,fold7/test_horizon_45_ega_zone_e_count,fold7/test_horizon_60_mae,fold7/test_horizon_60_rmse,fold7/test_horizon_60_mard,fold7/test_horizon_60_r2,fold7/test_horizon_60_pearson,fold7/test_horizon_60_ega_zone_a_pct,fold7/test_horizon_60_ega_zone_a_count,fold7/test_horizon_60_ega_zone_b_pct,fold7/test_horizon_60_ega_zone_b_count,fold7/test_horizon_60_ega_zone_c_pct,fold7/test_horizon_60_ega_zone_c_count,fold7/test_horizon_60_ega_zone_d_pct,fold7/test_horizon_60_ega_zone_d_count,fold7/test_horizon_60_ega_zone_e_pct,fold7/test_horizon_60_ega_zone_e_count
0,0.256225873798421,9.688610076904297,14.298867225646973,10.496760368347168,0.4017968773841858,0.68180912733078,85.78356170654297,6722.0,12.480856895446777,978.0,0.0,0.0,1.7355793714523315,136.0,0.0,0.0,4.489609241485596,6.551956653594971,4.7911224365234375,0.8754756450653076,0.9373608827590942,98.26441955566406,1925.0,1.4293006658554077,28.0,0.0,0.0,0.3062787353992462,6.0,0.0,0.0,8.726625442504883,12.545570373535156,9.39360523223877,0.5383573770523071,0.7581645846366882,88.4635009765625,1733.0,10.005104064941406,196.0,0.0,0.0,1.5313935279846191,30.0,0.0,0.0,11.695984840393066,16.33515167236328,12.694494247436523,0.2167574167251587,0.5703393220901489,81.26595306396484,1592.0,16.539051055908203,324.0,0.0,0.0,2.194997549057007,43.0,0.0,0.0,13.842216491699219,18.72628402709961,15.107817649841309,-0.029105186462402344,0.4176342487335205,75.14037322998047,1472.0,21.949975967407227,430.0,0.0,0.0,2.9096479415893555,57.0,0.0,0.0
step,fold8/train_loss,fold8/val_mae,fold8/val_rmse,fold8/val_mard,fold8/val_r2,fold8/val_pearson,fold8/val_ega_zone_a_pct,fold8/val_ega_zone_a_count,fold8/val_ega_zone_b_pct,fold8/val_ega_zone_b_count,fold8/val_ega_zone_c_pct,fold8/val_ega_zone_c_count,fold8/val_ega_zone_d_pct,fold8/val_ega_zone_d_count,fold8/val_ega_zone_e_pct,fold8/val_ega_zone_e_count,fold8/val_horizon_15_mae,fold8/val_horizon_15_rmse,fold8/val_horizon_15_mard,fold8/val_horizon_15_r2,fold8/val_horizon_15_pearson,fold8/val_horizon_15_ega_zone_a_pct,fold8/val_horizon_15_ega_zone_a_count,fold8/val_horizon_15_ega_zone_b_pct,fold8/val_horizon_15_ega_zone_b_count,fold8/val_horizon_15_ega_zone_c_pct,fold8/val_horizon_15_ega_zone_c_count,fold8/val_horizon_15_ega_zone_d_pct,fold8/val_horizon_15_ega_zone_d_count,fold8/val_horizon_15_ega_zone_e_pct,fold8/val_horizon_15_ega_zone_e_count,fold8/val_horizon_30_mae,fold8/val_horizon_30_rmse,fold8/val_horizon_30_mard,fold8/val_horizon_30_r2,fold8/val_horizon_30_pearson,fold8/val_horizon_30_ega_zone_a_pct,fold8/val_horizon_30_ega_zone_a_count,fold8/val_horizon_30_ega_zone_b_pct,fold8/val_horizon_30_ega_zone_b_count,fold8/val_horizon_30_ega_zone_c_pct,fold8/val_horizon_30_ega_zone_c_count,fold8/val_horizon_30_ega_zone_d_pct,fold8/val_horizon_30_ega_zone_d_count,fold8/val_horizon_30_ega_zone_e_pct,fold8/val_horizon_30_ega_zone_e_count,fold8/val_horizon_45_mae,fold8/val_horizon_45_rmse,fold8/val_horizon_45_mard,fold8/val_horizon_45_r2,fold8/val_horizon_45_pearson,fold8/val_horizon_45_ega_zone_a_pct,fold8/val_horizon_45_ega_zone_a_count,fold8/val_horizon_45_ega_zone_b_pct,fold8/val_horizon_45_ega_zone_b_count,fold8/val_horizon_45_ega_zone_c_pct,fold8/val_horizon_45_ega_zone_c_count,fold8/val_horizon_45_ega_zone_d_pct,fold8/val_horizon_45_ega_zone_d_count,fold8/val_horizon_45_ega_zone_e_pct,fold8/val_horizon_45_ega_zone_e_count,fold8/val_horizon_60_mae,fold8/val_horizon_60_rmse,fold8/val_horizon_60_mard,fold8/val_horizon_60_r2,fold8/val_horizon_60_pearson,fold8/val_horizon_60_ega_zone_a_pct,fold8/val_horizon_60_ega_zone_a_count,fold8/val_horizon_60_ega_zone_b_pct,fold8/val_horizon_60_ega_zone_b_count,fold8/val_horizon_60_ega_zone_c_pct,fold8/val_horizon_60_ega_zone_c_count,fold8/val_horizon_60_ega_zone_d_pct,fold8/val_horizon_60_ega_zone_d_count,fold8/val_horizon_60_ega_zone_e_pct,fold8/val_horizon_60_ega_zone_e_count,fold8/diag_horizon_query_similarity,fold8/diag_horizon_progressive_gate,fold8/diag_horizon_attention_similarity,fold8/diag_horizon_attention_entropy,fold8/diag_horizon_curriculum_progress,fold8/diag_loss_horizon_weight_0,fold8/diag_loss_horizon_weight_1,fold8/diag_loss_horizon_weight_2,fold8/diag_loss_horizon_weight_3
1,0.2505014446804496,9.271775245666504,14.711930274963379,7.7881855964660645,0.5486064553260803,0.7513824701309204,91.99483489990234,17100.0,7.989025115966797,1485.0,0.0,0.0,0.016139443963766098,3.0,0.0,0.0,5.349599838256836,8.075645446777344,4.517263412475586,0.8636983633041382,0.929885745048523,98.49365234375,4577.0,1.463309645652771,68.0,0.0,0.0,0.04303852096199989,2.0,0.0,0.0,8.706217765808105,13.221001625061035,7.28623104095459,0.6353851556777954,0.8013946413993835,93.522705078125,4346.0,6.477297306060791,301.0,0.0,0.0,0.0,0.0,0.0,0.0,10.793830871582031,16.58905601501465,9.006813049316406,0.4262375235557556,0.677038311958313,89.49860382080078,4159.0,10.501399040222168,488.0,0.0,0.0,0.0,0.0,0.0,0.0,12.237454414367676,18.723134994506836,10.342434883117676,0.2704022526741028,0.5770769715309143,86.46438598632812,4018.0,13.514095306396484,628.0,0.0,0.0,0.021519260480999947,1.0,0.0,0.0,-0.03858830779790878,0.11920291930437088,0.9999799132347107,0.99998939037323,0.0,0.3333333432674408,0.28333333134651184,0.21666665375232697,0.1666666716337204
2,0.24667391043964954,9.430665016174316,14.655282020568848,7.943132400512695,0.552075982093811,0.7485442757606506,92.19926452636719,17138.0,7.784592151641846,1447.0,0.0,0.0,0.016139443963766098,3.0,0.0,0.0,5.444584846496582,8.064952850341797,4.624067306518555,0.8640590906143188,0.9299246072769165,98.47212982177734,4576.0,1.4848289489746094,69.0,0.0,0.0,0.04303852096199989,2.0,0.0,0.0,8.859025001525879,13.222932815551758,7.447821617126465,0.6352787017822266,0.7988293766975403,93.78093719482422,4358.0,6.219066143035889,289.0,0.0,0.0,0.0,0.0,0.0,0.0,10.967716217041016,16.501127243041992,9.198894500732422,0.43230390548706055,0.6718258261680603,89.69227600097656,4168.0,10.30772590637207,479.0,0.0,0.0,0.0,0.0,0.0,0.0,12.451333045959473,18.626123428344727,10.50174617767334,0.2779434323310852,0.5665488243103027,86.85173034667969,4036.0,13.126749038696289,610.0,0.0,0.0,0.021519260480999947,1.0,0.0,0.0,-0.03988022357225418,0.11920291930437088,0.998971164226532,0.9998261332511902,0.07142857142857142,0.3245614171028137,0.2788847088813782,0.21998745203018188,0.17656642198562622
3,0.2481191028604622,9.417173385620117,14.625105857849121,7.96810245513916,0.5539186596870422,0.7496069669723511,92.1669921875,17132.0,7.816871166229248,1453.0,0.0,0.0,0.016139443963766098,3.0,0.0,0.0,5.459957599639893,8.044889450073242,4.655004978179932,0.8647345900535583,0.9301338791847229,98.47212982177734,4576.0,1.4848289489746094,69.0,0.0,0.0,0.04303852096199989,2.0,0.0,0.0,8.83340072631836,13.180949211120605,7.4605913162231445,0.6375910043716431,0.800009548664093,93.7378921508789,4356.0,6.262104034423828,291.0,0.0,0.0,0.0,0.0,0.0,0.0,10.9445219039917,16.465028762817383,9.23155403137207,0.43478500843048096,0.6733447909355164,89.71379089355469,4169.0,10.286206245422363,478.0,0.0,0.0,0.0,0.0,0.0,0.0,12.430814743041992,18.60161590576172,10.525259971618652,0.2798423171043396,0.569150984287262,86.74413299560547,4031.0,13.234344482421875,615.0,0.0,0.0,0.021519260480999947,1.0,0.0,0.0,-0.036513011902570724,0.11920291930437088,0.9904708862304688,0.9982246160507202,0.14285714285714285,0.31578949093818665,0.2744360864162445,0.223308265209198,0.18646617233753204
4,0.24635029082280183,9.384064674377441,14.5186128616333,7.940362930297852,0.5603913068771362,0.7513779997825623,92.21540832519531,17141.0,7.768453121185303,1444.0,0.0,0.0,0.016139443963766098,3.0,0.0,0.0,5.457157135009766,8.019247055053711,4.653290271759033,0.8655955195426941,0.9311124086380005,98.45061492919922,4575.0,1.5063481330871582,70.0,0.0,0.0,0.04303852096199989,2.0,0.0,0.0,8.838091850280762,13.155138969421387,7.4796462059021,0.6390089392662048,0.7998665571212769,93.67333984375,4353.0,6.326662063598633,294.0,0.0,0.0,0.0,0.0,0.0,0.0,10.9005126953125,16.364479064941406,9.189863204956055,0.44166719913482666,0.6729429960250854,89.77835083007812,4172.0,10.221648216247559,475.0,0.0,0.0,0.0,0.0,0.0,0.0,12.340498924255371,18.384729385375977,10.438654899597168,0.2965378165245056,0.571641743183136,86.9593276977539,4041.0,13.01915168762207,605.0,0.0,0.0,0.021519260480999947,1.0,0.0,0.0,-0.021477898582816124,0.11920291930437088,0.9820442795753479,0.9952322244644165,0.21428571428571427,0.30701756477355957,0.26998746395111084,0.22662906348705292,0.19636592268943787
5,0.24397154341766342,9.225855827331543,14.34350299835205,7.800239562988281,0.5709316730499268,0.7572000026702881,92.33914947509766,17164.0,7.644716739654541,1421.0,0.0,0.0,0.016139443963766098,3.0,0.0,0.0,5.259824275970459,7.73412561416626,4.493063926696777,0.874983012676239,0.9368876218795776,98.60124206542969,4582.0,1.3557133674621582,63.0,0.0,0.0,0.04303852096199989,2.0,0.0,0.0,8.669800758361816,12.995444297790527,7.322170734405518,0.6477200984954834,0.8058394193649292,93.823974609375,4360.0,6.176027774810791,287.0,0.0,0.0,0.0,0.0,0.0,0.0,10.766022682189941,16.22403335571289,9.068500518798828,0.4512097239494324,0.6762142777442932,89.907470703125,4178.0,10.092533111572266,469.0,0.0,0.0,0.0,0.0,0.0,0.0,12.207772254943848,18.19413948059082,10.317220687866211,0.31104743480682373,0.5737751722335815,87.02388763427734,4044.0,12.954594612121582,602.0,0.0,0.0,0.021519260480999947,1.0,0.0,0.0,0.003532626898959279,0.11920291930437088,0.9876965880393982,0.9903585910797119,0.2857142857142857,0.2982456088066101,0.2655388414859772,0.22994986176490784,0.2062656730413437
6,0.23594798780015272,8.924088478088379,13.963924407958984,7.564390659332275,0.5933403968811035,0.771061360836029,92.71572875976562,17234.0,7.262750148773193,1350.0,0.0,0.0,0.021519260480999947,4.0,0.0,0.0,4.760012149810791,6.913236618041992,4.111827373504639,0.9001128673553467,0.9490718245506287,99.07467651367188,4604.0,0.8822896480560303,41.0,0.0,0.0,0.04303852096199989,2.0,0.0,0.0,8.322612762451172,12.457612037658691,7.057776927947998,0.6762757897377014,0.8229299783706665,94.38346862792969,4386.0,5.595007419586182,260.0,0.0,0.0,0.021519260480999947,1.0,0.0,0.0,10.577646255493164,15.916213989257812,8.928643226623535,0.4718366265296936,0.6889182925224304,90.27330017089844,4195.0,9.726705551147461,452.0,0.0,0.0,0.0,0.0,0.0,0.0,12.036081314086914,17.990385055541992,10.159309387207031,0.32639211416244507,0.5817804932594299,87.13148498535156,4049.0,12.846997261047363,597.0,0.0,0.0,0.021519260480999947,1.0,0.0,0.0,0.02802734076976776,0.11920291930437088,0.9919946193695068,0.9791387319564819,0.35714285714285715,0.28947368264198303,0.2610902190208435,0.23327067494392395,0.2161654233932495
7,0.23152216899260428,8.755823135375977,13.601522445678711,7.466031074523926,0.6141743659973145,0.7838081121444702,93.06541442871094,17299.0,6.918442249298096,1286.0,0.0,0.0,0.016139443963766098,3.0,0.0,0.0,4.572068691253662,6.4418044090271,3.9851293563842773,0.9132715463638306,0.9559877514839172,99.3974609375,4619.0,0.5810199975967407,27.0,0.0,0.0,0.021519260480999947,1.0,0.0,0.0,8.135360717773438,11.99380111694336,6.953596115112305,0.6999322772026062,0.8368201851844788,94.77082061767578,4404.0,5.207660675048828,242.0,0.0,0.0,0.021519260480999947,1.0,0.0,0.0,10.412568092346191,15.544471740722656,8.838968276977539,0.49622029066085815,0.7049288749694824,90.68215942382812,4214.0,9.317838668823242,433.0,0.0,0.0,0.0,0.0,0.0,0.0,11.903294563293457,17.692567825317383,10.086427688598633,0.3485095500946045,0.5953795909881592,87.4112319946289,4062.0,12.56724739074707,584.0,0.0,0.0,0.021519260480999947,1.0,0.0,0.0,0.0456426776945591,0.11920291930437088,0.9946876168251038,0.9688103199005127,0.42857142857142855,0.28070175647735596,0.25664159655570984,0.23659147322177887,0.22606515884399414
8,0.22971090966217456,8.692178726196289,13.487649917602539,7.427691459655762,0.6206076145172119,0.7879044413566589,93.33440399169922,17349.0,6.644071578979492,1235.0,0.0,0.0,0.021519260480999947,4.0,0.0,0.0,4.543851852416992,6.31598424911499,3.9701414108276367,0.9166263937950134,0.9577350616455078,99.3974609375,4619.0,0.5595007538795471,26.0,0.0,0.0,0.04303852096199989,2.0,0.0,0.0,8.077615737915039,11.826071739196777,6.93194580078125,0.7082663178443909,0.8417052626609802,95.0936050415039,4419.0,4.884871959686279,227.0,0.0,0.0,0.021519260480999947,1.0,0.0,0.0,10.325936317443848,15.433181762695312,8.778115272521973,0.5034080743789673,0.7098796367645264,90.94039154052734,4226.0,9.059608459472656,421.0,0.0,0.0,0.0,0.0,0.0,0.0,11.821309089660645,17.599321365356445,10.030562400817871,0.35535871982574463,0.6002745628356934,87.90617370605469,4085.0,12.072304725646973,561.0,0.0,0.0,0.021519260480999947,1.0,0.0,0.0,0.059877391904592514,0.11920291930437088,0.9960115551948547,0.9643045663833618,0.5,0.2719298303127289,0.25219297409057617,0.2399122714996338,0.23596492409706116
9,0.229133275419942,8.656753540039062,13.446388244628906,7.397019863128662,0.6229254007339478,0.789339005947113,93.33979034423828,17350.0,6.638691425323486,1234.0,0.0,0.0,0.021519260480999947,4.0,0.0,0.0,4.490716457366943,6.244218826293945,3.9242610931396484,0.9185102581977844,0.9586374759674072,99.41898345947266,4620.0,0.5379815101623535,25.0,0.0,0.0,0.04303852096199989,2.0,0.0,0.0,8.03728199005127,11.757645606994629,6.90315580368042,0.711632490158081,0.8436755537986755,95.17967987060547,4423.0,4.798794746398926,223.0,0.0,0.0,0.021519260480999947,1.0,0.0,0.0,10.297440528869629,15.400792121887207,8.757055282592773,0.5054903030395508,0.711266279220581,91.00495147705078,4229.0,8.995051383972168,418.0,0.0,0.0,0.0,0.0,0.0,0.0,11.80157470703125,17.57283592224121,10.003605842590332,0.35729753971099854,0.6008684635162354,87.75554656982422,4078.0,12.222939491271973,568.0,0.0,0.0,0.021519260480999947,1.0,0.0,0.0,0.06582416594028473,0.11920291930437088,0.9963986277580261,0.9590418934822083,0.5714285714285714,0.2631579041481018,0.2477443516254425,0.2432330846786499,0.24586467444896698
10,0.2281005510183365,8.644230842590332,13.408038139343262,7.394873142242432,0.6250731945037842,0.7906174659729004,93.2806167602539,17339.0,6.697869300842285,1245.0,0.0,0.0,0.021519260480999947,4.0,0.0,0.0,4.4839253425598145,6.2223591804504395,3.9197709560394287,0.9190798401832581,0.9589604735374451,99.41898345947266,4620.0,0.5379815101623535,25.0,0.0,0.0,0.04303852096199989,2.0,0.0,0.0,8.03758716583252,11.74864673614502,6.908073902130127,0.7120736837387085,0.8441616892814636,95.330322265625,4430.0,4.648159980773926,216.0,0.0,0.0,0.021519260480999947,1.0,0.0,0.0,10.27954387664795,15.344341278076172,8.74939250946045,0.50910884141922,0.7136096358299255,90.8758316040039,4223.0,9.124165534973145,424.0,0.0,0.0,0.0,0.0,0.0,0.0,11.775867462158203,17.518693923950195,10.00225830078125,0.3612516522407532,0.602931797504425,87.497314453125,4066.0,12.481170654296875,580.0,0.0,0.0,0.021519260480999947,1.0,0.0,0.0,0.06761074811220169,0.11920291930437088,0.9974330067634583,0.9626654386520386,0.6428571428571429,0.25438597798347473,0.24329572916030884,0.24655388295650482,0.2557644248008728
11,0.22698150994362626,8.6156005859375,13.383244514465332,7.36600399017334,0.6264585256576538,0.7915038466453552,93.3882064819336,17359.0,6.590273380279541,1225.0,0.0,0.0,0.021519260480999947,4.0,0.0,0.0,4.461461067199707,6.211920261383057,3.901463270187378,0.9193511009216309,0.9590479731559753,99.3974609375,4619.0,0.5595007538795471,26.0,0.0,0.0,0.04303852096199989,2.0,0.0,0.0,8.00954532623291,11.737181663513184,6.88405179977417,0.7126353979110718,0.8444746732711792,95.2442398071289,4426.0,4.734237194061279,220.0,0.0,0.0,0.021519260480999947,1.0,0.0,0.0,10.284103393554688,15.345770835876465,8.749183654785156,0.5090173482894897,0.7135903239250183,90.94039154052734,4226.0,9.059608459472656,421.0,0.0,0.0,0.0,0.0,0.0,0.0,11.707289695739746,17.4528751373291,9.929312705993652,0.36604225635528564,0.6069554686546326,87.97073364257812,4088.0,12.007746696472168,558.0,0.0,0.0,0.021519260480999947,1.0,0.0,0.0,0.06814231723546982,0.11920291930437088,0.9976673722267151,0.9609725475311279,0.7142857142857143,0.24561403691768646,0.23884710669517517,0.24987469613552094,0.26566416025161743
12,0.22737113325237873,8.53864860534668,13.291890144348145,7.298681735992432,0.6315407752990723,0.7947397232055664,93.51194763183594,17382.0,6.4665374755859375,1202.0,0.0,0.0,0.021519260480999947,4.0,0.0,0.0,4.407743453979492,6.170465469360352,3.85248064994812,0.9204239249229431,0.9595178365707397,99.3974609375,4619.0,0.5595007538795471,26.0,0.0,0.0,0.04303852096199989,2.0,0.0,0.0,7.937410831451416,11.688849449157715,6.817368507385254,0.7149972319602966,0.8457103371620178,95.41639709472656,4434.0,4.562082767486572,212.0,0.0,0.0,0.021519260480999947,1.0,0.0,0.0,10.201868057250977,15.250947952270508,8.676544189453125,0.5150662660598755,0.7178797721862793,91.13406372070312,4235.0,8.865935325622559,412.0,0.0,0.0,0.0,0.0,0.0,0.0,11.607571601867676,17.303239822387695,9.848334312438965,0.3768664598464966,0.6159778237342834,88.09984588623047,4094.0,11.878631591796875,552.0,0.0,0.0,0.021519260480999947,1.0,0.0,0.0,0.08089583367109299,0.11920291930437088,0.9973492622375488,0.962998628616333,0.7857142857142857,0.23684212565422058,0.2343984991312027,0.25319552421569824,0.27556392550468445
13,0.22714011787872318,8.614724159240723,13.390799522399902,7.369200706481934,0.6260366439819336,0.7912887334823608,93.41510772705078,17364.0,6.5633745193481445,1220.0,0.0,0.0,0.021519260480999947,4.0,0.0,0.0,4.4375,6.225956916809082,3.8783068656921387,0.9189862608909607,0.958840548992157,99.41898345947266,4620.0,0.5379815101623535,25.0,0.0,0.0,0.04303852096199989,2.0,0.0,0.0,8.004015922546387,11.798903465270996,6.876671314239502,0.7096051573753357,0.8425431251525879,95.37335968017578,4432.0,4.605121612548828,214.0,0.0,0.0,0.021519260480999947,1.0,0.0,0.0,10.285833358764648,15.365626335144043,8.752885818481445,0.5077459812164307,0.7126837968826294,91.00495147705078,4229.0,8.995051383972168,418.0,0.0,0.0,0.0,0.0,0.0,0.0,11.731550216674805,17.41191864013672,9.968940734863281,0.3690142035484314,0.6100959181785583,87.8631362915039,4083.0,12.11534309387207,563.0,0.0,0.0,0.021519260480999947,1.0,0.0,0.0,0.08812237530946732,0.11920291930437088,0.9966223835945129,0.963619589805603,0.8571428571428571,0.22807016968727112,0.22994986176490784,0.25651630759239197,0.2854636609554291
14,0.22544603729815876,8.601012229919434,13.408004760742188,7.346440315246582,0.6250750422477722,0.7906467318534851,93.57649993896484,17394.0,6.401979923248291,1190.0,0.0,0.0,0.021519260480999947,4.0,0.0,0.0,4.402655601501465,6.178371429443359,3.8490872383117676,0.920219898223877,0.9594581723213196,99.46202087402344,4622.0,0.49494296312332153,23.0,0.0,0.0,0.04303852096199989,2.0,0.0,0.0,7.978047847747803,11.784786224365234,6.845096588134766,0.7102996110916138,0.8429808020591736,95.41639709472656,4434.0,4.562082767486572,212.0,0.0,0.0,0.021519260480999947,1.0,0.0,0.0,10.293512344360352,15.40472412109375,8.745331764221191,0.5052377581596375,0.7109457850456238,91.3277359008789,4244.0,8.672262191772461,403.0,0.0,0.0,0.0,0.0,0.0,0.0,11.729833602905273,17.456787109375,9.946246147155762,0.36575812101364136,0.607171893119812,88.09984588623047,4094.0,11.878631591796875,552.0,0.0,0.0,0.021519260480999947,1.0,0.0,0.0,0.09665318578481674,0.11920291930437088,0.9954157471656799,0.961646556854248,0.9285714285714286,0.21929824352264404,0.22550123929977417,0.2598370909690857,0.2953633964061737
15,0.22425646427361767,8.721774101257324,13.511621475219727,7.455591678619385,0.6192578673362732,0.7870025038719177,93.29137420654297,17341.0,6.68710994720459,1243.0,0.0,0.0,0.021519260480999947,4.0,0.0,0.0,4.422851085662842,6.205982685089111,3.868539333343506,0.91950523853302,0.9591438174247742,99.3974609375,4619.0,0.5595007538795471,26.0,0.0,0.0,0.04303852096199989,2.0,0.0,0.0,8.109439849853516,11.890727996826172,6.96498966217041,0.7050676345825195,0.839880108833313,95.26576232910156,4427.0,4.7127180099487305,219.0,0.0,0.0,0.021519260480999947,1.0,0.0,0.0,10.44482421875,15.529417991638184,8.881696701049805,0.49719560146331787,0.7053626179695129,90.91887664794922,4225.0,9.081127166748047,422.0,0.0,0.0,0.0,0.0,0.0,0.0,11.90998363494873,17.58377456665039,10.107145309448242,0.35649704933166504,0.6001626253128052,87.58338928222656,4070.0,12.39509391784668,576.0,0.0,0.0,0.021519260480999947,1.0,0.0,0.0,0.10630480200052261,0.11920291930437088,0.9950482249259949,0.9619143605232239,1.0,0.21052631735801697,0.2210526168346405,0.2631579041481018,0.3052631616592407
16,0.21857889761343227,8.792168617248535,13.675479888916016,7.5011372566223145,0.6099672317504883,0.7812343239784241,93.03314208984375,17293.0,6.945341110229492,1291.0,0.0,0.0,0.021519260480999947,4.0,0.0,0.0,4.416213512420654,6.240902423858643,3.855579376220703,0.9185968041419983,0.9586455225944519,99.37593841552734,4618.0,0.5810199975967407,27.0,0.0,0.0,0.04303852096199989,2.0,0.0,0.0,8.18465518951416,12.054068565368652,7.019383430480957,0.6969090700149536,0.8349066376686096,95.11512756347656,4420.0,4.8633527755737305,226.0,0.0,0.0,0.021519260480999947,1.0,0.0,0.0,10.551175117492676,15.73144245147705,8.954686164855957,0.48402833938598633,0.6965206861495972,90.51000213623047,4206.0,9.489994049072266,441.0,0.0,0.0,0.0,0.0,0.0,0.0,12.016630172729492,17.786151885986328,10.174901008605957,0.3415992856025696,0.5903684496879578,87.13148498535156,4049.0,12.846997261047363,597.0,0.0,0.0,0.021519260480999947,1.0,0.0,0.0,0.11065530776977539,0.11920291930437088,0.9948180317878723,0.9625980854034424,1.0,0.21052631735801697,0.2210526168346405,0.2631579041481018,0.3052631616592407
17,0.21228629086033038,8.914654731750488,13.793373107910156,7.622826099395752,0.6032134294509888,0.7772814035415649,92.67269134521484,17226.0,7.305788993835449,1358.0,0.0,0.0,0.021519260480999947,4.0,0.0,0.0,4.448975086212158,6.276570796966553,3.890690565109253,0.9176636934280396,0.9581832885742188,99.37593841552734,4618.0,0.5810199975967407,27.0,0.0,0.0,0.04303852096199989,2.0,0.0,0.0,8.278097152709961,12.147418975830078,7.114613056182861,0.6921964883804321,0.8321090936660767,94.7923355102539,4405.0,5.186141490936279,241.0,0.0,0.0,0.021519260480999947,1.0,0.0,0.0,10.721851348876953,15.88149642944336,9.123254776000977,0.4741383194923401,0.6903122067451477,89.86442565917969,4176.0,10.135571479797363,471.0,0.0,0.0,0.0,0.0,0.0,0.0,12.209694862365723,17.940221786499023,10.362744331359863,0.3301432728767395,0.5835920572280884,86.6580581665039,4027.0,13.320422172546387,619.0,0.0,0.0,0.021519260480999947,1.0,0.0,0.0,0.11753019690513611,0.11920291930437088,0.9948599934577942,0.9633905291557312,1.0,0.21052631735801697,0.2210526168346405,0.2631579041481018,0.3052631616592407
18,0.20945163620424254,9.049107551574707,14.009078025817871,7.735289573669434,0.5907062292098999,0.7696350812911987,92.3337631225586,17163.0,7.639337539672852,1420.0,0.0,0.0,0.026899075135588646,5.0,0.0,0.0,4.44264030456543,6.279392242431641,3.8825531005859375,0.9175896644592285,0.9581298232078552,99.37593841552734,4618.0,0.5810199975967407,27.0,0.0,0.0,0.04303852096199989,2.0,0.0,0.0,8.39786148071289,12.320917129516602,7.210208415985107,0.6833411455154419,0.8267737627029419,94.46954345703125,4390.0,5.487411022186279,255.0,0.0,0.0,0.04303852096199989,2.0,0.0,0.0,10.918590545654297,16.160079956054688,9.286919593811035,0.45552778244018555,0.6779366731643677,89.304931640625,4150.0,10.695072174072266,497.0,0.0,0.0,0.0,0.0,0.0,0.0,12.437335014343262,18.238229751586914,10.561477661132812,0.3077043294906616,0.5684808492660522,86.18463134765625,4005.0,13.793845176696777,641.0,0.0,0.0,0.021519260480999947,1.0,0.0,0.0,0.11995135992765427,0.11920291930437088,0.9947680830955505,0.9612242579460144,1.0,0.21052631735801697,0.2210526168346405,0.2631579041481018,0.3052631616592407
19,0.2031718415997472,9.165153503417969,14.226150512695312,7.833365440368652,0.5779238343238831,0.7622759938240051,92.17236328125,17133.0,7.800731658935547,1450.0,0.0,0.0,0.026899075135588646,5.0,0.0,0.0,4.465465545654297,6.3396077156066895,3.9005961418151855,0.916001558303833,0.9572902917861938,99.3113784790039,4615.0,0.6455777883529663,30.0,0.0,0.0,0.04303852096199989,2.0,0.0,0.0,8.492011070251465,12.52664852142334,7.283115386962891,0.6726778745651245,0.8203754425048828,94.53410339355469,4393.0,5.422853469848633,252.0,0.0,0.0,0.04303852096199989,2.0,0.0,0.0,11.06934928894043,16.4153995513916,9.413668632507324,0.43818724155426025,0.6674985885620117,89.15428924560547,4143.0,10.845706939697266,504.0,0.0,0.0,0.0,0.0,0.0,0.0,12.633790969848633,18.519193649291992,10.736082077026367,0.2862100601196289,0.5571489334106445,85.689697265625,3982.0,14.288788795471191,664.0,0.0,0.0,0.021519260480999947,1.0,0.0,0.0,0.11824482679367065,0.11920291930437088,0.9944788813591003,0.96208256483078,1.0,0.21052631735801697,0.2210526168346405,0.2631579041481018,0.3052631616592407
20,0.1978607000831571,9.192974090576172,14.312299728393555,7.845363140106201,0.5727964639663696,0.7594087719917297,92.17236328125,17133.0,7.800731658935547,1450.0,0.0,0.0,0.026899075135588646,5.0,0.0,0.0,4.4551801681518555,6.344882011413574,3.8876023292541504,0.9158617258071899,0.9571678638458252,99.37593841552734,4618.0,0.5810199975967407,27.0,0.0,0.0,0.04303852096199989,2.0,0.0,0.0,8.496182441711426,12.586014747619629,7.271333694458008,0.6695680618286133,0.8184728026390076,94.53410339355469,4393.0,5.422853469848633,252.0,0.0,0.0,0.04303852096199989,2.0,0.0,0.0,11.131997108459473,16.55096435546875,9.451277732849121,0.4288695454597473,0.6623766422271729,89.02517700195312,4137.0,10.974822044372559,510.0,0.0,0.0,0.0,0.0,0.0,0.0,12.688539505004883,18.621706008911133,10.771239280700684,0.2782858610153198,0.5533332228660583,85.7542495727539,3985.0,14.224231719970703,661.0,0.0,0.0,0.021519260480999947,1.0,0.0,0.0,0.11846443265676498,0.11920291930437088,0.9949192404747009,0.9626001119613647,1.0,0.21052631735801697,0.2210526168346405,0.2631579041481018,0.3052631616592407
step,fold8/test_loss,fold8/test_mae,fold8/test_rmse,fold8/test_mard,fold8/test_r2,fold8/test_pearson,fold8/test_ega_zone_a_pct,fold8/test_ega_zone_a_count,fold8/test_ega_zone_b_pct,fold8/test_ega_zone_b_count,fold8/test_ega_zone_c_pct,fold8/test_ega_zone_c_count,fold8/test_ega_zone_d_pct,fold8/test_ega_zone_d_count,fold8/test_ega_zone_e_pct,fold8/test_ega_zone_e_count,fold8/test_horizon_15_mae,fold8/test_horizon_15_rmse,fold8/test_horizon_15_mard,fold8/test_horizon_15_r2,fold8/test_horizon_15_pearson,fold8/test_horizon_15_ega_zone_a_pct,fold8/test_horizon_15_ega_zone_a_count,fold8/test_horizon_15_ega_zone_b_pct,fold8/test_horizon_15_ega_zone_b_count,fold8/test_horizon_15_ega_zone_c_pct,fold8/test_horizon_15_ega_zone_c_count,fold8/test_horizon_15_ega_zone_d_pct,fold8/test_horizon_15_ega_zone_d_count,fold8/test_horizon_15_ega_zone_e_pct,fold8/test_horizon_15_ega_zone_e_count,fold8/test_horizon_30_mae,fold8/test_horizon_30_rmse,fold8/test_horizon_30_mard,fold8/test_horizon_30_r2,fold8/test_horizon_30_pearson,fold8/test_horizon_30_ega_zone_a_pct,fold8/test_horizon_30_ega_zone_a_count,fold8/test_horizon_30_ega_zone_b_pct,fold8/test_horizon_30_ega_zone_b_count,fold8/test_horizon_30_ega_zone_c_pct,fold8/test_horizon_30_ega_zone_c_count,fold8/test_horizon_30_ega_zone_d_pct,fold8/test_horizon_30_ega_zone_d_count,fold8/test_horizon_30_ega_zone_e_pct,fold8/test_horizon_30_ega_zone_e_count,fold8/test_horizon_45_mae,fold8/test_horizon_45_rmse,fold8/test_horizon_45_mard,fold8/test_horizon_45_r2,fold8/test_horizon_45_pearson,fold8/test_horizon_45_ega_zone_a_pct,fold8/test_horizon_45_ega_zone_a_count,fold8/test_horizon_45_ega_zone_b_pct,fold8/test_horizon_45_ega_zone_b_count,fold8/test_horizon_45_ega_zone_c_pct,fold8/test_horizon_45_ega_zone_c_count,fold8/test_horizon_45_ega_zone_d_pct,fold8/test_horizon_45_ega_zone_d_count,fold8/test_horizon_45_ega_zone_e_pct,fold8/test_horizon_45_ega_zone_e_count,fold8/test_horizon_60_mae,fold8/test_horizon_60_rmse,fold8/test_horizon_60_mard,fold8/test_horizon_60_r2,fold8/test_horizon_60_pearson,fold8/test_horizon_60_ega_zone_a_pct,fold8/test_horizon_60_ega_zone_a_count,fold8/test_horizon_60_ega_zone_b_pct,fold8/test_horizon_60_ega_zone_b_count,fold8/test_horizon_60_ega_zone_c_pct,fold8/test_horizon_60_ega_zone_c_count,fold8/test_horizon_60_ega_zone_d_pct,fold8/test_horizon_60_ega_zone_d_count,fold8/test_horizon_60_ega_zone_e_pct,fold8/test_horizon_60_ega_zone_e_count
0,0.2546066736675682,9.853785514831543,13.972936630249023,9.063023567199707,0.3990940451622009,0.657721757888794,88.3246078491211,6748.0,10.890052795410156,832.0,0.0,0.0,0.7853402495384216,60.0,0.0,0.0,6.0558552742004395,8.44825553894043,5.6006927490234375,0.780148983001709,0.8881677985191345,97.32984161376953,1859.0,2.408376932144165,46.0,0.0,0.0,0.26178011298179626,5.0,0.0,0.0,9.959399223327637,13.770373344421387,9.157342910766602,0.4188723564147949,0.6751895546913147,88.11518859863281,1683.0,11.09947681427002,212.0,0.0,0.0,0.7853402495384216,15.0,0.0,0.0,11.318161010742188,15.594261169433594,10.442476272583008,0.25170791149139404,0.5499398708343506,84.65968322753906,1617.0,14.293193817138672,273.0,0.0,0.0,1.047120451927185,20.0,0.0,0.0,12.081732749938965,16.637147903442383,11.051581382751465,0.1448935866355896,0.4600559175014496,83.19371795654297,1589.0,15.759162902832031,301.0,0.0,0.0,1.047120451927185,20.0,0.0,0.0
step,fold9/train_loss,fold9/val_mae,fold9/val_rmse,fold9/val_mard,fold9/val_r2,fold9/val_pearson,fold9/val_ega_zone_a_pct,fold9/val_ega_zone_a_count,fold9/val_ega_zone_b_pct,fold9/val_ega_zone_b_count,fold9/val_ega_zone_c_pct,fold9/val_ega_zone_c_count,fold9/val_ega_zone_d_pct,fold9/val_ega_zone_d_count,fold9/val_ega_zone_e_pct,fold9/val_ega_zone_e_count,fold9/val_horizon_15_mae,fold9/val_horizon_15_rmse,fold9/val_horizon_15_mard,fold9/val_horizon_15_r2,fold9/val_horizon_15_pearson,fold9/val_horizon_15_ega_zone_a_pct,fold9/val_horizon_15_ega_zone_a_count,fold9/val_horizon_15_ega_zone_b_pct,fold9/val_horizon_15_ega_zone_b_count,fold9/val_horizon_15_ega_zone_c_pct,fold9/val_horizon_15_ega_zone_c_count,fold9/val_horizon_15_ega_zone_d_pct,fold9/val_horizon_15_ega_zone_d_count,fold9/val_horizon_15_ega_zone_e_pct,fold9/val_horizon_15_ega_zone_e_count,fold9/val_horizon_30_mae,fold9/val_horizon_30_rmse,fold9/val_horizon_30_mard,fold9/val_horizon_30_r2,fold9/val_horizon_30_pearson,fold9/val_horizon_30_ega_zone_a_pct,fold9/val_horizon_30_ega_zone_a_count,fold9/val_horizon_30_ega_zone_b_pct,fold9/val_horizon_30_ega_zone_b_count,fold9/val_horizon_30_ega_zone_c_pct,fold9/val_horizon_30_ega_zone_c_count,fold9/val_horizon_30_ega_zone_d_pct,fold9/val_horizon_30_ega_zone_d_count,fold9/val_horizon_30_ega_zone_e_pct,fold9/val_horizon_30_ega_zone_e_count,fold9/val_horizon_45_mae,fold9/val_horizon_45_rmse,fold9/val_horizon_45_mard,fold9/val_horizon_45_r2,fold9/val_horizon_45_pearson,fold9/val_horizon_45_ega_zone_a_pct,fold9/val_horizon_45_ega_zone_a_count,fold9/val_horizon_45_ega_zone_b_pct,fold9/val_horizon_45_ega_zone_b_count,fold9/val_horizon_45_ega_zone_c_pct,fold9/val_horizon_45_ega_zone_c_count,fold9/val_horizon_45_ega_zone_d_pct,fold9/val_horizon_45_ega_zone_d_count,fold9/val_horizon_45_ega_zone_e_pct,fold9/val_horizon_45_ega_zone_e_count,fold9/val_horizon_60_mae,fold9/val_horizon_60_rmse,fold9/val_horizon_60_mard,fold9/val_horizon_60_r2,fold9/val_horizon_60_pearson,fold9/val_horizon_60_ega_zone_a_pct,fold9/val_horizon_60_ega_zone_a_count,fold9/val_horizon_60_ega_zone_b_pct,fold9/val_horizon_60_ega_zone_b_count,fold9/val_horizon_60_ega_zone_c_pct,fold9/val_horizon_60_ega_zone_c_count,fold9/val_horizon_60_ega_zone_d_pct,fold9/val_horizon_60_ega_zone_d_count,fold9/val_horizon_60_ega_zone_e_pct,fold9/val_horizon_60_ega_zone_e_count,fold9/diag_horizon_query_similarity,fold9/diag_horizon_progressive_gate,fold9/diag_horizon_attention_similarity,fold9/diag_horizon_attention_entropy,fold9/diag_horizon_curriculum_progress,fold9/diag_loss_horizon_weight_0,fold9/diag_loss_horizon_weight_1,fold9/diag_loss_horizon_weight_2,fold9/diag_loss_horizon_weight_3
1,0.24725424457361028,12.694674491882324,20.296648025512695,11.26160717010498,0.3425326943397522,0.6441831588745117,83.64032745361328,11897.0,15.354331016540527,2184.0,0.007030371576547623,1.0,0.9983127117156982,142.0,0.0,0.0,7.289517402648926,11.122929573059082,6.446388244628906,0.8032370805740356,0.8982626795768738,94.79753112792969,3371.0,4.7806525230407715,170.0,0.0,0.0,0.4218222498893738,15.0,0.0,0.0,11.848020553588867,18.126373291015625,10.442020416259766,0.47620469331741333,0.717451810836792,84.73003387451172,3013.0,14.370079040527344,511.0,0.0,0.0,0.8998875617980957,32.0,0.0,0.0,14.757833480834961,22.678241729736328,13.075949668884277,0.17729854583740234,0.5459185242652893,79.44319152832031,2825.0,19.319459915161133,687.0,0.0,0.0,1.2373453378677368,44.0,0.0,0.0,16.88332176208496,26.1003475189209,15.08206844329834,-0.08976376056671143,0.39290493726730347,75.5905532836914,2688.0,22.94713020324707,816.0,0.02812148630619049,1.0,1.434195637702942,51.0,0.0,0.0,-0.04852447286248207,0.11920291930437088,0.9998271465301514,0.999935507774353,0.0,0.3333333432674408,0.28333333134651184,0.21666665375232697,0.1666666716337204
2,0.2441724313971262,12.569436073303223,20.032533645629883,11.204026222229004,0.3595322370529175,0.643379271030426,83.7528076171875,11913.0,15.227784156799316,2166.0,0.0,0.0,1.0194038152694702,145.0,0.0,0.0,7.291234016418457,11.066577911376953,6.479875087738037,0.8052257299423218,0.8982709646224976,94.74128723144531,3369.0,4.808773994445801,171.0,0.0,0.0,0.44994378089904785,16.0,0.0,0.0,11.822484970092773,18.024330139160156,10.466007232666016,0.48208552598953247,0.714327335357666,84.9831314086914,3022.0,14.08886432647705,501.0,0.0,0.0,0.928009033203125,33.0,0.0,0.0,14.614081382751465,22.41956901550293,13.007918357849121,0.19595932960510254,0.5401982069015503,79.24634552001953,2818.0,19.488187789916992,693.0,0.0,0.0,1.2654668092727661,45.0,0.0,0.0,16.549943923950195,25.597400665283203,14.862306594848633,-0.048169493675231934,0.3866671025753021,76.04049682617188,2704.0,22.52530860900879,801.0,0.0,0.0,1.434195637702942,51.0,0.0,0.0,-0.0477529801428318,0.11920291930437088,0.9977120757102966,0.9994117617607117,0.07142857142857142,0.3245614171028137,0.2788847088813782,0.21998745203018188,0.17656642198562622
3,0.2444608067277867,12.481508255004883,19.899208068847656,11.13699722290039,0.36802905797958374,0.6449068784713745,84.09027099609375,11961.0,14.876265525817871,2116.0,0.0,0.0,1.0334645509719849,147.0,0.0,0.0,7.265496253967285,10.993847846984863,6.464166164398193,0.8077774047851562,0.8993757963180542,94.85376739501953,3373.0,4.668166637420654,166.0,0.0,0.0,0.47806525230407715,17.0,0.0,0.0,11.76690673828125,17.923418045043945,10.427292823791504,0.4878685474395752,0.7152681946754456,85.23622131347656,3031.0,13.807648658752441,491.0,0.0,0.0,0.9561305046081543,34.0,0.0,0.0,14.491954803466797,22.27070426940918,12.910116195678711,0.20660138130187988,0.5409771800041199,79.6962890625,2834.0,19.038244247436523,677.0,0.0,0.0,1.2654668092727661,45.0,0.0,0.0,16.40167808532715,25.41291046142578,14.746411323547363,-0.03311479091644287,0.3866878151893616,76.57479858398438,2723.0,21.99100112915039,782.0,0.0,0.0,1.434195637702942,51.0,0.0,0.0,-0.04662042483687401,0.11920291930437088,0.9913709759712219,0.9979737401008606,0.14285714285714285,0.31578949093818665,0.2744360864162445,0.223308265209198,0.18646617233753204
4,0.2440553760394556,12.39919662475586,19.761436462402344,11.067103385925293,0.3767496943473816,0.6460839509963989,84.31523895263672,11993.0,14.651293754577637,2084.0,0.0,0.0,1.0334645509719849,147.0,0.0,0.0,7.2633466720581055,10.96971607208252,6.464079856872559,0.8086203932762146,0.8996315002441406,94.9100112915039,3375.0,4.611923694610596,164.0,0.0,0.0,0.47806525230407715,17.0,0.0,0.0,11.725022315979004,17.8514347076416,10.392245292663574,0.4919739365577698,0.7153180241584778,85.32058715820312,3034.0,13.723283767700195,488.0,0.0,0.0,0.9561305046081543,34.0,0.0,0.0,14.388337135314941,22.130847930908203,12.82320785522461,0.21653497219085693,0.5402688384056091,79.89313507080078,2841.0,18.841394424438477,670.0,0.0,0.0,1.2654668092727661,45.0,0.0,0.0,16.220077514648438,25.164947509765625,14.588883399963379,-0.013052225112915039,0.3855172395706177,77.1372299194336,2743.0,21.428571701049805,762.0,0.0,0.0,1.434195637702942,51.0,0.0,0.0,-0.042874470353126526,0.11920291930437088,0.9807129502296448,0.9951746463775635,0.21428571428571427,0.30701756477355957,0.26998746395111084,0.22662906348705292,0.19636592268943787
5,0.24427628765572929,12.296300888061523,19.632104873657227,10.98071575164795,0.38488084077835083,0.6493804454803467,84.65972900390625,12042.0,14.306805610656738,2035.0,0.0,0.0,1.0334645509719849,147.0,0.0,0.0,7.245142936706543,10.912978172302246,6.458314418792725,0.8105949759483337,0.9006264805793762,95.02249908447266,3379.0,4.4994378089904785,160.0,0.0,0.0,0.47806525230407715,17.0,0.0,0.0,11.666671752929688,17.781387329101562,10.350674629211426,0.4959529638290405,0.7167340517044067,85.62992095947266,3045.0,13.413948059082031,477.0,0.0,0.0,0.9561305046081543,34.0,0.0,0.0,14.258143424987793,21.991514205932617,12.715315818786621,0.22636914253234863,0.5431279540061951,80.20246887207031,2852.0,18.532058715820312,659.0,0.0,0.0,1.2654668092727661,45.0,0.0,0.0,16.015243530273438,24.95557403564453,14.39855670928955,0.0037348270416259766,0.391372948884964,77.78402709960938,2766.0,20.78177833557129,739.0,0.0,0.0,1.434195637702942,51.0,0.0,0.0,-0.01919623278081417,0.11920291930437088,0.9792601466178894,0.9883867502212524,0.2857142857142857,0.2982456088066101,0.2655388414859772,0.22994986176490784,0.2062656730413437
6,0.24462359634262776,12.28796100616455,19.625049591064453,10.979171752929688,0.3853229284286499,0.6496055722236633,84.61754608154297,12036.0,14.34898853302002,2041.0,0.0,0.0,1.0334645509719849,147.0,0.0,0.0,7.210491180419922,10.850491523742676,6.427579402923584,0.8127577900886536,0.9017751812934875,95.1349868774414,3383.0,4.386951923370361,156.0,0.0,0.0,0.47806525230407715,17.0,0.0,0.0,11.651620864868164,17.750194549560547,10.342207908630371,0.49771982431411743,0.7172927856445312,85.62992095947266,3045.0,13.413948059082031,477.0,0.0,0.0,0.9561305046081543,34.0,0.0,0.0,14.250846862792969,21.987401962280273,12.715405464172363,0.2266584038734436,0.543289303779602,80.11811065673828,2849.0,18.616422653198242,662.0,0.0,0.0,1.2654668092727661,45.0,0.0,0.0,16.03888511657715,24.98642921447754,14.43149185180664,0.0012698173522949219,0.3919336795806885,77.58717346191406,2759.0,20.978628158569336,746.0,0.0,0.0,1.434195637702942,51.0,0.0,0.0,0.009818622842431068,0.11920291930437088,0.9942607879638672,0.9813236594200134,0.35714285714285715,0.28947368264198303,0.2610902190208435,0.23327067494392395,0.2161654233932495
7,0.24432057869662976,12.15422534942627,19.420494079589844,10.841320037841797,0.39806991815567017,0.6572027206420898,84.92688751220703,12080.0,14.039650917053223,1997.0,0.0,0.0,1.0334645509719849,147.0,0.0,0.0,7.0953450202941895,10.622172355651855,6.327926158905029,0.8205548524856567,0.9061596989631653,95.5286865234375,3397.0,3.993250846862793,142.0,0.0,0.0,0.47806525230407715,17.0,0.0,0.0,11.54146957397461,17.573646545410156,10.23816204071045,0.5076618194580078,0.7234090566635132,85.88301849365234,3054.0,13.16085433959961,468.0,0.0,0.0,0.9561305046081543,34.0,0.0,0.0,14.110156059265137,21.79671859741211,12.569372177124023,0.2400137186050415,0.5508409142494202,80.56805419921875,2865.0,18.166479110717773,646.0,0.0,0.0,1.2654668092727661,45.0,0.0,0.0,15.86993408203125,24.73583984375,14.229822158813477,0.021201908588409424,0.40165919065475464,77.727783203125,2764.0,20.83802032470703,741.0,0.0,0.0,1.434195637702942,51.0,0.0,0.0,0.03430600464344025,0.11920291930437088,0.9941816329956055,0.9693601727485657,0.42857142857142855,0.28070175647735596,0.25664159655570984,0.23659147322177887,0.22606515884399414
8,0.24102738968116225,12.03183650970459,19.19963264465332,10.729399681091309,0.41168302297592163,0.6631768941879272,85.17294311523438,12115.0,13.800618171691895,1963.0,0.0,0.0,1.0264341831207275,146.0,0.0,0.0,6.906990051269531,10.2898588180542,6.169602870941162,0.8316071033477783,0.9121513366699219,96.03487396240234,3415.0,3.5151853561401367,125.0,0.0,0.0,0.44994378089904785,16.0,0.0,0.0,11.451756477355957,17.350923538208008,10.157841682434082,0.5200622081756592,0.730067789554596,85.93925476074219,3056.0,13.10461139678955,466.0,0.0,0.0,0.9561305046081543,34.0,0.0,0.0,14.041614532470703,21.61329460144043,12.50139331817627,0.25275081396102905,0.5525547862052917,81.01799774169922,2881.0,17.716535568237305,630.0,0.0,0.0,1.2654668092727661,45.0,0.0,0.0,15.726984977722168,24.503742218017578,14.088757514953613,0.03948390483856201,0.40364235639572144,77.69966125488281,2763.0,20.86614227294922,742.0,0.0,0.0,1.434195637702942,51.0,0.0,0.0,0.04651599004864693,0.11920291930437088,0.9899565577507019,0.9571018218994141,0.5,0.2719298303127289,0.25219297409057617,0.2399122714996338,0.23596492409706116
9,0.239191397262958,11.990586280822754,19.16442108154297,10.685242652893066,0.4138389825820923,0.6632593870162964,85.5455551147461,12168.0,13.428009033203125,1910.0,0.0,0.0,1.0264341831207275,146.0,0.0,0.0,6.76871395111084,10.033050537109375,6.0521464347839355,0.8399075269699097,0.916617214679718,96.48481750488281,3431.0,3.065241813659668,109.0,0.0,0.0,0.44994378089904785,16.0,0.0,0.0,11.428804397583008,17.2752628326416,10.143967628479004,0.5242387652397156,0.7320318818092346,86.5016860961914,3076.0,12.542181968688965,446.0,0.0,0.0,0.9561305046081543,34.0,0.0,0.0,14.040982246398926,21.638668060302734,12.477256774902344,0.2509952783584595,0.5484132170677185,81.18672180175781,2887.0,17.547807693481445,624.0,0.0,0.0,1.2654668092727661,45.0,0.0,0.0,15.723841667175293,24.531028747558594,14.067597389221191,0.037343621253967285,0.3941778242588043,78.00899505615234,2774.0,20.556806564331055,731.0,0.0,0.0,1.434195637702942,51.0,0.0,0.0,0.04899163171648979,0.11920291930437088,0.9914128184318542,0.9574156999588013,0.5714285714285714,0.2631579041481018,0.2477443516254425,0.2432330846786499,0.24586467444896698
10,0.2377816608842123,11.88862133026123,18.991111755371094,10.591429710388184,0.4243926405906677,0.6703228950500488,85.7072525024414,12191.0,13.26630973815918,1887.0,0.0,0.0,1.0264341831207275,146.0,0.0,0.0,6.598849296569824,9.755511283874512,5.905234336853027,0.848642110824585,0.9213465452194214,96.54106140136719,3433.0,3.0089988708496094,107.0,0.0,0.0,0.44994378089904785,16.0,0.0,0.0,11.308385848999023,17.05797576904297,10.040034294128418,0.5361316204071045,0.739540696144104,87.00787353515625,3094.0,12.035995483398438,428.0,0.0,0.0,0.9561305046081543,34.0,0.0,0.0,13.97901439666748,21.474714279174805,12.423059463500977,0.2623024582862854,0.5569807887077332,81.2992172241211,2891.0,17.435321807861328,620.0,0.0,0.0,1.2654668092727661,45.0,0.0,0.0,15.66823673248291,24.399621963500977,13.997389793395996,0.047629475593566895,0.4031861126422882,77.98087310791016,2773.0,20.58492660522461,732.0,0.0,0.0,1.434195637702942,51.0,0.0,0.0,0.06232628598809242,0.11920291930437088,0.9927541613578796,0.9562851786613464,0.6428571428571429,0.25438597798347473,0.24329572916030884,0.24655388295650482,0.2557644248008728
11,0.2371892623590512,11.821258544921875,18.907926559448242,10.521180152893066,0.4294242262840271,0.6734081506729126,85.69319152832031,12189.0,13.294431686401367,1891.0,0.0,0.0,1.012373447418213,144.0,0.0,0.0,6.477782249450684,9.567428588867188,5.788032054901123,0.8544220924377441,0.9243957996368408,96.96288299560547,3448.0,2.6434195041656494,94.0,0.0,0.0,0.3937007784843445,14.0,0.0,0.0,11.246223449707031,16.97956085205078,9.972622871398926,0.5403865575790405,0.7421849370002747,86.7547836303711,3085.0,12.28908920288086,437.0,0.0,0.0,0.9561305046081543,34.0,0.0,0.0,13.951635360717773,21.41187286376953,12.382872581481934,0.2666137218475342,0.5604166984558105,81.10235595703125,2884.0,17.632171630859375,627.0,0.0,0.0,1.2654668092727661,45.0,0.0,0.0,15.609392166137695,24.32548713684082,13.941195487976074,0.053407907485961914,0.40744903683662415,77.95275115966797,2772.0,20.613048553466797,733.0,0.0,0.0,1.434195637702942,51.0,0.0,0.0,0.06646968424320221,0.11920291930437088,0.9923917651176453,0.9578787684440613,0.7142857142857143,0.24561403691768646,0.23884710669517517,0.24987469613552094,0.26566416025161743
12,0.23547172379569734,11.779959678649902,18.830476760864258,10.493077278137207,0.43408894538879395,0.675283670425415,85.78459167480469,12202.0,13.196006774902344,1877.0,0.0,0.0,1.0194038152694702,145.0,0.0,0.0,6.379708290100098,9.37152099609375,5.71006965637207,0.8603229522705078,0.927574872970581,97.07536315917969,3452.0,2.5309336185455322,90.0,0.0,0.0,0.3937007784843445,14.0,0.0,0.0,11.219594955444336,16.895721435546875,9.958986282348633,0.5449142456054688,0.7442800402641296,86.69853973388672,3083.0,12.31721019744873,438.0,0.0,0.0,0.9842519760131836,35.0,0.0,0.0,13.93836784362793,21.369937896728516,12.377657890319824,0.26948344707489014,0.5595419406890869,81.35546112060547,2893.0,17.379077911376953,618.0,0.0,0.0,1.2654668092727661,45.0,0.0,0.0,15.58216667175293,24.256595611572266,13.925592422485352,0.05876195430755615,0.4061536490917206,78.00899505615234,2774.0,20.556806564331055,731.0,0.0,0.0,1.434195637702942,51.0,0.0,0.0,0.07419189810752869,0.11920291930437088,0.991772472858429,0.9576370716094971,0.7857142857142857,0.23684212565422058,0.2343984991312027,0.25319552421569824,0.27556392550468445
13,0.2348865170233111,11.728543281555176,18.735340118408203,10.450889587402344,0.4397927522659302,0.6791130304336548,85.69319152832031,12189.0,13.28740119934082,1890.0,0.0,0.0,1.0194038152694702,145.0,0.0,0.0,6.311835289001465,9.26360034942627,5.653377532958984,0.8635213971138,0.9293540716171265,96.93476104736328,3447.0,2.6434195041656494,94.0,0.0,0.0,0.4218222498893738,15.0,0.0,0.0,11.17634391784668,16.821109771728516,9.92246150970459,0.5489247441291809,0.747093141078949,86.5298080444336,3077.0,12.514060974121094,445.0,0.0,0.0,0.9561305046081543,34.0,0.0,0.0,13.903046607971191,21.263355255126953,12.349716186523438,0.276752233505249,0.564358115196228,81.18672180175781,2887.0,17.547807693481445,624.0,0.0,0.0,1.2654668092727661,45.0,0.0,0.0,15.52294635772705,24.14866065979004,13.878000259399414,0.06711989641189575,0.4101068079471588,78.1214828491211,2778.0,20.444320678710938,727.0,0.0,0.0,1.434195637702942,51.0,0.0,0.0,0.08354165405035019,0.11920291930437088,0.9917284846305847,0.9504623413085938,0.8571428571428571,0.22807016968727112,0.22994986176490784,0.25651630759239197,0.2854636609554291
14,0.23353294996927165,11.7349271774292,18.716793060302734,10.449081420898438,0.4409014582633972,0.6811179518699646,85.62288665771484,12179.0,13.37176513671875,1902.0,0.0,0.0,1.0053430795669556,143.0,0.0,0.0,6.263144016265869,9.155091285705566,5.615271091461182,0.8666999340057373,0.9311611652374268,97.01912689208984,3450.0,2.587176561355591,92.0,0.0,0.0,0.3937007784843445,14.0,0.0,0.0,11.188288688659668,16.778472900390625,9.925728797912598,0.55120849609375,0.7494149208068848,86.5298080444336,3077.0,12.542181968688965,446.0,0.0,0.0,0.928009033203125,33.0,0.0,0.0,13.928033828735352,21.265899658203125,12.354799270629883,0.2765791416168213,0.5661787986755371,81.10235595703125,2884.0,17.632171630859375,627.0,0.0,0.0,1.2654668092727661,45.0,0.0,0.0,15.560242652893066,24.15992546081543,13.900524139404297,0.06624919176101685,0.4124404788017273,77.84027099609375,2768.0,20.725534439086914,737.0,0.0,0.0,1.434195637702942,51.0,0.0,0.0,0.08680447936058044,0.11920291930437088,0.9914882779121399,0.9624388813972473,0.9285714285714286,0.21929824352264404,0.22550123929977417,0.2598370909690857,0.2953633964061737
15,0.23273109308069537,11.70663833618164,18.628873825073242,10.412915229797363,0.44614171981811523,0.6844959855079651,85.86192321777344,12213.0,13.125702857971191,1867.0,0.0,0.0,1.012373447418213,144.0,0.0,0.0,6.239724159240723,9.10217571258545,5.6004958152771,0.8682364225387573,0.9319402575492859,97.04724884033203,3451.0,2.5590550899505615,91.0,0.0,0.0,0.3937007784843445,14.0,0.0,0.0,11.155978202819824,16.703580856323242,9.897600173950195,0.5552060604095459,0.7518458962440491,86.95162963867188,3092.0,12.092238426208496,430.0,0.0,0.0,0.9561305046081543,34.0,0.0,0.0,13.886109352111816,21.169618606567383,12.30014419555664,0.28311485052108765,0.5712408423423767,81.2710952758789,2890.0,17.463441848754883,621.0,0.0,0.0,1.2654668092727661,45.0,0.0,0.0,15.54473876953125,24.044286727905273,13.853418350219727,0.07516640424728394,0.4200398623943329,78.17772674560547,2780.0,20.388076782226562,725.0,0.0,0.0,1.434195637702942,51.0,0.0,0.0,0.10151240974664688,0.11920291930437088,0.9931364059448242,0.9566582441329956,1.0,0.21052631735801697,0.2210526168346405,0.2631579041481018,0.3052631616592407
16,0.22794052302734716,11.712441444396973,18.579931259155273,10.420475959777832,0.44904810190200806,0.6858670711517334,85.79161834716797,12203.0,13.217097282409668,1880.0,0.0,0.0,0.9912823438644409,141.0,0.0,0.0,6.217907428741455,9.014389038085938,5.5828704833984375,0.8707658052444458,0.933229386806488,97.18785095214844,3456.0,2.4746906757354736,88.0,0.0,0.0,0.3374578058719635,12.0,0.0,0.0,11.1477689743042,16.59941291809082,9.89234733581543,0.560736358165741,0.754879355430603,87.17660522460938,3100.0,11.89538860321045,423.0,0.0,0.0,0.928009033203125,33.0,0.0,0.0,13.885393142700195,21.121883392333984,12.302066802978516,0.2863442301750183,0.5723612308502197,81.10235595703125,2884.0,17.632171630859375,627.0,0.0,0.0,1.2654668092727661,45.0,0.0,0.0,15.598695755004883,24.040002822875977,13.904616355895996,0.07549601793289185,0.4198799133300781,77.69966125488281,2763.0,20.86614227294922,742.0,0.0,0.0,1.434195637702942,51.0,0.0,0.0,0.10967525094747543,0.11920291930437088,0.9927122592926025,0.9626489281654358,1.0,0.21052631735801697,0.2210526168346405,0.2631579041481018,0.3052631616592407
17,0.22510602790866657,11.694734573364258,18.582258224487305,10.413185119628906,0.4489099979400635,0.6865009069442749,85.77755737304688,12201.0,13.224127769470215,1881.0,0.0,0.0,0.9983127117156982,142.0,0.0,0.0,6.210313320159912,9.021958351135254,5.578930377960205,0.8705486059188843,0.9332024455070496,97.07536315917969,3452.0,2.5590550899505615,91.0,0.0,0.0,0.3655792772769928,13.0,0.0,0.0,11.12479305267334,16.60445213317871,9.87743854522705,0.5604696273803711,0.7550768852233887,87.17660522460938,3100.0,11.92350959777832,424.0,0.0,0.0,0.8998875617980957,32.0,0.0,0.0,13.86507797241211,21.137250900268555,12.297914505004883,0.285305380821228,0.5727547407150269,81.2710952758789,2890.0,17.435321807861328,620.0,0.0,0.0,1.2935882806777954,46.0,0.0,0.0,15.578760147094727,24.027368545532227,13.898460388183594,0.07646751403808594,0.4224678575992584,77.58717346191406,2759.0,20.978628158569336,746.0,0.0,0.0,1.434195637702942,51.0,0.0,0.0,0.11035379022359848,0.11920291930437088,0.9921474456787109,0.9618475437164307,1.0,0.21052631735801697,0.2210526168346405,0.2631579041481018,0.3052631616592407
18,0.22156895116621492,11.723689079284668,18.64541244506836,10.417581558227539,0.4451577067375183,0.6850112676620483,85.59476470947266,12175.0,13.406917572021484,1907.0,0.0,0.0,0.9983127117156982,142.0,0.0,0.0,6.188875675201416,9.02045726776123,5.551105499267578,0.8705917596817017,0.9332292079925537,97.18785095214844,3456.0,2.4746906757354736,88.0,0.0,0.0,0.3374578058719635,12.0,0.0,0.0,11.15388298034668,16.670330047607422,9.880422592163086,0.5569750666618347,0.753191351890564,86.5016860961914,3076.0,12.570303916931152,447.0,0.0,0.0,0.928009033203125,33.0,0.0,0.0,13.915389060974121,21.229658126831055,12.317713737487793,0.2790427803993225,0.5703436732292175,81.10235595703125,2884.0,17.604049682617188,626.0,0.0,0.0,1.2935882806777954,46.0,0.0,0.0,15.636603355407715,24.096446990966797,13.921083450317383,0.07114958763122559,0.4231133460998535,77.58717346191406,2759.0,20.978628158569336,746.0,0.0,0.0,1.434195637702942,51.0,0.0,0.0,0.10807893425226212,0.11920291930437088,0.9920458793640137,0.9623212218284607,1.0,0.21052631735801697,0.2210526168346405,0.2631579041481018,0.3052631616592407
19,0.21663635697121983,11.734612464904785,18.680097579956055,10.426246643066406,0.4430915117263794,0.6838575005531311,85.61585998535156,12178.0,13.39285659790039,1905.0,0.0,0.0,0.9912823438644409,141.0,0.0,0.0,6.1714768409729,9.001659393310547,5.5325608253479,0.8711305260658264,0.9335271120071411,97.24409484863281,3458.0,2.418447732925415,86.0,0.0,0.0,0.3374578058719635,12.0,0.0,0.0,11.136123657226562,16.66010284423828,9.854277610778809,0.557518482208252,0.7537616491317749,86.81102752685547,3087.0,12.28908920288086,437.0,0.0,0.0,0.8998875617980957,32.0,0.0,0.0,13.914642333984375,21.252519607543945,12.318537712097168,0.27748918533325195,0.5692812204360962,80.93363189697266,2878.0,17.77277946472168,632.0,0.0,0.0,1.2935882806777954,46.0,0.0,0.0,15.71621036529541,24.197641372680664,13.99960994720459,0.0633317232131958,0.41754549741744995,77.47468566894531,2755.0,21.091114044189453,750.0,0.0,0.0,1.434195637702942,51.0,0.0,0.0,0.11686243861913681,0.11920291930437088,0.9929757118225098,0.9660648107528687,1.0,0.21052631735801697,0.2210526168346405,0.2631579041481018,0.3052631616592407
20,0.2137351875733448,11.743298530578613,18.68917465209961,10.438260078430176,0.4425502419471741,0.6834242939949036,85.60179901123047,12176.0,13.406917572021484,1907.0,0.0,0.0,0.9912823438644409,141.0,0.0,0.0,6.157445907592773,8.988869667053223,5.525259017944336,0.8714964389801025,0.9337095022201538,97.10348510742188,3453.0,2.5309336185455322,90.0,0.0,0.0,0.3655792772769928,13.0,0.0,0.0,11.15771770477295,16.684934616088867,9.882256507873535,0.5561984777450562,0.7526456713676453,86.81102752685547,3087.0,12.28908920288086,437.0,0.0,0.0,0.8998875617980957,32.0,0.0,0.0,13.945783615112305,21.276296615600586,12.350428581237793,0.2758715748786926,0.5680028796195984,81.01799774169922,2881.0,17.716535568237305,630.0,0.0,0.0,1.2654668092727661,45.0,0.0,0.0,15.712249755859375,24.192420959472656,13.995099067687988,0.06373578310012817,0.41879963874816895,77.47468566894531,2755.0,21.091114044189453,750.0,0.0,0.0,1.434195637702942,51.0,0.0,0.0,0.11806144565343857,0.11920291930437088,0.9925572276115417,0.967322587966919,1.0,0.21052631735801697,0.2210526168346405,0.2631579041481018,0.3052631616592407
21,0.20976294614646887,11.769771575927734,18.700742721557617,10.472800254821777,0.4418599605560303,0.6836238503456116,85.49634552001953,12161.0,13.512372970581055,1922.0,0.0,0.0,0.9912823438644409,141.0,0.0,0.0,6.132008075714111,8.947096824645996,5.516007900238037,0.8726880550384521,0.9344218969345093,97.15972900390625,3455.0,2.502812147140503,89.0,0.0,0.0,0.3374578058719635,12.0,0.0,0.0,11.147490501403809,16.668596267700195,9.884172439575195,0.5570672750473022,0.7535207867622375,86.83914184570312,3088.0,12.260967254638672,436.0,0.0,0.0,0.8998875617980957,32.0,0.0,0.0,14.00800609588623,21.29414176940918,12.417941093444824,0.27465635538101196,0.5683494210243225,80.76490020751953,2872.0,17.94150733947754,638.0,0.0,0.0,1.2935882806777954,46.0,0.0,0.0,15.791581153869629,24.239181518554688,14.073081016540527,0.06011289358139038,0.41775742173194885,77.22159576416016,2746.0,21.344207763671875,759.0,0.0,0.0,1.434195637702942,51.0,0.0,0.0,0.12077543139457703,0.11920291930437088,0.9931766390800476,0.9683095216751099,1.0,0.21052631735801697,0.2210526168346405,0.2631579041481018,0.3052631616592407
22,0.20607392288411855,11.805014610290527,18.767425537109375,10.49426555633545,0.43787240982055664,0.6811838150024414,85.36979675292969,12143.0,13.638919830322266,1940.0,0.0,0.0,0.9912823438644409,141.0,0.0,0.0,6.141702651977539,8.982698440551758,5.516340732574463,0.8716728687286377,0.933867335319519,97.15972900390625,3455.0,2.502812147140503,89.0,0.0,0.0,0.3374578058719635,12.0,0.0,0.0,11.172698974609375,16.73467445373535,9.89735221862793,0.5535484552383423,0.751263439655304,86.7547836303711,3085.0,12.345332145690918,439.0,0.0,0.0,0.8998875617980957,32.0,0.0,0.0,14.052258491516113,21.385318756103516,12.444910049438477,0.26843154430389404,0.5642458200454712,80.48368835449219,2862.0,18.22272300720215,648.0,0.0,0.0,1.2935882806777954,46.0,0.0,0.0,15.853394508361816,24.3062744140625,14.118461608886719,0.05490255355834961,0.4151162803173065,77.08098602294922,2741.0,21.484813690185547,764.0,0.0,0.0,1.434195637702942,51.0,0.0,0.0,0.11696375161409378,0.11920291930437088,0.9921082854270935,0.9697341918945312,1.0,0.21052631735801697,0.2210526168346405,0.2631579041481018,0.3052631616592407
23,0.204186151059503,11.789569854736328,18.735809326171875,10.475756645202637,0.43976467847824097,0.682024359703064,85.39791870117188,12147.0,13.610797882080078,1936.0,0.0,0.0,0.9912823438644409,141.0,0.0,0.0,6.166862487792969,9.006978034973145,5.537759304046631,0.8709781765937805,0.9334701895713806,97.07536315917969,3452.0,2.587176561355591,92.0,0.0,0.0,0.3374578058719635,12.0,0.0,0.0,11.169732093811035,16.735761642456055,9.893636703491211,0.5534905195236206,0.7511857748031616,86.95162963867188,3092.0,12.148481369018555,432.0,0.0,0.0,0.8998875617980957,32.0,0.0,0.0,14.02473258972168,21.338638305664062,12.414409637451172,0.2716217637062073,0.5659195184707642,80.62429809570312,2867.0,18.082115173339844,643.0,0.0,0.0,1.2935882806777954,46.0,0.0,0.0,15.796953201293945,24.239913940429688,14.057217597961426,0.06005614995956421,0.41679707169532776,76.94038391113281,2736.0,21.62542152404785,769.0,0.0,0.0,1.434195637702942,51.0,0.0,0.0,0.11556971818208694,0.11920291930437088,0.9927695393562317,0.9723691940307617,1.0,0.21052631735801697,0.2210526168346405,0.2631579041481018,0.3052631616592407
24,0.20286872630270145,11.815074920654297,18.764673233032227,10.497211456298828,0.4380372166633606,0.6805302500724792,85.36979675292969,12143.0,13.631889343261719,1939.0,0.0,0.0,0.9983127117156982,142.0,0.0,0.0,6.167473316192627,9.029349327087402,5.5379533767700195,0.8703364729881287,0.9330514073371887,97.07536315917969,3452.0,2.587176561355591,92.0,0.0,0.0,0.3374578058719635,12.0,0.0,0.0,11.18025016784668,16.760669708251953,9.900442123413086,0.552160382270813,0.7498893141746521,86.86726379394531,3089.0,12.204724311828613,434.0,0.0,0.0,0.928009033203125,33.0,0.0,0.0,14.0460786819458,21.363893508911133,12.429964065551758,0.2698967456817627,0.5644609332084656,80.70865631103516,2870.0,17.997751235961914,640.0,0.0,0.0,1.2935882806777954,46.0,0.0,0.0,15.866498947143555,24.28140640258789,14.12048625946045,0.05683547258377075,0.4150831699371338,76.82789611816406,2732.0,21.73790740966797,773.0,0.0,0.0,1.434195637702942,51.0,0.0,0.0,0.11501740664243698,0.11920291930437088,0.9921666979789734,0.9767256379127502,1.0,0.21052631735801697,0.2210526168346405,0.2631579041481018,0.3052631616592407
25,0.19975137221703887,11.858454704284668,18.816526412963867,10.537803649902344,0.43492716550827026,0.6789724230766296,85.28543090820312,12131.0,13.723283767700195,1952.0,0.0,0.0,0.9912823438644409,141.0,0.0,0.0,6.1635518074035645,9.029731750488281,5.531632423400879,0.8703254461288452,0.9330664873123169,97.04724884033203,3451.0,2.61529803276062,93.0,0.0,0.0,0.3374578058719635,12.0,0.0,0.0,11.211400985717773,16.81606674194336,9.921551704406738,0.5491951704025269,0.7481890916824341,86.55792999267578,3078.0,12.542181968688965,446.0,0.0,0.0,0.8998875617980957,32.0,0.0,0.0,14.099905014038086,21.440324783325195,12.483412742614746,0.2646632790565491,0.5617947578430176,80.93363189697266,2878.0,17.77277946472168,632.0,0.0,0.0,1.2935882806777954,46.0,0.0,0.0,15.958955764770508,24.336044311523438,14.214619636535645,0.052586138248443604,0.4134790599346161,76.60292053222656,2724.0,21.962879180908203,781.0,0.0,0.0,1.434195637702942,51.0,0.0,0.0,0.11336437612771988,0.11920291930437088,0.9922321438789368,0.9757556915283203,1.0,0.21052631735801697,0.2210526168346405,0.2631579041481018,0.3052631616592407
step,fold9/test_loss,fold9/test_mae,fold9/test_rmse,fold9/test_mard,fold9/test_r2,fold9/test_pearson,fold9/test_ega_zone_a_pct,fold9/test_ega_zone_a_count,fold9/test_ega_zone_b_pct,fold9/test_ega_zone_b_count,fold9/test_ega_zone_c_pct,fold9/test_ega_zone_c_count,fold9/test_ega_zone_d_pct,fold9/test_ega_zone_d_count,fold9/test_ega_zone_e_pct,fold9/test_ega_zone_e_count,fold9/test_horizon_15_mae,fold9/test_horizon_15_rmse,fold9/test_horizon_15_mard,fold9/test_horizon_15_r2,fold9/test_horizon_15_pearson,fold9/test_horizon_15_ega_zone_a_pct,fold9/test_horizon_15_ega_zone_a_count,fold9/test_horizon_15_ega_zone_b_pct,fold9/test_horizon_15_ega_zone_b_count,fold9/test_horizon_15_ega_zone_c_pct,fold9/test_horizon_15_ega_zone_c_count,fold9/test_horizon_15_ega_zone_d_pct,fold9/test_horizon_15_ega_zone_d_count,fold9/test_horizon_15_ega_zone_e_pct,fold9/test_horizon_15_ega_zone_e_count,fold9/test_horizon_30_mae,fold9/test_horizon_30_rmse,fold9/test_horizon_30_mard,fold9/test_horizon_30_r2,fold9/test_horizon_30_pearson,fold9/test_horizon_30_ega_zone_a_pct,fold9/test_horizon_30_ega_zone_a_count,fold9/test_horizon_30_ega_zone_b_pct,fold9/test_horizon_30_ega_zone_b_count,fold9/test_horizon_30_ega_zone_c_pct,fold9/test_horizon_30_ega_zone_c_count,fold9/test_horizon_30_ega_zone_d_pct,fold9/test_horizon_30_ega_zone_d_count,fold9/test_horizon_30_ega_zone_e_pct,fold9/test_horizon_30_ega_zone_e_count,fold9/test_horizon_45_mae,fold9/test_horizon_45_rmse,fold9/test_horizon_45_mard,fold9/test_horizon_45_r2,fold9/test_horizon_45_pearson,fold9/test_horizon_45_ega_zone_a_pct,fold9/test_horizon_45_ega_zone_a_count,fold9/test_horizon_45_ega_zone_b_pct,fold9/test_horizon_45_ega_zone_b_count,fold9/test_horizon_45_ega_zone_c_pct,fold9/test_horizon_45_ega_zone_c_count,fold9/test_horizon_45_ega_zone_d_pct,fold9/test_horizon_45_ega_zone_d_count,fold9/test_horizon_45_ega_zone_e_pct,fold9/test_horizon_45_ega_zone_e_count,fold9/test_horizon_60_mae,fold9/test_horizon_60_rmse,fold9/test_horizon_60_mard,fold9/test_horizon_60_r2,fold9/test_horizon_60_pearson,fold9/test_horizon_60_ega_zone_a_pct,fold9/test_horizon_60_ega_zone_a_count,fold9/test_horizon_60_ega_zone_b_pct,fold9/test_horizon_60_ega_zone_b_count,fold9/test_horizon_60_ega_zone_c_pct,fold9/test_horizon_60_ega_zone_c_count,fold9/test_horizon_60_ega_zone_d_pct,fold9/test_horizon_60_ega_zone_d_count,fold9/test_horizon_60_ega_zone_e_pct,fold9/test_horizon_60_ega_zone_e_count
0,0.29791249191628627,10.579183578491211,16.58673667907715,8.021345138549805,0.48395150899887085,0.7199491858482361,91.47754669189453,7578.0,8.522453308105469,706.0,0.0,0.0,0.0,0.0,0.0,0.0,5.051541328430176,7.099160671234131,3.9266257286071777,0.9054800271987915,0.9527093768119812,99.42057037353516,2059.0,0.5794302225112915,12.0,0.0,0.0,0.0,0.0,0.0,0.0,9.5866060256958,13.952701568603516,7.313902854919434,0.6346679925918579,0.807711660861969,94.06083679199219,1948.0,5.939159870147705,123.0,0.0,0.0,0.0,0.0,0.0,0.0,12.766185760498047,18.988338470458984,9.631299018859863,0.3236125707626343,0.6181963682174683,88.50796508789062,1833.0,11.492033004760742,238.0,0.0,0.0,0.0,0.0,0.0,0.0,14.912398338317871,22.24514389038086,11.213554382324219,0.07220935821533203,0.4504672586917877,83.92081451416016,1738.0,16.07918930053711,333.0,0.0,0.0,0.0,0.0,0.0,0.0
step,fold10/train_loss,fold10/val_mae,fold10/val_rmse,fold10/val_mard,fold10/val_r2,fold10/val_pearson,fold10/val_ega_zone_a_pct,fold10/val_ega_zone_a_count,fold10/val_ega_zone_b_pct,fold10/val_ega_zone_b_count,fold10/val_ega_zone_c_pct,fold10/val_ega_zone_c_count,fold10/val_ega_zone_d_pct,fold10/val_ega_zone_d_count,fold10/val_ega_zone_e_pct,fold10/val_ega_zone_e_count,fold10/val_horizon_15_mae,fold10/val_horizon_15_rmse,fold10/val_horizon_15_mard,fold10/val_horizon_15_r2,fold10/val_horizon_15_pearson,fold10/val_horizon_15_ega_zone_a_pct,fold10/val_horizon_15_ega_zone_a_count,fold10/val_horizon_15_ega_zone_b_pct,fold10/val_horizon_15_ega_zone_b_count,fold10/val_horizon_15_ega_zone_c_pct,fold10/val_horizon_15_ega_zone_c_count,fold10/val_horizon_15_ega_zone_d_pct,fold10/val_horizon_15_ega_zone_d_count,fold10/val_horizon_15_ega_zone_e_pct,fold10/val_horizon_15_ega_zone_e_count,fold10/val_horizon_30_mae,fold10/val_horizon_30_rmse,fold10/val_horizon_30_mard,fold10/val_horizon_30_r2,fold10/val_horizon_30_pearson,fold10/val_horizon_30_ega_zone_a_pct,fold10/val_horizon_30_ega_zone_a_count,fold10/val_horizon_30_ega_zone_b_pct,fold10/val_horizon_30_ega_zone_b_count,fold10/val_horizon_30_ega_zone_c_pct,fold10/val_horizon_30_ega_zone_c_count,fold10/val_horizon_30_ega_zone_d_pct,fold10/val_horizon_30_ega_zone_d_count,fold10/val_horizon_30_ega_zone_e_pct,fold10/val_horizon_30_ega_zone_e_count,fold10/val_horizon_45_mae,fold10/val_horizon_45_rmse,fold10/val_horizon_45_mard,fold10/val_horizon_45_r2,fold10/val_horizon_45_pearson,fold10/val_horizon_45_ega_zone_a_pct,fold10/val_horizon_45_ega_zone_a_count,fold10/val_horizon_45_ega_zone_b_pct,fold10/val_horizon_45_ega_zone_b_count,fold10/val_horizon_45_ega_zone_c_pct,fold10/val_horizon_45_ega_zone_c_count,fold10/val_horizon_45_ega_zone_d_pct,fold10/val_horizon_45_ega_zone_d_count,fold10/val_horizon_45_ega_zone_e_pct,fold10/val_horizon_45_ega_zone_e_count,fold10/val_horizon_60_mae,fold10/val_horizon_60_rmse,fold10/val_horizon_60_mard,fold10/val_horizon_60_r2,fold10/val_horizon_60_pearson,fold10/val_horizon_60_ega_zone_a_pct,fold10/val_horizon_60_ega_zone_a_count,fold10/val_horizon_60_ega_zone_b_pct,fold10/val_horizon_60_ega_zone_b_count,fold10/val_horizon_60_ega_zone_c_pct,fold10/val_horizon_60_ega_zone_c_count,fold10/val_horizon_60_ega_zone_d_pct,fold10/val_horizon_60_ega_zone_d_count,fold10/val_horizon_60_ega_zone_e_pct,fold10/val_horizon_60_ega_zone_e_count,fold10/diag_horizon_query_similarity,fold10/diag_horizon_progressive_gate,fold10/diag_horizon_attention_similarity,fold10/diag_horizon_attention_entropy,fold10/diag_horizon_curriculum_progress,fold10/diag_loss_horizon_weight_0,fold10/diag_loss_horizon_weight_1,fold10/diag_loss_horizon_weight_2,fold10/diag_loss_horizon_weight_3
1,0.2464722961354713,9.669778823852539,15.490328788757324,8.281414985656738,0.45057588815689087,0.6976315975189209,90.48735809326172,21612.0,9.47496223449707,2263.0,0.0,0.0,0.03768213093280792,9.0,0.0,0.0,5.716618537902832,8.890604019165039,4.933769226074219,0.8181477785110474,0.904960572719574,97.87305450439453,5844.0,2.093451738357544,125.0,0.0,0.0,0.0334952250123024,2.0,0.0,0.0,9.26191520690918,14.411131858825684,7.968396186828613,0.524295449256897,0.739837646484375,91.22425079345703,5447.0,8.742254257202148,522.0,0.0,0.0,0.0334952250123024,2.0,0.0,0.0,11.186135292053223,17.451740264892578,9.519027709960938,0.3039841055870056,0.6099978089332581,87.84123229980469,5245.0,12.125272750854492,724.0,0.0,0.0,0.0334952250123024,2.0,0.0,0.0,12.514446258544922,19.19672966003418,10.704466819763184,0.15885555744171143,0.5209408402442932,85.0108871459961,5076.0,14.938871383666992,892.0,0.0,0.0,0.0502428375184536,3.0,0.0,0.0,-0.03839131072163582,0.11920291930437088,0.9999420642852783,0.999990701675415,0.0,0.3333333432674408,0.28333333134651184,0.21666665375232697,0.1666666716337204
2,0.24285350663176145,9.70019245147705,15.157811164855957,8.318249702453613,0.47391068935394287,0.7016500234603882,91.07771301269531,21753.0,8.88460922241211,2122.0,0.0,0.0,0.03768213093280792,9.0,0.0,0.0,5.727382183074951,8.763422012329102,4.955901145935059,0.8233134150505066,0.9073847532272339,97.85630798339844,5843.0,2.110199213027954,126.0,0.0,0.0,0.0334952250123024,2.0,0.0,0.0,9.226579666137695,14.082168579101562,7.9248199462890625,0.5457653999328613,0.7453684210777283,92.12862396240234,5501.0,7.837883472442627,468.0,0.0,0.0,0.0334952250123024,2.0,0.0,0.0,11.273290634155273,17.071308135986328,9.628124237060547,0.333998441696167,0.6104698181152344,88.52788543701172,5286.0,11.438619613647461,683.0,0.0,0.0,0.0334952250123024,2.0,0.0,0.0,12.573511123657227,18.775043487548828,10.764153480529785,0.1954038143157959,0.5164048075675964,85.79802703857422,5123.0,14.151734352111816,845.0,0.0,0.0,0.0502428375184536,3.0,0.0,0.0,-0.03394296392798424,0.11920291930437088,0.9993495941162109,0.9996945858001709,0.07142857142857142,0.3245614171028137,0.2788847088813782,0.21998745203018188,0.17656642198562622
3,0.24336793702096715,9.650138854980469,15.058162689208984,8.277979850769043,0.48080503940582275,0.7048509120941162,91.14888763427734,21770.0,8.813431739807129,2105.0,0.0,0.0,0.03768213093280792,9.0,0.0,0.0,5.679814338684082,8.702400207519531,4.916689395904541,0.8257654905319214,0.9087368845939636,97.92329406738281,5847.0,2.0432088375091553,122.0,0.0,0.0,0.0334952250123024,2.0,0.0,0.0,9.167028427124023,13.993539810180664,7.87493371963501,0.5514650344848633,0.7482389807701111,92.26260375976562,5509.0,7.703901767730713,460.0,0.0,0.0,0.0334952250123024,2.0,0.0,0.0,11.216307640075684,16.956384658813477,9.576869010925293,0.34293514490127563,0.6140424013137817,88.5613784790039,5288.0,11.40512466430664,681.0,0.0,0.0,0.0334952250123024,2.0,0.0,0.0,12.537403106689453,18.652698516845703,10.743427276611328,0.20585578680038452,0.5190851092338562,85.8482666015625,5126.0,14.101490020751953,842.0,0.0,0.0,0.0502428375184536,3.0,0.0,0.0,-0.028908217325806618,0.11920291930437088,0.9955305457115173,0.9971897602081299,0.14285714285714285,0.31578949093818665,0.2744360864162445,0.223308265209198,0.18646617233753204
4,0.24307125807273333,9.63309097290039,14.930948257446289,8.28123950958252,0.48954057693481445,0.7074525356292725,91.35823059082031,21820.0,8.604085922241211,2055.0,0.0,0.0,0.03768213093280792,9.0,0.0,0.0,5.6667399406433105,8.635664939880371,4.92014217376709,0.8284274935722351,0.9101970791816711,97.88980102539062,5845.0,2.0767040252685547,124.0,0.0,0.0,0.0334952250123024,2.0,0.0,0.0,9.15396499633789,13.910228729248047,7.876321792602539,0.5567898750305176,0.7498072385787964,92.4970703125,5523.0,7.469435691833496,446.0,0.0,0.0,0.0334952250123024,2.0,0.0,0.0,11.217581748962402,16.81122589111328,9.607786178588867,0.35413694381713867,0.6151614189147949,89.01356506347656,5315.0,10.9529390335083,654.0,0.0,0.0,0.0334952250123024,2.0,0.0,0.0,12.49407958984375,18.46744155883789,10.720710754394531,0.22155219316482544,0.5197007656097412,86.0324935913086,5137.0,13.917266845703125,831.0,0.0,0.0,0.0502428375184536,3.0,0.0,0.0,-0.01993768848478794,0.11920291930437088,0.994245707988739,0.9950705766677856,0.21428571428571427,0.30701756477355957,0.26998746395111084,0.22662906348705292,0.19636592268943787
5,0.24188666649986737,9.54245662689209,14.776416778564453,8.202278137207031,0.5000521540641785,0.7123019695281982,91.45034790039062,21842.0,8.511974334716797,2033.0,0.0,0.0,0.03768213093280792,9.0,0.0,0.0,5.577166557312012,8.473965644836426,4.841711044311523,0.8347926139831543,0.9137461185455322,97.97354125976562,5850.0,1.9929660558700562,119.0,0.0,0.0,0.0334952250123024,2.0,0.0,0.0,9.064998626708984,13.755433082580566,7.797242164611816,0.5665992498397827,0.7547191381454468,92.83202362060547,5543.0,7.1344828605651855,426.0,0.0,0.0,0.0334952250123024,2.0,0.0,0.0,11.127283096313477,16.660335540771484,9.528018951416016,0.36567890644073486,0.6188657879829407,89.11405181884766,5321.0,10.85245418548584,648.0,0.0,0.0,0.0334952250123024,2.0,0.0,0.0,12.400378227233887,18.29707908630371,10.642143249511719,0.23584824800491333,0.5228714346885681,85.88176727294922,5128.0,14.067995071411133,840.0,0.0,0.0,0.0502428375184536,3.0,0.0,0.0,0.0069697159342467785,0.11920291930437088,0.9947059750556946,0.9898684024810791,0.2857142857142857,0.2982456088066101,0.2655388414859772,0.22994986176490784,0.2062656730413437
6,0.2398062863433218,9.426732063293457,14.527612686157227,8.121068000793457,0.5167465209960938,0.7217615246772766,91.61363220214844,21881.0,8.348685264587402,1994.0,0.0,0.0,0.03768213093280792,9.0,0.0,0.0,5.363718032836914,8.114646911621094,4.679134368896484,0.8485060334205627,0.9212480783462524,98.29174041748047,5869.0,1.674761414527893,100.0,0.0,0.0,0.0334952250123024,2.0,0.0,0.0,8.937355041503906,13.508965492248535,7.710542678833008,0.5819913148880005,0.7638912796974182,93.03298950195312,5555.0,6.933511734008789,414.0,0.0,0.0,0.0334952250123024,2.0,0.0,0.0,11.052474975585938,16.436986923217773,9.483832359313965,0.3825722932815552,0.6271867752075195,89.34851837158203,5335.0,10.617986679077148,634.0,0.0,0.0,0.0334952250123024,2.0,0.0,0.0,12.353382110595703,18.046939849853516,10.610762596130371,0.25659888982772827,0.5301859378814697,85.7812728881836,5122.0,14.168481826782227,846.0,0.0,0.0,0.0502428375184536,3.0,0.0,0.0,0.04084399715065956,0.11920291930437088,0.9953649044036865,0.9785870313644409,0.35714285714285715,0.28947368264198303,0.2610902190208435,0.23327067494392395,0.2161654233932495
7,0.2340176916451559,9.291229248046875,14.281477928161621,8.01010513305664,0.5329829454421997,0.7317734956741333,91.87740325927734,21944.0,8.08491039276123,1931.0,0.0,0.0,0.03768213093280792,9.0,0.0,0.0,5.081655502319336,7.583261489868164,4.453395843505859,0.8676974773406982,0.9316181540489197,98.60994720458984,5888.0,1.35655677318573,81.0,0.0,0.0,0.0334952250123024,2.0,0.0,0.0,8.79659652709961,13.221871376037598,7.600043773651123,0.5995696783065796,0.7748253345489502,93.4181900024414,5578.0,6.548316955566406,391.0,0.0,0.0,0.0334952250123024,2.0,0.0,0.0,11.001224517822266,16.26156234741211,9.443798065185547,0.39568108320236206,0.6343759894371033,89.5829849243164,5349.0,10.383520126342773,620.0,0.0,0.0,0.0334952250123024,2.0,0.0,0.0,12.285440444946289,17.862817764282227,10.543182373046875,0.2716904282569885,0.5372581481933594,85.89850616455078,5129.0,14.051248550415039,839.0,0.0,0.0,0.0502428375184536,3.0,0.0,0.0,0.056494295597076416,0.11920291930437088,0.9944772124290466,0.9688199758529663,0.42857142857142855,0.28070175647735596,0.25664159655570984,0.23659147322177887,0.22606515884399414
8,0.23114641003245986,9.170674324035645,14.09094524383545,7.898312568664551,0.5453609824180603,0.739905059337616,92.14537048339844,22008.0,7.816948890686035,1867.0,0.0,0.0,0.03768213093280792,9.0,0.0,0.0,4.895975112915039,7.195377349853516,4.2882981300354,0.8808858394622803,0.9386869668960571,98.91140747070312,5906.0,1.055099606513977,63.0,0.0,0.0,0.0334952250123024,2.0,0.0,0.0,8.696002006530762,12.98304557800293,7.513704776763916,0.6139048933982849,0.7839352488517761,93.70289611816406,5595.0,6.263607978820801,374.0,0.0,0.0,0.0334952250123024,2.0,0.0,0.0,10.885461807250977,16.097288131713867,9.332462310791016,0.40782904624938965,0.6428556442260742,89.80070495605469,5362.0,10.165802001953125,607.0,0.0,0.0,0.0334952250123024,2.0,0.0,0.0,12.205255508422852,17.7415714263916,10.458786964416504,0.2815439701080322,0.5435376763343811,86.16647338867188,5145.0,13.783286094665527,823.0,0.0,0.0,0.0502428375184536,3.0,0.0,0.0,0.07114564627408981,0.11920291930437088,0.9938905835151672,0.9647241830825806,0.5,0.2719298303127289,0.25219297409057617,0.2399122714996338,0.23596492409706116
9,0.2286317587326477,9.061007499694824,13.990093231201172,7.806693077087402,0.5518456101417542,0.7443509697914124,92.20398712158203,22022.0,7.758332252502441,1853.0,0.0,0.0,0.03768213093280792,9.0,0.0,0.0,4.761252403259277,6.9968485832214355,4.173499584197998,0.8873682022094727,0.9420785307884216,99.01189422607422,5912.0,0.9546139240264893,57.0,0.0,0.0,0.0334952250123024,2.0,0.0,0.0,8.581809043884277,12.858756065368652,7.4241042137146,0.6212618350982666,0.7886647582054138,93.78663635253906,5600.0,6.179869651794434,369.0,0.0,0.0,0.0334952250123024,2.0,0.0,0.0,10.77402114868164,16.01137351989746,9.242982864379883,0.4141332507133484,0.6476461887359619,89.73371124267578,5358.0,10.232791900634766,611.0,0.0,0.0,0.0334952250123024,2.0,0.0,0.0,12.126946449279785,17.669837951660156,10.386187553405762,0.2873419523239136,0.5479663014411926,86.28369903564453,5152.0,13.66605281829834,816.0,0.0,0.0,0.0502428375184536,3.0,0.0,0.0,0.09002286195755005,0.11920291930437088,0.9933416843414307,0.9624449610710144,0.5714285714285714,0.2631579041481018,0.2477443516254425,0.2432330846786499,0.24586467444896698
10,0.22771882389963172,9.015727996826172,13.92518424987793,7.7744140625,0.5559945106506348,0.7469906210899353,92.245849609375,22032.0,7.7164626121521,1843.0,0.0,0.0,0.03768213093280792,9.0,0.0,0.0,4.7291975021362305,6.90445613861084,4.154673099517822,0.8903231024742126,0.9436158537864685,99.0621337890625,5915.0,0.9043711423873901,54.0,0.0,0.0,0.0334952250123024,2.0,0.0,0.0,8.532601356506348,12.78282356262207,7.386761665344238,0.6257216334342957,0.7914997339248657,93.85363006591797,5604.0,6.112878799438477,365.0,0.0,0.0,0.0334952250123024,2.0,0.0,0.0,10.714726448059082,15.945499420166016,9.202055931091309,0.4189440608024597,0.6508268117904663,89.78395080566406,5361.0,10.182549476623535,608.0,0.0,0.0,0.0334952250123024,2.0,0.0,0.0,12.086387634277344,17.61567497253418,10.354165077209473,0.29170435667037964,0.5505385398864746,86.28369903564453,5152.0,13.66605281829834,816.0,0.0,0.0,0.0502428375184536,3.0,0.0,0.0,0.09725811332464218,0.11920291930437088,0.9947972297668457,0.9578917622566223,0.6428571428571429,0.25438597798347473,0.24329572916030884,0.24655388295650482,0.2557644248008728
11,0.22536698721013376,9.010616302490234,13.950315475463867,7.767952919006348,0.5543904304504395,0.7463891506195068,92.03650665283203,21982.0,7.925808429718018,1893.0,0.0,0.0,0.03768213093280792,9.0,0.0,0.0,4.735567092895508,6.904738426208496,4.160724639892578,0.8903141617774963,0.9435686469078064,99.11237335205078,5918.0,0.8541283011436462,51.0,0.0,0.0,0.0334952250123024,2.0,0.0,0.0,8.509072303771973,12.808364868164062,7.3682332038879395,0.6242245435714722,0.7909225821495056,93.60240936279297,5589.0,6.364092826843262,380.0,0.0,0.0,0.0334952250123024,2.0,0.0,0.0,10.711357116699219,15.962111473083496,9.193643569946289,0.41773271560668945,0.650597870349884,89.43225860595703,5340.0,10.534248352050781,629.0,0.0,0.0,0.0334952250123024,2.0,0.0,0.0,12.086467742919922,17.66144371032715,10.349209785461426,0.2880188822746277,0.5488056540489197,85.99899291992188,5135.0,13.950761795043945,833.0,0.0,0.0,0.0502428375184536,3.0,0.0,0.0,0.11143988370895386,0.11920291930437088,0.996697723865509,0.9590547680854797,0.7142857142857143,0.24561403691768646,0.23884710669517517,0.24987469613552094,0.26566416025161743
12,0.22384492375810017,9.114313125610352,14.04542350769043,7.857707977294922,0.5482937693595886,0.7424024343490601,91.87322235107422,21943.0,8.08909797668457,1932.0,0.0,0.0,0.03768213093280792,9.0,0.0,0.0,4.780298233032227,6.934576988220215,4.19636344909668,0.8893641233444214,0.9430626630783081,99.1626205444336,5921.0,0.8038854002952576,48.0,0.0,0.0,0.0334952250123024,2.0,0.0,0.0,8.597315788269043,12.88530445098877,7.445927143096924,0.6196963787078857,0.7880927324295044,93.60240936279297,5589.0,6.364092826843262,380.0,0.0,0.0,0.0334952250123024,2.0,0.0,0.0,10.851665496826172,16.079139709472656,9.320186614990234,0.40916353464126587,0.6443989276885986,89.09730529785156,5320.0,10.86920166015625,649.0,0.0,0.0,0.0334952250123024,2.0,0.0,0.0,12.227970123291016,17.788692474365234,10.468353271484375,0.2777225375175476,0.5405722856521606,85.63054656982422,5113.0,14.319210052490234,855.0,0.0,0.0,0.0502428375184536,3.0,0.0,0.0,0.11183160543441772,0.11920291930437088,0.9968751072883606,0.9638964533805847,0.7857142857142857,0.23684212565422058,0.2343984991312027,0.25319552421569824,0.27556392550468445
13,0.22227079181993942,9.098716735839844,14.051244735717773,7.852212905883789,0.5479192733764648,0.7421683669090271,91.78529357910156,21922.0,8.177022933959961,1953.0,0.0,0.0,0.03768213093280792,9.0,0.0,0.0,4.735206604003906,6.875351905822754,4.163665771484375,0.8912458419799805,0.9440615177154541,99.21286010742188,5924.0,0.7536426186561584,45.0,0.0,0.0,0.0334952250123024,2.0,0.0,0.0,8.571113586425781,12.8502779006958,7.42779541015625,0.6217610836029053,0.7894092798233032,93.4181900024414,5578.0,6.548316955566406,391.0,0.0,0.0,0.0334952250123024,2.0,0.0,0.0,10.8465576171875,16.094642639160156,9.321039199829102,0.4080236554145813,0.6436581015586853,89.14754486083984,5323.0,10.818958282470703,646.0,0.0,0.0,0.0334952250123024,2.0,0.0,0.0,12.241990089416504,17.84130859375,10.496354103088379,0.273443341255188,0.5372176170349121,85.36258697509766,5097.0,14.58717155456543,871.0,0.0,0.0,0.0502428375184536,3.0,0.0,0.0,0.11560974270105362,0.11920291930437088,0.9959268569946289,0.9682121276855469,0.8571428571428571,0.22807016968727112,0.22994986176490784,0.25651630759239197,0.2854636609554291
14,0.22065109338984998,9.156808853149414,14.16958236694336,7.900033950805664,0.5402724742889404,0.7377151846885681,91.47127532958984,21847.0,8.491040229797363,2028.0,0.0,0.0,0.03768213093280792,9.0,0.0,0.0,4.748459815979004,6.8994598388671875,4.173874378204346,0.8904818296432495,0.9436537623405457,99.19611358642578,5923.0,0.7703902125358582,46.0,0.0,0.0,0.0334952250123024,2.0,0.0,0.0,8.621219635009766,12.909316062927246,7.467701435089111,0.6182776689529419,0.7874510884284973,93.15023040771484,5562.0,6.816278457641602,407.0,0.0,0.0,0.0334952250123024,2.0,0.0,0.0,10.933399200439453,16.25055694580078,9.39574146270752,0.3964986205101013,0.6365308165550232,88.7288589477539,5298.0,11.237648963928223,671.0,0.0,0.0,0.0334952250123024,2.0,0.0,0.0,12.324151039123535,18.021501541137695,10.562819480895996,0.2586931586265564,0.5280329585075378,84.8099136352539,5064.0,15.13984203338623,904.0,0.0,0.0,0.0502428375184536,3.0,0.0,0.0,0.11608632653951645,0.11920291930437088,0.9955520629882812,0.9688142538070679,0.9285714285714286,0.21929824352264404,0.22550123929977417,0.2598370909690857,0.2953633964061737
15,0.22007354298886497,9.224461555480957,14.266921043395996,7.958626747131348,0.533934473991394,0.7336574196815491,91.22425079345703,21788.0,8.738066673278809,2087.0,0.0,0.0,0.03768213093280792,9.0,0.0,0.0,4.7870192527771,6.960681438446045,4.200148582458496,0.8885295987129211,0.9426246285438538,99.17936706542969,5922.0,0.7871378064155579,47.0,0.0,0.0,0.0334952250123024,2.0,0.0,0.0,8.689408302307129,13.006309509277344,7.527525901794434,0.6125200390815735,0.7838804125785828,92.96600341796875,5551.0,7.000502109527588,418.0,0.0,0.0,0.0334952250123024,2.0,0.0,0.0,11.026582717895508,16.369958877563477,9.477651596069336,0.38759756088256836,0.6302480101585388,88.20968627929688,5267.0,11.756824493408203,702.0,0.0,0.0,0.0334952250123024,2.0,0.0,0.0,12.394832611083984,18.127033233642578,10.629180908203125,0.24998563528060913,0.5216783285140991,84.54195404052734,5048.0,15.407803535461426,920.0,0.0,0.0,0.0502428375184536,3.0,0.0,0.0,0.11384757608175278,0.11920291930437088,0.9948262572288513,0.9689080715179443,1.0,0.21052631735801697,0.2210526168346405,0.2631579041481018,0.3052631616592407
16,0.21527143632300166,9.269571304321289,14.342960357666016,8.000572204589844,0.5289531946182251,0.7308946251869202,90.9688491821289,21727.0,8.993468284606934,2148.0,0.0,0.0,0.03768213093280792,9.0,0.0,0.0,4.814302444458008,6.972926616668701,4.228604793548584,0.8881370425224304,0.9424145221710205,99.09562683105469,5917.0,0.870875895023346,52.0,0.0,0.0,0.0334952250123024,2.0,0.0,0.0,8.737608909606934,13.050870895385742,7.573061466217041,0.609860360622406,0.7824254035949707,92.83202362060547,5543.0,7.1344828605651855,426.0,0.0,0.0,0.0334952250123024,2.0,0.0,0.0,11.085864067077637,16.469690322875977,9.53050422668457,0.38011300563812256,0.6256064176559448,87.84123229980469,5245.0,12.125272750854492,724.0,0.0,0.0,0.0334952250123024,2.0,0.0,0.0,12.440507888793945,18.239641189575195,10.670116424560547,0.24063843488693237,0.5164417028427124,84.10651397705078,5022.0,15.843242645263672,946.0,0.0,0.0,0.0502428375184536,3.0,0.0,0.0,0.11577143520116806,0.11920291930437088,0.9957139492034912,0.9697726964950562,1.0,0.21052631735801697,0.2210526168346405,0.2631579041481018,0.3052631616592407
17,0.2098006998166858,9.333837509155273,14.464427947998047,8.060310363769531,0.5209410190582275,0.7261304259300232,90.77206420898438,21680.0,9.190253257751465,2195.0,0.0,0.0,0.03768213093280792,9.0,0.0,0.0,4.811435699462891,6.995616436004639,4.227345943450928,0.8874078392982483,0.9420263171195984,99.0621337890625,5915.0,0.9043711423873901,54.0,0.0,0.0,0.0334952250123024,2.0,0.0,0.0,8.773674011230469,13.12121868133545,7.607731819152832,0.605643093585968,0.7798706889152527,92.86551666259766,5545.0,7.100988388061523,424.0,0.0,0.0,0.0334952250123024,2.0,0.0,0.0,11.165665626525879,16.60078239440918,9.604843139648438,0.3702056407928467,0.619415283203125,87.52302551269531,5226.0,12.443476676940918,743.0,0.0,0.0,0.0334952250123024,2.0,0.0,0.0,12.584573745727539,18.44417953491211,10.80131721496582,0.22351205348968506,0.5059633851051331,83.63758087158203,4994.0,16.312175750732422,974.0,0.0,0.0,0.0502428375184536,3.0,0.0,0.0,0.11626022309064865,0.11920291930437088,0.9951573014259338,0.971933126449585,1.0,0.21052631735801697,0.2210526168346405,0.2631579041481018,0.3052631616592407
18,0.20629804337854624,9.404605865478516,14.50745677947998,8.137941360473633,0.5180866122245789,0.7241131663322449,90.70507049560547,21664.0,9.257243156433105,2211.0,0.0,0.0,0.03768213093280792,9.0,0.0,0.0,4.816912651062012,6.987875461578369,4.2408294677734375,0.8876568675041199,0.9421590566635132,99.12911987304688,5919.0,0.8373807072639465,50.0,0.0,0.0,0.0334952250123024,2.0,0.0,0.0,8.817855834960938,13.126474380493164,7.659395217895508,0.6053271293640137,0.7795039415359497,92.98274993896484,5552.0,6.983754634857178,417.0,0.0,0.0,0.0334952250123024,2.0,0.0,0.0,11.288748741149902,16.675487518310547,9.728407859802246,0.3645244836807251,0.6152106523513794,87.18807983398438,5206.0,12.778429985046387,763.0,0.0,0.0,0.0334952250123024,2.0,0.0,0.0,12.694907188415527,18.511037826538086,10.92313289642334,0.21787244081497192,0.5017350912094116,83.52034759521484,4987.0,16.42940902709961,981.0,0.0,0.0,0.0502428375184536,3.0,0.0,0.0,0.11561936885118484,0.11920291930437088,0.9952148795127869,0.9718185067176819,1.0,0.21052631735801697,0.2210526168346405,0.2631579041481018,0.3052631616592407
step,fold10/test_loss,fold10/test_mae,fold10/test_rmse,fold10/test_mard,fold10/test_r2,fold10/test_pearson,fold10/test_ega_zone_a_pct,fold10/test_ega_zone_a_count,fold10/test_ega_zone_b_pct,fold10/test_ega_zone_b_count,fold10/test_ega_zone_c_pct,fold10/test_ega_zone_c_count,fold10/test_ega_zone_d_pct,fold10/test_ega_zone_d_count,fold10/test_ega_zone_e_pct,fold10/test_ega_zone_e_count,fold10/test_horizon_15_mae,fold10/test_horizon_15_rmse,fold10/test_horizon_15_mard,fold10/test_horizon_15_r2,fold10/test_horizon_15_pearson,fold10/test_horizon_15_ega_zone_a_pct,fold10/test_horizon_15_ega_zone_a_count,fold10/test_horizon_15_ega_zone_b_pct,fold10/test_horizon_15_ega_zone_b_count,fold10/test_horizon_15_ega_zone_c_pct,fold10/test_horizon_15_ega_zone_c_count,fold10/test_horizon_15_ega_zone_d_pct,fold10/test_horizon_15_ega_zone_d_count,fold10/test_horizon_15_ega_zone_e_pct,fold10/test_horizon_15_ega_zone_e_count,fold10/test_horizon_30_mae,fold10/test_horizon_30_rmse,fold10/test_horizon_30_mard,fold10/test_horizon_30_r2,fold10/test_horizon_30_pearson,fold10/test_horizon_30_ega_zone_a_pct,fold10/test_horizon_30_ega_zone_a_count,fold10/test_horizon_30_ega_zone_b_pct,fold10/test_horizon_30_ega_zone_b_count,fold10/test_horizon_30_ega_zone_c_pct,fold10/test_horizon_30_ega_zone_c_count,fold10/test_horizon_30_ega_zone_d_pct,fold10/test_horizon_30_ega_zone_d_count,fold10/test_horizon_30_ega_zone_e_pct,fold10/test_horizon_30_ega_zone_e_count,fold10/test_horizon_45_mae,fold10/test_horizon_45_rmse,fold10/test_horizon_45_mard,fold10/test_horizon_45_r2,fold10/test_horizon_45_pearson,fold10/test_horizon_45_ega_zone_a_pct,fold10/test_horizon_45_ega_zone_a_count,fold10/test_horizon_45_ega_zone_b_pct,fold10/test_horizon_45_ega_zone_b_count,fold10/test_horizon_45_ega_zone_c_pct,fold10/test_horizon_45_ega_zone_c_count,fold10/test_horizon_45_ega_zone_d_pct,fold10/test_horizon_45_ega_zone_d_count,fold10/test_horizon_45_ega_zone_e_pct,fold10/test_horizon_45_ega_zone_e_count,fold10/test_horizon_60_mae,fold10/test_horizon_60_rmse,fold10/test_horizon_60_mard,fold10/test_horizon_60_r2,fold10/test_horizon_60_pearson,fold10/test_horizon_60_ega_zone_a_pct,fold10/test_horizon_60_ega_zone_a_count,fold10/test_horizon_60_ega_zone_b_pct,fold10/test_horizon_60_ega_zone_b_count,fold10/test_horizon_60_ega_zone_c_pct,fold10/test_horizon_60_ega_zone_c_count,fold10/test_horizon_60_ega_zone_d_pct,fold10/test_horizon_60_ega_zone_d_count,fold10/test_horizon_60_ega_zone_e_pct,fold10/test_horizon_60_ega_zone_e_count
0,0.4204227234640502,13.558399200439453,21.717788696289062,12.178873062133789,0.4587865471839905,0.6933367848396301,81.42707061767578,6208.0,16.85466957092285,1285.0,0.0,0.0,1.7182581424713135,131.0,0.0,0.0,6.689950466156006,9.918935775756836,6.077571392059326,0.887890636920929,0.9424185752868652,96.11752319335938,1832.0,3.4102835655212402,65.0,0.0,0.0,0.47219306230545044,9.0,0.0,0.0,12.696046829223633,19.003196716308594,11.347206115722656,0.5865247249603271,0.7712538242340088,82.4239273071289,1571.0,16.002099990844727,305.0,0.0,0.0,1.5739768743515015,30.0,0.0,0.0,16.358489990234375,24.788467407226562,14.628082275390625,0.2926228642463684,0.5796119570732117,75.39349365234375,1437.0,22.35047149658203,426.0,0.0,0.0,2.2560336589813232,43.0,0.0,0.0,18.489105224609375,28.507444381713867,16.662635803222656,0.061938703060150146,0.4109988808631897,71.77335357666016,1368.0,25.655824661254883,489.0,0.0,0.0,2.570828914642334,49.0,0.0,0.0
step,fold11/train_loss,fold11/val_mae,fold11/val_rmse,fold11/val_mard,fold11/val_r2,fold11/val_pearson,fold11/val_ega_zone_a_pct,fold11/val_ega_zone_a_count,fold11/val_ega_zone_b_pct,fold11/val_ega_zone_b_count,fold11/val_ega_zone_c_pct,fold11/val_ega_zone_c_count,fold11/val_ega_zone_d_pct,fold11/val_ega_zone_d_count,fold11/val_ega_zone_e_pct,fold11/val_ega_zone_e_count,fold11/val_horizon_15_mae,fold11/val_horizon_15_rmse,fold11/val_horizon_15_mard,fold11/val_horizon_15_r2,fold11/val_horizon_15_pearson,fold11/val_horizon_15_ega_zone_a_pct,fold11/val_horizon_15_ega_zone_a_count,fold11/val_horizon_15_ega_zone_b_pct,fold11/val_horizon_15_ega_zone_b_count,fold11/val_horizon_15_ega_zone_c_pct,fold11/val_horizon_15_ega_zone_c_count,fold11/val_horizon_15_ega_zone_d_pct,fold11/val_horizon_15_ega_zone_d_count,fold11/val_horizon_15_ega_zone_e_pct,fold11/val_horizon_15_ega_zone_e_count,fold11/val_horizon_30_mae,fold11/val_horizon_30_rmse,fold11/val_horizon_30_mard,fold11/val_horizon_30_r2,fold11/val_horizon_30_pearson,fold11/val_horizon_30_ega_zone_a_pct,fold11/val_horizon_30_ega_zone_a_count,fold11/val_horizon_30_ega_zone_b_pct,fold11/val_horizon_30_ega_zone_b_count,fold11/val_horizon_30_ega_zone_c_pct,fold11/val_horizon_30_ega_zone_c_count,fold11/val_horizon_30_ega_zone_d_pct,fold11/val_horizon_30_ega_zone_d_count,fold11/val_horizon_30_ega_zone_e_pct,fold11/val_horizon_30_ega_zone_e_count,fold11/val_horizon_45_mae,fold11/val_horizon_45_rmse,fold11/val_horizon_45_mard,fold11/val_horizon_45_r2,fold11/val_horizon_45_pearson,fold11/val_horizon_45_ega_zone_a_pct,fold11/val_horizon_45_ega_zone_a_count,fold11/val_horizon_45_ega_zone_b_pct,fold11/val_horizon_45_ega_zone_b_count,fold11/val_horizon_45_ega_zone_c_pct,fold11/val_horizon_45_ega_zone_c_count,fold11/val_horizon_45_ega_zone_d_pct,fold11/val_horizon_45_ega_zone_d_count,fold11/val_horizon_45_ega_zone_e_pct,fold11/val_horizon_45_ega_zone_e_count,fold11/val_horizon_60_mae,fold11/val_horizon_60_rmse,fold11/val_horizon_60_mard,fold11/val_horizon_60_r2,fold11/val_horizon_60_pearson,fold11/val_horizon_60_ega_zone_a_pct,fold11/val_horizon_60_ega_zone_a_count,fold11/val_horizon_60_ega_zone_b_pct,fold11/val_horizon_60_ega_zone_b_count,fold11/val_horizon_60_ega_zone_c_pct,fold11/val_horizon_60_ega_zone_c_count,fold11/val_horizon_60_ega_zone_d_pct,fold11/val_horizon_60_ega_zone_d_count,fold11/val_horizon_60_ega_zone_e_pct,fold11/val_horizon_60_ega_zone_e_count,fold11/diag_horizon_query_similarity,fold11/diag_horizon_progressive_gate,fold11/diag_horizon_attention_similarity,fold11/diag_horizon_attention_entropy,fold11/diag_horizon_curriculum_progress,fold11/diag_loss_horizon_weight_0,fold11/diag_loss_horizon_weight_1,fold11/diag_loss_horizon_weight_2,fold11/diag_loss_horizon_weight_3
1,0.2426725493620535,12.71601676940918,20.32783317565918,11.334341049194336,0.3405107855796814,0.6440937519073486,83.23959350585938,11840.0,15.74100112915039,2239.0,0.007030371576547623,1.0,1.012373447418213,144.0,0.0,0.0,7.303595542907715,11.10001277923584,6.5026469230651855,0.8040469884872437,0.8986325263977051,94.62879943847656,3365.0,4.893138408660889,174.0,0.0,0.0,0.47806525230407715,17.0,0.0,0.0,11.898421287536621,18.19570541381836,10.480718612670898,0.47219008207321167,0.7170626521110535,84.7581558227539,3014.0,14.341958045959473,510.0,0.0,0.0,0.8998875617980957,32.0,0.0,0.0,14.786337852478027,22.79078483581543,13.167135238647461,0.16911274194717407,0.5462619066238403,78.57142639160156,2794.0,20.191225051879883,718.0,0.0,0.0,1.2373453378677368,44.0,0.0,0.0,16.875709533691406,26.060882568359375,15.18686294555664,-0.0864706039428711,0.39214587211608887,75.0,2667.0,23.537683486938477,837.0,0.02812148630619049,1.0,1.434195637702942,51.0,0.0,0.0,0.035572800785303116,0.11920291930437088,0.9999392032623291,0.9999899864196777,0.0,0.3333333432674408,0.28333333134651184,0.21666665375232697,0.1666666716337204
2,0.23852665055922323,12.61781120300293,20.076526641845703,11.277071952819824,0.3567161560058594,0.642900824546814,83.54190063476562,11883.0,15.43166446685791,2195.0,0.0,0.0,1.0264341831207275,146.0,0.0,0.0,7.313354015350342,11.041234970092773,6.519585132598877,0.8061167597770691,0.8987322449684143,94.74128723144531,3369.0,4.7806525230407715,170.0,0.0,0.0,0.47806525230407715,17.0,0.0,0.0,11.854451179504395,18.064592361450195,10.504053115844727,0.47976911067962646,0.7141375541687012,85.09561157226562,3026.0,13.976377487182617,497.0,0.0,0.0,0.928009033203125,33.0,0.0,0.0,14.678328514099121,22.47860336303711,13.105206489562988,0.1917194128036499,0.5404893159866333,78.8807601928711,2805.0,19.85376739501953,706.0,0.0,0.0,1.2654668092727661,45.0,0.0,0.0,16.625112533569336,25.66596031188965,14.979449272155762,-0.05379176139831543,0.38578352332115173,75.44994354248047,2683.0,23.115859985351562,822.0,0.0,0.0,1.434195637702942,51.0,0.0,0.0,0.036156412214040756,0.11920291930437088,0.9983438849449158,0.9994975328445435,0.07142857142857142,0.3245614171028137,0.2788847088813782,0.21998745203018188,0.17656642198562622
3,0.2392770130260318,12.498697280883789,19.901626586914062,11.161133766174316,0.36787545680999756,0.6458260416984558,83.90045166015625,11934.0,15.066085815429688,2143.0,0.0,0.0,1.0334645509719849,147.0,0.0,0.0,7.277392864227295,10.955587387084961,6.496403217315674,0.8091130256652832,0.9001911878585815,94.9381332397461,3376.0,4.583802223205566,163.0,0.0,0.0,0.47806525230407715,17.0,0.0,0.0,11.757916450500488,17.941442489624023,10.41750717163086,0.4868379831314087,0.7154284715652466,85.29246520996094,3033.0,13.751405715942383,489.0,0.0,0.0,0.9561305046081543,34.0,0.0,0.0,14.5360107421875,22.316713333129883,12.960796356201172,0.20331978797912598,0.5423040390014648,79.19010162353516,2816.0,19.544431686401367,695.0,0.0,0.0,1.2654668092727661,45.0,0.0,0.0,16.4234619140625,25.3839111328125,14.769826889038086,-0.030758380889892578,0.3880159556865692,76.18109893798828,2709.0,22.384700775146484,796.0,0.0,0.0,1.434195637702942,51.0,0.0,0.0,0.04191981628537178,0.11920291930437088,0.9960092902183533,0.9968936443328857,0.14285714285714285,0.31578949093818665,0.2744360864162445,0.223308265209198,0.18646617233753204
4,0.23739531766466734,12.300407409667969,19.614673614501953,10.972968101501465,0.38597267866134644,0.6505143046379089,84.392578125,12004.0,14.566929817199707,2072.0,0.0,0.0,1.0404949188232422,148.0,0.0,0.0,7.186473369598389,10.80144214630127,6.415645122528076,0.8144468069076538,0.9027746319770813,95.10686492919922,3382.0,4.386951923370361,156.0,0.0,0.0,0.5061867237091064,18.0,0.0,0.0,11.597430229187012,17.723474502563477,10.269935607910156,0.49923092126846313,0.7189145684242249,85.65804290771484,3046.0,13.385826110839844,476.0,0.0,0.0,0.9561305046081543,34.0,0.0,0.0,14.297451972961426,22.00282859802246,12.728754043579102,0.2255728840827942,0.5438989400863647,79.89313507080078,2841.0,18.841394424438477,670.0,0.0,0.0,1.2654668092727661,45.0,0.0,0.0,16.120271682739258,24.980485916137695,14.477537155151367,0.0017448067665100098,0.39039018750190735,76.91226196289062,2735.0,21.65354347229004,770.0,0.0,0.0,1.434195637702942,51.0,0.0,0.0,0.06066049262881279,0.11920291930437088,0.9950419068336487,0.9790242314338684,0.21428571428571427,0.30701756477355957,0.26998746395111084,0.22662906348705292,0.19636592268943787
5,0.23437951869713047,12.082659721374512,19.41326141357422,10.803534507751465,0.3985182046890259,0.6577868461608887,84.80033874511719,12062.0,14.16619873046875,2015.0,0.0,0.0,1.0334645509719849,147.0,0.0,0.0,6.896189212799072,10.366787910461426,6.173932075500488,0.829079806804657,0.910881519317627,95.69741821289062,3403.0,3.824522018432617,136.0,0.0,0.0,0.47806525230407715,17.0,0.0,0.0,11.419212341308594,17.48843002319336,10.134092330932617,0.5124250650405884,0.7263254523277283,85.7705307006836,3050.0,13.273340225219727,472.0,0.0,0.0,0.9561305046081543,34.0,0.0,0.0,14.105978012084961,21.86286163330078,12.585999488830566,0.23539429903030396,0.5487381815910339,80.34307861328125,2857.0,18.391450881958008,654.0,0.0,0.0,1.2654668092727661,45.0,0.0,0.0,15.909257888793945,24.823347091674805,14.320113182067871,0.014264404773712158,0.3953956365585327,77.39032745361328,2752.0,21.175477981567383,753.0,0.0,0.0,1.434195637702942,51.0,0.0,0.0,0.09067580103874207,0.11920291930437088,0.9967374801635742,0.9463978409767151,0.2857142857142857,0.2982456088066101,0.2655388414859772,0.22994986176490784,0.2062656730413437
6,0.2267287091130302,11.74775505065918,18.926862716674805,10.536611557006836,0.4282808303833008,0.6739466190338135,85.3276138305664,12137.0,13.65298080444336,1942.0,0.0,0.0,1.0194038152694702,145.0,0.0,0.0,6.37863826751709,9.451992988586426,5.7681450843811035,0.8579138517379761,0.9265219569206238,96.56918334960938,3434.0,3.0089988708496094,107.0,0.0,0.0,0.4218222498893738,15.0,0.0,0.0,11.105688095092773,16.902360916137695,9.905655860900879,0.5445564985275269,0.7453324794769287,86.33296203613281,3070.0,12.71091079711914,452.0,0.0,0.0,0.9561305046081543,34.0,0.0,0.0,13.870307922363281,21.461782455444336,12.395150184631348,0.26319068670272827,0.5597944259643555,80.96175384521484,2879.0,17.77277946472168,632.0,0.0,0.0,1.2654668092727661,45.0,0.0,0.0,15.636384010314941,24.43903350830078,14.077498435974121,0.04455024003982544,0.4018874168395996,77.44657135009766,2754.0,21.11923599243164,751.0,0.0,0.0,1.434195637702942,51.0,0.0,0.0,0.11401649564504623,0.11920291930437088,0.9902041554450989,0.923058271408081,0.35714285714285715,0.28947368264198303,0.2610902190208435,0.23327067494392395,0.2161654233932495
7,0.2223474014289573,11.463767051696777,18.415006637573242,10.292137145996094,0.45878565311431885,0.689830482006073,85.89707946777344,12218.0,13.090551376342773,1862.0,0.0,0.0,1.012373447418213,144.0,0.0,0.0,5.981283664703369,8.778156280517578,5.421318531036377,0.8774504661560059,0.936912477016449,97.21597290039062,3457.0,2.418447732925415,86.0,0.0,0.0,0.3655792772769928,13.0,0.0,0.0,10.846484184265137,16.368932723999023,9.703866958618164,0.5728499293327332,0.7610145807266235,87.14848327636719,3099.0,11.867266654968262,422.0,0.0,0.0,0.9842519760131836,35.0,0.0,0.0,13.643440246582031,20.95255470275879,12.19837760925293,0.2977406978607178,0.5763205885887146,81.24296569824219,2889.0,17.49156379699707,622.0,0.0,0.0,1.2654668092727661,45.0,0.0,0.0,15.383858680725098,23.925765991210938,13.844983100891113,0.08426147699356079,0.4144815504550934,77.98087310791016,2773.0,20.58492660522461,732.0,0.0,0.0,1.434195637702942,51.0,0.0,0.0,0.12993474304676056,0.11920291930437088,0.9849514961242676,0.8960478901863098,0.42857142857142855,0.28070175647735596,0.25664159655570984,0.23659147322177887,0.22606515884399414
8,0.21992767861966883,11.337321281433105,18.2203311920166,10.155120849609375,0.47016817331314087,0.6964031457901001,86.1220474243164,12250.0,12.879639625549316,1832.0,0.0,0.0,0.9983127117156982,142.0,0.0,0.0,5.825689792633057,8.547806739807129,5.282036781311035,0.8837977647781372,0.9402272701263428,97.30033874511719,3460.0,2.334083318710327,83.0,0.0,0.0,0.3655792772769928,13.0,0.0,0.0,10.716631889343262,16.152271270751953,9.570354461669922,0.5840827226638794,0.7676354050636292,87.59842681884766,3115.0,11.473565101623535,408.0,0.0,0.0,0.928009033203125,33.0,0.0,0.0,13.53886890411377,20.776220321655273,12.06746768951416,0.3095112442970276,0.5818902254104614,81.664794921875,2904.0,17.069740295410156,607.0,0.0,0.0,1.2654668092727661,45.0,0.0,0.0,15.268095970153809,23.713069915771484,13.700626373291016,0.1004706621170044,0.4239460825920105,77.92463684082031,2771.0,20.641170501708984,734.0,0.0,0.0,1.434195637702942,51.0,0.0,0.0,0.1357506662607193,0.11920291930437088,0.981239378452301,0.8927916884422302,0.5,0.2719298303127289,0.25219297409057617,0.2399122714996338,0.23596492409706116
9,0.21818260292267821,11.30669116973877,18.156553268432617,10.111973762512207,0.4738708734512329,0.6984692215919495,86.1361083984375,12252.0,12.865579605102539,1830.0,0.0,0.0,0.9983127117156982,142.0,0.0,0.0,5.775892734527588,8.442036628723145,5.234045028686523,0.8866558074951172,0.9417628645896912,97.32846069335938,3461.0,2.305961847305298,82.0,0.0,0.0,0.3655792772769928,13.0,0.0,0.0,10.690905570983887,16.089738845825195,9.544458389282227,0.5872969627380371,0.7696872353553772,87.85151672363281,3124.0,11.22047233581543,399.0,0.0,0.0,0.928009033203125,33.0,0.0,0.0,13.50288200378418,20.719797134399414,12.01821517944336,0.3132566213607788,0.5836016535758972,81.49606323242188,2898.0,17.23847007751465,613.0,0.0,0.0,1.2654668092727661,45.0,0.0,0.0,15.25708293914795,23.647071838378906,13.651174545288086,0.10547077655792236,0.4240169823169708,77.86839294433594,2769.0,20.697412490844727,736.0,0.0,0.0,1.434195637702942,51.0,0.0,0.0,0.139858216047287,0.11920291930437088,0.9786493182182312,0.888209879398346,0.5714285714285714,0.2631579041481018,0.2477443516254425,0.2432330846786499,0.24586467444896698
10,0.21577237811353472,11.32668685913086,18.16683578491211,10.125591278076172,0.473274827003479,0.698317289352417,86.05876922607422,12241.0,12.935882568359375,1840.0,0.0,0.0,1.0053430795669556,143.0,0.0,0.0,5.752957344055176,8.367473602294922,5.221493721008301,0.8886491060256958,0.9429515600204468,97.38470458984375,3463.0,2.2497189044952393,80.0,0.0,0.0,0.3655792772769928,13.0,0.0,0.0,10.69251823425293,16.061887741088867,9.545378684997559,0.5887243747711182,0.7704702019691467,87.5140609741211,3112.0,11.529808044433594,410.0,0.0,0.0,0.9561305046081543,34.0,0.0,0.0,13.541898727416992,20.749248504638672,12.047855377197266,0.31130295991897583,0.5820291042327881,81.41170501708984,2895.0,17.32283592224121,616.0,0.0,0.0,1.2654668092727661,45.0,0.0,0.0,15.319371223449707,23.698217391967773,13.687637329101562,0.10159707069396973,0.4222913682460785,77.92463684082031,2771.0,20.641170501708984,734.0,0.0,0.0,1.434195637702942,51.0,0.0,0.0,0.14240269362926483,0.11920291930437088,0.9784998893737793,0.8903998136520386,0.6428571428571429,0.25438597798347473,0.24329572916030884,0.24655388295650482,0.2557644248008728
11,0.21601721579843766,11.365116119384766,18.205583572387695,10.137777328491211,0.4710254669189453,0.6971697807312012,85.84083557128906,12210.0,13.167884826660156,1873.0,0.0,0.0,0.9912823438644409,141.0,0.0,0.0,5.734612941741943,8.344352722167969,5.192875862121582,0.8892636299133301,0.9431649446487427,97.41282653808594,3464.0,2.2497189044952393,80.0,0.0,0.0,0.3374578058719635,12.0,0.0,0.0,10.700027465820312,16.03472900390625,9.535839080810547,0.5901139974594116,0.771453857421875,87.31720733642578,3105.0,11.726659774780273,417.0,0.0,0.0,0.9561305046081543,34.0,0.0,0.0,13.620481491088867,20.824825286865234,12.09879207611084,0.30627673864364624,0.5796911120414734,80.93363189697266,2878.0,17.829021453857422,634.0,0.0,0.0,1.2373453378677368,44.0,0.0,0.0,15.405343055725098,23.777280807495117,13.72359848022461,0.09559255838394165,0.4176974892616272,77.69966125488281,2763.0,20.86614227294922,742.0,0.0,0.0,1.434195637702942,51.0,0.0,0.0,0.1480177640914917,0.11920291930437088,0.978943407535553,0.9050995111465454,0.7142857142857143,0.24561403691768646,0.23884710669517517,0.24987469613552094,0.26566416025161743
12,0.21414326948890278,11.407562255859375,18.287702560424805,10.16838264465332,0.46624279022216797,0.6936352252960205,85.79865264892578,12204.0,13.20303726196289,1878.0,0.0,0.0,0.9983127117156982,142.0,0.0,0.0,5.746649265289307,8.381820678710938,5.204627990722656,0.888266921043396,0.9426059126853943,97.32846069335938,3461.0,2.305961847305298,82.0,0.0,0.0,0.3655792772769928,13.0,0.0,0.0,10.737767219543457,16.117372512817383,9.561110496520996,0.5858780741691589,0.7687273025512695,87.40157318115234,3108.0,11.642293930053711,414.0,0.0,0.0,0.9561305046081543,34.0,0.0,0.0,13.68582820892334,20.936498641967773,12.148148536682129,0.2988165616989136,0.5737584829330444,80.8492660522461,2875.0,17.91338539123535,637.0,0.0,0.0,1.2373453378677368,44.0,0.0,0.0,15.460010528564453,23.862071990966797,13.759644508361816,0.08913075923919678,0.4099581241607666,77.61529541015625,2760.0,20.95050621032715,745.0,0.0,0.0,1.434195637702942,51.0,0.0,0.0,0.14651142060756683,0.11920291930437088,0.9687142372131348,0.9127644300460815,0.7857142857142857,0.23684212565422058,0.2343984991312027,0.25319552421569824,0.27556392550468445
13,0.21396439296413425,11.42306137084961,18.33791160583496,10.174227714538574,0.46330779790878296,0.6923723220825195,85.7705307006836,12200.0,13.238188743591309,1883.0,0.0,0.0,0.9912823438644409,141.0,0.0,0.0,5.71221923828125,8.336017608642578,5.174043655395508,0.8894847631454468,0.9432359933853149,97.35658264160156,3462.0,2.305961847305298,82.0,0.0,0.0,0.3374578058719635,12.0,0.0,0.0,10.741631507873535,16.11078453063965,9.557415962219238,0.5862165689468384,0.7690147161483765,87.45781707763672,3110.0,11.61417293548584,413.0,0.0,0.0,0.928009033203125,33.0,0.0,0.0,13.705297470092773,20.99782371520996,12.153374671936035,0.29470294713974,0.5724127292633057,80.76490020751953,2872.0,17.969629287719727,639.0,0.0,0.0,1.2654668092727661,45.0,0.0,0.0,15.533093452453613,23.982513427734375,13.812073707580566,0.07991248369216919,0.40694740414619446,77.5028076171875,2756.0,21.062992095947266,749.0,0.0,0.0,1.434195637702942,51.0,0.0,0.0,0.15796159207820892,0.11920291930437088,0.9711821675300598,0.9096964597702026,0.8571428571428571,0.22807016968727112,0.22994986176490784,0.25651630759239197,0.2854636609554291
14,0.21305803322101952,11.444221496582031,18.334440231323242,10.168591499328613,0.46351104974746704,0.6931749582290649,85.71428680419922,12192.0,13.322552680969238,1895.0,0.0,0.0,0.9631608724594116,137.0,0.0,0.0,5.698314189910889,8.30904769897461,5.155569553375244,0.8901987075805664,0.9436593651771545,97.4971923828125,3467.0,2.22159743309021,79.0,0.0,0.0,0.2812148630619049,10.0,0.0,0.0,10.756874084472656,16.134323120117188,9.55597972869873,0.5850064754486084,0.7688866853713989,87.37345123291016,3107.0,11.69853687286377,416.0,0.0,0.0,0.928009033203125,33.0,0.0,0.0,13.759810447692871,21.000463485717773,12.168469429016113,0.2945256233215332,0.5733162760734558,80.59617614746094,2866.0,18.19460105895996,647.0,0.0,0.0,1.2092238664627075,43.0,0.0,0.0,15.561887741088867,23.96310806274414,13.79434871673584,0.0814008116722107,0.40913140773773193,77.39032745361328,2752.0,21.175477981567383,753.0,0.0,0.0,1.434195637702942,51.0,0.0,0.0,0.15386371314525604,0.11920291930437088,0.968379020690918,0.9079338312149048,0.9285714285714286,0.21929824352264404,0.22550123929977417,0.2598370909690857,0.2953633964061737
15,0.21142032614219533,11.437629699707031,18.339303970336914,10.153759002685547,0.463226318359375,0.6930007934570312,85.7705307006836,12200.0,13.273340225219727,1888.0,0.0,0.0,0.9561305046081543,136.0,0.0,0.0,5.687770366668701,8.295999526977539,5.144054412841797,0.8905432820320129,0.9438557624816895,97.52531433105469,3468.0,2.1934759616851807,78.0,0.0,0.0,0.2812148630619049,10.0,0.0,0.0,10.763924598693848,16.136821746826172,9.551492691040039,0.5848779678344727,0.7688355445861816,87.7109146118164,3119.0,11.389201164245605,405.0,0.0,0.0,0.8998875617980957,32.0,0.0,0.0,13.761528968811035,21.03942108154297,12.151766777038574,0.2919057011604309,0.571533739566803,80.65241241455078,2868.0,18.138357162475586,645.0,0.0,0.0,1.2092238664627075,43.0,0.0,0.0,15.537294387817383,23.946659088134766,13.767722129821777,0.08266150951385498,0.4095928370952606,77.19347381591797,2745.0,21.37232780456543,760.0,0.0,0.0,1.434195637702942,51.0,0.0,0.0,0.15338177978992462,0.11920291930437088,0.963686466217041,0.9150220155715942,1.0,0.21052631735801697,0.2210526168346405,0.2631579041481018,0.3052631616592407
16,0.2073455443875351,11.46627140045166,18.391996383666992,10.160895347595215,0.46013742685317993,0.6913408041000366,85.84083557128906,12210.0,13.217097282409668,1880.0,0.0,0.0,0.9420697689056396,134.0,0.0,0.0,5.675983905792236,8.270666122436523,5.130507946014404,0.8912107348442078,0.944158673286438,97.44094848632812,3465.0,2.2778403759002686,81.0,0.0,0.0,0.2812148630619049,10.0,0.0,0.0,10.759376525878906,16.150390625,9.527677536010742,0.5841795206069946,0.7683120369911194,87.73902893066406,3120.0,11.389201164245605,405.0,0.0,0.0,0.8717659711837769,31.0,0.0,0.0,13.800680160522461,21.098371505737305,12.161688804626465,0.2879321575164795,0.5701322555541992,80.79302215576172,2873.0,17.997751235961914,640.0,0.0,0.0,1.2092238664627075,43.0,0.0,0.0,15.629042625427246,24.05580711364746,13.823711395263672,0.07428008317947388,0.40572595596313477,77.39032745361328,2752.0,21.20359992980957,754.0,0.0,0.0,1.4060741662979126,50.0,0.0,0.0,0.15630961954593658,0.11920291930437088,0.9562341570854187,0.9213097095489502,1.0,0.21052631735801697,0.2210526168346405,0.2631579041481018,0.3052631616592407
17,0.20312371694184597,11.595927238464355,18.543672561645508,10.2794771194458,0.4511963725090027,0.6865659952163696,85.41197967529297,12149.0,13.645950317382812,1941.0,0.0,0.0,0.9420697689056396,134.0,0.0,0.0,5.708062648773193,8.318854331970215,5.152766704559326,0.8899393677711487,0.9435412287712097,97.44094848632812,3465.0,2.2778403759002686,81.0,0.0,0.0,0.2812148630619049,10.0,0.0,0.0,10.891741752624512,16.28652000427246,9.641165733337402,0.577140212059021,0.7644694447517395,87.57030487060547,3114.0,11.557929992675781,411.0,0.0,0.0,0.8717659711837769,31.0,0.0,0.0,13.98055648803711,21.297746658325195,12.324881553649902,0.2744107246398926,0.5620924830436707,80.11811065673828,2849.0,18.672666549682617,664.0,0.0,0.0,1.2092238664627075,43.0,0.0,0.0,15.80334758758545,24.236806869506836,13.999095916748047,0.06029701232910156,0.39952272176742554,76.51856231689453,2721.0,22.07536506652832,785.0,0.0,0.0,1.4060741662979126,50.0,0.0,0.0,0.16064365208148956,0.11920291930437088,0.9541667103767395,0.9272709488868713,1.0,0.21052631735801697,0.2210526168346405,0.2631579041481018,0.3052631616592407
step,fold11/test_loss,fold11/test_mae,fold11/test_rmse,fold11/test_mard,fold11/test_r2,fold11/test_pearson,fold11/test_ega_zone_a_pct,fold11/test_ega_zone_a_count,fold11/test_ega_zone_b_pct,fold11/test_ega_zone_b_count,fold11/test_ega_zone_c_pct,fold11/test_ega_zone_c_count,fold11/test_ega_zone_d_pct,fold11/test_ega_zone_d_count,fold11/test_ega_zone_e_pct,fold11/test_ega_zone_e_count,fold11/test_horizon_15_mae,fold11/test_horizon_15_rmse,fold11/test_horizon_15_mard,fold11/test_horizon_15_r2,fold11/test_horizon_15_pearson,fold11/test_horizon_15_ega_zone_a_pct,fold11/test_horizon_15_ega_zone_a_count,fold11/test_horizon_15_ega_zone_b_pct,fold11/test_horizon_15_ega_zone_b_count,fold11/test_horizon_15_ega_zone_c_pct,fold11/test_horizon_15_ega_zone_c_count,fold11/test_horizon_15_ega_zone_d_pct,fold11/test_horizon_15_ega_zone_d_count,fold11/test_horizon_15_ega_zone_e_pct,fold11/test_horizon_15_ega_zone_e_count,fold11/test_horizon_30_mae,fold11/test_horizon_30_rmse,fold11/test_horizon_30_mard,fold11/test_horizon_30_r2,fold11/test_horizon_30_pearson,fold11/test_horizon_30_ega_zone_a_pct,fold11/test_horizon_30_ega_zone_a_count,fold11/test_horizon_30_ega_zone_b_pct,fold11/test_horizon_30_ega_zone_b_count,fold11/test_horizon_30_ega_zone_c_pct,fold11/test_horizon_30_ega_zone_c_count,fold11/test_horizon_30_ega_zone_d_pct,fold11/test_horizon_30_ega_zone_d_count,fold11/test_horizon_30_ega_zone_e_pct,fold11/test_horizon_30_ega_zone_e_count,fold11/test_horizon_45_mae,fold11/test_horizon_45_rmse,fold11/test_horizon_45_mard,fold11/test_horizon_45_r2,fold11/test_horizon_45_pearson,fold11/test_horizon_45_ega_zone_a_pct,fold11/test_horizon_45_ega_zone_a_count,fold11/test_horizon_45_ega_zone_b_pct,fold11/test_horizon_45_ega_zone_b_count,fold11/test_horizon_45_ega_zone_c_pct,fold11/test_horizon_45_ega_zone_c_count,fold11/test_horizon_45_ega_zone_d_pct,fold11/test_horizon_45_ega_zone_d_count,fold11/test_horizon_45_ega_zone_e_pct,fold11/test_horizon_45_ega_zone_e_count,fold11/test_horizon_60_mae,fold11/test_horizon_60_rmse,fold11/test_horizon_60_mard,fold11/test_horizon_60_r2,fold11/test_horizon_60_pearson,fold11/test_horizon_60_ega_zone_a_pct,fold11/test_horizon_60_ega_zone_a_count,fold11/test_horizon_60_ega_zone_b_pct,fold11/test_horizon_60_ega_zone_b_count,fold11/test_horizon_60_ega_zone_c_pct,fold11/test_horizon_60_ega_zone_c_count,fold11/test_horizon_60_ega_zone_d_pct,fold11/test_horizon_60_ega_zone_d_count,fold11/test_horizon_60_ega_zone_e_pct,fold11/test_horizon_60_ega_zone_e_count
0,0.2887336865919376,10.611730575561523,16.024911880493164,8.580523490905762,0.5570052862167358,0.7517141699790955,90.1593246459961,7696.0,9.84067440032959,840.0,0.0,0.0,0.0,0.0,0.0,0.0,4.860827445983887,6.844918251037598,4.056296348571777,0.9196351170539856,0.9591293334960938,99.62511444091797,2126.0,0.37488284707069397,8.0,0.0,0.0,0.0,0.0,0.0,0.0,9.694993019104004,13.951105117797852,7.890265464782715,0.6646226644515991,0.817288875579834,93.48641204833984,1995.0,6.513589859008789,139.0,0.0,0.0,0.0,0.0,0.0,0.0,12.909372329711914,18.48448944091797,10.36986255645752,0.40850329399108887,0.6514214873313904,85.56700897216797,1826.0,14.432989120483398,308.0,0.0,0.0,0.0,0.0,0.0,0.0,14.981731414794922,21.071989059448242,12.005672454833984,0.2313239574432373,0.5182095766067505,81.9587631225586,1749.0,18.041236877441406,385.0,0.0,0.0,0.0,0.0,0.0,0.0
step,fold12/train_loss,fold12/val_mae,fold12/val_rmse,fold12/val_mard,fold12/val_r2,fold12/val_pearson,fold12/val_ega_zone_a_pct,fold12/val_ega_zone_a_count,fold12/val_ega_zone_b_pct,fold12/val_ega_zone_b_count,fold12/val_ega_zone_c_pct,fold12/val_ega_zone_c_count,fold12/val_ega_zone_d_pct,fold12/val_ega_zone_d_count,fold12/val_ega_zone_e_pct,fold12/val_ega_zone_e_count,fold12/val_horizon_15_mae,fold12/val_horizon_15_rmse,fold12/val_horizon_15_mard,fold12/val_horizon_15_r2,fold12/val_horizon_15_pearson,fold12/val_horizon_15_ega_zone_a_pct,fold12/val_horizon_15_ega_zone_a_count,fold12/val_horizon_15_ega_zone_b_pct,fold12/val_horizon_15_ega_zone_b_count,fold12/val_horizon_15_ega_zone_c_pct,fold12/val_horizon_15_ega_zone_c_count,fold12/val_horizon_15_ega_zone_d_pct,fold12/val_horizon_15_ega_zone_d_count,fold12/val_horizon_15_ega_zone_e_pct,fold12/val_horizon_15_ega_zone_e_count,fold12/val_horizon_30_mae,fold12/val_horizon_30_rmse,fold12/val_horizon_30_mard,fold12/val_horizon_30_r2,fold12/val_horizon_30_pearson,fold12/val_horizon_30_ega_zone_a_pct,fold12/val_horizon_30_ega_zone_a_count,fold12/val_horizon_30_ega_zone_b_pct,fold12/val_horizon_30_ega_zone_b_count,fold12/val_horizon_30_ega_zone_c_pct,fold12/val_horizon_30_ega_zone_c_count,fold12/val_horizon_30_ega_zone_d_pct,fold12/val_horizon_30_ega_zone_d_count,fold12/val_horizon_30_ega_zone_e_pct,fold12/val_horizon_30_ega_zone_e_count,fold12/val_horizon_45_mae,fold12/val_horizon_45_rmse,fold12/val_horizon_45_mard,fold12/val_horizon_45_r2,fold12/val_horizon_45_pearson,fold12/val_horizon_45_ega_zone_a_pct,fold12/val_horizon_45_ega_zone_a_count,fold12/val_horizon_45_ega_zone_b_pct,fold12/val_horizon_45_ega_zone_b_count,fold12/val_horizon_45_ega_zone_c_pct,fold12/val_horizon_45_ega_zone_c_count,fold12/val_horizon_45_ega_zone_d_pct,fold12/val_horizon_45_ega_zone_d_count,fold12/val_horizon_45_ega_zone_e_pct,fold12/val_horizon_45_ega_zone_e_count,fold12/val_horizon_60_mae,fold12/val_horizon_60_rmse,fold12/val_horizon_60_mard,fold12/val_horizon_60_r2,fold12/val_horizon_60_pearson,fold12/val_horizon_60_ega_zone_a_pct,fold12/val_horizon_60_ega_zone_a_count,fold12/val_horizon_60_ega_zone_b_pct,fold12/val_horizon_60_ega_zone_b_count,fold12/val_horizon_60_ega_zone_c_pct,fold12/val_horizon_60_ega_zone_c_count,fold12/val_horizon_60_ega_zone_d_pct,fold12/val_horizon_60_ega_zone_d_count,fold12/val_horizon_60_ega_zone_e_pct,fold12/val_horizon_60_ega_zone_e_count,fold12/diag_horizon_query_similarity,fold12/diag_horizon_progressive_gate,fold12/diag_horizon_attention_similarity,fold12/diag_horizon_attention_entropy,fold12/diag_horizon_curriculum_progress,fold12/diag_loss_horizon_weight_0,fold12/diag_loss_horizon_weight_1,fold12/diag_loss_horizon_weight_2,fold12/diag_loss_horizon_weight_3
1,0.23050546476410697,10.854134559631348,16.087350845336914,9.89730167388916,0.17876416444778442,0.5499967336654663,85.79476165771484,16754.0,13.764850616455078,2688.0,0.0,0.0,0.4403932988643646,86.0,0.0,0.0,6.979230880737305,10.20614242553711,6.391024589538574,0.6732853055000305,0.8291283845901489,94.67431640625,4622.0,5.120851993560791,250.0,0.0,0.0,0.20483408868312836,10.0,0.0,0.0,10.642788887023926,15.45267105102539,9.690163612365723,0.24634188413619995,0.5889735221862793,86.46046447753906,4221.0,13.068415641784668,638.0,0.0,0.0,0.47111836075782776,23.0,0.0,0.0,12.434832572937012,17.91109275817871,11.353930473327637,-0.022984862327575684,0.42881906032562256,81.95411682128906,4001.0,17.492830276489258,854.0,0.0,0.0,0.5530520081520081,27.0,0.0,0.0,13.35969066619873,19.27313995361328,12.154083251953125,-0.19326388835906982,0.32233062386512756,80.09012603759766,3910.0,19.377304077148438,946.0,0.0,0.0,0.532568633556366,26.0,0.0,0.0,-0.07982311397790909,0.11920291930437088,0.9999698996543884,0.9999880790710449,0.0,0.3333333432674408,0.28333333134651184,0.21666665375232697,0.1666666716337204
2,0.22900552229518312,10.696416854858398,15.614815711975098,9.798831939697266,0.2263001799583435,0.5580032467842102,86.46046447753906,16884.0,13.078657150268555,2554.0,0.0,0.0,0.4608767032623291,90.0,0.0,0.0,6.947295188903809,10.052244186401367,6.385291576385498,0.6830641031265259,0.8319187164306641,94.879150390625,4632.0,4.875051021575928,238.0,0.0,0.0,0.2458008974790573,12.0,0.0,0.0,10.542637825012207,15.071200370788574,9.64589786529541,0.2830928564071655,0.5928856134414673,87.19786834716797,4257.0,12.331011772155762,602.0,0.0,0.0,0.47111836075782776,23.0,0.0,0.0,12.206972122192383,17.35807228088379,11.18132209777832,0.0392109751701355,0.433719277381897,82.81442260742188,4043.0,16.612043380737305,811.0,0.0,0.0,0.5735354423522949,28.0,0.0,0.0,13.088761329650879,18.595659255981445,11.982816696166992,-0.110848069190979,0.3261052370071411,80.95043182373047,3952.0,18.496517181396484,903.0,0.0,0.0,0.5530520081520081,27.0,0.0,0.0,-0.0789647176861763,0.11920291930437088,0.9998131394386292,0.999922513961792,0.07142857142857142,0.3245614171028137,0.2788847088813782,0.21998745203018188,0.17656642198562622
3,0.22846078163525066,10.616567611694336,15.425673484802246,9.735404968261719,0.24493032693862915,0.5617015361785889,86.79331970214844,16949.0,12.745800971984863,2489.0,0.0,0.0,0.4608767032623291,90.0,0.0,0.0,6.924395561218262,9.996491432189941,6.368487358093262,0.6865699291229248,0.833171546459198,95.0020523071289,4638.0,4.752151012420654,232.0,0.0,0.0,0.2458008974790573,12.0,0.0,0.0,10.485431671142578,14.94503402709961,9.595905303955078,0.2950456142425537,0.5939460396766663,87.34125518798828,4264.0,12.187627792358398,595.0,0.0,0.0,0.47111836075782776,23.0,0.0,0.0,12.103900909423828,17.12894058227539,11.090311050415039,0.06440901756286621,0.43517234921455383,83.42892456054688,4073.0,15.997542381286621,781.0,0.0,0.0,0.5735354423522949,28.0,0.0,0.0,12.952542304992676,18.306312561035156,11.886910438537598,-0.07654762268066406,0.32757529616355896,81.40106964111328,3974.0,18.045883178710938,881.0,0.0,0.0,0.5530520081520081,27.0,0.0,0.0,-0.07853852957487106,0.11920291930437088,0.9991154670715332,0.9997930526733398,0.14285714285714285,0.31578949093818665,0.2744360864162445,0.223308265209198,0.18646617233753204
4,0.22759461813092344,10.577247619628906,15.395580291748047,9.701595306396484,0.24787354469299316,0.5621727705001831,86.84965515136719,16960.0,12.694592475891113,2479.0,0.0,0.0,0.4557558298110962,89.0,0.0,0.0,6.906147003173828,9.962937355041504,6.355647563934326,0.6886705756187439,0.8344231247901917,95.04301452636719,4640.0,4.731667518615723,231.0,0.0,0.0,0.22531750798225403,11.0,0.0,0.0,10.442218780517578,14.936834335327148,9.554574012756348,0.29581892490386963,0.5938938856124878,87.36173248291016,4265.0,12.167144775390625,594.0,0.0,0.0,0.47111836075782776,23.0,0.0,0.0,12.05209732055664,17.106706619262695,11.039224624633789,0.06683629751205444,0.4340979754924774,83.49037170410156,4076.0,15.936091423034668,778.0,0.0,0.0,0.5735354423522949,28.0,0.0,0.0,12.908528327941895,18.250673294067383,11.85693645477295,-0.07001364231109619,0.3252390921115875,81.50347900390625,3979.0,17.943466186523438,876.0,0.0,0.0,0.5530520081520081,27.0,0.0,0.0,-0.06303633004426956,0.11920291930437088,0.9983332753181458,0.9992464184761047,0.21428571428571427,0.30701756477355957,0.26998746395111084,0.22662906348705292,0.19636592268943787
5,0.22487537066081015,10.514731407165527,15.306857109069824,9.632822036743164,0.2565174102783203,0.5662461519241333,87.0083999633789,16991.0,12.535846710205078,2448.0,0.0,0.0,0.4557558298110962,89.0,0.0,0.0,6.8301310539245605,9.842077255249023,6.28501558303833,0.6961781978607178,0.8392539620399475,95.2683334350586,4651.0,4.506350040435791,220.0,0.0,0.0,0.22531750798225403,11.0,0.0,0.0,10.38571834564209,14.858726501464844,9.500627517700195,0.3031643033027649,0.5960045456886292,87.36173248291016,4265.0,12.167144775390625,594.0,0.0,0.0,0.47111836075782776,23.0,0.0,0.0,12.000016212463379,17.023983001708984,10.973140716552734,0.0758395791053772,0.43567410111427307,83.53134155273438,4078.0,15.895125389099121,776.0,0.0,0.0,0.5735354423522949,28.0,0.0,0.0,12.843056678771973,18.158615112304688,11.772506713867188,-0.05924630165100098,0.3274012804031372,81.87218475341797,3997.0,17.574764251708984,858.0,0.0,0.0,0.5530520081520081,27.0,0.0,0.0,-0.039514023810625076,0.11920291930437088,0.9977381825447083,0.9971001744270325,0.2857142857142857,0.2982456088066101,0.2655388414859772,0.22994986176490784,0.2062656730413437
6,0.22051648352601153,10.432065963745117,15.15241813659668,9.557428359985352,0.27144455909729004,0.5731142163276672,87.16202545166016,17021.0,12.377099990844727,2417.0,0.0,0.0,0.4608767032623291,90.0,0.0,0.0,6.630448818206787,9.514725685119629,6.11443567276001,0.7160526514053345,0.8503283262252808,95.5960693359375,4667.0,4.178615093231201,204.0,0.0,0.0,0.22531750798225403,11.0,0.0,0.0,10.309103012084961,14.720959663391113,9.420013427734375,0.3160262107849121,0.603410542011261,87.60753631591797,4277.0,11.900859832763672,581.0,0.0,0.0,0.4916017949581146,24.0,0.0,0.0,11.9602632522583,16.89366912841797,10.938681602478027,0.08993363380432129,0.43655315041542053,83.53134155273438,4078.0,15.895125389099121,776.0,0.0,0.0,0.5735354423522949,28.0,0.0,0.0,12.828450202941895,18.048551559448242,11.756585121154785,-0.04644465446472168,0.3259339928627014,81.91314697265625,3999.0,17.533796310424805,856.0,0.0,0.0,0.5530520081520081,27.0,0.0,0.0,-0.008871118538081646,0.11920291930437088,0.9916815757751465,0.9824897050857544,0.35714285714285715,0.28947368264198303,0.2610902190208435,0.23327067494392395,0.2161654233932495
7,0.2168896343916411,10.328792572021484,15.056612968444824,9.452611923217773,0.28062838315963745,0.5843701362609863,87.4180679321289,17071.0,12.131298065185547,2369.0,0.0,0.0,0.45063501596450806,88.0,0.0,0.0,6.347075939178467,9.038265228271484,5.858582496643066,0.7437785267829895,0.8669698238372803,96.37443542480469,4705.0,3.4002456665039062,166.0,0.0,0.0,0.22531750798225403,11.0,0.0,0.0,10.225143432617188,14.584344863891602,9.340332984924316,0.3286622166633606,0.6184001564979553,87.68946838378906,4281.0,11.818926811218262,577.0,0.0,0.0,0.4916017949581146,24.0,0.0,0.0,11.935125350952148,16.888845443725586,10.900120735168457,0.0904533863067627,0.4440714120864868,83.63375854492188,4083.0,15.813191413879395,772.0,0.0,0.0,0.5530520081520081,27.0,0.0,0.0,12.80782699584961,18.08811378479004,11.711408615112305,-0.05103719234466553,0.3278367817401886,81.97460174560547,4002.0,17.492830276489258,854.0,0.0,0.0,0.532568633556366,26.0,0.0,0.0,0.024962186813354492,0.11920291930437088,0.9640983939170837,0.9409189224243164,0.42857142857142855,0.28070175647735596,0.25664159655570984,0.23659147322177887,0.22606515884399414
8,0.2125716201319899,10.218058586120605,14.932869911193848,9.352521896362305,0.29240405559539795,0.5940698981285095,87.57169342041016,17101.0,11.998156547546387,2343.0,0.0,0.0,0.4301515817642212,84.0,0.0,0.0,6.112143039703369,8.70201587677002,5.644906520843506,0.7624882459640503,0.8780943155288696,96.86604309082031,4729.0,2.9700942039489746,145.0,0.0,0.0,0.1638672649860382,8.0,0.0,0.0,10.122454643249512,14.433843612670898,9.248019218444824,0.34244638681411743,0.631362795829773,87.91478729248047,4292.0,11.614092826843262,567.0,0.0,0.0,0.47111836075782776,23.0,0.0,0.0,11.897538185119629,16.821868896484375,10.87010383605957,0.09765321016311646,0.4517090618610382,83.61327362060547,4082.0,15.833674430847168,773.0,0.0,0.0,0.5530520081520081,27.0,0.0,0.0,12.740100860595703,18.025712966918945,11.647056579589844,-0.043797850608825684,0.3280908167362213,81.89266967773438,3998.0,17.574764251708984,858.0,0.0,0.0,0.532568633556366,26.0,0.0,0.0,0.05313792824745178,0.11920291930437088,0.9477815628051758,0.9049851894378662,0.5,0.2719298303127289,0.25219297409057617,0.2399122714996338,0.23596492409706116
9,0.2103176257958017,10.200623512268066,14.950460433959961,9.331146240234375,0.2907360792160034,0.5941923260688782,87.54608917236328,17096.0,12.01863956451416,2347.0,0.0,0.0,0.4352724254131317,85.0,0.0,0.0,6.031068325042725,8.580105781555176,5.574432849884033,0.7690964341163635,0.8818188309669495,97.09136199951172,4740.0,2.7242932319641113,133.0,0.0,0.0,0.18435066938400269,9.0,0.0,0.0,10.12492561340332,14.436593055725098,9.25029468536377,0.3421958088874817,0.6330111026763916,87.68946838378906,4281.0,11.839409828186035,578.0,0.0,0.0,0.47111836075782776,23.0,0.0,0.0,11.901532173156738,16.870534896850586,10.861467361450195,0.09242457151412964,0.4494340717792511,83.38795471191406,4071.0,16.058992385864258,784.0,0.0,0.0,0.5530520081520081,27.0,0.0,0.0,12.744970321655273,18.09465980529785,11.638391494750977,-0.05179798603057861,0.32409825921058655,82.01557159423828,4004.0,17.45186424255371,852.0,0.0,0.0,0.532568633556366,26.0,0.0,0.0,0.07166341692209244,0.11920291930437088,0.9672349095344543,0.8853372931480408,0.5714285714285714,0.2631579041481018,0.2477443516254425,0.2432330846786499,0.24586467444896698
10,0.20985420632736188,10.226449966430664,14.978915214538574,9.358757019042969,0.288033664226532,0.5949689745903015,87.5819320678711,17103.0,11.9879150390625,2341.0,0.0,0.0,0.4301515817642212,84.0,0.0,0.0,6.004214286804199,8.508988380432129,5.547447681427002,0.7729083299636841,0.8840063214302063,97.3166732788086,4751.0,2.5194592475891113,123.0,0.0,0.0,0.1638672649860382,8.0,0.0,0.0,10.173877716064453,14.502057075500488,9.298129081726074,0.3362165093421936,0.6333487629890442,87.91478729248047,4292.0,11.614092826843262,567.0,0.0,0.0,0.47111836075782776,23.0,0.0,0.0,11.943441390991211,16.918970108032227,10.906271934509277,0.08720576763153076,0.45041170716285706,83.44940185546875,4074.0,15.997542381286621,781.0,0.0,0.0,0.5530520081520081,27.0,0.0,0.0,12.78426456451416,18.12477684020996,11.68317985534668,-0.05530214309692383,0.3252750039100647,81.64686584472656,3986.0,17.820566177368164,870.0,0.0,0.0,0.532568633556366,26.0,0.0,0.0,0.08614381402730942,0.11920291930437088,0.9635605216026306,0.8721515536308289,0.6428571428571429,0.25438597798347473,0.24329572916030884,0.24655388295650482,0.2557644248008728
11,0.20968258006192136,10.234286308288574,14.997222900390625,9.36948013305664,0.2862921953201294,0.596110463142395,87.54096984863281,17095.0,12.028882026672363,2349.0,0.0,0.0,0.4301515817642212,84.0,0.0,0.0,5.944519996643066,8.44117546081543,5.493644714355469,0.7765135169029236,0.8862327337265015,97.37812042236328,4754.0,2.4580090045928955,120.0,0.0,0.0,0.1638672649860382,8.0,0.0,0.0,10.159775733947754,14.492620468139648,9.283571243286133,0.33708006143569946,0.6360114812850952,87.93527221679688,4293.0,11.593608856201172,566.0,0.0,0.0,0.47111836075782776,23.0,0.0,0.0,11.994475364685059,16.977428436279297,10.964065551757812,0.08088713884353638,0.4511021375656128,83.18312072753906,4061.0,16.263826370239258,794.0,0.0,0.0,0.5530520081520081,27.0,0.0,0.0,12.838372230529785,18.16986846923828,11.736641883850098,-0.06055951118469238,0.32509538531303406,81.66735076904297,3987.0,17.80008316040039,869.0,0.0,0.0,0.532568633556366,26.0,0.0,0.0,0.10401466488838196,0.11920291930437088,0.967932403087616,0.8695598840713501,0.7142857142857143,0.24561403691768646,0.23884710669517517,0.24987469613552094,0.26566416025161743
12,0.20911202791761696,10.257440567016602,15.051130294799805,9.392521858215332,0.2811521887779236,0.5925998091697693,87.4795150756836,17083.0,12.09033203125,2361.0,0.0,0.0,0.4301515817642212,84.0,0.0,0.0,5.926018714904785,8.431556701660156,5.479015350341797,0.7770226001739502,0.8861677646636963,97.4395751953125,4757.0,2.3965587615966797,117.0,0.0,0.0,0.1638672649860382,8.0,0.0,0.0,10.152300834655762,14.507482528686523,9.280792236328125,0.3357197642326355,0.6335618495941162,87.81237030029297,4287.0,11.716509819030762,572.0,0.0,0.0,0.47111836075782776,23.0,0.0,0.0,12.036438941955566,17.044761657714844,10.999262809753418,0.0735822319984436,0.44592130184173584,83.12166595458984,4058.0,16.32527732849121,797.0,0.0,0.0,0.5530520081520081,27.0,0.0,0.0,12.915007591247559,18.277414321899414,11.811017990112305,-0.0731515884399414,0.3194824457168579,81.54444885253906,3981.0,17.922983169555664,875.0,0.0,0.0,0.532568633556366,26.0,0.0,0.0,0.107044517993927,0.11920291930437088,0.9764935970306396,0.8654006719589233,0.7857142857142857,0.23684212565422058,0.2343984991312027,0.25319552421569824,0.27556392550468445
13,0.20743998616013845,10.282709121704102,15.082655906677246,9.417767524719238,0.2781376242637634,0.591942548751831,87.32588958740234,17053.0,12.233715057373047,2389.0,0.0,0.0,0.4403932988643646,86.0,0.0,0.0,5.916574954986572,8.419044494628906,5.4692912101745605,0.7776839137077332,0.8864399194717407,97.39860534667969,4755.0,2.437525510787964,119.0,0.0,0.0,0.1638672649860382,8.0,0.0,0.0,10.16901683807373,14.51244831085205,9.29531192779541,0.3352649211883545,0.6336179971694946,87.64850616455078,4279.0,11.859893798828125,579.0,0.0,0.0,0.4916017949581146,24.0,0.0,0.0,12.060287475585938,17.07611846923828,11.024214744567871,0.07017046213150024,0.44586342573165894,83.10118865966797,4057.0,16.345760345458984,798.0,0.0,0.0,0.5530520081520081,27.0,0.0,0.0,12.984959602355957,18.35376739501953,11.882253646850586,-0.08213627338409424,0.31960171461105347,81.15526580810547,3962.0,18.291683197021484,893.0,0.0,0.0,0.5530520081520081,27.0,0.0,0.0,0.10226259380578995,0.11920291930437088,0.9706099033355713,0.8669323325157166,0.8571428571428571,0.22807016968727112,0.22994986176490784,0.25651630759239197,0.2854636609554291
14,0.20612565727886123,10.310285568237305,15.144264221191406,9.441802978515625,0.2722284197807312,0.5895331501960754,87.33100891113281,17054.0,12.228594779968262,2388.0,0.0,0.0,0.4403932988643646,86.0,0.0,0.0,5.9215312004089355,8.413619995117188,5.4709954261779785,0.7779702544212341,0.8868864178657532,97.29618835449219,4750.0,2.539942502975464,124.0,0.0,0.0,0.1638672649860382,8.0,0.0,0.0,10.205448150634766,14.589775085449219,9.326408386230469,0.3281622529029846,0.6311103105545044,87.54608917236328,4274.0,11.982793807983398,585.0,0.0,0.0,0.47111836075782776,23.0,0.0,0.0,12.092634201049805,17.148033142089844,11.051929473876953,0.062322139739990234,0.44128167629241943,83.08070373535156,4056.0,16.345760345458984,798.0,0.0,0.0,0.5735354423522949,28.0,0.0,0.0,13.021528244018555,18.4306640625,11.91788101196289,-0.09122300148010254,0.31581732630729675,81.40106964111328,3974.0,18.045883178710938,881.0,0.0,0.0,0.5530520081520081,27.0,0.0,0.0,0.10492949932813644,0.11920291930437088,0.9788743853569031,0.864847719669342,0.9285714285714286,0.21929824352264404,0.22550123929977417,0.2598370909690857,0.2953633964061737
15,0.20577594420196177,10.347962379455566,15.194371223449707,9.48310375213623,0.2674044966697693,0.5878822207450867,87.18251037597656,17025.0,12.387341499328613,2419.0,0.0,0.0,0.4301515817642212,84.0,0.0,0.0,5.928614139556885,8.457256317138672,5.482380390167236,0.7756612300872803,0.8858910202980042,97.2552261352539,4748.0,2.580909490585327,126.0,0.0,0.0,0.1638672649860382,8.0,0.0,0.0,10.215766906738281,14.635154724121094,9.342962265014648,0.32397639751434326,0.6284445524215698,87.60753631591797,4277.0,11.921343803405762,582.0,0.0,0.0,0.47111836075782776,23.0,0.0,0.0,12.165817260742188,17.214336395263672,11.12769889831543,0.05505704879760742,0.4398112893104553,82.81442260742188,4043.0,16.632526397705078,812.0,0.0,0.0,0.5530520081520081,27.0,0.0,0.0,13.081653594970703,18.47780990600586,11.9793701171875,-0.09681284427642822,0.31677931547164917,81.05284881591797,3957.0,18.414583206176758,899.0,0.0,0.0,0.532568633556366,26.0,0.0,0.0,0.1146627888083458,0.11920291930437088,0.9811015129089355,0.871491014957428,1.0,0.21052631735801697,0.2210526168346405,0.2631579041481018,0.3052631616592407
16,0.20198157436255984,10.350357055664062,15.205355644226074,9.479321479797363,0.26634496450424194,0.5893887281417847,87.00328063964844,16990.0,12.566571235656738,2454.0,0.0,0.0,0.4301515817642212,84.0,0.0,0.0,5.89337682723999,8.393378257751465,5.450740814208984,0.7790372967720032,0.8878478407859802,97.2347412109375,4747.0,2.601392984390259,127.0,0.0,0.0,0.1638672649860382,8.0,0.0,0.0,10.19125747680664,14.59293270111084,9.312499046325684,0.3278713822364807,0.6311931014060974,87.52560424804688,4273.0,12.003276824951172,586.0,0.0,0.0,0.47111836075782776,23.0,0.0,0.0,12.173290252685547,17.235076904296875,11.127729415893555,0.05277872085571289,0.4430508315563202,82.60958862304688,4033.0,16.83736228942871,822.0,0.0,0.0,0.5530520081520081,27.0,0.0,0.0,13.143499374389648,18.556964874267578,12.026315689086914,-0.10623002052307129,0.3188236355781555,80.64317321777344,3937.0,18.82425308227539,919.0,0.0,0.0,0.532568633556366,26.0,0.0,0.0,0.11807892471551895,0.11920291930437088,0.981818675994873,0.8681139945983887,1.0,0.21052631735801697,0.2210526168346405,0.2631579041481018,0.3052631616592407
step,fold12/test_loss,fold12/test_mae,fold12/test_rmse,fold12/test_mard,fold12/test_r2,fold12/test_pearson,fold12/test_ega_zone_a_pct,fold12/test_ega_zone_a_count,fold12/test_ega_zone_b_pct,fold12/test_ega_zone_b_count,fold12/test_ega_zone_c_pct,fold12/test_ega_zone_c_count,fold12/test_ega_zone_d_pct,fold12/test_ega_zone_d_count,fold12/test_ega_zone_e_pct,fold12/test_ega_zone_e_count,fold12/test_horizon_15_mae,fold12/test_horizon_15_rmse,fold12/test_horizon_15_mard,fold12/test_horizon_15_r2,fold12/test_horizon_15_pearson,fold12/test_horizon_15_ega_zone_a_pct,fold12/test_horizon_15_ega_zone_a_count,fold12/test_horizon_15_ega_zone_b_pct,fold12/test_horizon_15_ega_zone_b_count,fold12/test_horizon_15_ega_zone_c_pct,fold12/test_horizon_15_ega_zone_c_count,fold12/test_horizon_15_ega_zone_d_pct,fold12/test_horizon_15_ega_zone_d_count,fold12/test_horizon_15_ega_zone_e_pct,fold12/test_horizon_15_ega_zone_e_count,fold12/test_horizon_30_mae,fold12/test_horizon_30_rmse,fold12/test_horizon_30_mard,fold12/test_horizon_30_r2,fold12/test_horizon_30_pearson,fold12/test_horizon_30_ega_zone_a_pct,fold12/test_horizon_30_ega_zone_a_count,fold12/test_horizon_30_ega_zone_b_pct,fold12/test_horizon_30_ega_zone_b_count,fold12/test_horizon_30_ega_zone_c_pct,fold12/test_horizon_30_ega_zone_c_count,fold12/test_horizon_30_ega_zone_d_pct,fold12/test_horizon_30_ega_zone_d_count,fold12/test_horizon_30_ega_zone_e_pct,fold12/test_horizon_30_ega_zone_e_count,fold12/test_horizon_45_mae,fold12/test_horizon_45_rmse,fold12/test_horizon_45_mard,fold12/test_horizon_45_r2,fold12/test_horizon_45_pearson,fold12/test_horizon_45_ega_zone_a_pct,fold12/test_horizon_45_ega_zone_a_count,fold12/test_horizon_45_ega_zone_b_pct,fold12/test_horizon_45_ega_zone_b_count,fold12/test_horizon_45_ega_zone_c_pct,fold12/test_horizon_45_ega_zone_c_count,fold12/test_horizon_45_ega_zone_d_pct,fold12/test_horizon_45_ega_zone_d_count,fold12/test_horizon_45_ega_zone_e_pct,fold12/test_horizon_45_ega_zone_e_count,fold12/test_horizon_60_mae,fold12/test_horizon_60_rmse,fold12/test_horizon_60_mard,fold12/test_horizon_60_r2,fold12/test_horizon_60_pearson,fold12/test_horizon_60_ega_zone_a_pct,fold12/test_horizon_60_ega_zone_a_count,fold12/test_horizon_60_ega_zone_b_pct,fold12/test_horizon_60_ega_zone_b_count,fold12/test_horizon_60_ega_zone_c_pct,fold12/test_horizon_60_ega_zone_c_count,fold12/test_horizon_60_ega_zone_d_pct,fold12/test_horizon_60_ega_zone_d_count,fold12/test_horizon_60_ega_zone_e_pct,fold12/test_horizon_60_ega_zone_e_count
0,0.24359763013829583,9.04845142364502,14.814507484436035,7.175058841705322,0.40365713834762573,0.6625401973724365,92.55735778808594,6616.0,7.442641258239746,532.0,0.0,0.0,0.0,0.0,0.0,0.0,5.366818428039551,8.158271789550781,4.30537748336792,0.8208709359169006,0.9083014130592346,98.4331283569336,1759.0,1.5668717622756958,28.0,0.0,0.0,0.0,0.0,0.0,0.0,9.11660099029541,14.358149528503418,7.222729206085205,0.4400901198387146,0.6890445947647095,92.16564178466797,1647.0,7.834359169006348,140.0,0.0,0.0,0.0,0.0,0.0,0.0,10.559004783630371,16.878042221069336,8.358969688415527,0.22308915853500366,0.5361049175262451,89.87129211425781,1606.0,10.128707885742188,181.0,0.0,0.0,0.0,0.0,0.0,0.0,11.15138053894043,17.896827697753906,8.813161849975586,0.12409722805023193,0.4509374797344208,89.7593765258789,1604.0,10.24062728881836,183.0,0.0,0.0,0.0,0.0,0.0,0.0
step,fold13/train_loss,fold13/val_mae,fold13/val_rmse,fold13/val_mard,fold13/val_r2,fold13/val_pearson,fold13/val_ega_zone_a_pct,fold13/val_ega_zone_a_count,fold13/val_ega_zone_b_pct,fold13/val_ega_zone_b_count,fold13/val_ega_zone_c_pct,fold13/val_ega_zone_c_count,fold13/val_ega_zone_d_pct,fold13/val_ega_zone_d_count,fold13/val_ega_zone_e_pct,fold13/val_ega_zone_e_count,fold13/val_horizon_15_mae,fold13/val_horizon_15_rmse,fold13/val_horizon_15_mard,fold13/val_horizon_15_r2,fold13/val_horizon_15_pearson,fold13/val_horizon_15_ega_zone_a_pct,fold13/val_horizon_15_ega_zone_a_count,fold13/val_horizon_15_ega_zone_b_pct,fold13/val_horizon_15_ega_zone_b_count,fold13/val_horizon_15_ega_zone_c_pct,fold13/val_horizon_15_ega_zone_c_count,fold13/val_horizon_15_ega_zone_d_pct,fold13/val_horizon_15_ega_zone_d_count,fold13/val_horizon_15_ega_zone_e_pct,fold13/val_horizon_15_ega_zone_e_count,fold13/val_horizon_30_mae,fold13/val_horizon_30_rmse,fold13/val_horizon_30_mard,fold13/val_horizon_30_r2,fold13/val_horizon_30_pearson,fold13/val_horizon_30_ega_zone_a_pct,fold13/val_horizon_30_ega_zone_a_count,fold13/val_horizon_30_ega_zone_b_pct,fold13/val_horizon_30_ega_zone_b_count,fold13/val_horizon_30_ega_zone_c_pct,fold13/val_horizon_30_ega_zone_c_count,fold13/val_horizon_30_ega_zone_d_pct,fold13/val_horizon_30_ega_zone_d_count,fold13/val_horizon_30_ega_zone_e_pct,fold13/val_horizon_30_ega_zone_e_count,fold13/val_horizon_45_mae,fold13/val_horizon_45_rmse,fold13/val_horizon_45_mard,fold13/val_horizon_45_r2,fold13/val_horizon_45_pearson,fold13/val_horizon_45_ega_zone_a_pct,fold13/val_horizon_45_ega_zone_a_count,fold13/val_horizon_45_ega_zone_b_pct,fold13/val_horizon_45_ega_zone_b_count,fold13/val_horizon_45_ega_zone_c_pct,fold13/val_horizon_45_ega_zone_c_count,fold13/val_horizon_45_ega_zone_d_pct,fold13/val_horizon_45_ega_zone_d_count,fold13/val_horizon_45_ega_zone_e_pct,fold13/val_horizon_45_ega_zone_e_count,fold13/val_horizon_60_mae,fold13/val_horizon_60_rmse,fold13/val_horizon_60_mard,fold13/val_horizon_60_r2,fold13/val_horizon_60_pearson,fold13/val_horizon_60_ega_zone_a_pct,fold13/val_horizon_60_ega_zone_a_count,fold13/val_horizon_60_ega_zone_b_pct,fold13/val_horizon_60_ega_zone_b_count,fold13/val_horizon_60_ega_zone_c_pct,fold13/val_horizon_60_ega_zone_c_count,fold13/val_horizon_60_ega_zone_d_pct,fold13/val_horizon_60_ega_zone_d_count,fold13/val_horizon_60_ega_zone_e_pct,fold13/val_horizon_60_ega_zone_e_count,fold13/diag_horizon_query_similarity,fold13/diag_horizon_progressive_gate,fold13/diag_horizon_attention_similarity,fold13/diag_horizon_attention_entropy,fold13/diag_horizon_curriculum_progress,fold13/diag_loss_horizon_weight_0,fold13/diag_loss_horizon_weight_1,fold13/diag_loss_horizon_weight_2,fold13/diag_loss_horizon_weight_3
1,0.23896343417454957,11.619474411010742,17.22381019592285,9.630375862121582,0.3398579955101013,0.6401705145835876,87.09640502929688,15106.0,12.76522159576416,2214.0,0.0,0.0,0.138376384973526,24.0,0.0,0.0,6.928398132324219,10.128849029541016,5.7309041023254395,0.7706953883171082,0.8814426064491272,97.0479736328125,4208.0,2.9520294666290283,128.0,0.0,0.0,0.0,0.0,0.0,0.0,11.174081802368164,16.335203170776367,9.27206039428711,0.4051726460456848,0.6753321886062622,87.96125793457031,3814.0,11.877306938171387,515.0,0.0,0.0,0.16143910586833954,7.0,0.0,0.0,13.591073989868164,19.525497436523438,11.24679183959961,0.15247857570648193,0.5299530029296875,82.74907684326172,3588.0,17.066421508789062,740.0,0.0,0.0,0.18450184166431427,8.0,0.0,0.0,14.784345626831055,20.87968635559082,12.271749496459961,0.034822940826416016,0.45495977997779846,80.62730407714844,3496.0,19.165128707885742,831.0,0.0,0.0,0.207564577460289,9.0,0.0,0.0,0.10249382257461548,0.11920291930437088,0.999971330165863,0.9999896287918091,0.0,0.3333333432674408,0.28333333134651184,0.21666665375232697,0.1666666716337204
2,0.23609816235701625,11.531999588012695,16.90841293334961,9.541224479675293,0.3638134002685547,0.6438247561454773,87.94396209716797,15253.0,11.900368690490723,2064.0,0.0,0.0,0.15567342936992645,27.0,0.0,0.0,6.888169288635254,9.971359252929688,5.701644420623779,0.7777706980705261,0.8840498328208923,97.16328430175781,4213.0,2.790590286254883,121.0,0.0,0.0,0.04612546041607857,2.0,0.0,0.0,11.140448570251465,16.07924461364746,9.224576950073242,0.4236674904823303,0.6791935563087463,88.97601318359375,3858.0,10.86254596710205,471.0,0.0,0.0,0.16143910586833954,7.0,0.0,0.0,13.475366592407227,19.131725311279297,11.137001991271973,0.1863178014755249,0.5313262343406677,83.85608673095703,3636.0,15.936346054077148,691.0,0.0,0.0,0.207564577460289,9.0,0.0,0.0,14.624017715454102,20.483762741088867,12.101675987243652,0.0710795521736145,0.45123961567878723,81.78044891357422,3546.0,18.011993408203125,781.0,0.0,0.0,0.207564577460289,9.0,0.0,0.0,0.1024707779288292,0.11920291930437088,0.9997767806053162,0.9998096227645874,0.07142857142857142,0.3245614171028137,0.2788847088813782,0.21998745203018188,0.17656642198562622
3,0.23705445431026198,11.462640762329102,16.809688568115234,9.495821952819824,0.3712207078933716,0.6456329822540283,87.97855377197266,15259.0,11.865774154663086,2058.0,0.0,0.0,0.15567342936992645,27.0,0.0,0.0,6.844672679901123,9.908880233764648,5.674830436706543,0.7805469036102295,0.8850498795509338,97.18634796142578,4214.0,2.7675275802612305,120.0,0.0,0.0,0.04612546041607857,2.0,0.0,0.0,11.090545654296875,15.993946075439453,9.185739517211914,0.4297659993171692,0.6817061901092529,88.95294952392578,3857.0,10.885608673095703,472.0,0.0,0.0,0.16143910586833954,7.0,0.0,0.0,13.395774841308594,19.009050369262695,11.0903959274292,0.19671934843063354,0.5331411361694336,84.04058837890625,3644.0,15.75184440612793,683.0,0.0,0.0,0.207564577460289,9.0,0.0,0.0,14.519572257995605,20.369739532470703,12.032326698303223,0.08139246702194214,0.4505516290664673,81.73431396484375,3544.0,18.05811882019043,783.0,0.0,0.0,0.207564577460289,9.0,0.0,0.0,0.10436984896659851,0.11920291930437088,0.9972310066223145,0.9989992380142212,0.14285714285714285,0.31578949093818665,0.2744360864162445,0.223308265209198,0.18646617233753204
4,0.2362749661554583,11.342666625976562,16.613248825073242,9.397279739379883,0.3858308792114258,0.6500481367111206,88.10540008544922,15281.0,11.738929748535156,2036.0,0.0,0.0,0.15567342936992645,27.0,0.0,0.0,6.826374530792236,9.85318660736084,5.657837867736816,0.7830069065093994,0.8862752318382263,97.370849609375,4222.0,2.5830256938934326,112.0,0.0,0.0,0.04612546041607857,2.0,0.0,0.0,10.993348121643066,15.840516090393066,9.106749534606934,0.44065403938293457,0.6844723224639893,88.95294952392578,3857.0,10.885608673095703,472.0,0.0,0.0,0.16143910586833954,7.0,0.0,0.0,13.21921157836914,18.77190589904785,10.945266723632812,0.21663665771484375,0.5376013517379761,84.38653564453125,3659.0,15.405903816223145,668.0,0.0,0.0,0.207564577460289,9.0,0.0,0.0,14.331734657287598,20.09000587463379,11.879264831542969,0.10644924640655518,0.45526501536369324,81.71125793457031,3543.0,18.081180572509766,784.0,0.0,0.0,0.207564577460289,9.0,0.0,0.0,0.12213554233312607,0.11920291930437088,0.9932708144187927,0.9954820871353149,0.21428571428571427,0.30701756477355957,0.26998746395111084,0.22662906348705292,0.19636592268943787
5,0.2358211086566667,11.23777961730957,16.47884178161621,9.299581527709961,0.39572829008102417,0.6534618139266968,88.35908508300781,15325.0,11.48523998260498,1992.0,0.0,0.0,0.15567342936992645,27.0,0.0,0.0,6.772258758544922,9.791521072387695,5.614874839782715,0.7857144474983215,0.8876930475234985,97.39391326904297,4223.0,2.5599629878997803,111.0,0.0,0.0,0.04612546041607857,2.0,0.0,0.0,10.885831832885742,15.705206871032715,9.010135650634766,0.45016908645629883,0.6883730292320251,89.2066421508789,3868.0,10.631918907165527,461.0,0.0,0.0,0.16143910586833954,7.0,0.0,0.0,13.08869743347168,18.610286712646484,10.817291259765625,0.23006761074066162,0.5399332642555237,84.73247528076172,3674.0,15.05996322631836,653.0,0.0,0.0,0.207564577460289,9.0,0.0,0.0,14.204326629638672,19.933359146118164,11.756026268005371,0.12032943964004517,0.45475709438323975,82.10332489013672,3560.0,17.689115524291992,767.0,0.0,0.0,0.207564577460289,9.0,0.0,0.0,0.13627170026302338,0.11920291930437088,0.9889023303985596,0.9872108101844788,0.2857142857142857,0.2982456088066101,0.2655388414859772,0.22994986176490784,0.2062656730413437
6,0.23546889947545796,11.13210391998291,16.365230560302734,9.202765464782715,0.40403175354003906,0.6569003462791443,88.55512237548828,15359.0,11.289206504821777,1958.0,0.0,0.0,0.15567342936992645,27.0,0.0,0.0,6.690132141113281,9.653909683227539,5.549691200256348,0.7916953563690186,0.8910284638404846,97.48616027832031,4227.0,2.467712163925171,107.0,0.0,0.0,0.04612546041607857,2.0,0.0,0.0,10.786665916442871,15.570929527282715,8.919772148132324,0.4595308303833008,0.6921961307525635,89.46033477783203,3879.0,10.378229141235352,450.0,0.0,0.0,0.16143910586833954,7.0,0.0,0.0,12.966018676757812,18.47730255126953,10.701753616333008,0.24103164672851562,0.5433384776115417,84.89391326904297,3681.0,14.898523330688477,646.0,0.0,0.0,0.207564577460289,9.0,0.0,0.0,14.085596084594727,19.85498809814453,11.639845848083496,0.1272328495979309,0.45511043071746826,82.38007354736328,3572.0,17.41236114501953,755.0,0.0,0.0,0.207564577460289,9.0,0.0,0.0,0.15036965906620026,0.11920291930437088,0.9880084991455078,0.9750629663467407,0.35714285714285715,0.28947368264198303,0.2610902190208435,0.23327067494392395,0.2161654233932495
7,0.2331946593062327,11.077691078186035,16.28851318359375,9.14844799041748,0.40960627794265747,0.6595292687416077,88.60124206542969,15367.0,11.243081092834473,1950.0,0.0,0.0,0.15567342936992645,27.0,0.0,0.0,6.498628616333008,9.307695388793945,5.394864559173584,0.8063681125640869,0.8994656801223755,97.80904388427734,4241.0,2.144834041595459,93.0,0.0,0.0,0.04612546041607857,2.0,0.0,0.0,10.730916023254395,15.455391883850098,8.866532325744629,0.4675217270851135,0.6959882974624634,89.48339080810547,3880.0,10.3551664352417,449.0,0.0,0.0,0.16143910586833954,7.0,0.0,0.0,12.961148262023926,18.427865982055664,10.687015533447266,0.24508744478225708,0.542144775390625,84.89391326904297,3681.0,14.898523330688477,646.0,0.0,0.0,0.207564577460289,9.0,0.0,0.0,14.12006664276123,19.90411949157715,11.645380020141602,0.12290823459625244,0.4479823112487793,82.21863555908203,3565.0,17.573801040649414,762.0,0.0,0.0,0.207564577460289,9.0,0.0,0.0,0.16743235290050507,0.11920291930437088,0.9863278269767761,0.9548451900482178,0.42857142857142855,0.28070175647735596,0.25664159655570984,0.23659147322177887,0.22606515884399414
8,0.22911513886283466,10.810139656066895,16.02985382080078,8.927721977233887,0.42820805311203003,0.6734372973442078,89.15474700927734,15463.0,10.689576148986816,1854.0,0.0,0.0,0.15567342936992645,27.0,0.0,0.0,5.857389450073242,8.345515251159668,4.901447296142578,0.8443321585655212,0.9195244908332825,98.4086685180664,4267.0,1.5452029705047607,67.0,0.0,0.0,0.04612546041607857,2.0,0.0,0.0,10.427188873291016,15.031221389770508,8.62179183959961,0.49634820222854614,0.716323733329773,90.35977935791016,3918.0,9.478781700134277,411.0,0.0,0.0,0.16143910586833954,7.0,0.0,0.0,12.876585960388184,18.3363094329834,10.601076126098633,0.2525702714920044,0.5491037368774414,85.26290893554688,3697.0,14.529520034790039,630.0,0.0,0.0,0.207564577460289,9.0,0.0,0.0,14.079395294189453,19.900238037109375,11.586573600769043,0.12325036525726318,0.4522741138935089,82.58763885498047,3581.0,17.204797744750977,746.0,0.0,0.0,0.207564577460289,9.0,0.0,0.0,0.17901217937469482,0.11920291930437088,0.9866094589233398,0.9309557676315308,0.5,0.2719298303127289,0.25219297409057617,0.2399122714996338,0.23596492409706116
9,0.22542453071158836,10.565324783325195,15.71137523651123,8.733526229858398,0.4507029056549072,0.6880844831466675,89.5295181274414,15528.0,10.320571899414062,1790.0,0.0,0.0,0.14990775287151337,26.0,0.0,0.0,5.48911190032959,7.776686668395996,4.612732887268066,0.8648295402526855,0.9303403496742249,98.77767944335938,4283.0,1.199262022972107,52.0,0.0,0.0,0.023062730208039284,1.0,0.0,0.0,10.145010948181152,14.590065956115723,8.401711463928223,0.5254780054092407,0.7347665429115295,91.09778594970703,3950.0,8.740774154663086,379.0,0.0,0.0,0.16143910586833954,7.0,0.0,0.0,12.67663860321045,18.070405960083008,10.439874649047852,0.27409082651138306,0.5645284056663513,85.56272888183594,3710.0,14.229704856872559,617.0,0.0,0.0,0.207564577460289,9.0,0.0,0.0,13.950542449951172,19.68509292602539,11.479788780212402,0.1421053409576416,0.4626636803150177,82.67989349365234,3585.0,17.112545013427734,742.0,0.0,0.0,0.207564577460289,9.0,0.0,0.0,0.2012070268392563,0.11920291930437088,0.9865157604217529,0.9133090972900391,0.5714285714285714,0.2631579041481018,0.2477443516254425,0.2432330846786499,0.24586467444896698
10,0.22346162713466788,10.530508041381836,15.661160469055176,8.712201118469238,0.4542085528373718,0.6898884177207947,89.51222229003906,15525.0,10.337868690490723,1793.0,0.0,0.0,0.14990775287151337,26.0,0.0,0.0,5.4060139656066895,7.595648765563965,4.54087495803833,0.871049702167511,0.9336928725242615,98.84686279296875,4286.0,1.1300737857818604,49.0,0.0,0.0,0.023062730208039284,1.0,0.0,0.0,10.096683502197266,14.43111801147461,8.37203598022461,0.535760760307312,0.7408711314201355,91.00553131103516,3946.0,8.833025932312012,383.0,0.0,0.0,0.16143910586833954,7.0,0.0,0.0,12.637758255004883,18.033918380737305,10.41976547241211,0.27701932191848755,0.5653977394104004,85.44741821289062,3705.0,14.34501838684082,622.0,0.0,0.0,0.207564577460289,9.0,0.0,0.0,13.981575965881348,19.746252059936523,11.516128540039062,0.1367661952972412,0.4556165635585785,82.74907684326172,3588.0,17.043357849121094,739.0,0.0,0.0,0.207564577460289,9.0,0.0,0.0,0.2160574048757553,0.11920291930437088,0.9865994453430176,0.9068288803100586,0.6428571428571429,0.25438597798347473,0.24329572916030884,0.24655388295650482,0.2557644248008728
11,0.22148733479697374,10.546529769897461,15.673554420471191,8.726319313049316,0.4533444046974182,0.6905529499053955,89.47186279296875,15518.0,10.383994102478027,1801.0,0.0,0.0,0.1441420614719391,25.0,0.0,0.0,5.373832702636719,7.51712703704834,4.513012409210205,0.8737020492553711,0.935161828994751,99.05442810058594,4295.0,0.945572018623352,41.0,0.0,0.0,0.0,0.0,0.0,0.0,10.086400032043457,14.41425895690918,8.3675537109375,0.5368448495864868,0.7423428893089294,90.98247528076172,3945.0,8.856088638305664,384.0,0.0,0.0,0.16143910586833954,7.0,0.0,0.0,12.678900718688965,18.071138381958008,10.454877853393555,0.27403199672698975,0.565295398235321,85.33209991455078,3700.0,14.460332870483398,627.0,0.0,0.0,0.207564577460289,9.0,0.0,0.0,14.046987533569336,19.793865203857422,11.569835662841797,0.13259822130203247,0.45555081963539124,82.5184555053711,3578.0,17.273984909057617,749.0,0.0,0.0,0.207564577460289,9.0,0.0,0.0,0.22680746018886566,0.11920291930437088,0.9882473945617676,0.9065529108047485,0.7142857142857143,0.24561403691768646,0.23884710669517517,0.24987469613552094,0.26566416025161743
12,0.21978293145383943,10.618497848510742,15.778489112854004,8.785276412963867,0.4460000991821289,0.6859052181243896,89.30465698242188,15489.0,10.551198959350586,1830.0,0.0,0.0,0.1441420614719391,25.0,0.0,0.0,5.359346866607666,7.499192237854004,4.504854679107666,0.8743039965629578,0.9354596734046936,99.12361145019531,4298.0,0.8763837814331055,38.0,0.0,0.0,0.0,0.0,0.0,0.0,10.14597225189209,14.473313331604004,8.4141845703125,0.5330420136451721,0.7397698760032654,90.77490234375,3936.0,9.063652992248535,393.0,0.0,0.0,0.16143910586833954,7.0,0.0,0.0,12.811177253723145,18.224761962890625,10.563863754272461,0.26163649559020996,0.556509256362915,85.14759826660156,3692.0,14.644834518432617,635.0,0.0,0.0,0.207564577460289,9.0,0.0,0.0,14.157496452331543,19.94959259033203,11.658199310302734,0.11889606714248657,0.445157527923584,82.1725082397461,3563.0,17.61992645263672,764.0,0.0,0.0,0.207564577460289,9.0,0.0,0.0,0.2429453581571579,0.11920291930437088,0.9901298880577087,0.9083734750747681,0.7857142857142857,0.23684212565422058,0.2343984991312027,0.25319552421569824,0.27556392550468445
13,0.21918394196451255,10.630823135375977,15.767288208007812,8.797345161437988,0.4467863440513611,0.6874262094497681,89.11439514160156,15456.0,10.741467475891113,1863.0,0.0,0.0,0.1441420614719391,25.0,0.0,0.0,5.352603435516357,7.484093189239502,4.499759674072266,0.8748096227645874,0.9357605576515198,99.12361145019531,4298.0,0.8763837814331055,38.0,0.0,0.0,0.0,0.0,0.0,0.0,10.147346496582031,14.47578239440918,8.418074607849121,0.5328826904296875,0.7404714822769165,90.70571899414062,3933.0,9.132841110229492,396.0,0.0,0.0,0.16143910586833954,7.0,0.0,0.0,12.814242362976074,18.20386505126953,10.568595886230469,0.2633288502693176,0.5597609877586365,84.91697692871094,3682.0,14.87546157836914,645.0,0.0,0.0,0.207564577460289,9.0,0.0,0.0,14.209100723266602,19.937124252319336,11.702949523925781,0.11999702453613281,0.4499361217021942,81.71125793457031,3543.0,18.081180572509766,784.0,0.0,0.0,0.207564577460289,9.0,0.0,0.0,0.25401604175567627,0.11920291930437088,0.9892854690551758,0.9140039682388306,0.8571428571428571,0.22807016968727112,0.22994986176490784,0.25651630759239197,0.2854636609554291
14,0.2176007128411397,10.683984756469727,15.852944374084473,8.839258193969727,0.4407593607902527,0.6847037672996521,89.0625,15447.0,10.793357849121094,1872.0,0.0,0.0,0.1441420614719391,25.0,0.0,0.0,5.322742462158203,7.442234039306641,4.472360610961914,0.87620609998703,0.9365649223327637,99.16974639892578,4300.0,0.830258309841156,36.0,0.0,0.0,0.0,0.0,0.0,0.0,10.173008918762207,14.510358810424805,8.4316987991333,0.5306485295295715,0.7400731444358826,90.77490234375,3936.0,9.063652992248535,393.0,0.0,0.0,0.16143910586833954,7.0,0.0,0.0,12.905564308166504,18.306236267089844,10.641515731811523,0.25502002239227295,0.5556855797767639,84.8016586303711,3677.0,14.990775108337402,650.0,0.0,0.0,0.207564577460289,9.0,0.0,0.0,14.334620475769043,20.104915618896484,11.8114595413208,0.10512244701385498,0.4420088231563568,81.50369262695312,3534.0,18.288745880126953,793.0,0.0,0.0,0.207564577460289,9.0,0.0,0.0,0.2506255805492401,0.11920291930437088,0.986626148223877,0.9183003902435303,0.9285714285714286,0.21929824352264404,0.22550123929977417,0.2598370909690857,0.2953633964061737
15,0.21458152390934215,10.790270805358887,15.988654136657715,8.92228889465332,0.431143581867218,0.6800391674041748,88.83187103271484,15407.0,11.023985862731934,1912.0,0.0,0.0,0.1441420614719391,25.0,0.0,0.0,5.354110240936279,7.445226669311523,4.497295379638672,0.8761065602302551,0.9366310238838196,99.12361145019531,4298.0,0.8763837814331055,38.0,0.0,0.0,0.0,0.0,0.0,0.0,10.245631217956543,14.571860313415527,8.487375259399414,0.5266614556312561,0.7388294339179993,90.70571899414062,3933.0,9.132841110229492,396.0,0.0,0.0,0.16143910586833954,7.0,0.0,0.0,13.062262535095215,18.48818016052246,10.767478942871094,0.24013781547546387,0.5475102066993713,84.34040832519531,3657.0,15.45202922821045,670.0,0.0,0.0,0.207564577460289,9.0,0.0,0.0,14.499077796936035,20.321537017822266,11.937006950378418,0.08573490381240845,0.4296768307685852,81.15775299072266,3519.0,18.634685516357422,808.0,0.0,0.0,0.207564577460289,9.0,0.0,0.0,0.25715795159339905,0.11920291930437088,0.9848920702934265,0.9231659173965454,1.0,0.21052631735801697,0.2210526168346405,0.2631579041481018,0.3052631616592407
16,0.21061514624310868,10.846885681152344,16.07670021057129,8.963496208190918,0.4248611330986023,0.6762396693229675,88.7396240234375,15391.0,11.116236686706543,1928.0,0.0,0.0,0.1441420614719391,25.0,0.0,0.0,5.341125965118408,7.435888767242432,4.483862400054932,0.8764171004295349,0.9368195533752441,99.12361145019531,4298.0,0.8763837814331055,38.0,0.0,0.0,0.0,0.0,0.0,0.0,10.292082786560059,14.649827003479004,8.515555381774902,0.5215827226638794,0.7357596755027771,90.68265533447266,3932.0,9.155903816223145,397.0,0.0,0.0,0.16143910586833954,7.0,0.0,0.0,13.142253875732422,18.612180709838867,10.824026107788086,0.22991079092025757,0.5417245030403137,84.38653564453125,3659.0,15.405903816223145,668.0,0.0,0.0,0.207564577460289,9.0,0.0,0.0,14.612081527709961,20.433258056640625,12.030543327331543,0.07565450668334961,0.42158856987953186,80.76568603515625,3502.0,19.026752471923828,825.0,0.0,0.0,0.207564577460289,9.0,0.0,0.0,0.25771448016166687,0.11920291930437088,0.9816782474517822,0.9278790354728699,1.0,0.21052631735801697,0.2210526168346405,0.2631579041481018,0.3052631616592407
17,0.20592087005773416,10.922718048095703,16.22245979309082,9.031889915466309,0.4143848419189453,0.6703271865844727,88.58394622802734,15364.0,11.271909713745117,1955.0,0.0,0.0,0.1441420614719391,25.0,0.0,0.0,5.344768047332764,7.433730125427246,4.488810062408447,0.8764888644218445,0.9368449449539185,99.19280242919922,4301.0,0.8071955442428589,35.0,0.0,0.0,0.0,0.0,0.0,0.0,10.33208179473877,14.682856559753418,8.557696342468262,0.5194230079650879,0.73426353931427,90.56734466552734,3927.0,9.271218299865723,402.0,0.0,0.0,0.16143910586833954,7.0,0.0,0.0,13.240811347961426,18.777984619140625,10.913824081420898,0.21612924337387085,0.5337756872177124,84.06365203857422,3645.0,15.728781700134277,682.0,0.0,0.0,0.207564577460289,9.0,0.0,0.0,14.773215293884277,20.717466354370117,12.167234420776367,0.04976201057434082,0.4074276387691498,80.51199340820312,3491.0,19.28044319152832,836.0,0.0,0.0,0.207564577460289,9.0,0.0,0.0,0.24995572865009308,0.11920291930437088,0.9830703735351562,0.934642493724823,1.0,0.21052631735801697,0.2210526168346405,0.2631579041481018,0.3052631616592407
18,0.20286652557963197,10.955134391784668,16.286680221557617,9.054376602172852,0.40973901748657227,0.6686479449272156,88.65313720703125,15376.0,11.20272159576416,1943.0,0.0,0.0,0.1441420614719391,25.0,0.0,0.0,5.337036609649658,7.43848180770874,4.480952262878418,0.8763309121131897,0.9368570446968079,99.12361145019531,4298.0,0.8763837814331055,38.0,0.0,0.0,0.0,0.0,0.0,0.0,10.369766235351562,14.759903907775879,8.582862854003906,0.5143661499023438,0.7320200800895691,90.68265533447266,3932.0,9.155903816223145,397.0,0.0,0.0,0.16143910586833954,7.0,0.0,0.0,13.29765510559082,18.86324119567871,10.954484939575195,0.20899510383605957,0.5318869948387146,83.80996704101562,3634.0,15.982473373413086,693.0,0.0,0.0,0.207564577460289,9.0,0.0,0.0,14.81607723236084,20.785001754760742,12.199199676513672,0.04355674982070923,0.40760698914527893,80.99630737304688,3512.0,18.796125411987305,815.0,0.0,0.0,0.207564577460289,9.0,0.0,0.0,0.25285717844963074,0.11920291930437088,0.9823856353759766,0.9361600875854492,1.0,0.21052631735801697,0.2210526168346405,0.2631579041481018,0.3052631616592407
step,fold13/test_loss,fold13/test_mae,fold13/test_rmse,fold13/test_mard,fold13/test_r2,fold13/test_pearson,fold13/test_ega_zone_a_pct,fold13/test_ega_zone_a_count,fold13/test_ega_zone_b_pct,fold13/test_ega_zone_b_count,fold13/test_ega_zone_c_pct,fold13/test_ega_zone_c_count,fold13/test_ega_zone_d_pct,fold13/test_ega_zone_d_count,fold13/test_ega_zone_e_pct,fold13/test_ega_zone_e_count,fold13/test_horizon_15_mae,fold13/test_horizon_15_rmse,fold13/test_horizon_15_mard,fold13/test_horizon_15_r2,fold13/test_horizon_15_pearson,fold13/test_horizon_15_ega_zone_a_pct,fold13/test_horizon_15_ega_zone_a_count,fold13/test_horizon_15_ega_zone_b_pct,fold13/test_horizon_15_ega_zone_b_count,fold13/test_horizon_15_ega_zone_c_pct,fold13/test_horizon_15_ega_zone_c_count,fold13/test_horizon_15_ega_zone_d_pct,fold13/test_horizon_15_ega_zone_d_count,fold13/test_horizon_15_ega_zone_e_pct,fold13/test_horizon_15_ega_zone_e_count,fold13/test_horizon_30_mae,fold13/test_horizon_30_rmse,fold13/test_horizon_30_mard,fold13/test_horizon_30_r2,fold13/test_horizon_30_pearson,fold13/test_horizon_30_ega_zone_a_pct,fold13/test_horizon_30_ega_zone_a_count,fold13/test_horizon_30_ega_zone_b_pct,fold13/test_horizon_30_ega_zone_b_count,fold13/test_horizon_30_ega_zone_c_pct,fold13/test_horizon_30_ega_zone_c_count,fold13/test_horizon_30_ega_zone_d_pct,fold13/test_horizon_30_ega_zone_d_count,fold13/test_horizon_30_ega_zone_e_pct,fold13/test_horizon_30_ega_zone_e_count,fold13/test_horizon_45_mae,fold13/test_horizon_45_rmse,fold13/test_horizon_45_mard,fold13/test_horizon_45_r2,fold13/test_horizon_45_pearson,fold13/test_horizon_45_ega_zone_a_pct,fold13/test_horizon_45_ega_zone_a_count,fold13/test_horizon_45_ega_zone_b_pct,fold13/test_horizon_45_ega_zone_b_count,fold13/test_horizon_45_ega_zone_c_pct,fold13/test_horizon_45_ega_zone_c_count,fold13/test_horizon_45_ega_zone_d_pct,fold13/test_horizon_45_ega_zone_d_count,fold13/test_horizon_45_ega_zone_e_pct,fold13/test_horizon_45_ega_zone_e_count,fold13/test_horizon_60_mae,fold13/test_horizon_60_rmse,fold13/test_horizon_60_mard,fold13/test_horizon_60_r2,fold13/test_horizon_60_pearson,fold13/test_horizon_60_ega_zone_a_pct,fold13/test_horizon_60_ega_zone_a_count,fold13/test_horizon_60_ega_zone_b_pct,fold13/test_horizon_60_ega_zone_b_count,fold13/test_horizon_60_ega_zone_c_pct,fold13/test_horizon_60_ega_zone_c_count,fold13/test_horizon_60_ega_zone_d_pct,fold13/test_horizon_60_ega_zone_d_count,fold13/test_horizon_60_ega_zone_e_pct,fold13/test_horizon_60_ega_zone_e_count
0,0.31942929456263414,11.247817993164062,18.209009170532227,8.291864395141602,0.34319961071014404,0.6443403363227844,90.09774017333984,7006.0,9.902263641357422,770.0,0.0,0.0,0.0,0.0,0.0,0.0,5.409791469573975,8.275370597839355,4.1566267013549805,0.8643149733543396,0.9330303072929382,98.71399688720703,1919.0,1.2860082387924194,25.0,0.0,0.0,0.0,0.0,0.0,0.0,10.3905611038208,16.257959365844727,7.720376491546631,0.47662997245788574,0.7224439382553101,92.12963104248047,1791.0,7.870369911193848,153.0,0.0,0.0,0.0,0.0,0.0,0.0,13.585551261901855,20.973012924194336,9.929116249084473,0.12890225648880005,0.5021926760673523,87.03704071044922,1692.0,12.962963104248047,252.0,0.0,0.0,0.0,0.0,0.0,0.0,15.605366706848145,23.528743743896484,11.361335754394531,-0.09714019298553467,0.3394869565963745,82.51028442382812,1604.0,17.48971176147461,340.0,0.0,0.0,0.0,0.0,0.0,0.0
step,fold14/train_loss,fold14/val_mae,fold14/val_rmse,fold14/val_mard,fold14/val_r2,fold14/val_pearson,fold14/val_ega_zone_a_pct,fold14/val_ega_zone_a_count,fold14/val_ega_zone_b_pct,fold14/val_ega_zone_b_count,fold14/val_ega_zone_c_pct,fold14/val_ega_zone_c_count,fold14/val_ega_zone_d_pct,fold14/val_ega_zone_d_count,fold14/val_ega_zone_e_pct,fold14/val_ega_zone_e_count,fold14/val_horizon_15_mae,fold14/val_horizon_15_rmse,fold14/val_horizon_15_mard,fold14/val_horizon_15_r2,fold14/val_horizon_15_pearson,fold14/val_horizon_15_ega_zone_a_pct,fold14/val_horizon_15_ega_zone_a_count,fold14/val_horizon_15_ega_zone_b_pct,fold14/val_horizon_15_ega_zone_b_count,fold14/val_horizon_15_ega_zone_c_pct,fold14/val_horizon_15_ega_zone_c_count,fold14/val_horizon_15_ega_zone_d_pct,fold14/val_horizon_15_ega_zone_d_count,fold14/val_horizon_15_ega_zone_e_pct,fold14/val_horizon_15_ega_zone_e_count,fold14/val_horizon_30_mae,fold14/val_horizon_30_rmse,fold14/val_horizon_30_mard,fold14/val_horizon_30_r2,fold14/val_horizon_30_pearson,fold14/val_horizon_30_ega_zone_a_pct,fold14/val_horizon_30_ega_zone_a_count,fold14/val_horizon_30_ega_zone_b_pct,fold14/val_horizon_30_ega_zone_b_count,fold14/val_horizon_30_ega_zone_c_pct,fold14/val_horizon_30_ega_zone_c_count,fold14/val_horizon_30_ega_zone_d_pct,fold14/val_horizon_30_ega_zone_d_count,fold14/val_horizon_30_ega_zone_e_pct,fold14/val_horizon_30_ega_zone_e_count,fold14/val_horizon_45_mae,fold14/val_horizon_45_rmse,fold14/val_horizon_45_mard,fold14/val_horizon_45_r2,fold14/val_horizon_45_pearson,fold14/val_horizon_45_ega_zone_a_pct,fold14/val_horizon_45_ega_zone_a_count,fold14/val_horizon_45_ega_zone_b_pct,fold14/val_horizon_45_ega_zone_b_count,fold14/val_horizon_45_ega_zone_c_pct,fold14/val_horizon_45_ega_zone_c_count,fold14/val_horizon_45_ega_zone_d_pct,fold14/val_horizon_45_ega_zone_d_count,fold14/val_horizon_45_ega_zone_e_pct,fold14/val_horizon_45_ega_zone_e_count,fold14/val_horizon_60_mae,fold14/val_horizon_60_rmse,fold14/val_horizon_60_mard,fold14/val_horizon_60_r2,fold14/val_horizon_60_pearson,fold14/val_horizon_60_ega_zone_a_pct,fold14/val_horizon_60_ega_zone_a_count,fold14/val_horizon_60_ega_zone_b_pct,fold14/val_horizon_60_ega_zone_b_count,fold14/val_horizon_60_ega_zone_c_pct,fold14/val_horizon_60_ega_zone_c_count,fold14/val_horizon_60_ega_zone_d_pct,fold14/val_horizon_60_ega_zone_d_count,fold14/val_horizon_60_ega_zone_e_pct,fold14/val_horizon_60_ega_zone_e_count,fold14/diag_horizon_query_similarity,fold14/diag_horizon_progressive_gate,fold14/diag_horizon_attention_similarity,fold14/diag_horizon_attention_entropy,fold14/diag_horizon_curriculum_progress,fold14/diag_loss_horizon_weight_0,fold14/diag_loss_horizon_weight_1,fold14/diag_loss_horizon_weight_2,fold14/diag_loss_horizon_weight_3
1,0.24661419485750535,9.675833702087402,14.95656967163086,8.072531700134277,0.5412198901176453,0.7474252581596375,91.59864807128906,15711.0,8.343050956726074,1431.0,0.0,0.0,0.05830223858356476,10.0,0.0,0.0,5.781681537628174,8.532501220703125,4.903953552246094,0.8504904508590698,0.922298014163971,98.06436157226562,4205.0,1.842350721359253,79.0,0.0,0.0,0.09328357875347137,4.0,0.0,0.0,9.188922882080078,13.71488094329834,7.6814117431640625,0.6141436100006104,0.7901403903961182,92.7005615234375,3975.0,7.252798080444336,311.0,0.0,0.0,0.04664178937673569,2.0,0.0,0.0,11.180054664611816,16.791645050048828,9.289172172546387,0.4217851758003235,0.6749364733695984,88.89925384521484,3812.0,11.054104804992676,474.0,0.0,0.0,0.04664178937673569,2.0,0.0,0.0,12.552678108215332,18.759931564331055,10.415592193603516,0.2792626619338989,0.582858681678772,86.73040771484375,3719.0,13.22294807434082,567.0,0.0,0.0,0.04664178937673569,2.0,0.0,0.0,0.043952424079179764,0.11920291930437088,0.9999269843101501,0.9999860525131226,0.0,0.3333333432674408,0.28333333134651184,0.21666665375232697,0.1666666716337204
2,0.2443912793665732,9.770337104797363,14.863883018493652,8.182369232177734,0.5468884706497192,0.7456591129302979,91.81436157226562,15748.0,8.127331733703613,1394.0,0.0,0.0,0.05830223858356476,10.0,0.0,0.0,5.841429233551025,8.504032135009766,4.958181858062744,0.8514865040779114,0.9228243827819824,98.11100769042969,4207.0,1.7957088947296143,77.0,0.0,0.0,0.09328357875347137,4.0,0.0,0.0,9.285063743591309,13.640839576721191,7.791347980499268,0.6182985901832581,0.7887006402015686,92.74720001220703,3977.0,7.2061567306518555,309.0,0.0,0.0,0.04664178937673569,2.0,0.0,0.0,11.27502727508545,16.67597198486328,9.402121543884277,0.4297240376472473,0.670321524143219,89.38899230957031,3833.0,10.564366340637207,453.0,0.0,0.0,0.04664178937673569,2.0,0.0,0.0,12.67983341217041,18.634937286376953,10.577823638916016,0.28883492946624756,0.5750470161437988,87.01026153564453,3731.0,12.943096160888672,555.0,0.0,0.0,0.04664178937673569,2.0,0.0,0.0,0.04676803946495056,0.11920291930437088,0.9994753003120422,0.9998094439506531,0.07142857142857142,0.3245614171028137,0.2788847088813782,0.21998745203018188,0.17656642198562622
3,0.24404678080404535,9.781856536865234,14.867555618286133,8.171896934509277,0.5466644763946533,0.7446249127388,91.98344421386719,15777.0,7.958255767822266,1365.0,0.0,0.0,0.05830223858356476,10.0,0.0,0.0,5.848480224609375,8.501951217651367,4.956904888153076,0.8515591621398926,0.9230577349662781,98.15765380859375,4209.0,1.7490671873092651,75.0,0.0,0.0,0.09328357875347137,4.0,0.0,0.0,9.276360511779785,13.646079063415527,7.764028549194336,0.6180052757263184,0.7882569432258606,92.93376922607422,3985.0,7.019589900970459,301.0,0.0,0.0,0.04664178937673569,2.0,0.0,0.0,11.280447006225586,16.66765785217285,9.388994216918945,0.430292546749115,0.6684420108795166,89.59888458251953,3842.0,10.354477882385254,444.0,0.0,0.0,0.04664178937673569,2.0,0.0,0.0,12.722138404846191,18.65120506286621,10.577658653259277,0.2875927686691284,0.5702806711196899,87.24346923828125,3741.0,12.709887504577637,545.0,0.0,0.0,0.04664178937673569,2.0,0.0,0.0,0.047549277544021606,0.11920291930437088,0.9974778294563293,0.9988794922828674,0.14285714285714285,0.31578949093818665,0.2744360864162445,0.223308265209198,0.18646617233753204
4,0.2436359838445777,9.796846389770508,14.878472328186035,8.174009323120117,0.5459985733032227,0.7426942586898804,91.79104614257812,15744.0,8.150652885437012,1398.0,0.0,0.0,0.05830223858356476,10.0,0.0,0.0,5.786037445068359,8.444839477539062,4.906970500946045,0.8535467386245728,0.9244658946990967,98.11100769042969,4207.0,1.7957088947296143,77.0,0.0,0.0,0.09328357875347137,4.0,0.0,0.0,9.283699035644531,13.666021347045898,7.770449638366699,0.6168880462646484,0.787057638168335,92.98040771484375,3987.0,6.972947597503662,299.0,0.0,0.0,0.04664178937673569,2.0,0.0,0.0,11.327680587768555,16.700225830078125,9.415628433227539,0.4280639886856079,0.6634953618049622,89.36567687988281,3832.0,10.587686538696289,454.0,0.0,0.0,0.04664178937673569,2.0,0.0,0.0,12.789970397949219,18.668228149414062,10.60299015045166,0.28629177808761597,0.56155925989151,86.70709228515625,3718.0,13.246268272399902,568.0,0.0,0.0,0.04664178937673569,2.0,0.0,0.0,0.05706358328461647,0.11920291930437088,0.991884171962738,0.9966825842857361,0.21428571428571427,0.30701756477355957,0.26998746395111084,0.22662906348705292,0.19636592268943787
5,0.24112689800651615,9.731807708740234,14.83481216430664,8.102490425109863,0.548659086227417,0.7451046109199524,91.78521728515625,15743.0,8.156482696533203,1399.0,0.0,0.0,0.05830223858356476,10.0,0.0,0.0,5.694000244140625,8.326964378356934,4.817585468292236,0.8576067090034485,0.927392840385437,98.15765380859375,4209.0,1.7490671873092651,75.0,0.0,0.0,0.09328357875347137,4.0,0.0,0.0,9.230620384216309,13.607802391052246,7.719274520874023,0.6201452016830444,0.789946436882019,92.98040771484375,3987.0,6.972947597503662,299.0,0.0,0.0,0.04664178937673569,2.0,0.0,0.0,11.260709762573242,16.67564582824707,9.33986759185791,0.4297463893890381,0.6650281548500061,89.41231536865234,3834.0,10.541045188903809,452.0,0.0,0.0,0.04664178937673569,2.0,0.0,0.0,12.74189567565918,18.646684646606445,10.533232688903809,0.28793787956237793,0.5625626444816589,86.59048461914062,3713.0,13.362873077392578,573.0,0.0,0.0,0.04664178937673569,2.0,0.0,0.0,0.07134421914815903,0.11920291930437088,0.9926497936248779,0.9926596879959106,0.2857142857142857,0.2982456088066101,0.2655388414859772,0.22994986176490784,0.2062656730413437
6,0.2365056717317304,9.660051345825195,14.755221366882324,8.036288261413574,0.553489089012146,0.7482622861862183,91.81436157226562,15748.0,8.127331733703613,1394.0,0.0,0.0,0.05830223858356476,10.0,0.0,0.0,5.423381328582764,7.87277364730835,4.603243350982666,0.8727166652679443,0.9353298544883728,98.62406921386719,4229.0,1.2826491594314575,55.0,0.0,0.0,0.09328357875347137,4.0,0.0,0.0,9.139674186706543,13.464290618896484,7.639750957489014,0.6281150579452515,0.7952721118927002,92.93376922607422,3985.0,7.019589900970459,301.0,0.0,0.0,0.04664178937673569,2.0,0.0,0.0,11.282066345214844,16.68607521057129,9.344794273376465,0.4290328621864319,0.6640119552612305,89.29570770263672,3829.0,10.657649040222168,457.0,0.0,0.0,0.04664178937673569,2.0,0.0,0.0,12.795085906982422,18.686185836791992,10.557367324829102,0.284917950630188,0.5577521920204163,86.40391540527344,3705.0,13.549439430236816,581.0,0.0,0.0,0.04664178937673569,2.0,0.0,0.0,0.09556638449430466,0.11920291930437088,0.9954546093940735,0.988473653793335,0.35714285714285715,0.28947368264198303,0.2610902190208435,0.23327067494392395,0.2161654233932495
7,0.2322593287171987,9.496957778930664,14.479071617126465,7.943052768707275,0.5700460076332092,0.7579455375671387,91.93096923828125,15768.0,8.010727882385254,1374.0,0.0,0.0,0.05830223858356476,10.0,0.0,0.0,5.157809734344482,7.371640682220459,4.418294906616211,0.8884050846099854,0.9427891969680786,98.69403076171875,4232.0,1.212686538696289,52.0,0.0,0.0,0.09328357875347137,4.0,0.0,0.0,8.949708938598633,13.07194995880127,7.533149242401123,0.6494722962379456,0.8071765899658203,93.51679229736328,4010.0,6.4365668296813965,276.0,0.0,0.0,0.04664178937673569,2.0,0.0,0.0,11.194666862487793,16.464126586914062,9.320892333984375,0.44412118196487427,0.6731895804405212,89.20243072509766,3825.0,10.750932693481445,461.0,0.0,0.0,0.04664178937673569,2.0,0.0,0.0,12.685646057128906,18.501070022583008,10.499872207641602,0.29901570081710815,0.5664482116699219,86.31063842773438,3701.0,13.64272403717041,585.0,0.0,0.0,0.04664178937673569,2.0,0.0,0.0,0.1366482824087143,0.11920291930437088,0.9975817799568176,0.9759571552276611,0.42857142857142855,0.28070175647735596,0.25664159655570984,0.23659147322177887,0.22606515884399414
8,0.22898262879023398,9.448773384094238,14.39511489868164,7.913760662078857,0.5750176906585693,0.7607532143592834,91.9717788696289,15775.0,7.964085578918457,1366.0,0.0,0.0,0.064132459461689,11.0,0.0,0.0,4.988693714141846,7.026790618896484,4.293189525604248,0.8986018300056458,0.9480303525924683,98.8572769165039,4239.0,1.0494402647018433,45.0,0.0,0.0,0.09328357875347137,4.0,0.0,0.0,8.87342643737793,12.847018241882324,7.493065357208252,0.6614316701889038,0.813957691192627,93.56343078613281,4012.0,6.366604804992676,273.0,0.0,0.0,0.06996268779039383,3.0,0.0,0.0,11.198593139648438,16.422338485717773,9.329761505126953,0.4469393491744995,0.674736499786377,89.43563842773438,3835.0,10.51772403717041,451.0,0.0,0.0,0.04664178937673569,2.0,0.0,0.0,12.734378814697266,18.567781448364258,10.539029121398926,0.29395145177841187,0.5611671805381775,86.0307846069336,3689.0,13.922574996948242,597.0,0.0,0.0,0.04664178937673569,2.0,0.0,0.0,0.14936113357543945,0.11920291930437088,0.9973792433738708,0.9667576551437378,0.5,0.2719298303127289,0.25219297409057617,0.2399122714996338,0.23596492409706116
9,0.2285517228981039,9.388267517089844,14.27326774597168,7.888968467712402,0.5821816921234131,0.7650017142295837,92.02425384521484,15784.0,7.917443752288818,1358.0,0.0,0.0,0.05830223858356476,10.0,0.0,0.0,4.92078161239624,6.9129838943481445,4.248149394989014,0.9018597602844238,0.9497384428977966,98.90391540527344,4241.0,1.026119351387024,44.0,0.0,0.0,0.06996268779039383,3.0,0.0,0.0,8.840170860290527,12.730806350708008,7.491050720214844,0.667529284954071,0.817453145980835,93.54011535644531,4011.0,6.389925479888916,274.0,0.0,0.0,0.06996268779039383,3.0,0.0,0.0,11.148548126220703,16.30806541442871,9.317641258239746,0.4546094536781311,0.679427981376648,89.29570770263672,3829.0,10.657649040222168,457.0,0.0,0.0,0.04664178937673569,2.0,0.0,0.0,12.643569946289062,18.414365768432617,10.499032974243164,0.3055705428123474,0.5687206983566284,86.3572769165039,3703.0,13.596081733703613,583.0,0.0,0.0,0.04664178937673569,2.0,0.0,0.0,0.16603870689868927,0.11920291930437088,0.9957675933837891,0.9624341726303101,0.5714285714285714,0.2631579041481018,0.2477443516254425,0.2432330846786499,0.24586467444896698
10,0.22705442977615048,9.423531532287598,14.330904006958008,7.9170942306518555,0.578800618648529,0.7630683779716492,91.87849426269531,15759.0,8.063199043273926,1383.0,0.0,0.0,0.05830223858356476,10.0,0.0,0.0,4.826164722442627,6.777928352355957,4.169709205627441,0.9056569337844849,0.9517134428024292,99.0671615600586,4248.0,0.8628731369972229,37.0,0.0,0.0,0.06996268779039383,3.0,0.0,0.0,8.823368072509766,12.687925338745117,7.475950717926025,0.6697652339935303,0.8189235329627991,93.61006927490234,4014.0,6.319962501525879,271.0,0.0,0.0,0.06996268779039383,3.0,0.0,0.0,11.262203216552734,16.420177459716797,9.414571762084961,0.44708484411239624,0.6739683151245117,88.92256927490234,3813.0,11.030783653259277,473.0,0.0,0.0,0.04664178937673569,2.0,0.0,0.0,12.782390594482422,18.572914123535156,10.60814380645752,0.2935609817504883,0.5592857599258423,85.91417694091797,3684.0,14.039179801940918,602.0,0.0,0.0,0.04664178937673569,2.0,0.0,0.0,0.16864748299121857,0.11920291930437088,0.9930518269538879,0.9593983888626099,0.6428571428571429,0.25438597798347473,0.24329572916030884,0.24655388295650482,0.2557644248008728
11,0.2248759076050744,9.408555030822754,14.353394508361816,7.8944549560546875,0.5774775147438049,0.7626839280128479,91.86100769042969,15756.0,8.080690383911133,1386.0,0.0,0.0,0.05830223858356476,10.0,0.0,0.0,4.797238826751709,6.755279064178467,4.141565322875977,0.906286358833313,0.9520212411880493,99.09048461914062,4249.0,0.8395522832870483,36.0,0.0,0.0,0.06996268779039383,3.0,0.0,0.0,8.833338737487793,12.747426986694336,7.477200984954834,0.6666606664657593,0.8173227906227112,93.40018463134766,4005.0,6.529850482940674,280.0,0.0,0.0,0.06996268779039383,3.0,0.0,0.0,11.271272659301758,16.477670669555664,9.410539627075195,0.44320613145828247,0.6718980073928833,88.89925384521484,3812.0,11.054104804992676,474.0,0.0,0.0,0.04664178937673569,2.0,0.0,0.0,12.732365608215332,18.558971405029297,10.54851245880127,0.2946212887763977,0.5603364706039429,86.05410766601562,3690.0,13.899252891540527,596.0,0.0,0.0,0.04664178937673569,2.0,0.0,0.0,0.17851011455059052,0.11920291930437088,0.9922847747802734,0.9589155912399292,0.7142857142857143,0.24561403691768646,0.23884710669517517,0.24987469613552094,0.26566416025161743
12,0.22419586147633305,9.406137466430664,14.362476348876953,7.897958755493164,0.5769426822662354,0.7625116109848022,91.77355194091797,15741.0,8.168144226074219,1401.0,0.0,0.0,0.05830223858356476,10.0,0.0,0.0,4.764698028564453,6.721630573272705,4.1150665283203125,0.9072176218032837,0.9525322318077087,99.09048461914062,4249.0,0.8395522832870483,36.0,0.0,0.0,0.06996268779039383,3.0,0.0,0.0,8.819336891174316,12.783698081970215,7.4563188552856445,0.664760947227478,0.8164086937904358,93.35354614257812,4003.0,6.576492786407471,282.0,0.0,0.0,0.06996268779039383,3.0,0.0,0.0,11.286524772644043,16.49001121520996,9.434017181396484,0.4423719048500061,0.6715101003646851,88.9692153930664,3815.0,10.984142303466797,471.0,0.0,0.0,0.04664178937673569,2.0,0.0,0.0,12.753985404968262,18.56338119506836,10.586435317993164,0.29428601264953613,0.559579610824585,85.68096923828125,3674.0,14.272387504577637,612.0,0.0,0.0,0.04664178937673569,2.0,0.0,0.0,0.18646450340747833,0.11920291930437088,0.9880111217498779,0.9625836610794067,0.7857142857142857,0.23684212565422058,0.2343984991312027,0.25319552421569824,0.27556392550468445
13,0.22194533413510015,9.474113464355469,14.483133316040039,7.9521098136901855,0.5698047280311584,0.7580115795135498,91.66860961914062,15723.0,8.273087501525879,1419.0,0.0,0.0,0.05830223858356476,10.0,0.0,0.0,4.795078754425049,6.76099157333374,4.138218402862549,0.9061278104782104,0.9519244432449341,99.13713073730469,4251.0,0.7929104566574097,34.0,0.0,0.0,0.06996268779039383,3.0,0.0,0.0,8.862898826599121,12.845961570739746,7.488699913024902,0.661487340927124,0.8143908977508545,93.3069076538086,4001.0,6.623134136199951,284.0,0.0,0.0,0.06996268779039383,3.0,0.0,0.0,11.382306098937988,16.631431579589844,9.507484436035156,0.4327663779258728,0.6649399995803833,88.73600769042969,3805.0,11.217350959777832,481.0,0.0,0.0,0.04664178937673569,2.0,0.0,0.0,12.856170654296875,18.753942489624023,10.674038887023926,0.27972280979156494,0.5487719774246216,85.4944076538086,3666.0,14.458955764770508,620.0,0.0,0.0,0.04664178937673569,2.0,0.0,0.0,0.18880991637706757,0.11920291930437088,0.9856278300285339,0.962103545665741,0.8571428571428571,0.22807016968727112,0.22994986176490784,0.25651630759239197,0.2854636609554291
14,0.22184370117078855,9.44729995727539,14.466179847717285,7.926476001739502,0.5708112716674805,0.7585030198097229,91.7677230834961,15740.0,8.17397403717041,1402.0,0.0,0.0,0.05830223858356476,10.0,0.0,0.0,4.770740032196045,6.733115196228027,4.11502742767334,0.9069002866744995,0.9523468017578125,99.13713073730469,4251.0,0.7929104566574097,34.0,0.0,0.0,0.06996268779039383,3.0,0.0,0.0,8.855904579162598,12.850798606872559,7.474012851715088,0.6612324714660645,0.81430584192276,93.35354614257812,4003.0,6.576492786407471,282.0,0.0,0.0,0.06996268779039383,3.0,0.0,0.0,11.333593368530273,16.603525161743164,9.461512565612793,0.43466824293136597,0.6658827662467957,88.9692153930664,3815.0,10.984142303466797,471.0,0.0,0.0,0.04664178937673569,2.0,0.0,0.0,12.828964233398438,18.733036041259766,10.655353546142578,0.28132784366607666,0.5489940643310547,85.61100769042969,3671.0,14.342350959777832,615.0,0.0,0.0,0.04664178937673569,2.0,0.0,0.0,0.19044680893421173,0.11920291930437088,0.9827125072479248,0.9653748869895935,0.9285714285714286,0.21929824352264404,0.22550123929977417,0.2598370909690857,0.2953633964061737
15,0.22002899061092887,9.43562126159668,14.44550609588623,7.917006969451904,0.5720371007919312,0.7589261531829834,91.86683654785156,15757.0,8.074860572814941,1385.0,0.0,0.0,0.05830223858356476,10.0,0.0,0.0,4.770188808441162,6.721317291259766,4.116243362426758,0.9072262644767761,0.9525094032287598,99.11380767822266,4250.0,0.8162313103675842,35.0,0.0,0.0,0.06996268779039383,3.0,0.0,0.0,8.841075897216797,12.830418586730957,7.461746692657471,0.6623060703277588,0.8148428797721863,93.40018463134766,4005.0,6.529850482940674,280.0,0.0,0.0,0.06996268779039383,3.0,0.0,0.0,11.315160751342773,16.57842254638672,9.446551322937012,0.43637633323669434,0.6661468148231506,89.13246154785156,3822.0,10.820895195007324,464.0,0.0,0.0,0.04664178937673569,2.0,0.0,0.0,12.81606388092041,18.709640502929688,10.643487930297852,0.2831217050552368,0.5489774942398071,85.82089233398438,3680.0,14.132462501525879,606.0,0.0,0.0,0.04664178937673569,2.0,0.0,0.0,0.19293509423732758,0.11920291930437088,0.9790015816688538,0.9663419127464294,1.0,0.21052631735801697,0.2210526168346405,0.2631579041481018,0.3052631616592407
16,0.2159239558409282,9.464208602905273,14.503643035888672,7.94379186630249,0.5685854554176331,0.7567790746688843,91.80270385742188,15746.0,8.138992309570312,1396.0,0.0,0.0,0.05830223858356476,10.0,0.0,0.0,4.7690582275390625,6.714664459228516,4.116520404815674,0.9074098467826843,0.9526253342628479,99.16045379638672,4252.0,0.7695895433425903,33.0,0.0,0.0,0.06996268779039383,3.0,0.0,0.0,8.864278793334961,12.861549377441406,7.480834484100342,0.6606653928756714,0.813862144947052,93.47015380859375,4008.0,6.459887981414795,277.0,0.0,0.0,0.06996268779039383,3.0,0.0,0.0,11.383421897888184,16.69038963317871,9.506760597229004,0.4287375211715698,0.660936713218689,88.87593078613281,3811.0,11.077425956726074,475.0,0.0,0.0,0.04664178937673569,2.0,0.0,0.0,12.840073585510254,18.770919799804688,10.671048164367676,0.27841806411743164,0.5457051992416382,85.70429229736328,3675.0,14.249067306518555,611.0,0.0,0.0,0.04664178937673569,2.0,0.0,0.0,0.19599668681621552,0.11920291930437088,0.9759336113929749,0.9687457084655762,1.0,0.21052631735801697,0.2210526168346405,0.2631579041481018,0.3052631616592407
17,0.21165152553227873,9.492990493774414,14.515884399414062,7.974132061004639,0.5678569078445435,0.7565092444419861,91.76189422607422,15739.0,8.179803848266602,1403.0,0.0,0.0,0.05830223858356476,10.0,0.0,0.0,4.770151615142822,6.716869354248047,4.119409084320068,0.9073490500450134,0.9526054859161377,99.11380767822266,4250.0,0.8162313103675842,35.0,0.0,0.0,0.06996268779039383,3.0,0.0,0.0,8.862176895141602,12.832273483276367,7.485413551330566,0.6622084379196167,0.8147545456886292,93.54011535644531,4011.0,6.389925479888916,274.0,0.0,0.0,0.06996268779039383,3.0,0.0,0.0,11.40868091583252,16.7034969329834,9.532371520996094,0.4278399348258972,0.660663902759552,88.89925384521484,3812.0,11.054104804992676,474.0,0.0,0.0,0.04664178937673569,2.0,0.0,0.0,12.930953025817871,18.816303253173828,10.759334564208984,0.2749245762825012,0.5433289408683777,85.4944076538086,3666.0,14.458955764770508,620.0,0.0,0.0,0.04664178937673569,2.0,0.0,0.0,0.19542145729064941,0.11920291930437088,0.9735485911369324,0.9690588712692261,1.0,0.21052631735801697,0.2210526168346405,0.2631579041481018,0.3052631616592407
step,fold14/test_loss,fold14/test_mae,fold14/test_rmse,fold14/test_mard,fold14/test_r2,fold14/test_pearson,fold14/test_ega_zone_a_pct,fold14/test_ega_zone_a_count,fold14/test_ega_zone_b_pct,fold14/test_ega_zone_b_count,fold14/test_ega_zone_c_pct,fold14/test_ega_zone_c_count,fold14/test_ega_zone_d_pct,fold14/test_ega_zone_d_count,fold14/test_ega_zone_e_pct,fold14/test_ega_zone_e_count,fold14/test_horizon_15_mae,fold14/test_horizon_15_rmse,fold14/test_horizon_15_mard,fold14/test_horizon_15_r2,fold14/test_horizon_15_pearson,fold14/test_horizon_15_ega_zone_a_pct,fold14/test_horizon_15_ega_zone_a_count,fold14/test_horizon_15_ega_zone_b_pct,fold14/test_horizon_15_ega_zone_b_count,fold14/test_horizon_15_ega_zone_c_pct,fold14/test_horizon_15_ega_zone_c_count,fold14/test_horizon_15_ega_zone_d_pct,fold14/test_horizon_15_ega_zone_d_count,fold14/test_horizon_15_ega_zone_e_pct,fold14/test_horizon_15_ega_zone_e_count,fold14/test_horizon_30_mae,fold14/test_horizon_30_rmse,fold14/test_horizon_30_mard,fold14/test_horizon_30_r2,fold14/test_horizon_30_pearson,fold14/test_horizon_30_ega_zone_a_pct,fold14/test_horizon_30_ega_zone_a_count,fold14/test_horizon_30_ega_zone_b_pct,fold14/test_horizon_30_ega_zone_b_count,fold14/test_horizon_30_ega_zone_c_pct,fold14/test_horizon_30_ega_zone_c_count,fold14/test_horizon_30_ega_zone_d_pct,fold14/test_horizon_30_ega_zone_d_count,fold14/test_horizon_30_ega_zone_e_pct,fold14/test_horizon_30_ega_zone_e_count,fold14/test_horizon_45_mae,fold14/test_horizon_45_rmse,fold14/test_horizon_45_mard,fold14/test_horizon_45_r2,fold14/test_horizon_45_pearson,fold14/test_horizon_45_ega_zone_a_pct,fold14/test_horizon_45_ega_zone_a_count,fold14/test_horizon_45_ega_zone_b_pct,fold14/test_horizon_45_ega_zone_b_count,fold14/test_horizon_45_ega_zone_c_pct,fold14/test_horizon_45_ega_zone_c_count,fold14/test_horizon_45_ega_zone_d_pct,fold14/test_horizon_45_ega_zone_d_count,fold14/test_horizon_45_ega_zone_e_pct,fold14/test_horizon_45_ega_zone_e_count,fold14/test_horizon_60_mae,fold14/test_horizon_60_rmse,fold14/test_horizon_60_mard,fold14/test_horizon_60_r2,fold14/test_horizon_60_pearson,fold14/test_horizon_60_ega_zone_a_pct,fold14/test_horizon_60_ega_zone_a_count,fold14/test_horizon_60_ega_zone_b_pct,fold14/test_horizon_60_ega_zone_b_count,fold14/test_horizon_60_ega_zone_c_pct,fold14/test_horizon_60_ega_zone_c_count,fold14/test_horizon_60_ega_zone_d_pct,fold14/test_horizon_60_ega_zone_d_count,fold14/test_horizon_60_ega_zone_e_pct,fold14/test_horizon_60_ega_zone_e_count
0,0.29597328819780266,10.911471366882324,16.639005661010742,8.93614387512207,0.4130292534828186,0.6561287045478821,88.14102172851562,4950.0,11.80555534362793,663.0,0.0,0.0,0.053418807685375214,3.0,0.0,0.0,5.772833347320557,8.048893928527832,4.845654487609863,0.8608549237251282,0.9278447031974792,98.71794891357422,1386.0,1.2820513248443604,18.0,0.0,0.0,0.0,0.0,0.0,0.0,10.28119945526123,15.155970573425293,8.494094848632812,0.5075221061706543,0.7187588810920715,90.09971618652344,1265.0,9.829059600830078,138.0,0.0,0.0,0.07122506946325302,1.0,0.0,0.0,13.024544715881348,19.164602279663086,10.603160858154297,0.2228441834449768,0.5139222741127014,83.90313720703125,1178.0,16.02564239501953,225.0,0.0,0.0,0.07122506946325302,1.0,0.0,0.0,14.567306518554688,21.110565185546875,11.80166244506836,0.07540959119796753,0.38136720657348633,79.84330749511719,1121.0,20.08547019958496,282.0,0.0,0.0,0.07122506946325302,1.0,0.0,0.0
step,fold15/train_loss,fold15/val_mae,fold15/val_rmse,fold15/val_mard,fold15/val_r2,fold15/val_pearson,fold15/val_ega_zone_a_pct,fold15/val_ega_zone_a_count,fold15/val_ega_zone_b_pct,fold15/val_ega_zone_b_count,fold15/val_ega_zone_c_pct,fold15/val_ega_zone_c_count,fold15/val_ega_zone_d_pct,fold15/val_ega_zone_d_count,fold15/val_ega_zone_e_pct,fold15/val_ega_zone_e_count,fold15/val_horizon_15_mae,fold15/val_horizon_15_rmse,fold15/val_horizon_15_mard,fold15/val_horizon_15_r2,fold15/val_horizon_15_pearson,fold15/val_horizon_15_ega_zone_a_pct,fold15/val_horizon_15_ega_zone_a_count,fold15/val_horizon_15_ega_zone_b_pct,fold15/val_horizon_15_ega_zone_b_count,fold15/val_horizon_15_ega_zone_c_pct,fold15/val_horizon_15_ega_zone_c_count,fold15/val_horizon_15_ega_zone_d_pct,fold15/val_horizon_15_ega_zone_d_count,fold15/val_horizon_15_ega_zone_e_pct,fold15/val_horizon_15_ega_zone_e_count,fold15/val_horizon_30_mae,fold15/val_horizon_30_rmse,fold15/val_horizon_30_mard,fold15/val_horizon_30_r2,fold15/val_horizon_30_pearson,fold15/val_horizon_30_ega_zone_a_pct,fold15/val_horizon_30_ega_zone_a_count,fold15/val_horizon_30_ega_zone_b_pct,fold15/val_horizon_30_ega_zone_b_count,fold15/val_horizon_30_ega_zone_c_pct,fold15/val_horizon_30_ega_zone_c_count,fold15/val_horizon_30_ega_zone_d_pct,fold15/val_horizon_30_ega_zone_d_count,fold15/val_horizon_30_ega_zone_e_pct,fold15/val_horizon_30_ega_zone_e_count,fold15/val_horizon_45_mae,fold15/val_horizon_45_rmse,fold15/val_horizon_45_mard,fold15/val_horizon_45_r2,fold15/val_horizon_45_pearson,fold15/val_horizon_45_ega_zone_a_pct,fold15/val_horizon_45_ega_zone_a_count,fold15/val_horizon_45_ega_zone_b_pct,fold15/val_horizon_45_ega_zone_b_count,fold15/val_horizon_45_ega_zone_c_pct,fold15/val_horizon_45_ega_zone_c_count,fold15/val_horizon_45_ega_zone_d_pct,fold15/val_horizon_45_ega_zone_d_count,fold15/val_horizon_45_ega_zone_e_pct,fold15/val_horizon_45_ega_zone_e_count,fold15/val_horizon_60_mae,fold15/val_horizon_60_rmse,fold15/val_horizon_60_mard,fold15/val_horizon_60_r2,fold15/val_horizon_60_pearson,fold15/val_horizon_60_ega_zone_a_pct,fold15/val_horizon_60_ega_zone_a_count,fold15/val_horizon_60_ega_zone_b_pct,fold15/val_horizon_60_ega_zone_b_count,fold15/val_horizon_60_ega_zone_c_pct,fold15/val_horizon_60_ega_zone_c_count,fold15/val_horizon_60_ega_zone_d_pct,fold15/val_horizon_60_ega_zone_d_count,fold15/val_horizon_60_ega_zone_e_pct,fold15/val_horizon_60_ega_zone_e_count,fold15/diag_horizon_query_similarity,fold15/diag_horizon_progressive_gate,fold15/diag_horizon_attention_similarity,fold15/diag_horizon_attention_entropy,fold15/diag_horizon_curriculum_progress,fold15/diag_loss_horizon_weight_0,fold15/diag_loss_horizon_weight_1,fold15/diag_loss_horizon_weight_2,fold15/diag_loss_horizon_weight_3
1,0.24917009583883953,11.661187171936035,18.81224250793457,10.182745933532715,0.4445446729660034,0.6982298493385315,86.10846710205078,18100.0,13.215984344482422,2778.0,0.004757374059408903,1.0,0.6660323739051819,140.0,0.004757374059408903,1.0,6.69819974899292,10.354975700378418,5.846767902374268,0.8321473598480225,0.9130021929740906,95.87060546875,5038.0,3.8439583778381348,202.0,0.0,0.0,0.28544244170188904,15.0,0.0,0.0,10.966804504394531,16.97379493713379,9.546890258789062,0.5482189655303955,0.7560120224952698,87.23120880126953,4584.0,12.159847259521484,639.0,0.0,0.0,0.6089438796043396,32.0,0.0,0.0,13.521073341369629,21.055925369262695,11.757233619689941,0.30329781770706177,0.6141239404678345,82.39772033691406,4330.0,16.784015655517578,882.0,0.0,0.0,0.8182682991027832,43.0,0.0,0.0,15.458673477172852,24.0190486907959,13.580089569091797,0.0924118161201477,0.4914143681526184,78.9343490600586,4148.0,20.07611846923828,1055.0,0.019029496237635612,1.0,0.9514747858047485,50.0,0.019029496237635612,1.0,0.005587330553680658,0.11920291930437088,0.9999814033508301,0.999992311000824,0.0,0.3333333432674408,0.28333333134651184,0.21666665375232697,0.1666666716337204
2,0.24482199958291032,11.646480560302734,18.552637100219727,10.204376220703125,0.4597693085670471,0.6987730860710144,86.59848022460938,18203.0,12.706945419311523,2671.0,0.0,0.0,0.694576621055603,146.0,0.0,0.0,6.718179702758789,10.302146911621094,5.8858842849731445,0.8338556885719299,0.9133391976356506,95.85157012939453,5037.0,3.8439583778381348,202.0,0.0,0.0,0.3044719398021698,16.0,0.0,0.0,10.9948091506958,16.83617401123047,9.614984512329102,0.5555152893066406,0.7551143765449524,87.5547103881836,4601.0,11.798287391662598,620.0,0.0,0.0,0.6470028758049011,34.0,0.0,0.0,13.552982330322266,20.794445037841797,11.852615356445312,0.3204941153526306,0.6106011271476746,82.85442352294922,4354.0,16.289249420166016,856.0,0.0,0.0,0.8563272953033447,45.0,0.0,0.0,15.319952964782715,23.554218292236328,13.46402359008789,0.127200186252594,0.4870920181274414,80.13320922851562,4211.0,18.896289825439453,993.0,0.0,0.0,0.9705042243003845,51.0,0.0,0.0,0.007618167903274298,0.11920291930437088,0.9989755153656006,0.9997574090957642,0.07142857142857142,0.3245614171028137,0.2788847088813782,0.21998745203018188,0.17656642198562622
3,0.24452373811811343,11.570112228393555,18.429302215576172,10.11048698425293,0.46692806482315063,0.6991205811500549,86.98857879638672,18285.0,12.307326316833496,2587.0,0.0,0.0,0.7040913105010986,148.0,0.0,0.0,6.714514255523682,10.262981414794922,5.877381801605225,0.8351165056228638,0.913874626159668,95.98477172851562,5044.0,3.6726925373077393,193.0,0.0,0.0,0.34253090620040894,18.0,0.0,0.0,10.934953689575195,16.78754234313965,9.536428451538086,0.5580793619155884,0.7542219758033752,87.80209350585938,4614.0,11.550904273986816,607.0,0.0,0.0,0.6470028758049011,34.0,0.0,0.0,13.4539155960083,20.670974731445312,11.731866836547852,0.32853949069976807,0.6091039776802063,83.55851745605469,4391.0,15.58515739440918,819.0,0.0,0.0,0.8563272953033447,45.0,0.0,0.0,15.177064895629883,23.32632064819336,13.296270370483398,0.14400792121887207,0.48554158210754395,80.60894775390625,4236.0,18.420551300048828,968.0,0.0,0.0,0.9705042243003845,51.0,0.0,0.0,0.011614161543548107,0.11920291930437088,0.9909232258796692,0.996586799621582,0.14285714285714285,0.31578949093818665,0.2744360864162445,0.223308265209198,0.18646617233753204
4,0.24176674574924475,11.55459976196289,18.285139083862305,10.083451271057129,0.4752354025840759,0.6999514698982239,87.1027603149414,18309.0,12.19314956665039,2563.0,0.0,0.0,0.7040913105010986,148.0,0.0,0.0,6.656792640686035,10.093026161193848,5.8379740715026855,0.8405323028564453,0.9168345928192139,96.09895324707031,5050.0,3.558515787124634,187.0,0.0,0.0,0.34253090620040894,18.0,0.0,0.0,10.947427749633789,16.688913345336914,9.533400535583496,0.5632567405700684,0.7544470429420471,87.91627502441406,4620.0,11.436726570129395,601.0,0.0,0.0,0.6470028758049011,34.0,0.0,0.0,13.481795310974121,20.549028396606445,11.736451148986816,0.33643847703933716,0.6058765649795532,83.63463592529297,4395.0,15.509038925170898,815.0,0.0,0.0,0.8563272953033447,45.0,0.0,0.0,15.132381439208984,23.124303817749023,13.225979804992676,0.15877032279968262,0.48106926679611206,80.76118469238281,4244.0,18.2683162689209,960.0,0.0,0.0,0.9705042243003845,51.0,0.0,0.0,0.022047556936740875,0.11920291930437088,0.9840691685676575,0.9925625324249268,0.21428571428571427,0.30701756477355957,0.26998746395111084,0.22662906348705292,0.19636592268943787
5,0.23944644414543573,11.49222469329834,18.196998596191406,9.990808486938477,0.4802822470664978,0.7020587921142578,87.34538269042969,18360.0,11.955280303955078,2513.0,0.0,0.0,0.6993339657783508,147.0,0.0,0.0,6.498566627502441,9.793623924255371,5.713112831115723,0.8498529195785522,0.9219115972518921,96.49857330322266,5071.0,3.1779260635375977,167.0,0.0,0.0,0.32350143790245056,17.0,0.0,0.0,10.913106918334961,16.60537338256836,9.475578308105469,0.5676182508468628,0.7562158107757568,87.99238586425781,4624.0,11.36060905456543,597.0,0.0,0.0,0.6470028758049011,34.0,0.0,0.0,13.44946002960205,20.498138427734375,11.64633560180664,0.33972108364105225,0.6056532859802246,83.92007446289062,4410.0,15.223596572875977,800.0,0.0,0.0,0.8563272953033447,45.0,0.0,0.0,15.107763290405273,23.0802059173584,13.128206253051758,0.16197574138641357,0.4780632555484772,80.97050476074219,4255.0,18.058990478515625,949.0,0.0,0.0,0.9705042243003845,51.0,0.0,0.0,0.037275929003953934,0.11920291930437088,0.9842491745948792,0.980844259262085,0.2857142857142857,0.2982456088066101,0.2655388414859772,0.22994986176490784,0.2062656730413437
6,0.23646344409925216,11.356850624084473,17.976104736328125,9.873066902160645,0.49282342195510864,0.709637463092804,87.4119873046875,18374.0,11.893434524536133,2500.0,0.0,0.0,0.694576621055603,146.0,0.0,0.0,6.180654048919678,9.288285255432129,5.4559326171875,0.8649479746818542,0.930030345916748,97.12654113769531,5104.0,2.568981885910034,135.0,0.0,0.0,0.3044719398021698,16.0,0.0,0.0,10.771361351013184,16.348682403564453,9.358208656311035,0.580882728099823,0.7647764682769775,88.08753204345703,4629.0,11.265460968017578,592.0,0.0,0.0,0.6470028758049011,34.0,0.0,0.0,13.41545581817627,20.33039665222168,11.617168426513672,0.35048341751098633,0.610601007938385,83.71075439453125,4399.0,15.432921409606934,811.0,0.0,0.0,0.8563272953033447,45.0,0.0,0.0,15.059927940368652,22.927810668945312,13.060954093933105,0.17300593852996826,0.48033109307289124,80.7231216430664,4242.0,18.306373596191406,962.0,0.0,0.0,0.9705042243003845,51.0,0.0,0.0,0.07801226526498795,0.11920291930437088,0.9885063767433167,0.9479395747184753,0.35714285714285715,0.28947368264198303,0.2610902190208435,0.23327067494392395,0.2161654233932495
7,0.23167253626529932,11.236570358276367,17.790237426757812,9.777109146118164,0.5032573342323303,0.7165985107421875,87.56897735595703,18407.0,11.760228157043457,2472.0,0.0,0.0,0.6707897186279297,141.0,0.0,0.0,5.843331336975098,8.756306648254395,5.164717674255371,0.8799749612808228,0.9381081461906433,97.56422424316406,5127.0,2.1693625450134277,114.0,0.0,0.0,0.2664129436016083,14.0,0.0,0.0,10.619447708129883,16.0269718170166,9.252220153808594,0.5972152948379517,0.7752431035041809,88.46813201904297,4649.0,10.941960334777832,575.0,0.0,0.0,0.5899143815040588,31.0,0.0,0.0,13.384300231933594,20.226499557495117,11.601926803588867,0.3571050763130188,0.6148148775100708,83.786865234375,4403.0,15.356802940368652,807.0,0.0,0.0,0.8563272953033447,45.0,0.0,0.0,15.099197387695312,22.876232147216797,13.089570045471191,0.1767224669456482,0.47900480031967163,80.45671081542969,4228.0,18.57278823852539,976.0,0.0,0.0,0.9705042243003845,51.0,0.0,0.0,0.11143288016319275,0.11920291930437088,0.991117000579834,0.8892848491668701,0.42857142857142855,0.28070175647735596,0.25664159655570984,0.23659147322177887,0.22606515884399414
8,0.2280702561406549,11.144148826599121,17.646690368652344,9.704134941101074,0.5112411975860596,0.7213045358657837,87.78306579589844,18452.0,11.546146392822266,2427.0,0.0,0.0,0.6707897186279297,141.0,0.0,0.0,5.684623718261719,8.461769104003906,5.021307468414307,0.8879137635231018,0.9423171877861023,97.83063507080078,5141.0,1.9219791889190674,101.0,0.0,0.0,0.24738344550132751,13.0,0.0,0.0,10.52029037475586,15.819360733032227,9.176289558410645,0.6075829267501831,0.7814672589302063,88.6584243774414,4659.0,10.732635498046875,564.0,0.0,0.0,0.6089438796043396,32.0,0.0,0.0,13.350554466247559,20.147357940673828,11.581600189208984,0.3621261715888977,0.6177686452865601,83.8249282836914,4405.0,15.318743705749512,805.0,0.0,0.0,0.8563272953033447,45.0,0.0,0.0,15.02113151550293,22.756383895874023,13.03734016418457,0.18532615900039673,0.48338228464126587,80.81826782226562,4247.0,18.211227416992188,957.0,0.0,0.0,0.9705042243003845,51.0,0.0,0.0,0.1375218629837036,0.11920291930437088,0.9945085644721985,0.8635168075561523,0.5,0.2719298303127289,0.25219297409057617,0.2399122714996338,0.23596492409706116
9,0.22543131674455283,11.120173454284668,17.576326370239258,9.690595626831055,0.5151311755180359,0.722836434841156,87.78306579589844,18452.0,11.55566120147705,2429.0,0.0,0.0,0.6612749695777893,139.0,0.0,0.0,5.6193084716796875,8.231498718261719,4.983285903930664,0.8939311504364014,0.9455753564834595,97.88772583007812,5144.0,1.8839200735092163,99.0,0.0,0.0,0.22835393249988556,12.0,0.0,0.0,10.50221061706543,15.666797637939453,9.18188190460205,0.6151154041290283,0.7855610847473145,88.63938903808594,4658.0,10.751665115356445,565.0,0.0,0.0,0.6089438796043396,32.0,0.0,0.0,13.344468116760254,20.0865421295166,11.583364486694336,0.3659712076187134,0.6181041598320007,83.786865234375,4403.0,15.375833511352539,808.0,0.0,0.0,0.8372978568077087,44.0,0.0,0.0,15.014702796936035,22.78231430053711,13.013847351074219,0.18346858024597168,0.47895708680152893,80.81826782226562,4247.0,18.211227416992188,957.0,0.0,0.0,0.9705042243003845,51.0,0.0,0.0,0.15325607359409332,0.11920291930437088,0.9985890984535217,0.8377832174301147,0.5714285714285714,0.2631579041481018,0.2477443516254425,0.2432330846786499,0.24586467444896698
10,0.22376103805802797,11.121109008789062,17.58623695373535,9.677559852600098,0.5145842432975769,0.7224987149238586,87.83539581298828,18463.0,11.508088111877441,2419.0,0.0,0.0,0.6565176248550415,138.0,0.0,0.0,5.563889026641846,8.111235618591309,4.939836025238037,0.8970078825950623,0.9472168684005737,98.02093505859375,5151.0,1.7697430849075317,93.0,0.0,0.0,0.20932446420192719,11.0,0.0,0.0,10.496158599853516,15.624784469604492,9.174516677856445,0.61717689037323,0.786795437335968,88.96289825439453,4675.0,10.428163528442383,548.0,0.0,0.0,0.6089438796043396,32.0,0.0,0.0,13.376797676086426,20.128925323486328,11.592802047729492,0.3632928133010864,0.6160064935684204,83.55851745605469,4391.0,15.604186058044434,820.0,0.0,0.0,0.8372978568077087,44.0,0.0,0.0,15.047590255737305,22.847393035888672,13.003082275390625,0.17879700660705566,0.4750700891017914,80.79924011230469,4246.0,18.230257034301758,958.0,0.0,0.0,0.9705042243003845,51.0,0.0,0.0,0.15567930042743683,0.11920291930437088,0.9990070462226868,0.8180387020111084,0.6428571428571429,0.25438597798347473,0.24329572916030884,0.24655388295650482,0.2557644248008728
11,0.22269888410980407,11.111393928527832,17.693674087524414,9.646563529968262,0.5086351633071899,0.7181789875030518,87.73548889160156,18442.0,11.62226390838623,2443.0,0.0,0.0,0.6422454714775085,135.0,0.0,0.0,5.509965419769287,8.078298568725586,4.881989002227783,0.8978425860404968,0.9475801587104797,98.07801818847656,5154.0,1.7126545906066895,90.0,0.0,0.0,0.20932446420192719,11.0,0.0,0.0,10.465468406677246,15.691415786743164,9.118632316589355,0.6139048337936401,0.7844423055648804,88.7916259765625,4666.0,10.63748836517334,559.0,0.0,0.0,0.5708848834037781,30.0,0.0,0.0,13.397697448730469,20.306690216064453,11.577479362487793,0.3519971966743469,0.6065839529037476,83.4443359375,4385.0,15.737393379211426,827.0,0.0,0.0,0.8182682991027832,43.0,0.0,0.0,15.072441101074219,22.987459182739258,13.00815200805664,0.16869735717773438,0.4647198021411896,80.62797546386719,4237.0,18.40152359008789,967.0,0.0,0.0,0.9705042243003845,51.0,0.0,0.0,0.16504701972007751,0.11920291930437088,0.9986113905906677,0.8202712535858154,0.7142857142857143,0.24561403691768646,0.23884710669517517,0.24987469613552094,0.26566416025161743
12,0.22107117266662074,11.090901374816895,17.6552734375,9.625905990600586,0.5107657313346863,0.7191351056098938,87.77355194091797,18450.0,11.574690818786621,2433.0,0.0,0.0,0.6517602205276489,137.0,0.0,0.0,5.518590927124023,8.090088844299316,4.893247127532959,0.8975442051887512,0.9474284648895264,98.02093505859375,5151.0,1.750713586807251,92.0,0.0,0.0,0.22835393249988556,12.0,0.0,0.0,10.429837226867676,15.6737642288208,9.080268859863281,0.6147730350494385,0.7849583625793457,88.82968139648438,4668.0,10.580399513244629,556.0,0.0,0.0,0.5899143815040588,31.0,0.0,0.0,13.346220970153809,20.248451232910156,11.529291152954102,0.3557088375091553,0.6084614396095276,83.61560821533203,4394.0,15.566126823425293,818.0,0.0,0.0,0.8182682991027832,43.0,0.0,0.0,15.068958282470703,22.928552627563477,13.000811576843262,0.17295241355895996,0.4645717144012451,80.62797546386719,4237.0,18.40152359008789,967.0,0.0,0.0,0.9705042243003845,51.0,0.0,0.0,0.16901598870754242,0.11920291930437088,0.9981837272644043,0.8374674320220947,0.7857142857142857,0.23684212565422058,0.2343984991312027,0.25319552421569824,0.27556392550468445
13,0.21846219068934417,11.072441101074219,17.611974716186523,9.609383583068848,0.51316237449646,0.7210541367530823,87.7878189086914,18453.0,11.560418128967285,2430.0,0.0,0.0,0.6517602205276489,137.0,0.0,0.0,5.521293640136719,8.081650733947754,4.888083457946777,0.8977578282356262,0.9475384950637817,98.00189971923828,5150.0,1.7887725830078125,94.0,0.0,0.0,0.20932446420192719,11.0,0.0,0.0,10.420199394226074,15.641802787780762,9.076271057128906,0.6163425445556641,0.7860862016677856,88.88677215576172,4671.0,10.504281997680664,552.0,0.0,0.0,0.6089438796043396,32.0,0.0,0.0,13.311227798461914,20.195171356201172,11.503853797912598,0.3590949773788452,0.6119218468666077,83.57754516601562,4392.0,15.604186058044434,820.0,0.0,0.0,0.8182682991027832,43.0,0.0,0.0,15.037049293518066,22.8670654296875,12.969326972961426,0.177382230758667,0.4700790047645569,80.68505859375,4240.0,18.344432830810547,964.0,0.0,0.0,0.9705042243003845,51.0,0.0,0.0,0.16465403139591217,0.11920291930437088,0.9985770583152771,0.8320598602294922,0.8571428571428571,0.22807016968727112,0.22994986176490784,0.25651630759239197,0.2854636609554291
14,0.21680376075774477,11.072654724121094,17.61174774169922,9.621477127075195,0.5131748914718628,0.720941960811615,87.7212142944336,18439.0,11.636536598205566,2446.0,0.0,0.0,0.6422454714775085,135.0,0.0,0.0,5.480531215667725,8.022597312927246,4.863719463348389,0.8992465138435364,0.9483579397201538,98.03996276855469,5152.0,1.750713586807251,92.0,0.0,0.0,0.20932446420192719,11.0,0.0,0.0,10.399200439453125,15.576518058776855,9.071415901184082,0.6195383667945862,0.7879197597503662,88.9248275756836,4673.0,10.504281997680664,552.0,0.0,0.0,0.5708848834037781,30.0,0.0,0.0,13.3439302444458,20.19688606262207,11.548357009887695,0.35898613929748535,0.611467182636261,83.4823989868164,4387.0,15.699334144592285,825.0,0.0,0.0,0.8182682991027832,43.0,0.0,0.0,15.066957473754883,22.93012046813965,13.002419471740723,0.17283934354782104,0.4670121669769287,80.43767547607422,4227.0,18.591815948486328,977.0,0.0,0.0,0.9705042243003845,51.0,0.0,0.0,0.1595105230808258,0.11920291930437088,0.9984777569770813,0.8442873954772949,0.9285714285714286,0.21929824352264404,0.22550123929977417,0.2598370909690857,0.2953633964061737
15,0.21484956036470332,11.101644515991211,17.63311195373535,9.656978607177734,0.5119931697845459,0.7197461128234863,87.583251953125,18410.0,11.769742965698242,2474.0,0.0,0.0,0.6470028758049011,136.0,0.0,0.0,5.475612640380859,8.012940406799316,4.857794761657715,0.8994889855384827,0.9484946131706238,98.05899047851562,5153.0,1.7316840887069702,91.0,0.0,0.0,0.20932446420192719,11.0,0.0,0.0,10.396393775939941,15.591021537780762,9.075982093811035,0.618829607963562,0.7873597741127014,88.84871673583984,4669.0,10.561369895935059,555.0,0.0,0.0,0.5899143815040588,31.0,0.0,0.0,13.390542984008789,20.23979377746582,11.603704452514648,0.35625970363616943,0.6084814071655273,83.21598815917969,4373.0,15.96574592590332,839.0,0.0,0.0,0.8182682991027832,43.0,0.0,0.0,15.144023895263672,22.951467514038086,13.090433120727539,0.17129838466644287,0.46363288164138794,80.2093276977539,4215.0,18.820171356201172,989.0,0.0,0.0,0.9705042243003845,51.0,0.0,0.0,0.15940351784229279,0.11920291930437088,0.9984772801399231,0.8558470010757446,1.0,0.21052631735801697,0.2210526168346405,0.2631579041481018,0.3052631616592407
16,0.20874753803148,11.090717315673828,17.626506805419922,9.64193058013916,0.5123586654663086,0.7205550074577332,87.57849884033203,18409.0,11.774500846862793,2475.0,0.0,0.0,0.6470028758049011,136.0,0.0,0.0,5.443270683288574,7.989336013793945,4.829534530639648,0.9000802636146545,0.9487782716751099,98.11608123779297,5156.0,1.6555660963058472,87.0,0.0,0.0,0.22835393249988556,12.0,0.0,0.0,10.383460998535156,15.586058616638184,9.060546875,0.6190721988677979,0.787746250629425,88.71551513671875,4662.0,10.69457721710205,562.0,0.0,0.0,0.5899143815040588,31.0,0.0,0.0,13.381174087524414,20.218833923339844,11.58505630493164,0.35759228467941284,0.6106055378913879,83.4443359375,4385.0,15.737393379211426,827.0,0.0,0.0,0.8182682991027832,43.0,0.0,0.0,15.154962539672852,22.96124839782715,13.092586517333984,0.17059195041656494,0.46535971760749817,80.03805541992188,4206.0,19.010465621948242,999.0,0.0,0.0,0.9514747858047485,50.0,0.0,0.0,0.1596316695213318,0.11920291930437088,0.9982882142066956,0.864274263381958,1.0,0.21052631735801697,0.2210526168346405,0.2631579041481018,0.3052631616592407
17,0.20459682966309048,11.16491985321045,17.693286895751953,9.701733589172363,0.5086567401885986,0.71761554479599,87.47859191894531,18388.0,11.879162788391113,2497.0,0.0,0.0,0.6422454714775085,135.0,0.0,0.0,5.455887317657471,7.964665412902832,4.8447089195251465,0.9006963968276978,0.9491295218467712,98.15413665771484,5158.0,1.6175071001052856,85.0,0.0,0.0,0.22835393249988556,12.0,0.0,0.0,10.454660415649414,15.60877513885498,9.12514877319336,0.6179609894752502,0.7868205904960632,88.84871673583984,4669.0,10.580399513244629,556.0,0.0,0.0,0.5708848834037781,30.0,0.0,0.0,13.492785453796387,20.33111572265625,11.673264503479004,0.3504374623298645,0.6039832234382629,82.96859741210938,4360.0,16.213130950927734,852.0,0.0,0.0,0.8182682991027832,43.0,0.0,0.0,15.256349563598633,23.060474395751953,13.163816452026367,0.16340798139572144,0.4577789306640625,79.94290924072266,4201.0,19.105613708496094,1004.0,0.0,0.0,0.9514747858047485,50.0,0.0,0.0,0.1594419777393341,0.11920291930437088,0.9983856081962585,0.8547009825706482,1.0,0.21052631735801697,0.2210526168346405,0.2631579041481018,0.3052631616592407
18,0.20008061653011425,11.227298736572266,17.797563552856445,9.7539644241333,0.5028480291366577,0.7142606973648071,87.18839263916016,18327.0,12.15509033203125,2555.0,0.0,0.0,0.6565176248550415,138.0,0.0,0.0,5.441087245941162,7.9446797370910645,4.835269927978516,0.9011940956115723,0.9493744969367981,98.09705352783203,5155.0,1.6745957136154175,88.0,0.0,0.0,0.22835393249988556,12.0,0.0,0.0,10.514361381530762,15.664470672607422,9.174040794372559,0.6152297258377075,0.7852012515068054,88.71551513671875,4662.0,10.67554759979248,561.0,0.0,0.0,0.6089438796043396,32.0,0.0,0.0,13.604098320007324,20.463642120361328,11.765294075012207,0.3419416546821594,0.5985654592514038,82.70218658447266,4346.0,16.479543685913086,866.0,0.0,0.0,0.8182682991027832,43.0,0.0,0.0,15.349644660949707,23.23271369934082,13.241250991821289,0.1508643627166748,0.44984570145606995,79.23882293701172,4164.0,19.79067611694336,1040.0,0.0,0.0,0.9705042243003845,51.0,0.0,0.0,0.1586674451828003,0.11920291930437088,0.9987247586250305,0.860141396522522,1.0,0.21052631735801697,0.2210526168346405,0.2631579041481018,0.3052631616592407
19,0.19495763764029644,11.299507141113281,17.906871795654297,9.812152862548828,0.49672257900238037,0.7100756764411926,86.96479797363281,18280.0,12.383444786071777,2603.0,0.0,0.0,0.6517602205276489,137.0,0.0,0.0,5.471705436706543,7.98291540145874,4.8569841384887695,0.9002407789230347,0.9488680958747864,98.07801818847656,5154.0,1.6745957136154175,88.0,0.0,0.0,0.24738344550132751,13.0,0.0,0.0,10.583711624145508,15.748356819152832,9.223860740661621,0.6110976338386536,0.7824969291687012,88.69647979736328,4661.0,10.732635498046875,564.0,0.0,0.0,0.5708848834037781,30.0,0.0,0.0,13.69299030303955,20.607921600341797,11.833927154541016,0.33262962102890015,0.5915542840957642,82.2454833984375,4322.0,16.936250686645508,890.0,0.0,0.0,0.8182682991027832,43.0,0.0,0.0,15.449618339538574,23.370925903320312,13.333847045898438,0.1407310962677002,0.441604882478714,78.83920288085938,4143.0,20.190296173095703,1061.0,0.0,0.0,0.9705042243003845,51.0,0.0,0.0,0.15815798938274384,0.11920291930437088,0.9975199103355408,0.8846486210823059,1.0,0.21052631735801697,0.2210526168346405,0.2631579041481018,0.3052631616592407
20,0.19195255634948144,11.318785667419434,17.878355026245117,9.84006404876709,0.4983242154121399,0.7110398411750793,86.84111022949219,18254.0,12.511894226074219,2630.0,0.0,0.0,0.6470028758049011,136.0,0.0,0.0,5.475479602813721,7.965576171875,4.86530065536499,0.9006736874580383,0.9491214156150818,98.11608123779297,5156.0,1.6555660963058472,87.0,0.0,0.0,0.22835393249988556,12.0,0.0,0.0,10.611807823181152,15.7232084274292,9.259873390197754,0.6123387813568115,0.7832496762275696,88.7916259765625,4666.0,10.61845874786377,558.0,0.0,0.0,0.5899143815040588,31.0,0.0,0.0,13.719077110290527,20.597375869750977,11.861513137817383,0.3333125114440918,0.5922077298164368,81.80780029296875,4299.0,17.373929977416992,913.0,0.0,0.0,0.8182682991027832,43.0,0.0,0.0,15.468778610229492,23.315677642822266,13.373571395874023,0.1447889804840088,0.4444672167301178,78.64891052246094,4133.0,20.399620056152344,1072.0,0.0,0.0,0.9514747858047485,50.0,0.0,0.0,0.1599743813276291,0.11920291930437088,0.996833086013794,0.8833983540534973,1.0,0.21052631735801697,0.2210526168346405,0.2631579041481018,0.3052631616592407
21,0.18774047307392525,11.364941596984863,17.957124710083008,9.889116287231445,0.4938938617706299,0.7078263759613037,86.81732177734375,18249.0,12.530922889709473,2634.0,0.0,0.0,0.6517602205276489,137.0,0.0,0.0,5.448405742645264,7.9460344314575195,4.843282222747803,0.9011604189872742,0.9493656158447266,98.09705352783203,5155.0,1.6555660963058472,87.0,0.0,0.0,0.24738344550132751,13.0,0.0,0.0,10.631257057189941,15.761943817138672,9.278223991394043,0.6104263067245483,0.7818555235862732,88.82968139648438,4668.0,10.580399513244629,556.0,0.0,0.0,0.5899143815040588,31.0,0.0,0.0,13.78153133392334,20.650970458984375,11.936585426330566,0.32983851432800293,0.5887448191642761,81.97906494140625,4308.0,17.20266342163086,904.0,0.0,0.0,0.8182682991027832,43.0,0.0,0.0,15.5985746383667,23.490262985229492,13.498373031616211,0.13193345069885254,0.43330660462379456,78.36346435546875,4118.0,20.685062408447266,1087.0,0.0,0.0,0.9514747858047485,50.0,0.0,0.0,0.15999482572078705,0.11920291930437088,0.995839536190033,0.8910791873931885,1.0,0.21052631735801697,0.2210526168346405,0.2631579041481018,0.3052631616592407
22,0.18473082783058753,11.357792854309082,17.98525047302246,9.879875183105469,0.49230730533599854,0.7069938778877258,86.73168182373047,18231.0,12.616555213928223,2652.0,0.0,0.0,0.6517602205276489,137.0,0.0,0.0,5.440757751464844,7.96592378616333,4.835444450378418,0.9006649851799011,0.9491086602210999,98.1351089477539,5157.0,1.6365365982055664,86.0,0.0,0.0,0.22835393249988556,12.0,0.0,0.0,10.622370719909668,15.781997680664062,9.266151428222656,0.6094343662261963,0.7812379598617554,88.6584243774414,4659.0,10.751665115356445,565.0,0.0,0.0,0.5899143815040588,31.0,0.0,0.0,13.754133224487305,20.681917190551758,11.90535831451416,0.32782846689224243,0.5882872343063354,81.9029541015625,4304.0,17.25975227355957,907.0,0.0,0.0,0.8372978568077087,44.0,0.0,0.0,15.613907814025879,23.52886962890625,13.512545585632324,0.12907779216766357,0.433083713054657,78.23025512695312,4111.0,20.818267822265625,1094.0,0.0,0.0,0.9514747858047485,50.0,0.0,0.0,0.15484808385372162,0.11920291930437088,0.995032548904419,0.8894405364990234,1.0,0.21052631735801697,0.2210526168346405,0.2631579041481018,0.3052631616592407
step,fold15/test_loss,fold15/test_mae,fold15/test_rmse,fold15/test_mard,fold15/test_r2,fold15/test_pearson,fold15/test_ega_zone_a_pct,fold15/test_ega_zone_a_count,fold15/test_ega_zone_b_pct,fold15/test_ega_zone_b_count,fold15/test_ega_zone_c_pct,fold15/test_ega_zone_c_count,fold15/test_ega_zone_d_pct,fold15/test_ega_zone_d_count,fold15/test_ega_zone_e_pct,fold15/test_ega_zone_e_count,fold15/test_horizon_15_mae,fold15/test_horizon_15_rmse,fold15/test_horizon_15_mard,fold15/test_horizon_15_r2,fold15/test_horizon_15_pearson,fold15/test_horizon_15_ega_zone_a_pct,fold15/test_horizon_15_ega_zone_a_count,fold15/test_horizon_15_ega_zone_b_pct,fold15/test_horizon_15_ega_zone_b_count,fold15/test_horizon_15_ega_zone_c_pct,fold15/test_horizon_15_ega_zone_c_count,fold15/test_horizon_15_ega_zone_d_pct,fold15/test_horizon_15_ega_zone_d_count,fold15/test_horizon_15_ega_zone_e_pct,fold15/test_horizon_15_ega_zone_e_count,fold15/test_horizon_30_mae,fold15/test_horizon_30_rmse,fold15/test_horizon_30_mard,fold15/test_horizon_30_r2,fold15/test_horizon_30_pearson,fold15/test_horizon_30_ega_zone_a_pct,fold15/test_horizon_30_ega_zone_a_count,fold15/test_horizon_30_ega_zone_b_pct,fold15/test_horizon_30_ega_zone_b_count,fold15/test_horizon_30_ega_zone_c_pct,fold15/test_horizon_30_ega_zone_c_count,fold15/test_horizon_30_ega_zone_d_pct,fold15/test_horizon_30_ega_zone_d_count,fold15/test_horizon_30_ega_zone_e_pct,fold15/test_horizon_30_ega_zone_e_count,fold15/test_horizon_45_mae,fold15/test_horizon_45_rmse,fold15/test_horizon_45_mard,fold15/test_horizon_45_r2,fold15/test_horizon_45_pearson,fold15/test_horizon_45_ega_zone_a_pct,fold15/test_horizon_45_ega_zone_a_count,fold15/test_horizon_45_ega_zone_b_pct,fold15/test_horizon_45_ega_zone_b_count,fold15/test_horizon_45_ega_zone_c_pct,fold15/test_horizon_45_ega_zone_c_count,fold15/test_horizon_45_ega_zone_d_pct,fold15/test_horizon_45_ega_zone_d_count,fold15/test_horizon_45_ega_zone_e_pct,fold15/test_horizon_45_ega_zone_e_count,fold15/test_horizon_60_mae,fold15/test_horizon_60_rmse,fold15/test_horizon_60_mard,fold15/test_horizon_60_r2,fold15/test_horizon_60_pearson,fold15/test_horizon_60_ega_zone_a_pct,fold15/test_horizon_60_ega_zone_a_count,fold15/test_horizon_60_ega_zone_b_pct,fold15/test_horizon_60_ega_zone_b_count,fold15/test_horizon_60_ega_zone_c_pct,fold15/test_horizon_60_ega_zone_c_count,fold15/test_horizon_60_ega_zone_d_pct,fold15/test_horizon_60_ega_zone_d_count,fold15/test_horizon_60_ega_zone_e_pct,fold15/test_horizon_60_ega_zone_e_count
0,0.19190650719264157,7.802036285400391,11.435583114624023,7.223365306854248,0.3872436285018921,0.6693459153175354,93.7989501953125,1437.0,6.070496082305908,93.0,0.0,0.0,0.13054829835891724,2.0,0.0,0.0,4.901607990264893,7.166137218475342,4.666775703430176,0.7663066387176514,0.8857681155204773,97.65013122558594,374.0,2.088772773742676,8.0,0.0,0.0,0.2610965967178345,1.0,0.0,0.0,7.204220771789551,10.343527793884277,6.69782018661499,0.5040468573570251,0.7392096519470215,95.30026245117188,365.0,4.438642501831055,17.0,0.0,0.0,0.2610965967178345,1.0,0.0,0.0,8.800272941589355,12.551156997680664,8.10959529876709,0.24260330200195312,0.5761292576789856,92.16710662841797,353.0,7.832898139953613,30.0,0.0,0.0,0.0,0.0,0.0,0.0,10.302044868469238,14.395020484924316,9.419270515441895,0.012303173542022705,0.40756359696388245,90.07833099365234,345.0,9.921670913696289,38.0,0.0,0.0,0.0,0.0,0.0,0.0
step,fold16/train_loss,fold16/val_mae,fold16/val_rmse,fold16/val_mard,fold16/val_r2,fold16/val_pearson,fold16/val_ega_zone_a_pct,fold16/val_ega_zone_a_count,fold16/val_ega_zone_b_pct,fold16/val_ega_zone_b_count,fold16/val_ega_zone_c_pct,fold16/val_ega_zone_c_count,fold16/val_ega_zone_d_pct,fold16/val_ega_zone_d_count,fold16/val_ega_zone_e_pct,fold16/val_ega_zone_e_count,fold16/val_horizon_15_mae,fold16/val_horizon_15_rmse,fold16/val_horizon_15_mard,fold16/val_horizon_15_r2,fold16/val_horizon_15_pearson,fold16/val_horizon_15_ega_zone_a_pct,fold16/val_horizon_15_ega_zone_a_count,fold16/val_horizon_15_ega_zone_b_pct,fold16/val_horizon_15_ega_zone_b_count,fold16/val_horizon_15_ega_zone_c_pct,fold16/val_horizon_15_ega_zone_c_count,fold16/val_horizon_15_ega_zone_d_pct,fold16/val_horizon_15_ega_zone_d_count,fold16/val_horizon_15_ega_zone_e_pct,fold16/val_horizon_15_ega_zone_e_count,fold16/val_horizon_30_mae,fold16/val_horizon_30_rmse,fold16/val_horizon_30_mard,fold16/val_horizon_30_r2,fold16/val_horizon_30_pearson,fold16/val_horizon_30_ega_zone_a_pct,fold16/val_horizon_30_ega_zone_a_count,fold16/val_horizon_30_ega_zone_b_pct,fold16/val_horizon_30_ega_zone_b_count,fold16/val_horizon_30_ega_zone_c_pct,fold16/val_horizon_30_ega_zone_c_count,fold16/val_horizon_30_ega_zone_d_pct,fold16/val_horizon_30_ega_zone_d_count,fold16/val_horizon_30_ega_zone_e_pct,fold16/val_horizon_30_ega_zone_e_count,fold16/val_horizon_45_mae,fold16/val_horizon_45_rmse,fold16/val_horizon_45_mard,fold16/val_horizon_45_r2,fold16/val_horizon_45_pearson,fold16/val_horizon_45_ega_zone_a_pct,fold16/val_horizon_45_ega_zone_a_count,fold16/val_horizon_45_ega_zone_b_pct,fold16/val_horizon_45_ega_zone_b_count,fold16/val_horizon_45_ega_zone_c_pct,fold16/val_horizon_45_ega_zone_c_count,fold16/val_horizon_45_ega_zone_d_pct,fold16/val_horizon_45_ega_zone_d_count,fold16/val_horizon_45_ega_zone_e_pct,fold16/val_horizon_45_ega_zone_e_count,fold16/val_horizon_60_mae,fold16/val_horizon_60_rmse,fold16/val_horizon_60_mard,fold16/val_horizon_60_r2,fold16/val_horizon_60_pearson,fold16/val_horizon_60_ega_zone_a_pct,fold16/val_horizon_60_ega_zone_a_count,fold16/val_horizon_60_ega_zone_b_pct,fold16/val_horizon_60_ega_zone_b_count,fold16/val_horizon_60_ega_zone_c_pct,fold16/val_horizon_60_ega_zone_c_count,fold16/val_horizon_60_ega_zone_d_pct,fold16/val_horizon_60_ega_zone_d_count,fold16/val_horizon_60_ega_zone_e_pct,fold16/val_horizon_60_ega_zone_e_count,fold16/diag_horizon_query_similarity,fold16/diag_horizon_progressive_gate,fold16/diag_horizon_attention_similarity,fold16/diag_horizon_attention_entropy,fold16/diag_horizon_curriculum_progress,fold16/diag_loss_horizon_weight_0,fold16/diag_loss_horizon_weight_1,fold16/diag_loss_horizon_weight_2,fold16/diag_loss_horizon_weight_3
1,0.22571127067890825,12.982792854309082,20.533735275268555,11.254846572875977,0.3152322769165039,0.6294699311256409,82.7507095336914,15150.0,16.462749481201172,3014.0,0.005462092813104391,1.0,0.775617241859436,142.0,0.005462092813104391,1.0,7.407183647155762,11.216177940368652,6.393594264984131,0.795220673084259,0.8938610553741455,94.9530258178711,4346.0,4.762945175170898,218.0,0.0,0.0,0.2840288579463959,13.0,0.0,0.0,12.183280944824219,18.462663650512695,10.507878303527832,0.4448794722557068,0.7001513242721558,83.89775085449219,3840.0,15.381254196166992,704.0,0.0,0.0,0.7209962606430054,33.0,0.0,0.0,15.16562557220459,23.024646759033203,13.145724296569824,0.1387239694595337,0.5254119038581848,77.73651123046875,3558.0,21.28031349182129,974.0,0.0,0.0,0.9831767678260803,45.0,0.0,0.0,17.175079345703125,26.262718200683594,14.972186088562012,-0.11420845985412598,0.3819299638271332,74.41555786132812,3406.0,24.42647933959961,1118.0,0.021848371252417564,1.0,1.1142669916152954,51.0,0.021848371252417564,1.0,-0.0008386473054997623,0.11920291930437088,0.999684751033783,0.9999618530273438,0.0,0.3333333432674408,0.28333333134651184,0.21666665375232697,0.1666666716337204
2,0.22366511309853002,12.773423194885254,20.119136810302734,11.08580207824707,0.3426055908203125,0.632367730140686,83.52086639404297,15291.0,15.681669235229492,2871.0,0.0,0.0,0.7974656224250793,146.0,0.0,0.0,7.337035179138184,11.097260475158691,6.352773189544678,0.7995399236679077,0.8952170610427856,95.1715087890625,4356.0,4.522613048553467,207.0,0.0,0.0,0.3058772087097168,14.0,0.0,0.0,12.052693367004395,18.23796272277832,10.406965255737305,0.4583095908164978,0.7001790404319763,84.50950622558594,3868.0,14.747651100158691,675.0,0.0,0.0,0.7428447008132935,34.0,0.0,0.0,14.929224967956543,22.609405517578125,12.944642066955566,0.16950947046279907,0.5231178998947144,78.85077667236328,3609.0,20.14419937133789,922.0,0.0,0.0,1.0050251483917236,46.0,0.0,0.0,16.774742126464844,25.53744125366211,14.638827323913574,-0.053517818450927734,0.37709248065948486,75.55167388916016,3458.0,23.312211990356445,1067.0,0.0,0.0,1.1361154317855835,52.0,0.0,0.0,0.004668456967920065,0.11920291930437088,0.9990324974060059,0.999660849571228,0.07142857142857142,0.3245614171028137,0.2788847088813782,0.21998745203018188,0.17656642198562622
3,0.22376371526283692,12.662018775939941,19.93263053894043,11.032254219055176,0.3547372817993164,0.6359299421310425,83.76665496826172,15336.0,15.430413246154785,2825.0,0.0,0.0,0.8029276728630066,147.0,0.0,0.0,7.280356407165527,10.97222900390625,6.325312614440918,0.8040315508842468,0.897388756275177,95.30259704589844,4362.0,4.3915228843688965,201.0,0.0,0.0,0.3058772087097168,14.0,0.0,0.0,11.962360382080078,18.096927642822266,10.364645957946777,0.46665501594543457,0.7030643820762634,84.94647216796875,3888.0,14.288835525512695,654.0,0.0,0.0,0.764693021774292,35.0,0.0,0.0,14.796878814697266,22.4097843170166,12.876312255859375,0.18410968780517578,0.5252288579940796,79.00371551513672,3616.0,19.991260528564453,915.0,0.0,0.0,1.0050251483917236,46.0,0.0,0.0,16.608476638793945,25.281455993652344,14.562747955322266,-0.03250277042388916,0.379293829202652,75.81385040283203,3470.0,23.050031661987305,1055.0,0.0,0.0,1.1361154317855835,52.0,0.0,0.0,0.01873748190701008,0.11920291930437088,0.9919652938842773,0.9904681444168091,0.14285714285714285,0.31578949093818665,0.2744360864162445,0.223308265209198,0.18646617233753204
4,0.22155349755626474,12.44756031036377,19.666423797607422,10.856122970581055,0.3718576431274414,0.6422034502029419,84.0343017578125,15385.0,15.157307624816895,2775.0,0.0,0.0,0.8083897829055786,148.0,0.0,0.0,7.118908405303955,10.695759773254395,6.208228588104248,0.8137828707695007,0.9023874402046204,95.54293060302734,4373.0,4.129342555999756,189.0,0.0,0.0,0.3277255892753601,15.0,0.0,0.0,11.788429260253906,17.876850128173828,10.217429161071777,0.47954821586608887,0.7077917456626892,85.25234985351562,3902.0,13.98295783996582,640.0,0.0,0.0,0.764693021774292,35.0,0.0,0.0,14.567062377929688,22.160348892211914,12.6846923828125,0.20217138528823853,0.5302116870880127,79.30958557128906,3630.0,19.685382843017578,901.0,0.0,0.0,1.0050251483917236,46.0,0.0,0.0,16.315837860107422,24.940141677856445,14.3141450881958,-0.004812121391296387,0.385394811630249,76.03233337402344,3480.0,22.8315486907959,1045.0,0.0,0.0,1.1361154317855835,52.0,0.0,0.0,0.03711766377091408,0.11920291930437088,0.9851180911064148,0.9652051329612732,0.21428571428571427,0.30701756477355957,0.26998746395111084,0.22662906348705292,0.19636592268943787
5,0.218863729791771,12.09514045715332,19.17108154296875,10.548262596130371,0.40310138463974,0.6586496233940125,84.68428802490234,15504.0,14.518242835998535,2658.0,0.0,0.0,0.7974656224250793,146.0,0.0,0.0,6.702611446380615,10.060208320617676,5.862097263336182,0.8352557420730591,0.9142180681228638,96.22023010253906,4404.0,3.495739459991455,160.0,0.0,0.0,0.2840288579463959,13.0,0.0,0.0,11.494036674499512,17.428482055664062,9.977472305297852,0.505327582359314,0.7217643857002258,86.14813232421875,3943.0,13.087174415588379,599.0,0.0,0.0,0.764693021774292,35.0,0.0,0.0,14.247686386108398,21.678417205810547,12.398173332214355,0.23649567365646362,0.5443798899650574,79.7684097290039,3651.0,19.2265682220459,880.0,0.0,0.0,1.0050251483917236,46.0,0.0,0.0,15.936226844787598,24.396886825561523,13.95531177520752,0.03848528861999512,0.4016130268573761,76.60038757324219,3506.0,22.263490676879883,1019.0,0.0,0.0,1.1361154317855835,52.0,0.0,0.0,0.05736665800213814,0.11920291930437088,0.9758424758911133,0.9318912625312805,0.2857142857142857,0.2982456088066101,0.2655388414859772,0.22994986176490784,0.2062656730413437
6,0.21456565254596835,11.842798233032227,18.80251121520996,10.34959602355957,0.42583197355270386,0.6712492108345032,85.1321792602539,15586.0,14.075814247131348,2577.0,0.0,0.0,0.7920035123825073,145.0,0.0,0.0,6.333848476409912,9.410415649414062,5.567832946777344,0.8558502197265625,0.9253054857254028,96.83198547363281,4432.0,2.8839850425720215,132.0,0.0,0.0,0.2840288579463959,13.0,0.0,0.0,11.205355644226074,16.923648834228516,9.754631042480469,0.5335699319839478,0.7382850646972656,86.5414047241211,3961.0,12.715752601623535,582.0,0.0,0.0,0.7428447008132935,34.0,0.0,0.0,14.074860572814941,21.396221160888672,12.26172161102295,0.25624388456344604,0.5526355504989624,80.27091979980469,3674.0,18.724056243896484,857.0,0.0,0.0,1.0050251483917236,46.0,0.0,0.0,15.757125854492188,24.111692428588867,13.814202308654785,0.060833752155303955,0.409233421087265,76.8844223022461,3519.0,21.979463577270508,1006.0,0.0,0.0,1.1361154317855835,52.0,0.0,0.0,0.07418405264616013,0.11920291930437088,0.9631025791168213,0.9341592788696289,0.35714285714285715,0.28947368264198303,0.2610902190208435,0.23327067494392395,0.2161654233932495
7,0.20910563977287736,11.685831069946289,18.62518882751465,10.229973793029785,0.4366105794906616,0.6781420707702637,85.59100341796875,15670.0,13.616998672485352,2493.0,0.0,0.0,0.7920035123825073,145.0,0.0,0.0,6.0903472900390625,8.982354164123535,5.368961811065674,0.8686661124229431,0.9321955442428589,97.3781967163086,4457.0,2.359624147415161,108.0,0.0,0.0,0.2621804475784302,12.0,0.0,0.0,11.05294132232666,16.656574249267578,9.641304969787598,0.5481754541397095,0.7476692199707031,87.19685363769531,3991.0,12.038453102111816,551.0,0.0,0.0,0.764693021774292,35.0,0.0,0.0,13.9486083984375,21.24868392944336,12.162622451782227,0.2664656639099121,0.5599064230918884,80.86082458496094,3701.0,18.13414764404297,830.0,0.0,0.0,1.0050251483917236,46.0,0.0,0.0,15.65142822265625,24.04079818725586,13.747005462646484,0.06634843349456787,0.4095701575279236,76.9281234741211,3521.0,21.935766220092773,1004.0,0.0,0.0,1.1361154317855835,52.0,0.0,0.0,0.10211163014173508,0.11920291930437088,0.9743731021881104,0.9310360550880432,0.42857142857142855,0.28070175647735596,0.25664159655570984,0.23659147322177887,0.22606515884399414
8,0.20811090658743156,11.580527305603027,18.4587345123291,10.146463394165039,0.4466356635093689,0.6832253932952881,85.82040405273438,15712.0,13.393052101135254,2452.0,0.0,0.0,0.7865414023399353,144.0,0.0,0.0,5.98090124130249,8.793100357055664,5.27747106552124,0.8741421103477478,0.9350822567939758,97.53113555908203,4464.0,2.2066855430603027,101.0,0.0,0.0,0.2621804475784302,12.0,0.0,0.0,10.940093994140625,16.483003616333008,9.553430557250977,0.5575428605079651,0.7528529167175293,87.54642486572266,4007.0,11.71072769165039,536.0,0.0,0.0,0.7428447008132935,34.0,0.0,0.0,13.836633682250977,21.043102264404297,12.083722114562988,0.28059089183807373,0.5668460726737976,81.01376342773438,3708.0,17.981210708618164,823.0,0.0,0.0,1.0050251483917236,46.0,0.0,0.0,15.564477920532227,23.89726448059082,13.671233177185059,0.07746362686157227,0.4115723669528961,77.19029998779297,3533.0,21.673585891723633,992.0,0.0,0.0,1.1361154317855835,52.0,0.0,0.0,0.10708705335855484,0.11920291930437088,0.9725049138069153,0.937553882598877,0.5,0.2719298303127289,0.25219297409057617,0.2399122714996338,0.23596492409706116
9,0.20635480540057455,11.566262245178223,18.439178466796875,10.128543853759766,0.4478074908256531,0.684181272983551,85.80402374267578,15709.0,13.425824165344238,2458.0,0.0,0.0,0.770155131816864,141.0,0.0,0.0,5.923081874847412,8.720133781433105,5.22064733505249,0.8762221932411194,0.9361965656280518,97.4000473022461,4458.0,2.359624147415161,108.0,0.0,0.0,0.24033209681510925,11.0,0.0,0.0,10.907461166381836,16.443239212036133,9.524620056152344,0.5596750378608704,0.7545899152755737,87.56827545166016,4008.0,11.71072769165039,536.0,0.0,0.0,0.7209962606430054,33.0,0.0,0.0,13.854381561279297,21.05539321899414,12.095232009887695,0.27975016832351685,0.5667676329612732,81.05745697021484,3710.0,17.959362030029297,822.0,0.0,0.0,0.9831767678260803,45.0,0.0,0.0,15.580130577087402,23.880178451538086,13.67367172241211,0.07878243923187256,0.4112803041934967,77.19029998779297,3533.0,21.673585891723633,992.0,0.0,0.0,1.1361154317855835,52.0,0.0,0.0,0.11398380994796753,0.11920291930437088,0.9758816361427307,0.9336465001106262,0.5714285714285714,0.2631579041481018,0.2477443516254425,0.2432330846786499,0.24586467444896698
10,0.2055794332478962,11.50373363494873,18.30738067626953,10.070570945739746,0.45567309856414795,0.6882343292236328,86.04434967041016,15753.0,13.180030822753906,2413.0,0.0,0.0,0.775617241859436,142.0,0.0,0.0,5.8274245262146,8.545480728149414,5.147629737854004,0.8811307549476624,0.9387558102607727,97.53113555908203,4464.0,2.2066855430603027,101.0,0.0,0.0,0.2621804475784302,12.0,0.0,0.0,10.833009719848633,16.272478103637695,9.463162422180176,0.5687730312347412,0.7594622373580933,87.85230255126953,4021.0,11.426698684692383,523.0,0.0,0.0,0.7209962606430054,33.0,0.0,0.0,13.791743278503418,20.920581817626953,12.030177116394043,0.2889437675476074,0.5707537531852722,81.36333465576172,3724.0,17.653484344482422,808.0,0.0,0.0,0.9831767678260803,45.0,0.0,0.0,15.56275749206543,23.77290916442871,13.641312599182129,0.0870400071144104,0.41541770100593567,77.43063354492188,3544.0,21.43325424194336,981.0,0.0,0.0,1.1361154317855835,52.0,0.0,0.0,0.13035960495471954,0.11920291930437088,0.9784285426139832,0.9296993613243103,0.6428571428571429,0.25438597798347473,0.24329572916030884,0.24655388295650482,0.2557644248008728
11,0.20392315537117153,11.455078125,18.234922409057617,10.029109954833984,0.45997339487075806,0.6906493306159973,86.16998291015625,15776.0,13.05986499786377,2391.0,0.0,0.0,0.770155131816864,141.0,0.0,0.0,5.809421539306641,8.513524055480957,5.134403228759766,0.8820181488990784,0.9392950534820557,97.640380859375,4469.0,2.1192920207977295,97.0,0.0,0.0,0.24033209681510925,11.0,0.0,0.0,10.795239448547363,16.228492736816406,9.433148384094238,0.5711010694503784,0.7606503963470459,87.7430648803711,4016.0,11.535940170288086,528.0,0.0,0.0,0.7209962606430054,33.0,0.0,0.0,13.725719451904297,20.848045349121094,11.98065185546875,0.29386597871780396,0.5730933547019958,81.51628112792969,3731.0,17.500547409057617,801.0,0.0,0.0,0.9831767678260803,45.0,0.0,0.0,15.48992919921875,23.655113220214844,13.568236351013184,0.09606510400772095,0.41986584663391113,77.78020477294922,3560.0,21.08367919921875,965.0,0.0,0.0,1.1361154317855835,52.0,0.0,0.0,0.13018186390399933,0.11920291930437088,0.9772072434425354,0.9283640384674072,0.7142857142857143,0.24561403691768646,0.23884710669517517,0.24987469613552094,0.26566416025161743
12,0.20220105697560858,11.538457870483398,18.341880798339844,10.110115051269531,0.4536195993423462,0.688005805015564,85.86956024169922,15721.0,13.36028003692627,2446.0,0.0,0.0,0.770155131816864,141.0,0.0,0.0,5.812650203704834,8.532960891723633,5.135157585144043,0.8814788460731506,0.9390144348144531,97.68407440185547,4471.0,2.0755953788757324,95.0,0.0,0.0,0.24033209681510925,11.0,0.0,0.0,10.852034568786621,16.282272338867188,9.482797622680664,0.568253755569458,0.759567379951477,87.61197662353516,4010.0,11.667031288146973,534.0,0.0,0.0,0.7209962606430054,33.0,0.0,0.0,13.848441123962402,20.975759506225586,12.097290992736816,0.2851880192756653,0.5701748132705688,80.9700698852539,3706.0,18.046756744384766,826.0,0.0,0.0,0.9831767678260803,45.0,0.0,0.0,15.640708923339844,23.82839012145996,13.725217819213867,0.08277374505996704,0.4164614975452423,77.21215057373047,3534.0,21.651737213134766,991.0,0.0,0.0,1.1361154317855835,52.0,0.0,0.0,0.13564851880073547,0.11920291930437088,0.9763376712799072,0.932490348815918,0.7857142857142857,0.23684212565422058,0.2343984991312027,0.25319552421569824,0.27556392550468445
13,0.20257586847016934,11.635310173034668,18.47522735595703,10.195563316345215,0.44564634561538696,0.6838409304618835,85.72209167480469,15694.0,13.502293586730957,2472.0,0.0,0.0,0.775617241859436,142.0,0.0,0.0,5.849273681640625,8.616375923156738,5.160606861114502,0.8791502714157104,0.9377735257148743,97.50928497314453,4463.0,2.228533983230591,102.0,0.0,0.0,0.2621804475784302,12.0,0.0,0.0,10.949358940124512,16.43707275390625,9.565110206604004,0.5600053071975708,0.7550698518753052,87.26239776611328,3994.0,12.01660442352295,550.0,0.0,0.0,0.7209962606430054,33.0,0.0,0.0,13.968463897705078,21.136043548583984,12.206133842468262,0.2742220163345337,0.5644898414611816,81.16670227050781,3715.0,17.850120544433594,817.0,0.0,0.0,0.9831767678260803,45.0,0.0,0.0,15.774144172668457,23.96215057373047,13.8504056930542,0.07244718074798584,0.41299259662628174,76.94996643066406,3522.0,21.913917541503906,1003.0,0.0,0.0,1.1361154317855835,52.0,0.0,0.0,0.13933688402175903,0.11920291930437088,0.9790437817573547,0.9341062307357788,0.8571428571428571,0.22807016968727112,0.22994986176490784,0.25651630759239197,0.2854636609554291
14,0.19901184140747513,11.639159202575684,18.507423400878906,10.184168815612793,0.44371259212493896,0.6822878122329712,85.79309844970703,15707.0,13.431286811828613,2459.0,0.0,0.0,0.775617241859436,142.0,0.0,0.0,5.834428787231445,8.587745666503906,5.146291255950928,0.879952073097229,0.9381766319274902,97.55298614501953,4465.0,2.1848373413085938,100.0,0.0,0.0,0.2621804475784302,12.0,0.0,0.0,10.94508171081543,16.473997116088867,9.549169540405273,0.5580261945724487,0.7535239458084106,87.32794189453125,3997.0,11.95106029510498,547.0,0.0,0.0,0.7209962606430054,33.0,0.0,0.0,13.979464530944824,21.185813903808594,12.19444751739502,0.2707999348640442,0.5611799359321594,81.10115814208984,3712.0,17.915664672851562,820.0,0.0,0.0,0.9831767678260803,45.0,0.0,0.0,15.7976655960083,24.00246238708496,13.846765518188477,0.06932371854782104,0.410234659910202,77.19029998779297,3533.0,21.673585891723633,992.0,0.0,0.0,1.1361154317855835,52.0,0.0,0.0,0.13151748478412628,0.11920291930437088,0.9794908165931702,0.9418985843658447,0.9285714285714286,0.21929824352264404,0.22550123929977417,0.2598370909690857,0.2953633964061737
15,0.19647187334501695,11.71474838256836,18.62181854248047,10.251394271850586,0.43681448698043823,0.6777157187461853,85.79855346679688,15708.0,13.42036247253418,2457.0,0.0,0.0,0.7810792922973633,143.0,0.0,0.0,5.835838317871094,8.589552879333496,5.143887519836426,0.8799015283584595,0.938152015209198,97.55298614501953,4465.0,2.1848373413085938,100.0,0.0,0.0,0.2621804475784302,12.0,0.0,0.0,11.025702476501465,16.58165168762207,9.608672142028809,0.5522308945655823,0.7496932744979858,87.39348602294922,4000.0,11.885515213012695,544.0,0.0,0.0,0.7209962606430054,33.0,0.0,0.0,14.104763984680176,21.364492416381836,12.30838394165039,0.25844806432724,0.5520596504211426,81.21039581298828,3717.0,17.784574508666992,814.0,0.0,0.0,1.0050251483917236,46.0,0.0,0.0,15.89268684387207,24.1229248046875,13.944628715515137,0.05995863676071167,0.40284210443496704,77.03736114501953,3526.0,21.826522827148438,999.0,0.0,0.0,1.1361154317855835,52.0,0.0,0.0,0.13290759921073914,0.11920291930437088,0.9781163334846497,0.941331148147583,1.0,0.21052631735801697,0.2210526168346405,0.2631579041481018,0.3052631616592407
16,0.19104397172102291,11.818075180053711,18.74407386779785,10.345218658447266,0.42939531803131104,0.6744195818901062,85.56915283203125,15666.0,13.649770736694336,2499.0,0.0,0.0,0.7810792922973633,143.0,0.0,0.0,5.852957725524902,8.615251541137695,5.163180351257324,0.8791818022727966,0.9378894567489624,97.50928497314453,4463.0,2.228533983230591,102.0,0.0,0.0,0.2621804475784302,12.0,0.0,0.0,11.1116304397583,16.697986602783203,9.694238662719727,0.5459258556365967,0.7468461990356445,87.17500305175781,3990.0,12.103998184204102,554.0,0.0,0.0,0.7209962606430054,33.0,0.0,0.0,14.251276969909668,21.521400451660156,12.441600799560547,0.24751561880111694,0.5472109913825989,80.77342987060547,3697.0,18.221542358398438,834.0,0.0,0.0,1.0050251483917236,46.0,0.0,0.0,16.05643653869629,24.272315979003906,14.081857681274414,0.04827922582626343,0.3971389830112457,76.81887817382812,3516.0,22.045007705688477,1009.0,0.0,0.0,1.1361154317855835,52.0,0.0,0.0,0.13052178919315338,0.11920291930437088,0.9761353135108948,0.9419817924499512,1.0,0.21052631735801697,0.2210526168346405,0.2631579041481018,0.3052631616592407
17,0.18739027872089126,11.90667724609375,18.850439071655273,10.41986083984375,0.4229011535644531,0.6705061793327332,85.29058074951172,15615.0,13.928337097167969,2550.0,0.0,0.0,0.7810792922973633,143.0,0.0,0.0,5.884088039398193,8.65295124053955,5.18882417678833,0.878122091293335,0.9372851252555847,97.46558380126953,4461.0,2.272230863571167,104.0,0.0,0.0,0.2621804475784302,12.0,0.0,0.0,11.193514823913574,16.791183471679688,9.764582633972168,0.5408430695533752,0.7437426447868347,86.9565200805664,3980.0,12.322482109069824,564.0,0.0,0.0,0.7209962606430054,33.0,0.0,0.0,14.362115859985352,21.659740447998047,12.532607078552246,0.2378106713294983,0.541367769241333,80.24906921386719,3673.0,18.74590301513672,858.0,0.0,0.0,1.0050251483917236,46.0,0.0,0.0,16.186996459960938,24.40070343017578,14.19343090057373,0.038184404373168945,0.3913654685020447,76.49114990234375,3501.0,22.372732162475586,1024.0,0.0,0.0,1.1361154317855835,52.0,0.0,0.0,0.13591605424880981,0.11920291930437088,0.9794248938560486,0.9432172775268555,1.0,0.21052631735801697,0.2210526168346405,0.2631579041481018,0.3052631616592407
18,0.18291880806794367,11.938370704650879,18.853944778442383,10.451325416564941,0.4226863980293274,0.6708431839942932,85.31243133544922,15619.0,13.906489372253418,2546.0,0.0,0.0,0.7810792922973633,143.0,0.0,0.0,5.867473602294922,8.618163108825684,5.180908679962158,0.8791001439094543,0.9378232359886169,97.50928497314453,4463.0,2.228533983230591,102.0,0.0,0.0,0.2621804475784302,12.0,0.0,0.0,11.210731506347656,16.765907287597656,9.787688255310059,0.5422244071960449,0.7449552416801453,86.84728240966797,3975.0,12.431723594665527,569.0,0.0,0.0,0.7209962606430054,33.0,0.0,0.0,14.420913696289062,21.672639846801758,12.586921691894531,0.23690253496170044,0.5420050024986267,80.38015747070312,3679.0,18.61481285095215,852.0,0.0,0.0,1.0050251483917236,46.0,0.0,0.0,16.254362106323242,24.429759979248047,14.249785423278809,0.035892486572265625,0.3910897672176361,76.51300048828125,3502.0,22.35088539123535,1023.0,0.0,0.0,1.1361154317855835,52.0,0.0,0.0,0.14471076428890228,0.11920291930437088,0.977429211139679,0.944162905216217,1.0,0.21052631735801697,0.2210526168346405,0.2631579041481018,0.3052631616592407
19,0.17801228202737931,11.960870742797852,18.914793014526367,10.468683242797852,0.4189540147781372,0.6681860685348511,85.15949249267578,15591.0,14.059427261352539,2574.0,0.0,0.0,0.7810792922973633,143.0,0.0,0.0,5.871395111083984,8.656879425048828,5.177375793457031,0.8780114650726318,0.9371641278266907,97.44374084472656,4460.0,2.294079065322876,105.0,0.0,0.0,0.2621804475784302,12.0,0.0,0.0,11.219619750976562,16.821090698242188,9.786182403564453,0.5392060279846191,0.742618978023529,86.9565200805664,3980.0,12.322482109069824,564.0,0.0,0.0,0.7209962606430054,33.0,0.0,0.0,14.44630241394043,21.743160247802734,12.612277030944824,0.23192834854125977,0.5382002592086792,80.11798095703125,3667.0,18.87699317932129,864.0,0.0,0.0,1.0050251483917236,46.0,0.0,0.0,16.306167602539062,24.503507614135742,14.298896789550781,0.030062854290008545,0.3878617286682129,76.1197280883789,3484.0,22.744155883789062,1041.0,0.0,0.0,1.1361154317855835,52.0,0.0,0.0,0.1383601278066635,0.11920291930437088,0.9769088625907898,0.9463210105895996,1.0,0.21052631735801697,0.2210526168346405,0.2631579041481018,0.3052631616592407
step,fold16/test_loss,fold16/test_mae,fold16/test_rmse,fold16/test_mard,fold16/test_r2,fold16/test_pearson,fold16/test_ega_zone_a_pct,fold16/test_ega_zone_a_count,fold16/test_ega_zone_b_pct,fold16/test_ega_zone_b_count,fold16/test_ega_zone_c_pct,fold16/test_ega_zone_c_count,fold16/test_ega_zone_d_pct,fold16/test_ega_zone_d_count,fold16/test_ega_zone_e_pct,fold16/test_ega_zone_e_count,fold16/test_horizon_15_mae,fold16/test_horizon_15_rmse,fold16/test_horizon_15_mard,fold16/test_horizon_15_r2,fold16/test_horizon_15_pearson,fold16/test_horizon_15_ega_zone_a_pct,fold16/test_horizon_15_ega_zone_a_count,fold16/test_horizon_15_ega_zone_b_pct,fold16/test_horizon_15_ega_zone_b_count,fold16/test_horizon_15_ega_zone_c_pct,fold16/test_horizon_15_ega_zone_c_count,fold16/test_horizon_15_ega_zone_d_pct,fold16/test_horizon_15_ega_zone_d_count,fold16/test_horizon_15_ega_zone_e_pct,fold16/test_horizon_15_ega_zone_e_count,fold16/test_horizon_30_mae,fold16/test_horizon_30_rmse,fold16/test_horizon_30_mard,fold16/test_horizon_30_r2,fold16/test_horizon_30_pearson,fold16/test_horizon_30_ega_zone_a_pct,fold16/test_horizon_30_ega_zone_a_count,fold16/test_horizon_30_ega_zone_b_pct,fold16/test_horizon_30_ega_zone_b_count,fold16/test_horizon_30_ega_zone_c_pct,fold16/test_horizon_30_ega_zone_c_count,fold16/test_horizon_30_ega_zone_d_pct,fold16/test_horizon_30_ega_zone_d_count,fold16/test_horizon_30_ega_zone_e_pct,fold16/test_horizon_30_ega_zone_e_count,fold16/test_horizon_45_mae,fold16/test_horizon_45_rmse,fold16/test_horizon_45_mard,fold16/test_horizon_45_r2,fold16/test_horizon_45_pearson,fold16/test_horizon_45_ega_zone_a_pct,fold16/test_horizon_45_ega_zone_a_count,fold16/test_horizon_45_ega_zone_b_pct,fold16/test_horizon_45_ega_zone_b_count,fold16/test_horizon_45_ega_zone_c_pct,fold16/test_horizon_45_ega_zone_c_count,fold16/test_horizon_45_ega_zone_d_pct,fold16/test_horizon_45_ega_zone_d_count,fold16/test_horizon_45_ega_zone_e_pct,fold16/test_horizon_45_ega_zone_e_count,fold16/test_horizon_60_mae,fold16/test_horizon_60_rmse,fold16/test_horizon_60_mard,fold16/test_horizon_60_r2,fold16/test_horizon_60_pearson,fold16/test_horizon_60_ega_zone_a_pct,fold16/test_horizon_60_ega_zone_a_count,fold16/test_horizon_60_ega_zone_b_pct,fold16/test_horizon_60_ega_zone_b_count,fold16/test_horizon_60_ega_zone_c_pct,fold16/test_horizon_60_ega_zone_c_count,fold16/test_horizon_60_ega_zone_d_pct,fold16/test_horizon_60_ega_zone_d_count,fold16/test_horizon_60_ega_zone_e_pct,fold16/test_horizon_60_ega_zone_e_count
0,0.3161973497274975,11.229113578796387,15.840510368347168,10.3746919631958,0.1193038821220398,0.5006089806556702,84.64533233642578,5871.0,15.253747940063477,1058.0,0.0,0.0,0.10092272609472275,7.0,0.0,0.0,6.674417972564697,9.303586959838867,6.267057418823242,0.702988862991333,0.8507378101348877,96.42445373535156,1672.0,3.4025375843048096,59.0,0.0,0.0,0.17301037907600403,3.0,0.0,0.0,11.393853187561035,15.724029541015625,10.5181884765625,0.1381133794784546,0.5266088843345642,85.29411315917969,1479.0,14.53287124633789,252.0,0.0,0.0,0.17301037907600403,3.0,0.0,0.0,13.139313697814941,17.915597915649414,12.084149360656738,-0.13695716857910156,0.31330591440200806,79.29642486572266,1375.0,20.645906448364258,358.0,0.0,0.0,0.057670123875141144,1.0,0.0,0.0,13.708869934082031,18.67930793762207,12.629373550415039,-0.250826358795166,0.1932573914527893,77.56632232666016,1345.0,22.433679580688477,389.0,0.0,0.0,0.0,0.0,0.0,0.0
step,summary/loss,summary/mae,summary/rmse,summary/mard,summary/r2,summary/pearson,summary/ega_zone_a_pct,summary/ega_zone_a_count,summary/ega_zone_b_pct,summary/ega_zone_b_count,summary/ega_zone_c_pct,summary/ega_zone_c_count,summary/ega_zone_d_pct,summary/ega_zone_d_count,summary/ega_zone_e_pct,summary/ega_zone_e_count,summary/horizon_15_mae,summary/horizon_15_rmse,summary/horizon_15_mard,summary/horizon_15_r2,summary/horizon_15_pearson,summary/horizon_15_ega_zone_a_pct,summary/horizon_15_ega_zone_a_count,summary/horizon_15_ega_zone_b_pct,summary/horizon_15_ega_zone_b_count,summary/horizon_15_ega_zone_c_pct,summary/horizon_15_ega_zone_c_count,summary/horizon_15_ega_zone_d_pct,summary/horizon_15_ega_zone_d_count,summary/horizon_15_ega_zone_e_pct,summary/horizon_15_ega_zone_e_count,summary/horizon_30_mae,summary/horizon_30_rmse,summary/horizon_30_mard,summary/horizon_30_r2,summary/horizon_30_pearson,summary/horizon_30_ega_zone_a_pct,summary/horizon_30_ega_zone_a_count,summary/horizon_30_ega_zone_b_pct,summary/horizon_30_ega_zone_b_count,summary/horizon_30_ega_zone_c_pct,summary/horizon_30_ega_zone_c_count,summary/horizon_30_ega_zone_d_pct,summary/horizon_30_ega_zone_d_count,summary/horizon_30_ega_zone_e_pct,summary/horizon_30_ega_zone_e_count,summary/horizon_45_mae,summary/horizon_45_rmse,summary/horizon_45_mard,summary/horizon_45_r2,summary/horizon_45_pearson,summary/horizon_45_ega_zone_a_pct,summary/horizon_45_ega_zone_a_count,summary/horizon_45_ega_zone_b_pct,summary/horizon_45_ega_zone_b_count,summary/horizon_45_ega_zone_c_pct,summary/horizon_45_ega_zone_c_count,summary/horizon_45_ega_zone_d_pct,summary/horizon_45_ega_zone_d_count,summary/horizon_45_ega_zone_e_pct,summary/horizon_45_ega_zone_e_count,summary/horizon_60_mae,summary/horizon_60_rmse,summary/horizon_60_mard,summary/horizon_60_r2,summary/horizon_60_pearson,summary/horizon_60_ega_zone_a_pct,summary/horizon_60_ega_zone_a_count,summary/horizon_60_ega_zone_b_pct,summary/horizon_60_ega_zone_b_count,summary/horizon_60_ega_zone_c_pct,summary/horizon_60_ega_zone_c_count,summary/horizon_60_ega_zone_d_pct,summary/horizon_60_ega_zone_d_count,summary/horizon_60_ega_zone_e_pct,summary/horizon_60_ega_zone_e_count
0,0.2762010516656963,10.154271870851517,15.390350878238678,8.750124484300613,0.40173105522990227,0.6653064638376236,89.39704751968384,6045.625,10.280027985572815,708.5,0.0,0.0,0.32292411563685164,23.375,0.0,0.0,5.310938090085983,7.566426604986191,4.662468895316124,0.8465056344866753,0.9226362146437168,98.46091794967651,1668.9375,1.4350704420357943,23.75,0.0,0.0,0.10401159897446632,1.6875,0.0,0.0,9.63183206319809,13.9934800863266,8.317296504974365,0.4961179494857788,0.7243780829012394,90.90372037887573,1537.5,8.779603451490402,151.3125,0.0,0.0,0.316676520742476,5.5625,0.0,0.0,12.104408919811249,17.58670461177826,10.385948181152344,0.21891801431775093,0.5384091064333916,85.65253448486328,1446.75,13.943754971027374,240.1875,0.0,0.0,0.4037112104706466,7.4375,0.0,0.0,13.569907367229462,19.57049983739853,11.634784817695618,0.042930446565151215,0.4029278811067343,82.57102060317993,1392.4375,16.961683928966522,293.25,0.0,0.0,0.4672971579711884,8.6875,0.0,0.0
