step,fold1/train_loss,fold1/val_mae,fold1/val_rmse,fold1/val_mard,fold1/val_mape,fold1/val_r2,fold1/val_pearson,fold1/val_ega_zone_a_pct,fold1/val_ega_zone_a_count,fold1/val_ega_zone_b_pct,fold1/val_ega_zone_b_count,fold1/val_ega_zone_c_pct,fold1/val_ega_zone_c_count,fold1/val_ega_zone_d_pct,fold1/val_ega_zone_d_count,fold1/val_ega_zone_e_pct,fold1/val_ega_zone_e_count,fold1/val_horizon_15_mae,fold1/val_horizon_15_rmse,fold1/val_horizon_15_mard,fold1/val_horizon_15_mape,fold1/val_horizon_15_r2,fold1/val_horizon_15_pearson,fold1/val_horizon_15_ega_zone_a_pct,fold1/val_horizon_15_ega_zone_a_count,fold1/val_horizon_15_ega_zone_b_pct,fold1/val_horizon_15_ega_zone_b_count,fold1/val_horizon_15_ega_zone_c_pct,fold1/val_horizon_15_ega_zone_c_count,fold1/val_horizon_15_ega_zone_d_pct,fold1/val_horizon_15_ega_zone_d_count,fold1/val_horizon_15_ega_zone_e_pct,fold1/val_horizon_15_ega_zone_e_count,fold1/val_horizon_30_mae,fold1/val_horizon_30_rmse,fold1/val_horizon_30_mard,fold1/val_horizon_30_mape,fold1/val_horizon_30_r2,fold1/val_horizon_30_pearson,fold1/val_horizon_30_ega_zone_a_pct,fold1/val_horizon_30_ega_zone_a_count,fold1/val_horizon_30_ega_zone_b_pct,fold1/val_horizon_30_ega_zone_b_count,fold1/val_horizon_30_ega_zone_c_pct,fold1/val_horizon_30_ega_zone_c_count,fold1/val_horizon_30_ega_zone_d_pct,fold1/val_horizon_30_ega_zone_d_count,fold1/val_horizon_30_ega_zone_e_pct,fold1/val_horizon_30_ega_zone_e_count,fold1/val_horizon_45_mae,fold1/val_horizon_45_rmse,fold1/val_horizon_45_mard,fold1/val_horizon_45_mape,fold1/val_horizon_45_r2,fold1/val_horizon_45_pearson,fold1/val_horizon_45_ega_zone_a_pct,fold1/val_horizon_45_ega_zone_a_count,fold1/val_horizon_45_ega_zone_b_pct,fold1/val_horizon_45_ega_zone_b_count,fold1/val_horizon_45_ega_zone_c_pct,fold1/val_horizon_45_ega_zone_c_count,fold1/val_horizon_45_ega_zone_d_pct,fold1/val_horizon_45_ega_zone_d_count,fold1/val_horizon_45_ega_zone_e_pct,fold1/val_horizon_45_ega_zone_e_count,fold1/val_horizon_60_mae,fold1/val_horizon_60_rmse,fold1/val_horizon_60_mard,fold1/val_horizon_60_mape,fold1/val_horizon_60_r2,fold1/val_horizon_60_pearson,fold1/val_horizon_60_ega_zone_a_pct,fold1/val_horizon_60_ega_zone_a_count,fold1/val_horizon_60_ega_zone_b_pct,fold1/val_horizon_60_ega_zone_b_count,fold1/val_horizon_60_ega_zone_c_pct,fold1/val_horizon_60_ega_zone_c_count,fold1/val_horizon_60_ega_zone_d_pct,fold1/val_horizon_60_ega_zone_d_count,fold1/val_horizon_60_ega_zone_e_pct,fold1/val_horizon_60_ega_zone_e_count,fold1/diag_horizon_curriculum_progress,fold1/diag_loss_horizon_weight_0,fold1/diag_loss_horizon_weight_1,fold1/diag_loss_horizon_weight_2,fold1/diag_loss_horizon_weight_3
1,0.3853748333319331,16.460086822509766,23.4232120513916,11.975919723510742,11.975919723510742,-0.05892908573150635,0.38218221068382263,81.42249298095703,17229.0,18.577503204345703,3931.0,0.0,0.0,0.0,0.0,0.0,0.0,15.389480590820312,22.072952270507812,11.223896980285645,11.223896980285645,0.05943220853805542,0.5011327862739563,83.7051010131836,4428.0,16.294897079467773,862.0,0.0,0.0,0.0,0.0,0.0,0.0,16.086483001708984,23.016069412231445,11.738282203674316,11.738282203674316,-0.022629976272583008,0.40115439891815186,82.36295318603516,4357.0,17.637052536010742,933.0,0.0,0.0,0.0,0.0,0.0,0.0,16.78082275390625,23.837682723999023,12.201749801635742,12.201749801635742,-0.09663236141204834,0.3307657837867737,80.58601379394531,4263.0,19.41398811340332,1027.0,0.0,0.0,0.0,0.0,0.0,0.0,17.583568572998047,24.68598747253418,12.73975658416748,12.73975658416748,-0.17581462860107422,0.27684643864631653,79.0359115600586,4181.0,20.964082717895508,1109.0,0.0,0.0,0.0,0.0,0.0,0.0,0.0,0.3333333432674408,0.28333333134651184,0.21666665375232697,0.1666666716337204
2,0.35399740359828025,15.520059585571289,22.44051742553711,11.384865760803223,11.384865760803223,0.028059422969818115,0.40084943175315857,83.01512145996094,17566.0,16.98487663269043,3594.0,0.0,0.0,0.0,0.0,0.0,0.0,13.980290412902832,20.362442016601562,10.370573043823242,10.370573043823242,0.19955968856811523,0.5339144468307495,86.33270263671875,4567.0,13.66729736328125,723.0,0.0,0.0,0.0,0.0,0.0,0.0,15.142598152160645,22.034839630126953,11.140865325927734,11.140865325927734,0.06270551681518555,0.4218582808971405,83.47825622558594,4416.0,16.521738052368164,874.0,0.0,0.0,0.0,0.0,0.0,0.0,16.071189880371094,23.157018661499023,11.743592262268066,11.743592262268066,-0.03489971160888672,0.34628111124038696,81.81474304199219,4328.0,18.18525505065918,962.0,0.0,0.0,0.0,0.0,0.0,0.0,16.88616180419922,24.03948402404785,12.284431457519531,12.284431457519531,-0.11503398418426514,0.2845112681388855,80.43478393554688,4255.0,19.565217971801758,1035.0,0.0,0.0,0.0,0.0,0.0,0.0,0.07142857142857142,0.3245614171028137,0.2788847088813782,0.21998745203018188,0.17656642198562622
3,0.3256477361044869,14.612260818481445,21.15593147277832,10.843478202819824,10.843478202819824,0.13615012168884277,0.46961575746536255,84.801513671875,17944.0,15.198487281799316,3216.0,0.0,0.0,0.0,0.0,0.0,0.0,12.621346473693848,18.184120178222656,9.562906265258789,9.562906265258789,0.36165738105773926,0.6292592287063599,88.88468933105469,4702.0,11.115311622619629,588.0,0.0,0.0,0.0,0.0,0.0,0.0,14.253116607666016,20.67461585998535,10.63055419921875,10.63055419921875,0.17485332489013672,0.4933006167411804,85.7088851928711,4534.0,14.291114807128906,756.0,0.0,0.0,0.0,0.0,0.0,0.0,15.396443367004395,22.238330841064453,11.343029975891113,11.343029975891113,0.04558473825454712,0.40056273341178894,83.0623779296875,4394.0,16.937618255615234,896.0,0.0,0.0,0.0,0.0,0.0,0.0,16.178131103515625,23.18724250793457,11.837425231933594,11.837425231933594,-0.037375569343566895,0.34149208664894104,81.55009460449219,4314.0,18.449905395507812,976.0,0.0,0.0,0.0,0.0,0.0,0.0,0.14285714285714285,0.31578949093818665,0.2744360864162445,0.223308265209198,0.18646617233753204
4,0.2896172258349423,14.182339668273926,20.353557586669922,10.539421081542969,10.539421081542969,0.2004333734512329,0.5412597060203552,85.88374328613281,18173.0,14.116257667541504,2987.0,0.0,0.0,0.0,0.0,0.0,0.0,11.56291389465332,16.342174530029297,8.803821563720703,8.803821563720703,0.4844285249710083,0.7261696457862854,91.34215545654297,4832.0,8.657845497131348,458.0,0.0,0.0,0.0,0.0,0.0,0.0,13.84265422821045,19.77570152282715,10.34583854675293,10.34583854675293,0.2450467348098755,0.5679378509521484,86.25708770751953,4563.0,13.742912292480469,727.0,0.0,0.0,0.0,0.0,0.0,0.0,15.224427223205566,21.767223358154297,11.231195449829102,11.231195449829102,0.08559399843215942,0.45333144068717957,83.66729736328125,4426.0,16.332704544067383,864.0,0.0,0.0,0.0,0.0,0.0,0.0,16.099365234375,22.915334701538086,11.776826858520508,11.776826858520508,-0.013188362121582031,0.38866162300109863,82.2684326171875,4352.0,17.731569290161133,938.0,0.0,0.0,0.0,0.0,0.0,0.0,0.21428571428571427,0.30701756477355957,0.26998746395111084,0.22662906348705292,0.19636592268943787
5,0.2770373609633128,14.448211669921875,20.510421752929688,10.710745811462402,10.710745811462402,0.18806147575378418,0.5561323761940002,85.62381744384766,18118.0,14.376181602478027,3042.0,0.0,0.0,0.0,0.0,0.0,0.0,11.633406639099121,16.10713005065918,8.835453987121582,8.835453987121582,0.49915242195129395,0.7508159875869751,91.6068115234375,4846.0,8.393194198608398,444.0,0.0,0.0,0.0,0.0,0.0,0.0,14.106282234191895,19.921974182128906,10.512561798095703,10.512561798095703,0.2338373064994812,0.5817023515701294,86.31380462646484,4566.0,13.686201095581055,724.0,0.0,0.0,0.0,0.0,0.0,0.0,15.602399826049805,22.077733993530273,11.477276802062988,11.477276802062988,0.05931973457336426,0.45966920256614685,82.98676300048828,4390.0,17.013233184814453,900.0,0.0,0.0,0.0,0.0,0.0,0.0,16.45075035095215,23.215478897094727,12.017695426940918,12.017695426940918,-0.03990375995635986,0.3888559639453888,81.58789825439453,4316.0,18.412097930908203,974.0,0.0,0.0,0.0,0.0,0.0,0.0,0.2857142857142857,0.2982456088066101,0.2655388414859772,0.22994986176490784,0.2062656730413437
6,0.27133417559268896,14.39645004272461,20.447669982910156,10.675994873046875,10.675994873046875,0.19302207231521606,0.563860297203064,85.68052673339844,18130.0,14.319470405578613,3030.0,0.0,0.0,0.0,0.0,0.0,0.0,11.481986999511719,15.826689720153809,8.73183536529541,8.73183536529541,0.5164411067962646,0.7628700733184814,91.8903579711914,4861.0,8.109641075134277,429.0,0.0,0.0,0.0,0.0,0.0,0.0,14.07127571105957,19.872087478637695,10.489431381225586,10.489431381225586,0.23766958713531494,0.5885076522827148,86.35160827636719,4568.0,13.648393630981445,722.0,0.0,0.0,0.0,0.0,0.0,0.0,15.58146858215332,22.076154708862305,11.463184356689453,11.463184356689453,0.05945444107055664,0.4641568958759308,83.02457427978516,4392.0,16.975425720214844,898.0,0.0,0.0,0.0,0.0,0.0,0.0,16.451068878173828,23.231191635131836,12.019526481628418,12.019526481628418,-0.04131186008453369,0.3928205668926239,81.45557403564453,4309.0,18.544424057006836,981.0,0.0,0.0,0.0,0.0,0.0,0.0,0.35714285714285715,0.28947368264198303,0.2610902190208435,0.23327067494392395,0.2161654233932495
7,0.2639976410307255,14.467535018920898,20.5384464263916,10.711817741394043,10.711817741394043,0.1858411431312561,0.5680001378059387,85.59546661376953,18112.0,14.404537200927734,3048.0,0.0,0.0,0.0,0.0,0.0,0.0,11.422224044799805,15.697896003723145,8.670585632324219,8.670585632324219,0.5242792367935181,0.7735189199447632,92.1550064086914,4875.0,7.8449907302856445,415.0,0.0,0.0,0.0,0.0,0.0,0.0,14.143231391906738,19.958839416503906,10.525529861450195,10.525529861450195,0.2309991717338562,0.5922681093215942,86.48393249511719,4575.0,13.516068458557129,715.0,0.0,0.0,0.0,0.0,0.0,0.0,15.68941879272461,22.226943969726562,11.526460647583008,11.526460647583008,0.04656195640563965,0.4640370309352875,82.74102020263672,4377.0,17.25897979736328,913.0,0.0,0.0,0.0,0.0,0.0,0.0,16.61526107788086,23.419967651367188,12.124696731567383,12.124696731567383,-0.05830395221710205,0.39132192730903625,81.00189208984375,4285.0,18.998109817504883,1005.0,0.0,0.0,0.0,0.0,0.0,0.0,0.42857142857142855,0.28070175647735596,0.25664159655570984,0.23659147322177887,0.22606515884399414
8,0.2571944428059261,14.43937873840332,20.476089477539062,10.684386253356934,10.684386253356934,0.19077742099761963,0.5792022347450256,85.78923034667969,18153.0,14.210775375366211,3007.0,0.0,0.0,0.0,0.0,0.0,0.0,11.203938484191895,15.305581092834473,8.488882064819336,8.488882064819336,0.5477601289749146,0.7942632436752319,92.98677062988281,4919.0,7.013232231140137,371.0,0.0,0.0,0.0,0.0,0.0,0.0,14.127056121826172,19.909448623657227,10.503545761108398,10.503545761108398,0.23480039834976196,0.6027564406394958,86.3705062866211,4569.0,13.62948989868164,721.0,0.0,0.0,0.0,0.0,0.0,0.0,15.74501895904541,22.269384384155273,11.567100524902344,11.567100524902344,0.04291731119155884,0.4685787558555603,82.70321655273438,4375.0,17.29678726196289,915.0,0.0,0.0,0.0,0.0,0.0,0.0,16.681499481201172,23.46291732788086,12.178014755249023,12.178014755249023,-0.06218922138214111,0.3946039080619812,81.0964126586914,4290.0,18.903593063354492,1000.0,0.0,0.0,0.0,0.0,0.0,0.0,0.5,0.2719298303127289,0.25219297409057617,0.2399122714996338,0.23596492409706116
9,0.251737308508311,14.165098190307617,20.18752098083496,10.47783088684082,10.47783088684082,0.21342533826828003,0.594955563545227,86.56427001953125,18317.0,13.4357271194458,2843.0,0.0,0.0,0.0,0.0,0.0,0.0,10.590484619140625,14.46595287322998,8.023563385009766,8.023563385009766,0.5960167646408081,0.8218366503715515,94.34783172607422,4991.0,5.65217399597168,299.0,0.0,0.0,0.0,0.0,0.0,0.0,13.843219757080078,19.57184410095215,10.292634010314941,10.292634010314941,0.26053136587142944,0.6196976900100708,87.27788543701172,4617.0,12.722116470336914,673.0,0.0,0.0,0.0,0.0,0.0,0.0,15.603649139404297,22.126556396484375,11.462536811828613,11.462536811828613,0.05515468120574951,0.4779013395309448,83.1758041381836,4400.0,16.824195861816406,890.0,0.0,0.0,0.0,0.0,0.0,0.0,16.623035430908203,23.414493560791016,12.132586479187012,12.132586479187012,-0.05780935287475586,0.4005778729915619,81.45557403564453,4309.0,18.544424057006836,981.0,0.0,0.0,0.0,0.0,0.0,0.0,0.5714285714285714,0.2631579041481018,0.2477443516254425,0.2432330846786499,0.24586467444896698
10,0.2447348683118152,13.906535148620605,19.90902328491211,10.296125411987305,10.296125411987305,0.23497802019119263,0.607774019241333,87.13137817382812,18437.0,12.868620872497559,2723.0,0.0,0.0,0.0,0.0,0.0,0.0,9.97099494934082,13.642134666442871,7.568245887756348,7.568245887756348,0.6407192945480347,0.8434533476829529,95.38752746582031,5046.0,4.612476348876953,244.0,0.0,0.0,0.0,0.0,0.0,0.0,13.553206443786621,19.227863311767578,10.084080696105957,10.084080696105957,0.28629565238952637,0.6355139017105103,87.90170288085938,4650.0,12.098299026489258,640.0,0.0,0.0,0.0,0.0,0.0,0.0,15.509428024291992,22.00522804260254,11.404376983642578,11.404376983642578,0.06548815965652466,0.4855165183544159,83.57278442382812,4421.0,16.427221298217773,869.0,0.0,0.0,0.0,0.0,0.0,0.0,16.592514038085938,23.354402542114258,12.127799034118652,12.127799034118652,-0.05238676071166992,0.4035032391548157,81.66351318359375,4320.0,18.336483001708984,970.0,0.0,0.0,0.0,0.0,0.0,0.0,0.6428571428571429,0.25438597798347473,0.24329572916030884,0.24655388295650482,0.2557644248008728
11,0.241983504481088,13.757284164428711,19.768310546875,10.188097953796387,10.188097953796387,0.24575382471084595,0.6143025159835815,87.37712860107422,18489.0,12.622873306274414,2671.0,0.0,0.0,0.0,0.0,0.0,0.0,9.542414665222168,13.086181640625,7.253692150115967,7.253692150115967,0.6694058179855347,0.8562508225440979,95.99243927001953,5078.0,4.007561683654785,212.0,0.0,0.0,0.0,0.0,0.0,0.0,13.396662712097168,19.030431747436523,9.969148635864258,9.969148635864258,0.30087703466415405,0.6453140377998352,88.14744567871094,4663.0,11.85255241394043,627.0,0.0,0.0,0.0,0.0,0.0,0.0,15.476131439208984,21.97926902770996,11.380501747131348,11.380501747131348,0.06769180297851562,0.4890843629837036,83.79962158203125,4433.0,16.20037841796875,857.0,0.0,0.0,0.0,0.0,0.0,0.0,16.613927841186523,23.38055992126465,12.149049758911133,12.149049758911133,-0.05474543571472168,0.40139326453208923,81.56900024414062,4315.0,18.431001663208008,975.0,0.0,0.0,0.0,0.0,0.0,0.0,0.7142857142857143,0.24561403691768646,0.23884710669517517,0.24987469613552094,0.26566416025161743
12,0.23899570233910383,13.626984596252441,19.638893127441406,10.095560073852539,10.095560073852539,0.25559723377227783,0.6184815168380737,87.57088470458984,18530.0,12.42911148071289,2630.0,0.0,0.0,0.0,0.0,0.0,0.0,9.288422584533691,12.734582901000977,7.060155391693115,7.060155391693115,0.6869319677352905,0.8652041554450989,96.27599334716797,5093.0,3.7240076065063477,197.0,0.0,0.0,0.0,0.0,0.0,0.0,13.242159843444824,18.839656829833984,9.856254577636719,9.856254577636719,0.31482386589050293,0.6526709198951721,88.52552032470703,4683.0,11.474480628967285,607.0,0.0,0.0,0.0,0.0,0.0,0.0,15.405577659606934,21.912761688232422,11.336197853088379,11.336197853088379,0.073325514793396,0.4898863434791565,84.00756072998047,4444.0,15.992439270019531,846.0,0.0,0.0,0.0,0.0,0.0,0.0,16.571781158447266,23.355365753173828,12.129632949829102,12.129632949829102,-0.05247342586517334,0.3974277377128601,81.47447967529297,4310.0,18.52552032470703,980.0,0.0,0.0,0.0,0.0,0.0,0.0,0.7857142857142857,0.23684212565422058,0.2343984991312027,0.25319552421569824,0.27556392550468445
13,0.23669870348976596,13.557595252990723,19.570606231689453,10.04257583618164,10.04257583618164,0.2607649564743042,0.6231558322906494,87.60396575927734,18537.0,12.39603042602539,2623.0,0.0,0.0,0.0,0.0,0.0,0.0,9.096753120422363,12.469132423400879,6.916258335113525,6.916258335113525,0.6998476982116699,0.8718156218528748,96.50283813476562,5105.0,3.497164249420166,185.0,0.0,0.0,0.0,0.0,0.0,0.0,13.13855266571045,18.706363677978516,9.780238151550293,9.780238151550293,0.32448500394821167,0.6594517230987549,88.67675018310547,4691.0,11.323251724243164,599.0,0.0,0.0,0.0,0.0,0.0,0.0,15.375624656677246,21.87864875793457,11.313936233520508,11.313936233520508,0.07620841264724731,0.4940135180950165,84.04537200927734,4446.0,15.954631805419922,844.0,0.0,0.0,0.0,0.0,0.0,0.0,16.619447708129883,23.40837287902832,12.159871101379395,12.159871101379395,-0.057256460189819336,0.39860352873802185,81.19092559814453,4295.0,18.80907440185547,995.0,0.0,0.0,0.0,0.0,0.0,0.0,0.8571428571428571,0.22807016968727112,0.22994986176490784,0.25651630759239197,0.2854636609554291
14,0.2363675579310871,13.555871963500977,19.575485229492188,10.036630630493164,10.036630630493164,0.26039642095565796,0.6253492832183838,87.5,18515.0,12.5,2645.0,0.0,0.0,0.0,0.0,0.0,0.0,8.993400573730469,12.310911178588867,6.836493492126465,6.836493492126465,0.7074166536331177,0.8763940930366516,96.57844543457031,5109.0,3.4215502738952637,181.0,0.0,0.0,0.0,0.0,0.0,0.0,13.136635780334473,18.68364143371582,9.771461486816406,9.771461486816406,0.32612496614456177,0.6635176539421082,88.63894653320312,4689.0,11.361059188842773,601.0,0.0,0.0,0.0,0.0,0.0,0.0,15.425565719604492,21.935638427734375,11.34493350982666,11.34493350982666,0.07138961553573608,0.4945201873779297,83.81852722167969,4434.0,16.181474685668945,856.0,0.0,0.0,0.0,0.0,0.0,0.0,16.667882919311523,23.473155975341797,12.193636894226074,12.193636894226074,-0.06311631202697754,0.3970507085323334,80.96408081054688,4283.0,19.035917282104492,1007.0,0.0,0.0,0.0,0.0,0.0,0.0,0.9285714285714286,0.21929824352264404,0.22550123929977417,0.2598370909690857,0.2953633964061737
15,0.23548387578690147,13.489889144897461,19.507274627685547,10.000099182128906,10.000099182128906,0.265541672706604,0.6260877251625061,87.52835083007812,18521.0,12.471644401550293,2639.0,0.0,0.0,0.0,0.0,0.0,0.0,8.875347137451172,12.137751579284668,6.759248733520508,6.759248733520508,0.7155894041061401,0.8790109157562256,96.6918716430664,5115.0,3.308128595352173,175.0,0.0,0.0,0.0,0.0,0.0,0.0,13.048883438110352,18.57384490966797,9.720580101013184,9.720580101013184,0.33402198553085327,0.6656216979026794,88.75236511230469,4695.0,11.247636795043945,595.0,0.0,0.0,0.0,0.0,0.0,0.0,15.379627227783203,21.89210319519043,11.324190139770508,11.324190139770508,0.07507187128067017,0.4936489164829254,83.74291229248047,4430.0,16.257089614868164,860.0,0.0,0.0,0.0,0.0,0.0,0.0,16.655696868896484,23.463972091674805,12.196378707885742,12.196378707885742,-0.06228470802307129,0.39325398206710815,80.92627716064453,4281.0,19.0737247467041,1009.0,0.0,0.0,0.0,0.0,0.0,0.0,1.0,0.21052631735801697,0.2210526168346405,0.2631579041481018,0.3052631616592407
16,0.23253087996601474,13.489419937133789,19.52469825744629,9.988348960876465,9.988348960876465,0.2642291188240051,0.6279612183570862,87.55670928955078,18527.0,12.443288803100586,2633.0,0.0,0.0,0.0,0.0,0.0,0.0,8.82456111907959,12.066624641418457,6.70915412902832,6.70915412902832,0.7189129590988159,0.8823891282081604,96.76748657226562,5119.0,3.2325141429901123,171.0,0.0,0.0,0.0,0.0,0.0,0.0,13.024931907653809,18.552608489990234,9.692344665527344,9.692344665527344,0.33554404973983765,0.6687716245651245,88.86578369140625,4701.0,11.134215354919434,589.0,0.0,0.0,0.0,0.0,0.0,0.0,15.402979850769043,21.933761596679688,11.329744338989258,11.329744338989258,0.0715484619140625,0.4949955344200134,83.85633087158203,4436.0,16.143667221069336,854.0,0.0,0.0,0.0,0.0,0.0,0.0,16.705209732055664,23.536413192749023,12.222155570983887,12.222155570983887,-0.06885409355163574,0.3933049738407135,80.73723602294922,4271.0,19.262760162353516,1019.0,0.0,0.0,0.0,0.0,0.0,0.0,1.0,0.21052631735801697,0.2210526168346405,0.2631579041481018,0.3052631616592407
17,0.2299880530757135,13.458096504211426,19.483448028564453,9.974004745483398,9.974004745483398,0.2673346996307373,0.6277909278869629,87.58979797363281,18534.0,12.410207748413086,2626.0,0.0,0.0,0.0,0.0,0.0,0.0,8.699543952941895,11.89779281616211,6.62064790725708,6.62064790725708,0.7267236709594727,0.8851200938224792,96.89981079101562,5126.0,3.100188970565796,164.0,0.0,0.0,0.0,0.0,0.0,0.0,12.974483489990234,18.47464370727539,9.662626266479492,9.662626266479492,0.34111684560775757,0.6703128218650818,88.97920989990234,4707.0,11.020793914794922,583.0,0.0,0.0,0.0,0.0,0.0,0.0,15.406451225280762,21.915599822998047,11.34285831451416,11.34285831451416,0.07308536767959595,0.49356696009635925,83.7618179321289,4431.0,16.23818588256836,859.0,0.0,0.0,0.0,0.0,0.0,0.0,16.751907348632812,23.563861846923828,12.269885063171387,12.269885063171387,-0.07134854793548584,0.3882749080657959,80.71833801269531,4270.0,19.28166389465332,1020.0,0.0,0.0,0.0,0.0,0.0,0.0,1.0,0.21052631735801697,0.2210526168346405,0.2631579041481018,0.3052631616592407
18,0.22849859927887078,13.434221267700195,19.4604434967041,9.954903602600098,9.954903602600098,0.2690638303756714,0.6293100118637085,87.52835083007812,18521.0,12.471644401550293,2639.0,0.0,0.0,0.0,0.0,0.0,0.0,8.679930686950684,11.844249725341797,6.606729984283447,6.606729984283447,0.729177713394165,0.8868847489356995,96.88090515136719,5125.0,3.1190927028656006,165.0,0.0,0.0,0.0,0.0,0.0,0.0,12.948747634887695,18.441091537475586,9.641098976135254,9.641098976135254,0.3435078263282776,0.6726499795913696,88.94139862060547,4705.0,11.058601379394531,585.0,0.0,0.0,0.0,0.0,0.0,0.0,15.381410598754883,21.903772354125977,11.320362091064453,11.320362091064453,0.07408559322357178,0.4950365722179413,83.7051010131836,4428.0,16.294897079467773,862.0,0.0,0.0,0.0,0.0,0.0,0.0,16.72679328918457,23.55207633972168,12.251423835754395,12.251423835754395,-0.07027697563171387,0.3882095515727997,80.58601379394531,4263.0,19.41398811340332,1027.0,0.0,0.0,0.0,0.0,0.0,0.0,1.0,0.21052631735801697,0.2210526168346405,0.2631579041481018,0.3052631616592407
19,0.2274770524979449,13.453960418701172,19.473756790161133,9.969806671142578,9.969806671142578,0.26806336641311646,0.6296741366386414,87.58506774902344,18533.0,12.414934158325195,2627.0,0.0,0.0,0.0,0.0,0.0,0.0,8.681910514831543,11.820718765258789,6.607460975646973,6.607460975646973,0.730252742767334,0.8881946206092834,96.97542572021484,5130.0,3.0245747566223145,160.0,0.0,0.0,0.0,0.0,0.0,0.0,12.928328514099121,18.40505027770996,9.628901481628418,9.628901481628418,0.34607142210006714,0.6739763021469116,89.07372283935547,4712.0,10.926275253295898,578.0,0.0,0.0,0.0,0.0,0.0,0.0,15.404792785644531,21.91884422302246,11.339362144470215,11.339362144470215,0.0728108286857605,0.4948127865791321,83.74291229248047,4430.0,16.257089614868164,860.0,0.0,0.0,0.0,0.0,0.0,0.0,16.800813674926758,23.62197494506836,12.30350112915039,12.30350112915039,-0.07663941383361816,0.38693204522132874,80.54820251464844,4261.0,19.45179557800293,1029.0,0.0,0.0,0.0,0.0,0.0,0.0,1.0,0.21052631735801697,0.2210526168346405,0.2631579041481018,0.3052631616592407
20,0.22532968103876705,13.417927742004395,19.441686630249023,9.946030616760254,9.946030616760254,0.2704722285270691,0.6303784847259521,87.64177703857422,18545.0,12.358222961425781,2615.0,0.0,0.0,0.0,0.0,0.0,0.0,8.615559577941895,11.73081111907959,6.56558895111084,6.56558895111084,0.7343405485153198,0.8891197443008423,97.01323699951172,5132.0,2.986767530441284,158.0,0.0,0.0,0.0,0.0,0.0,0.0,12.915155410766602,18.389387130737305,9.61868953704834,9.61868953704834,0.34718406200408936,0.675046443939209,89.18714904785156,4718.0,10.812854766845703,572.0,0.0,0.0,0.0,0.0,0.0,0.0,15.389081954956055,21.912317276000977,11.326793670654297,11.326793670654297,0.07336306571960449,0.4951476752758026,83.78071594238281,4432.0,16.219282150268555,858.0,0.0,0.0,0.0,0.0,0.0,0.0,16.751907348632812,23.579347610473633,12.273051261901855,12.273051261901855,-0.07275700569152832,0.38689085841178894,80.58601379394531,4263.0,19.41398811340332,1027.0,0.0,0.0,0.0,0.0,0.0,0.0,1.0,0.21052631735801697,0.2210526168346405,0.2631579041481018,0.3052631616592407
21,0.22357506236758756,13.457860946655273,19.49440574645996,9.9723482131958,9.9723482131958,0.2665104269981384,0.6285906434059143,87.62287139892578,18541.0,12.377126693725586,2619.0,0.0,0.0,0.0,0.0,0.0,0.0,8.627062797546387,11.72761344909668,6.573197364807129,6.573197364807129,0.7344852685928345,0.8893206119537354,97.01323699951172,5132.0,2.986767530441284,158.0,0.0,0.0,0.0,0.0,0.0,0.0,12.915308952331543,18.388004302978516,9.61813735961914,9.61813735961914,0.34728217124938965,0.6747217178344727,89.24385833740234,4721.0,10.756143569946289,569.0,0.0,0.0,0.0,0.0,0.0,0.0,15.438433647155762,21.970951080322266,11.360541343688965,11.360541343688965,0.06839734315872192,0.4926908314228058,83.64839172363281,4425.0,16.351608276367188,865.0,0.0,0.0,0.0,0.0,0.0,0.0,16.85064697265625,23.701244354248047,12.33751392364502,12.33751392364502,-0.0838773250579834,0.38212791085243225,80.58601379394531,4263.0,19.41398811340332,1027.0,0.0,0.0,0.0,0.0,0.0,0.0,1.0,0.21052631735801697,0.2210526168346405,0.2631579041481018,0.3052631616592407
22,0.22157278947288372,13.41999340057373,19.462980270385742,9.945491790771484,9.945491790771484,0.26887333393096924,0.6299890875816345,87.70793914794922,18559.0,12.292059898376465,2601.0,0.0,0.0,0.0,0.0,0.0,0.0,8.56585693359375,11.655921936035156,6.525622844696045,6.525622844696045,0.7377216219902039,0.890902042388916,97.03213500976562,5133.0,2.9678637981414795,157.0,0.0,0.0,0.0,0.0,0.0,0.0,12.883852005004883,18.362060546875,9.593992233276367,9.593992233276367,0.3491227626800537,0.6762705445289612,89.31947326660156,4725.0,10.680529594421387,565.0,0.0,0.0,0.0,0.0,0.0,0.0,15.404642105102539,21.94247055053711,11.338882446289062,11.338882446289062,0.07081097364425659,0.494159460067749,83.74291229248047,4430.0,16.257089614868164,860.0,0.0,0.0,0.0,0.0,0.0,0.0,16.82562255859375,23.679792404174805,12.323472023010254,12.323472023010254,-0.08191609382629395,0.38309580087661743,80.73723602294922,4271.0,19.262760162353516,1019.0,0.0,0.0,0.0,0.0,0.0,0.0,1.0,0.21052631735801697,0.2210526168346405,0.2631579041481018,0.3052631616592407
23,0.22133200211912904,13.4443941116333,19.476743698120117,9.960122108459473,9.960122108459473,0.26783883571624756,0.6304903626441956,87.698486328125,18557.0,12.301511764526367,2603.0,0.0,0.0,0.0,0.0,0.0,0.0,8.56662368774414,11.637842178344727,6.525096893310547,6.525096893310547,0.7385346293449402,0.8916833996772766,97.0699462890625,5135.0,2.930056571960449,155.0,0.0,0.0,0.0,0.0,0.0,0.0,12.908562660217285,18.365257263183594,9.609374046325684,9.609374046325684,0.3488960862159729,0.6773089170455933,89.31947326660156,4725.0,10.680529594421387,565.0,0.0,0.0,0.0,0.0,0.0,0.0,15.457114219665527,21.987693786621094,11.370439529418945,11.370439529418945,0.06697702407836914,0.49436402320861816,83.78071594238281,4432.0,16.219282150268555,858.0,0.0,0.0,0.0,0.0,0.0,0.0,16.845273971557617,23.689525604248047,12.33558177947998,12.33558177947998,-0.08280587196350098,0.38345858454704285,80.62381744384766,4265.0,19.37618064880371,1025.0,0.0,0.0,0.0,0.0,0.0,0.0,1.0,0.21052631735801697,0.2210526168346405,0.2631579041481018,0.3052631616592407
24,0.21999375022448994,13.431060791015625,19.470233917236328,9.955390930175781,9.955390930175781,0.2683281898498535,0.629521369934082,87.65122985839844,18547.0,12.348771095275879,2613.0,0.0,0.0,0.0,0.0,0.0,0.0,8.513705253601074,11.57347583770752,6.494007110595703,6.494007110595703,0.7414188385009766,0.891643762588501,97.14555358886719,5139.0,2.8544423580169678,151.0,0.0,0.0,0.0,0.0,0.0,0.0,12.885519981384277,18.336483001708984,9.598026275634766,9.598026275634766,0.35093486309051514,0.6771953701972961,89.26275634765625,4722.0,10.737239837646484,568.0,0.0,0.0,0.0,0.0,0.0,0.0,15.451258659362793,21.980432510375977,11.371702194213867,11.371702194213867,0.06759321689605713,0.4930817782878876,83.74291229248047,4430.0,16.257089614868164,860.0,0.0,0.0,0.0,0.0,0.0,0.0,16.87376594543457,23.72865104675293,12.357827186584473,12.357827186584473,-0.08638536930084229,0.3809455931186676,80.45368957519531,4256.0,19.546314239501953,1034.0,0.0,0.0,0.0,0.0,0.0,0.0,1.0,0.21052631735801697,0.2210526168346405,0.2631579041481018,0.3052631616592407
25,0.22006379692842923,13.45235538482666,19.487892150878906,9.969869613647461,9.969869613647461,0.2670004963874817,0.6294580101966858,87.67485809326172,18552.0,12.325141906738281,2608.0,0.0,0.0,0.0,0.0,0.0,0.0,8.567392349243164,11.623576164245605,6.528702259063721,6.528702259063721,0.7391752600669861,0.8918115496635437,97.18336486816406,5141.0,2.8166351318359375,149.0,0.0,0.0,0.0,0.0,0.0,0.0,12.892253875732422,18.339155197143555,9.602930068969727,9.602930068969727,0.35074567794799805,0.6773188710212708,89.26275634765625,4722.0,10.737239837646484,568.0,0.0,0.0,0.0,0.0,0.0,0.0,15.461755752563477,21.992883682250977,11.379377365112305,11.379377365112305,0.06653642654418945,0.4927862286567688,83.72400665283203,4429.0,16.27599334716797,861.0,0.0,0.0,0.0,0.0,0.0,0.0,16.888017654418945,23.748533248901367,12.368463516235352,12.368463516235352,-0.08820664882659912,0.38064706325531006,80.52930450439453,4260.0,19.470699310302734,1030.0,0.0,0.0,0.0,0.0,0.0,0.0,1.0,0.21052631735801697,0.2210526168346405,0.2631579041481018,0.3052631616592407
26,0.21888690378696224,13.483254432678223,19.518327713012695,9.985618591308594,9.985618591308594,0.26470911502838135,0.6298170685768127,87.67012786865234,18551.0,12.329867362976074,2609.0,0.0,0.0,0.0,0.0,0.0,0.0,8.620485305786133,11.669564247131348,6.562923431396484,6.562923431396484,0.7371072769165039,0.8922119736671448,97.18336486816406,5141.0,2.8166351318359375,149.0,0.0,0.0,0.0,0.0,0.0,0.0,12.939471244812012,18.388408660888672,9.62829303741455,9.62829303741455,0.34725356101989746,0.6777597069740295,89.24385833740234,4721.0,10.756143569946289,569.0,0.0,0.0,0.0,0.0,0.0,0.0,15.488760948181152,22.029949188232422,11.39052677154541,11.39052677154541,0.06338745355606079,0.49278169870376587,83.74291229248047,4430.0,16.257089614868164,860.0,0.0,0.0,0.0,0.0,0.0,0.0,16.88429832458496,23.753517150878906,12.360732078552246,12.360732078552246,-0.08866357803344727,0.38059499859809875,80.5103988647461,4259.0,19.48960304260254,1031.0,0.0,0.0,0.0,0.0,0.0,0.0,1.0,0.21052631735801697,0.2210526168346405,0.2631579041481018,0.3052631616592407
27,0.2184658208600062,13.49520492553711,19.546045303344727,9.987524032592773,9.987524032592773,0.2626193165779114,0.6303291320800781,87.64649963378906,18546.0,12.353496551513672,2614.0,0.0,0.0,0.0,0.0,0.0,0.0,8.602395057678223,11.656377792358398,6.546685218811035,6.546685218811035,0.7377011179924011,0.8927891850471497,97.25897979736328,5145.0,2.741020679473877,145.0,0.0,0.0,0.0,0.0,0.0,0.0,12.941486358642578,18.39988899230957,9.623743057250977,9.623743057250977,0.3464381694793701,0.6786045432090759,89.2060546875,4719.0,10.793951034545898,571.0,0.0,0.0,0.0,0.0,0.0,0.0,15.500199317932129,22.052106857299805,11.392266273498535,11.392266273498535,0.06150233745574951,0.49351534247398376,83.79962158203125,4433.0,16.20037841796875,857.0,0.0,0.0,0.0,0.0,0.0,0.0,16.936737060546875,23.82160758972168,12.38740062713623,12.38740062713623,-0.09491395950317383,0.3809901773929596,80.32135772705078,4249.0,19.678638458251953,1041.0,0.0,0.0,0.0,0.0,0.0,0.0,1.0,0.21052631735801697,0.2210526168346405,0.2631579041481018,0.3052631616592407
28,0.21785399443595294,13.475272178649902,19.51663589477539,9.980615615844727,9.980615615844727,0.2648366093635559,0.6302989721298218,87.6654052734375,18550.0,12.334593772888184,2610.0,0.0,0.0,0.0,0.0,0.0,0.0,8.595776557922363,11.640347480773926,6.547932147979736,6.547932147979736,0.7384220361709595,0.8924872875213623,97.24008178710938,5144.0,2.7599244117736816,146.0,0.0,0.0,0.0,0.0,0.0,0.0,12.925215721130371,18.374624252319336,9.619384765625,9.619384765625,0.3482317328453064,0.6783961653709412,89.24385833740234,4721.0,10.756143569946289,569.0,0.0,0.0,0.0,0.0,0.0,0.0,15.47706127166748,22.02093505859375,11.383613586425781,11.383613586425781,0.06415379047393799,0.49339959025382996,83.74291229248047,4430.0,16.257089614868164,860.0,0.0,0.0,0.0,0.0,0.0,0.0,16.903034210205078,23.78129768371582,12.371528625488281,12.371528625488281,-0.09121143817901611,0.3809613287448883,80.43478393554688,4255.0,19.565217971801758,1035.0,0.0,0.0,0.0,0.0,0.0,0.0,1.0,0.21052631735801697,0.2210526168346405,0.2631579041481018,0.3052631616592407
step,fold1/test_loss,fold1/test_mae,fold1/test_rmse,fold1/test_mard,fold1/test_mape,fold1/test_r2,fold1/test_pearson,fold1/test_ega_zone_a_pct,fold1/test_ega_zone_a_count,fold1/test_ega_zone_b_pct,fold1/test_ega_zone_b_count,fold1/test_ega_zone_c_pct,fold1/test_ega_zone_c_count,fold1/test_ega_zone_d_pct,fold1/test_ega_zone_d_count,fold1/test_ega_zone_e_pct,fold1/test_ega_zone_e_count,fold1/test_horizon_15_mae,fold1/test_horizon_15_rmse,fold1/test_horizon_15_mard,fold1/test_horizon_15_mape,fold1/test_horizon_15_r2,fold1/test_horizon_15_pearson,fold1/test_horizon_15_ega_zone_a_pct,fold1/test_horizon_15_ega_zone_a_count,fold1/test_horizon_15_ega_zone_b_pct,fold1/test_horizon_15_ega_zone_b_count,fold1/test_horizon_15_ega_zone_c_pct,fold1/test_horizon_15_ega_zone_c_count,fold1/test_horizon_15_ega_zone_d_pct,fold1/test_horizon_15_ega_zone_d_count,fold1/test_horizon_15_ega_zone_e_pct,fold1/test_horizon_15_ega_zone_e_count,fold1/test_horizon_30_mae,fold1/test_horizon_30_rmse,fold1/test_horizon_30_mard,fold1/test_horizon_30_mape,fold1/test_horizon_30_r2,fold1/test_horizon_30_pearson,fold1/test_horizon_30_ega_zone_a_pct,fold1/test_horizon_30_ega_zone_a_count,fold1/test_horizon_30_ega_zone_b_pct,fold1/test_horizon_30_ega_zone_b_count,fold1/test_horizon_30_ega_zone_c_pct,fold1/test_horizon_30_ega_zone_c_count,fold1/test_horizon_30_ega_zone_d_pct,fold1/test_horizon_30_ega_zone_d_count,fold1/test_horizon_30_ega_zone_e_pct,fold1/test_horizon_30_ega_zone_e_count,fold1/test_horizon_45_mae,fold1/test_horizon_45_rmse,fold1/test_horizon_45_mard,fold1/test_horizon_45_mape,fold1/test_horizon_45_r2,fold1/test_horizon_45_pearson,fold1/test_horizon_45_ega_zone_a_pct,fold1/test_horizon_45_ega_zone_a_count,fold1/test_horizon_45_ega_zone_b_pct,fold1/test_horizon_45_ega_zone_b_count,fold1/test_horizon_45_ega_zone_c_pct,fold1/test_horizon_45_ega_zone_c_count,fold1/test_horizon_45_ega_zone_d_pct,fold1/test_horizon_45_ega_zone_d_count,fold1/test_horizon_45_ega_zone_e_pct,fold1/test_horizon_45_ega_zone_e_count,fold1/test_horizon_60_mae,fold1/test_horizon_60_rmse,fold1/test_horizon_60_mard,fold1/test_horizon_60_mape,fold1/test_horizon_60_r2,fold1/test_horizon_60_pearson,fold1/test_horizon_60_ega_zone_a_pct,fold1/test_horizon_60_ega_zone_a_count,fold1/test_horizon_60_ega_zone_b_pct,fold1/test_horizon_60_ega_zone_b_count,fold1/test_horizon_60_ega_zone_c_pct,fold1/test_horizon_60_ega_zone_c_count,fold1/test_horizon_60_ega_zone_d_pct,fold1/test_horizon_60_ega_zone_d_count,fold1/test_horizon_60_ega_zone_e_pct,fold1/test_horizon_60_ega_zone_e_count
0,0.23097456980297584,9.775074005126953,12.572304725646973,9.395222663879395,9.395222663879395,0.38635313510894775,0.6605551838874817,91.65757751464844,6724.0,8.233369827270508,604.0,0.0,0.0,0.10905124992132187,8.0,0.0,0.0,6.63801383972168,8.683259963989258,6.43004846572876,6.43004846572876,0.7040700912475586,0.8578198552131653,97.92802429199219,1796.0,1.9629225730895996,36.0,0.0,0.0,0.10905124992132187,2.0,0.0,0.0,9.567219734191895,12.435944557189941,9.199703216552734,9.199703216552734,0.39737027883529663,0.6673294901847839,92.3118896484375,1693.0,7.579061985015869,139.0,0.0,0.0,0.10905124992132187,2.0,0.0,0.0,10.96289348602295,13.789037704467773,10.510923385620117,10.510923385620117,0.2644696831703186,0.5697640776634216,89.36750030517578,1639.0,10.523446083068848,193.0,0.0,0.0,0.10905124992132187,2.0,0.0,0.0,11.932167053222656,14.562350273132324,11.440220832824707,11.440220832824707,0.18561500310897827,0.507152795791626,87.02290344238281,1596.0,12.868048667907715,236.0,0.0,0.0,0.10905124992132187,2.0,0.0,0.0
step,fold2/train_loss,fold2/val_mae,fold2/val_rmse,fold2/val_mard,fold2/val_mape,fold2/val_r2,fold2/val_pearson,fold2/val_ega_zone_a_pct,fold2/val_ega_zone_a_count,fold2/val_ega_zone_b_pct,fold2/val_ega_zone_b_count,fold2/val_ega_zone_c_pct,fold2/val_ega_zone_c_count,fold2/val_ega_zone_d_pct,fold2/val_ega_zone_d_count,fold2/val_ega_zone_e_pct,fold2/val_ega_zone_e_count,fold2/val_horizon_15_mae,fold2/val_horizon_15_rmse,fold2/val_horizon_15_mard,fold2/val_horizon_15_mape,fold2/val_horizon_15_r2,fold2/val_horizon_15_pearson,fold2/val_horizon_15_ega_zone_a_pct,fold2/val_horizon_15_ega_zone_a_count,fold2/val_horizon_15_ega_zone_b_pct,fold2/val_horizon_15_ega_zone_b_count,fold2/val_horizon_15_ega_zone_c_pct,fold2/val_horizon_15_ega_zone_c_count,fold2/val_horizon_15_ega_zone_d_pct,fold2/val_horizon_15_ega_zone_d_count,fold2/val_horizon_15_ega_zone_e_pct,fold2/val_horizon_15_ega_zone_e_count,fold2/val_horizon_30_mae,fold2/val_horizon_30_rmse,fold2/val_horizon_30_mard,fold2/val_horizon_30_mape,fold2/val_horizon_30_r2,fold2/val_horizon_30_pearson,fold2/val_horizon_30_ega_zone_a_pct,fold2/val_horizon_30_ega_zone_a_count,fold2/val_horizon_30_ega_zone_b_pct,fold2/val_horizon_30_ega_zone_b_count,fold2/val_horizon_30_ega_zone_c_pct,fold2/val_horizon_30_ega_zone_c_count,fold2/val_horizon_30_ega_zone_d_pct,fold2/val_horizon_30_ega_zone_d_count,fold2/val_horizon_30_ega_zone_e_pct,fold2/val_horizon_30_ega_zone_e_count,fold2/val_horizon_45_mae,fold2/val_horizon_45_rmse,fold2/val_horizon_45_mard,fold2/val_horizon_45_mape,fold2/val_horizon_45_r2,fold2/val_horizon_45_pearson,fold2/val_horizon_45_ega_zone_a_pct,fold2/val_horizon_45_ega_zone_a_count,fold2/val_horizon_45_ega_zone_b_pct,fold2/val_horizon_45_ega_zone_b_count,fold2/val_horizon_45_ega_zone_c_pct,fold2/val_horizon_45_ega_zone_c_count,fold2/val_horizon_45_ega_zone_d_pct,fold2/val_horizon_45_ega_zone_d_count,fold2/val_horizon_45_ega_zone_e_pct,fold2/val_horizon_45_ega_zone_e_count,fold2/val_horizon_60_mae,fold2/val_horizon_60_rmse,fold2/val_horizon_60_mard,fold2/val_horizon_60_mape,fold2/val_horizon_60_r2,fold2/val_horizon_60_pearson,fold2/val_horizon_60_ega_zone_a_pct,fold2/val_horizon_60_ega_zone_a_count,fold2/val_horizon_60_ega_zone_b_pct,fold2/val_horizon_60_ega_zone_b_count,fold2/val_horizon_60_ega_zone_c_pct,fold2/val_horizon_60_ega_zone_c_count,fold2/val_horizon_60_ega_zone_d_pct,fold2/val_horizon_60_ega_zone_d_count,fold2/val_horizon_60_ega_zone_e_pct,fold2/val_horizon_60_ega_zone_e_count,fold2/diag_horizon_curriculum_progress,fold2/diag_loss_horizon_weight_0,fold2/diag_loss_horizon_weight_1,fold2/diag_loss_horizon_weight_2,fold2/diag_loss_horizon_weight_3
1,0.3698858940284664,14.400994300842285,22.4171199798584,13.068320274353027,13.068320274353027,0.1094135046005249,0.3310132324695587,79.72135925292969,13390.0,18.450822830200195,3099.0,0.0,0.0,1.827816128730774,307.0,0.0,0.0,13.429718017578125,21.159040451049805,12.116143226623535,12.116143226623535,0.21144992113113403,0.4659102261066437,82.42438507080078,3461.0,15.813289642333984,664.0,0.0,0.0,1.762324333190918,74.0,0.0,0.0,14.31397819519043,22.296964645385742,13.02009391784668,13.02009391784668,0.12177807092666626,0.34949803352355957,79.68563842773438,3346.0,18.4805908203125,776.0,0.0,0.0,1.8337699174880981,77.0,0.0,0.0,14.757235527038574,22.895803451538086,13.402695655822754,13.402695655822754,0.0679776668548584,0.262101411819458,78.6854019165039,3304.0,19.433198928833008,816.0,0.0,0.0,1.8814003467559814,79.0,0.0,0.0,15.103042602539062,23.260089874267578,13.734349250793457,13.734349250793457,0.035175442695617676,0.1943395882844925,78.09002685546875,3279.0,20.076210021972656,843.0,0.0,0.0,1.8337699174880981,77.0,0.0,0.0,0.0,0.3333333432674408,0.28333333134651184,0.21666665375232697,0.1666666716337204
2,0.3414511722789996,14.07245922088623,22.45073699951172,12.626574516296387,12.626574516296387,0.10674041509628296,0.3459272086620331,80.6203842163086,13541.0,17.587520599365234,2954.0,0.0,0.0,1.7920933961868286,301.0,0.0,0.0,13.027463912963867,20.86196517944336,11.730701446533203,11.730701446533203,0.23343724012374878,0.48742175102233887,83.01976776123047,3486.0,15.28935432434082,642.0,0.0,0.0,1.6908787488937378,71.0,0.0,0.0,13.992223739624023,22.32489585876465,12.581707954406738,12.581707954406738,0.11957645416259766,0.3629831075668335,81.09073638916016,3405.0,17.123123168945312,719.0,0.0,0.0,1.7861396074295044,75.0,0.0,0.0,14.484232902526855,23.060178756713867,12.987051963806152,12.987051963806152,0.05454707145690918,0.2753273844718933,79.5427474975586,3340.0,18.599666595458984,781.0,0.0,0.0,1.857585072517395,78.0,0.0,0.0,14.78591537475586,23.468021392822266,13.206839561462402,13.206839561462402,0.017848312854766846,0.21128979325294495,78.82829284667969,3310.0,19.337936401367188,812.0,0.0,0.0,1.8337699174880981,77.0,0.0,0.0,0.07142857142857142,0.3245614171028137,0.2788847088813782,0.21998745203018188,0.17656642198562622
3,0.3138122184566121,13.831074714660645,22.047163009643555,12.425737380981445,12.425737380981445,0.13856619596481323,0.39553725719451904,81.26338958740234,13649.0,17.027864456176758,2860.0,0.0,0.0,1.708740234375,287.0,0.0,0.0,12.41788387298584,19.739070892333984,11.23015022277832,11.23015022277832,0.31373685598373413,0.5641005039215088,85.04405975341797,3571.0,13.431769371032715,564.0,0.0,0.0,1.5241724252700806,64.0,0.0,0.0,13.752696990966797,21.892290115356445,12.38370132446289,12.38370132446289,0.15336692333221436,0.41269513964653015,81.85282135009766,3437.0,16.432483673095703,690.0,0.0,0.0,1.7146939039230347,72.0,0.0,0.0,14.373489379882812,22.902875900268555,12.88953685760498,12.88953685760498,0.06740182638168335,0.31232908368110657,79.66181945800781,3345.0,18.55203628540039,779.0,0.0,0.0,1.7861396074295044,75.0,0.0,0.0,14.780235290527344,23.47050666809082,13.199556350708008,13.199556350708008,0.017640352249145508,0.23722003400325775,78.49488067626953,3296.0,19.695165634155273,827.0,0.0,0.0,1.8099548816680908,76.0,0.0,0.0,0.14285714285714285,0.31578949093818665,0.2744360864162445,0.223308265209198,0.18646617233753204
4,0.27503765076116093,13.232572555541992,20.837726593017578,11.92078685760498,11.92078685760498,0.23048484325408936,0.48553895950317383,82.4184341430664,13843.0,15.878780364990234,2667.0,0.0,0.0,1.7027864456176758,286.0,0.0,0.0,11.28788948059082,17.409563064575195,10.253214836120605,10.253214836120605,0.46615761518478394,0.6830589175224304,86.85401153564453,3647.0,11.6456298828125,489.0,0.0,0.0,1.5003572702407837,63.0,0.0,0.0,13.09240436553955,20.44597816467285,11.824824333190918,11.824824333190918,0.2615373134613037,0.5148990154266357,82.94831848144531,3483.0,15.336984634399414,644.0,0.0,0.0,1.7146939039230347,72.0,0.0,0.0,13.96733283996582,22.04395866394043,12.549307823181152,12.549307823181152,0.1360398530960083,0.3880297839641571,80.68587493896484,3388.0,17.527982711791992,736.0,0.0,0.0,1.7861396074295044,75.0,0.0,0.0,14.582663536071777,23.016876220703125,13.05579948425293,13.05579948425293,0.05524677038192749,0.28803113102912903,79.1855239868164,3325.0,19.004526138305664,798.0,0.0,0.0,1.8099548816680908,76.0,0.0,0.0,0.21428571428571427,0.30701756477355957,0.26998746395111084,0.22662906348705292,0.19636592268943787
5,0.26261975387468284,12.840887069702148,20.162046432495117,11.527765274047852,11.527765274047852,0.27958017587661743,0.5317509770393372,83.19837951660156,13974.0,15.140509605407715,2543.0,0.0,0.0,1.6611096858978271,279.0,0.0,0.0,10.569047927856445,16.11498260498047,9.567758560180664,9.567758560180664,0.542599081993103,0.7384650707244873,88.18766784667969,3703.0,10.431055068969727,438.0,0.0,0.0,1.3812812566757202,58.0,0.0,0.0,12.664977073669434,19.611652374267578,11.389005661010742,11.389005661010742,0.3205755352973938,0.5677591562271118,83.63896179199219,3512.0,14.670159339904785,616.0,0.0,0.0,1.6908787488937378,71.0,0.0,0.0,13.720855712890625,21.558202743530273,12.295969009399414,12.295969009399414,0.1736963391304016,0.4297390282154083,81.28125762939453,3413.0,16.956418991088867,712.0,0.0,0.0,1.762324333190918,74.0,0.0,0.0,14.408666610717773,22.736900329589844,12.858329772949219,12.858329772949219,0.0780908465385437,0.31881189346313477,79.68563842773438,3346.0,18.504405975341797,777.0,0.0,0.0,1.8099548816680908,76.0,0.0,0.0,0.2857142857142857,0.2982456088066101,0.2655388414859772,0.22994986176490784,0.2062656730413437
6,0.2527808197874724,12.611856460571289,19.76165771484375,11.295855522155762,11.295855522155762,0.3079090118408203,0.5573572516441345,83.68063354492188,14055.0,14.682065963745117,2466.0,0.0,0.0,1.6372945308685303,275.0,0.0,0.0,10.105903625488281,15.269011497497559,9.141556739807129,9.141556739807129,0.5893620252609253,0.7710592150688171,89.21171569824219,3746.0,9.502263069152832,399.0,0.0,0.0,1.2860205173492432,54.0,0.0,0.0,12.426900863647461,19.134584426879883,11.144960403442383,11.144960403442383,0.3532285690307617,0.595890998840332,83.71041107177734,3515.0,14.598713874816895,613.0,0.0,0.0,1.6908787488937378,71.0,0.0,0.0,13.588421821594238,21.283979415893555,12.148155212402344,12.148155212402344,0.19458401203155518,0.4514239728450775,81.80519104003906,3435.0,16.432483673095703,690.0,0.0,0.0,1.762324333190918,74.0,0.0,0.0,14.32619571685791,22.578962326049805,12.748750686645508,12.748750686645508,0.09085416793823242,0.33463791012763977,79.9952392578125,3359.0,18.194808959960938,764.0,0.0,0.0,1.8099548816680908,76.0,0.0,0.0,0.35714285714285715,0.28947368264198303,0.2610902190208435,0.23327067494392395,0.2161654233932495
7,0.24296914302872977,12.373066902160645,19.370668411254883,11.083331108093262,11.083331108093262,0.3350244164466858,0.5807051658630371,84.2283935546875,14147.0,14.158132553100586,2378.0,0.0,0.0,1.613479495048523,271.0,0.0,0.0,9.614084243774414,14.41005802154541,8.721879005432129,8.721879005432129,0.6342630982398987,0.801020622253418,90.28340148925781,3791.0,8.45439338684082,355.0,0.0,0.0,1.2622052431106567,53.0,0.0,0.0,12.185141563415527,18.68350601196289,10.93404769897461,10.93404769897461,0.38336312770843506,0.62050461769104,84.28196716308594,3539.0,14.098594665527344,592.0,0.0,0.0,1.6194332838058472,68.0,0.0,0.0,13.448765754699707,21.016836166381836,12.012359619140625,12.012359619140625,0.21467524766921997,0.47109851241111755,82.09097290039062,3447.0,16.14670181274414,678.0,0.0,0.0,1.762324333190918,74.0,0.0,0.0,14.244277000427246,22.415632247924805,12.6650390625,12.6650390625,0.10395956039428711,0.3504697382450104,80.2572021484375,3370.0,17.93284034729004,753.0,0.0,0.0,1.8099548816680908,76.0,0.0,0.0,0.42857142857142855,0.28070175647735596,0.25664159655570984,0.23659147322177887,0.22606515884399414
8,0.23615276526228526,12.129220008850098,19.025222778320312,10.870399475097656,10.870399475097656,0.3585306406021118,0.600459098815918,84.6749267578125,14222.0,13.705643653869629,2302.0,0.0,0.0,1.6194332838058472,272.0,0.0,0.0,9.164690971374512,13.634583473205566,8.344496726989746,8.344496726989746,0.6725680828094482,0.8252055644989014,91.37889862060547,3837.0,7.3827104568481445,310.0,0.0,0.0,1.2383900880813599,52.0,0.0,0.0,11.937830924987793,18.28609848022461,10.714223861694336,10.714223861694336,0.40931636095046997,0.6413573622703552,84.59156799316406,3552.0,13.765181541442871,578.0,0.0,0.0,1.643248438835144,69.0,0.0,0.0,13.295933723449707,20.787139892578125,11.870315551757812,11.870315551757812,0.2317473292350769,0.4872882068157196,82.21005249023438,3452.0,16.003808975219727,672.0,0.0,0.0,1.7861396074295044,75.0,0.0,0.0,14.11842155456543,22.258655548095703,12.552560806274414,12.552560806274414,0.11646556854248047,0.3639887869358063,80.51917266845703,3381.0,17.670873641967773,742.0,0.0,0.0,1.8099548816680908,76.0,0.0,0.0,0.5,0.2719298303127289,0.25219297409057617,0.2399122714996338,0.23596492409706116
9,0.23014496073437823,11.980692863464355,18.764423370361328,10.725053787231445,10.725053787231445,0.3759967088699341,0.6150615811347961,84.99047088623047,14275.0,13.413908004760742,2253.0,0.0,0.0,1.5956180095672607,268.0,0.0,0.0,8.822649002075195,13.0223970413208,8.045523643493652,8.045523643493652,0.7013110518455505,0.8431193232536316,92.14098358154297,3869.0,6.62062406539917,278.0,0.0,0.0,1.2383900880813599,52.0,0.0,0.0,11.783834457397461,17.97064781188965,10.558175086975098,10.558175086975098,0.4295201301574707,0.6573653817176819,84.73445892333984,3558.0,13.669921875,574.0,0.0,0.0,1.5956180095672607,67.0,0.0,0.0,13.226350784301758,20.614120483398438,11.790122032165527,11.790122032165527,0.24448317289352417,0.5001618266105652,82.40057373046875,3460.0,15.860919952392578,666.0,0.0,0.0,1.738509178161621,73.0,0.0,0.0,14.089936256408691,22.15728759765625,12.50639533996582,12.50639533996582,0.12449467182159424,0.3751658499240875,80.68587493896484,3388.0,17.504167556762695,735.0,0.0,0.0,1.8099548816680908,76.0,0.0,0.0,0.5714285714285714,0.2631579041481018,0.2477443516254425,0.2432330846786499,0.24586467444896698
10,0.22754051396640926,11.829073905944824,18.528366088867188,10.596117973327637,10.596117973327637,0.3915979266166687,0.6273710131645203,85.22267150878906,14314.0,13.193617820739746,2216.0,0.0,0.0,1.5837105512619019,266.0,0.0,0.0,8.552801132202148,12.531004905700684,7.830934047698975,7.830934047698975,0.723427414894104,0.8558743000030518,92.64110565185547,3890.0,6.168135166168213,259.0,0.0,0.0,1.1907596588134766,50.0,0.0,0.0,11.635848999023438,17.684934616088867,10.438232421875,10.438232421875,0.44751596450805664,0.6707704663276672,84.99642944335938,3569.0,13.407954216003418,563.0,0.0,0.0,1.5956180095672607,67.0,0.0,0.0,13.122246742248535,20.434965133666992,11.693303108215332,11.693303108215332,0.25755834579467773,0.5119875073432922,82.5196533203125,3465.0,15.741843223571777,661.0,0.0,0.0,1.738509178161621,73.0,0.0,0.0,14.005401611328125,22.04156494140625,12.422004699707031,12.422004699707031,0.13361597061157227,0.3846108913421631,80.73350524902344,3390.0,17.4565372467041,733.0,0.0,0.0,1.8099548816680908,76.0,0.0,0.0,0.6428571428571429,0.25438597798347473,0.24329572916030884,0.24655388295650482,0.2557644248008728
11,0.22453673318509132,11.730834007263184,18.383319854736328,10.52453899383545,10.52453899383545,0.40108615159988403,0.6345967054367065,85.4846420288086,14358.0,12.93165111541748,2172.0,0.0,0.0,1.5837105512619019,266.0,0.0,0.0,8.362586975097656,12.221868515014648,7.683288097381592,7.683288097381592,0.7369050979614258,0.8631079792976379,93.14122009277344,3911.0,5.668015956878662,238.0,0.0,0.0,1.1907596588134766,50.0,0.0,0.0,11.544537544250488,17.504880905151367,10.37785816192627,10.37785816192627,0.45870864391326904,0.6787520051002502,85.32984161376953,3583.0,13.074541091918945,549.0,0.0,0.0,1.5956180095672607,67.0,0.0,0.0,13.057745933532715,20.32628631591797,11.64645004272461,11.64645004272461,0.2654343247413635,0.5190721750259399,82.66254425048828,3471.0,15.598953247070312,655.0,0.0,0.0,1.738509178161621,73.0,0.0,0.0,13.958473205566406,21.973459243774414,12.390555381774902,12.390555381774902,0.13896167278289795,0.3903493881225586,80.8049545288086,3393.0,17.38509178161621,730.0,0.0,0.0,1.8099548816680908,76.0,0.0,0.0,0.7142857142857143,0.24561403691768646,0.23884710669517517,0.24987469613552094,0.26566416025161743
12,0.22271899203195517,11.706780433654785,18.329387664794922,10.489656448364258,10.489656448364258,0.40459519624710083,0.6377224326133728,85.47273254394531,14356.0,12.949511528015137,2175.0,0.0,0.0,1.5777565240859985,265.0,0.0,0.0,8.268491744995117,12.046477317810059,7.591038703918457,7.591038703918457,0.7444020509719849,0.8676156401634216,93.26029968261719,3916.0,5.572755336761475,234.0,0.0,0.0,1.1669445037841797,49.0,0.0,0.0,11.520648956298828,17.418498992919922,10.343660354614258,10.343660354614258,0.4640376567840576,0.6830716133117676,85.23458099365234,3579.0,13.16980266571045,553.0,0.0,0.0,1.5956180095672607,67.0,0.0,0.0,13.061052322387695,20.299789428710938,11.631325721740723,11.631325721740723,0.2673482298851013,0.5213907957077026,82.5196533203125,3465.0,15.741843223571777,661.0,0.0,0.0,1.738509178161621,73.0,0.0,0.0,13.976932525634766,21.983232498168945,12.392597198486328,12.392597198486328,0.13819557428359985,0.389731764793396,80.87639617919922,3396.0,17.31364631652832,727.0,0.0,0.0,1.8099548816680908,76.0,0.0,0.0,0.7857142857142857,0.23684212565422058,0.2343984991312027,0.25319552421569824,0.27556392550468445
13,0.22411401737233946,11.68846321105957,18.28954315185547,10.476971626281738,10.476971626281738,0.4071808457374573,0.6398695111274719,85.58585357666016,14375.0,12.824481964111328,2154.0,0.0,0.0,1.5896642208099365,267.0,0.0,0.0,8.196307182312012,11.922710418701172,7.530981063842773,7.530981063842773,0.7496271133422852,0.8704610466957092,93.45082092285156,3924.0,5.382233619689941,226.0,0.0,0.0,1.1669445037841797,49.0,0.0,0.0,11.499530792236328,17.363161087036133,10.326581001281738,10.326581001281738,0.467437744140625,0.6857311129570007,85.28221130371094,3581.0,13.122172355651855,551.0,0.0,0.0,1.5956180095672607,67.0,0.0,0.0,13.064452171325684,20.269493103027344,11.640486717224121,11.640486717224121,0.26953351497650146,0.5233078002929688,82.54346466064453,3466.0,15.670397758483887,658.0,0.0,0.0,1.7861396074295044,75.0,0.0,0.0,13.993558883666992,21.989700317382812,12.409838676452637,12.409838676452637,0.13768839836120605,0.3889600336551666,81.0669174194336,3404.0,17.123123168945312,719.0,0.0,0.0,1.8099548816680908,76.0,0.0,0.0,0.8571428571428571,0.22807016968727112,0.22994986176490784,0.25651630759239197,0.2854636609554291
14,0.22258988042031566,11.679970741271973,18.302738189697266,10.462071418762207,10.462071418762207,0.40632522106170654,0.639358401298523,85.57990264892578,14374.0,12.836389541625977,2156.0,0.0,0.0,1.5837105512619019,266.0,0.0,0.0,8.152263641357422,11.877731323242188,7.4820661544799805,7.4820661544799805,0.7515126466751099,0.8710041046142578,93.7127914428711,3935.0,5.144082069396973,216.0,0.0,0.0,1.1431293487548828,48.0,0.0,0.0,11.481077194213867,17.36870002746582,10.301318168640137,10.301318168640137,0.4670978784561157,0.6853634715080261,85.21076202392578,3578.0,13.16980266571045,553.0,0.0,0.0,1.6194332838058472,68.0,0.0,0.0,13.073740005493164,20.29743194580078,11.640031814575195,11.640031814575195,0.2675182819366455,0.5223805904388428,82.5196533203125,3465.0,15.694212913513184,659.0,0.0,0.0,1.7861396074295044,75.0,0.0,0.0,14.012799263000488,22.027774810791016,12.42486572265625,12.42486572265625,0.13469964265823364,0.387965589761734,80.87639617919922,3396.0,17.337461471557617,728.0,0.0,0.0,1.7861396074295044,75.0,0.0,0.0,0.9285714285714286,0.21929824352264404,0.22550123929977417,0.2598370909690857,0.2953633964061737
15,0.22215200759880457,11.69162654876709,18.29860496520996,10.467514038085938,10.467514038085938,0.40659332275390625,0.6396496891975403,85.59776306152344,14377.0,12.830436706542969,2155.0,0.0,0.0,1.5718028545379639,264.0,0.0,0.0,8.123929977416992,11.81772232055664,7.458040237426758,7.458040237426758,0.7540171146392822,0.8720325231552124,93.83186340332031,3940.0,5.025006294250488,211.0,0.0,0.0,1.1431293487548828,48.0,0.0,0.0,11.492951393127441,17.354360580444336,10.312385559082031,10.312385559082031,0.46797746419906616,0.6859049201011658,85.21076202392578,3578.0,13.16980266571045,553.0,0.0,0.0,1.6194332838058472,68.0,0.0,0.0,13.105341911315918,20.306140899658203,11.660989761352539,11.660989761352539,0.2668895721435547,0.522047221660614,82.5672836303711,3467.0,15.694212913513184,659.0,0.0,0.0,1.738509178161621,73.0,0.0,0.0,14.044281959533691,22.049579620361328,12.438645362854004,12.438645362854004,0.13298571109771729,0.38681864738464355,80.78113555908203,3392.0,17.432722091674805,732.0,0.0,0.0,1.7861396074295044,75.0,0.0,0.0,1.0,0.21052631735801697,0.2210526168346405,0.2631579041481018,0.3052631616592407
16,0.2207329323441073,11.719826698303223,18.31583023071289,10.50374984741211,10.50374984741211,0.40547555685043335,0.6386268138885498,85.57990264892578,14374.0,12.8423433303833,2157.0,0.0,0.0,1.5777565240859985,265.0,0.0,0.0,8.111340522766113,11.77552604675293,7.459584712982178,7.459584712982178,0.7557705640792847,0.8727880716323853,93.90331268310547,3943.0,4.9535603523254395,208.0,0.0,0.0,1.1431293487548828,48.0,0.0,0.0,11.521621704101562,17.35597038269043,10.350452423095703,10.350452423095703,0.46787869930267334,0.6857116222381592,85.23458099365234,3579.0,13.145987510681152,552.0,0.0,0.0,1.6194332838058472,68.0,0.0,0.0,13.145756721496582,20.337177276611328,11.705944061279297,11.705944061279297,0.2646469473838806,0.5198879241943359,82.61491394042969,3469.0,15.622767448425293,656.0,0.0,0.0,1.762324333190918,74.0,0.0,0.0,14.100587844848633,22.099435806274414,12.49901008605957,12.49901008605957,0.1290605068206787,0.3823533058166504,80.56680297851562,3383.0,17.647058486938477,741.0,0.0,0.0,1.7861396074295044,75.0,0.0,0.0,1.0,0.21052631735801697,0.2210526168346405,0.2631579041481018,0.3052631616592407
17,0.2186451163531707,11.742453575134277,18.34161376953125,10.523712158203125,10.523712158203125,0.4038006067276001,0.6372458934783936,85.50845336914062,14362.0,12.907835960388184,2168.0,0.0,0.0,1.5837105512619019,266.0,0.0,0.0,8.089884757995605,11.743330001831055,7.434834003448486,7.434834003448486,0.7571042776107788,0.8735252618789673,93.8794937133789,3942.0,4.977375507354736,209.0,0.0,0.0,1.1431293487548828,48.0,0.0,0.0,11.536250114440918,17.3685245513916,10.363679885864258,10.363679885864258,0.4671086072921753,0.6850733160972595,85.21076202392578,3578.0,13.193617820739746,554.0,0.0,0.0,1.5956180095672607,67.0,0.0,0.0,13.192093849182129,20.375085830688477,11.749591827392578,11.749591827392578,0.26190298795700073,0.5171866416931152,82.42438507080078,3461.0,15.789472579956055,663.0,0.0,0.0,1.7861396074295044,75.0,0.0,0.0,14.151582717895508,22.15724754333496,12.546745300292969,12.546745300292969,0.12449783086776733,0.3775393068790436,80.51917266845703,3381.0,17.670873641967773,742.0,0.0,0.0,1.8099548816680908,76.0,0.0,0.0,1.0,0.21052631735801697,0.2210526168346405,0.2631579041481018,0.3052631616592407
18,0.21798027344966975,11.750192642211914,18.35274887084961,10.531731605529785,10.531731605529785,0.40307652950286865,0.6366263628005981,85.4846420288086,14358.0,12.943558692932129,2174.0,0.0,0.0,1.5718028545379639,264.0,0.0,0.0,8.037351608276367,11.69455337524414,7.387733459472656,7.387733459472656,0.759117841720581,0.8746042251586914,93.95094299316406,3945.0,4.905930042266846,206.0,0.0,0.0,1.1431293487548828,48.0,0.0,0.0,11.535928726196289,17.37002944946289,10.361777305603027,10.361777305603027,0.4670162796974182,0.6848742365837097,85.21076202392578,3578.0,13.217432975769043,555.0,0.0,0.0,1.5718028545379639,66.0,0.0,0.0,13.226910591125488,20.407800674438477,11.781817436218262,11.781817436218262,0.2595309019088745,0.5152251720428467,82.40057373046875,3460.0,15.813289642333984,664.0,0.0,0.0,1.7861396074295044,75.0,0.0,0.0,14.200582504272461,22.188613891601562,12.595600128173828,12.595600128173828,0.12201732397079468,0.3752821385860443,80.37628173828125,3375.0,17.837581634521484,749.0,0.0,0.0,1.7861396074295044,75.0,0.0,0.0,1.0,0.21052631735801697,0.2210526168346405,0.2631579041481018,0.3052631616592407
19,0.21552875093422985,11.761537551879883,18.344738006591797,10.542919158935547,10.542919158935547,0.4035974144935608,0.637013852596283,85.4846420288086,14358.0,12.937603950500488,2173.0,0.0,0.0,1.5777565240859985,265.0,0.0,0.0,8.025219917297363,11.649149894714355,7.368268966674805,7.368268966674805,0.7609846591949463,0.8758277893066406,94.02238464355469,3948.0,4.834484100341797,203.0,0.0,0.0,1.1431293487548828,48.0,0.0,0.0,11.540316581726074,17.34994888305664,10.367201805114746,10.367201805114746,0.4682478904724121,0.6858456134796143,85.35365295410156,3584.0,13.050725936889648,548.0,0.0,0.0,1.5956180095672607,67.0,0.0,0.0,13.250076293945312,20.404863357543945,11.809603691101074,11.809603691101074,0.25974398851394653,0.5151445269584656,82.3291244506836,3457.0,15.884735107421875,667.0,0.0,0.0,1.7861396074295044,75.0,0.0,0.0,14.230536460876465,22.204408645629883,12.626605987548828,12.626605987548828,0.12076693773269653,0.3736688792705536,80.23339080810547,3369.0,17.980470657348633,755.0,0.0,0.0,1.7861396074295044,75.0,0.0,0.0,1.0,0.21052631735801697,0.2210526168346405,0.2631579041481018,0.3052631616592407
20,0.214100911172789,11.77336597442627,18.36507797241211,10.550750732421875,10.550750732421875,0.4022742509841919,0.636204719543457,85.44891357421875,14352.0,12.985234260559082,2181.0,0.0,0.0,1.5658490657806396,263.0,0.0,0.0,8.002474784851074,11.617903709411621,7.341310501098633,7.341310501098633,0.762265145778656,0.8762171864509583,94.04619598388672,3949.0,4.834484100341797,203.0,0.0,0.0,1.119314193725586,47.0,0.0,0.0,11.544207572937012,17.359651565551758,10.366762161254883,10.366762161254883,0.46765297651290894,0.6854123473167419,85.30602264404297,3582.0,13.122172355651855,551.0,0.0,0.0,1.5718028545379639,66.0,0.0,0.0,13.279520034790039,20.443870544433594,11.832282066345215,11.832282066345215,0.2569109797477722,0.5132991671562195,82.3291244506836,3457.0,15.884735107421875,667.0,0.0,0.0,1.7861396074295044,75.0,0.0,0.0,14.26726245880127,22.244531631469727,12.662651062011719,12.662651062011719,0.11758649349212646,0.3710225522518158,80.11431121826172,3364.0,18.09954833984375,760.0,0.0,0.0,1.7861396074295044,75.0,0.0,0.0,1.0,0.21052631735801697,0.2210526168346405,0.2631579041481018,0.3052631616592407
21,0.2131351936248041,11.79143238067627,18.387699127197266,10.569581031799316,10.569581031799316,0.40080076456069946,0.6349550485610962,85.40724182128906,14345.0,13.032865524291992,2189.0,0.0,0.0,1.5598951578140259,262.0,0.0,0.0,7.986000061035156,11.598291397094727,7.3321146965026855,7.3321146965026855,0.7630671262741089,0.8766364455223083,94.02238464355469,3948.0,4.858299732208252,204.0,0.0,0.0,1.119314193725586,47.0,0.0,0.0,11.556530952453613,17.375078201293945,10.382129669189453,10.382129669189453,0.46670639514923096,0.6845817565917969,85.37747192382812,3585.0,13.074541091918945,549.0,0.0,0.0,1.5479875802993774,65.0,0.0,0.0,13.307291984558105,20.475683212280273,11.856521606445312,11.856521606445312,0.2545965909957886,0.5112444758415222,82.18623352050781,3451.0,16.027624130249023,673.0,0.0,0.0,1.7861396074295044,75.0,0.0,0.0,14.315901756286621,22.28817367553711,12.707555770874023,12.707555770874023,0.1141207218170166,0.36732640862464905,80.0428695678711,3361.0,18.17099380493164,763.0,0.0,0.0,1.7861396074295044,75.0,0.0,0.0,1.0,0.21052631735801697,0.2210526168346405,0.2631579041481018,0.3052631616592407
step,fold2/test_loss,fold2/test_mae,fold2/test_rmse,fold2/test_mard,fold2/test_mape,fold2/test_r2,fold2/test_pearson,fold2/test_ega_zone_a_pct,fold2/test_ega_zone_a_count,fold2/test_ega_zone_b_pct,fold2/test_ega_zone_b_count,fold2/test_ega_zone_c_pct,fold2/test_ega_zone_c_count,fold2/test_ega_zone_d_pct,fold2/test_ega_zone_d_count,fold2/test_ega_zone_e_pct,fold2/test_ega_zone_e_count,fold2/test_horizon_15_mae,fold2/test_horizon_15_rmse,fold2/test_horizon_15_mard,fold2/test_horizon_15_mape,fold2/test_horizon_15_r2,fold2/test_horizon_15_pearson,fold2/test_horizon_15_ega_zone_a_pct,fold2/test_horizon_15_ega_zone_a_count,fold2/test_horizon_15_ega_zone_b_pct,fold2/test_horizon_15_ega_zone_b_count,fold2/test_horizon_15_ega_zone_c_pct,fold2/test_horizon_15_ega_zone_c_count,fold2/test_horizon_15_ega_zone_d_pct,fold2/test_horizon_15_ega_zone_d_count,fold2/test_horizon_15_ega_zone_e_pct,fold2/test_horizon_15_ega_zone_e_count,fold2/test_horizon_30_mae,fold2/test_horizon_30_rmse,fold2/test_horizon_30_mard,fold2/test_horizon_30_mape,fold2/test_horizon_30_r2,fold2/test_horizon_30_pearson,fold2/test_horizon_30_ega_zone_a_pct,fold2/test_horizon_30_ega_zone_a_count,fold2/test_horizon_30_ega_zone_b_pct,fold2/test_horizon_30_ega_zone_b_count,fold2/test_horizon_30_ega_zone_c_pct,fold2/test_horizon_30_ega_zone_c_count,fold2/test_horizon_30_ega_zone_d_pct,fold2/test_horizon_30_ega_zone_d_count,fold2/test_horizon_30_ega_zone_e_pct,fold2/test_horizon_30_ega_zone_e_count,fold2/test_horizon_45_mae,fold2/test_horizon_45_rmse,fold2/test_horizon_45_mard,fold2/test_horizon_45_mape,fold2/test_horizon_45_r2,fold2/test_horizon_45_pearson,fold2/test_horizon_45_ega_zone_a_pct,fold2/test_horizon_45_ega_zone_a_count,fold2/test_horizon_45_ega_zone_b_pct,fold2/test_horizon_45_ega_zone_b_count,fold2/test_horizon_45_ega_zone_c_pct,fold2/test_horizon_45_ega_zone_c_count,fold2/test_horizon_45_ega_zone_d_pct,fold2/test_horizon_45_ega_zone_d_count,fold2/test_horizon_45_ega_zone_e_pct,fold2/test_horizon_45_ega_zone_e_count,fold2/test_horizon_60_mae,fold2/test_horizon_60_rmse,fold2/test_horizon_60_mard,fold2/test_horizon_60_mape,fold2/test_horizon_60_r2,fold2/test_horizon_60_pearson,fold2/test_horizon_60_ega_zone_a_pct,fold2/test_horizon_60_ega_zone_a_count,fold2/test_horizon_60_ega_zone_b_pct,fold2/test_horizon_60_ega_zone_b_count,fold2/test_horizon_60_ega_zone_c_pct,fold2/test_horizon_60_ega_zone_c_count,fold2/test_horizon_60_ega_zone_d_pct,fold2/test_horizon_60_ega_zone_d_count,fold2/test_horizon_60_ega_zone_e_pct,fold2/test_horizon_60_ega_zone_e_count
0,0.3897438113934222,13.529854774475098,18.4384708404541,10.123941421508789,10.123941421508789,0.1355053186416626,0.5909284353256226,86.89241027832031,6364.0,13.10759162902832,960.0,0.0,0.0,0.0,0.0,0.0,0.0,8.663551330566406,11.532210350036621,6.612536430358887,6.612536430358887,0.6604225635528564,0.8538236618041992,97.21463775634766,1780.0,2.78536319732666,51.0,0.0,0.0,0.0,0.0,0.0,0.0,13.297025680541992,17.97687339782715,10.005789756774902,10.005789756774902,0.17634904384613037,0.5996751189231873,87.93009185791016,1610.0,12.069907188415527,221.0,0.0,0.0,0.0,0.0,0.0,0.0,15.59742259979248,20.844036102294922,11.620013236999512,11.620013236999512,-0.10342693328857422,0.4539603888988495,81.75859832763672,1497.0,18.241397857666016,334.0,0.0,0.0,0.0,0.0,0.0,0.0,16.561424255371094,21.662755966186523,12.257427215576172,12.257427215576172,-0.18709731101989746,0.4282057285308838,80.66630554199219,1477.0,19.333698272705078,354.0,0.0,0.0,0.0,0.0,0.0,0.0
step,fold3/train_loss,fold3/val_mae,fold3/val_rmse,fold3/val_mard,fold3/val_mape,fold3/val_r2,fold3/val_pearson,fold3/val_ega_zone_a_pct,fold3/val_ega_zone_a_count,fold3/val_ega_zone_b_pct,fold3/val_ega_zone_b_count,fold3/val_ega_zone_c_pct,fold3/val_ega_zone_c_count,fold3/val_ega_zone_d_pct,fold3/val_ega_zone_d_count,fold3/val_ega_zone_e_pct,fold3/val_ega_zone_e_count,fold3/val_horizon_15_mae,fold3/val_horizon_15_rmse,fold3/val_horizon_15_mard,fold3/val_horizon_15_mape,fold3/val_horizon_15_r2,fold3/val_horizon_15_pearson,fold3/val_horizon_15_ega_zone_a_pct,fold3/val_horizon_15_ega_zone_a_count,fold3/val_horizon_15_ega_zone_b_pct,fold3/val_horizon_15_ega_zone_b_count,fold3/val_horizon_15_ega_zone_c_pct,fold3/val_horizon_15_ega_zone_c_count,fold3/val_horizon_15_ega_zone_d_pct,fold3/val_horizon_15_ega_zone_d_count,fold3/val_horizon_15_ega_zone_e_pct,fold3/val_horizon_15_ega_zone_e_count,fold3/val_horizon_30_mae,fold3/val_horizon_30_rmse,fold3/val_horizon_30_mard,fold3/val_horizon_30_mape,fold3/val_horizon_30_r2,fold3/val_horizon_30_pearson,fold3/val_horizon_30_ega_zone_a_pct,fold3/val_horizon_30_ega_zone_a_count,fold3/val_horizon_30_ega_zone_b_pct,fold3/val_horizon_30_ega_zone_b_count,fold3/val_horizon_30_ega_zone_c_pct,fold3/val_horizon_30_ega_zone_c_count,fold3/val_horizon_30_ega_zone_d_pct,fold3/val_horizon_30_ega_zone_d_count,fold3/val_horizon_30_ega_zone_e_pct,fold3/val_horizon_30_ega_zone_e_count,fold3/val_horizon_45_mae,fold3/val_horizon_45_rmse,fold3/val_horizon_45_mard,fold3/val_horizon_45_mape,fold3/val_horizon_45_r2,fold3/val_horizon_45_pearson,fold3/val_horizon_45_ega_zone_a_pct,fold3/val_horizon_45_ega_zone_a_count,fold3/val_horizon_45_ega_zone_b_pct,fold3/val_horizon_45_ega_zone_b_count,fold3/val_horizon_45_ega_zone_c_pct,fold3/val_horizon_45_ega_zone_c_count,fold3/val_horizon_45_ega_zone_d_pct,fold3/val_horizon_45_ega_zone_d_count,fold3/val_horizon_45_ega_zone_e_pct,fold3/val_horizon_45_ega_zone_e_count,fold3/val_horizon_60_mae,fold3/val_horizon_60_rmse,fold3/val_horizon_60_mard,fold3/val_horizon_60_mape,fold3/val_horizon_60_r2,fold3/val_horizon_60_pearson,fold3/val_horizon_60_ega_zone_a_pct,fold3/val_horizon_60_ega_zone_a_count,fold3/val_horizon_60_ega_zone_b_pct,fold3/val_horizon_60_ega_zone_b_count,fold3/val_horizon_60_ega_zone_c_pct,fold3/val_horizon_60_ega_zone_c_count,fold3/val_horizon_60_ega_zone_d_pct,fold3/val_horizon_60_ega_zone_d_count,fold3/val_horizon_60_ega_zone_e_pct,fold3/val_horizon_60_ega_zone_e_count,fold3/diag_horizon_curriculum_progress,fold3/diag_loss_horizon_weight_0,fold3/diag_loss_horizon_weight_1,fold3/diag_loss_horizon_weight_2,fold3/diag_loss_horizon_weight_3
1,0.3768587592165752,14.776511192321777,21.907941818237305,11.608173370361328,11.608173370361328,0.11288011074066162,0.41782650351524353,81.7367172241211,17969.0,17.781112670898438,3909.0,0.0,0.0,0.48216885328292847,106.0,0.0,0.0,13.514138221740723,20.12205696105957,10.660856246948242,10.660856246948242,0.25070828199386597,0.5651470422744751,84.20669555664062,4628.0,15.374818801879883,845.0,0.0,0.0,0.41848617792129517,23.0,0.0,0.0,14.503482818603516,21.551427841186523,11.374320983886719,11.374320983886719,0.1415250301361084,0.4575918912887573,81.8231430053711,4497.0,17.703784942626953,973.0,0.0,0.0,0.47307130694389343,26.0,0.0,0.0,15.421025276184082,22.914173126220703,12.047048568725586,12.047048568725586,0.030108630657196045,0.32180055975914,80.71324920654297,4436.0,18.759098052978516,1031.0,0.0,0.0,0.5276564955711365,29.0,0.0,0.0,15.66739559173584,22.921852111816406,12.350465774536133,12.350465774536133,0.02944326400756836,0.30922266840934753,80.20378112792969,4408.0,19.286754608154297,1060.0,0.0,0.0,0.5094614624977112,28.0,0.0,0.0,0.0,0.3333333432674408,0.28333333134651184,0.21666665375232697,0.1666666716337204
2,0.34458016574640205,15.073256492614746,27.797679901123047,11.878059387207031,11.878059387207031,-0.4282238483428955,0.2533378601074219,82.76473999023438,18195.0,16.330059051513672,3590.0,0.4685225486755371,103.0,0.43668124079704285,96.0,0.0,0.0,14.281464576721191,31.310712814331055,11.314471244812012,11.314471244812012,-0.8142292499542236,0.2878541946411133,85.26200866699219,4686.0,13.846433639526367,761.0,0.5640465617179871,31.0,0.32751092314720154,18.0,0.0,0.0,15.002025604248047,28.424724578857422,11.831350326538086,11.831350326538086,-0.49337220191955566,0.25718754529953003,83.0422134399414,4564.0,16.02983856201172,881.0,0.5094614624977112,28.0,0.41848617792129517,23.0,0.0,0.0,15.45217514038086,26.605304718017578,12.152281761169434,12.152281761169434,-0.30752861499786377,0.23794670403003693,81.62300109863281,4486.0,17.430858612060547,958.0,0.4548763036727905,25.0,0.4912663698196411,27.0,0.0,0.0,15.55735969543457,24.385982513427734,12.214134216308594,12.214134216308594,-0.09850502014160156,0.2484266459941864,81.13172912597656,4459.0,18.013099670410156,990.0,0.34570595622062683,19.0,0.5094614624977112,28.0,0.0,0.0,0.07142857142857142,0.3245614171028137,0.2788847088813782,0.21998745203018188,0.17656642198562622
3,0.31799727395720984,16.86200523376465,55.3661003112793,13.353029251098633,13.353029251098633,-4.665875434875488,0.1503085345029831,83.94286346435547,18454.0,15.051856994628906,3309.0,0.6277292370796204,138.0,0.3775472939014435,83.0,0.0,0.0,16.165191650390625,66.0501708984375,12.860894203186035,12.860894203186035,-7.073355674743652,0.17790406942367554,87.5,4809.0,11.644832611083984,640.0,0.6550218462944031,36.0,0.20014555752277374,11.0,0.0,0.0,17.086610794067383,59.93967056274414,13.556612968444824,13.556612968444824,-5.640552997589111,0.14885492622852325,84.38864135742188,4638.0,14.610626220703125,803.0,0.636826753616333,35.0,0.3639010190963745,20.0,0.0,0.0,17.09269905090332,49.66266632080078,13.516203880310059,13.516203880310059,-3.555905818939209,0.14034004509449005,82.6965103149414,4545.0,16.2299861907959,892.0,0.6186317205429077,34.0,0.4548763036727905,25.0,0.0,0.0,17.103511810302734,42.89349365234375,13.47840404510498,13.47840404510498,-2.3986334800720215,0.13372451066970825,81.18631744384766,4462.0,17.72197914123535,974.0,0.6004366874694824,33.0,0.4912663698196411,27.0,0.0,0.0,0.14285714285714285,0.31578949093818665,0.2744360864162445,0.223308265209198,0.18646617233753204
4,0.2868021202932211,14.59881591796875,38.43500900268555,11.573685646057129,11.573685646057129,-1.7304432392120361,0.24761494994163513,86.57659912109375,19033.0,12.495450973510742,2747.0,0.5731440782546997,126.0,0.35480350255966187,78.0,0.0,0.0,12.803459167480469,42.74006271362305,10.219776153564453,10.219776153564453,-2.3804657459259033,0.3042723834514618,91.26637268066406,5016.0,7.914847373962402,435.0,0.6186317205429077,34.0,0.20014555752277374,11.0,0.0,0.0,14.696131706237793,41.968231201171875,11.671411514282227,11.671411514282227,-2.255493402481079,0.24070784449577332,86.8995590209961,4776.0,12.19068431854248,670.0,0.5822416543960571,32.0,0.32751092314720154,18.0,0.0,0.0,15.409075736999512,37.054718017578125,12.193528175354004,12.193528175354004,-1.5363068580627441,0.21879571676254272,84.75254821777344,4658.0,14.228529930114746,782.0,0.5822416543960571,32.0,0.43668124079704285,24.0,0.0,0.0,15.486595153808594,30.788021087646484,12.210026741027832,12.210026741027832,-0.7509957551956177,0.22677527368068695,83.3879165649414,4583.0,15.647743225097656,860.0,0.5094614624977112,28.0,0.4548763036727905,25.0,0.0,0.0,0.21428571428571427,0.30701756477355957,0.26998746395111084,0.22662906348705292,0.19636592268943787
5,0.27012542821540053,13.010024070739746,25.00815200805664,10.308211326599121,10.308211326599121,-0.15595877170562744,0.4166479706764221,87.95942687988281,19337.0,11.230895042419434,2469.0,0.4639737904071808,102.0,0.34570595622062683,76.0,0.0,0.0,10.502763748168945,23.33355712890625,8.392311096191406,8.392311096191406,-0.007553577423095703,0.5439205169677734,93.3224105834961,5129.0,6.004366874694824,330.0,0.4912663698196411,27.0,0.18195050954818726,10.0,0.0,0.0,12.974084854125977,27.005617141723633,10.300345420837402,10.300345420837402,-0.34798097610473633,0.39863890409469604,88.39156341552734,4858.0,10.753275871276855,591.0,0.5094614624977112,28.0,0.34570595622062683,19.0,0.0,0.0,14.145563125610352,26.348283767700195,11.184015274047852,11.184015274047852,-0.28238773345947266,0.34727340936660767,85.64410400390625,4707.0,13.427947044372559,738.0,0.4912663698196411,27.0,0.43668124079704285,24.0,0.0,0.0,14.41768741607666,23.100656509399414,11.356172561645508,11.356172561645508,0.014242351055145264,0.3778758943080902,84.47962188720703,4643.0,14.737992286682129,810.0,0.3639010190963745,20.0,0.41848617792129517,23.0,0.0,0.0,0.2857142857142857,0.2982456088066101,0.2655388414859772,0.22994986176490784,0.2062656730413437
6,0.25993633058476456,12.056596755981445,18.550180435180664,9.572689056396484,9.572689056396484,0.3639732003211975,0.6206425428390503,88.68722534179688,19497.0,10.785116195678711,2371.0,0.16375546157360077,36.0,0.3639010190963745,80.0,0.0,0.0,9.20872974395752,13.97359561920166,7.407678604125977,7.407678604125977,0.6386545896530151,0.8055768609046936,94.12300109863281,5173.0,5.567685604095459,306.0,0.1273653656244278,7.0,0.18195050954818726,10.0,0.0,0.0,11.89775276184082,18.79322052001953,9.469300270080566,9.469300270080566,0.34720325469970703,0.6123471856117249,89.15575408935547,4900.0,10.17103385925293,559.0,0.29112082719802856,16.0,0.3820960521697998,21.0,0.0,0.0,13.251214981079102,20.184980392456055,10.484118461608887,10.484118461608887,0.24738752841949463,0.5319312214851379,86.51746368408203,4755.0,12.791120529174805,703.0,0.23653565347194672,13.0,0.4548763036727905,25.0,0.0,0.0,13.868688583374023,20.50748062133789,10.929654121398926,10.929654121398926,0.22313398122787476,0.5075473785400391,84.95269775390625,4669.0,14.610626220703125,803.0,0.0,0.0,0.43668124079704285,24.0,0.0,0.0,0.35714285714285715,0.28947368264198303,0.2610902190208435,0.23327067494392395,0.2161654233932495
7,0.2531780669056859,11.847140312194824,18.143712997436523,9.402461051940918,9.402461051940918,0.3915407657623291,0.6418687701225281,89.11026000976562,19590.0,10.384825706481934,2283.0,0.14556041359901428,32.0,0.3593522608280182,79.0,0.0,0.0,8.691810607910156,12.511065483093262,6.9961838722229,6.9961838722229,0.7103358507156372,0.85843425989151,94.9963607788086,5221.0,4.839883327484131,266.0,0.0,0.0,0.16375546157360077,9.0,0.0,0.0,11.645512580871582,17.963247299194336,9.266944885253906,9.266944885253906,0.4035896062850952,0.6497973203659058,89.5196533203125,4920.0,9.879912376403809,543.0,0.21834062039852142,12.0,0.3820960521697998,21.0,0.0,0.0,13.070629119873047,19.669757843017578,10.333856582641602,10.333856582641602,0.28531813621520996,0.5613945722579956,86.75399780273438,4768.0,12.6637544631958,696.0,0.1273653656244278,7.0,0.4548763036727905,25.0,0.0,0.0,13.980607986450195,21.22905731201172,11.01285457611084,11.01285457611084,0.16750258207321167,0.4649510085582733,85.17103576660156,4681.0,14.155750274658203,778.0,0.23653565347194672,13.0,0.43668124079704285,24.0,0.0,0.0,0.42857142857142855,0.28070175647735596,0.25664159655570984,0.23659147322177887,0.22606515884399414
8,0.24813595711950887,11.735065460205078,18.193286895751953,9.32039737701416,9.32039737701416,0.38821130990982056,0.6396452784538269,89.30131530761719,19632.0,10.139191627502441,2229.0,0.19559678435325623,43.0,0.3639010190963745,80.0,0.0,0.0,8.373136520385742,11.944666862487793,6.744693756103516,6.744693756103516,0.7359694242477417,0.8755513429641724,95.46943664550781,5247.0,4.366812229156494,240.0,0.0,0.0,0.16375546157360077,9.0,0.0,0.0,11.487040519714355,17.673824310302734,9.145940780639648,9.145940780639648,0.4226533770561218,0.663357138633728,89.8653564453125,4939.0,9.516012191772461,523.0,0.21834062039852142,12.0,0.4002911150455475,22.0,0.0,0.0,13.051065444946289,19.885934829711914,10.326469421386719,10.326469421386719,0.26952266693115234,0.5504251718521118,86.80858612060547,4771.0,12.5,687.0,0.23653565347194672,13.0,0.4548763036727905,25.0,0.0,0.0,14.029022216796875,21.7598934173584,11.064480781555176,11.064480781555176,0.12534844875335693,0.441883385181427,85.0618667602539,4675.0,14.173944473266602,779.0,0.32751092314720154,18.0,0.43668124079704285,24.0,0.0,0.0,0.5,0.2719298303127289,0.25219297409057617,0.2399122714996338,0.23596492409706116
9,0.24296387102751812,11.57802963256836,17.800565719604492,9.198105812072754,9.198105812072754,0.4143384099006653,0.6600841283798218,89.57423400878906,19692.0,9.989082336425781,2196.0,0.10007277876138687,22.0,0.3366084396839142,74.0,0.0,0.0,8.390937805175781,12.631799697875977,6.75216817855835,6.75216817855835,0.7047182321548462,0.8529824614524841,95.57860565185547,5253.0,4.2576422691345215,234.0,0.0,0.0,0.16375546157360077,9.0,0.0,0.0,11.057384490966797,16.203771591186523,8.816461563110352,8.816461563110352,0.5147028565406799,0.7352005839347839,90.28384399414062,4962.0,9.388646125793457,516.0,0.0,0.0,0.32751092314720154,18.0,0.0,0.0,12.852991104125977,19.158695220947266,10.175626754760742,10.175626754760742,0.32197362184524536,0.5901868939399719,87.02693176269531,4783.0,12.481804847717285,686.0,0.054585155099630356,3.0,0.43668124079704285,24.0,0.0,0.0,14.010808944702148,21.869165420532227,11.048165321350098,11.048165321350098,0.11654198169708252,0.4415953755378723,85.4075698852539,4694.0,13.828238487243652,760.0,0.34570595622062683,19.0,0.41848617792129517,23.0,0.0,0.0,0.5714285714285714,0.2631579041481018,0.2477443516254425,0.2432330846786499,0.24586467444896698
10,0.239340854711424,11.7091703414917,19.565004348754883,9.295332908630371,9.295332908630371,0.2924794554710388,0.5893261432647705,89.82896423339844,19748.0,9.570596694946289,2104.0,0.2729257643222809,60.0,0.32751092314720154,72.0,0.0,0.0,7.839512348175049,11.140107154846191,6.325896263122559,6.325896263122559,0.7703402042388916,0.8956557512283325,96.72489166259766,5316.0,3.1477437019348145,173.0,0.0,0.0,0.1273653656244278,7.0,0.0,0.0,11.314631462097168,17.663631439208984,9.014873504638672,9.014873504638672,0.42331916093826294,0.6660494208335876,90.19286346435547,4957.0,9.206695556640625,506.0,0.2729257643222809,15.0,0.32751092314720154,18.0,0.0,0.0,13.18441390991211,21.05803680419922,10.425130844116211,10.425130844116211,0.18087440729141235,0.5063276886940002,87.02693176269531,4783.0,12.172489166259766,669.0,0.3639010190963745,20.0,0.43668124079704285,24.0,0.0,0.0,14.498126029968262,25.52666664123535,11.415431022644043,11.415431022644043,-0.20367634296417236,0.3439576327800751,85.37117767333984,4692.0,13.75545883178711,756.0,0.4548763036727905,25.0,0.41848617792129517,23.0,0.0,0.0,0.6428571428571429,0.25438597798347473,0.24329572916030884,0.24655388295650482,0.2557644248008728
11,0.23701463927579572,11.818686485290527,20.879051208496094,9.375809669494629,9.375809669494629,0.19424939155578613,0.5496440529823303,89.8653564453125,19756.0,9.502365112304688,2089.0,0.30476710200309753,67.0,0.32751092314720154,72.0,0.0,0.0,7.741698741912842,11.00016975402832,6.238276481628418,6.238276481628418,0.7760737538337708,0.8979790210723877,96.92504119873047,5327.0,2.9475982189178467,162.0,0.0,0.0,0.1273653656244278,7.0,0.0,0.0,11.348182678222656,18.101558685302734,9.04485034942627,9.04485034942627,0.39436984062194824,0.6500102281570435,90.21106719970703,4958.0,9.152111053466797,503.0,0.30931586027145386,17.0,0.32751092314720154,18.0,0.0,0.0,13.4139986038208,22.827802658081055,10.604715347290039,10.604715347290039,0.03740644454956055,0.45242753624916077,87.00873565673828,4782.0,12.136098861694336,667.0,0.41848617792129517,23.0,0.43668124079704285,24.0,0.0,0.0,14.770864486694336,27.820144653320312,11.615397453308105,11.615397453308105,-0.4296846389770508,0.3059798777103424,85.31658935546875,4689.0,13.773653030395508,757.0,0.4912663698196411,27.0,0.41848617792129517,23.0,0.0,0.0,0.7142857142857143,0.24561403691768646,0.23884710669517517,0.24987469613552094,0.26566416025161743
12,0.23500604461256924,12.167044639587402,24.407285690307617,9.647953033447266,9.647953033447266,-0.10107815265655518,0.469458669424057,89.76983642578125,19735.0,9.547852516174316,2099.0,0.36844977736473083,81.0,0.3138646185398102,69.0,0.0,0.0,7.869007110595703,11.801607131958008,6.340354919433594,6.340354919433594,0.7422560453414917,0.8677239418029785,96.77947998046875,5319.0,3.093158721923828,170.0,0.0,0.0,0.1273653656244278,7.0,0.0,0.0,11.650202751159668,20.86914825439453,9.27793025970459,9.27793025970459,0.19502025842666626,0.5660594701766968,90.28384399414062,4962.0,8.970160484313965,493.0,0.43668124079704285,24.0,0.30931586027145386,17.0,0.0,0.0,13.90914535522461,27.45676040649414,10.991421699523926,10.991421699523926,-0.39255809783935547,0.36284828186035156,86.8995590209961,4776.0,12.19068431854248,670.0,0.5094614624977112,28.0,0.4002911150455475,22.0,0.0,0.0,15.239823341369629,32.468284606933594,11.982107162475586,11.982107162475586,-0.9473330974578857,0.2551346719264984,85.11644744873047,4678.0,13.937409400939941,766.0,0.5276564955711365,29.0,0.41848617792129517,23.0,0.0,0.0,0.7857142857142857,0.23684212565422058,0.2343984991312027,0.25319552421569824,0.27556392550468445
13,0.23319110202354032,11.820940971374512,21.671218872070312,9.387014389038086,9.387014389038086,0.1319478154182434,0.5318906903266907,89.97908020019531,19781.0,9.393195152282715,2065.0,0.3184133768081665,70.0,0.30931586027145386,68.0,0.0,0.0,7.484562873840332,10.556658744812012,6.052508354187012,6.052508354187012,0.7937664985656738,0.905308187007904,97.39810943603516,5353.0,2.474526882171631,136.0,0.0,0.0,0.1273653656244278,7.0,0.0,0.0,11.291014671325684,18.217958450317383,9.008244514465332,9.008244514465332,0.3865559697151184,0.6478414535522461,90.42939758300781,4970.0,8.95196533203125,492.0,0.32751092314720154,18.0,0.29112082719802856,16.0,0.0,0.0,13.567635536193848,24.186744689941406,10.730904579162598,10.730904579162598,-0.0806114673614502,0.4224877655506134,86.97234344482422,4780.0,12.172489166259766,669.0,0.4548763036727905,25.0,0.4002911150455475,22.0,0.0,0.0,14.94054889678955,29.158721923828125,11.756401062011719,11.756401062011719,-0.5705742835998535,0.28967171907424927,85.11644744873047,4678.0,13.973799705505371,768.0,0.4912663698196411,27.0,0.41848617792129517,23.0,0.0,0.0,0.8571428571428571,0.22807016968727112,0.22994986176490784,0.25651630759239197,0.2854636609554291
14,0.23267497953640323,11.988104820251465,22.851011276245117,9.520902633666992,9.520902633666992,0.03486073017120361,0.5057066679000854,89.75164031982422,19731.0,9.584242820739746,2107.0,0.35480350255966187,78.0,0.30931586027145386,68.0,0.0,0.0,7.662464618682861,11.140229225158691,6.1938958168029785,6.1938958168029785,0.7703351974487305,0.8854126930236816,96.97962188720703,5330.0,2.8930132389068604,159.0,0.0,0.0,0.1273653656244278,7.0,0.0,0.0,11.507061004638672,19.96227264404297,9.181777000427246,9.181777000427246,0.26346147060394287,0.5941698551177979,90.24745178222656,4960.0,9.042940139770508,497.0,0.41848617792129517,23.0,0.29112082719802856,16.0,0.0,0.0,13.711750984191895,25.424453735351562,10.847697257995605,10.847697257995605,-0.1940375566482544,0.3991948962211609,86.7721939086914,4769.0,12.354439735412598,679.0,0.47307130694389343,26.0,0.4002911150455475,22.0,0.0,0.0,15.071142196655273,30.326141357421875,11.860238075256348,11.860238075256348,-0.6988531351089478,0.2769412696361542,85.00727844238281,4672.0,14.046579360961914,772.0,0.5276564955711365,29.0,0.41848617792129517,23.0,0.0,0.0,0.9285714285714286,0.21929824352264404,0.22550123929977417,0.2598370909690857,0.2953633964061737
15,0.23277264854512028,12.258785247802734,25.37195587158203,9.717326164245605,9.717326164245605,-0.18983590602874756,0.45460590720176697,89.6925048828125,19718.0,9.56149959564209,2102.0,0.43668124079704285,96.0,0.30931586027145386,68.0,0.0,0.0,7.9068803787231445,13.0201997756958,6.37520170211792,6.37520170211792,0.6862804889678955,0.8328062295913696,96.94322967529297,5328.0,2.6746726036071777,147.0,0.2547307312488556,14.0,0.1273653656244278,7.0,0.0,0.0,11.793581008911133,22.689842224121094,9.391944885253906,9.391944885253906,0.04843491315841675,0.5252218842506409,90.1382827758789,4954.0,9.115720748901367,501.0,0.4548763036727905,25.0,0.29112082719802856,16.0,0.0,0.0,13.989341735839844,28.13127899169922,11.046056747436523,11.046056747436523,-0.46181929111480713,0.3540387749671936,86.84497833251953,4773.0,12.245268821716309,673.0,0.5094614624977112,28.0,0.4002911150455475,22.0,0.0,0.0,15.345335006713867,33.15450668334961,12.05610466003418,12.05610466003418,-1.0305168628692627,0.24916522204875946,84.84352111816406,4663.0,14.210334777832031,781.0,0.5276564955711365,29.0,0.41848617792129517,23.0,0.0,0.0,1.0,0.21052631735801697,0.2210526168346405,0.2631579041481018,0.3052631616592407
16,0.22939776933141723,12.33219051361084,25.556171417236328,9.769131660461426,9.769131660461426,-0.20717644691467285,0.45011845231056213,89.62882232666016,19704.0,9.620633125305176,2115.0,0.44122999906539917,97.0,0.30931586027145386,68.0,0.0,0.0,7.974298000335693,13.654051780700684,6.41853666305542,6.41853666305542,0.654991865158081,0.8158604502677917,96.96142578125,5329.0,2.6200873851776123,144.0,0.29112082719802856,16.0,0.1273653656244278,7.0,0.0,0.0,11.844817161560059,22.882902145385742,9.43120002746582,9.43120002746582,0.0321730375289917,0.5205427408218384,90.02911376953125,4948.0,9.22489070892334,507.0,0.4548763036727905,25.0,0.29112082719802856,16.0,0.0,0.0,14.039346694946289,28.029117584228516,11.081469535827637,11.081469535827637,-0.4512211084365845,0.3533855080604553,86.7721939086914,4769.0,12.336244583129883,678.0,0.4912663698196411,27.0,0.4002911150455475,22.0,0.0,0.0,15.47030258178711,33.41826248168945,12.145317077636719,12.145317077636719,-1.0629522800445557,0.24375854432582855,84.75254821777344,4658.0,14.301310539245605,786.0,0.5276564955711365,29.0,0.41848617792129517,23.0,0.0,0.0,1.0,0.21052631735801697,0.2210526168346405,0.2631579041481018,0.3052631616592407
17,0.2275217780949417,12.514671325683594,27.371931076049805,9.916569709777832,9.916569709777832,-0.3848094940185547,0.4236677289009094,89.64701843261719,19708.0,9.566047668457031,2103.0,0.48216885328292847,106.0,0.30476710200309753,67.0,0.0,0.0,8.154646873474121,15.502066612243652,6.567709922790527,6.567709922790527,0.5552812814712524,0.7702676653862,97.0160140991211,5332.0,2.4927220344543457,137.0,0.3820960521697998,21.0,0.10917031019926071,6.0,0.0,0.0,12.050780296325684,25.035701751708984,9.598182678222656,9.598182678222656,-0.15849733352661133,0.4816441237926483,90.1382827758789,4954.0,9.079330444335938,499.0,0.4912663698196411,27.0,0.29112082719802856,16.0,0.0,0.0,14.226080894470215,29.963851928710938,11.232352256774902,11.232352256774902,-0.6584790945053101,0.33024862408638,86.62664031982422,4761.0,12.46360969543457,685.0,0.5094614624977112,28.0,0.4002911150455475,22.0,0.0,0.0,15.627179145812988,35.0992546081543,12.268033027648926,12.268033027648926,-1.275712251663208,0.23236404359340668,84.80713653564453,4661.0,14.228529930114746,782.0,0.5458515286445618,30.0,0.41848617792129517,23.0,0.0,0.0,1.0,0.21052631735801697,0.2210526168346405,0.2631579041481018,0.3052631616592407
step,fold3/test_loss,fold3/test_mae,fold3/test_rmse,fold3/test_mard,fold3/test_mape,fold3/test_r2,fold3/test_pearson,fold3/test_ega_zone_a_pct,fold3/test_ega_zone_a_count,fold3/test_ega_zone_b_pct,fold3/test_ega_zone_b_count,fold3/test_ega_zone_c_pct,fold3/test_ega_zone_c_count,fold3/test_ega_zone_d_pct,fold3/test_ega_zone_d_count,fold3/test_ega_zone_e_pct,fold3/test_ega_zone_e_count,fold3/test_horizon_15_mae,fold3/test_horizon_15_rmse,fold3/test_horizon_15_mard,fold3/test_horizon_15_mape,fold3/test_horizon_15_r2,fold3/test_horizon_15_pearson,fold3/test_horizon_15_ega_zone_a_pct,fold3/test_horizon_15_ega_zone_a_count,fold3/test_horizon_15_ega_zone_b_pct,fold3/test_horizon_15_ega_zone_b_count,fold3/test_horizon_15_ega_zone_c_pct,fold3/test_horizon_15_ega_zone_c_count,fold3/test_horizon_15_ega_zone_d_pct,fold3/test_horizon_15_ega_zone_d_count,fold3/test_horizon_15_ega_zone_e_pct,fold3/test_horizon_15_ega_zone_e_count,fold3/test_horizon_30_mae,fold3/test_horizon_30_rmse,fold3/test_horizon_30_mard,fold3/test_horizon_30_mape,fold3/test_horizon_30_r2,fold3/test_horizon_30_pearson,fold3/test_horizon_30_ega_zone_a_pct,fold3/test_horizon_30_ega_zone_a_count,fold3/test_horizon_30_ega_zone_b_pct,fold3/test_horizon_30_ega_zone_b_count,fold3/test_horizon_30_ega_zone_c_pct,fold3/test_horizon_30_ega_zone_c_count,fold3/test_horizon_30_ega_zone_d_pct,fold3/test_horizon_30_ega_zone_d_count,fold3/test_horizon_30_ega_zone_e_pct,fold3/test_horizon_30_ega_zone_e_count,fold3/test_horizon_45_mae,fold3/test_horizon_45_rmse,fold3/test_horizon_45_mard,fold3/test_horizon_45_mape,fold3/test_horizon_45_r2,fold3/test_horizon_45_pearson,fold3/test_horizon_45_ega_zone_a_pct,fold3/test_horizon_45_ega_zone_a_count,fold3/test_horizon_45_ega_zone_b_pct,fold3/test_horizon_45_ega_zone_b_count,fold3/test_horizon_45_ega_zone_c_pct,fold3/test_horizon_45_ega_zone_c_count,fold3/test_horizon_45_ega_zone_d_pct,fold3/test_horizon_45_ega_zone_d_count,fold3/test_horizon_45_ega_zone_e_pct,fold3/test_horizon_45_ega_zone_e_count,fold3/test_horizon_60_mae,fold3/test_horizon_60_rmse,fold3/test_horizon_60_mard,fold3/test_horizon_60_mape,fold3/test_horizon_60_r2,fold3/test_horizon_60_pearson,fold3/test_horizon_60_ega_zone_a_pct,fold3/test_horizon_60_ega_zone_a_count,fold3/test_horizon_60_ega_zone_b_pct,fold3/test_horizon_60_ega_zone_b_count,fold3/test_horizon_60_ega_zone_c_pct,fold3/test_horizon_60_ega_zone_c_count,fold3/test_horizon_60_ega_zone_d_pct,fold3/test_horizon_60_ega_zone_d_count,fold3/test_horizon_60_ega_zone_e_pct,fold3/test_horizon_60_ega_zone_e_count
0,0.2991265784557879,10.854371070861816,16.32928466796875,9.91711711883545,9.91711711883545,0.18780434131622314,0.45995670557022095,86.30856323242188,4274.0,13.126009941101074,650.0,0.0,0.0,0.5654280781745911,28.0,0.0,0.0,7.509612560272217,10.846935272216797,6.872900009155273,6.872900009155273,0.6457358002662659,0.8047186136245728,93.61873626708984,1159.0,5.815832138061523,72.0,0.0,0.0,0.5654280781745911,7.0,0.0,0.0,10.524532318115234,15.750155448913574,9.587760925292969,9.587760925292969,0.24665504693984985,0.5104638934135437,86.91437530517578,1076.0,12.520194053649902,155.0,0.0,0.0,0.5654280781745911,7.0,0.0,0.0,12.182291030883789,18.14484214782715,11.112390518188477,11.112390518188477,-0.00840139389038086,0.25990745425224304,83.27948760986328,1031.0,16.15509033203125,200.0,0.0,0.0,0.5654280781745911,7.0,0.0,0.0,13.201043128967285,19.277542114257812,12.09542179107666,12.09542179107666,-0.14243268966674805,0.09320748597383499,81.42164611816406,1008.0,18.012924194335938,223.0,0.0,0.0,0.5654280781745911,7.0,0.0,0.0
step,fold4/train_loss,fold4/val_mae,fold4/val_rmse,fold4/val_mard,fold4/val_mape,fold4/val_r2,fold4/val_pearson,fold4/val_ega_zone_a_pct,fold4/val_ega_zone_a_count,fold4/val_ega_zone_b_pct,fold4/val_ega_zone_b_count,fold4/val_ega_zone_c_pct,fold4/val_ega_zone_c_count,fold4/val_ega_zone_d_pct,fold4/val_ega_zone_d_count,fold4/val_ega_zone_e_pct,fold4/val_ega_zone_e_count,fold4/val_horizon_15_mae,fold4/val_horizon_15_rmse,fold4/val_horizon_15_mard,fold4/val_horizon_15_mape,fold4/val_horizon_15_r2,fold4/val_horizon_15_pearson,fold4/val_horizon_15_ega_zone_a_pct,fold4/val_horizon_15_ega_zone_a_count,fold4/val_horizon_15_ega_zone_b_pct,fold4/val_horizon_15_ega_zone_b_count,fold4/val_horizon_15_ega_zone_c_pct,fold4/val_horizon_15_ega_zone_c_count,fold4/val_horizon_15_ega_zone_d_pct,fold4/val_horizon_15_ega_zone_d_count,fold4/val_horizon_15_ega_zone_e_pct,fold4/val_horizon_15_ega_zone_e_count,fold4/val_horizon_30_mae,fold4/val_horizon_30_rmse,fold4/val_horizon_30_mard,fold4/val_horizon_30_mape,fold4/val_horizon_30_r2,fold4/val_horizon_30_pearson,fold4/val_horizon_30_ega_zone_a_pct,fold4/val_horizon_30_ega_zone_a_count,fold4/val_horizon_30_ega_zone_b_pct,fold4/val_horizon_30_ega_zone_b_count,fold4/val_horizon_30_ega_zone_c_pct,fold4/val_horizon_30_ega_zone_c_count,fold4/val_horizon_30_ega_zone_d_pct,fold4/val_horizon_30_ega_zone_d_count,fold4/val_horizon_30_ega_zone_e_pct,fold4/val_horizon_30_ega_zone_e_count,fold4/val_horizon_45_mae,fold4/val_horizon_45_rmse,fold4/val_horizon_45_mard,fold4/val_horizon_45_mape,fold4/val_horizon_45_r2,fold4/val_horizon_45_pearson,fold4/val_horizon_45_ega_zone_a_pct,fold4/val_horizon_45_ega_zone_a_count,fold4/val_horizon_45_ega_zone_b_pct,fold4/val_horizon_45_ega_zone_b_count,fold4/val_horizon_45_ega_zone_c_pct,fold4/val_horizon_45_ega_zone_c_count,fold4/val_horizon_45_ega_zone_d_pct,fold4/val_horizon_45_ega_zone_d_count,fold4/val_horizon_45_ega_zone_e_pct,fold4/val_horizon_45_ega_zone_e_count,fold4/val_horizon_60_mae,fold4/val_horizon_60_rmse,fold4/val_horizon_60_mard,fold4/val_horizon_60_mape,fold4/val_horizon_60_r2,fold4/val_horizon_60_pearson,fold4/val_horizon_60_ega_zone_a_pct,fold4/val_horizon_60_ega_zone_a_count,fold4/val_horizon_60_ega_zone_b_pct,fold4/val_horizon_60_ega_zone_b_count,fold4/val_horizon_60_ega_zone_c_pct,fold4/val_horizon_60_ega_zone_c_count,fold4/val_horizon_60_ega_zone_d_pct,fold4/val_horizon_60_ega_zone_d_count,fold4/val_horizon_60_ega_zone_e_pct,fold4/val_horizon_60_ega_zone_e_count,fold4/diag_horizon_curriculum_progress,fold4/diag_loss_horizon_weight_0,fold4/diag_loss_horizon_weight_1,fold4/diag_loss_horizon_weight_2,fold4/diag_loss_horizon_weight_3
1,0.374066837805046,13.904976844787598,18.58567237854004,11.828310012817383,11.828310012817383,0.19341331720352173,0.522128164768219,81.2785415649414,17800.0,18.187213897705078,3983.0,0.0,0.0,0.534246563911438,117.0,0.0,0.0,13.051689147949219,17.55862808227539,11.119951248168945,11.119951248168945,0.28455132246017456,0.6025747656822205,83.6164321899414,4578.0,15.8538818359375,868.0,0.0,0.0,0.5296803712844849,29.0,0.0,0.0,13.761824607849121,18.43631935119629,11.697211265563965,11.697211265563965,0.20858800411224365,0.5359064340591431,81.51597595214844,4463.0,17.936073303222656,982.0,0.0,0.0,0.5479452013969421,30.0,0.0,0.0,14.347338676452637,19.096712112426758,12.216419219970703,12.216419219970703,0.14676272869110107,0.47166550159454346,80.05479431152344,4383.0,19.397260665893555,1062.0,0.0,0.0,0.5479452013969421,30.0,0.0,0.0,14.459051132202148,19.204723358154297,12.279658317565918,12.279658317565918,0.13261431455612183,0.4734592139720917,79.92694091796875,4376.0,19.561643600463867,1071.0,0.0,0.0,0.5114155411720276,28.0,0.0,0.0,0.0,0.3333333432674408,0.28333333134651184,0.21666665375232697,0.1666666716337204
2,0.34073398835248864,13.298821449279785,17.977519989013672,11.28614330291748,11.28614330291748,0.2453354001045227,0.5229063034057617,82.62556457519531,18095.0,16.849315643310547,3690.0,0.0,0.0,0.5251141786575317,115.0,0.0,0.0,12.254788398742676,16.681249618530273,10.47166633605957,10.47166633605957,0.3542647957801819,0.6098781228065491,85.35160064697266,4673.0,14.13698673248291,774.0,0.0,0.0,0.5114155411720276,28.0,0.0,0.0,13.17735481262207,17.84270477294922,11.198509216308594,11.198509216308594,0.25873154401779175,0.5325849056243896,83.10501861572266,4550.0,16.365297317504883,896.0,0.0,0.0,0.5296803712844849,29.0,0.0,0.0,13.740129470825195,18.497390747070312,11.644203186035156,11.644203186035156,0.19947749376296997,0.48186057806015015,81.461181640625,4460.0,17.990867614746094,985.0,0.0,0.0,0.5479452013969421,30.0,0.0,0.0,14.023012161254883,18.814495086669922,11.830194473266602,11.830194473266602,0.16750568151474,0.4575943052768707,80.58447265625,4412.0,18.904109954833984,1035.0,0.0,0.0,0.5114155411720276,28.0,0.0,0.0,0.07142857142857142,0.3245614171028137,0.2788847088813782,0.21998745203018188,0.17656642198562622
3,0.31236585988739957,13.063068389892578,17.840442657470703,11.05069637298584,11.05069637298584,0.25680011510849,0.5363110303878784,83.46118927001953,18278.0,16.05936050415039,3517.0,0.0,0.0,0.4794520437717438,105.0,0.0,0.0,11.506561279296875,15.88056468963623,9.815506935119629,9.815506935119629,0.41476649045944214,0.6557869911193848,87.3059310913086,4780.0,12.273972511291504,672.0,0.0,0.0,0.42009130120277405,23.0,0.0,0.0,12.907374382019043,17.68267059326172,10.934000015258789,10.934000015258789,0.2719689607620239,0.548901379108429,84.05479431152344,4602.0,15.452054023742676,846.0,0.0,0.0,0.4931506812572479,27.0,0.0,0.0,13.665693283081055,18.54274559020996,11.546341896057129,11.546341896057129,0.1955469250679016,0.48171284794807434,82.0091323852539,4490.0,17.47945213317871,957.0,0.0,0.0,0.5114155411720276,28.0,0.0,0.0,14.172639846801758,19.089866638183594,11.906942367553711,11.906942367553711,0.142958402633667,0.4362921416759491,80.47488403320312,4406.0,19.031963348388672,1042.0,0.0,0.0,0.4931506812572479,27.0,0.0,0.0,0.14285714285714285,0.31578949093818665,0.2744360864162445,0.223308265209198,0.18646617233753204
4,0.26718245583636874,12.61797046661377,17.381057739257812,10.677749633789062,10.677749633789062,0.29458141326904297,0.5723968744277954,84.77169036865234,18565.0,14.785387992858887,3238.0,0.0,0.0,0.4429223835468292,97.0,0.0,0.0,10.34292984008789,14.32965087890625,8.844648361206055,8.844648361206055,0.523493766784668,0.7331058382987976,90.37442779541016,4948.0,9.278538703918457,508.0,0.0,0.0,0.34703195095062256,19.0,0.0,0.0,12.436281204223633,17.199432373046875,10.533390045166016,10.533390045166016,0.3112170100212097,0.5857493281364441,85.15068054199219,4662.0,14.392693519592285,788.0,0.0,0.0,0.456620991230011,25.0,0.0,0.0,13.524506568908691,18.459243774414062,11.436490058898926,11.436490058898926,0.2027760148048401,0.4941469132900238,82.53881072998047,4519.0,16.98630142211914,930.0,0.0,0.0,0.47488585114479065,26.0,0.0,0.0,14.168168067932129,19.144235610961914,11.896474838256836,11.896474838256836,0.1380695104598999,0.4428609013557434,81.0228271484375,4436.0,18.484018325805664,1012.0,0.0,0.0,0.4931506812572479,27.0,0.0,0.0,0.21428571428571427,0.30701756477355957,0.26998746395111084,0.22662906348705292,0.19636592268943787
5,0.2464707623479503,12.309463500976562,17.018138885498047,10.434378623962402,10.434378623962402,0.3237323760986328,0.5950870513916016,85.54337310791016,18734.0,14.004566192626953,3067.0,0.0,0.0,0.45205479860305786,99.0,0.0,0.0,9.561799049377441,13.205584526062012,8.21876049041748,8.21876049041748,0.5953192114830017,0.7793235182762146,92.16438293457031,5046.0,7.488584518432617,410.0,0.0,0.0,0.34703195095062256,19.0,0.0,0.0,12.165143013000488,16.833547592163086,10.319117546081543,10.319117546081543,0.34021031856536865,0.6079130172729492,85.73516082763672,4694.0,13.771688461303711,754.0,0.0,0.0,0.4931506812572479,27.0,0.0,0.0,13.39997386932373,18.346643447875977,11.331405639648438,11.331405639648438,0.2124723196029663,0.50465989112854,82.94063568115234,4541.0,16.584474563598633,908.0,0.0,0.0,0.47488585114479065,26.0,0.0,0.0,14.110939025878906,19.081750869750977,11.868228912353516,11.868228912353516,0.14368683099746704,0.44798406958580017,81.33333587646484,4453.0,18.17351531982422,995.0,0.0,0.0,0.4931506812572479,27.0,0.0,0.0,0.2857142857142857,0.2982456088066101,0.2655388414859772,0.22994986176490784,0.2062656730413437
6,0.23510354745603412,12.093002319335938,16.77945327758789,10.264206886291504,10.264206886291504,0.34256911277770996,0.6095665097236633,85.95890045166016,18825.0,13.57990837097168,2974.0,0.0,0.0,0.4611872136592865,101.0,0.0,0.0,9.083447456359863,12.514012336730957,7.839688777923584,7.839688777923584,0.6365953683853149,0.8040700554847717,93.24200439453125,5105.0,6.429223537445068,352.0,0.0,0.0,0.3287671208381653,18.0,0.0,0.0,11.990510940551758,16.61064338684082,10.182313919067383,10.182313919067383,0.35756802558898926,0.6213203072547913,85.77169036865234,4696.0,13.716894149780273,751.0,0.0,0.0,0.5114155411720276,28.0,0.0,0.0,13.289491653442383,18.25522232055664,11.243122100830078,11.243122100830078,0.2203013300895691,0.5128517746925354,83.21460723876953,4556.0,16.292236328125,892.0,0.0,0.0,0.4931506812572479,27.0,0.0,0.0,14.008556365966797,18.98508071899414,11.791704177856445,11.791704177856445,0.1523413062095642,0.4567261040210724,81.60730743408203,4468.0,17.88127899169922,979.0,0.0,0.0,0.5114155411720276,28.0,0.0,0.0,0.35714285714285715,0.28947368264198303,0.2610902190208435,0.23327067494392395,0.2161654233932495
7,0.2286744027018828,11.977578163146973,16.691640853881836,10.161920547485352,10.161920547485352,0.3494322896003723,0.6170955896377563,86.17351531982422,18872.0,13.374429702758789,2929.0,0.0,0.0,0.45205479860305786,99.0,0.0,0.0,8.686466217041016,11.957056045532227,7.516229152679443,7.516229152679443,0.6682232618331909,0.8230962753295898,93.68036651611328,5129.0,5.990867614746094,328.0,0.0,0.0,0.3287671208381653,18.0,0.0,0.0,11.883340835571289,16.482494354248047,10.089164733886719,10.089164733886719,0.36744242906570435,0.6303198337554932,86.21004486083984,4720.0,13.29680347442627,728.0,0.0,0.0,0.4931506812572479,27.0,0.0,0.0,13.281831741333008,18.300485610961914,11.221714973449707,11.221714973449707,0.21643006801605225,0.5151209235191345,83.39725494384766,4566.0,16.109588623046875,882.0,0.0,0.0,0.4931506812572479,27.0,0.0,0.0,14.058675765991211,19.102144241333008,11.820570945739746,11.820570945739746,0.14185553789138794,0.4547070562839508,81.40638732910156,4457.0,18.10045623779297,991.0,0.0,0.0,0.4931506812572479,27.0,0.0,0.0,0.42857142857142855,0.28070175647735596,0.25664159655570984,0.23659147322177887,0.22606515884399414
8,0.2238180640051895,11.836202621459961,16.50276756286621,10.080866813659668,10.080866813659668,0.3640720248222351,0.6239815950393677,86.4474868774414,18932.0,13.105022430419922,2870.0,0.0,0.0,0.44748857617378235,98.0,0.0,0.0,8.41535472869873,11.53691291809082,7.32635498046875,7.32635498046875,0.6911294460296631,0.834675669670105,94.26483917236328,5161.0,5.406392574310303,296.0,0.0,0.0,0.3287671208381653,18.0,0.0,0.0,11.765558242797852,16.281030654907227,10.031488418579102,10.031488418579102,0.3828112483024597,0.6371906399726868,86.5753402709961,4740.0,12.931506156921387,708.0,0.0,0.0,0.4931506812572479,27.0,0.0,0.0,13.18874740600586,18.166126251220703,11.180787086486816,11.180787086486816,0.22789347171783447,0.5204735994338989,83.54338073730469,4574.0,15.981735229492188,875.0,0.0,0.0,0.47488585114479065,26.0,0.0,0.0,13.975152969360352,19.004863739013672,11.78483772277832,11.78483772277832,0.15057379007339478,0.4588709771633148,81.40638732910156,4457.0,18.10045623779297,991.0,0.0,0.0,0.4931506812572479,27.0,0.0,0.0,0.5,0.2719298303127289,0.25219297409057617,0.2399122714996338,0.23596492409706116
9,0.22052912043008108,11.830069541931152,16.52094078063965,10.053823471069336,10.053823471069336,0.3626706004142761,0.6264500021934509,86.50228118896484,18944.0,13.059361457824707,2860.0,0.0,0.0,0.4383561611175537,96.0,0.0,0.0,8.322066307067871,11.385141372680664,7.230875015258789,7.230875015258789,0.6992025375366211,0.8401001691818237,94.5753402709961,5178.0,5.132420063018799,281.0,0.0,0.0,0.29223746061325073,16.0,0.0,0.0,11.772491455078125,16.29549789428711,10.018888473510742,10.018888473510742,0.3817138671875,0.6394480466842651,86.68492889404297,4746.0,12.821917533874512,702.0,0.0,0.0,0.4931506812572479,27.0,0.0,0.0,13.219230651855469,18.235837936401367,11.182596206665039,11.182596206665039,0.22195613384246826,0.5208019018173218,83.4520492553711,4569.0,16.07305908203125,880.0,0.0,0.0,0.47488585114479065,26.0,0.0,0.0,14.006487846374512,19.080230712890625,11.782937049865723,11.782937049865723,0.14382338523864746,0.46069398522377014,81.29679870605469,4451.0,18.210046768188477,997.0,0.0,0.0,0.4931506812572479,27.0,0.0,0.0,0.5714285714285714,0.2631579041481018,0.2477443516254425,0.2432330846786499,0.24586467444896698
10,0.21965145059251823,11.84843921661377,16.53129768371582,10.077991485595703,10.077991485595703,0.36187124252319336,0.6260167956352234,86.46575164794922,18936.0,13.091323852539062,2867.0,0.0,0.0,0.4429223835468292,97.0,0.0,0.0,8.238018035888672,11.22040843963623,7.1651458740234375,7.1651458740234375,0.7078441381454468,0.8450832962989807,94.81278991699219,5191.0,4.89497709274292,268.0,0.0,0.0,0.29223746061325073,16.0,0.0,0.0,11.778923034667969,16.265254974365234,10.035554885864258,10.035554885864258,0.3840067386627197,0.640686571598053,86.68492889404297,4746.0,12.8036527633667,701.0,0.0,0.0,0.5114155411720276,28.0,0.0,0.0,13.284010887145996,18.298805236816406,11.246733665466309,11.246733665466309,0.21657389402389526,0.5174011588096619,83.17808532714844,4554.0,16.328767776489258,894.0,0.0,0.0,0.4931506812572479,27.0,0.0,0.0,14.092806816101074,19.17896842956543,11.864530563354492,11.864530563354492,0.13493913412094116,0.45516830682754517,81.18721008300781,4445.0,18.337900161743164,1004.0,0.0,0.0,0.47488585114479065,26.0,0.0,0.0,0.6428571428571429,0.25438597798347473,0.24329572916030884,0.24655388295650482,0.2557644248008728
11,0.21833657061875755,11.780346870422363,16.433917999267578,10.029654502868652,10.029654502868652,0.3693671226501465,0.630490243434906,86.707763671875,18989.0,12.84931468963623,2814.0,0.0,0.0,0.4429223835468292,97.0,0.0,0.0,8.107778549194336,11.027864456176758,7.059314727783203,7.059314727783203,0.7177850008010864,0.850353479385376,95.15982055664062,5210.0,4.5662102699279785,250.0,0.0,0.0,0.27397260069847107,15.0,0.0,0.0,11.705686569213867,16.140474319458008,9.98672866821289,9.98672866821289,0.3934217691421509,0.6459629535675049,86.92237854003906,4759.0,12.566210746765137,688.0,0.0,0.0,0.5114155411720276,28.0,0.0,0.0,13.244272232055664,18.2279109954834,11.223165512084961,11.223165512084961,0.22263258695602417,0.5213350057601929,83.39725494384766,4566.0,16.091323852539062,881.0,0.0,0.0,0.5114155411720276,28.0,0.0,0.0,14.063644409179688,19.128747940063477,11.849411010742188,11.849411010742188,0.13946348428726196,0.458385705947876,81.35159301757812,4454.0,18.17351531982422,995.0,0.0,0.0,0.47488585114479065,26.0,0.0,0.0,0.7142857142857143,0.24561403691768646,0.23884710669517517,0.24987469613552094,0.26566416025161743
12,0.21715362586566808,11.824593544006348,16.46650505065918,10.076272964477539,10.076272964477539,0.3668636083602905,0.6280538439750671,86.66666412353516,18980.0,12.890410423278809,2823.0,0.0,0.0,0.4429223835468292,97.0,0.0,0.0,8.128389358520508,11.009822845458984,7.093922138214111,7.093922138214111,0.7187076210975647,0.8502045273780823,95.21461486816406,5213.0,4.49315071105957,246.0,0.0,0.0,0.29223746061325073,16.0,0.0,0.0,11.767837524414062,16.187063217163086,10.049389839172363,10.049389839172363,0.38991498947143555,0.6429330110549927,86.8310546875,4754.0,12.657533645629883,693.0,0.0,0.0,0.5114155411720276,28.0,0.0,0.0,13.295727729797363,18.270505905151367,11.27468204498291,11.27468204498291,0.21899521350860596,0.51774001121521,83.39725494384766,4566.0,16.109588623046875,882.0,0.0,0.0,0.4931506812572479,27.0,0.0,0.0,14.106416702270508,19.171188354492188,11.887093544006348,11.887093544006348,0.13564085960388184,0.45530056953430176,81.22374725341797,4447.0,18.301368713378906,1002.0,0.0,0.0,0.47488585114479065,26.0,0.0,0.0,0.7857142857142857,0.23684212565422058,0.2343984991312027,0.25319552421569824,0.27556392550468445
13,0.21561408107288224,11.850587844848633,16.496448516845703,10.095027923583984,10.095027923583984,0.3645588755607605,0.6267253756523132,86.707763671875,18989.0,12.8538818359375,2815.0,0.0,0.0,0.4383561611175537,96.0,0.0,0.0,8.103059768676758,10.976750373840332,7.06315279006958,7.06315279006958,0.720395028591156,0.8513503670692444,95.37899780273438,5222.0,4.347032070159912,238.0,0.0,0.0,0.27397260069847107,15.0,0.0,0.0,11.774258613586426,16.189437866210938,10.055060386657715,10.055060386657715,0.38973599672317505,0.6428054571151733,86.94064331054688,4760.0,12.547944068908691,687.0,0.0,0.0,0.5114155411720276,28.0,0.0,0.0,13.349538803100586,18.32513427734375,11.315398216247559,11.315398216247559,0.21431773900985718,0.5147873163223267,83.32420349121094,4562.0,16.182649612426758,886.0,0.0,0.0,0.4931506812572479,27.0,0.0,0.0,14.175494194030762,19.238859176635742,11.946497917175293,11.946497917175293,0.12952810525894165,0.4502868354320526,81.18721008300781,4445.0,18.337900161743164,1004.0,0.0,0.0,0.47488585114479065,26.0,0.0,0.0,0.8571428571428571,0.22807016968727112,0.22994986176490784,0.25651630759239197,0.2854636609554291
14,0.2155600625843114,11.815343856811523,16.44842529296875,10.058964729309082,10.058964729309082,0.36825311183929443,0.6298158764839172,86.82648468017578,19015.0,12.735159873962402,2789.0,0.0,0.0,0.4383561611175537,96.0,0.0,0.0,8.049505233764648,10.893287658691406,7.017645835876465,7.017645835876465,0.7246308326721191,0.8539842367172241,95.50684356689453,5229.0,4.200913429260254,230.0,0.0,0.0,0.29223746061325073,16.0,0.0,0.0,11.738736152648926,16.131864547729492,10.02351188659668,10.02351188659668,0.3940688371658325,0.6457284688949585,87.19634246826172,4774.0,12.292237281799316,673.0,0.0,0.0,0.5114155411720276,28.0,0.0,0.0,13.31689453125,18.27670669555664,11.278733253479004,11.278733253479004,0.2184649109840393,0.5185227990150452,83.43379211425781,4568.0,16.07305908203125,880.0,0.0,0.0,0.4931506812572479,27.0,0.0,0.0,14.156237602233887,19.216245651245117,11.915966987609863,11.915966987609863,0.13157320022583008,0.45354554057121277,81.16895294189453,4444.0,18.37442970275879,1006.0,0.0,0.0,0.456620991230011,25.0,0.0,0.0,0.9285714285714286,0.21929824352264404,0.22550123929977417,0.2598370909690857,0.2953633964061737
15,0.21613674454584145,11.846243858337402,16.4830265045166,10.085768699645996,10.085768699645996,0.36559242010116577,0.6282879710197449,86.70320129394531,18988.0,12.858447074890137,2816.0,0.0,0.0,0.4383561611175537,96.0,0.0,0.0,8.06973648071289,10.912556648254395,7.040051460266113,7.040051460266113,0.7236558198928833,0.8529570698738098,95.41552734375,5224.0,4.292237281799316,235.0,0.0,0.0,0.29223746061325073,16.0,0.0,0.0,11.768453598022461,16.163930892944336,10.052682876586914,10.052682876586914,0.3916574716567993,0.6442677974700928,87.05023193359375,4766.0,12.438356399536133,681.0,0.0,0.0,0.5114155411720276,28.0,0.0,0.0,13.35346794128418,18.316225051879883,11.306249618530273,11.306249618530273,0.2150815725326538,0.5173603892326355,83.2694091796875,4559.0,16.237442016601562,889.0,0.0,0.0,0.4931506812572479,27.0,0.0,0.0,14.19332218170166,19.259288787841797,11.944087982177734,11.944087982177734,0.12767833471298218,0.45201340317726135,81.07762145996094,4439.0,18.46575355529785,1011.0,0.0,0.0,0.456620991230011,25.0,0.0,0.0,1.0,0.21052631735801697,0.2210526168346405,0.2631579041481018,0.3052631616592407
16,0.2137638131816464,11.913846015930176,16.521196365356445,10.146381378173828,10.146381378173828,0.36265087127685547,0.6251546144485474,86.58903503417969,18963.0,12.968036651611328,2840.0,0.0,0.0,0.4429223835468292,97.0,0.0,0.0,8.141071319580078,10.962255477905273,7.10117244720459,7.10117244720459,0.7211329936981201,0.8519742488861084,95.41552734375,5224.0,4.273972511291504,234.0,0.0,0.0,0.310502290725708,17.0,0.0,0.0,11.840551376342773,16.204322814941406,10.11532211303711,10.11532211303711,0.38861340284347534,0.641243040561676,86.99543762207031,4763.0,12.49315071105957,684.0,0.0,0.0,0.5114155411720276,28.0,0.0,0.0,13.409059524536133,18.34230613708496,11.357148170471191,11.357148170471191,0.21284455060958862,0.5133423209190369,83.06849670410156,4548.0,16.438356399536133,900.0,0.0,0.0,0.4931506812572479,27.0,0.0,0.0,14.264701843261719,19.303064346313477,12.011878967285156,12.011878967285156,0.12370842695236206,0.4453040063381195,80.87671661376953,4428.0,18.66666603088379,1022.0,0.0,0.0,0.456620991230011,25.0,0.0,0.0,1.0,0.21052631735801697,0.2210526168346405,0.2631579041481018,0.3052631616592407
17,0.21337507615994022,11.957337379455566,16.582828521728516,10.181720733642578,10.181720733642578,0.35788679122924805,0.6228784918785095,86.42465209960938,18927.0,13.146119117736816,2879.0,0.0,0.0,0.4292237460613251,94.0,0.0,0.0,8.175882339477539,11.006150245666504,7.133012294769287,7.133012294769287,0.7188952565193176,0.8504645824432373,95.36073303222656,5221.0,4.347032070159912,238.0,0.0,0.0,0.29223746061325073,16.0,0.0,0.0,11.88228988647461,16.260469436645508,10.154586791992188,10.154586791992188,0.3843691945075989,0.6386905312538147,86.7397232055664,4749.0,12.748858451843262,698.0,0.0,0.0,0.5114155411720276,28.0,0.0,0.0,13.456009864807129,18.40265655517578,11.395313262939453,11.395313262939453,0.20765620470046997,0.5112681984901428,82.75798797607422,4531.0,16.748859405517578,917.0,0.0,0.0,0.4931506812572479,27.0,0.0,0.0,14.315164566040039,19.38465118408203,12.043972969055176,12.043972969055176,0.11628520488739014,0.44405171275138855,80.84017944335938,4426.0,18.73972511291504,1026.0,0.0,0.0,0.42009130120277405,23.0,0.0,0.0,1.0,0.21052631735801697,0.2210526168346405,0.2631579041481018,0.3052631616592407
18,0.2118326918824114,11.940926551818848,16.558786392211914,10.175546646118164,10.175546646118164,0.35974735021591187,0.6237428188323975,86.4063949584961,18923.0,13.141552925109863,2878.0,0.0,0.0,0.45205479860305786,99.0,0.0,0.0,8.104668617248535,10.927031517028809,7.07473087310791,7.07473087310791,0.7229222059249878,0.852759599685669,95.39725494384766,5223.0,4.255707740783691,233.0,0.0,0.0,0.34703195095062256,19.0,0.0,0.0,11.84861946105957,16.213275909423828,10.131402015686035,10.131402015686035,0.3879375457763672,0.6410935521125793,86.86758422851562,4756.0,12.621005058288574,691.0,0.0,0.0,0.5114155411720276,28.0,0.0,0.0,13.465028762817383,18.395185470581055,11.4111328125,11.4111328125,0.2082993984222412,0.5108993053436279,82.81278991699219,4534.0,16.69406509399414,914.0,0.0,0.0,0.4931506812572479,27.0,0.0,0.0,14.345391273498535,19.39381980895996,12.084918022155762,12.084918022155762,0.1154489517211914,0.44026291370391846,80.54794311523438,4410.0,18.995433807373047,1040.0,0.0,0.0,0.456620991230011,25.0,0.0,0.0,1.0,0.21052631735801697,0.2210526168346405,0.2631579041481018,0.3052631616592407
19,0.20890947287932962,11.946004867553711,16.53046989440918,10.185219764709473,10.185219764709473,0.36193519830703735,0.6242386102676392,86.42922973632812,18928.0,13.141552925109863,2878.0,0.0,0.0,0.4292237460613251,94.0,0.0,0.0,8.150155067443848,10.95809268951416,7.119137763977051,7.119137763977051,0.7213447093963623,0.851590096950531,95.39725494384766,5223.0,4.292237281799316,235.0,0.0,0.0,0.310502290725708,17.0,0.0,0.0,11.870165824890137,16.2188777923584,10.153675079345703,10.153675079345703,0.38751453161239624,0.640055775642395,86.7214584350586,4748.0,12.785388946533203,700.0,0.0,0.0,0.4931506812572479,27.0,0.0,0.0,13.464818954467773,18.363370895385742,11.413910865783691,11.413910865783691,0.21103566884994507,0.5114927887916565,82.84931945800781,4536.0,16.657533645629883,912.0,0.0,0.0,0.4931506812572479,27.0,0.0,0.0,14.298879623413086,19.304935455322266,12.054158210754395,12.054158210754395,0.1235385537147522,0.4440498650074005,80.74885559082031,4421.0,18.831050872802734,1031.0,0.0,0.0,0.42009130120277405,23.0,0.0,0.0,1.0,0.21052631735801697,0.2210526168346405,0.2631579041481018,0.3052631616592407
20,0.20824893660556587,11.94461441040039,16.547521591186523,10.177752494812012,10.177752494812012,0.360617995262146,0.6242024302482605,86.46118927001953,18935.0,13.114155769348145,2872.0,0.0,0.0,0.42465752363204956,93.0,0.0,0.0,8.085380554199219,10.881710052490234,7.056101322174072,7.056101322174072,0.7252159118652344,0.8539917469024658,95.59817504882812,5234.0,4.109589099884033,225.0,0.0,0.0,0.29223746061325073,16.0,0.0,0.0,11.861275672912598,16.212785720825195,10.142459869384766,10.142459869384766,0.3879745602607727,0.6409257650375366,86.77626037597656,4751.0,12.73059368133545,697.0,0.0,0.0,0.4931506812572479,27.0,0.0,0.0,13.489398002624512,18.403959274291992,11.429182052612305,11.429182052612305,0.20754408836364746,0.5102895498275757,82.81278991699219,4534.0,16.69406509399414,914.0,0.0,0.0,0.4931506812572479,27.0,0.0,0.0,14.34240436553955,19.372926712036133,12.083267211914062,12.083267211914062,0.11735391616821289,0.44155752658843994,80.65753936767578,4416.0,18.922374725341797,1036.0,0.0,0.0,0.42009130120277405,23.0,0.0,0.0,1.0,0.21052631735801697,0.2210526168346405,0.2631579041481018,0.3052631616592407
21,0.20702587245419937,11.98653793334961,16.599733352661133,10.216826438903809,10.216826438903809,0.35657691955566406,0.6217261552810669,86.3059310913086,18901.0,13.264841079711914,2905.0,0.0,0.0,0.4292237460613251,94.0,0.0,0.0,8.148982048034668,10.96680736541748,7.10856819152832,7.10856819152832,0.720901370048523,0.8516168594360352,95.54338073730469,5231.0,4.146118640899658,227.0,0.0,0.0,0.310502290725708,17.0,0.0,0.0,11.899079322814941,16.26413917541504,10.178372383117676,10.178372383117676,0.384091317653656,0.6385796666145325,86.55707550048828,4739.0,12.949771881103516,709.0,0.0,0.0,0.4931506812572479,27.0,0.0,0.0,13.5169677734375,18.437213897705078,11.459982872009277,11.459982872009277,0.20467770099639893,0.5083261728286743,82.61186981201172,4523.0,16.894977569580078,925.0,0.0,0.0,0.4931506812572479,27.0,0.0,0.0,14.381121635437012,19.428863525390625,12.120380401611328,12.120380401611328,0.11224943399429321,0.43864649534225464,80.51141357421875,4408.0,19.068492889404297,1044.0,0.0,0.0,0.42009130120277405,23.0,0.0,0.0,1.0,0.21052631735801697,0.2210526168346405,0.2631579041481018,0.3052631616592407
22,0.20598804740014268,11.95346450805664,16.541627883911133,10.185577392578125,10.185577392578125,0.36107343435287476,0.624738335609436,86.48402404785156,18940.0,13.091323852539062,2867.0,0.0,0.0,0.42465752363204956,93.0,0.0,0.0,8.120088577270508,10.92820930480957,7.08623743057251,7.08623743057251,0.7228624820709229,0.8526336550712585,95.57991027832031,5233.0,4.127853870391846,226.0,0.0,0.0,0.29223746061325073,16.0,0.0,0.0,11.87318229675293,16.216794967651367,10.154168128967285,10.154168128967285,0.3876718282699585,0.6408559679985046,86.70320129394531,4747.0,12.8036527633667,701.0,0.0,0.0,0.4931506812572479,27.0,0.0,0.0,13.4829740524292,18.37868309020996,11.421212196350098,11.421212196350098,0.20971935987472534,0.5124799013137817,82.86758422851562,4537.0,16.639270782470703,911.0,0.0,0.0,0.4931506812572479,27.0,0.0,0.0,14.337614059448242,19.34724235534668,12.080698013305664,12.080698013305664,0.11969280242919922,0.443249374628067,80.78538513183594,4423.0,18.794519424438477,1029.0,0.0,0.0,0.42009130120277405,23.0,0.0,0.0,1.0,0.21052631735801697,0.2210526168346405,0.2631579041481018,0.3052631616592407
step,fold4/test_loss,fold4/test_mae,fold4/test_rmse,fold4/test_mard,fold4/test_mape,fold4/test_r2,fold4/test_pearson,fold4/test_ega_zone_a_pct,fold4/test_ega_zone_a_count,fold4/test_ega_zone_b_pct,fold4/test_ega_zone_b_count,fold4/test_ega_zone_c_pct,fold4/test_ega_zone_c_count,fold4/test_ega_zone_d_pct,fold4/test_ega_zone_d_count,fold4/test_ega_zone_e_pct,fold4/test_ega_zone_e_count,fold4/test_horizon_15_mae,fold4/test_horizon_15_rmse,fold4/test_horizon_15_mard,fold4/test_horizon_15_mape,fold4/test_horizon_15_r2,fold4/test_horizon_15_pearson,fold4/test_horizon_15_ega_zone_a_pct,fold4/test_horizon_15_ega_zone_a_count,fold4/test_horizon_15_ega_zone_b_pct,fold4/test_horizon_15_ega_zone_b_count,fold4/test_horizon_15_ega_zone_c_pct,fold4/test_horizon_15_ega_zone_c_count,fold4/test_horizon_15_ega_zone_d_pct,fold4/test_horizon_15_ega_zone_d_count,fold4/test_horizon_15_ega_zone_e_pct,fold4/test_horizon_15_ega_zone_e_count,fold4/test_horizon_30_mae,fold4/test_horizon_30_rmse,fold4/test_horizon_30_mard,fold4/test_horizon_30_mape,fold4/test_horizon_30_r2,fold4/test_horizon_30_pearson,fold4/test_horizon_30_ega_zone_a_pct,fold4/test_horizon_30_ega_zone_a_count,fold4/test_horizon_30_ega_zone_b_pct,fold4/test_horizon_30_ega_zone_b_count,fold4/test_horizon_30_ega_zone_c_pct,fold4/test_horizon_30_ega_zone_c_count,fold4/test_horizon_30_ega_zone_d_pct,fold4/test_horizon_30_ega_zone_d_count,fold4/test_horizon_30_ega_zone_e_pct,fold4/test_horizon_30_ega_zone_e_count,fold4/test_horizon_45_mae,fold4/test_horizon_45_rmse,fold4/test_horizon_45_mard,fold4/test_horizon_45_mape,fold4/test_horizon_45_r2,fold4/test_horizon_45_pearson,fold4/test_horizon_45_ega_zone_a_pct,fold4/test_horizon_45_ega_zone_a_count,fold4/test_horizon_45_ega_zone_b_pct,fold4/test_horizon_45_ega_zone_b_count,fold4/test_horizon_45_ega_zone_c_pct,fold4/test_horizon_45_ega_zone_c_count,fold4/test_horizon_45_ega_zone_d_pct,fold4/test_horizon_45_ega_zone_d_count,fold4/test_horizon_45_ega_zone_e_pct,fold4/test_horizon_45_ega_zone_e_count,fold4/test_horizon_60_mae,fold4/test_horizon_60_rmse,fold4/test_horizon_60_mard,fold4/test_horizon_60_mape,fold4/test_horizon_60_r2,fold4/test_horizon_60_pearson,fold4/test_horizon_60_ega_zone_a_pct,fold4/test_horizon_60_ega_zone_a_count,fold4/test_horizon_60_ega_zone_b_pct,fold4/test_horizon_60_ega_zone_b_count,fold4/test_horizon_60_ega_zone_c_pct,fold4/test_horizon_60_ega_zone_c_count,fold4/test_horizon_60_ega_zone_d_pct,fold4/test_horizon_60_ega_zone_d_count,fold4/test_horizon_60_ega_zone_e_pct,fold4/test_horizon_60_ega_zone_e_count
0,0.26992164372268773,10.927197456359863,15.545523643493652,9.719422340393066,9.719422340393066,0.3482811450958252,0.5911251306533813,85.99053192138672,4358.0,13.851616859436035,702.0,0.0,0.0,0.15785318613052368,8.0,0.0,0.0,7.463911056518555,9.979009628295898,6.6848464012146,6.6848464012146,0.7267661094665527,0.8581631183624268,96.1325912475586,1218.0,3.709550142288208,47.0,0.0,0.0,0.15785318613052368,2.0,0.0,0.0,10.600181579589844,14.853799819946289,9.39521598815918,9.39521598815918,0.4012335538864136,0.6344305276870728,86.58247375488281,1097.0,13.259668350219727,168.0,0.0,0.0,0.15785318613052368,2.0,0.0,0.0,12.300705909729004,17.309694290161133,10.92171573638916,10.92171573638916,0.19669461250305176,0.4488924741744995,82.32044219970703,1043.0,17.521705627441406,222.0,0.0,0.0,0.15785318613052368,2.0,0.0,0.0,13.34399700164795,18.622880935668945,11.875909805297852,11.875909805297852,0.08077257871627808,0.3148883283138275,78.92659759521484,1000.0,20.91554832458496,265.0,0.0,0.0,0.15785318613052368,2.0,0.0,0.0
step,fold5/train_loss,fold5/val_mae,fold5/val_rmse,fold5/val_mard,fold5/val_mape,fold5/val_r2,fold5/val_pearson,fold5/val_ega_zone_a_pct,fold5/val_ega_zone_a_count,fold5/val_ega_zone_b_pct,fold5/val_ega_zone_b_count,fold5/val_ega_zone_c_pct,fold5/val_ega_zone_c_count,fold5/val_ega_zone_d_pct,fold5/val_ega_zone_d_count,fold5/val_ega_zone_e_pct,fold5/val_ega_zone_e_count,fold5/val_horizon_15_mae,fold5/val_horizon_15_rmse,fold5/val_horizon_15_mard,fold5/val_horizon_15_mape,fold5/val_horizon_15_r2,fold5/val_horizon_15_pearson,fold5/val_horizon_15_ega_zone_a_pct,fold5/val_horizon_15_ega_zone_a_count,fold5/val_horizon_15_ega_zone_b_pct,fold5/val_horizon_15_ega_zone_b_count,fold5/val_horizon_15_ega_zone_c_pct,fold5/val_horizon_15_ega_zone_c_count,fold5/val_horizon_15_ega_zone_d_pct,fold5/val_horizon_15_ega_zone_d_count,fold5/val_horizon_15_ega_zone_e_pct,fold5/val_horizon_15_ega_zone_e_count,fold5/val_horizon_30_mae,fold5/val_horizon_30_rmse,fold5/val_horizon_30_mard,fold5/val_horizon_30_mape,fold5/val_horizon_30_r2,fold5/val_horizon_30_pearson,fold5/val_horizon_30_ega_zone_a_pct,fold5/val_horizon_30_ega_zone_a_count,fold5/val_horizon_30_ega_zone_b_pct,fold5/val_horizon_30_ega_zone_b_count,fold5/val_horizon_30_ega_zone_c_pct,fold5/val_horizon_30_ega_zone_c_count,fold5/val_horizon_30_ega_zone_d_pct,fold5/val_horizon_30_ega_zone_d_count,fold5/val_horizon_30_ega_zone_e_pct,fold5/val_horizon_30_ega_zone_e_count,fold5/val_horizon_45_mae,fold5/val_horizon_45_rmse,fold5/val_horizon_45_mard,fold5/val_horizon_45_mape,fold5/val_horizon_45_r2,fold5/val_horizon_45_pearson,fold5/val_horizon_45_ega_zone_a_pct,fold5/val_horizon_45_ega_zone_a_count,fold5/val_horizon_45_ega_zone_b_pct,fold5/val_horizon_45_ega_zone_b_count,fold5/val_horizon_45_ega_zone_c_pct,fold5/val_horizon_45_ega_zone_c_count,fold5/val_horizon_45_ega_zone_d_pct,fold5/val_horizon_45_ega_zone_d_count,fold5/val_horizon_45_ega_zone_e_pct,fold5/val_horizon_45_ega_zone_e_count,fold5/val_horizon_60_mae,fold5/val_horizon_60_rmse,fold5/val_horizon_60_mard,fold5/val_horizon_60_mape,fold5/val_horizon_60_r2,fold5/val_horizon_60_pearson,fold5/val_horizon_60_ega_zone_a_pct,fold5/val_horizon_60_ega_zone_a_count,fold5/val_horizon_60_ega_zone_b_pct,fold5/val_horizon_60_ega_zone_b_count,fold5/val_horizon_60_ega_zone_c_pct,fold5/val_horizon_60_ega_zone_c_count,fold5/val_horizon_60_ega_zone_d_pct,fold5/val_horizon_60_ega_zone_d_count,fold5/val_horizon_60_ega_zone_e_pct,fold5/val_horizon_60_ega_zone_e_count,fold5/diag_horizon_curriculum_progress,fold5/diag_loss_horizon_weight_0,fold5/diag_loss_horizon_weight_1,fold5/diag_loss_horizon_weight_2,fold5/diag_loss_horizon_weight_3
1,0.3970859333901485,15.88756275177002,20.02996826171875,15.416516304016113,15.416516304016113,0.2963334918022156,0.6492280960083008,72.9385986328125,16630.0,24.824562072753906,5660.0,0.0,0.0,2.236842155456543,510.0,0.0,0.0,14.64378547668457,18.525312423706055,14.241455078125,14.241455078125,0.397280752658844,0.718510627746582,76.68421173095703,4371.0,21.140350341796875,1205.0,0.0,0.0,2.175438642501831,124.0,0.0,0.0,15.79210376739502,19.940954208374023,15.28281307220459,15.28281307220459,0.3026697039604187,0.6629356741905212,73.08772277832031,4166.0,24.6842098236084,1407.0,0.0,0.0,2.2280702590942383,127.0,0.0,0.0,16.523439407348633,20.689353942871094,16.05707550048828,16.05707550048828,0.2497120499610901,0.6261743307113647,71.08771514892578,4052.0,26.63157844543457,1518.0,0.0,0.0,2.2807016372680664,130.0,0.0,0.0,16.590927124023438,20.878704071044922,16.0847225189209,16.0847225189209,0.23583984375,0.606928825378418,70.89473724365234,4041.0,26.842105865478516,1530.0,0.0,0.0,2.263157844543457,129.0,0.0,0.0,0.0,0.3333333432674408,0.28333333134651184,0.21666665375232697,0.1666666716337204
2,0.370204009631735,13.821305274963379,18.314558029174805,13.004244804382324,13.004244804382324,0.4116995334625244,0.6669822335243225,79.15789794921875,18048.0,18.61842155456543,4245.0,0.0,0.0,2.223684310913086,507.0,0.0,0.0,12.323920249938965,16.603967666625977,11.52821159362793,11.52821159362793,0.5158190131187439,0.7343924045562744,82.96491241455078,4729.0,14.912280082702637,850.0,0.0,0.0,2.122807025909424,121.0,0.0,0.0,13.573225021362305,18.07193946838379,12.738789558410645,12.738789558410645,0.4272618889808655,0.6782343983650208,79.85964965820312,4552.0,17.912281036376953,1021.0,0.0,0.0,2.2280702590942383,127.0,0.0,0.0,14.439888000488281,18.9481201171875,13.617250442504883,13.617250442504883,0.37068742513656616,0.6412857174873352,77.71929931640625,4430.0,20.0,1140.0,0.0,0.0,2.2807016372680664,130.0,0.0,0.0,14.9481840133667,19.5031795501709,14.13272476196289,14.13272476196289,0.33321142196655273,0.615488588809967,76.08772277832031,4337.0,21.64912223815918,1234.0,0.0,0.0,2.263157844543457,129.0,0.0,0.0,0.07142857142857142,0.3245614171028137,0.2788847088813782,0.21998745203018188,0.17656642198562622
3,0.3349878971659319,12.847490310668945,17.446556091308594,12.027009010314941,12.027009010314941,0.46614205837249756,0.6912282109260559,81.39473724365234,18558.0,16.48245620727539,3758.0,0.0,0.0,2.122807025909424,484.0,0.0,0.0,11.000686645507812,15.234016418457031,10.247282981872559,10.247282981872559,0.5924200415611267,0.7737125754356384,85.78947448730469,4890.0,12.456140518188477,710.0,0.0,0.0,1.7543859481811523,100.0,0.0,0.0,12.563183784484863,17.180967330932617,11.734783172607422,11.734783172607422,0.48234325647354126,0.701861560344696,81.98246002197266,4673.0,15.82456111907959,902.0,0.0,0.0,2.1929824352264404,125.0,0.0,0.0,13.588172912597656,18.24593162536621,12.73217487335205,12.73217487335205,0.41646599769592285,0.6585014462471008,79.54386138916016,4534.0,18.175437927246094,1036.0,0.0,0.0,2.2807016372680664,130.0,0.0,0.0,14.237923622131348,18.903818130493164,13.393792152404785,13.393792152404785,0.3735644817352295,0.6273312568664551,78.2631607055664,4461.0,19.473684310913086,1110.0,0.0,0.0,2.263157844543457,129.0,0.0,0.0,0.14285714285714285,0.31578949093818665,0.2744360864162445,0.223308265209198,0.18646617233753204
4,0.3013162540754865,12.527894973754883,16.990394592285156,11.785301208496094,11.785301208496094,0.4936937689781189,0.7112510204315186,82.14035034179688,18728.0,15.70613956451416,3581.0,0.0,0.0,2.1535086631774902,491.0,0.0,0.0,10.291730880737305,14.130453109741211,9.714505195617676,9.714505195617676,0.6493320465087891,0.812102735042572,87.6140365600586,4994.0,10.508771896362305,599.0,0.0,0.0,1.8771929740905762,107.0,0.0,0.0,12.262828826904297,16.705095291137695,11.516704559326172,11.516704559326172,0.5106219053268433,0.7219716310501099,82.35088348388672,4694.0,15.456140518188477,881.0,0.0,0.0,2.1929824352264404,125.0,0.0,0.0,13.42094612121582,18.018518447875977,12.607587814331055,12.607587814331055,0.43092137575149536,0.6677248477935791,79.92982482910156,4556.0,17.789474487304688,1014.0,0.0,0.0,2.2807016372680664,130.0,0.0,0.0,14.136075973510742,18.742919921875,13.30240535736084,13.30240535736084,0.3841829299926758,0.6338167190551758,78.66667175292969,4484.0,19.070175170898438,1087.0,0.0,0.0,2.263157844543457,129.0,0.0,0.0,0.21428571428571427,0.30701756477355957,0.26998746395111084,0.22662906348705292,0.19636592268943787
5,0.2906764326185312,12.516183853149414,16.878267288208008,11.787379264831543,11.787379264831543,0.5003544092178345,0.7166343331336975,82.1973648071289,18741.0,15.622806549072266,3562.0,0.0,0.0,2.1798245906829834,497.0,0.0,0.0,10.18704891204834,13.785484313964844,9.659139633178711,9.659139633178711,0.6662448644638062,0.8246001601219177,87.98246002197266,5015.0,10.052631378173828,573.0,0.0,0.0,1.9649121761322021,112.0,0.0,0.0,12.262308120727539,16.590923309326172,11.524535179138184,11.524535179138184,0.5172884464263916,0.7273906469345093,82.4912338256836,4702.0,15.298245429992676,872.0,0.0,0.0,2.210526466369629,126.0,0.0,0.0,13.457059860229492,17.994260787963867,12.65090560913086,12.65090560913086,0.43245261907577515,0.6681665182113647,79.8245620727539,4550.0,17.894737243652344,1020.0,0.0,0.0,2.2807016372680664,130.0,0.0,0.0,14.158313751220703,18.71929168701172,13.314932823181152,13.314932823181152,0.38573455810546875,0.6337835788726807,78.49122619628906,4474.0,19.245615005493164,1097.0,0.0,0.0,2.263157844543457,129.0,0.0,0.0,0.2857142857142857,0.2982456088066101,0.2655388414859772,0.22994986176490784,0.2062656730413437
6,0.2838060399037144,12.624454498291016,16.903566360473633,11.92441177368164,11.92441177368164,0.49885547161102295,0.7169868350028992,81.86842346191406,18666.0,15.916666030883789,3629.0,0.0,0.0,2.2149124145507812,505.0,0.0,0.0,10.20864486694336,13.679886817932129,9.711029052734375,9.711029052734375,0.6713383197784424,0.8290780186653137,87.80701446533203,5005.0,10.087719917297363,575.0,0.0,0.0,2.1052632331848145,120.0,0.0,0.0,12.386276245117188,16.614791870117188,11.678868293762207,11.678868293762207,0.5158984661102295,0.7280657887458801,82.33333587646484,4693.0,15.456140518188477,881.0,0.0,0.0,2.210526466369629,126.0,0.0,0.0,13.607745170593262,18.06818962097168,12.833502769470215,12.833502769470215,0.4277796149253845,0.6661850810050964,79.49122619628906,4531.0,18.228071212768555,1039.0,0.0,0.0,2.2807016372680664,130.0,0.0,0.0,14.295154571533203,18.7955322265625,13.474246978759766,13.474246978759766,0.38072067499160767,0.6306100487709045,77.84210205078125,4437.0,19.894737243652344,1134.0,0.0,0.0,2.263157844543457,129.0,0.0,0.0,0.35714285714285715,0.28947368264198303,0.2610902190208435,0.23327067494392395,0.2161654233932495
7,0.2782414569786252,12.599051475524902,16.85609245300293,11.933600425720215,11.933600425720215,0.5016664862632751,0.7183522582054138,81.92105102539062,18678.0,15.877193450927734,3620.0,0.0,0.0,2.201754331588745,502.0,0.0,0.0,10.07557201385498,13.492413520812988,9.6131010055542,9.6131010055542,0.680284857749939,0.8338671922683716,87.94737243652344,5013.0,9.964912414550781,568.0,0.0,0.0,2.087719440460205,119.0,0.0,0.0,12.356995582580566,16.564210891723633,11.684877395629883,11.684877395629883,0.5188415050506592,0.7295259833335876,82.43859100341797,4699.0,15.36842155456543,876.0,0.0,0.0,2.1929824352264404,125.0,0.0,0.0,13.622313499450684,18.063308715820312,12.877999305725098,12.877999305725098,0.42808860540390015,0.6656007766723633,79.40351104736328,4526.0,18.33333396911621,1045.0,0.0,0.0,2.263157844543457,129.0,0.0,0.0,14.341323852539062,18.80983543395996,13.558426856994629,13.558426856994629,0.37977784872055054,0.6297842264175415,77.89473724365234,4440.0,19.842103958129883,1131.0,0.0,0.0,2.263157844543457,129.0,0.0,0.0,0.42857142857142855,0.28070175647735596,0.25664159655570984,0.23659147322177887,0.22606515884399414
8,0.2720234523505855,12.592436790466309,16.824243545532227,11.953479766845703,11.953479766845703,0.5035478472709656,0.7204995155334473,81.88157653808594,18669.0,15.921052932739258,3630.0,0.0,0.0,2.1973683834075928,501.0,0.0,0.0,9.961889266967773,13.309106826782227,9.529296875,9.529296875,0.6889130473136902,0.8399779200553894,88.24561309814453,5030.0,9.684209823608398,552.0,0.0,0.0,2.0701754093170166,118.0,0.0,0.0,12.317710876464844,16.506656646728516,11.669273376464844,11.669273376464844,0.522179365158081,0.7322275638580322,82.31578826904297,4692.0,15.491228103637695,883.0,0.0,0.0,2.1929824352264404,125.0,0.0,0.0,13.660282135009766,18.07686996459961,12.939652442932129,12.939652442932129,0.4272295832633972,0.6657420992851257,79.19298553466797,4514.0,18.543859481811523,1057.0,0.0,0.0,2.263157844543457,129.0,0.0,0.0,14.429862976074219,18.863862991333008,13.675692558288574,13.675692558288574,0.3762097954750061,0.6282708644866943,77.77193450927734,4433.0,19.96491241455078,1138.0,0.0,0.0,2.263157844543457,129.0,0.0,0.0,0.5,0.2719298303127289,0.25219297409057617,0.2399122714996338,0.23596492409706116
9,0.26682885803571876,12.603330612182617,16.807653427124023,11.976669311523438,11.976669311523438,0.5045263767242432,0.7218522429466248,81.85964965820312,18664.0,15.951754570007324,3637.0,0.0,0.0,2.188596487045288,499.0,0.0,0.0,9.884783744812012,13.164222717285156,9.468505859375,9.468505859375,0.6956492066383362,0.84530109167099,88.45613861083984,5042.0,9.508771896362305,542.0,0.0,0.0,2.035087823867798,116.0,0.0,0.0,12.325510025024414,16.479259490966797,11.686530113220215,11.686530113220215,0.5237641930580139,0.7341046929359436,82.28070068359375,4690.0,15.526315689086914,885.0,0.0,0.0,2.1929824352264404,125.0,0.0,0.0,13.693424224853516,18.094675064086914,12.978710174560547,12.978710174560547,0.4261006712913513,0.6649574637413025,79.10526275634766,4509.0,18.63157844543457,1062.0,0.0,0.0,2.263157844543457,129.0,0.0,0.0,14.509605407714844,18.913190841674805,13.772934913635254,13.772934913635254,0.3729431629180908,0.6254580616950989,77.59648895263672,4423.0,20.140352249145508,1148.0,0.0,0.0,2.263157844543457,129.0,0.0,0.0,0.5714285714285714,0.2631579041481018,0.2477443516254425,0.2432330846786499,0.24586467444896698
10,0.26097137323215897,12.518226623535156,16.709901809692383,11.908299446105957,11.908299446105957,0.5102729201316833,0.7258524894714355,81.95613861083984,18686.0,15.872806549072266,3619.0,0.0,0.0,2.1710526943206787,495.0,0.0,0.0,9.628437042236328,12.826114654541016,9.21971321105957,9.21971321105957,0.7110822796821594,0.8543609976768494,89.05262756347656,5076.0,8.98245620727539,512.0,0.0,0.0,1.9649121761322021,112.0,0.0,0.0,12.24144458770752,16.367979049682617,11.620298385620117,11.620298385620117,0.5301743149757385,0.738502562046051,82.42105102539062,4698.0,15.385964393615723,877.0,0.0,0.0,2.1929824352264404,125.0,0.0,0.0,13.665093421936035,18.058326721191406,12.970657348632812,12.970657348632812,0.4284040331840515,0.666683554649353,79.03508758544922,4505.0,18.701753616333008,1066.0,0.0,0.0,2.263157844543457,129.0,0.0,0.0,14.537933349609375,18.930402755737305,13.822526931762695,13.822526931762695,0.37180137634277344,0.6244492530822754,77.31578826904297,4407.0,20.421051025390625,1164.0,0.0,0.0,2.263157844543457,129.0,0.0,0.0,0.6428571428571429,0.25438597798347473,0.24329572916030884,0.24655388295650482,0.2557644248008728
11,0.2583301574202689,12.453859329223633,16.62668228149414,11.836475372314453,11.836475372314453,0.5151386857032776,0.7295916080474854,82.127197265625,18725.0,15.697368621826172,3579.0,0.0,0.0,2.175438642501831,496.0,0.0,0.0,9.456451416015625,12.575132369995117,9.042752265930176,9.042752265930176,0.7222787141799927,0.8615809082984924,89.52631378173828,5103.0,8.491228103637695,484.0,0.0,0.0,1.982456088066101,113.0,0.0,0.0,12.17452335357666,16.274131774902344,11.536828994750977,11.536828994750977,0.5355464816093445,0.7421823740005493,82.5614013671875,4706.0,15.245613098144531,869.0,0.0,0.0,2.1929824352264404,125.0,0.0,0.0,13.63963508605957,18.021814346313477,12.933399200439453,12.933399200439453,0.4307131767272949,0.6685969829559326,79.10526275634766,4509.0,18.63157844543457,1062.0,0.0,0.0,2.263157844543457,129.0,0.0,0.0,14.544827461242676,18.92139434814453,13.832919120788574,13.832919120788574,0.37239915132522583,0.6253492832183838,77.31578826904297,4407.0,20.421051025390625,1164.0,0.0,0.0,2.263157844543457,129.0,0.0,0.0,0.7142857142857143,0.24561403691768646,0.23884710669517517,0.24987469613552094,0.26566416025161743
12,0.25343655572973767,12.393264770507812,16.587326049804688,11.775324821472168,11.775324821472168,0.517431378364563,0.731002926826477,82.42105102539062,18792.0,15.39912223815918,3511.0,0.0,0.0,2.1798245906829834,497.0,0.0,0.0,9.212507247924805,12.27858829498291,8.800228118896484,8.800228118896484,0.7352226376533508,0.869132399559021,90.36842346191406,5151.0,7.6666669845581055,437.0,0.0,0.0,1.9649121761322021,112.0,0.0,0.0,12.111544609069824,16.212133407592773,11.47026252746582,11.47026252746582,0.5390784740447998,0.7446068525314331,82.71929931640625,4715.0,15.070176124572754,859.0,0.0,0.0,2.210526466369629,126.0,0.0,0.0,13.641716957092285,18.050058364868164,12.933133125305176,12.933133125305176,0.42892736196517944,0.6668020486831665,79.3859634399414,4525.0,18.33333396911621,1045.0,0.0,0.0,2.2807016372680664,130.0,0.0,0.0,14.60728931427002,19.004100799560547,13.897672653198242,13.897672653198242,0.36690056324005127,0.6201595067977905,77.21052551269531,4401.0,20.526315689086914,1170.0,0.0,0.0,2.263157844543457,129.0,0.0,0.0,0.7857142857142857,0.23684212565422058,0.2343984991312027,0.25319552421569824,0.27556392550468445
13,0.2495944572269231,12.258684158325195,16.430599212646484,11.641718864440918,11.641718864440918,0.5265074372291565,0.7369272112846375,82.76754760742188,18871.0,15.06140422821045,3434.0,0.0,0.0,2.1710526943206787,495.0,0.0,0.0,8.94029426574707,11.90310287475586,8.540291786193848,8.540291786193848,0.7511690855026245,0.8782966732978821,91.1754379272461,5197.0,6.8947367668151855,393.0,0.0,0.0,1.9298245906829834,110.0,0.0,0.0,11.997206687927246,16.056079864501953,11.350723266601562,11.350723266601562,0.547909140586853,0.7502476572990417,83.01754760742188,4732.0,14.771929740905762,842.0,0.0,0.0,2.210526466369629,126.0,0.0,0.0,13.55509090423584,17.95235252380371,12.843544960021973,12.843544960021973,0.4350931644439697,0.6708501577377319,79.59648895263672,4537.0,18.122806549072266,1033.0,0.0,0.0,2.2807016372680664,130.0,0.0,0.0,14.54214096069336,18.923263549804688,13.832314491271973,13.832314491271973,0.37227511405944824,0.6239580512046814,77.28070068359375,4405.0,20.456140518188477,1166.0,0.0,0.0,2.263157844543457,129.0,0.0,0.0,0.8571428571428571,0.22807016968727112,0.22994986176490784,0.25651630759239197,0.2854636609554291
14,0.24899217430396525,12.120388984680176,16.31868553161621,11.485482215881348,11.485482215881348,0.5329357385635376,0.7407573461532593,83.0745620727539,18941.0,14.802631378173828,3375.0,0.0,0.0,2.122807025909424,484.0,0.0,0.0,8.62748908996582,11.535326957702637,8.214248657226562,8.214248657226562,0.766308069229126,0.8860262036323547,91.94737243652344,5241.0,6.298245429992676,359.0,0.0,0.0,1.7543859481811523,100.0,0.0,0.0,11.8619966506958,15.918283462524414,11.200711250305176,11.200711250305176,0.5556357502937317,0.7549622058868408,83.22807312011719,4744.0,14.578947067260742,831.0,0.0,0.0,2.1929824352264404,125.0,0.0,0.0,13.492216110229492,17.915027618408203,12.764872550964355,12.764872550964355,0.4374396800994873,0.672574520111084,79.7368392944336,4545.0,17.98245620727539,1025.0,0.0,0.0,2.2807016372680664,130.0,0.0,0.0,14.499858856201172,18.915449142456055,13.762094497680664,13.762094497680664,0.37279343605041504,0.6237483620643616,77.3859634399414,4411.0,20.350875854492188,1160.0,0.0,0.0,2.263157844543457,129.0,0.0,0.0,0.9285714285714286,0.21929824352264404,0.22550123929977417,0.2598370909690857,0.2953633964061737
15,0.24582134684883247,12.020916938781738,16.240928649902344,11.38211441040039,11.38211441040039,0.5373761653900146,0.7429370880126953,83.28070068359375,18988.0,14.609649658203125,3331.0,0.0,0.0,2.1096489429473877,481.0,0.0,0.0,8.476615905761719,11.333797454833984,8.07697868347168,8.07697868347168,0.7744022011756897,0.8899369239807129,92.24561309814453,5258.0,6.035087585449219,344.0,0.0,0.0,1.719298243522644,98.0,0.0,0.0,11.756603240966797,15.821704864501953,11.092763900756836,11.092763900756836,0.5610114336013794,0.7577293515205383,83.3859634399414,4753.0,14.438596725463867,823.0,0.0,0.0,2.175438642501831,124.0,0.0,0.0,13.399758338928223,17.862743377685547,12.659049034118652,12.659049034118652,0.4407185912132263,0.6738794445991516,79.92982482910156,4556.0,17.789474487304688,1014.0,0.0,0.0,2.2807016372680664,130.0,0.0,0.0,14.450689315795898,18.900056838989258,13.699666023254395,13.699666023254395,0.37381380796432495,0.6238856315612793,77.5614013671875,4421.0,20.175439834594727,1150.0,0.0,0.0,2.263157844543457,129.0,0.0,0.0,1.0,0.21052631735801697,0.2210526168346405,0.2631579041481018,0.3052631616592407
16,0.24437187524744938,11.991774559020996,16.222660064697266,11.346944808959961,11.346944808959961,0.53841632604599,0.7432480454444885,83.37281036376953,19009.0,14.52631664276123,3312.0,0.0,0.0,2.100877285003662,479.0,0.0,0.0,8.398510932922363,11.209882736206055,7.995449542999268,7.995449542999268,0.7793082594871521,0.8925753235816956,92.45613861083984,5270.0,5.859649181365967,334.0,0.0,0.0,1.6842104196548462,96.0,0.0,0.0,11.740194320678711,15.793325424194336,11.070777893066406,11.070777893066406,0.5625848770141602,0.7586535215377808,83.49122619628906,4759.0,14.333333015441895,817.0,0.0,0.0,2.175438642501831,124.0,0.0,0.0,13.390819549560547,17.873416900634766,12.642455101013184,12.642455101013184,0.440049946308136,0.6727466583251953,79.87718963623047,4553.0,17.842105865478516,1017.0,0.0,0.0,2.2807016372680664,130.0,0.0,0.0,14.43757438659668,18.924827575683594,13.679096221923828,13.679096221923828,0.3721712827682495,0.6214624643325806,77.66666412353516,4427.0,20.070175170898438,1144.0,0.0,0.0,2.263157844543457,129.0,0.0,0.0,1.0,0.21052631735801697,0.2210526168346405,0.2631579041481018,0.3052631616592407
17,0.24144749854471642,11.892043113708496,16.15910530090332,11.22474479675293,11.22474479675293,0.5420258045196533,0.7447190284729004,83.66228485107422,19075.0,14.258771896362305,3251.0,0.0,0.0,2.0789475440979004,474.0,0.0,0.0,8.22400951385498,11.025490760803223,7.803119659423828,7.803119659423828,0.7865089178085327,0.895553469657898,93.01753997802734,5302.0,5.3684210777282715,306.0,0.0,0.0,1.6140351295471191,92.0,0.0,0.0,11.627949714660645,15.712470054626465,10.930170059204102,10.930170059204102,0.5670521855354309,0.7606136798858643,83.80701446533203,4777.0,14.017542839050293,799.0,0.0,0.0,2.175438642501831,124.0,0.0,0.0,13.330602645874023,17.84951400756836,12.557573318481445,12.557573318481445,0.4415466785430908,0.6730445027351379,80.03508758544922,4562.0,17.701753616333008,1009.0,0.0,0.0,2.263157844543457,129.0,0.0,0.0,14.385611534118652,18.905517578125,13.60811710357666,13.60811710357666,0.3734518885612488,0.6214631795883179,77.78947448730469,4434.0,19.947368621826172,1137.0,0.0,0.0,2.263157844543457,129.0,0.0,0.0,1.0,0.21052631735801697,0.2210526168346405,0.2631579041481018,0.3052631616592407
18,0.23972809708987836,11.895453453063965,16.143220901489258,11.241107940673828,11.241107940673828,0.5429258346557617,0.7451881170272827,83.69297790527344,19082.0,14.223684310913086,3243.0,0.0,0.0,2.0833334922790527,475.0,0.0,0.0,8.208913803100586,10.955928802490234,7.803092956542969,7.803092956542969,0.7891942858695984,0.8973495364189148,93.19298553466797,5312.0,5.192982196807861,296.0,0.0,0.0,1.6140351295471191,92.0,0.0,0.0,11.629301071166992,15.6831636428833,10.944022178649902,10.944022178649902,0.5686657428741455,0.7615551352500916,83.877197265625,4781.0,13.947369575500488,795.0,0.0,0.0,2.175438642501831,124.0,0.0,0.0,13.33906078338623,17.846477508544922,12.579915046691895,12.579915046691895,0.44173663854599,0.6726892590522766,80.0526351928711,4563.0,17.66666603088379,1007.0,0.0,0.0,2.2807016372680664,130.0,0.0,0.0,14.404537200927734,18.918867111206055,13.637405395507812,13.637405395507812,0.372566819190979,0.6201817989349365,77.64912414550781,4426.0,20.087718963623047,1145.0,0.0,0.0,2.263157844543457,129.0,0.0,0.0,1.0,0.21052631735801697,0.2210526168346405,0.2631579041481018,0.3052631616592407
19,0.23817951736486423,11.862964630126953,16.116117477416992,11.203951835632324,11.203951835632324,0.544459342956543,0.746268093585968,83.7631607055664,19098.0,14.153509140014648,3227.0,0.0,0.0,2.0833334922790527,475.0,0.0,0.0,8.129659652709961,10.858085632324219,7.716523170471191,7.716523170471191,0.7929427623748779,0.8992591500282288,93.33333587646484,5320.0,5.052631855010986,288.0,0.0,0.0,1.6140351295471191,92.0,0.0,0.0,11.59426498413086,15.6425142288208,10.904200553894043,10.904200553894043,0.5708987712860107,0.7630362510681152,84.0,4788.0,13.82456111907959,788.0,0.0,0.0,2.175438642501831,124.0,0.0,0.0,13.326146125793457,17.83761215209961,12.562148094177246,12.562148094177246,0.44229114055633545,0.6733092665672302,80.0526351928711,4563.0,17.66666603088379,1007.0,0.0,0.0,2.2807016372680664,130.0,0.0,0.0,14.401785850524902,18.92485809326172,13.632930755615234,13.632930755615234,0.3721693158149719,0.6202413439750671,77.66666412353516,4427.0,20.070175170898438,1144.0,0.0,0.0,2.263157844543457,129.0,0.0,0.0,1.0,0.21052631735801697,0.2210526168346405,0.2631579041481018,0.3052631616592407
20,0.2371664063866121,11.87142562866211,16.109235763549805,11.215417861938477,11.215417861938477,0.5448483228683472,0.7465816736221313,83.8245620727539,19112.0,14.114035606384277,3218.0,0.0,0.0,2.061403512954712,470.0,0.0,0.0,8.072585105895996,10.770376205444336,7.658266067504883,7.658266067504883,0.7962743639945984,0.9010881781578064,93.63157653808594,5337.0,4.842104911804199,276.0,0.0,0.0,1.5263158082962036,87.0,0.0,0.0,11.601466178894043,15.627167701721191,10.91203784942627,10.91203784942627,0.5717403292655945,0.7638766765594482,84.0526351928711,4791.0,13.771930694580078,785.0,0.0,0.0,2.175438642501831,124.0,0.0,0.0,13.356331825256348,17.84799575805664,12.596550941467285,12.596550941467285,0.4416416883468628,0.6728013753890991,80.08772277832031,4565.0,17.63157844543457,1005.0,0.0,0.0,2.2807016372680664,130.0,0.0,0.0,14.455318450927734,18.954404830932617,13.694818496704102,13.694818496704102,0.37020736932754517,0.618514358997345,77.52631378173828,4419.0,20.210527420043945,1152.0,0.0,0.0,2.263157844543457,129.0,0.0,0.0,1.0,0.21052631735801697,0.2210526168346405,0.2631579041481018,0.3052631616592407
21,0.23495919921196928,11.891258239746094,16.128448486328125,11.234123229980469,11.234123229980469,0.5437619686126709,0.7459343075752258,83.76754760742188,19099.0,14.166666984558105,3230.0,0.0,0.0,2.0657894611358643,471.0,0.0,0.0,8.075247764587402,10.752212524414062,7.670992851257324,7.670992851257324,0.7969609498977661,0.9018570780754089,93.49122619628906,5329.0,4.964912414550781,283.0,0.0,0.0,1.5438597202301025,88.0,0.0,0.0,11.614994049072266,15.63429069519043,10.922035217285156,10.922035217285156,0.5713498592376709,0.7636640071868896,84.0526351928711,4791.0,13.771930694580078,785.0,0.0,0.0,2.175438642501831,124.0,0.0,0.0,13.387904167175293,17.879507064819336,12.621635437011719,12.621635437011719,0.43966835737228394,0.6712693572044373,80.01753997802734,4561.0,17.701753616333008,1009.0,0.0,0.0,2.2807016372680664,130.0,0.0,0.0,14.486889839172363,18.994457244873047,13.721834182739258,13.721834182739258,0.3675428628921509,0.6161636710166931,77.50877380371094,4418.0,20.228069305419922,1153.0,0.0,0.0,2.263157844543457,129.0,0.0,0.0,1.0,0.21052631735801697,0.2210526168346405,0.2631579041481018,0.3052631616592407
22,0.23386434330995828,11.891456604003906,16.134084701538086,11.238184928894043,11.238184928894043,0.5434430241584778,0.745698869228363,83.69297790527344,19082.0,14.236842155456543,3246.0,0.0,0.0,2.0701754093170166,472.0,0.0,0.0,8.06893253326416,10.746146202087402,7.659803867340088,7.659803867340088,0.7971899509429932,0.9020358920097351,93.47368621826172,5328.0,4.964912414550781,283.0,0.0,0.0,1.561403512954712,89.0,0.0,0.0,11.617366790771484,15.639090538024902,10.930154800415039,10.930154800415039,0.5710866451263428,0.7635437846183777,83.9473648071289,4785.0,13.877193450927734,791.0,0.0,0.0,2.175438642501831,124.0,0.0,0.0,13.396578788757324,17.89020347595215,12.639792442321777,12.639792442321777,0.43899768590927124,0.6707576513290405,79.94737243652344,4557.0,17.771928787231445,1013.0,0.0,0.0,2.2807016372680664,130.0,0.0,0.0,14.482951164245605,19.003013610839844,13.722981452941895,13.722981452941895,0.36697304248809814,0.6153244972229004,77.40351104736328,4412.0,20.33333396911621,1159.0,0.0,0.0,2.263157844543457,129.0,0.0,0.0,1.0,0.21052631735801697,0.2210526168346405,0.2631579041481018,0.3052631616592407
23,0.23237933188199178,11.876849174499512,16.124725341796875,11.2042818069458,11.2042818069458,0.5439725518226624,0.745549201965332,83.8245620727539,19112.0,14.11842155456543,3219.0,0.0,0.0,2.0570175647735596,469.0,0.0,0.0,8.041131973266602,10.7085599899292,7.623318672180176,7.623318672180176,0.7986062169075012,0.9025892019271851,93.66666412353516,5339.0,4.82456111907959,275.0,0.0,0.0,1.5087718963623047,86.0,0.0,0.0,11.596863746643066,15.61728572845459,10.893121719360352,10.893121719360352,0.5722817778587341,0.7639279365539551,84.12281036376953,4795.0,13.701754570007324,781.0,0.0,0.0,2.175438642501831,124.0,0.0,0.0,13.392403602600098,17.89251708984375,12.612895965576172,12.612895965576172,0.43885254859924316,0.6700431108474731,80.15789031982422,4569.0,17.561403274536133,1001.0,0.0,0.0,2.2807016372680664,130.0,0.0,0.0,14.476997375488281,19.008207321166992,13.687786102294922,13.687786102294922,0.3666268587112427,0.6140227317810059,77.35087585449219,4409.0,20.385963439941406,1162.0,0.0,0.0,2.263157844543457,129.0,0.0,0.0,1.0,0.21052631735801697,0.2210526168346405,0.2631579041481018,0.3052631616592407
24,0.23188708603952815,11.920863151550293,16.176115036010742,11.249862670898438,11.249862670898438,0.5410611629486084,0.7431409955024719,83.69297790527344,19082.0,14.254384994506836,3250.0,0.0,0.0,2.0526316165924072,468.0,0.0,0.0,8.04955005645752,10.722416877746582,7.630626678466797,7.630626678466797,0.7980846166610718,0.901922881603241,93.63157653808594,5337.0,4.877192974090576,278.0,0.0,0.0,1.4912279844284058,85.0,0.0,0.0,11.642627716064453,15.668188095092773,10.938193321228027,10.938193321228027,0.5694891214370728,0.7617011666297913,83.92982482910156,4784.0,13.894737243652344,792.0,0.0,0.0,2.175438642501831,124.0,0.0,0.0,13.446124076843262,17.951452255249023,12.668551445007324,12.668551445007324,0.4351498484611511,0.666729211807251,80.0,4560.0,17.71929931640625,1010.0,0.0,0.0,2.2807016372680664,130.0,0.0,0.0,14.545153617858887,19.07747459411621,13.762084007263184,13.762084007263184,0.36200231313705444,0.6096079349517822,77.21052551269531,4401.0,20.526315689086914,1170.0,0.0,0.0,2.263157844543457,129.0,0.0,0.0,1.0,0.21052631735801697,0.2210526168346405,0.2631579041481018,0.3052631616592407
25,0.2311017404057862,11.912911415100098,16.17212677001953,11.232673645019531,11.232673645019531,0.5412875413894653,0.7438015341758728,83.77631378173828,19101.0,14.171051979064941,3231.0,0.0,0.0,2.0526316165924072,468.0,0.0,0.0,8.027159690856934,10.693824768066406,7.598893165588379,7.598893165588379,0.7991600632667542,0.9028851389884949,93.71929931640625,5342.0,4.789474010467529,273.0,0.0,0.0,1.4912279844284058,85.0,0.0,0.0,11.63123607635498,15.661053657531738,10.91250991821289,10.91250991821289,0.5698810815811157,0.7624993324279785,84.03508758544922,4790.0,13.789473533630371,786.0,0.0,0.0,2.175438642501831,124.0,0.0,0.0,13.449589729309082,17.95983123779297,12.662464141845703,12.662464141845703,0.43462246656417847,0.6670058369636536,80.0526351928711,4563.0,17.66666603088379,1007.0,0.0,0.0,2.2807016372680664,130.0,0.0,0.0,14.543661117553711,19.077960968017578,13.756828308105469,13.756828308105469,0.3619699478149414,0.6101491451263428,77.29824829101562,4406.0,20.438596725463867,1165.0,0.0,0.0,2.263157844543457,129.0,0.0,0.0,1.0,0.21052631735801697,0.2210526168346405,0.2631579041481018,0.3052631616592407
26,0.23007419336913446,11.870369911193848,16.1429500579834,11.192865371704102,11.192865371704102,0.542941153049469,0.744428813457489,83.85964965820312,19120.0,14.092105865478516,3213.0,0.0,0.0,2.048245668411255,467.0,0.0,0.0,7.9810566902160645,10.64680290222168,7.560420989990234,7.560420989990234,0.8009223937988281,0.9033224582672119,93.75438690185547,5344.0,4.754385948181152,271.0,0.0,0.0,1.4912279844284058,85.0,0.0,0.0,11.59048080444336,15.628416061401367,10.877569198608398,10.877569198608398,0.5716719627380371,0.7632237672805786,84.03508758544922,4790.0,13.807018280029297,787.0,0.0,0.0,2.1578946113586426,123.0,0.0,0.0,13.401358604431152,17.929485321044922,12.613317489624023,12.613317489624023,0.4365313649177551,0.6678646802902222,80.22807312011719,4573.0,17.491228103637695,997.0,0.0,0.0,2.2807016372680664,130.0,0.0,0.0,14.508583068847656,19.060720443725586,13.720154762268066,13.720154762268066,0.36312252283096313,0.6107492446899414,77.42105102539062,4413.0,20.3157901763916,1158.0,0.0,0.0,2.263157844543457,129.0,0.0,0.0,1.0,0.21052631735801697,0.2210526168346405,0.2631579041481018,0.3052631616592407
27,0.22996248964412394,11.87196159362793,16.130754470825195,11.209285736083984,11.209285736083984,0.5436314344406128,0.7453696131706238,83.81578826904297,19110.0,14.122806549072266,3220.0,0.0,0.0,2.061403512954712,470.0,0.0,0.0,7.9821271896362305,10.638257026672363,7.575201988220215,7.575201988220215,0.8012418746948242,0.9040793776512146,93.63157653808594,5337.0,4.842104911804199,276.0,0.0,0.0,1.5263158082962036,87.0,0.0,0.0,11.593937873840332,15.615385055541992,10.895769119262695,10.895769119262695,0.5723859071731567,0.7641223669052124,84.08771514892578,4793.0,13.736842155456543,783.0,0.0,0.0,2.175438642501831,124.0,0.0,0.0,13.406949996948242,17.916608810424805,12.637516975402832,12.637516975402832,0.4373404383659363,0.668938398361206,80.07017517089844,4564.0,17.64912223815918,1006.0,0.0,0.0,2.2807016372680664,130.0,0.0,0.0,14.504828453063965,19.046979904174805,13.728663444519043,13.728663444519043,0.3640404939651489,0.6118984222412109,77.47367858886719,4416.0,20.26315689086914,1155.0,0.0,0.0,2.263157844543457,129.0,0.0,0.0,1.0,0.21052631735801697,0.2210526168346405,0.2631579041481018,0.3052631616592407
step,fold5/test_loss,fold5/test_mae,fold5/test_rmse,fold5/test_mard,fold5/test_mape,fold5/test_r2,fold5/test_pearson,fold5/test_ega_zone_a_pct,fold5/test_ega_zone_a_count,fold5/test_ega_zone_b_pct,fold5/test_ega_zone_b_count,fold5/test_ega_zone_c_pct,fold5/test_ega_zone_c_count,fold5/test_ega_zone_d_pct,fold5/test_ega_zone_d_count,fold5/test_ega_zone_e_pct,fold5/test_ega_zone_e_count,fold5/test_horizon_15_mae,fold5/test_horizon_15_rmse,fold5/test_horizon_15_mard,fold5/test_horizon_15_mape,fold5/test_horizon_15_r2,fold5/test_horizon_15_pearson,fold5/test_horizon_15_ega_zone_a_pct,fold5/test_horizon_15_ega_zone_a_count,fold5/test_horizon_15_ega_zone_b_pct,fold5/test_horizon_15_ega_zone_b_count,fold5/test_horizon_15_ega_zone_c_pct,fold5/test_horizon_15_ega_zone_c_count,fold5/test_horizon_15_ega_zone_d_pct,fold5/test_horizon_15_ega_zone_d_count,fold5/test_horizon_15_ega_zone_e_pct,fold5/test_horizon_15_ega_zone_e_count,fold5/test_horizon_30_mae,fold5/test_horizon_30_rmse,fold5/test_horizon_30_mard,fold5/test_horizon_30_mape,fold5/test_horizon_30_r2,fold5/test_horizon_30_pearson,fold5/test_horizon_30_ega_zone_a_pct,fold5/test_horizon_30_ega_zone_a_count,fold5/test_horizon_30_ega_zone_b_pct,fold5/test_horizon_30_ega_zone_b_count,fold5/test_horizon_30_ega_zone_c_pct,fold5/test_horizon_30_ega_zone_c_count,fold5/test_horizon_30_ega_zone_d_pct,fold5/test_horizon_30_ega_zone_d_count,fold5/test_horizon_30_ega_zone_e_pct,fold5/test_horizon_30_ega_zone_e_count,fold5/test_horizon_45_mae,fold5/test_horizon_45_rmse,fold5/test_horizon_45_mard,fold5/test_horizon_45_mape,fold5/test_horizon_45_r2,fold5/test_horizon_45_pearson,fold5/test_horizon_45_ega_zone_a_pct,fold5/test_horizon_45_ega_zone_a_count,fold5/test_horizon_45_ega_zone_b_pct,fold5/test_horizon_45_ega_zone_b_count,fold5/test_horizon_45_ega_zone_c_pct,fold5/test_horizon_45_ega_zone_c_count,fold5/test_horizon_45_ega_zone_d_pct,fold5/test_horizon_45_ega_zone_d_count,fold5/test_horizon_45_ega_zone_e_pct,fold5/test_horizon_45_ega_zone_e_count,fold5/test_horizon_60_mae,fold5/test_horizon_60_rmse,fold5/test_horizon_60_mard,fold5/test_horizon_60_mape,fold5/test_horizon_60_r2,fold5/test_horizon_60_pearson,fold5/test_horizon_60_ega_zone_a_pct,fold5/test_horizon_60_ega_zone_a_count,fold5/test_horizon_60_ega_zone_b_pct,fold5/test_horizon_60_ega_zone_b_count,fold5/test_horizon_60_ega_zone_c_pct,fold5/test_horizon_60_ega_zone_c_count,fold5/test_horizon_60_ega_zone_d_pct,fold5/test_horizon_60_ega_zone_d_count,fold5/test_horizon_60_ega_zone_e_pct,fold5/test_horizon_60_ega_zone_e_count
0,0.22036038301766217,9.63965129852295,13.00207233428955,9.631731986999512,9.631731986999512,0.2634885311126709,0.6231870055198669,86.74190521240234,7609.0,13.246694564819336,1162.0,0.0,0.0,0.011399908922612667,1.0,0.0,0.0,6.174668788909912,8.08536434173584,6.115956783294678,6.115956783294678,0.7129192352294922,0.8746254444122314,98.35841369628906,2157.0,1.6415867805480957,36.0,0.0,0.0,0.0,0.0,0.0,0.0,9.148194313049316,12.098881721496582,9.079042434692383,9.079042434692383,0.3653576374053955,0.684177577495575,90.1048812866211,1976.0,9.895120620727539,217.0,0.0,0.0,0.0,0.0,0.0,0.0,11.007513046264648,14.468713760375977,10.99123764038086,10.99123764038086,0.09222441911697388,0.5043221116065979,81.12174987792969,1779.0,18.87824821472168,414.0,0.0,0.0,0.0,0.0,0.0,0.0,12.228232383728027,15.972346305847168,12.340690612792969,12.340690612792969,-0.11341691017150879,0.3586346507072449,77.38258361816406,1697.0,22.571819305419922,495.0,0.0,0.0,0.04559963569045067,1.0,0.0,0.0
step,fold6/train_loss,fold6/val_mae,fold6/val_rmse,fold6/val_mard,fold6/val_mape,fold6/val_r2,fold6/val_pearson,fold6/val_ega_zone_a_pct,fold6/val_ega_zone_a_count,fold6/val_ega_zone_b_pct,fold6/val_ega_zone_b_count,fold6/val_ega_zone_c_pct,fold6/val_ega_zone_c_count,fold6/val_ega_zone_d_pct,fold6/val_ega_zone_d_count,fold6/val_ega_zone_e_pct,fold6/val_ega_zone_e_count,fold6/val_horizon_15_mae,fold6/val_horizon_15_rmse,fold6/val_horizon_15_mard,fold6/val_horizon_15_mape,fold6/val_horizon_15_r2,fold6/val_horizon_15_pearson,fold6/val_horizon_15_ega_zone_a_pct,fold6/val_horizon_15_ega_zone_a_count,fold6/val_horizon_15_ega_zone_b_pct,fold6/val_horizon_15_ega_zone_b_count,fold6/val_horizon_15_ega_zone_c_pct,fold6/val_horizon_15_ega_zone_c_count,fold6/val_horizon_15_ega_zone_d_pct,fold6/val_horizon_15_ega_zone_d_count,fold6/val_horizon_15_ega_zone_e_pct,fold6/val_horizon_15_ega_zone_e_count,fold6/val_horizon_30_mae,fold6/val_horizon_30_rmse,fold6/val_horizon_30_mard,fold6/val_horizon_30_mape,fold6/val_horizon_30_r2,fold6/val_horizon_30_pearson,fold6/val_horizon_30_ega_zone_a_pct,fold6/val_horizon_30_ega_zone_a_count,fold6/val_horizon_30_ega_zone_b_pct,fold6/val_horizon_30_ega_zone_b_count,fold6/val_horizon_30_ega_zone_c_pct,fold6/val_horizon_30_ega_zone_c_count,fold6/val_horizon_30_ega_zone_d_pct,fold6/val_horizon_30_ega_zone_d_count,fold6/val_horizon_30_ega_zone_e_pct,fold6/val_horizon_30_ega_zone_e_count,fold6/val_horizon_45_mae,fold6/val_horizon_45_rmse,fold6/val_horizon_45_mard,fold6/val_horizon_45_mape,fold6/val_horizon_45_r2,fold6/val_horizon_45_pearson,fold6/val_horizon_45_ega_zone_a_pct,fold6/val_horizon_45_ega_zone_a_count,fold6/val_horizon_45_ega_zone_b_pct,fold6/val_horizon_45_ega_zone_b_count,fold6/val_horizon_45_ega_zone_c_pct,fold6/val_horizon_45_ega_zone_c_count,fold6/val_horizon_45_ega_zone_d_pct,fold6/val_horizon_45_ega_zone_d_count,fold6/val_horizon_45_ega_zone_e_pct,fold6/val_horizon_45_ega_zone_e_count,fold6/val_horizon_60_mae,fold6/val_horizon_60_rmse,fold6/val_horizon_60_mard,fold6/val_horizon_60_mape,fold6/val_horizon_60_r2,fold6/val_horizon_60_pearson,fold6/val_horizon_60_ega_zone_a_pct,fold6/val_horizon_60_ega_zone_a_count,fold6/val_horizon_60_ega_zone_b_pct,fold6/val_horizon_60_ega_zone_b_count,fold6/val_horizon_60_ega_zone_c_pct,fold6/val_horizon_60_ega_zone_c_count,fold6/val_horizon_60_ega_zone_d_pct,fold6/val_horizon_60_ega_zone_d_count,fold6/val_horizon_60_ega_zone_e_pct,fold6/val_horizon_60_ega_zone_e_count,fold6/diag_horizon_curriculum_progress,fold6/diag_loss_horizon_weight_0,fold6/diag_loss_horizon_weight_1,fold6/diag_loss_horizon_weight_2,fold6/diag_loss_horizon_weight_3
1,0.38279641413395465,16.730552673339844,23.653356552124023,16.85877799987793,16.85877799987793,0.08655428886413574,0.3647342920303345,70.22339630126953,14334.0,26.699981689453125,5450.0,0.0,0.0,3.0766215324401855,628.0,0.0,0.0,15.629430770874023,22.257036209106445,15.751420974731445,15.751420974731445,0.19610220193862915,0.4965594708919525,73.95649719238281,3774.0,22.966882705688477,1172.0,0.0,0.0,3.0766215324401855,157.0,0.0,0.0,16.753433227539062,23.57900047302246,16.932357788085938,16.932357788085938,0.09333103895187378,0.3818889260292053,70.42916107177734,3594.0,26.494220733642578,1352.0,0.0,0.0,3.0766215324401855,157.0,0.0,0.0,16.849971771240234,24.023324966430664,16.88735580444336,16.88735580444336,0.055264830589294434,0.3043708801269531,69.72368621826172,3558.0,27.19968605041504,1388.0,0.0,0.0,3.0766215324401855,157.0,0.0,0.0,17.689373016357422,24.687246322631836,17.863977432250977,17.863977432250977,0.0003383159637451172,0.23908184468746185,66.78424835205078,3408.0,30.13913345336914,1538.0,0.0,0.0,3.0766215324401855,157.0,0.0,0.0,0.0,0.3333333432674408,0.28333333134651184,0.21666665375232697,0.1666666716337204
2,0.3561901335438876,15.185006141662598,23.226404190063477,14.83873462677002,14.83873462677002,0.11923277378082275,0.3759657144546509,74.96570587158203,15302.0,22.104644775390625,4512.0,0.0,0.0,2.9296493530273438,598.0,0.0,0.0,13.702432632446289,21.388662338256836,13.338251113891602,13.338251113891602,0.25760769844055176,0.5137305855751038,79.11032104492188,4037.0,18.244169235229492,931.0,0.0,0.0,2.6455025672912598,135.0,0.0,0.0,14.994461059570312,23.034008026123047,14.648713111877441,14.648713111877441,0.1347593069076538,0.39357584714889526,75.85733795166016,3871.0,21.203214645385742,1082.0,0.0,0.0,2.9394474029541016,150.0,0.0,0.0,15.706549644470215,23.907360076904297,15.344277381896973,15.344277381896973,0.06436371803283691,0.3127913475036621,73.36860656738281,3744.0,23.574369430541992,1203.0,0.0,0.0,3.057025194168091,156.0,0.0,0.0,16.336578369140625,24.459381103515625,16.02369499206543,16.02369499206543,0.018707096576690674,0.2508176565170288,71.52655029296875,3650.0,25.396827697753906,1296.0,0.0,0.0,3.0766215324401855,157.0,0.0,0.0,0.07142857142857142,0.3245614171028137,0.2788847088813782,0.21998745203018188,0.17656642198562622
3,0.3321687374733026,14.803589820861816,22.839893341064453,14.376604080200195,14.376604080200195,0.14830267429351807,0.4140135645866394,76.09739685058594,15533.0,21.159120559692383,4319.0,0.0,0.0,2.7434842586517334,560.0,0.0,0.0,12.964715957641602,20.327838897705078,12.56304931640625,12.56304931640625,0.329423189163208,0.5776619911193848,80.89359283447266,4128.0,16.696062088012695,852.0,0.0,0.0,2.410346746444702,123.0,0.0,0.0,14.573053359985352,22.61394500732422,14.130873680114746,14.130873680114746,0.166029691696167,0.43199729919433594,77.13109588623047,3936.0,20.301782608032227,1036.0,0.0,0.0,2.56711745262146,131.0,0.0,0.0,15.496681213378906,23.74176597595215,15.057563781738281,15.057563781738281,0.07728010416030884,0.33935415744781494,74.13286590576172,3783.0,22.927688598632812,1170.0,0.0,0.0,2.9394474029541016,150.0,0.0,0.0,16.179908752441406,24.461393356323242,15.754929542541504,15.754929542541504,0.01854550838470459,0.2678014636039734,72.23201751708984,3686.0,24.710954666137695,1261.0,0.0,0.0,3.057025194168091,156.0,0.0,0.0,0.14285714285714285,0.31578949093818665,0.2744360864162445,0.223308265209198,0.18646617233753204
4,0.298179404113806,14.189727783203125,21.753067016601562,13.734780311584473,13.734780311584473,0.22742944955825806,0.48716428875923157,77.18988800048828,15756.0,20.100921630859375,4103.0,0.0,0.0,2.709190845489502,553.0,0.0,0.0,11.870659828186035,18.23771858215332,11.467988014221191,11.467988014221191,0.4602319002151489,0.6794306635856628,83.08837890625,4240.0,14.618851661682129,746.0,0.0,0.0,2.292768955230713,117.0,0.0,0.0,13.901159286499023,21.330543518066406,13.43064022064209,13.43064022064209,0.2580035924911499,0.5145090222358704,78.1697006225586,3989.0,19.22398567199707,981.0,0.0,0.0,2.6063098907470703,133.0,0.0,0.0,15.093644142150879,23.014070510864258,14.617243766784668,14.617243766784668,0.13297677040100098,0.39671996235847473,74.60317993164062,3807.0,22.51616668701172,1149.0,0.0,0.0,2.8806583881378174,147.0,0.0,0.0,15.893445014953613,23.99020004272461,15.423250198364258,15.423250198364258,0.055992305278778076,0.3092624843120575,72.8982925415039,3720.0,24.044679641723633,1227.0,0.0,0.0,3.057025194168091,156.0,0.0,0.0,0.21428571428571427,0.30701756477355957,0.26998746395111084,0.22662906348705292,0.19636592268943787
5,0.283469667931262,13.769746780395508,20.980667114257812,13.311769485473633,13.311769485473633,0.28131961822509766,0.5349584221839905,78.03742980957031,15929.0,19.277875900268555,3935.0,0.0,0.0,2.684695243835449,548.0,0.0,0.0,11.17178726196289,16.839033126831055,10.791914939880371,10.791914939880371,0.5398489236831665,0.738576352596283,84.7736587524414,4326.0,13.090339660644531,668.0,0.0,0.0,2.135998487472534,109.0,0.0,0.0,13.441166877746582,20.402746200561523,12.979301452636719,12.979301452636719,0.3211478590965271,0.569315493106842,78.67920684814453,4015.0,18.636096954345703,951.0,0.0,0.0,2.684695243835449,137.0,0.0,0.0,14.781715393066406,22.432199478149414,14.282764434814453,14.282764434814453,0.17626488208770752,0.43667760491371155,75.367431640625,3846.0,21.751911163330078,1110.0,0.0,0.0,2.8806583881378174,147.0,0.0,0.0,15.68431282043457,23.616207122802734,15.19308853149414,15.19308853149414,0.08519589900970459,0.3394993841648102,73.32941436767578,3742.0,23.633155822753906,1206.0,0.0,0.0,3.037429094314575,155.0,0.0,0.0,0.2857142857142857,0.2982456088066101,0.2655388414859772,0.22994986176490784,0.2062656730413437
6,0.27267927612302917,13.536709785461426,20.581809997558594,13.07718276977539,13.07718276977539,0.3083851933479309,0.5585244297981262,78.5959243774414,16043.0,18.74387550354004,3826.0,0.0,0.0,2.6601998805999756,543.0,0.0,0.0,10.750176429748535,16.023496627807617,10.398371696472168,10.398371696472168,0.5833410024642944,0.7685253024101257,85.75347900390625,4376.0,12.228100776672363,624.0,0.0,0.0,2.018420696258545,103.0,0.0,0.0,13.20722770690918,19.93025016784668,12.750675201416016,12.750675201416016,0.3522261381149292,0.5956651568412781,79.36508178710938,4050.0,17.911033630371094,914.0,0.0,0.0,2.7238879203796387,139.0,0.0,0.0,14.625189781188965,22.155704498291016,14.108440399169922,14.108440399169922,0.1964462399482727,0.45552125573158264,75.89653015136719,3873.0,21.242406845092773,1084.0,0.0,0.0,2.8610620498657227,146.0,0.0,0.0,15.564245223999023,23.443571090698242,15.051248550415039,15.051248550415039,0.0985216498374939,0.35330358147621155,73.36860656738281,3744.0,23.593963623046875,1204.0,0.0,0.0,3.037429094314575,155.0,0.0,0.0,0.35714285714285715,0.28947368264198303,0.2610902190208435,0.23327067494392395,0.2161654233932495
7,0.2677562733791825,13.357344627380371,20.310853958129883,12.904932022094727,12.904932022094727,0.3264753222465515,0.5737878084182739,79.02214813232422,16130.0,18.32745361328125,3741.0,0.0,0.0,2.6504018306732178,541.0,0.0,0.0,10.427614212036133,15.434597969055176,10.118534088134766,10.118534088134766,0.6134044528007507,0.7888345122337341,86.59612274169922,4419.0,11.40505599975586,582.0,0.0,0.0,1.9988242387771606,102.0,0.0,0.0,13.016168594360352,19.618932723999023,12.565997123718262,12.565997123718262,0.3723050355911255,0.6121143698692322,79.87458038330078,4076.0,17.401527404785156,888.0,0.0,0.0,2.7238879203796387,139.0,0.0,0.0,14.515541076660156,21.97519874572754,13.99355697631836,13.99355697631836,0.209486186504364,0.4673077464103699,76.1316909790039,3885.0,21.026845932006836,1073.0,0.0,0.0,2.841465711593628,145.0,0.0,0.0,15.470060348510742,23.32561492919922,14.941634178161621,14.941634178161621,0.1075703501701355,0.36145004630088806,73.4861831665039,3750.0,23.47638702392578,1198.0,0.0,0.0,3.037429094314575,155.0,0.0,0.0,0.42857142857142855,0.28070175647735596,0.25664159655570984,0.23659147322177887,0.22606515884399414
8,0.2599319337274375,13.164737701416016,20.01166343688965,12.726335525512695,12.726335525512695,0.3461719751358032,0.5902830958366394,79.4042739868164,16208.0,17.930627822875977,3660.0,0.0,0.0,2.6650989055633545,544.0,0.0,0.0,10.08185863494873,14.806802749633789,9.814654350280762,9.814654350280762,0.6442140936851501,0.8095721006393433,87.30158996582031,4455.0,10.699588775634766,546.0,0.0,0.0,1.9988242387771606,102.0,0.0,0.0,12.808385848999023,19.28017807006836,12.363626480102539,12.363626480102539,0.39379429817199707,0.6294891238212585,80.30570220947266,4098.0,16.95081329345703,865.0,0.0,0.0,2.7434842586517334,140.0,0.0,0.0,14.380688667297363,21.76616859436035,13.860973358154297,13.860973358154297,0.22445350885391235,0.4806988537311554,76.48442077636719,3903.0,20.654518127441406,1054.0,0.0,0.0,2.8610620498657227,146.0,0.0,0.0,15.38802433013916,23.176145553588867,14.866084098815918,14.866084098815918,0.11897099018096924,0.37218528985977173,73.52537536621094,3752.0,23.417598724365234,1195.0,0.0,0.0,3.057025194168091,156.0,0.0,0.0,0.5,0.2719298303127289,0.25219297409057617,0.2399122714996338,0.23596492409706116
9,0.2554020159776942,13.048508644104004,19.79123306274414,12.641207695007324,12.641207695007324,0.3604965806007385,0.6025370359420776,79.42386627197266,16212.0,17.89633560180664,3653.0,0.0,0.0,2.6797962188720703,547.0,0.0,0.0,9.873992919921875,14.351829528808594,9.678207397460938,9.678207397460938,0.6657428741455078,0.8231791853904724,87.4191665649414,4461.0,10.562414169311523,539.0,0.0,0.0,2.018420696258545,103.0,0.0,0.0,12.704426765441895,19.020896911621094,12.293017387390137,12.293017387390137,0.40998929738998413,0.6427311301231384,80.42327880859375,4104.0,16.852832794189453,860.0,0.0,0.0,2.7238879203796387,139.0,0.0,0.0,14.306612014770508,21.614709854125977,13.804930686950684,13.804930686950684,0.2352091670036316,0.4912317991256714,76.42562866210938,3900.0,20.654518127441406,1054.0,0.0,0.0,2.919851064682007,149.0,0.0,0.0,15.309004783630371,23.060924530029297,14.788680076599121,14.788680076599121,0.12770938873291016,0.3816056251525879,73.42739868164062,3747.0,23.515579223632812,1200.0,0.0,0.0,3.057025194168091,156.0,0.0,0.0,0.5714285714285714,0.2631579041481018,0.2477443516254425,0.2432330846786499,0.24586467444896698
10,0.2522986871282174,12.930441856384277,19.615652084350586,12.531797409057617,12.531797409057617,0.37179315090179443,0.6117547750473022,79.72761535644531,16274.0,17.60239028930664,3593.0,0.0,0.0,2.6699981689453125,545.0,0.0,0.0,9.653915405273438,13.959733963012695,9.49569034576416,9.49569034576416,0.6837573647499084,0.8345066905021667,87.90907287597656,4486.0,10.072505950927734,514.0,0.0,0.0,2.018420696258545,103.0,0.0,0.0,12.585055351257324,18.803142547607422,12.18079662322998,12.18079662322998,0.4234210252761841,0.653282105922699,80.75641632080078,4121.0,16.558887481689453,845.0,0.0,0.0,2.684695243835449,137.0,0.0,0.0,14.229546546936035,21.49762535095215,13.72414779663086,13.72414779663086,0.2434723973274231,0.4987548589706421,76.71957397460938,3915.0,20.360572814941406,1039.0,0.0,0.0,2.919851064682007,149.0,0.0,0.0,15.253257751464844,22.98945426940918,14.726553916931152,14.726553916931152,0.13310784101486206,0.38754338026046753,73.52537536621094,3752.0,23.417598724365234,1195.0,0.0,0.0,3.057025194168091,156.0,0.0,0.0,0.6428571428571429,0.25438597798347473,0.24329572916030884,0.24655388295650482,0.2557644248008728
11,0.25031337135882437,12.856921195983887,19.48499298095703,12.476858139038086,12.476858139038086,0.3801342844963074,0.618837296962738,79.89418029785156,16308.0,17.445621490478516,3561.0,0.0,0.0,2.6601998805999756,543.0,0.0,0.0,9.507808685302734,13.682578086853027,9.384305000305176,9.384305000305176,0.6961899995803833,0.8416635394096375,88.32059478759766,4507.0,9.680580139160156,494.0,0.0,0.0,1.9988242387771606,102.0,0.0,0.0,12.521921157836914,18.64862823486328,12.132163047790527,12.132163047790527,0.4328581690788269,0.6606570482254028,80.85440063476562,4126.0,16.480501174926758,841.0,0.0,0.0,2.6650989055633545,136.0,0.0,0.0,14.183548927307129,21.406230926513672,13.6857328414917,13.6857328414917,0.2498912215232849,0.5053991675376892,76.81755828857422,3920.0,20.262590408325195,1034.0,0.0,0.0,2.919851064682007,149.0,0.0,0.0,15.21440315246582,22.92266845703125,14.705236434936523,14.705236434936523,0.13813728094100952,0.3938519060611725,73.58416748046875,3755.0,23.358808517456055,1192.0,0.0,0.0,3.057025194168091,156.0,0.0,0.0,0.7142857142857143,0.24561403691768646,0.23884710669517517,0.24987469613552094,0.26566416025161743
12,0.2501602930606005,12.82010269165039,19.425546646118164,12.456504821777344,12.456504821777344,0.3839107155799866,0.6220625638961792,79.9186782836914,16313.0,17.411327362060547,3554.0,0.0,0.0,2.6699981689453125,545.0,0.0,0.0,9.428129196166992,13.540321350097656,9.32679557800293,9.32679557800293,0.7024745941162109,0.8458978533744812,88.32059478759766,4507.0,9.621790885925293,491.0,0.0,0.0,2.0576131343841553,105.0,0.0,0.0,12.476470947265625,18.564228057861328,12.101055145263672,12.101055145263672,0.437980055809021,0.6649854779243469,80.93278503417969,4130.0,16.441308975219727,839.0,0.0,0.0,2.625906229019165,134.0,0.0,0.0,14.163834571838379,21.365755081176758,13.683168411254883,13.683168411254883,0.2527252435684204,0.5076496601104736,76.75877380371094,3917.0,20.301782608032227,1036.0,0.0,0.0,2.9394474029541016,150.0,0.0,0.0,15.211979866027832,22.91159439086914,14.715002059936523,14.715002059936523,0.1389697790145874,0.3936382234096527,73.66255187988281,3759.0,23.280424118041992,1188.0,0.0,0.0,3.057025194168091,156.0,0.0,0.0,0.7857142857142857,0.23684212565422058,0.2343984991312027,0.25319552421569824,0.27556392550468445
13,0.24933842558100333,12.763229370117188,19.364925384521484,12.399246215820312,12.399246215820312,0.3877500295639038,0.6248225569725037,80.16362762451172,16363.0,17.151676177978516,3501.0,0.0,0.0,2.684695243835449,548.0,0.0,0.0,9.32111930847168,13.37653923034668,9.232722282409668,9.232722282409668,0.709628701210022,0.8492480516433716,88.51655578613281,4517.0,9.386635780334473,479.0,0.0,0.0,2.0968058109283447,107.0,0.0,0.0,12.416040420532227,18.47873878479004,12.038416862487793,12.038416862487793,0.4431443214416504,0.6684297919273376,81.26592254638672,4147.0,16.108171463012695,822.0,0.0,0.0,2.625906229019165,134.0,0.0,0.0,14.125301361083984,21.331674575805664,13.63636589050293,13.63636589050293,0.2551072835922241,0.5097266435623169,77.0527114868164,3932.0,20.00783920288086,1021.0,0.0,0.0,2.9394474029541016,150.0,0.0,0.0,15.190459251403809,22.903390884399414,14.68947982788086,14.68947982788086,0.13958626985549927,0.39471855759620667,73.81932067871094,3767.0,23.10405731201172,1179.0,0.0,0.0,3.0766215324401855,157.0,0.0,0.0,0.8571428571428571,0.22807016968727112,0.22994986176490784,0.25651630759239197,0.2854636609554291
14,0.2487003127974317,12.722525596618652,19.313488006591797,12.365248680114746,12.365248680114746,0.39099812507629395,0.627480149269104,80.13423919677734,16357.0,17.176170349121094,3506.0,0.0,0.0,2.6895945072174072,549.0,0.0,0.0,9.248042106628418,13.259815216064453,9.180081367492676,9.180081367492676,0.7146741151809692,0.8520899415016174,88.63414001464844,4523.0,9.24946117401123,472.0,0.0,0.0,2.1164021492004395,108.0,0.0,0.0,12.383334159851074,18.409679412841797,12.014646530151367,12.014646530151367,0.4472988247871399,0.6716635823249817,81.06996154785156,4137.0,16.304134368896484,832.0,0.0,0.0,2.625906229019165,134.0,0.0,0.0,14.101319313049316,21.29740333557129,13.6151762008667,13.6151762008667,0.2574988007545471,0.5122483968734741,76.93513488769531,3926.0,20.125415802001953,1027.0,0.0,0.0,2.9394474029541016,150.0,0.0,0.0,15.157403945922852,22.885034561157227,14.651089668273926,14.651089668273926,0.14096486568450928,0.3964434862136841,73.897705078125,3771.0,23.025671005249023,1175.0,0.0,0.0,3.0766215324401855,157.0,0.0,0.0,0.9285714285714286,0.21929824352264404,0.22550123929977417,0.2598370909690857,0.2953633964061737
15,0.2489823520375536,12.706214904785156,19.277545928955078,12.361045837402344,12.361045837402344,0.3932628035545349,0.6294099688529968,80.27140808105469,16385.0,17.05859375,3482.0,0.0,0.0,2.6699981689453125,545.0,0.0,0.0,9.195640563964844,13.162809371948242,9.14339542388916,9.14339542388916,0.7188336849212646,0.8543568253517151,88.94767761230469,4539.0,8.994709014892578,459.0,0.0,0.0,2.0576131343841553,105.0,0.0,0.0,12.367254257202148,18.36018943786621,12.011252403259277,12.011252403259277,0.45026642084121704,0.6739013195037842,81.1679458618164,4142.0,16.225749969482422,828.0,0.0,0.0,2.6063098907470703,133.0,0.0,0.0,14.102900505065918,21.278249740600586,13.628146171569824,13.628146171569824,0.25883376598358154,0.5138084888458252,77.0527114868164,3932.0,20.00783920288086,1021.0,0.0,0.0,2.9394474029541016,150.0,0.0,0.0,15.15906047821045,22.877389907836914,14.661386489868164,14.661386489868164,0.1415387988090515,0.3972175717353821,73.91730499267578,3772.0,23.006074905395508,1174.0,0.0,0.0,3.0766215324401855,157.0,0.0,0.0,1.0,0.21052631735801697,0.2210526168346405,0.2631579041481018,0.3052631616592407
16,0.24523217299825484,12.688870429992676,19.257549285888672,12.346965789794922,12.346965789794922,0.3945208787918091,0.6304435133934021,80.34489440917969,16400.0,16.980209350585938,3466.0,0.0,0.0,2.6748971939086914,546.0,0.0,0.0,9.143743515014648,13.080403327941895,9.105799674987793,9.105799674987793,0.7223431468009949,0.8564116954803467,88.98686981201172,4541.0,8.955516815185547,457.0,0.0,0.0,2.0576131343841553,105.0,0.0,0.0,12.35133171081543,18.3288516998291,12.002029418945312,12.002029418945312,0.4521414041519165,0.6753780841827393,81.06996154785156,4137.0,16.323732376098633,833.0,0.0,0.0,2.6063098907470703,133.0,0.0,0.0,14.096009254455566,21.274885177612305,13.618071556091309,13.618071556091309,0.2590680718421936,0.5138741135597229,77.20948791503906,3940.0,19.831470489501953,1012.0,0.0,0.0,2.9590437412261963,151.0,0.0,0.0,15.164396286010742,22.885543823242188,14.66196346282959,14.66196346282959,0.14092671871185303,0.396345317363739,74.11326599121094,3782.0,22.81011199951172,1164.0,0.0,0.0,3.0766215324401855,157.0,0.0,0.0,1.0,0.21052631735801697,0.2210526168346405,0.2631579041481018,0.3052631616592407
17,0.2446472614206608,12.650079727172852,19.203243255615234,12.304265022277832,12.304265022277832,0.39793092012405396,0.6330574154853821,80.51636505126953,16435.0,16.818538665771484,3433.0,0.0,0.0,2.6650989055633545,544.0,0.0,0.0,9.088919639587402,12.971139907836914,9.057991027832031,9.057991027832031,0.7269623875617981,0.8591611385345459,89.16323852539062,4550.0,8.818342208862305,450.0,0.0,0.0,2.018420696258545,103.0,0.0,0.0,12.302087783813477,18.249038696289062,11.945287704467773,11.945287704467773,0.45690232515335083,0.6787803769111633,81.24633026123047,4146.0,16.14736557006836,824.0,0.0,0.0,2.6063098907470703,133.0,0.0,0.0,14.065540313720703,21.234539031982422,13.57860279083252,13.57860279083252,0.2618756890296936,0.5163357853889465,77.36625671386719,3948.0,19.674699783325195,1004.0,0.0,0.0,2.9590437412261963,151.0,0.0,0.0,15.143766403198242,22.866451263427734,14.63517951965332,14.63517951965332,0.14235949516296387,0.39811810851097107,74.28963470458984,3791.0,22.633745193481445,1155.0,0.0,0.0,3.0766215324401855,157.0,0.0,0.0,1.0,0.21052631735801697,0.2210526168346405,0.2631579041481018,0.3052631616592407
18,0.24249204940310032,12.623865127563477,19.188610076904297,12.278141021728516,12.278141021728516,0.39884811639785767,0.6338034868240356,80.61434936523438,16455.0,16.71565818786621,3412.0,0.0,0.0,2.6699981689453125,545.0,0.0,0.0,9.044489860534668,12.932250022888184,9.011430740356445,9.011430740356445,0.7285971641540527,0.8602479696273804,89.14363861083984,4549.0,8.818342208862305,450.0,0.0,0.0,2.0380167961120605,104.0,0.0,0.0,12.281251907348633,18.229494094848633,11.931471824645996,11.931471824645996,0.4580650329589844,0.6799933910369873,81.42269134521484,4155.0,15.97099781036377,815.0,0.0,0.0,2.6063098907470703,133.0,0.0,0.0,14.052839279174805,21.22463607788086,13.569025993347168,13.569025993347168,0.2625640034675598,0.5168490409851074,77.38584899902344,3949.0,19.655105590820312,1003.0,0.0,0.0,2.9590437412261963,151.0,0.0,0.0,15.116881370544434,22.864126205444336,14.600629806518555,14.600629806518555,0.1425337791442871,0.397555410861969,74.50519561767578,3802.0,22.41818618774414,1144.0,0.0,0.0,3.0766215324401855,157.0,0.0,0.0,1.0,0.21052631735801697,0.2210526168346405,0.2631579041481018,0.3052631616592407
19,0.24118900931128157,12.615907669067383,19.170612335205078,12.283235549926758,12.283235549926758,0.3999752402305603,0.6347953677177429,80.53105926513672,16438.0,16.80384063720703,3430.0,0.0,0.0,2.6650989055633545,544.0,0.0,0.0,8.979901313781738,12.850650787353516,8.953116416931152,8.953116416931152,0.7320113182067871,0.8616589903831482,89.24162292480469,4554.0,8.739956855773926,446.0,0.0,0.0,2.018420696258545,103.0,0.0,0.0,12.272795677185059,18.20020294189453,11.933659553527832,11.933659553527832,0.4598051905632019,0.6812530755996704,81.34430694580078,4151.0,16.049381256103516,819.0,0.0,0.0,2.6063098907470703,133.0,0.0,0.0,14.072057723999023,21.226503372192383,13.604214668273926,13.604214668273926,0.262434184551239,0.5170968770980835,77.3074722290039,3945.0,19.733489990234375,1007.0,0.0,0.0,2.9590437412261963,151.0,0.0,0.0,15.138872146606445,22.87134552001953,14.641950607299805,14.641950607299805,0.14199227094650269,0.3979273736476898,74.23084259033203,3788.0,22.692533493041992,1158.0,0.0,0.0,3.0766215324401855,157.0,0.0,0.0,1.0,0.21052631735801697,0.2210526168346405,0.2631579041481018,0.3052631616592407
20,0.2385788923280327,12.625396728515625,19.1390438079834,12.30682373046875,12.30682373046875,0.40194976329803467,0.6369011402130127,80.48207092285156,16428.0,16.847932815551758,3439.0,0.0,0.0,2.6699981689453125,545.0,0.0,0.0,8.981515884399414,12.803194046020508,8.96240520477295,8.96240520477295,0.7339870929718018,0.8637159466743469,89.339599609375,4559.0,8.622379302978516,440.0,0.0,0.0,2.0380167961120605,104.0,0.0,0.0,12.289888381958008,18.176158905029297,11.964390754699707,11.964390754699707,0.461231529712677,0.6830930709838867,81.18753051757812,4143.0,16.206151962280273,827.0,0.0,0.0,2.6063098907470703,133.0,0.0,0.0,14.075407981872559,21.19601821899414,13.620138168334961,13.620138168334961,0.2645512819290161,0.519099235534668,77.24867248535156,3942.0,19.792280197143555,1010.0,0.0,0.0,2.9590437412261963,151.0,0.0,0.0,15.154775619506836,22.839576721191406,14.68035888671875,14.68035888671875,0.14437419176101685,0.3997807502746582,74.15245819091797,3784.0,22.770919799804688,1162.0,0.0,0.0,3.0766215324401855,157.0,0.0,0.0,1.0,0.21052631735801697,0.2210526168346405,0.2631579041481018,0.3052631616592407
21,0.2380396155013299,12.61422348022461,19.10224151611328,12.306049346923828,12.306049346923828,0.40424758195877075,0.6389321684837341,80.58985137939453,16450.0,16.73035430908203,3415.0,0.0,0.0,2.6797962188720703,547.0,0.0,0.0,8.954550743103027,12.72007942199707,8.960226058959961,8.960226058959961,0.7374295592308044,0.8664742112159729,89.37879943847656,4561.0,8.583186149597168,438.0,0.0,0.0,2.0380167961120605,104.0,0.0,0.0,12.27511215209961,18.120216369628906,11.962116241455078,11.962116241455078,0.46454286575317383,0.6859844326972961,81.24633026123047,4146.0,16.12776756286621,823.0,0.0,0.0,2.625906229019165,134.0,0.0,0.0,14.080001831054688,21.170333862304688,13.633113861083984,13.633113861083984,0.2663325071334839,0.5207870006561279,77.44464111328125,3952.0,19.576719284057617,999.0,0.0,0.0,2.978640079498291,152.0,0.0,0.0,15.147231101989746,22.831045150756836,14.668742179870605,14.668742179870605,0.1450134515762329,0.3999965786933899,74.28963470458984,3791.0,22.633745193481445,1155.0,0.0,0.0,3.0766215324401855,157.0,0.0,0.0,1.0,0.21052631735801697,0.2210526168346405,0.2631579041481018,0.3052631616592407
22,0.23710631244517202,12.580636024475098,19.107393264770508,12.259511947631836,12.259511947631836,0.40392613410949707,0.6381757259368896,80.66333770751953,16465.0,16.676464080810547,3404.0,0.0,0.0,2.6601998805999756,543.0,0.0,0.0,8.900174140930176,12.684206008911133,8.88995361328125,8.88995361328125,0.7389085292816162,0.8664961457252502,89.55516052246094,4570.0,8.426416397094727,430.0,0.0,0.0,2.018420696258545,103.0,0.0,0.0,12.227911949157715,18.118642807006836,11.896321296691895,11.896321296691895,0.46463584899902344,0.6850824952125549,81.38349914550781,4153.0,16.029787063598633,818.0,0.0,0.0,2.5867135524749756,132.0,0.0,0.0,14.054176330566406,21.190088272094727,13.593855857849121,13.593855857849121,0.2649627923965454,0.5192844271659851,77.42504119873047,3951.0,19.61591339111328,1001.0,0.0,0.0,2.9590437412261963,151.0,0.0,0.0,15.140280723571777,22.851167678833008,14.657915115356445,14.657915115356445,0.14350545406341553,0.3984571695327759,74.28963470458984,3791.0,22.633745193481445,1155.0,0.0,0.0,3.0766215324401855,157.0,0.0,0.0,1.0,0.21052631735801697,0.2210526168346405,0.2631579041481018,0.3052631616592407
23,0.23601094422316193,12.579121589660645,19.073171615600586,12.271380424499512,12.271380424499512,0.4060594439506531,0.6401940584182739,80.71232604980469,16475.0,16.632373809814453,3395.0,0.0,0.0,2.6553008556365967,542.0,0.0,0.0,8.89455509185791,12.638259887695312,8.8982572555542,8.8982572555542,0.7407965660095215,0.8677124977111816,89.69233703613281,4577.0,8.289241790771484,423.0,0.0,0.0,2.018420696258545,103.0,0.0,0.0,12.23534107208252,18.082353591918945,11.91855525970459,11.91855525970459,0.4667782187461853,0.6871331930160522,81.28551483154297,4148.0,16.14736557006836,824.0,0.0,0.0,2.56711745262146,131.0,0.0,0.0,14.056673049926758,21.15591049194336,13.611557006835938,13.611557006835938,0.26733195781707764,0.5216703414916992,77.44464111328125,3952.0,19.596315383911133,1000.0,0.0,0.0,2.9590437412261963,151.0,0.0,0.0,15.129914283752441,22.822656631469727,14.657155990600586,14.657155990600586,0.1456415057182312,0.4004952907562256,74.42680358886719,3798.0,22.496570587158203,1148.0,0.0,0.0,3.0766215324401855,157.0,0.0,0.0,1.0,0.21052631735801697,0.2210526168346405,0.2631579041481018,0.3052631616592407
24,0.23501300663424962,12.573972702026367,19.069448471069336,12.265360832214355,12.265360832214355,0.40629130601882935,0.6402711272239685,80.68292999267578,16469.0,16.666667938232422,3402.0,0.0,0.0,2.6504018306732178,541.0,0.0,0.0,8.873821258544922,12.616361618041992,8.87669563293457,8.87669563293457,0.7416940331459045,0.8677615523338318,89.65314483642578,4575.0,8.348031044006348,426.0,0.0,0.0,1.9988242387771606,102.0,0.0,0.0,12.226025581359863,18.07231330871582,11.908528327941895,11.908528327941895,0.4673702120780945,0.68735671043396,81.24633026123047,4146.0,16.186555862426758,826.0,0.0,0.0,2.56711745262146,131.0,0.0,0.0,14.052087783813477,21.156400680541992,13.602307319641113,13.602307319641113,0.26729798316955566,0.5216200351715088,77.4642333984375,3953.0,19.576719284057617,999.0,0.0,0.0,2.9590437412261963,151.0,0.0,0.0,15.14395809173584,22.829830169677734,14.673909187316895,14.673909187316895,0.14510440826416016,0.4002821445465088,74.3680191040039,3795.0,22.555360794067383,1151.0,0.0,0.0,3.0766215324401855,157.0,0.0,0.0,1.0,0.21052631735801697,0.2210526168346405,0.2631579041481018,0.3052631616592407
25,0.234979739301772,12.563448905944824,19.08955955505371,12.252388000488281,12.252388000488281,0.40503835678100586,0.6389772295951843,80.73682403564453,16480.0,16.598079681396484,3388.0,0.0,0.0,2.6650989055633545,544.0,0.0,0.0,8.86460018157959,12.621244430541992,8.871066093444824,8.871066093444824,0.7414940595626831,0.8675477504730225,89.61395263671875,4573.0,8.328433990478516,425.0,0.0,0.0,2.0576131343841553,105.0,0.0,0.0,12.21906852722168,18.08810043334961,11.902174949645996,11.902174949645996,0.46643924713134766,0.6864089965820312,81.34430694580078,4151.0,16.08857536315918,821.0,0.0,0.0,2.56711745262146,131.0,0.0,0.0,14.049790382385254,21.181896209716797,13.599424362182617,13.599424362182617,0.26553094387054443,0.5198496580123901,77.44464111328125,3952.0,19.596315383911133,1000.0,0.0,0.0,2.9590437412261963,151.0,0.0,0.0,15.120341300964355,22.858196258544922,14.636889457702637,14.636889457702637,0.14297854900360107,0.3978767693042755,74.54438781738281,3804.0,22.37899398803711,1142.0,0.0,0.0,3.0766215324401855,157.0,0.0,0.0,1.0,0.21052631735801697,0.2210526168346405,0.2631579041481018,0.3052631616592407
26,0.23388150556581272,12.56994342803955,19.075660705566406,12.260189056396484,12.260189056396484,0.4059044122695923,0.6399099230766296,80.73682403564453,16480.0,16.602977752685547,3389.0,0.0,0.0,2.6601998805999756,543.0,0.0,0.0,8.861218452453613,12.59374713897705,8.863463401794434,8.863463401794434,0.7426192164421082,0.8688765168190002,89.7119369506836,4578.0,8.250048637390137,421.0,0.0,0.0,2.0380167961120605,104.0,0.0,0.0,12.22844409942627,18.073463439941406,11.913260459899902,11.913260459899902,0.46730250120162964,0.6875150203704834,81.38349914550781,4153.0,16.049381256103516,819.0,0.0,0.0,2.56711745262146,131.0,0.0,0.0,14.055558204650879,21.171262741088867,13.606199264526367,13.606199264526367,0.26626819372177124,0.5204290151596069,77.40544891357422,3950.0,19.635509490966797,1002.0,0.0,0.0,2.9590437412261963,151.0,0.0,0.0,15.13455581665039,22.84837532043457,14.65783405303955,14.65783405303955,0.1437147855758667,0.39823731780052185,74.44640350341797,3799.0,22.476974487304688,1147.0,0.0,0.0,3.0766215324401855,157.0,0.0,0.0,1.0,0.21052631735801697,0.2210526168346405,0.2631579041481018,0.3052631616592407
27,0.2343634954076853,12.573896408081055,19.090600967407227,12.253551483154297,12.253551483154297,0.4049733877182007,0.6389705538749695,80.72702026367188,16478.0,16.622573852539062,3393.0,0.0,0.0,2.6504018306732178,541.0,0.0,0.0,8.8552827835083,12.591509819030762,8.845638275146484,8.845638275146484,0.7427106499671936,0.8685757517814636,89.82951354980469,4584.0,8.19126033782959,418.0,0.0,0.0,1.979227900505066,101.0,0.0,0.0,12.22616958618164,18.084104537963867,11.898317337036133,11.898317337036133,0.4666749835014343,0.6866844296455383,81.36390686035156,4152.0,16.049381256103516,819.0,0.0,0.0,2.5867135524749756,132.0,0.0,0.0,14.064116477966309,21.19021987915039,13.604208946228027,13.604208946228027,0.2649536728858948,0.5191841721534729,77.42504119873047,3951.0,19.61591339111328,1001.0,0.0,0.0,2.9590437412261963,151.0,0.0,0.0,15.150017738342285,22.873519897460938,14.666040420532227,14.666040420532227,0.14182919263839722,0.396631121635437,74.28963470458984,3791.0,22.633745193481445,1155.0,0.0,0.0,3.0766215324401855,157.0,0.0,0.0,1.0,0.21052631735801697,0.2210526168346405,0.2631579041481018,0.3052631616592407
28,0.23262988202813406,12.555835723876953,19.077659606933594,12.229373931884766,12.229373931884766,0.40577977895736694,0.6394001841545105,80.78091430664062,16489.0,16.58338165283203,3385.0,0.0,0.0,2.635704517364502,538.0,0.0,0.0,8.82394027709961,12.5591402053833,8.80726432800293,8.80726432800293,0.7440317869186401,0.8688111901283264,89.92749786376953,4589.0,8.132471084594727,415.0,0.0,0.0,1.9400352239608765,99.0,0.0,0.0,12.212964057922363,18.070165634155273,11.881891250610352,11.881891250610352,0.4674968123435974,0.6870954036712646,81.36390686035156,4152.0,16.068979263305664,820.0,0.0,0.0,2.56711745262146,131.0,0.0,0.0,14.054427146911621,21.18306541442871,13.589882850646973,13.589882850646973,0.2654498219490051,0.5195907354354858,77.48383331298828,3954.0,19.5571231842041,998.0,0.0,0.0,2.9590437412261963,151.0,0.0,0.0,15.13200855255127,22.865774154663086,14.638455390930176,14.638455390930176,0.1424102783203125,0.39707276225090027,74.34841918945312,3794.0,22.574954986572266,1152.0,0.0,0.0,3.0766215324401855,157.0,0.0,0.0,1.0,0.21052631735801697,0.2210526168346405,0.2631579041481018,0.3052631616592407
29,0.23317006507260526,12.56889533996582,19.073047637939453,12.25703239440918,12.25703239440918,0.4060671329498291,0.6400281190872192,80.69273376464844,16471.0,16.661767959594727,3401.0,0.0,0.0,2.6455025672912598,540.0,0.0,0.0,8.838335990905762,12.560539245605469,8.839727401733398,8.839727401733398,0.7439748048782349,0.8694075345993042,89.77072143554688,4581.0,8.250048637390137,421.0,0.0,0.0,1.979227900505066,101.0,0.0,0.0,12.223787307739258,18.063854217529297,11.906183242797852,11.906183242797852,0.46786874532699585,0.6878130435943604,81.30511474609375,4149.0,16.12776756286621,823.0,0.0,0.0,2.56711745262146,131.0,0.0,0.0,14.063986778259277,21.17445945739746,13.611820220947266,13.611820220947266,0.26604658365249634,0.5203704833984375,77.44464111328125,3952.0,19.596315383911133,1000.0,0.0,0.0,2.9590437412261963,151.0,0.0,0.0,15.149471282958984,22.862564086914062,14.670400619506836,14.670400619506836,0.1426510214805603,0.39768025279045105,74.25044250488281,3789.0,22.672937393188477,1157.0,0.0,0.0,3.0766215324401855,157.0,0.0,0.0,1.0,0.21052631735801697,0.2210526168346405,0.2631579041481018,0.3052631616592407
30,0.2332032249264947,12.554283142089844,19.06572151184082,12.232346534729004,12.232346534729004,0.40652328729629517,0.6401310563087463,80.82991027832031,16499.0,16.534391403198242,3375.0,0.0,0.0,2.635704517364502,538.0,0.0,0.0,8.81142807006836,12.536507606506348,8.79706859588623,8.79706859588623,0.7449535131454468,0.8696589469909668,90.08426666259766,4597.0,7.975700378417969,407.0,0.0,0.0,1.9400352239608765,99.0,0.0,0.0,12.205663681030273,18.053133010864258,11.876530647277832,11.876530647277832,0.4685002565383911,0.6879994869232178,81.46188354492188,4157.0,15.97099781036377,815.0,0.0,0.0,2.56711745262146,131.0,0.0,0.0,14.060433387756348,21.172916412353516,13.603109359741211,13.603109359741211,0.26615357398986816,0.5204187631607056,77.4642333984375,3953.0,19.576719284057617,999.0,0.0,0.0,2.9590437412261963,151.0,0.0,0.0,15.139606475830078,22.86121368408203,14.65267562866211,14.65267562866211,0.14275234937667847,0.3977219760417938,74.3092269897461,3792.0,22.61414909362793,1154.0,0.0,0.0,3.0766215324401855,157.0,0.0,0.0,1.0,0.21052631735801697,0.2210526168346405,0.2631579041481018,0.3052631616592407
step,fold6/test_loss,fold6/test_mae,fold6/test_rmse,fold6/test_mard,fold6/test_mape,fold6/test_r2,fold6/test_pearson,fold6/test_ega_zone_a_pct,fold6/test_ega_zone_a_count,fold6/test_ega_zone_b_pct,fold6/test_ega_zone_b_count,fold6/test_ega_zone_c_pct,fold6/test_ega_zone_c_count,fold6/test_ega_zone_d_pct,fold6/test_ega_zone_d_count,fold6/test_ega_zone_e_pct,fold6/test_ega_zone_e_count,fold6/test_horizon_15_mae,fold6/test_horizon_15_rmse,fold6/test_horizon_15_mard,fold6/test_horizon_15_mape,fold6/test_horizon_15_r2,fold6/test_horizon_15_pearson,fold6/test_horizon_15_ega_zone_a_pct,fold6/test_horizon_15_ega_zone_a_count,fold6/test_horizon_15_ega_zone_b_pct,fold6/test_horizon_15_ega_zone_b_count,fold6/test_horizon_15_ega_zone_c_pct,fold6/test_horizon_15_ega_zone_c_count,fold6/test_horizon_15_ega_zone_d_pct,fold6/test_horizon_15_ega_zone_d_count,fold6/test_horizon_15_ega_zone_e_pct,fold6/test_horizon_15_ega_zone_e_count,fold6/test_horizon_30_mae,fold6/test_horizon_30_rmse,fold6/test_horizon_30_mard,fold6/test_horizon_30_mape,fold6/test_horizon_30_r2,fold6/test_horizon_30_pearson,fold6/test_horizon_30_ega_zone_a_pct,fold6/test_horizon_30_ega_zone_a_count,fold6/test_horizon_30_ega_zone_b_pct,fold6/test_horizon_30_ega_zone_b_count,fold6/test_horizon_30_ega_zone_c_pct,fold6/test_horizon_30_ega_zone_c_count,fold6/test_horizon_30_ega_zone_d_pct,fold6/test_horizon_30_ega_zone_d_count,fold6/test_horizon_30_ega_zone_e_pct,fold6/test_horizon_30_ega_zone_e_count,fold6/test_horizon_45_mae,fold6/test_horizon_45_rmse,fold6/test_horizon_45_mard,fold6/test_horizon_45_mape,fold6/test_horizon_45_r2,fold6/test_horizon_45_pearson,fold6/test_horizon_45_ega_zone_a_pct,fold6/test_horizon_45_ega_zone_a_count,fold6/test_horizon_45_ega_zone_b_pct,fold6/test_horizon_45_ega_zone_b_count,fold6/test_horizon_45_ega_zone_c_pct,fold6/test_horizon_45_ega_zone_c_count,fold6/test_horizon_45_ega_zone_d_pct,fold6/test_horizon_45_ega_zone_d_count,fold6/test_horizon_45_ega_zone_e_pct,fold6/test_horizon_45_ega_zone_e_count,fold6/test_horizon_60_mae,fold6/test_horizon_60_rmse,fold6/test_horizon_60_mard,fold6/test_horizon_60_mape,fold6/test_horizon_60_r2,fold6/test_horizon_60_pearson,fold6/test_horizon_60_ega_zone_a_pct,fold6/test_horizon_60_ega_zone_a_count,fold6/test_horizon_60_ega_zone_b_pct,fold6/test_horizon_60_ega_zone_b_count,fold6/test_horizon_60_ega_zone_c_pct,fold6/test_horizon_60_ega_zone_c_count,fold6/test_horizon_60_ega_zone_d_pct,fold6/test_horizon_60_ega_zone_d_count,fold6/test_horizon_60_ega_zone_e_pct,fold6/test_horizon_60_ega_zone_e_count
0,0.3779887791169752,12.374082565307617,18.898235321044922,9.378077507019043,9.378077507019043,0.457912802696228,0.7135979533195496,87.68976593017578,5314.0,12.310230255126953,746.0,0.0,0.0,0.0,0.0,0.0,0.0,7.395503520965576,10.645837783813477,5.710331916809082,5.710331916809082,0.8283802270889282,0.9320523142814636,97.95379638671875,1484.0,2.0462045669555664,31.0,0.0,0.0,0.0,0.0,0.0,0.0,11.689953804016113,17.421894073486328,8.882752418518066,8.882752418518066,0.539573073387146,0.7795052528381348,90.09901428222656,1365.0,9.90099048614502,150.0,0.0,0.0,0.0,0.0,0.0,0.0,14.447724342346191,21.402542114257812,10.913476943969727,10.913476943969727,0.3041568994522095,0.6057102084159851,82.7062759399414,1253.0,17.293729782104492,262.0,0.0,0.0,0.0,0.0,0.0,0.0,15.963150024414062,23.529727935791016,12.005749702453613,12.005749702453613,0.1578589677810669,0.4575244188308716,80.0,1212.0,20.0,303.0,0.0,0.0,0.0,0.0,0.0,0.0
step,fold7/train_loss,fold7/val_mae,fold7/val_rmse,fold7/val_mard,fold7/val_mape,fold7/val_r2,fold7/val_pearson,fold7/val_ega_zone_a_pct,fold7/val_ega_zone_a_count,fold7/val_ega_zone_b_pct,fold7/val_ega_zone_b_count,fold7/val_ega_zone_c_pct,fold7/val_ega_zone_c_count,fold7/val_ega_zone_d_pct,fold7/val_ega_zone_d_count,fold7/val_ega_zone_e_pct,fold7/val_ega_zone_e_count,fold7/val_horizon_15_mae,fold7/val_horizon_15_rmse,fold7/val_horizon_15_mard,fold7/val_horizon_15_mape,fold7/val_horizon_15_r2,fold7/val_horizon_15_pearson,fold7/val_horizon_15_ega_zone_a_pct,fold7/val_horizon_15_ega_zone_a_count,fold7/val_horizon_15_ega_zone_b_pct,fold7/val_horizon_15_ega_zone_b_count,fold7/val_horizon_15_ega_zone_c_pct,fold7/val_horizon_15_ega_zone_c_count,fold7/val_horizon_15_ega_zone_d_pct,fold7/val_horizon_15_ega_zone_d_count,fold7/val_horizon_15_ega_zone_e_pct,fold7/val_horizon_15_ega_zone_e_count,fold7/val_horizon_30_mae,fold7/val_horizon_30_rmse,fold7/val_horizon_30_mard,fold7/val_horizon_30_mape,fold7/val_horizon_30_r2,fold7/val_horizon_30_pearson,fold7/val_horizon_30_ega_zone_a_pct,fold7/val_horizon_30_ega_zone_a_count,fold7/val_horizon_30_ega_zone_b_pct,fold7/val_horizon_30_ega_zone_b_count,fold7/val_horizon_30_ega_zone_c_pct,fold7/val_horizon_30_ega_zone_c_count,fold7/val_horizon_30_ega_zone_d_pct,fold7/val_horizon_30_ega_zone_d_count,fold7/val_horizon_30_ega_zone_e_pct,fold7/val_horizon_30_ega_zone_e_count,fold7/val_horizon_45_mae,fold7/val_horizon_45_rmse,fold7/val_horizon_45_mard,fold7/val_horizon_45_mape,fold7/val_horizon_45_r2,fold7/val_horizon_45_pearson,fold7/val_horizon_45_ega_zone_a_pct,fold7/val_horizon_45_ega_zone_a_count,fold7/val_horizon_45_ega_zone_b_pct,fold7/val_horizon_45_ega_zone_b_count,fold7/val_horizon_45_ega_zone_c_pct,fold7/val_horizon_45_ega_zone_c_count,fold7/val_horizon_45_ega_zone_d_pct,fold7/val_horizon_45_ega_zone_d_count,fold7/val_horizon_45_ega_zone_e_pct,fold7/val_horizon_45_ega_zone_e_count,fold7/val_horizon_60_mae,fold7/val_horizon_60_rmse,fold7/val_horizon_60_mard,fold7/val_horizon_60_mape,fold7/val_horizon_60_r2,fold7/val_horizon_60_pearson,fold7/val_horizon_60_ega_zone_a_pct,fold7/val_horizon_60_ega_zone_a_count,fold7/val_horizon_60_ega_zone_b_pct,fold7/val_horizon_60_ega_zone_b_count,fold7/val_horizon_60_ega_zone_c_pct,fold7/val_horizon_60_ega_zone_c_count,fold7/val_horizon_60_ega_zone_d_pct,fold7/val_horizon_60_ega_zone_d_count,fold7/val_horizon_60_ega_zone_e_pct,fold7/val_horizon_60_ega_zone_e_count,fold7/diag_horizon_curriculum_progress,fold7/diag_loss_horizon_weight_0,fold7/diag_loss_horizon_weight_1,fold7/diag_loss_horizon_weight_2,fold7/diag_loss_horizon_weight_3
1,0.39403933623862286,14.84445858001709,20.679603576660156,11.870109558105469,11.870109558105469,0.15180975198745728,0.5063495635986328,82.0966567993164,17260.0,17.3991641998291,3658.0,0.0,0.0,0.504185676574707,106.0,0.0,0.0,13.663176536560059,19.02520179748535,11.0491361618042,11.0491361618042,0.28099721670150757,0.6111250519752502,84.76026916503906,4455.0,14.802130699157715,778.0,0.0,0.0,0.4375951290130615,23.0,0.0,0.0,14.787409782409668,20.679824829101562,11.760838508605957,11.760838508605957,0.15184223651885986,0.5283156633377075,82.0395736694336,4312.0,17.46575355529785,918.0,0.0,0.0,0.4946727752685547,26.0,0.0,0.0,15.388988494873047,21.467918395996094,12.19714641571045,12.19714641571045,0.086650550365448,0.47364333271980286,80.91704559326172,4253.0,18.53120231628418,974.0,0.0,0.0,0.5517503619194031,29.0,0.0,0.0,15.5382661819458,21.449918746948242,12.473313331604004,12.473313331604004,0.0880236029624939,0.4251517057418823,80.66971588134766,4240.0,18.797565460205078,988.0,0.0,0.0,0.5327244997024536,28.0,0.0,0.0,0.0,0.3333333432674408,0.28333333134651184,0.21666665375232697,0.1666666716337204
2,0.3641304940681836,14.015966415405273,19.815271377563477,11.13158130645752,11.13158130645752,0.22123068571090698,0.5392553806304932,83.81849670410156,17622.0,15.682077407836914,3297.0,0.0,0.0,0.49942922592163086,105.0,0.0,0.0,12.561310768127441,17.815637588500977,10.072242736816406,10.072242736816406,0.36951494216918945,0.6456213593482971,86.71994018554688,4558.0,12.861492156982422,676.0,0.0,0.0,0.4185692369937897,22.0,0.0,0.0,13.880635261535645,19.61056137084961,11.026992797851562,11.026992797851562,0.2372838258743286,0.5552155375480652,84.24657440185547,4428.0,15.25875186920166,802.0,0.0,0.0,0.4946727752685547,26.0,0.0,0.0,14.593008041381836,20.573627471923828,11.543030738830566,11.543030738830566,0.161160409450531,0.49841955304145813,82.59132385253906,4341.0,16.85692596435547,886.0,0.0,0.0,0.5517503619194031,29.0,0.0,0.0,15.028916358947754,21.102951049804688,11.884058952331543,11.884058952331543,0.11728870868682861,0.45234864950180054,81.71613311767578,4295.0,17.751140594482422,933.0,0.0,0.0,0.5327244997024536,28.0,0.0,0.0,0.07142857142857142,0.3245614171028137,0.2788847088813782,0.21998745203018188,0.17656642198562622
3,0.3269582672839969,13.128070831298828,18.683589935302734,10.452529907226562,10.452529907226562,0.3076440095901489,0.6002739667892456,85.63546752929688,18004.0,13.884133338928223,2919.0,0.0,0.0,0.480403333902359,101.0,0.0,0.0,11.124777793884277,15.837233543395996,8.982484817504883,8.982484817504883,0.5017690658569336,0.7278385162353516,89.84017944335938,4722.0,9.77929973602295,514.0,0.0,0.0,0.38051748275756836,20.0,0.0,0.0,12.912989616394043,18.31963348388672,10.319812774658203,10.319812774658203,0.334395170211792,0.6167588233947754,86.03500366210938,4522.0,13.489346504211426,709.0,0.0,0.0,0.47564688324928284,25.0,0.0,0.0,13.96199893951416,19.74626922607422,11.058618545532227,11.058618545532227,0.22727090120315552,0.5487342476844788,83.90411376953125,4410.0,15.563165664672852,818.0,0.0,0.0,0.5327244997024536,28.0,0.0,0.0,14.512518882751465,20.493022918701172,11.449201583862305,11.449201583862305,0.16757649183273315,0.5017895698547363,82.76255798339844,4350.0,16.70471954345703,878.0,0.0,0.0,0.5327244997024536,28.0,0.0,0.0,0.14285714285714285,0.31578949093818665,0.2744360864162445,0.223308265209198,0.18646617233753204
4,0.28967688289621,12.615821838378906,17.87140464782715,10.091912269592285,10.091912269592285,0.36652982234954834,0.643887996673584,86.8245849609375,18254.0,12.690258026123047,2668.0,0.0,0.0,0.48515981435775757,102.0,0.0,0.0,10.107869148254395,14.140870094299316,8.224383354187012,8.224383354187012,0.6027861833572388,0.7949801683425903,92.10426330566406,4841.0,7.5152201652526855,395.0,0.0,0.0,0.38051748275756836,20.0,0.0,0.0,12.394384384155273,17.465347290039062,9.94575309753418,9.94575309753418,0.3950250744819641,0.6610398888587952,87.10045623779297,4578.0,12.423896789550781,653.0,0.0,0.0,0.47564688324928284,25.0,0.0,0.0,13.650893211364746,19.20598602294922,10.86330795288086,10.86330795288086,0.2689780592918396,0.5752229690551758,84.72222137451172,4453.0,14.726027488708496,774.0,0.0,0.0,0.5517503619194031,29.0,0.0,0.0,14.310134887695312,20.091684341430664,11.334202766418457,11.334202766418457,0.1998618245124817,0.5237432718276978,83.37138366699219,4382.0,16.095890045166016,846.0,0.0,0.0,0.5327244997024536,28.0,0.0,0.0,0.21428571428571427,0.30701756477355957,0.26998746395111084,0.22662906348705292,0.19636592268943787
5,0.2718089461491377,12.279372215270996,17.398395538330078,9.864692687988281,9.864692687988281,0.39961862564086914,0.6663126945495605,87.53329467773438,18403.0,11.976788520812988,2518.0,0.0,0.0,0.48991626501083374,103.0,0.0,0.0,9.402350425720215,13.02175235748291,7.707754611968994,7.707754611968994,0.6631698608398438,0.8316293358802795,93.70243835449219,4925.0,5.898021221160889,310.0,0.0,0.0,0.3995434045791626,21.0,0.0,0.0,12.092472076416016,17.00572395324707,9.742525100708008,9.742525100708008,0.42644739151000977,0.6822335720062256,87.7473373413086,4612.0,11.777016639709473,619.0,0.0,0.0,0.47564688324928284,25.0,0.0,0.0,13.455399513244629,18.914215087890625,10.755267143249512,10.755267143249512,0.2910202741622925,0.5875248312950134,84.83637237548828,4459.0,14.611871719360352,768.0,0.0,0.0,0.5517503619194031,29.0,0.0,0.0,14.167266845703125,19.857200622558594,11.25322151184082,11.25322151184082,0.21842926740646362,0.5358217358589172,83.84703063964844,4407.0,15.620243072509766,821.0,0.0,0.0,0.5327244997024536,28.0,0.0,0.0,0.2857142857142857,0.2982456088066101,0.2655388414859772,0.22994986176490784,0.2062656730413437
6,0.25864926332743154,11.910819053649902,16.93149185180664,9.621177673339844,9.621177673339844,0.431410014629364,0.6827254891395569,88.1991958618164,18543.0,11.310882568359375,2378.0,0.0,0.0,0.48991626501083374,103.0,0.0,0.0,8.630433082580566,11.893423080444336,7.147032737731934,7.147032737731934,0.7190132141113281,0.8600679636001587,94.9771728515625,4992.0,4.623287677764893,243.0,0.0,0.0,0.3995434045791626,21.0,0.0,0.0,11.742046356201172,16.519983291625977,9.514175415039062,9.514175415039062,0.45874476432800293,0.6994829177856445,88.37519073486328,4645.0,11.149163246154785,586.0,0.0,0.0,0.47564688324928284,25.0,0.0,0.0,13.241240501403809,18.612598419189453,10.634235382080078,10.634235382080078,0.31345152854919434,0.5973737835884094,85.23592376708984,4480.0,14.21232795715332,747.0,0.0,0.0,0.5517503619194031,29.0,0.0,0.0,14.029557228088379,19.644575119018555,11.189264297485352,11.189264297485352,0.23507732152938843,0.541145920753479,84.20852661132812,4426.0,15.25875186920166,802.0,0.0,0.0,0.5327244997024536,28.0,0.0,0.0,0.35714285714285715,0.28947368264198303,0.2610902190208435,0.23327067494392395,0.2161654233932495
7,0.24722015562369673,11.647075653076172,16.62994956970215,9.443169593811035,9.443169593811035,0.45148229598999023,0.6918386220932007,88.7509536743164,18659.0,10.759132385253906,2262.0,0.0,0.0,0.48991626501083374,103.0,0.0,0.0,8.030348777770996,11.051656723022461,6.702237606048584,6.702237606048584,0.7573798894882202,0.8782336115837097,96.06163787841797,5049.0,3.5388126373291016,186.0,0.0,0.0,0.3995434045791626,21.0,0.0,0.0,11.483282089233398,16.177263259887695,9.342827796936035,9.342827796936035,0.4809693694114685,0.710199773311615,88.86986541748047,4671.0,10.65449047088623,560.0,0.0,0.0,0.47564688324928284,25.0,0.0,0.0,13.115832328796387,18.441497802734375,10.568840026855469,10.568840026855469,0.32601606845855713,0.601097583770752,85.67351531982422,4503.0,13.774733543395996,724.0,0.0,0.0,0.5517503619194031,29.0,0.0,0.0,13.95883560180664,19.552213668823242,11.158775329589844,11.158775329589844,0.2422531247138977,0.5410584211349487,84.3987808227539,4436.0,15.068493843078613,792.0,0.0,0.0,0.5327244997024536,28.0,0.0,0.0,0.42857142857142855,0.28070175647735596,0.25664159655570984,0.23659147322177887,0.22606515884399414
8,0.2445692832212587,11.484777450561523,16.433006286621094,9.332595825195312,9.332595825195312,0.4643971920013428,0.6983435153961182,89.01255798339844,18714.0,10.497527122497559,2207.0,0.0,0.0,0.48991626501083374,103.0,0.0,0.0,7.621356964111328,10.48208999633789,6.37031364440918,6.37031364440918,0.7817431688308716,0.8905572295188904,96.70852661132812,5083.0,2.891932964324951,152.0,0.0,0.0,0.3995434045791626,21.0,0.0,0.0,11.310225486755371,15.920675277709961,9.22956657409668,9.22956657409668,0.49730348587036133,0.7190493941307068,89.1552505493164,4686.0,10.369101524353027,545.0,0.0,0.0,0.47564688324928284,25.0,0.0,0.0,13.061965942382812,18.340656280517578,10.550098419189453,10.550098419189453,0.33336687088012695,0.6036138534545898,85.7305908203125,4506.0,13.717656135559082,721.0,0.0,0.0,0.5517503619194031,29.0,0.0,0.0,13.945562362670898,19.505205154418945,11.180402755737305,11.180402755737305,0.24589240550994873,0.5382241010665894,84.45585632324219,4439.0,15.011414527893066,789.0,0.0,0.0,0.5327244997024536,28.0,0.0,0.0,0.5,0.2719298303127289,0.25219297409057617,0.2399122714996338,0.23596492409706116
9,0.24060171021906446,11.416059494018555,16.35736083984375,9.279582023620605,9.279582023620605,0.46931689977645874,0.7005566358566284,89.18379211425781,18750.0,10.331049919128418,2172.0,0.0,0.0,0.48515981435775757,102.0,0.0,0.0,7.40859842300415,10.145980834960938,6.199076175689697,6.199076175689697,0.7955156564712524,0.897348940372467,96.95585632324219,5096.0,2.6636226177215576,140.0,0.0,0.0,0.38051748275756836,20.0,0.0,0.0,11.22312068939209,15.801788330078125,9.161267280578613,9.161267280578613,0.5047831535339355,0.7231487035751343,89.36453247070312,4697.0,10.159817695617676,534.0,0.0,0.0,0.47564688324928284,25.0,0.0,0.0,13.050836563110352,18.329133987426758,10.539472579956055,10.539472579956055,0.3342042565345764,0.6034681797027588,85.93988037109375,4517.0,13.50837230682373,710.0,0.0,0.0,0.5517503619194031,29.0,0.0,0.0,13.981682777404785,19.53607749938965,11.218511581420898,11.218511581420898,0.24350333213806152,0.5335757732391357,84.47488403320312,4440.0,14.992388725280762,788.0,0.0,0.0,0.5327244997024536,28.0,0.0,0.0,0.5714285714285714,0.2631579041481018,0.2477443516254425,0.2432330846786499,0.24586467444896698
10,0.24038338975919554,11.383782386779785,16.338117599487305,9.243266105651855,9.243266105651855,0.47056466341018677,0.7023184299468994,89.27891540527344,18770.0,10.245433807373047,2154.0,0.0,0.0,0.47564688324928284,100.0,0.0,0.0,7.299352169036865,9.99948501586914,6.089552879333496,6.089552879333496,0.8013780117034912,0.9010677933692932,97.22222137451172,5110.0,2.435312032699585,128.0,0.0,0.0,0.34246575832366943,18.0,0.0,0.0,11.187902450561523,15.75665283203125,9.123531341552734,9.123531341552734,0.5076081156730652,0.7258710265159607,89.51673889160156,4705.0,10.007610321044922,526.0,0.0,0.0,0.47564688324928284,25.0,0.0,0.0,13.051188468933105,18.336139678955078,10.538393020629883,10.538393020629883,0.3336952328681946,0.6032607555389404,85.95890045166016,4518.0,13.489346504211426,709.0,0.0,0.0,0.5517503619194031,29.0,0.0,0.0,13.996689796447754,19.577045440673828,11.221590995788574,11.221590995788574,0.24032717943191528,0.5320751667022705,84.41780853271484,4437.0,15.049468040466309,791.0,0.0,0.0,0.5327244997024536,28.0,0.0,0.0,0.6428571428571429,0.25438597798347473,0.24329572916030884,0.24655388295650482,0.2557644248008728
11,0.23855395775983967,11.349023818969727,16.3251895904541,9.214255332946777,9.214255332946777,0.47140222787857056,0.7022892236709595,89.30270385742188,18775.0,10.245433807373047,2154.0,0.0,0.0,0.4518645405769348,95.0,0.0,0.0,7.1716766357421875,9.849478721618652,5.979498386383057,5.979498386383057,0.8072925209999084,0.9034717082977295,97.4124755859375,5120.0,2.3211569786071777,122.0,0.0,0.0,0.2663622498512268,14.0,0.0,0.0,11.144515991210938,15.718491554260254,9.088425636291504,9.088425636291504,0.5099902749061584,0.7268826961517334,89.49771881103516,4704.0,10.026636123657227,527.0,0.0,0.0,0.47564688324928284,25.0,0.0,0.0,13.05649471282959,18.359207153320312,10.542275428771973,10.542275428771973,0.33201760053634644,0.6015502214431763,85.9779281616211,4519.0,13.489346504211426,709.0,0.0,0.0,0.5327244997024536,28.0,0.0,0.0,14.023407936096191,19.618961334228516,11.246821403503418,11.246821403503418,0.23707067966461182,0.5281165242195129,84.32267761230469,4432.0,15.144597053527832,796.0,0.0,0.0,0.5327244997024536,28.0,0.0,0.0,0.7142857142857143,0.24561403691768646,0.23884710669517517,0.24987469613552094,0.26566416025161743
12,0.2372699551492158,11.318961143493652,16.27555274963379,9.199020385742188,9.199020385742188,0.474611759185791,0.7033351063728333,89.32648468017578,18780.0,10.23116397857666,2151.0,0.0,0.0,0.4423515796661377,93.0,0.0,0.0,7.100135326385498,9.73167896270752,5.923343658447266,5.923343658447266,0.811874508857727,0.9056693315505981,97.54566192626953,5127.0,2.226027488708496,117.0,0.0,0.0,0.2283104956150055,12.0,0.0,0.0,11.099385261535645,15.640865325927734,9.059070587158203,9.059070587158203,0.5148182511329651,0.7291331887245178,89.51673889160156,4705.0,10.007610321044922,526.0,0.0,0.0,0.47564688324928284,25.0,0.0,0.0,13.046432495117188,18.331092834472656,10.545141220092773,10.545141220092773,0.33406198024749756,0.6016807556152344,85.92085266113281,4516.0,13.54642391204834,712.0,0.0,0.0,0.5327244997024536,28.0,0.0,0.0,14.029891014099121,19.60110855102539,11.268526077270508,11.268526077270508,0.2384585738182068,0.5266539454460144,84.32267761230469,4432.0,15.144597053527832,796.0,0.0,0.0,0.5327244997024536,28.0,0.0,0.0,0.7857142857142857,0.23684212565422058,0.2343984991312027,0.25319552421569824,0.27556392550468445
13,0.23591156201121136,11.34910774230957,16.32596778869629,9.217185020446777,9.217185020446777,0.47135186195373535,0.7023229002952576,89.2408676147461,18762.0,10.307268142700195,2167.0,0.0,0.0,0.4518645405769348,95.0,0.0,0.0,7.061801910400391,9.681618690490723,5.885573863983154,5.885573863983154,0.8138050436973572,0.9071223735809326,97.60273742675781,5130.0,2.1308979988098145,112.0,0.0,0.0,0.2663622498512268,14.0,0.0,0.0,11.122724533081055,15.661907196044922,9.072931289672852,9.072931289672852,0.5135118961334229,0.7292817234992981,89.34551239013672,4696.0,10.17884349822998,535.0,0.0,0.0,0.47564688324928284,25.0,0.0,0.0,13.097695350646973,18.400026321411133,10.581113815307617,10.581113815307617,0.329043984413147,0.5995038151741028,85.86377716064453,4513.0,13.603501319885254,715.0,0.0,0.0,0.5327244997024536,28.0,0.0,0.0,14.11421012878418,19.711898803710938,11.329120635986328,11.329120635986328,0.22982537746429443,0.5214582085609436,84.15144348144531,4423.0,15.315829277038574,805.0,0.0,0.0,0.5327244997024536,28.0,0.0,0.0,0.8571428571428571,0.22807016968727112,0.22994986176490784,0.25651630759239197,0.2854636609554291
14,0.23662916699391148,11.307672500610352,16.262910842895508,9.191170692443848,9.191170692443848,0.4754275679588318,0.704071044921875,89.31697082519531,18778.0,10.245433807373047,2154.0,0.0,0.0,0.4375951290130615,92.0,0.0,0.0,7.012510776519775,9.61194896697998,5.850610733032227,5.850610733032227,0.8164751529693604,0.9083672165870667,97.77397155761719,5139.0,1.9786911010742188,104.0,0.0,0.0,0.24733638763427734,13.0,0.0,0.0,11.085371017456055,15.595362663269043,9.04710578918457,9.04710578918457,0.5176371335983276,0.7313571572303772,89.45966339111328,4702.0,10.083714485168457,530.0,0.0,0.0,0.456620991230011,24.0,0.0,0.0,13.061602592468262,18.342592239379883,10.55847454071045,10.55847454071045,0.33322614431381226,0.6013453602790833,85.93988037109375,4517.0,13.54642391204834,712.0,0.0,0.0,0.5136986374855042,27.0,0.0,0.0,14.071208953857422,19.64366912841797,11.308494567871094,11.308494567871094,0.2351478934288025,0.5229961276054382,84.09436798095703,4420.0,15.372906684875488,808.0,0.0,0.0,0.5327244997024536,28.0,0.0,0.0,0.9285714285714286,0.21929824352264404,0.22550123929977417,0.2598370909690857,0.2953633964061737
15,0.2370010683639291,11.314345359802246,16.259565353393555,9.1876802444458,9.1876802444458,0.475643515586853,0.7047991156578064,89.35501861572266,18786.0,10.21689510345459,2148.0,0.0,0.0,0.4280821979045868,90.0,0.0,0.0,7.009263038635254,9.60111141204834,5.834324836730957,5.834324836730957,0.816888689994812,0.9092910289764404,97.90715789794922,5146.0,1.8835617303848267,99.0,0.0,0.0,0.20928461849689484,11.0,0.0,0.0,11.09085464477539,15.580965042114258,9.040590286254883,9.040590286254883,0.5185273885726929,0.7327038049697876,89.5357666015625,4706.0,10.007610321044922,526.0,0.0,0.0,0.456620991230011,24.0,0.0,0.0,13.06735610961914,18.335418701171875,10.55702018737793,10.55702018737793,0.3337475657463074,0.6019071340560913,85.8447494506836,4512.0,13.641552925109863,717.0,0.0,0.0,0.5136986374855042,27.0,0.0,0.0,14.0899019241333,19.656003952026367,11.318787574768066,11.318787574768066,0.23418700695037842,0.5223127007484436,84.1324234008789,4422.0,15.334855079650879,806.0,0.0,0.0,0.5327244997024536,28.0,0.0,0.0,1.0,0.21052631735801697,0.2210526168346405,0.2631579041481018,0.3052631616592407
16,0.23460784398391937,11.340518951416016,16.314279556274414,9.206361770629883,9.206361770629883,0.47210854291915894,0.7028867602348328,89.31221008300781,18777.0,10.2549467086792,2156.0,0.0,0.0,0.43283864855766296,91.0,0.0,0.0,6.996801853179932,9.591934204101562,5.825592041015625,5.825592041015625,0.8172386288642883,0.909396767616272,97.86910247802734,5144.0,1.9025875329971313,100.0,0.0,0.0,0.2283104956150055,12.0,0.0,0.0,11.102116584777832,15.604390144348145,9.047805786132812,9.047805786132812,0.5170785188674927,0.7320661544799805,89.55479431152344,4707.0,9.988584518432617,525.0,0.0,0.0,0.456620991230011,24.0,0.0,0.0,13.109801292419434,18.40463638305664,10.588961601257324,10.588961601257324,0.328707754611969,0.5987619161605835,85.76864624023438,4508.0,13.717656135559082,721.0,0.0,0.0,0.5136986374855042,27.0,0.0,0.0,14.153362274169922,19.75829315185547,11.363082885742188,11.363082885742188,0.22619575262069702,0.5171014666557312,84.05632019042969,4418.0,15.410958290100098,810.0,0.0,0.0,0.5327244997024536,28.0,0.0,0.0,1.0,0.21052631735801697,0.2210526168346405,0.2631579041481018,0.3052631616592407
17,0.23298005013122544,11.329160690307617,16.317974090576172,9.19346809387207,9.19346809387207,0.47186940908432007,0.7025537490844727,89.28367614746094,18771.0,10.28824234008789,2163.0,0.0,0.0,0.4280821979045868,90.0,0.0,0.0,6.962267875671387,9.535776138305664,5.79673433303833,5.79673433303833,0.8193724155426025,0.9102410674095154,97.88813018798828,5145.0,1.9025875329971313,100.0,0.0,0.0,0.20928461849689484,11.0,0.0,0.0,11.082927703857422,15.578465461730957,9.032679557800293,9.032679557800293,0.5186817646026611,0.7327713966369629,89.55479431152344,4707.0,9.988584518432617,525.0,0.0,0.0,0.456620991230011,24.0,0.0,0.0,13.110100746154785,18.426366806030273,10.584959030151367,10.584959030151367,0.3271215558052063,0.5978505611419678,85.67351531982422,4503.0,13.812785148620605,726.0,0.0,0.0,0.5136986374855042,27.0,0.0,0.0,14.161343574523926,19.797840118408203,11.359503746032715,11.359503746032715,0.22309494018554688,0.5156275033950806,84.01826477050781,4416.0,15.449010848999023,812.0,0.0,0.0,0.5327244997024536,28.0,0.0,0.0,1.0,0.21052631735801697,0.2210526168346405,0.2631579041481018,0.3052631616592407
18,0.23190420320448069,11.320969581604004,16.28546714782715,9.196882247924805,9.196882247924805,0.47397148609161377,0.7032709717750549,89.25038146972656,18764.0,10.321537017822266,2170.0,0.0,0.0,0.4280821979045868,90.0,0.0,0.0,6.935551166534424,9.49211311340332,5.782037258148193,5.782037258148193,0.8210227489471436,0.9107834696769714,97.86910247802734,5144.0,1.921613335609436,101.0,0.0,0.0,0.20928461849689484,11.0,0.0,0.0,11.086078643798828,15.556509017944336,9.042112350463867,9.042112350463867,0.5200375914573669,0.7333007454872131,89.59284210205078,4709.0,9.950532913208008,523.0,0.0,0.0,0.456620991230011,24.0,0.0,0.0,13.109367370605469,18.395261764526367,10.595012664794922,10.595012664794922,0.3293914198875427,0.5986251831054688,85.63546752929688,4501.0,13.850836753845215,728.0,0.0,0.0,0.5136986374855042,27.0,0.0,0.0,14.152883529663086,19.757909774780273,11.368369102478027,11.368369102478027,0.22622573375701904,0.5161760449409485,83.90411376953125,4410.0,15.563165664672852,818.0,0.0,0.0,0.5327244997024536,28.0,0.0,0.0,1.0,0.21052631735801697,0.2210526168346405,0.2631579041481018,0.3052631616592407
19,0.2308116080608761,11.30374526977539,16.264371871948242,9.184508323669434,9.184508323669434,0.4753333330154419,0.7037285566329956,89.30745697021484,18776.0,10.264459609985352,2158.0,0.0,0.0,0.4280821979045868,90.0,0.0,0.0,6.929311275482178,9.480020523071289,5.774043560028076,5.774043560028076,0.8214784860610962,0.9111273288726807,97.90715789794922,5146.0,1.8835617303848267,99.0,0.0,0.0,0.20928461849689484,11.0,0.0,0.0,11.068953514099121,15.534804344177246,9.026740074157715,9.026740074157715,0.5213759541511536,0.7340083718299866,89.6689453125,4713.0,9.874429702758789,519.0,0.0,0.0,0.456620991230011,24.0,0.0,0.0,13.08529281616211,18.366357803344727,10.581574440002441,10.581574440002441,0.3314971327781677,0.598944365978241,85.7305908203125,4506.0,13.755707740783691,723.0,0.0,0.0,0.5136986374855042,27.0,0.0,0.0,14.131423950195312,19.7381649017334,11.355680465698242,11.355680465698242,0.22777146100997925,0.5161371827125549,83.92313385009766,4411.0,15.544139862060547,817.0,0.0,0.0,0.5327244997024536,28.0,0.0,0.0,1.0,0.21052631735801697,0.2210526168346405,0.2631579041481018,0.3052631616592407
20,0.22878287318709148,11.34431266784668,16.319643020629883,9.214035034179688,9.214035034179688,0.47176140546798706,0.7016222476959229,89.25989532470703,18766.0,10.312024116516113,2168.0,0.0,0.0,0.4280821979045868,90.0,0.0,0.0,6.944855213165283,9.49517822265625,5.789635181427002,5.789635181427002,0.8209071159362793,0.9106478691101074,97.88813018798828,5145.0,1.9025875329971313,100.0,0.0,0.0,0.20928461849689484,11.0,0.0,0.0,11.1043701171875,15.574483871459961,9.054411888122559,9.054411888122559,0.518927812576294,0.7324737310409546,89.59284210205078,4709.0,9.950532913208008,523.0,0.0,0.0,0.456620991230011,24.0,0.0,0.0,13.136271476745605,18.4378662109375,10.615030288696289,10.615030288696289,0.32628148794174194,0.5959517359733582,85.7115707397461,4505.0,13.774733543395996,724.0,0.0,0.0,0.5136986374855042,27.0,0.0,0.0,14.191751480102539,19.815275192260742,11.397064208984375,11.397064208984375,0.22172611951828003,0.5124388337135315,83.84703063964844,4407.0,15.620243072509766,821.0,0.0,0.0,0.5327244997024536,28.0,0.0,0.0,1.0,0.21052631735801697,0.2210526168346405,0.2631579041481018,0.3052631616592407
21,0.22711584385344957,11.327301025390625,16.27842903137207,9.200170516967773,9.200170516967773,0.47442615032196045,0.7035819292068481,89.28367614746094,18771.0,10.28824234008789,2163.0,0.0,0.0,0.4280821979045868,90.0,0.0,0.0,6.9408955574035645,9.47622013092041,5.783102989196777,5.783102989196777,0.8216215968132019,0.911362886428833,97.90715789794922,5146.0,1.8835617303848267,99.0,0.0,0.0,0.20928461849689484,11.0,0.0,0.0,11.092933654785156,15.536393165588379,9.047703742980957,9.047703742980957,0.5212780237197876,0.7340070009231567,89.57382202148438,4708.0,9.969558715820312,524.0,0.0,0.0,0.456620991230011,24.0,0.0,0.0,13.118097305297852,18.395544052124023,10.6007719039917,10.6007719039917,0.32937079668045044,0.598372757434845,85.69254302978516,4504.0,13.7937593460083,725.0,0.0,0.0,0.5136986374855042,27.0,0.0,0.0,14.157275199890137,19.75790023803711,11.369104385375977,11.369104385375977,0.22622644901275635,0.516284704208374,83.96118927001953,4413.0,15.506088256835938,815.0,0.0,0.0,0.5327244997024536,28.0,0.0,0.0,1.0,0.21052631735801697,0.2210526168346405,0.2631579041481018,0.3052631616592407
22,0.22675444154950294,11.324331283569336,16.29210662841797,9.19093132019043,9.19093132019043,0.47354257106781006,0.7032158374786377,89.2884292602539,18772.0,10.297755241394043,2165.0,0.0,0.0,0.4138127863407135,87.0,0.0,0.0,6.912364959716797,9.450904846191406,5.754216194152832,5.754216194152832,0.8225733637809753,0.911774218082428,97.98326110839844,5150.0,1.8455098867416382,97.0,0.0,0.0,0.17123287916183472,9.0,0.0,0.0,11.084366798400879,15.538996696472168,9.031773567199707,9.031773567199707,0.5211175680160522,0.7343313694000244,89.57382202148438,4708.0,9.969558715820312,524.0,0.0,0.0,0.456620991230011,24.0,0.0,0.0,13.126333236694336,18.41931915283203,10.599546432495117,10.599546432495117,0.327636182308197,0.5974547266960144,85.76864624023438,4508.0,13.717656135559082,721.0,0.0,0.0,0.5136986374855042,27.0,0.0,0.0,14.174262046813965,19.790891647338867,11.378185272216797,11.378185272216797,0.22364026308059692,0.514038622379303,83.82801055908203,4406.0,15.658294677734375,823.0,0.0,0.0,0.5136986374855042,27.0,0.0,0.0,1.0,0.21052631735801697,0.2210526168346405,0.2631579041481018,0.3052631616592407
step,fold7/test_loss,fold7/test_mae,fold7/test_rmse,fold7/test_mard,fold7/test_mape,fold7/test_r2,fold7/test_pearson,fold7/test_ega_zone_a_pct,fold7/test_ega_zone_a_count,fold7/test_ega_zone_b_pct,fold7/test_ega_zone_b_count,fold7/test_ega_zone_c_pct,fold7/test_ega_zone_c_count,fold7/test_ega_zone_d_pct,fold7/test_ega_zone_d_count,fold7/test_ega_zone_e_pct,fold7/test_ega_zone_e_count,fold7/test_horizon_15_mae,fold7/test_horizon_15_rmse,fold7/test_horizon_15_mard,fold7/test_horizon_15_mape,fold7/test_horizon_15_r2,fold7/test_horizon_15_pearson,fold7/test_horizon_15_ega_zone_a_pct,fold7/test_horizon_15_ega_zone_a_count,fold7/test_horizon_15_ega_zone_b_pct,fold7/test_horizon_15_ega_zone_b_count,fold7/test_horizon_15_ega_zone_c_pct,fold7/test_horizon_15_ega_zone_c_count,fold7/test_horizon_15_ega_zone_d_pct,fold7/test_horizon_15_ega_zone_d_count,fold7/test_horizon_15_ega_zone_e_pct,fold7/test_horizon_15_ega_zone_e_count,fold7/test_horizon_30_mae,fold7/test_horizon_30_rmse,fold7/test_horizon_30_mard,fold7/test_horizon_30_mape,fold7/test_horizon_30_r2,fold7/test_horizon_30_pearson,fold7/test_horizon_30_ega_zone_a_pct,fold7/test_horizon_30_ega_zone_a_count,fold7/test_horizon_30_ega_zone_b_pct,fold7/test_horizon_30_ega_zone_b_count,fold7/test_horizon_30_ega_zone_c_pct,fold7/test_horizon_30_ega_zone_c_count,fold7/test_horizon_30_ega_zone_d_pct,fold7/test_horizon_30_ega_zone_d_count,fold7/test_horizon_30_ega_zone_e_pct,fold7/test_horizon_30_ega_zone_e_count,fold7/test_horizon_45_mae,fold7/test_horizon_45_rmse,fold7/test_horizon_45_mard,fold7/test_horizon_45_mape,fold7/test_horizon_45_r2,fold7/test_horizon_45_pearson,fold7/test_horizon_45_ega_zone_a_pct,fold7/test_horizon_45_ega_zone_a_count,fold7/test_horizon_45_ega_zone_b_pct,fold7/test_horizon_45_ega_zone_b_count,fold7/test_horizon_45_ega_zone_c_pct,fold7/test_horizon_45_ega_zone_c_count,fold7/test_horizon_45_ega_zone_d_pct,fold7/test_horizon_45_ega_zone_d_count,fold7/test_horizon_45_ega_zone_e_pct,fold7/test_horizon_45_ega_zone_e_count,fold7/test_horizon_60_mae,fold7/test_horizon_60_rmse,fold7/test_horizon_60_mard,fold7/test_horizon_60_mape,fold7/test_horizon_60_r2,fold7/test_horizon_60_pearson,fold7/test_horizon_60_ega_zone_a_pct,fold7/test_horizon_60_ega_zone_a_count,fold7/test_horizon_60_ega_zone_b_pct,fold7/test_horizon_60_ega_zone_b_count,fold7/test_horizon_60_ega_zone_c_pct,fold7/test_horizon_60_ega_zone_c_count,fold7/test_horizon_60_ega_zone_d_pct,fold7/test_horizon_60_ega_zone_d_count,fold7/test_horizon_60_ega_zone_e_pct,fold7/test_horizon_60_ega_zone_e_count
0,0.28681106647859733,10.842625617980957,15.019571304321289,12.162492752075195,12.162492752075195,0.3399748206138611,0.6383904218673706,80.14292907714844,6280.0,15.83716106414795,1241.0,0.0,0.0,4.019908428192139,315.0,0.0,0.0,6.865898609161377,9.096028327941895,7.757297039031982,7.757297039031982,0.7599974870681763,0.8957114815711975,94.94640350341797,1860.0,3.522205352783203,69.0,0.0,0.0,1.5313935279846191,30.0,0.0,0.0,10.251620292663574,13.993616104125977,11.468144416809082,11.468144416809082,0.4256388545036316,0.6964958906173706,81.21490478515625,1591.0,14.395099639892578,282.0,0.0,0.0,4.389995098114014,86.0,0.0,0.0,12.37720775604248,16.82129669189453,13.852972030639648,13.852972030639648,0.1694440245628357,0.5077535510063171,74.11944580078125,1452.0,20.87799835205078,409.0,0.0,0.0,5.002552032470703,98.0,0.0,0.0,13.875776290893555,18.46171760559082,15.571555137634277,15.571555137634277,-0.00023186206817626953,0.36413198709487915,70.29096221923828,1377.0,24.553342819213867,481.0,0.0,0.0,5.155691623687744,101.0,0.0,0.0
step,fold8/train_loss,fold8/val_mae,fold8/val_rmse,fold8/val_mard,fold8/val_mape,fold8/val_r2,fold8/val_pearson,fold8/val_ega_zone_a_pct,fold8/val_ega_zone_a_count,fold8/val_ega_zone_b_pct,fold8/val_ega_zone_b_count,fold8/val_ega_zone_c_pct,fold8/val_ega_zone_c_count,fold8/val_ega_zone_d_pct,fold8/val_ega_zone_d_count,fold8/val_ega_zone_e_pct,fold8/val_ega_zone_e_count,fold8/val_horizon_15_mae,fold8/val_horizon_15_rmse,fold8/val_horizon_15_mard,fold8/val_horizon_15_mape,fold8/val_horizon_15_r2,fold8/val_horizon_15_pearson,fold8/val_horizon_15_ega_zone_a_pct,fold8/val_horizon_15_ega_zone_a_count,fold8/val_horizon_15_ega_zone_b_pct,fold8/val_horizon_15_ega_zone_b_count,fold8/val_horizon_15_ega_zone_c_pct,fold8/val_horizon_15_ega_zone_c_count,fold8/val_horizon_15_ega_zone_d_pct,fold8/val_horizon_15_ega_zone_d_count,fold8/val_horizon_15_ega_zone_e_pct,fold8/val_horizon_15_ega_zone_e_count,fold8/val_horizon_30_mae,fold8/val_horizon_30_rmse,fold8/val_horizon_30_mard,fold8/val_horizon_30_mape,fold8/val_horizon_30_r2,fold8/val_horizon_30_pearson,fold8/val_horizon_30_ega_zone_a_pct,fold8/val_horizon_30_ega_zone_a_count,fold8/val_horizon_30_ega_zone_b_pct,fold8/val_horizon_30_ega_zone_b_count,fold8/val_horizon_30_ega_zone_c_pct,fold8/val_horizon_30_ega_zone_c_count,fold8/val_horizon_30_ega_zone_d_pct,fold8/val_horizon_30_ega_zone_d_count,fold8/val_horizon_30_ega_zone_e_pct,fold8/val_horizon_30_ega_zone_e_count,fold8/val_horizon_45_mae,fold8/val_horizon_45_rmse,fold8/val_horizon_45_mard,fold8/val_horizon_45_mape,fold8/val_horizon_45_r2,fold8/val_horizon_45_pearson,fold8/val_horizon_45_ega_zone_a_pct,fold8/val_horizon_45_ega_zone_a_count,fold8/val_horizon_45_ega_zone_b_pct,fold8/val_horizon_45_ega_zone_b_count,fold8/val_horizon_45_ega_zone_c_pct,fold8/val_horizon_45_ega_zone_c_count,fold8/val_horizon_45_ega_zone_d_pct,fold8/val_horizon_45_ega_zone_d_count,fold8/val_horizon_45_ega_zone_e_pct,fold8/val_horizon_45_ega_zone_e_count,fold8/val_horizon_60_mae,fold8/val_horizon_60_rmse,fold8/val_horizon_60_mard,fold8/val_horizon_60_mape,fold8/val_horizon_60_r2,fold8/val_horizon_60_pearson,fold8/val_horizon_60_ega_zone_a_pct,fold8/val_horizon_60_ega_zone_a_count,fold8/val_horizon_60_ega_zone_b_pct,fold8/val_horizon_60_ega_zone_b_count,fold8/val_horizon_60_ega_zone_c_pct,fold8/val_horizon_60_ega_zone_c_count,fold8/val_horizon_60_ega_zone_d_pct,fold8/val_horizon_60_ega_zone_d_count,fold8/val_horizon_60_ega_zone_e_pct,fold8/val_horizon_60_ega_zone_e_count,fold8/diag_horizon_curriculum_progress,fold8/diag_loss_horizon_weight_0,fold8/diag_loss_horizon_weight_1,fold8/diag_loss_horizon_weight_2,fold8/diag_loss_horizon_weight_3
1,0.38336884544196514,13.579642295837402,19.836959838867188,11.439444541931152,11.439444541931152,0.17933428287506104,0.43809494376182556,81.80546569824219,15206.0,18.162254333496094,3376.0,0.0,0.0,0.032278887927532196,6.0,0.0,0.0,12.513957977294922,18.794315338134766,10.496126174926758,10.496126174926758,0.2617565989494324,0.5172812342643738,85.3023452758789,3964.0,14.65461540222168,681.0,0.0,0.0,0.04303852096199989,2.0,0.0,0.0,13.3049955368042,19.437597274780273,11.121106147766113,11.121106147766113,0.2118828296661377,0.4927196204662323,83.15042114257812,3864.0,16.806541442871094,781.0,0.0,0.0,0.04303852096199989,2.0,0.0,0.0,13.850388526916504,19.995885848999023,11.703980445861816,11.703980445861816,0.16637647151947021,0.4476907253265381,80.43899536132812,3738.0,19.539487838745117,908.0,0.0,0.0,0.021519260480999947,1.0,0.0,0.0,14.6492280960083,21.050846099853516,12.436562538146973,12.436562538146973,0.07771438360214233,0.29273176193237305,78.33010864257812,3640.0,21.64837646484375,1006.0,0.0,0.0,0.021519260480999947,1.0,0.0,0.0,0.0,0.3333333432674408,0.28333333134651184,0.21666665375232697,0.1666666716337204
2,0.35248741970160047,14.702898025512695,35.404869079589844,12.162202835083008,12.162202835083008,-1.6142189502716064,0.21586473286151886,84.8504409790039,15772.0,14.460942268371582,2688.0,0.6563374400138855,122.0,0.032278887927532196,6.0,0.0,0.0,14.110015869140625,43.11130905151367,11.576565742492676,11.576565742492676,-2.8844454288482666,0.24035881459712982,88.25048065185547,4101.0,10.974822044372559,510.0,0.7316548228263855,34.0,0.04303852096199989,2.0,0.0,0.0,14.923613548278809,38.56975555419922,12.301591873168945,12.301591873168945,-2.103125810623169,0.2100839763879776,85.38842010498047,3968.0,13.858403205871582,644.0,0.7101355791091919,33.0,0.04303852096199989,2.0,0.0,0.0,15.009928703308105,31.8376407623291,12.448527336120605,12.448527336120605,-1.1133453845977783,0.2092464417219162,83.6023178100586,3885.0,15.730579376220703,731.0,0.6455777883529663,30.0,0.021519260480999947,1.0,0.0,0.0,14.768033981323242,25.576784133911133,12.322124481201172,12.322124481201172,-0.36150169372558594,0.2372557669878006,82.16053009033203,3818.0,17.279966354370117,803.0,0.5379815101623535,25.0,0.021519260480999947,1.0,0.0,0.0,0.07142857142857142,0.3245614171028137,0.2788847088813782,0.21998745203018188,0.17656642198562622
3,0.32313526345042887,14.606002807617188,42.729454040527344,11.991729736328125,11.991729736328125,-2.807769775390625,0.22101758420467377,86.87325286865234,16148.0,12.389713287353516,2303.0,0.7047557830810547,131.0,0.032278887927532196,6.0,0.0,0.0,13.438782691955566,47.95455551147461,10.955192565917969,10.955192565917969,-3.8062496185302734,0.26444801688194275,90.46697235107422,4204.0,8.736820220947266,406.0,0.7531740665435791,35.0,0.04303852096199989,2.0,0.0,0.0,14.908393859863281,48.116703033447266,12.194086074829102,12.194086074829102,-3.829446315765381,0.21031688153743744,87.4112319946289,4062.0,11.81407356262207,549.0,0.7316548228263855,34.0,0.04303852096199989,2.0,0.0,0.0,15.004327774047852,39.10205841064453,12.355033874511719,12.355033874511719,-2.187776803970337,0.20771925151348114,85.53905487060547,3975.0,13.75080680847168,639.0,0.6886163353919983,32.0,0.021519260480999947,1.0,0.0,0.0,15.072509765625,34.04990768432617,12.462611198425293,12.462611198425293,-1.4130048751831055,0.2045530527830124,84.07575225830078,3907.0,15.257156372070312,709.0,0.6455777883529663,30.0,0.021519260480999947,1.0,0.0,0.0,0.14285714285714285,0.31578949093818665,0.2744360864162445,0.223308265209198,0.18646617233753204
4,0.2907210925128787,11.358625411987305,18.037992477416992,9.45389461517334,9.45389461517334,0.32143348455429077,0.5813271403312683,88.69701385498047,16487.0,11.130837440490723,2069.0,0.13987518846988678,26.0,0.032278887927532196,6.0,0.0,0.0,8.990264892578125,13.654004096984863,7.486581802368164,7.486581802368164,0.6103572249412537,0.7893276214599609,93.30751037597656,4336.0,6.649450778961182,309.0,0.0,0.0,0.04303852096199989,2.0,0.0,0.0,11.55263614654541,20.327850341796875,9.566017150878906,9.566017150878906,0.13803720474243164,0.5097931027412415,89.34796142578125,4152.0,10.157090187072754,472.0,0.45190444588661194,21.0,0.04303852096199989,2.0,0.0,0.0,12.195769309997559,18.614994049072266,10.156662940979004,10.156662940979004,0.27753889560699463,0.5383208394050598,86.67958068847656,4028.0,13.191307067871094,613.0,0.10759630054235458,5.0,0.021519260480999947,1.0,0.0,0.0,12.695828437805176,18.849544525146484,10.606318473815918,10.606318473815918,0.2605172395706177,0.5242192149162292,85.4529800415039,3971.0,14.525500297546387,675.0,0.0,0.0,0.021519260480999947,1.0,0.0,0.0,0.21428571428571427,0.30701756477355957,0.26998746395111084,0.22662906348705292,0.19636592268943787
5,0.28009715646618455,11.18949031829834,17.67571449279785,9.331809043884277,9.331809043884277,0.3484165668487549,0.603247344493866,89.01441955566406,16546.0,10.786528587341309,2005.0,0.16677425801753998,31.0,0.032278887927532196,6.0,0.0,0.0,8.63098430633545,12.753070831298828,7.2245707511901855,7.2245707511901855,0.6600804328918457,0.827936053276062,94.16828155517578,4376.0,5.7886810302734375,269.0,0.0,0.0,0.04303852096199989,2.0,0.0,0.0,11.177321434020996,18.95769691467285,9.280145645141602,9.280145645141602,0.25031864643096924,0.5630488991737366,89.84291076660156,4175.0,9.748225212097168,453.0,0.36582741141319275,17.0,0.04303852096199989,2.0,0.0,0.0,12.061417579650879,18.406890869140625,10.05894947052002,10.05894947052002,0.2936018705368042,0.5534185767173767,86.89476776123047,4038.0,12.954594612121582,602.0,0.12911555171012878,6.0,0.021519260480999947,1.0,0.0,0.0,12.888237953186035,19.719913482666016,10.763568878173828,10.763568878173828,0.1906501054763794,0.4687073230743408,85.1517105102539,3957.0,14.65461540222168,681.0,0.17215408384799957,8.0,0.021519260480999947,1.0,0.0,0.0,0.2857142857142857,0.2982456088066101,0.2655388414859772,0.22994986176490784,0.2062656730413437
6,0.26999625625537504,11.174959182739258,17.967073440551758,9.324933052062988,9.324933052062988,0.32675880193710327,0.5932216644287109,89.25112915039062,16590.0,10.479879379272461,1948.0,0.23671185970306396,44.0,0.032278887927532196,6.0,0.0,0.0,8.44500732421875,12.384127616882324,7.088898181915283,7.088898181915283,0.6794635653495789,0.8421167135238647,94.51258850097656,4392.0,5.444372653961182,253.0,0.0,0.0,0.04303852096199989,2.0,0.0,0.0,11.174652099609375,19.409236907958984,9.282066345214844,9.282066345214844,0.2141810655593872,0.5543573498725891,90.1226577758789,4188.0,9.425436019897461,438.0,0.40886592864990234,19.0,0.04303852096199989,2.0,0.0,0.0,12.092408180236816,18.75435447692871,10.083890914916992,10.083890914916992,0.26668089628219604,0.5382522344589233,87.08843994140625,4047.0,12.653324127197266,588.0,0.23671185970306396,11.0,0.021519260480999947,1.0,0.0,0.0,12.987762451171875,20.23491859436035,10.844878196716309,10.844878196716309,0.14782416820526123,0.4478881359100342,85.28082275390625,3963.0,14.396384239196777,669.0,0.30126962065696716,14.0,0.021519260480999947,1.0,0.0,0.0,0.35714285714285715,0.28947368264198303,0.2610902190208435,0.23327067494392395,0.2161654233932495
7,0.26077378917910876,11.058914184570312,17.384355545043945,9.23580551147461,9.23580551147461,0.3697203993797302,0.6203856468200684,89.33720397949219,16606.0,10.474499702453613,1947.0,0.15601463615894318,29.0,0.032278887927532196,6.0,0.0,0.0,8.555693626403809,13.341856002807617,7.1639909744262695,7.1639909744262695,0.6279690861701965,0.8048699498176575,95.07209014892578,4418.0,4.884871959686279,227.0,0.0,0.0,0.04303852096199989,2.0,0.0,0.0,10.870845794677734,17.76414680480957,9.04288101196289,9.04288101196289,0.34174489974975586,0.6122151613235474,90.14418029785156,4189.0,9.533032417297363,443.0,0.27975037693977356,13.0,0.04303852096199989,2.0,0.0,0.0,11.898961067199707,17.966320037841797,9.938602447509766,9.938602447509766,0.3270125389099121,0.5798795223236084,86.87325286865234,4037.0,13.01915168762207,605.0,0.08607704192399979,4.0,0.021519260480999947,1.0,0.0,0.0,12.91015911102295,19.81172752380371,10.797745704650879,10.797745704650879,0.1830959916114807,0.4677315354347229,85.25930786132812,3962.0,14.460942268371582,672.0,0.25823110342025757,12.0,0.021519260480999947,1.0,0.0,0.0,0.42857142857142855,0.28070175647735596,0.25664159655570984,0.23659147322177887,0.22606515884399414
8,0.2518904810504995,10.848747253417969,16.731395721435547,9.086786270141602,9.086786270141602,0.4161781668663025,0.6524608135223389,89.51473999023438,16639.0,10.377663612365723,1929.0,0.07531740516424179,14.0,0.032278887927532196,6.0,0.0,0.0,8.37925910949707,13.480436325073242,7.035189151763916,7.035189151763916,0.6202004551887512,0.797428548336029,95.61006927490234,4443.0,4.303852081298828,200.0,0.04303852096199989,2.0,0.04303852096199989,2.0,0.0,0.0,10.568344116210938,16.497989654541016,8.826371192932129,8.826371192932129,0.4322361946105957,0.6648452877998352,90.40241241455078,4201.0,9.403916358947754,437.0,0.15063481032848358,7.0,0.04303852096199989,2.0,0.0,0.0,11.70632553100586,17.367807388305664,9.802566528320312,9.802566528320312,0.37110424041748047,0.6172304153442383,87.15299987792969,4050.0,12.825478553771973,596.0,0.0,0.0,0.021519260480999947,1.0,0.0,0.0,12.741064071655273,19.084335327148438,10.68301773071289,10.68301773071289,0.24198055267333984,0.5058955550193787,84.89347839355469,3945.0,14.977404594421387,696.0,0.10759630054235458,5.0,0.021519260480999947,1.0,0.0,0.0,0.5,0.2719298303127289,0.25219297409057617,0.2399122714996338,0.23596492409706116
9,0.24633926803808295,10.763246536254883,17.168210983276367,9.027929306030273,9.027929306030273,0.3852959871292114,0.6317754983901978,89.98816680908203,16727.0,9.78050422668457,1818.0,0.19905315339565277,37.0,0.032278887927532196,6.0,0.0,0.0,7.8553290367126465,12.15769100189209,6.622709274291992,6.622709274291992,0.6910780668258667,0.8413901925086975,96.34172058105469,4477.0,3.6152355670928955,168.0,0.0,0.0,0.04303852096199989,2.0,0.0,0.0,10.449845314025879,16.824724197387695,8.74199390411377,8.74199390411377,0.4095250368118286,0.6522406935691833,91.00495147705078,4229.0,8.672262191772461,403.0,0.27975037693977356,13.0,0.04303852096199989,2.0,0.0,0.0,11.817832946777344,18.211650848388672,9.904150009155273,9.904150009155273,0.30850768089294434,0.567778468132019,87.45426940917969,4064.0,12.352055549621582,574.0,0.17215408384799957,8.0,0.021519260480999947,1.0,0.0,0.0,12.929972648620605,20.406980514526367,10.842862129211426,10.842862129211426,0.13327008485794067,0.44888004660606384,85.1517105102539,3957.0,14.482461929321289,673.0,0.34430816769599915,16.0,0.021519260480999947,1.0,0.0,0.0,0.5714285714285714,0.2631579041481018,0.2477443516254425,0.2432330846786499,0.24586467444896698
10,0.24206865201340114,10.915246963500977,19.107393264770508,9.14117431640625,9.14117431640625,0.23858940601348877,0.5635716915130615,90.20335388183594,16767.0,9.420056343078613,1751.0,0.34430816769599915,64.0,0.032278887927532196,6.0,0.0,0.0,7.539391040802002,11.459403038024902,6.363345146179199,6.363345146179199,0.7255454063415527,0.863179087638855,96.96578216552734,4506.0,2.9696578979492188,138.0,0.021519260480999947,1.0,0.04303852096199989,2.0,0.0,0.0,10.529962539672852,18.149065017700195,8.794374465942383,8.794374465942383,0.31290924549102783,0.6079203486442566,91.24166107177734,4240.0,8.30643367767334,386.0,0.40886592864990234,19.0,0.04303852096199989,2.0,0.0,0.0,12.153164863586426,20.57659339904785,10.161711692810059,10.161711692810059,0.11725419759750366,0.48176315426826477,87.60490417480469,4071.0,11.943188667297363,555.0,0.43038520216941833,20.0,0.021519260480999947,1.0,0.0,0.0,13.438467025756836,24.005565643310547,11.245266914367676,11.245266914367676,-0.19936180114746094,0.35705453157424927,85.0010757446289,3950.0,14.460942268371582,672.0,0.5164622068405151,24.0,0.021519260480999947,1.0,0.0,0.0,0.6428571428571429,0.25438597798347473,0.24329572916030884,0.24655388295650482,0.2557644248008728
11,0.24012418626065626,10.732754707336426,17.697355270385742,9.004302978515625,9.004302978515625,0.3468201756477356,0.6130372881889343,90.1979751586914,16766.0,9.538412094116211,1773.0,0.23133204877376556,43.0,0.032278887927532196,6.0,0.0,0.0,7.678005695343018,12.784789085388184,6.47221565246582,6.47221565246582,0.6583875417709351,0.8185756206512451,96.9873046875,4507.0,2.905100107192993,135.0,0.06455777585506439,3.0,0.04303852096199989,2.0,0.0,0.0,10.155970573425293,15.824249267578125,8.511558532714844,8.511558532714844,0.47766172885894775,0.6953429579734802,91.4783706665039,4251.0,8.349472999572754,388.0,0.12911555171012878,6.0,0.04303852096199989,2.0,0.0,0.0,11.860527992248535,18.601057052612305,9.938516616821289,9.938516616821289,0.27862024307250977,0.5521866679191589,87.4112319946289,4062.0,12.287497520446777,571.0,0.27975037693977356,13.0,0.021519260480999947,1.0,0.0,0.0,13.236509323120117,22.201995849609375,11.09492015838623,11.09492015838623,-0.02591252326965332,0.39792123436927795,84.91500091552734,3946.0,14.611577987670898,679.0,0.45190444588661194,21.0,0.021519260480999947,1.0,0.0,0.0,0.7142857142857143,0.24561403691768646,0.23884710669517517,0.24987469613552094,0.26566416025161743
12,0.2378351780566596,10.973833084106445,19.88497543334961,9.190234184265137,9.190234184265137,0.17535674571990967,0.5439655780792236,90.0742416381836,16743.0,9.559930801391602,1777.0,0.33354851603507996,62.0,0.032278887927532196,6.0,0.0,0.0,7.502604007720947,11.785216331481934,6.336691379547119,6.336691379547119,0.7097169160842896,0.8510844707489014,97.07337951660156,4511.0,2.8835809230804443,134.0,0.0,0.0,0.04303852096199989,2.0,0.0,0.0,10.397500991821289,17.47794532775879,8.697794914245605,8.697794914245605,0.3627845048904419,0.6329815983772278,91.26318359375,4241.0,8.349472999572754,388.0,0.34430816769599915,16.0,0.04303852096199989,2.0,0.0,0.0,12.235485076904297,21.197294235229492,10.223435401916504,10.223435401916504,0.06319421529769897,0.46619680523872375,87.19603729248047,4052.0,12.330535888671875,573.0,0.45190444588661194,21.0,0.021519260480999947,1.0,0.0,0.0,13.75973892211914,26.228872299194336,11.50301456451416,11.50301456451416,-0.43181049823760986,0.32305824756622314,84.76435852050781,3939.0,14.676136016845703,682.0,0.5379815101623535,25.0,0.021519260480999947,1.0,0.0,0.0,0.7857142857142857,0.23684212565422058,0.2343984991312027,0.25319552421569824,0.27556392550468445
13,0.23447739774120097,10.95051383972168,20.42099952697754,9.186402320861816,9.186402320861816,0.130298912525177,0.5329462289810181,90.10114288330078,16748.0,9.495372772216797,1765.0,0.37120723724365234,69.0,0.032278887927532196,6.0,0.0,0.0,7.044480323791504,10.296980857849121,5.980435371398926,5.980435371398926,0.7784017324447632,0.8942792415618896,97.41768646240234,4527.0,2.5392725467681885,118.0,0.0,0.0,0.04303852096199989,2.0,0.0,0.0,10.463042259216309,18.487688064575195,8.760295867919922,8.760295867919922,0.28703081607818604,0.6033727526664734,91.30622100830078,4243.0,8.220357894897461,382.0,0.43038520216941833,20.0,0.04303852096199989,2.0,0.0,0.0,12.368453979492188,22.15595054626465,10.345208168029785,10.345208168029785,-0.023456811904907227,0.44448429346084595,87.17452239990234,4051.0,12.309016227722168,572.0,0.49494296312332153,23.0,0.021519260480999947,1.0,0.0,0.0,13.926081657409668,27.006671905517578,11.659668922424316,11.659668922424316,-0.5179883241653442,0.3123711943626404,84.50613403320312,3927.0,14.912846565246582,693.0,0.5595007538795471,26.0,0.021519260480999947,1.0,0.0,0.0,0.8571428571428571,0.22807016968727112,0.22994986176490784,0.25651630759239197,0.2854636609554291
14,0.23241910889700532,11.000923156738281,21.560815811157227,9.2235746383667,9.2235746383667,0.030503153800964355,0.5103492140769958,90.21411895751953,16769.0,9.355498313903809,1739.0,0.39810630679130554,74.0,0.032278887927532196,6.0,0.0,0.0,6.9033203125,9.982014656066895,5.867010593414307,5.867010593414307,0.791750967502594,0.90159010887146,97.65440368652344,4538.0,2.302560806274414,107.0,0.0,0.0,0.04303852096199989,2.0,0.0,0.0,10.52841854095459,19.47134017944336,8.808077812194824,8.808077812194824,0.2091442346572876,0.5797410607337952,91.26318359375,4241.0,8.220357894897461,382.0,0.47342371940612793,22.0,0.04303852096199989,2.0,0.0,0.0,12.50143051147461,23.66086196899414,10.447094917297363,10.447094917297363,-0.16721224784851074,0.4184815585613251,87.38971710205078,4061.0,12.050785064697266,560.0,0.5379815101623535,25.0,0.021519260480999947,1.0,0.0,0.0,14.070525169372559,28.650741577148438,11.772111892700195,11.772111892700195,-0.7084333896636963,0.2987871468067169,84.5491714477539,3929.0,14.848288536071777,690.0,0.5810199975967407,27.0,0.021519260480999947,1.0,0.0,0.0,0.9285714285714286,0.21929824352264404,0.22550123929977417,0.2598370909690857,0.2953633964061737
15,0.23200029082114532,11.10952377319336,22.134899139404297,9.320672988891602,9.320672988891602,-0.02181220054626465,0.49659523367881775,89.95588684082031,16721.0,9.629868507385254,1790.0,0.38196685910224915,71.0,0.032278887927532196,6.0,0.0,0.0,7.0477294921875,10.555586814880371,5.977405071258545,5.977405071258545,0.7671311497688293,0.8853927254676819,97.439208984375,4528.0,2.5177533626556396,117.0,0.0,0.0,0.04303852096199989,2.0,0.0,0.0,10.488780975341797,19.243358612060547,8.789289474487305,8.789289474487305,0.22755545377731323,0.5861830115318298,91.28469848632812,4242.0,8.220357894897461,382.0,0.45190444588661194,21.0,0.04303852096199989,2.0,0.0,0.0,12.643797874450684,24.542478561401367,10.574189186096191,10.574189186096191,-0.25581467151641846,0.4009547829627991,87.06692504882812,4046.0,12.39509391784668,576.0,0.5164622068405151,24.0,0.021519260480999947,1.0,0.0,0.0,14.257790565490723,29.5931453704834,11.941807746887207,11.941807746887207,-0.8226721286773682,0.2859128713607788,84.03270721435547,3905.0,15.386269569396973,715.0,0.5595007538795471,26.0,0.021519260480999947,1.0,0.0,0.0,1.0,0.21052631735801697,0.2210526168346405,0.2631579041481018,0.3052631616592407
16,0.22980486891486956,11.032279968261719,21.777971267700195,9.264601707458496,9.264601707458496,0.01087576150894165,0.5072843432426453,89.91822814941406,16714.0,9.678287506103516,1799.0,0.37120723724365234,69.0,0.032278887927532196,6.0,0.0,0.0,6.952328681945801,10.689181327819824,5.902041912078857,5.902041912078857,0.7611993551254272,0.8795257210731506,97.54680633544922,4533.0,2.4101569652557373,112.0,0.0,0.0,0.04303852096199989,2.0,0.0,0.0,10.358344078063965,18.803897857666016,8.692294120788574,8.692294120788574,0.26243311166763306,0.6007675528526306,91.28469848632812,4242.0,8.241876602172852,383.0,0.43038520216941833,20.0,0.04303852096199989,2.0,0.0,0.0,12.619843482971191,24.393213272094727,10.564587593078613,10.564587593078613,-0.2405855655670166,0.4051494896411896,86.98085021972656,4042.0,12.502689361572266,581.0,0.49494296312332153,23.0,0.021519260480999947,1.0,0.0,0.0,14.198604583740234,28.883317947387695,11.899482727050781,11.899482727050781,-0.7362827062606812,0.29424920678138733,83.86054992675781,3897.0,15.558424949645996,723.0,0.5595007538795471,26.0,0.021519260480999947,1.0,0.0,0.0,1.0,0.21052631735801697,0.2210526168346405,0.2631579041481018,0.3052631616592407
17,0.22696572515365127,11.260472297668457,25.180456161499023,9.451247215270996,9.451247215270996,-0.3223402500152588,0.44946423172950745,89.94512939453125,16719.0,9.602970123291016,1785.0,0.41962555050849915,78.0,0.032278887927532196,6.0,0.0,0.0,6.653463840484619,9.573251724243164,5.6698126792907715,5.6698126792907715,0.8084573149681091,0.9086213111877441,97.97718811035156,4553.0,1.9797718524932861,92.0,0.0,0.0,0.04303852096199989,2.0,0.0,0.0,10.712235450744629,22.605968475341797,8.97114086151123,8.97114086151123,-0.06598687171936035,0.518676221370697,91.3277359008789,4244.0,8.112760543823242,377.0,0.5164622068405151,24.0,0.04303852096199989,2.0,0.0,0.0,13.056838989257812,28.998489379882812,10.914562225341797,10.914562225341797,-0.7532322406768799,0.34598395228385925,86.87325286865234,4037.0,12.524208068847656,582.0,0.5810199975967407,27.0,0.021519260480999947,1.0,0.0,0.0,14.619353294372559,33.054988861083984,12.249473571777344,12.249473571777344,-1.2740519046783447,0.2609771490097046,83.6023178100586,3885.0,15.795137405395508,734.0,0.5810199975967407,27.0,0.021519260480999947,1.0,0.0,0.0,1.0,0.21052631735801697,0.2210526168346405,0.2631579041481018,0.3052631616592407
step,fold8/test_loss,fold8/test_mae,fold8/test_rmse,fold8/test_mard,fold8/test_mape,fold8/test_r2,fold8/test_pearson,fold8/test_ega_zone_a_pct,fold8/test_ega_zone_a_count,fold8/test_ega_zone_b_pct,fold8/test_ega_zone_b_count,fold8/test_ega_zone_c_pct,fold8/test_ega_zone_c_count,fold8/test_ega_zone_d_pct,fold8/test_ega_zone_d_count,fold8/test_ega_zone_e_pct,fold8/test_ega_zone_e_count,fold8/test_horizon_15_mae,fold8/test_horizon_15_rmse,fold8/test_horizon_15_mard,fold8/test_horizon_15_mape,fold8/test_horizon_15_r2,fold8/test_horizon_15_pearson,fold8/test_horizon_15_ega_zone_a_pct,fold8/test_horizon_15_ega_zone_a_count,fold8/test_horizon_15_ega_zone_b_pct,fold8/test_horizon_15_ega_zone_b_count,fold8/test_horizon_15_ega_zone_c_pct,fold8/test_horizon_15_ega_zone_c_count,fold8/test_horizon_15_ega_zone_d_pct,fold8/test_horizon_15_ega_zone_d_count,fold8/test_horizon_15_ega_zone_e_pct,fold8/test_horizon_15_ega_zone_e_count,fold8/test_horizon_30_mae,fold8/test_horizon_30_rmse,fold8/test_horizon_30_mard,fold8/test_horizon_30_mape,fold8/test_horizon_30_r2,fold8/test_horizon_30_pearson,fold8/test_horizon_30_ega_zone_a_pct,fold8/test_horizon_30_ega_zone_a_count,fold8/test_horizon_30_ega_zone_b_pct,fold8/test_horizon_30_ega_zone_b_count,fold8/test_horizon_30_ega_zone_c_pct,fold8/test_horizon_30_ega_zone_c_count,fold8/test_horizon_30_ega_zone_d_pct,fold8/test_horizon_30_ega_zone_d_count,fold8/test_horizon_30_ega_zone_e_pct,fold8/test_horizon_30_ega_zone_e_count,fold8/test_horizon_45_mae,fold8/test_horizon_45_rmse,fold8/test_horizon_45_mard,fold8/test_horizon_45_mape,fold8/test_horizon_45_r2,fold8/test_horizon_45_pearson,fold8/test_horizon_45_ega_zone_a_pct,fold8/test_horizon_45_ega_zone_a_count,fold8/test_horizon_45_ega_zone_b_pct,fold8/test_horizon_45_ega_zone_b_count,fold8/test_horizon_45_ega_zone_c_pct,fold8/test_horizon_45_ega_zone_c_count,fold8/test_horizon_45_ega_zone_d_pct,fold8/test_horizon_45_ega_zone_d_count,fold8/test_horizon_45_ega_zone_e_pct,fold8/test_horizon_45_ega_zone_e_count,fold8/test_horizon_60_mae,fold8/test_horizon_60_rmse,fold8/test_horizon_60_mard,fold8/test_horizon_60_mape,fold8/test_horizon_60_r2,fold8/test_horizon_60_pearson,fold8/test_horizon_60_ega_zone_a_pct,fold8/test_horizon_60_ega_zone_a_count,fold8/test_horizon_60_ega_zone_b_pct,fold8/test_horizon_60_ega_zone_b_count,fold8/test_horizon_60_ega_zone_c_pct,fold8/test_horizon_60_ega_zone_c_count,fold8/test_horizon_60_ega_zone_d_pct,fold8/test_horizon_60_ega_zone_d_count,fold8/test_horizon_60_ega_zone_e_pct,fold8/test_horizon_60_ega_zone_e_count
0,0.24410952137714906,9.521000862121582,13.422041893005371,8.811442375183105,8.811442375183105,0.44554245471954346,0.6694372296333313,88.99214935302734,6799.0,9.88219928741455,755.0,0.0,0.0,1.1256544589996338,86.0,0.0,0.0,7.2431840896606445,10.146405220031738,6.73046875,6.73046875,0.6828835010528564,0.8273120522499084,94.60733032226562,1807.0,4.81675386428833,92.0,0.0,0.0,0.5759162306785583,11.0,0.0,0.0,9.512691497802734,13.31378173828125,8.788219451904297,8.788219451904297,0.4567708969116211,0.6779364943504333,88.74345397949219,1695.0,10.10471248626709,193.0,0.0,0.0,1.1518324613571167,22.0,0.0,0.0,10.40297794342041,14.500062942504883,9.635003089904785,9.635003089904785,0.35303419828414917,0.5974016189575195,86.70156860351562,1656.0,11.937172889709473,228.0,0.0,0.0,1.3612565994262695,26.0,0.0,0.0,10.925149917602539,15.170584678649902,10.09207820892334,10.09207820892334,0.2890041470527649,0.5413385033607483,85.91622924804688,1641.0,12.670156478881836,242.0,0.0,0.0,1.4136124849319458,27.0,0.0,0.0
step,fold9/train_loss,fold9/val_mae,fold9/val_rmse,fold9/val_mard,fold9/val_mape,fold9/val_r2,fold9/val_pearson,fold9/val_ega_zone_a_pct,fold9/val_ega_zone_a_count,fold9/val_ega_zone_b_pct,fold9/val_ega_zone_b_count,fold9/val_ega_zone_c_pct,fold9/val_ega_zone_c_count,fold9/val_ega_zone_d_pct,fold9/val_ega_zone_d_count,fold9/val_ega_zone_e_pct,fold9/val_ega_zone_e_count,fold9/val_horizon_15_mae,fold9/val_horizon_15_rmse,fold9/val_horizon_15_mard,fold9/val_horizon_15_mape,fold9/val_horizon_15_r2,fold9/val_horizon_15_pearson,fold9/val_horizon_15_ega_zone_a_pct,fold9/val_horizon_15_ega_zone_a_count,fold9/val_horizon_15_ega_zone_b_pct,fold9/val_horizon_15_ega_zone_b_count,fold9/val_horizon_15_ega_zone_c_pct,fold9/val_horizon_15_ega_zone_c_count,fold9/val_horizon_15_ega_zone_d_pct,fold9/val_horizon_15_ega_zone_d_count,fold9/val_horizon_15_ega_zone_e_pct,fold9/val_horizon_15_ega_zone_e_count,fold9/val_horizon_30_mae,fold9/val_horizon_30_rmse,fold9/val_horizon_30_mard,fold9/val_horizon_30_mape,fold9/val_horizon_30_r2,fold9/val_horizon_30_pearson,fold9/val_horizon_30_ega_zone_a_pct,fold9/val_horizon_30_ega_zone_a_count,fold9/val_horizon_30_ega_zone_b_pct,fold9/val_horizon_30_ega_zone_b_count,fold9/val_horizon_30_ega_zone_c_pct,fold9/val_horizon_30_ega_zone_c_count,fold9/val_horizon_30_ega_zone_d_pct,fold9/val_horizon_30_ega_zone_d_count,fold9/val_horizon_30_ega_zone_e_pct,fold9/val_horizon_30_ega_zone_e_count,fold9/val_horizon_45_mae,fold9/val_horizon_45_rmse,fold9/val_horizon_45_mard,fold9/val_horizon_45_mape,fold9/val_horizon_45_r2,fold9/val_horizon_45_pearson,fold9/val_horizon_45_ega_zone_a_pct,fold9/val_horizon_45_ega_zone_a_count,fold9/val_horizon_45_ega_zone_b_pct,fold9/val_horizon_45_ega_zone_b_count,fold9/val_horizon_45_ega_zone_c_pct,fold9/val_horizon_45_ega_zone_c_count,fold9/val_horizon_45_ega_zone_d_pct,fold9/val_horizon_45_ega_zone_d_count,fold9/val_horizon_45_ega_zone_e_pct,fold9/val_horizon_45_ega_zone_e_count,fold9/val_horizon_60_mae,fold9/val_horizon_60_rmse,fold9/val_horizon_60_mard,fold9/val_horizon_60_mape,fold9/val_horizon_60_r2,fold9/val_horizon_60_pearson,fold9/val_horizon_60_ega_zone_a_pct,fold9/val_horizon_60_ega_zone_a_count,fold9/val_horizon_60_ega_zone_b_pct,fold9/val_horizon_60_ega_zone_b_count,fold9/val_horizon_60_ega_zone_c_pct,fold9/val_horizon_60_ega_zone_c_count,fold9/val_horizon_60_ega_zone_d_pct,fold9/val_horizon_60_ega_zone_d_count,fold9/val_horizon_60_ega_zone_e_pct,fold9/val_horizon_60_ega_zone_e_count,fold9/diag_horizon_curriculum_progress,fold9/diag_loss_horizon_weight_0,fold9/diag_loss_horizon_weight_1,fold9/diag_loss_horizon_weight_2,fold9/diag_loss_horizon_weight_3
1,0.36734407118610546,15.102375030517578,23.745716094970703,13.443833351135254,13.443833351135254,0.10009628534317017,0.3194875717163086,78.69094848632812,11193.0,19.839706420898438,2822.0,0.0,0.0,1.469347596168518,209.0,0.0,0.0,14.077106475830078,22.338199615478516,12.557332038879395,12.557332038879395,0.20640069246292114,0.45910829305648804,81.10235595703125,2884.0,17.40719985961914,619.0,0.0,0.0,1.49043869972229,53.0,0.0,0.0,14.994987487792969,23.563953399658203,13.406316757202148,13.406316757202148,0.11481088399887085,0.34023380279541016,78.487060546875,2791.0,20.022497177124023,712.0,0.0,0.0,1.49043869972229,53.0,0.0,0.0,15.448453903198242,24.260215759277344,13.743988990783691,13.743988990783691,0.05851626396179199,0.2502484619617462,77.64341735839844,2761.0,20.894264221191406,743.0,0.0,0.0,1.4623171091079712,52.0,0.0,0.0,15.888956069946289,24.751222610473633,14.067694664001465,14.067694664001465,0.01998424530029297,0.18150782585144043,77.53092956542969,2757.0,21.034870147705078,748.0,0.0,0.0,1.434195637702942,51.0,0.0,0.0,0.0,0.3333333432674408,0.28333333134651184,0.21666665375232697,0.1666666716337204
2,0.33615044426891394,14.970393180847168,23.98845863342285,13.293073654174805,13.293073654174805,0.08160364627838135,0.32939139008522034,79.79470825195312,11350.0,18.735939025878906,2665.0,0.0,0.0,1.469347596168518,209.0,0.0,0.0,13.777493476867676,22.160533905029297,12.272056579589844,12.272056579589844,0.21897411346435547,0.4803093671798706,82.17098236083984,2922.0,16.33858299255371,581.0,0.0,0.0,1.49043869972229,53.0,0.0,0.0,14.809643745422363,23.758588790893555,13.16654109954834,13.16654109954834,0.10012739896774292,0.3507647216320038,80.45556640625,2861.0,18.053993225097656,642.0,0.0,0.0,1.49043869972229,53.0,0.0,0.0,15.410107612609863,24.679832458496094,13.66600513458252,13.66600513458252,0.02566581964492798,0.25530752539634705,78.96512603759766,2808.0,19.572553634643555,696.0,0.0,0.0,1.4623171091079712,52.0,0.0,0.0,15.884329795837402,25.241437911987305,14.067695617675781,14.067695617675781,-0.01922011375427246,0.18380853533744812,77.58717346191406,2759.0,20.978628158569336,746.0,0.0,0.0,1.434195637702942,51.0,0.0,0.0,0.07142857142857142,0.3245614171028137,0.2788847088813782,0.21998745203018188,0.17656642198562622
3,0.3070180794958606,14.726434707641602,23.443870544433594,13.096409797668457,13.096409797668457,0.12282925844192505,0.38652539253234863,80.25871276855469,11416.0,18.271934509277344,2599.0,0.0,0.0,1.469347596168518,209.0,0.0,0.0,13.12547492980957,20.719572067260742,11.712347030639648,11.712347030639648,0.3172423839569092,0.57025146484375,84.44882202148438,3003.0,14.060741424560547,500.0,0.0,0.0,1.49043869972229,53.0,0.0,0.0,14.560041427612305,23.154726028442383,12.957162857055664,12.957162857055664,0.14528942108154297,0.4108913838863373,80.68053436279297,2869.0,17.829021453857422,634.0,0.0,0.0,1.49043869972229,53.0,0.0,0.0,15.352741241455078,24.453001022338867,13.628419876098633,13.628419876098633,0.043493688106536865,0.29528990387916565,78.76828002929688,2801.0,19.7694034576416,703.0,0.0,0.0,1.4623171091079712,52.0,0.0,0.0,15.867481231689453,25.200572967529297,14.087709426879883,14.087709426879883,-0.01592254638671875,0.2114524394273758,77.1372299194336,2743.0,21.428571701049805,762.0,0.0,0.0,1.434195637702942,51.0,0.0,0.0,0.14285714285714285,0.31578949093818665,0.2744360864162445,0.223308265209198,0.18646617233753204
4,0.283848625307492,14.331714630126953,22.500091552734375,12.742742538452148,12.742742538452148,0.19203221797943115,0.45272505283355713,80.30089569091797,11422.0,18.236783981323242,2594.0,0.0,0.0,1.4623171091079712,208.0,0.0,0.0,12.385302543640137,18.95713996887207,11.057920455932617,11.057920455932617,0.42845475673675537,0.6567854285240173,84.64566802978516,3010.0,13.892012596130371,494.0,0.0,0.0,1.4623171091079712,52.0,0.0,0.0,14.174053192138672,22.08123779296875,12.61276626586914,12.61276626586914,0.2227036952972412,0.4825151860713959,80.76490020751953,2872.0,17.744657516479492,631.0,0.0,0.0,1.49043869972229,53.0,0.0,0.0,15.073779106140137,23.784090042114258,13.37442398071289,13.37442398071289,0.09510821104049683,0.35002559423446655,78.8526382446289,2804.0,19.685039520263672,700.0,0.0,0.0,1.4623171091079712,52.0,0.0,0.0,15.693726539611816,24.746292114257812,13.925860404968262,13.925860404968262,0.020374655723571777,0.2550257444381714,76.94038391113281,2736.0,21.62542152404785,769.0,0.0,0.0,1.434195637702942,51.0,0.0,0.0,0.21428571428571427,0.30701756477355957,0.26998746395111084,0.22662906348705292,0.19636592268943787
5,0.2734522281792645,14.118846893310547,22.038959503173828,12.555821418762207,12.555821418762207,0.2248108983039856,0.48294809460639954,80.39932250976562,11436.0,18.159448623657227,2583.0,0.0,0.0,1.4412260055541992,205.0,0.0,0.0,11.9475736618042,18.067686080932617,10.677825927734375,10.677825927734375,0.4808294177055359,0.6954498291015625,85.34870910644531,3035.0,13.273340225219727,472.0,0.0,0.0,1.3779526948928833,49.0,0.0,0.0,13.995933532714844,21.565204620361328,12.456376075744629,12.456376075744629,0.25860971212387085,0.5146598219871521,80.65241241455078,2868.0,17.85714340209961,635.0,0.0,0.0,1.49043869972229,53.0,0.0,0.0,14.938593864440918,23.446571350097656,13.256353378295898,13.256353378295898,0.12060868740081787,0.37560179829597473,78.65579223632812,2797.0,19.88188934326172,707.0,0.0,0.0,1.4623171091079712,52.0,0.0,0.0,15.593282699584961,24.527978897094727,13.832733154296875,13.832733154296875,0.03758293390274048,0.27320054173469543,76.94038391113281,2736.0,21.62542152404785,769.0,0.0,0.0,1.434195637702942,51.0,0.0,0.0,0.2857142857142857,0.2982456088066101,0.2655388414859772,0.22994986176490784,0.2062656730413437
6,0.2659153535602113,13.964766502380371,21.74561882019043,12.41352653503418,12.41352653503418,0.2453092336654663,0.5028955936431885,80.38526153564453,11434.0,18.187570571899414,2587.0,0.0,0.0,1.4271652698516846,203.0,0.0,0.0,11.602550506591797,17.43943214416504,10.38104248046875,10.38104248046875,0.5163071155548096,0.7209038138389587,85.62992095947266,3045.0,13.048368453979492,464.0,0.0,0.0,1.3217097520828247,47.0,0.0,0.0,13.82822322845459,21.227489471435547,12.300286293029785,12.300286293029785,0.2816484570503235,0.5359319448471069,80.59617614746094,2866.0,17.91338539123535,637.0,0.0,0.0,1.49043869972229,53.0,0.0,0.0,14.861586570739746,23.24425506591797,13.186493873596191,13.186493873596191,0.1357194185256958,0.3929053544998169,78.54330444335938,2793.0,19.994375228881836,711.0,0.0,0.0,1.4623171091079712,52.0,0.0,0.0,15.566709518432617,24.422367095947266,13.78627872467041,13.78627872467041,0.04585295915603638,0.28527694940567017,76.77165222167969,2730.0,21.794151306152344,775.0,0.0,0.0,1.434195637702942,51.0,0.0,0.0,0.35714285714285715,0.28947368264198303,0.2610902190208435,0.23327067494392395,0.2161654233932495
7,0.2566046412805824,13.753543853759766,21.41111946105957,12.228401184082031,12.228401184082031,0.26834845542907715,0.5228760242462158,80.68053436279297,11476.0,17.89932632446289,2546.0,0.0,0.0,1.4201349020004272,202.0,0.0,0.0,11.161882400512695,16.699630737304688,10.01347541809082,10.01347541809082,0.5564744472503662,0.7488033771514893,86.5298080444336,3077.0,12.176603317260742,433.0,0.0,0.0,1.2935882806777954,46.0,0.0,0.0,13.616189956665039,20.84429168701172,12.116150856018066,12.116150856018066,0.30734962224960327,0.5573461651802063,80.8492660522461,2875.0,17.660293579101562,628.0,0.0,0.0,1.49043869972229,53.0,0.0,0.0,14.72301959991455,23.016870498657227,13.052986145019531,13.052986145019531,0.152546226978302,0.40960681438446045,78.51518249511719,2792.0,20.022497177124023,712.0,0.0,0.0,1.4623171091079712,52.0,0.0,0.0,15.513080596923828,24.302383422851562,13.73099422454834,13.73099422454834,0.05520522594451904,0.2956332564353943,76.82789611816406,2732.0,21.73790740966797,773.0,0.0,0.0,1.434195637702942,51.0,0.0,0.0,0.42857142857142855,0.28070175647735596,0.25664159655570984,0.23659147322177887,0.22606515884399414
8,0.2514931489215163,13.60900592803955,21.180152893066406,12.084464073181152,12.084464073181152,0.28404825925827026,0.5373474359512329,80.89144897460938,11506.0,17.695444107055664,2517.0,0.0,0.0,1.41310453414917,201.0,0.0,0.0,10.774443626403809,16.063949584960938,9.668644905090332,9.668644905090332,0.5895978212356567,0.7715931534767151,87.40157318115234,3108.0,11.332958221435547,403.0,0.0,0.0,1.2654668092727661,45.0,0.0,0.0,13.470026016235352,20.575008392333984,11.969508171081543,11.969508171081543,0.32513052225112915,0.572944700717926,80.96175384521484,2879.0,17.547807693481445,624.0,0.0,0.0,1.49043869972229,53.0,0.0,0.0,14.66704273223877,22.885896682739258,12.984620094299316,12.984620094299316,0.16216331720352173,0.41981959342956543,78.3183364868164,2785.0,20.21934700012207,719.0,0.0,0.0,1.4623171091079712,52.0,0.0,0.0,15.524513244628906,24.274471282958984,13.715084075927734,13.715084075927734,0.05737411975860596,0.29970583319664,76.88414001464844,2734.0,21.681665420532227,771.0,0.0,0.0,1.434195637702942,51.0,0.0,0.0,0.5,0.2719298303127289,0.25219297409057617,0.2399122714996338,0.23596492409706116
9,0.24665057275157976,13.471251487731934,20.908214569091797,11.94745922088623,11.94745922088623,0.30231499671936035,0.553335428237915,81.0250244140625,11525.0,17.568897247314453,2499.0,0.0,0.0,1.4060741662979126,200.0,0.0,0.0,10.419906616210938,15.428654670715332,9.351014137268066,9.351014137268066,0.6214170455932617,0.7929897904396057,88.4983139038086,3147.0,10.264342308044434,365.0,0.0,0.0,1.2373453378677368,44.0,0.0,0.0,13.316699981689453,20.24224853515625,11.813785552978516,11.813785552978516,0.3467833399772644,0.5912063121795654,80.79302215576172,2873.0,17.716535568237305,630.0,0.0,0.0,1.49043869972229,53.0,0.0,0.0,14.61611557006836,22.7061824798584,12.917959213256836,12.917959213256836,0.17527008056640625,0.4330079257488251,78.17772674560547,2780.0,20.359954833984375,724.0,0.0,0.0,1.4623171091079712,52.0,0.0,0.0,15.532283782958984,24.191957473754883,13.707080841064453,13.707080841064453,0.06377166509628296,0.3080691695213318,76.63104248046875,2725.0,21.934757232666016,780.0,0.0,0.0,1.434195637702942,51.0,0.0,0.0,0.5714285714285714,0.2631579041481018,0.2477443516254425,0.2432330846786499,0.24586467444896698
10,0.24075994363450606,13.304855346679688,20.678272247314453,11.788372993469238,11.788372993469238,0.31757652759552,0.5666637420654297,81.54527282714844,11599.0,17.069740295410156,2428.0,0.0,0.0,1.3849830627441406,197.0,0.0,0.0,10.065764427185059,14.811448097229004,9.051706314086914,9.051706314086914,0.651100754737854,0.8116458058357239,89.56692504882812,3185.0,9.251968383789062,329.0,0.0,0.0,1.1811023950576782,42.0,0.0,0.0,13.148313522338867,19.942916870117188,11.65643310546875,11.65643310546875,0.3659592866897583,0.606868326663971,81.46794128417969,2897.0,17.069740295410156,607.0,0.0,0.0,1.4623171091079712,52.0,0.0,0.0,14.521910667419434,22.568918228149414,12.813188552856445,12.813188552856445,0.18521130084991455,0.4433266520500183,78.43081665039062,2789.0,20.106861114501953,715.0,0.0,0.0,1.4623171091079712,52.0,0.0,0.0,15.483431816101074,24.16419792175293,13.632163047790527,13.632163047790527,0.06591904163360596,0.3127768337726593,76.71540832519531,2728.0,21.850393295288086,777.0,0.0,0.0,1.434195637702942,51.0,0.0,0.0,0.6428571428571429,0.25438597798347473,0.24329572916030884,0.24655388295650482,0.2557644248008728
11,0.23861735679914303,13.210918426513672,20.5252628326416,11.695343971252441,11.695343971252441,0.32763826847076416,0.5755206346511841,81.70697784423828,11622.0,16.922101974487305,2407.0,0.0,0.0,1.370922327041626,195.0,0.0,0.0,9.82854175567627,14.409205436706543,8.83919620513916,8.83919620513916,0.669793963432312,0.8233693838119507,90.07311248779297,3203.0,8.773903846740723,312.0,0.0,0.0,1.152980923652649,41.0,0.0,0.0,13.040969848632812,19.743770599365234,11.548020362854004,11.548020362854004,0.3785589337348938,0.6173269152641296,81.72103881835938,2906.0,16.844768524169922,599.0,0.0,0.0,1.434195637702942,51.0,0.0,0.0,14.489718437194824,22.48060417175293,12.772882461547852,12.772882461547852,0.19157546758651733,0.4501957893371582,78.37457275390625,2787.0,20.163103103637695,717.0,0.0,0.0,1.4623171091079712,52.0,0.0,0.0,15.484440803527832,24.131439208984375,13.621280670166016,13.621280670166016,0.06844985485076904,0.3175254166126251,76.65916442871094,2726.0,21.90663719177246,779.0,0.0,0.0,1.434195637702942,51.0,0.0,0.0,0.7142857142857143,0.24561403691768646,0.23884710669517517,0.24987469613552094,0.26566416025161743
12,0.23437625753301342,13.071660995483398,20.327423095703125,11.561991691589355,11.561991691589355,0.3405373692512512,0.586161196231842,82.0303726196289,11668.0,16.5916748046875,2360.0,0.0,0.0,1.3779526948928833,196.0,0.0,0.0,9.562108039855957,13.969671249389648,8.60970401763916,8.60970401763916,0.6896317601203918,0.8360066413879395,90.55117797851562,3220.0,8.267716407775879,294.0,0.0,0.0,1.1811023950576782,42.0,0.0,0.0,12.891493797302246,19.501113891601562,11.399682998657227,11.399682998657227,0.3937404751777649,0.6295807957649231,82.2834701538086,2926.0,16.282339096069336,579.0,0.0,0.0,1.434195637702942,51.0,0.0,0.0,14.407415390014648,22.350940704345703,12.682236671447754,12.682236671447754,0.20087432861328125,0.4588446617126465,78.487060546875,2791.0,20.050617218017578,713.0,0.0,0.0,1.4623171091079712,52.0,0.0,0.0,15.425628662109375,24.037616729736328,13.556339263916016,13.556339263916016,0.0756794810295105,0.32454249262809753,76.79977416992188,2731.0,21.766029357910156,774.0,0.0,0.0,1.434195637702942,51.0,0.0,0.0,0.7857142857142857,0.23684212565422058,0.2343984991312027,0.25319552421569824,0.27556392550468445
13,0.23337699464233883,13.047049522399902,20.27357292175293,11.529181480407715,11.529181480407715,0.3440268635749817,0.5891844630241394,81.98818969726562,11662.0,16.654949188232422,2369.0,0.0,0.0,1.3568615913391113,193.0,0.0,0.0,9.423541069030762,13.733646392822266,8.478925704956055,8.478925704956055,0.7000308036804199,0.8424882888793945,90.86051940917969,3231.0,7.986501693725586,284.0,0.0,0.0,1.152980923652649,41.0,0.0,0.0,12.854903221130371,19.41611671447754,11.353211402893066,11.353211402893066,0.39901381731033325,0.6339254975318909,82.22722625732422,2924.0,16.394824981689453,583.0,0.0,0.0,1.3779526948928833,49.0,0.0,0.0,14.44323444366455,22.34907341003418,12.700690269470215,12.700690269470215,0.20100778341293335,0.4593276083469391,78.20584869384766,2781.0,20.33183479309082,723.0,0.0,0.0,1.4623171091079712,52.0,0.0,0.0,15.466519355773926,24.062232971191406,13.58389663696289,13.58389663696289,0.07378530502319336,0.32404783368110657,76.65916442871094,2726.0,21.90663719177246,779.0,0.0,0.0,1.434195637702942,51.0,0.0,0.0,0.8571428571428571,0.22807016968727112,0.22994986176490784,0.25651630759239197,0.2854636609554291
14,0.23161692797835243,12.980962753295898,20.204620361328125,11.46878433227539,11.46878433227539,0.34848129749298096,0.5931501388549805,82.16394805908203,11687.0,16.479188919067383,2344.0,0.0,0.0,1.3568615913391113,193.0,0.0,0.0,9.287543296813965,13.529666900634766,8.371695518493652,8.371695518493652,0.7088751792907715,0.8471049666404724,91.1979751586914,3243.0,7.649044036865234,272.0,0.0,0.0,1.152980923652649,41.0,0.0,0.0,12.787965774536133,19.319665908813477,11.2940092086792,11.2940092086792,0.40496981143951416,0.6386057138442993,82.45219421386719,2932.0,16.16985321044922,575.0,0.0,0.0,1.3779526948928833,49.0,0.0,0.0,14.409098625183105,22.315597534179688,12.662660598754883,12.662660598754883,0.20339959859848022,0.46254515647888184,78.3183364868164,2785.0,20.21934700012207,719.0,0.0,0.0,1.4623171091079712,52.0,0.0,0.0,15.439242362976074,24.054508209228516,13.546772003173828,13.546772003173828,0.07437992095947266,0.3268331289291382,76.68728637695312,2727.0,21.878515243530273,778.0,0.0,0.0,1.434195637702942,51.0,0.0,0.0,0.9285714285714286,0.21929824352264404,0.22550123929977417,0.2598370909690857,0.2953633964061737
15,0.23216376848970052,12.956263542175293,20.10546112060547,11.460482597351074,11.460482597351074,0.3548605442047119,0.5980445742607117,82.29049682617188,11705.0,16.352643966674805,2326.0,0.0,0.0,1.3568615913391113,193.0,0.0,0.0,9.210583686828613,13.307869911193848,8.329384803771973,8.329384803771973,0.7183420658111572,0.8527302145957947,91.39482116699219,3250.0,7.424072265625,264.0,0.0,0.0,1.1811023950576782,42.0,0.0,0.0,12.76016616821289,19.189136505126953,11.287487030029297,11.287487030029297,0.4129830002784729,0.6445474028587341,82.8177719116211,2945.0,15.804274559020996,562.0,0.0,0.0,1.3779526948928833,49.0,0.0,0.0,14.405214309692383,22.24312400817871,12.664545059204102,12.664545059204102,0.208565354347229,0.4668744206428528,78.3464584350586,2786.0,20.21934700012207,719.0,0.0,0.0,1.434195637702942,51.0,0.0,0.0,15.449088096618652,24.01747703552246,13.560515403747559,13.560515403747559,0.07722771167755127,0.3291608989238739,76.60292053222656,2724.0,21.962879180908203,781.0,0.0,0.0,1.434195637702942,51.0,0.0,0.0,1.0,0.21052631735801697,0.2210526168346405,0.2631579041481018,0.3052631616592407
16,0.22862782724236708,12.967761039733887,20.110780715942383,11.473139762878418,11.473139762878418,0.35451918840408325,0.5981857776641846,82.2201919555664,11695.0,16.42294692993164,2336.0,0.0,0.0,1.3568615913391113,193.0,0.0,0.0,9.142094612121582,13.21441650390625,8.280579566955566,8.280579566955566,0.7222839593887329,0.8540106415748596,91.16985321044922,3242.0,7.649044036865234,272.0,0.0,0.0,1.1811023950576782,42.0,0.0,0.0,12.767508506774902,19.176034927368164,11.300838470458984,11.300838470458984,0.41378432512283325,0.6449975371360779,82.70529174804688,2941.0,15.916760444641113,566.0,0.0,0.0,1.3779526948928833,49.0,0.0,0.0,14.466014862060547,22.28154945373535,12.721172332763672,12.721172332763672,0.2058284878730774,0.46559545397758484,78.29021453857422,2784.0,20.275588989257812,721.0,0.0,0.0,1.434195637702942,51.0,0.0,0.0,15.495428085327148,24.06169891357422,13.58996295928955,13.58996295928955,0.07382649183273315,0.32858484983444214,76.71540832519531,2728.0,21.850393295288086,777.0,0.0,0.0,1.434195637702942,51.0,0.0,0.0,1.0,0.21052631735801697,0.2210526168346405,0.2631579041481018,0.3052631616592407
17,0.2274249298175065,12.966414451599121,20.10272216796875,11.473612785339355,11.473612785339355,0.35503625869750977,0.5987209677696228,82.34674072265625,11713.0,16.29640007019043,2318.0,0.0,0.0,1.3568615913391113,193.0,0.0,0.0,9.128690719604492,13.160995483398438,8.28145694732666,8.28145694732666,0.7245248556137085,0.855392575263977,91.39482116699219,3250.0,7.424072265625,264.0,0.0,0.0,1.1811023950576782,42.0,0.0,0.0,12.757741928100586,19.147502899169922,11.296243667602539,11.296243667602539,0.4155275225639343,0.6465083956718445,82.76153564453125,2943.0,15.860517501831055,564.0,0.0,0.0,1.3779526948928833,49.0,0.0,0.0,14.471985816955566,22.288558959960938,12.721717834472656,12.721717834472656,0.20532876253128052,0.46512165665626526,78.3464584350586,2786.0,20.21934700012207,719.0,0.0,0.0,1.434195637702942,51.0,0.0,0.0,15.507238388061523,24.080270767211914,13.595035552978516,13.595035552978516,0.07239621877670288,0.32731762528419495,76.88414001464844,2734.0,21.681665420532227,771.0,0.0,0.0,1.434195637702942,51.0,0.0,0.0,1.0,0.21052631735801697,0.2210526168346405,0.2631579041481018,0.3052631616592407
18,0.2259513560533579,12.922415733337402,20.02094078063965,11.432571411132812,11.432571411132812,0.36027324199676514,0.6028051376342773,82.38188934326172,11718.0,16.261247634887695,2313.0,0.0,0.0,1.3568615913391113,193.0,0.0,0.0,9.035863876342773,13.000894546508789,8.196907997131348,8.196907997131348,0.7311862707138062,0.8593116402626038,91.70416259765625,3261.0,7.114736080169678,253.0,0.0,0.0,1.1811023950576782,42.0,0.0,0.0,12.706664085388184,19.049583435058594,11.248044967651367,11.248044967651367,0.4214901924133301,0.6509943008422852,82.6490478515625,2939.0,15.973003387451172,568.0,0.0,0.0,1.3779526948928833,49.0,0.0,0.0,14.45634651184082,22.22917366027832,12.707622528076172,12.707622528076172,0.2095576524734497,0.4688865542411804,78.23397064208984,2782.0,20.33183479309082,723.0,0.0,0.0,1.434195637702942,51.0,0.0,0.0,15.490788459777832,24.027196884155273,13.577710151672363,13.577710151672363,0.07648074626922607,0.3307141661643982,76.94038391113281,2736.0,21.62542152404785,769.0,0.0,0.0,1.434195637702942,51.0,0.0,0.0,1.0,0.21052631735801697,0.2210526168346405,0.2631579041481018,0.3052631616592407
19,0.22350842675666416,12.926344871520996,20.018707275390625,11.430798530578613,11.430798530578613,0.360416054725647,0.6029934883117676,82.39595031738281,11720.0,16.2471866607666,2311.0,0.0,0.0,1.3568615913391113,193.0,0.0,0.0,9.017467498779297,12.972893714904785,8.177547454833984,8.177547454833984,0.7323429584503174,0.8598337173461914,91.67604064941406,3260.0,7.142857551574707,254.0,0.0,0.0,1.1811023950576782,42.0,0.0,0.0,12.700606346130371,19.03211784362793,11.237927436828613,11.237927436828613,0.4225505590438843,0.6518831253051758,82.8177719116211,2945.0,15.804274559020996,562.0,0.0,0.0,1.3779526948928833,49.0,0.0,0.0,14.469135284423828,22.239065170288086,12.709513664245605,12.709513664245605,0.20885413885116577,0.46821388602256775,78.26209259033203,2783.0,20.3037109375,722.0,0.0,0.0,1.434195637702942,51.0,0.0,0.0,15.518165588378906,24.039573669433594,13.5982084274292,13.5982084274292,0.07552903890609741,0.329192578792572,76.82789611816406,2732.0,21.73790740966797,773.0,0.0,0.0,1.434195637702942,51.0,0.0,0.0,1.0,0.21052631735801697,0.2210526168346405,0.2631579041481018,0.3052631616592407
20,0.22257724175091723,12.896541595458984,19.99420166015625,11.402835845947266,11.402835845947266,0.3619808554649353,0.6044492125511169,82.38188934326172,11718.0,16.268278121948242,2314.0,0.0,0.0,1.349831223487854,192.0,0.0,0.0,8.935386657714844,12.86991024017334,8.105262756347656,8.105262756347656,0.7365756034851074,0.8622679710388184,91.73228454589844,3262.0,7.114736080169678,253.0,0.0,0.0,1.152980923652649,41.0,0.0,0.0,12.667957305908203,18.99630355834961,11.208488464355469,11.208488464355469,0.42472171783447266,0.6536482572555542,82.6490478515625,2939.0,15.973003387451172,568.0,0.0,0.0,1.3779526948928833,49.0,0.0,0.0,14.465575218200684,22.2386531829834,12.70313835144043,12.70313835144043,0.20888346433639526,0.468750923871994,78.29021453857422,2784.0,20.275588989257812,721.0,0.0,0.0,1.434195637702942,51.0,0.0,0.0,15.51724624633789,24.042062759399414,13.594452857971191,13.594452857971191,0.07533758878707886,0.3295873701572418,76.85601806640625,2733.0,21.70978546142578,772.0,0.0,0.0,1.434195637702942,51.0,0.0,0.0,1.0,0.21052631735801697,0.2210526168346405,0.2631579041481018,0.3052631616592407
21,0.22095756805257158,12.951925277709961,20.031116485595703,11.457389831542969,11.457389831542969,0.3596228361129761,0.6024374961853027,82.12176513671875,11681.0,16.52840232849121,2351.0,0.0,0.0,1.349831223487854,192.0,0.0,0.0,8.975947380065918,12.907502174377441,8.141568183898926,8.141568183898926,0.7350344657897949,0.8611979484558105,91.47918701171875,3253.0,7.367829322814941,262.0,0.0,0.0,1.152980923652649,41.0,0.0,0.0,12.719483375549316,19.03314781188965,11.256059646606445,11.256059646606445,0.4224879741668701,0.6517530679702759,82.33970642089844,2928.0,16.282339096069336,579.0,0.0,0.0,1.3779526948928833,49.0,0.0,0.0,14.527886390686035,22.275901794433594,12.764122009277344,12.764122009277344,0.20623111724853516,0.4663000702857971,78.00899505615234,2774.0,20.556806564331055,731.0,0.0,0.0,1.434195637702942,51.0,0.0,0.0,15.584386825561523,24.081167221069336,13.667808532714844,13.667808532714844,0.07232719659805298,0.3272247016429901,76.65916442871094,2726.0,21.90663719177246,779.0,0.0,0.0,1.434195637702942,51.0,0.0,0.0,1.0,0.21052631735801697,0.2210526168346405,0.2631579041481018,0.3052631616592407
22,0.21940310935936833,12.941129684448242,20.010725021362305,11.44913101196289,11.44913101196289,0.3609260320663452,0.6035793423652649,82.2342529296875,11697.0,16.415916442871094,2335.0,0.0,0.0,1.349831223487854,192.0,0.0,0.0,8.949440002441406,12.852813720703125,8.119963645935059,8.119963645935059,0.7372750043869019,0.8621644973754883,91.56355285644531,3256.0,7.2834649085998535,259.0,0.0,0.0,1.152980923652649,41.0,0.0,0.0,12.699387550354004,18.99725341796875,11.241662979125977,11.241662979125977,0.4246641993522644,0.6533881425857544,82.45219421386719,2932.0,16.16985321044922,575.0,0.0,0.0,1.3779526948928833,49.0,0.0,0.0,14.530678749084473,22.267044067382812,12.76868724822998,12.76868724822998,0.20686227083206177,0.46691909432411194,78.1214828491211,2778.0,20.444320678710938,727.0,0.0,0.0,1.434195637702942,51.0,0.0,0.0,15.585014343261719,24.079132080078125,13.66620922088623,13.66620922088623,0.07248395681381226,0.32745733857154846,76.79977416992188,2731.0,21.766029357910156,774.0,0.0,0.0,1.434195637702942,51.0,0.0,0.0,1.0,0.21052631735801697,0.2210526168346405,0.2631579041481018,0.3052631616592407
23,0.21864378956844369,12.91873550415039,19.96940803527832,11.425714492797852,11.425714492797852,0.36356228590011597,0.6055777072906494,82.29753112792969,11706.0,16.352643966674805,2326.0,0.0,0.0,1.349831223487854,192.0,0.0,0.0,8.917318344116211,12.801412582397461,8.090964317321777,8.090964317321777,0.7393721342086792,0.863523542881012,91.70416259765625,3261.0,7.142857551574707,254.0,0.0,0.0,1.152980923652649,41.0,0.0,0.0,12.6749849319458,18.9497127532959,11.219782829284668,11.219782829284668,0.4275401830673218,0.6555294394493103,82.48031616210938,2933.0,16.14173126220703,574.0,0.0,0.0,1.3779526948928833,49.0,0.0,0.0,14.512106895446777,22.22698211669922,12.747438430786133,12.747438430786133,0.20971357822418213,0.4692797362804413,78.20584869384766,2781.0,20.359954833984375,724.0,0.0,0.0,1.434195637702942,51.0,0.0,0.0,15.570531845092773,24.04376220703125,13.644669532775879,13.644669532775879,0.07520675659179688,0.32999399304389954,76.79977416992188,2731.0,21.766029357910156,774.0,0.0,0.0,1.434195637702942,51.0,0.0,0.0,1.0,0.21052631735801697,0.2210526168346405,0.2631579041481018,0.3052631616592407
24,0.21719204501009118,12.922425270080566,19.995132446289062,11.42975902557373,11.42975902557373,0.3619215488433838,0.6045629978179932,82.26237487792969,11701.0,16.387794494628906,2331.0,0.0,0.0,1.349831223487854,192.0,0.0,0.0,8.90772819519043,12.803646087646484,8.086272239685059,8.086272239685059,0.7392812371253967,0.8630586266517639,91.67604064941406,3260.0,7.170979022979736,255.0,0.0,0.0,1.152980923652649,41.0,0.0,0.0,12.679173469543457,18.976953506469727,11.222023963928223,11.222023963928223,0.42589306831359863,0.6544424295425415,82.39595031738281,2930.0,16.226097106933594,577.0,0.0,0.0,1.3779526948928833,49.0,0.0,0.0,14.523972511291504,22.262332916259766,12.758773803710938,12.758773803710938,0.20719778537750244,0.4672943353652954,78.17772674560547,2780.0,20.388076782226562,725.0,0.0,0.0,1.434195637702942,51.0,0.0,0.0,15.578831672668457,24.07387924194336,13.651968955993652,13.651968955993652,0.07288855314254761,0.3276464641094208,76.79977416992188,2731.0,21.766029357910156,774.0,0.0,0.0,1.434195637702942,51.0,0.0,0.0,1.0,0.21052631735801697,0.2210526168346405,0.2631579041481018,0.3052631616592407
25,0.2168792344053015,12.934296607971191,20.009061813354492,11.441035270690918,11.441035270690918,0.36103224754333496,0.6038787961006165,82.29049682617188,11705.0,16.35967254638672,2327.0,0.0,0.0,1.349831223487854,192.0,0.0,0.0,8.915590286254883,12.797933578491211,8.096400260925293,8.096400260925293,0.7395138740539551,0.863347589969635,91.67604064941406,3260.0,7.170979022979736,255.0,0.0,0.0,1.152980923652649,41.0,0.0,0.0,12.68617057800293,18.975788116455078,11.229948043823242,11.229948043823242,0.4259636402130127,0.654473066329956,82.56468200683594,2936.0,16.0573673248291,571.0,0.0,0.0,1.3779526948928833,49.0,0.0,0.0,14.54055404663086,22.28367805480957,12.772509574890137,12.772509574890137,0.20567679405212402,0.46627888083457947,78.17772674560547,2780.0,20.388076782226562,725.0,0.0,0.0,1.434195637702942,51.0,0.0,0.0,15.594865798950195,24.104360580444336,13.665284156799316,13.665284156799316,0.07053941488265991,0.325886070728302,76.7435302734375,2729.0,21.8222713470459,776.0,0.0,0.0,1.434195637702942,51.0,0.0,0.0,1.0,0.21052631735801697,0.2210526168346405,0.2631579041481018,0.3052631616592407
26,0.21612407942407652,12.93910026550293,20.012113571166992,11.43596363067627,11.43596363067627,0.36083728075027466,0.6039658784866333,82.34674072265625,11713.0,16.303430557250977,2319.0,0.0,0.0,1.349831223487854,192.0,0.0,0.0,8.893699645996094,12.774099349975586,8.069530487060547,8.069530487060547,0.7404831647872925,0.8639669418334961,91.78852081298828,3264.0,7.058493137359619,251.0,0.0,0.0,1.152980923652649,41.0,0.0,0.0,12.685192108154297,18.979677200317383,11.220577239990234,11.220577239990234,0.4257282614707947,0.6545052528381348,82.62092590332031,2938.0,16.00112533569336,569.0,0.0,0.0,1.3779526948928833,49.0,0.0,0.0,14.555869102478027,22.29594612121582,12.775379180908203,12.775379180908203,0.20480185747146606,0.46564343571662903,78.17772674560547,2780.0,20.388076782226562,725.0,0.0,0.0,1.434195637702942,51.0,0.0,0.0,15.621637344360352,24.112730026245117,13.678367614746094,13.678367614746094,0.0698937177658081,0.32547783851623535,76.79977416992188,2731.0,21.766029357910156,774.0,0.0,0.0,1.434195637702942,51.0,0.0,0.0,1.0,0.21052631735801697,0.2210526168346405,0.2631579041481018,0.3052631616592407
27,0.21522871207931224,12.944454193115234,20.015972137451172,11.445121765136719,11.445121765136719,0.3605908155441284,0.6036133170127869,82.2694091796875,11702.0,16.387794494628906,2331.0,0.0,0.0,1.3428008556365967,191.0,0.0,0.0,8.917414665222168,12.797736167907715,8.093365669250488,8.093365669250488,0.739521861076355,0.863235354423523,91.67604064941406,3260.0,7.199100494384766,256.0,0.0,0.0,1.1248594522476196,40.0,0.0,0.0,12.692413330078125,18.982269287109375,11.23233413696289,11.23233413696289,0.4255714416503906,0.6541679501533508,82.59280395507812,2937.0,16.029245376586914,570.0,0.0,0.0,1.3779526948928833,49.0,0.0,0.0,14.555553436279297,22.29493522644043,12.781360626220703,12.781360626220703,0.2048739194869995,0.4655524492263794,78.14960479736328,2779.0,20.41619873046875,726.0,0.0,0.0,1.434195637702942,51.0,0.0,0.0,15.612434387207031,24.111902236938477,13.673426628112793,13.673426628112793,0.06995773315429688,0.325993150472641,76.65916442871094,2726.0,21.90663719177246,779.0,0.0,0.0,1.434195637702942,51.0,0.0,0.0,1.0,0.21052631735801697,0.2210526168346405,0.2631579041481018,0.3052631616592407
28,0.2153901388965017,12.94697093963623,20.046985626220703,11.429933547973633,11.429933547973633,0.35860782861709595,0.602677583694458,82.2694091796875,11702.0,16.394824981689453,2332.0,0.0,0.0,1.3357704877853394,190.0,0.0,0.0,8.909029960632324,12.801911354064941,8.072251319885254,8.072251319885254,0.7393518686294556,0.8630082011222839,91.64791870117188,3259.0,7.255343437194824,258.0,0.0,0.0,1.0967379808425903,39.0,0.0,0.0,12.692390441894531,19.01171112060547,11.211119651794434,11.211119651794434,0.4237881302833557,0.6533138751983643,82.50843811035156,2934.0,16.113611221313477,573.0,0.0,0.0,1.3779526948928833,49.0,0.0,0.0,14.561431884765625,22.336929321289062,12.765848159790039,12.765848159790039,0.20187586545944214,0.46419501304626465,78.26209259033203,2783.0,20.3037109375,722.0,0.0,0.0,1.434195637702942,51.0,0.0,0.0,15.625028610229492,24.150651931762695,13.670510292053223,13.670510292053223,0.0669659972190857,0.3246306777000427,76.65916442871094,2726.0,21.90663719177246,779.0,0.0,0.0,1.434195637702942,51.0,0.0,0.0,1.0,0.21052631735801697,0.2210526168346405,0.2631579041481018,0.3052631616592407
step,fold9/test_loss,fold9/test_mae,fold9/test_rmse,fold9/test_mard,fold9/test_mape,fold9/test_r2,fold9/test_pearson,fold9/test_ega_zone_a_pct,fold9/test_ega_zone_a_count,fold9/test_ega_zone_b_pct,fold9/test_ega_zone_b_count,fold9/test_ega_zone_c_pct,fold9/test_ega_zone_c_count,fold9/test_ega_zone_d_pct,fold9/test_ega_zone_d_count,fold9/test_ega_zone_e_pct,fold9/test_ega_zone_e_count,fold9/test_horizon_15_mae,fold9/test_horizon_15_rmse,fold9/test_horizon_15_mard,fold9/test_horizon_15_mape,fold9/test_horizon_15_r2,fold9/test_horizon_15_pearson,fold9/test_horizon_15_ega_zone_a_pct,fold9/test_horizon_15_ega_zone_a_count,fold9/test_horizon_15_ega_zone_b_pct,fold9/test_horizon_15_ega_zone_b_count,fold9/test_horizon_15_ega_zone_c_pct,fold9/test_horizon_15_ega_zone_c_count,fold9/test_horizon_15_ega_zone_d_pct,fold9/test_horizon_15_ega_zone_d_count,fold9/test_horizon_15_ega_zone_e_pct,fold9/test_horizon_15_ega_zone_e_count,fold9/test_horizon_30_mae,fold9/test_horizon_30_rmse,fold9/test_horizon_30_mard,fold9/test_horizon_30_mape,fold9/test_horizon_30_r2,fold9/test_horizon_30_pearson,fold9/test_horizon_30_ega_zone_a_pct,fold9/test_horizon_30_ega_zone_a_count,fold9/test_horizon_30_ega_zone_b_pct,fold9/test_horizon_30_ega_zone_b_count,fold9/test_horizon_30_ega_zone_c_pct,fold9/test_horizon_30_ega_zone_c_count,fold9/test_horizon_30_ega_zone_d_pct,fold9/test_horizon_30_ega_zone_d_count,fold9/test_horizon_30_ega_zone_e_pct,fold9/test_horizon_30_ega_zone_e_count,fold9/test_horizon_45_mae,fold9/test_horizon_45_rmse,fold9/test_horizon_45_mard,fold9/test_horizon_45_mape,fold9/test_horizon_45_r2,fold9/test_horizon_45_pearson,fold9/test_horizon_45_ega_zone_a_pct,fold9/test_horizon_45_ega_zone_a_count,fold9/test_horizon_45_ega_zone_b_pct,fold9/test_horizon_45_ega_zone_b_count,fold9/test_horizon_45_ega_zone_c_pct,fold9/test_horizon_45_ega_zone_c_count,fold9/test_horizon_45_ega_zone_d_pct,fold9/test_horizon_45_ega_zone_d_count,fold9/test_horizon_45_ega_zone_e_pct,fold9/test_horizon_45_ega_zone_e_count,fold9/test_horizon_60_mae,fold9/test_horizon_60_rmse,fold9/test_horizon_60_mard,fold9/test_horizon_60_mape,fold9/test_horizon_60_r2,fold9/test_horizon_60_pearson,fold9/test_horizon_60_ega_zone_a_pct,fold9/test_horizon_60_ega_zone_a_count,fold9/test_horizon_60_ega_zone_b_pct,fold9/test_horizon_60_ega_zone_b_count,fold9/test_horizon_60_ega_zone_c_pct,fold9/test_horizon_60_ega_zone_c_count,fold9/test_horizon_60_ega_zone_d_pct,fold9/test_horizon_60_ega_zone_d_count,fold9/test_horizon_60_ega_zone_e_pct,fold9/test_horizon_60_ega_zone_e_count
0,0.6026170988234847,17.126117706298828,56.757747650146484,12.868142127990723,12.868142127990723,-5.0425310134887695,0.19981679320335388,89.7392578125,7434.0,8.739738464355469,724.0,1.521004319190979,126.0,0.0,0.0,0.0,0.0,11.062620162963867,37.601417541503906,8.328507423400879,8.328507423400879,-1.6516613960266113,0.42688870429992676,96.28199005126953,1994.0,2.317720890045166,48.0,1.4002896547317505,29.0,0.0,0.0,0.0,0.0,16.298974990844727,53.78111267089844,12.239638328552246,12.239638328552246,-4.427885055541992,0.23099565505981445,90.72911834716797,1879.0,7.725736618041992,160.0,1.5451472997665405,32.0,0.0,0.0,0.0,0.0,19.1940860748291,59.74495315551758,14.398188591003418,14.398188591003418,-5.696132659912109,0.1489734947681427,86.91453552246094,1800.0,11.540319442749023,239.0,1.5451472997665405,32.0,0.0,0.0,0.0,0.0,21.948793411254883,70.7815933227539,16.506235122680664,16.506235122680664,-8.393343925476074,0.09372186660766602,85.03138732910156,1761.0,13.375181198120117,277.0,1.593433141708374,33.0,0.0,0.0,0.0,0.0
step,fold10/train_loss,fold10/val_mae,fold10/val_rmse,fold10/val_mard,fold10/val_mape,fold10/val_r2,fold10/val_pearson,fold10/val_ega_zone_a_pct,fold10/val_ega_zone_a_count,fold10/val_ega_zone_b_pct,fold10/val_ega_zone_b_count,fold10/val_ega_zone_c_pct,fold10/val_ega_zone_c_count,fold10/val_ega_zone_d_pct,fold10/val_ega_zone_d_count,fold10/val_ega_zone_e_pct,fold10/val_ega_zone_e_count,fold10/val_horizon_15_mae,fold10/val_horizon_15_rmse,fold10/val_horizon_15_mard,fold10/val_horizon_15_mape,fold10/val_horizon_15_r2,fold10/val_horizon_15_pearson,fold10/val_horizon_15_ega_zone_a_pct,fold10/val_horizon_15_ega_zone_a_count,fold10/val_horizon_15_ega_zone_b_pct,fold10/val_horizon_15_ega_zone_b_count,fold10/val_horizon_15_ega_zone_c_pct,fold10/val_horizon_15_ega_zone_c_count,fold10/val_horizon_15_ega_zone_d_pct,fold10/val_horizon_15_ega_zone_d_count,fold10/val_horizon_15_ega_zone_e_pct,fold10/val_horizon_15_ega_zone_e_count,fold10/val_horizon_30_mae,fold10/val_horizon_30_rmse,fold10/val_horizon_30_mard,fold10/val_horizon_30_mape,fold10/val_horizon_30_r2,fold10/val_horizon_30_pearson,fold10/val_horizon_30_ega_zone_a_pct,fold10/val_horizon_30_ega_zone_a_count,fold10/val_horizon_30_ega_zone_b_pct,fold10/val_horizon_30_ega_zone_b_count,fold10/val_horizon_30_ega_zone_c_pct,fold10/val_horizon_30_ega_zone_c_count,fold10/val_horizon_30_ega_zone_d_pct,fold10/val_horizon_30_ega_zone_d_count,fold10/val_horizon_30_ega_zone_e_pct,fold10/val_horizon_30_ega_zone_e_count,fold10/val_horizon_45_mae,fold10/val_horizon_45_rmse,fold10/val_horizon_45_mard,fold10/val_horizon_45_mape,fold10/val_horizon_45_r2,fold10/val_horizon_45_pearson,fold10/val_horizon_45_ega_zone_a_pct,fold10/val_horizon_45_ega_zone_a_count,fold10/val_horizon_45_ega_zone_b_pct,fold10/val_horizon_45_ega_zone_b_count,fold10/val_horizon_45_ega_zone_c_pct,fold10/val_horizon_45_ega_zone_c_count,fold10/val_horizon_45_ega_zone_d_pct,fold10/val_horizon_45_ega_zone_d_count,fold10/val_horizon_45_ega_zone_e_pct,fold10/val_horizon_45_ega_zone_e_count,fold10/val_horizon_60_mae,fold10/val_horizon_60_rmse,fold10/val_horizon_60_mard,fold10/val_horizon_60_mape,fold10/val_horizon_60_r2,fold10/val_horizon_60_pearson,fold10/val_horizon_60_ega_zone_a_pct,fold10/val_horizon_60_ega_zone_a_count,fold10/val_horizon_60_ega_zone_b_pct,fold10/val_horizon_60_ega_zone_b_count,fold10/val_horizon_60_ega_zone_c_pct,fold10/val_horizon_60_ega_zone_c_count,fold10/val_horizon_60_ega_zone_d_pct,fold10/val_horizon_60_ega_zone_d_count,fold10/val_horizon_60_ega_zone_e_pct,fold10/val_horizon_60_ega_zone_e_count,fold10/diag_horizon_curriculum_progress,fold10/diag_loss_horizon_weight_0,fold10/diag_loss_horizon_weight_1,fold10/diag_loss_horizon_weight_2,fold10/diag_loss_horizon_weight_3
1,0.3794037522029029,13.08452320098877,17.872926712036133,11.67974853515625,11.67974853515625,0.2685614824295044,0.5739216208457947,81.64461517333984,19500.0,18.317703247070312,4375.0,0.0,0.0,0.03768213093280792,9.0,0.0,0.0,12.084111213684082,16.736305236816406,10.797728538513184,10.797728538513184,0.3555707335472107,0.6519785523414612,84.39122772216797,5039.0,15.575281143188477,930.0,0.0,0.0,0.0334952250123024,2.0,0.0,0.0,12.832592010498047,17.65636444091797,11.414107322692871,11.414107322692871,0.28592514991760254,0.588535726070404,82.38150787353516,4919.0,17.58499526977539,1050.0,0.0,0.0,0.0334952250123024,2.0,0.0,0.0,13.462892532348633,18.337486267089844,11.961148262023926,11.961148262023926,0.23153990507125854,0.5422227382659912,80.9747085571289,4835.0,18.99179458618164,1134.0,0.0,0.0,0.0334952250123024,2.0,0.0,0.0,13.958495140075684,18.698972702026367,12.546009063720703,12.546009063720703,0.20191049575805664,0.5110694169998169,78.83101654052734,4707.0,21.11874008178711,1261.0,0.0,0.0,0.0502428375184536,3.0,0.0,0.0,0.0,0.3333333432674408,0.28333333134651184,0.21666665375232697,0.1666666716337204
2,0.348088052227798,11.873987197875977,17.071924209594727,10.355010986328125,10.355010986328125,0.3326534628868103,0.5808336734771729,85.64729309082031,20456.0,14.315022468566895,3419.0,0.0,0.0,0.03768213093280792,9.0,0.0,0.0,10.693350791931152,15.649101257324219,9.291095733642578,9.291095733642578,0.4365765452384949,0.6655986905097961,89.7002182006836,5356.0,10.266286849975586,613.0,0.0,0.0,0.0334952250123024,2.0,0.0,0.0,11.68212890625,16.879558563232422,10.170526504516602,10.170526504516602,0.34737563133239746,0.5933414101600647,86.35070037841797,5156.0,13.615809440612793,813.0,0.0,0.0,0.0334952250123024,2.0,0.0,0.0,12.286075592041016,17.592304229736328,10.703267097473145,10.703267097473145,0.29272687435150146,0.5451987981796265,84.20700073242188,5028.0,15.759504318237305,941.0,0.0,0.0,0.0334952250123024,2.0,0.0,0.0,12.834394454956055,18.069293975830078,11.255149841308594,11.255149841308594,0.2547561526298523,0.5082071423530579,82.33126831054688,4916.0,17.618488311767578,1052.0,0.0,0.0,0.0502428375184536,3.0,0.0,0.0,0.07142857142857142,0.3245614171028137,0.2788847088813782,0.21998745203018188,0.17656642198562622
3,0.3173811465280201,11.48021411895752,16.628692626953125,9.962753295898438,9.962753295898438,0.3668557405471802,0.6065067052841187,87.21319580078125,20830.0,12.749120712280273,3045.0,0.0,0.0,0.03768213093280792,9.0,0.0,0.0,9.907794952392578,14.584640502929688,8.563908576965332,8.563908576965332,0.5106184482574463,0.7165612578392029,91.52571105957031,5465.0,8.440796852111816,504.0,0.0,0.0,0.0334952250123024,2.0,0.0,0.0,11.288742065429688,16.379955291748047,9.785636901855469,9.785636901855469,0.3854368329048157,0.6217664480209351,88.04220581054688,5257.0,11.924301147460938,712.0,0.0,0.0,0.0334952250123024,2.0,0.0,0.0,12.070178031921387,17.364601135253906,10.47486400604248,10.47486400604248,0.31091731786727905,0.5581390261650085,85.66404724121094,5115.0,14.302462577819824,854.0,0.0,0.0,0.0334952250123024,2.0,0.0,0.0,12.654146194458008,17.986377716064453,11.02660083770752,11.02660083770752,0.2615799307823181,0.5115466117858887,83.62083435058594,4993.0,16.32892417907715,975.0,0.0,0.0,0.0502428375184536,3.0,0.0,0.0,0.14285714285714285,0.31578949093818665,0.2744360864162445,0.223308265209198,0.18646617233753204
4,0.2674332041902933,10.814512252807617,15.724041938781738,9.387767791748047,9.387767791748047,0.4338717460632324,0.6616058945655823,89.193603515625,21303.0,10.768714904785156,2572.0,0.0,0.0,0.03768213093280792,9.0,0.0,0.0,8.589903831481934,12.452136993408203,7.465128421783447,7.465128421783447,0.643266499042511,0.8106510639190674,94.3560562133789,5634.0,5.610450267791748,335.0,0.0,0.0,0.0334952250123024,2.0,0.0,0.0,10.535074234008789,15.330607414245605,9.125225067138672,9.125225067138672,0.46165603399276733,0.6828006505966187,90.30313110351562,5392.0,9.663372993469238,577.0,0.0,0.0,0.0334952250123024,2.0,0.0,0.0,11.674062728881836,16.84438705444336,10.12157917022705,10.12157917022705,0.35158640146255493,0.594167947769165,87.27181243896484,5211.0,12.694690704345703,758.0,0.0,0.0,0.0334952250123024,2.0,0.0,0.0,12.459007263183594,17.752897262573242,10.839134216308594,10.839134216308594,0.2806263566017151,0.5298377275466919,84.8434066772461,5066.0,15.10634708404541,902.0,0.0,0.0,0.0502428375184536,3.0,0.0,0.0,0.21428571428571427,0.30701756477355957,0.26998746395111084,0.22662906348705292,0.19636592268943787
5,0.2500571442037466,10.50763988494873,15.344862937927246,9.109306335449219,9.109306335449219,0.4608464241027832,0.6820969581604004,90.27801513671875,21562.0,9.684307098388672,2313.0,0.0,0.0,0.03768213093280792,9.0,0.0,0.0,7.8110032081604,11.213732719421387,6.818641185760498,6.818641185760498,0.7106946110725403,0.8520919680595398,96.01406860351562,5733.0,3.952436923980713,236.0,0.0,0.0,0.0334952250123024,2.0,0.0,0.0,10.188685417175293,14.867681503295898,8.812017440795898,8.812017440795898,0.4936770796775818,0.7065524458885193,91.60945129394531,5470.0,8.357059478759766,499.0,0.0,0.0,0.0334952250123024,2.0,0.0,0.0,11.55456829071045,16.719928741455078,9.986286163330078,9.986286163330078,0.3611328601837158,0.6023542881011963,88.12594604492188,5262.0,11.84056282043457,707.0,0.0,0.0,0.0334952250123024,2.0,0.0,0.0,12.476301193237305,17.762531280517578,10.820283889770508,10.820283889770508,0.27984529733657837,0.529227614402771,85.36258697509766,5097.0,14.58717155456543,871.0,0.0,0.0,0.0502428375184536,3.0,0.0,0.0,0.2857142857142857,0.2982456088066101,0.2655388414859772,0.22994986176490784,0.2062656730413437
6,0.24289003845505885,10.381729125976562,15.179877281188965,9.002300262451172,9.002300262451172,0.4723778963088989,0.6900513172149658,90.61714935302734,21643.0,9.345169067382812,2232.0,0.0,0.0,0.03768213093280792,9.0,0.0,0.0,7.372699737548828,10.565845489501953,6.460918426513672,6.460918426513672,0.7431588172912598,0.8694412112236023,96.61698150634766,5769.0,3.349522829055786,200.0,0.0,0.0,0.0334952250123024,2.0,0.0,0.0,10.054319381713867,14.670282363891602,8.69532585144043,8.69532585144043,0.5070327520370483,0.7155625224113464,91.91090393066406,5488.0,8.055602073669434,481.0,0.0,0.0,0.0334952250123024,2.0,0.0,0.0,11.561319351196289,16.683300018310547,9.989768028259277,9.989768028259277,0.3639289140701294,0.60444176197052,88.42739868164062,5280.0,11.539105415344238,689.0,0.0,0.0,0.0334952250123024,2.0,0.0,0.0,12.538576126098633,17.791231155395508,10.863189697265625,10.863189697265625,0.27751636505126953,0.5271591544151306,85.51331329345703,5106.0,14.436443328857422,862.0,0.0,0.0,0.0502428375184536,3.0,0.0,0.0,0.35714285714285715,0.28947368264198303,0.2610902190208435,0.23327067494392395,0.2161654233932495
7,0.2393462469953646,10.323501586914062,15.089816093444824,8.954139709472656,8.954139709472656,0.4786200523376465,0.6937633752822876,90.62552642822266,21645.0,9.336793899536133,2230.0,0.0,0.0,0.03768213093280792,9.0,0.0,0.0,7.067540168762207,10.110818862915039,6.209445953369141,6.209445953369141,0.7648046016693115,0.8805553913116455,96.91844177246094,5787.0,3.048065662384033,182.0,0.0,0.0,0.0334952250123024,2.0,0.0,0.0,9.96899700164795,14.530679702758789,8.625617980957031,8.625617980957031,0.5163702964782715,0.7213433980941772,92.06163024902344,5497.0,7.904873847961426,472.0,0.0,0.0,0.0334952250123024,2.0,0.0,0.0,11.593999862670898,16.67804718017578,10.014412879943848,10.014412879943848,0.36432939767837524,0.604263961315155,88.25992584228516,5270.0,11.706582069396973,699.0,0.0,0.0,0.0334952250123024,2.0,0.0,0.0,12.663468360900879,17.868505477905273,10.967082977294922,10.967082977294922,0.27122652530670166,0.5212602019309998,85.26210021972656,5091.0,14.687657356262207,877.0,0.0,0.0,0.0502428375184536,3.0,0.0,0.0,0.42857142857142855,0.28070175647735596,0.25664159655570984,0.23659147322177887,0.22606515884399414
8,0.2344433248263095,10.295574188232422,15.037724494934082,8.930693626403809,8.930693626403809,0.48221355676651,0.6964538097381592,90.80137634277344,21687.0,9.160944938659668,2188.0,0.0,0.0,0.03768213093280792,9.0,0.0,0.0,6.850661754608154,9.776914596557617,6.023004531860352,6.023004531860352,0.7800825238227844,0.8892447352409363,97.35387420654297,5813.0,2.6126277446746826,156.0,0.0,0.0,0.0334952250123024,2.0,0.0,0.0,9.895425796508789,14.418791770935059,8.559288024902344,8.559288024902344,0.523789644241333,0.7267426252365112,92.14537048339844,5502.0,7.8211350440979,467.0,0.0,0.0,0.0334952250123024,2.0,0.0,0.0,11.644058227539062,16.69005584716797,10.060728073120117,10.060728073120117,0.3634137511253357,0.6035312414169312,88.20968627929688,5267.0,11.756824493408203,702.0,0.0,0.0,0.0334952250123024,2.0,0.0,0.0,12.79215145111084,17.957868576049805,11.079750061035156,11.079750061035156,0.2639188766479492,0.5141847729682922,85.49656677246094,5105.0,14.453190803527832,863.0,0.0,0.0,0.0502428375184536,3.0,0.0,0.0,0.5,0.2719298303127289,0.25219297409057617,0.2399122714996338,0.23596492409706116
9,0.23001810783269605,10.318622589111328,15.048843383789062,8.947711944580078,8.947711944580078,0.4814475178718567,0.6956355571746826,90.78881072998047,21684.0,9.173504829406738,2191.0,0.0,0.0,0.03768213093280792,9.0,0.0,0.0,6.742405891418457,9.560955047607422,5.935307502746582,5.935307502746582,0.7896906137466431,0.8944331407546997,97.62184143066406,5829.0,2.344665765762329,140.0,0.0,0.0,0.0334952250123024,2.0,0.0,0.0,9.88983154296875,14.378504753112793,8.550699234008789,8.550699234008789,0.5264469981193542,0.728515088558197,92.06163024902344,5497.0,7.904873847961426,472.0,0.0,0.0,0.0334952250123024,2.0,0.0,0.0,11.732514381408691,16.76238250732422,10.130082130432129,10.130082130432129,0.3578845262527466,0.5988128781318665,88.19293212890625,5266.0,11.773571968078613,703.0,0.0,0.0,0.0334952250123024,2.0,0.0,0.0,12.90974235534668,18.075952529907227,11.174759864807129,11.174759864807129,0.2542067766189575,0.5052846670150757,85.27884674072266,5092.0,14.670909881591797,876.0,0.0,0.0,0.0502428375184536,3.0,0.0,0.0,0.5714285714285714,0.2631579041481018,0.2477443516254425,0.2432330846786499,0.24586467444896698
10,0.2278316656230907,10.364250183105469,15.080965042114258,8.993125915527344,8.993125915527344,0.47923147678375244,0.6936310529708862,90.61296081542969,21642.0,9.34935474395752,2233.0,0.0,0.0,0.03768213093280792,9.0,0.0,0.0,6.6696062088012695,9.413050651550293,5.874786376953125,5.874786376953125,0.7961471080780029,0.897642970085144,97.68882751464844,5833.0,2.2776753902435303,136.0,0.0,0.0,0.0334952250123024,2.0,0.0,0.0,9.9280366897583,14.372700691223145,8.5901517868042,8.5901517868042,0.5268292427062988,0.7283798456192017,91.91090393066406,5488.0,8.055602073669434,481.0,0.0,0.0,0.0334952250123024,2.0,0.0,0.0,11.819845199584961,16.84111976623535,10.210321426391602,10.210321426391602,0.3518378734588623,0.5935643911361694,88.12594604492188,5262.0,11.84056282043457,707.0,0.0,0.0,0.0334952250123024,2.0,0.0,0.0,13.039512634277344,18.191720962524414,11.29724407196045,11.29724407196045,0.24462318420410156,0.4962688684463501,84.72618103027344,5059.0,15.223580360412598,909.0,0.0,0.0,0.0502428375184536,3.0,0.0,0.0,0.6428571428571429,0.25438597798347473,0.24329572916030884,0.24655388295650482,0.2557644248008728
11,0.22618445762108821,10.36136531829834,15.065162658691406,8.995776176452637,8.995776176452637,0.48032230138778687,0.6942886114120483,90.4957275390625,21614.0,9.466588973999023,2261.0,0.0,0.0,0.03768213093280792,9.0,0.0,0.0,6.569037914276123,9.243350982666016,5.79254150390625,5.79254150390625,0.80343097448349,0.9013741612434387,97.70558166503906,5834.0,2.26092791557312,135.0,0.0,0.0,0.0334952250123024,2.0,0.0,0.0,9.90119457244873,14.310293197631836,8.5699462890625,8.5699462890625,0.530929446220398,0.7311158776283264,92.01138305664062,5494.0,7.955116271972656,475.0,0.0,0.0,0.0334952250123024,2.0,0.0,0.0,11.873748779296875,16.881855010986328,10.261115074157715,10.261115074157715,0.34869855642318726,0.5908937454223633,87.77423858642578,5241.0,12.192262649536133,728.0,0.0,0.0,0.0334952250123024,2.0,0.0,0.0,13.101481437683105,18.237747192382812,11.3594970703125,11.3594970703125,0.2407960295677185,0.4925873577594757,84.49171447753906,5045.0,15.458047866821289,923.0,0.0,0.0,0.0502428375184536,3.0,0.0,0.0,0.7142857142857143,0.24561403691768646,0.23884710669517517,0.24987469613552094,0.26566416025161743
12,0.22583435737776172,10.407896041870117,15.097665786743164,9.047104835510254,9.047104835510254,0.4780774712562561,0.6923795938491821,90.35755920410156,21581.0,9.604756355285645,2294.0,0.0,0.0,0.03768213093280792,9.0,0.0,0.0,6.536916732788086,9.167037963867188,5.770750522613525,5.770750522613525,0.8066633939743042,0.9028609395027161,97.80606079101562,5840.0,2.1604421138763428,129.0,0.0,0.0,0.0334952250123024,2.0,0.0,0.0,9.930819511413574,14.307188987731934,8.606426239013672,8.606426239013672,0.5311329364776611,0.7309730648994446,91.96114349365234,5491.0,8.005358695983887,478.0,0.0,0.0,0.0334952250123024,2.0,0.0,0.0,11.945749282836914,16.940078735351562,10.334334373474121,10.334334373474121,0.3441983461380005,0.5869356989860535,87.50627899169922,5225.0,12.460224151611328,744.0,0.0,0.0,0.0334952250123024,2.0,0.0,0.0,13.218094825744629,18.331979751586914,11.476906776428223,11.476906776428223,0.23293042182922363,0.4849609136581421,84.1567611694336,5025.0,15.793000221252441,943.0,0.0,0.0,0.0502428375184536,3.0,0.0,0.0,0.7857142857142857,0.23684212565422058,0.2343984991312027,0.25319552421569824,0.27556392550468445
13,0.22467793982774475,10.406100273132324,15.106931686401367,9.048377990722656,9.048377990722656,0.4774366617202759,0.6917831897735596,90.3156967163086,21571.0,9.646625518798828,2304.0,0.0,0.0,0.03768213093280792,9.0,0.0,0.0,6.480226039886475,9.076807975769043,5.725215911865234,5.725215911865234,0.8104506134986877,0.904511570930481,97.83956146240234,5842.0,2.1269469261169434,127.0,0.0,0.0,0.0334952250123024,2.0,0.0,0.0,9.906204223632812,14.278327941894531,8.585107803344727,8.585107803344727,0.5330226421356201,0.7321511507034302,92.09512329101562,5499.0,7.871378421783447,470.0,0.0,0.0,0.0334952250123024,2.0,0.0,0.0,11.962000846862793,16.966062545776367,10.351988792419434,10.351988792419434,0.342184841632843,0.5852541327476501,87.37229919433594,5217.0,12.594204902648926,752.0,0.0,0.0,0.0334952250123024,2.0,0.0,0.0,13.275969505310059,18.40573501586914,11.531192779541016,11.531192779541016,0.22674560546875,0.47922077775001526,83.9557876586914,5013.0,15.99397087097168,955.0,0.0,0.0,0.0502428375184536,3.0,0.0,0.0,0.8571428571428571,0.22807016968727112,0.22994986176490784,0.25651630759239197,0.2854636609554291
14,0.22261746501855048,10.414506912231445,15.133794784545898,9.052547454833984,9.052547454833984,0.4755765199661255,0.6902352571487427,90.28638458251953,21564.0,9.675933837890625,2311.0,0.0,0.0,0.03768213093280792,9.0,0.0,0.0,6.42767333984375,9.002406120300293,5.675457000732422,5.675457000732422,0.8135453462600708,0.9058061242103577,97.88980102539062,5845.0,2.0767040252685547,124.0,0.0,0.0,0.0334952250123024,2.0,0.0,0.0,9.90083122253418,14.269588470458984,8.578133583068848,8.578133583068848,0.5335941314697266,0.7322155833244324,92.14537048339844,5502.0,7.8211350440979,467.0,0.0,0.0,0.0334952250123024,2.0,0.0,0.0,12.009515762329102,17.02628517150879,10.391135215759277,10.391135215759277,0.33750665187835693,0.5814029574394226,87.27181243896484,5211.0,12.694690704345703,758.0,0.0,0.0,0.0334952250123024,2.0,0.0,0.0,13.320003509521484,18.4815616607666,11.56546401977539,11.56546401977539,0.22036123275756836,0.4740668833255768,83.83855438232422,5006.0,16.111204147338867,962.0,0.0,0.0,0.0502428375184536,3.0,0.0,0.0,0.9285714285714286,0.21929824352264404,0.22550123929977417,0.2598370909690857,0.2953633964061737
15,0.22353948766093218,10.46297836303711,15.15918254852295,9.108466148376465,9.108466148376465,0.4738155007362366,0.6889164447784424,90.13983917236328,21529.0,9.82247543334961,2346.0,0.0,0.0,0.03768213093280792,9.0,0.0,0.0,6.429005146026611,8.975743293762207,5.681693077087402,5.681693077087402,0.8146481513977051,0.906599223613739,97.94004821777344,5848.0,2.026461362838745,121.0,0.0,0.0,0.0334952250123024,2.0,0.0,0.0,9.943069458007812,14.282402038574219,8.625576972961426,8.625576972961426,0.5327560901641846,0.731791079044342,92.01138305664062,5494.0,7.955116271972656,475.0,0.0,0.0,0.0334952250123024,2.0,0.0,0.0,12.077502250671387,17.07383155822754,10.463940620422363,10.463940620422363,0.33380138874053955,0.5780794620513916,87.07083892822266,5199.0,12.895663261413574,770.0,0.0,0.0,0.0334952250123024,2.0,0.0,0.0,13.402332305908203,18.52394676208496,11.662652015686035,11.662652015686035,0.21678119897842407,0.4700026214122772,83.53709411621094,4988.0,16.412660598754883,980.0,0.0,0.0,0.0502428375184536,3.0,0.0,0.0,1.0,0.21052631735801697,0.2210526168346405,0.2631579041481018,0.3052631616592407
16,0.2206439634999377,10.47103214263916,15.162760734558105,9.120524406433105,9.120524406433105,0.4735671281814575,0.6886171102523804,90.06866455078125,21512.0,9.89365291595459,2363.0,0.0,0.0,0.03768213093280792,9.0,0.0,0.0,6.411089897155762,8.931584358215332,5.669879913330078,5.669879913330078,0.8164674639701843,0.9072985053062439,97.99028778076172,5851.0,1.9762184619903564,118.0,0.0,0.0,0.0334952250123024,2.0,0.0,0.0,9.944340705871582,14.26635456085205,8.63221549987793,8.63221549987793,0.5338054895401001,0.7323742508888245,91.99464416503906,5493.0,7.971864223480225,476.0,0.0,0.0,0.0334952250123024,2.0,0.0,0.0,12.091195106506348,17.082592010498047,10.481459617614746,10.481459617614746,0.3331175446510315,0.5775066018104553,87.03734588623047,5197.0,12.929158210754395,772.0,0.0,0.0,0.0334952250123024,2.0,0.0,0.0,13.4375,18.561256408691406,11.698540687561035,11.698540687561035,0.213623046875,0.4673084318637848,83.25238800048828,4971.0,16.697370529174805,997.0,0.0,0.0,0.0502428375184536,3.0,0.0,0.0,1.0,0.21052631735801697,0.2210526168346405,0.2631579041481018,0.3052631616592407
step,fold10/test_loss,fold10/test_mae,fold10/test_rmse,fold10/test_mard,fold10/test_mape,fold10/test_r2,fold10/test_pearson,fold10/test_ega_zone_a_pct,fold10/test_ega_zone_a_count,fold10/test_ega_zone_b_pct,fold10/test_ega_zone_b_count,fold10/test_ega_zone_c_pct,fold10/test_ega_zone_c_count,fold10/test_ega_zone_d_pct,fold10/test_ega_zone_d_count,fold10/test_ega_zone_e_pct,fold10/test_ega_zone_e_count,fold10/test_horizon_15_mae,fold10/test_horizon_15_rmse,fold10/test_horizon_15_mard,fold10/test_horizon_15_mape,fold10/test_horizon_15_r2,fold10/test_horizon_15_pearson,fold10/test_horizon_15_ega_zone_a_pct,fold10/test_horizon_15_ega_zone_a_count,fold10/test_horizon_15_ega_zone_b_pct,fold10/test_horizon_15_ega_zone_b_count,fold10/test_horizon_15_ega_zone_c_pct,fold10/test_horizon_15_ega_zone_c_count,fold10/test_horizon_15_ega_zone_d_pct,fold10/test_horizon_15_ega_zone_d_count,fold10/test_horizon_15_ega_zone_e_pct,fold10/test_horizon_15_ega_zone_e_count,fold10/test_horizon_30_mae,fold10/test_horizon_30_rmse,fold10/test_horizon_30_mard,fold10/test_horizon_30_mape,fold10/test_horizon_30_r2,fold10/test_horizon_30_pearson,fold10/test_horizon_30_ega_zone_a_pct,fold10/test_horizon_30_ega_zone_a_count,fold10/test_horizon_30_ega_zone_b_pct,fold10/test_horizon_30_ega_zone_b_count,fold10/test_horizon_30_ega_zone_c_pct,fold10/test_horizon_30_ega_zone_c_count,fold10/test_horizon_30_ega_zone_d_pct,fold10/test_horizon_30_ega_zone_d_count,fold10/test_horizon_30_ega_zone_e_pct,fold10/test_horizon_30_ega_zone_e_count,fold10/test_horizon_45_mae,fold10/test_horizon_45_rmse,fold10/test_horizon_45_mard,fold10/test_horizon_45_mape,fold10/test_horizon_45_r2,fold10/test_horizon_45_pearson,fold10/test_horizon_45_ega_zone_a_pct,fold10/test_horizon_45_ega_zone_a_count,fold10/test_horizon_45_ega_zone_b_pct,fold10/test_horizon_45_ega_zone_b_count,fold10/test_horizon_45_ega_zone_c_pct,fold10/test_horizon_45_ega_zone_c_count,fold10/test_horizon_45_ega_zone_d_pct,fold10/test_horizon_45_ega_zone_d_count,fold10/test_horizon_45_ega_zone_e_pct,fold10/test_horizon_45_ega_zone_e_count,fold10/test_horizon_60_mae,fold10/test_horizon_60_rmse,fold10/test_horizon_60_mard,fold10/test_horizon_60_mape,fold10/test_horizon_60_r2,fold10/test_horizon_60_pearson,fold10/test_horizon_60_ega_zone_a_pct,fold10/test_horizon_60_ega_zone_a_count,fold10/test_horizon_60_ega_zone_b_pct,fold10/test_horizon_60_ega_zone_b_count,fold10/test_horizon_60_ega_zone_c_pct,fold10/test_horizon_60_ega_zone_c_count,fold10/test_horizon_60_ega_zone_d_pct,fold10/test_horizon_60_ega_zone_d_count,fold10/test_horizon_60_ega_zone_e_pct,fold10/test_horizon_60_ega_zone_e_count
0,0.4785218521139554,14.898426055908203,23.587158203125,13.256089210510254,13.256089210510254,0.361606240272522,0.6060397624969482,79.10545349121094,6031.0,18.48111343383789,1409.0,0.0,0.0,2.413431167602539,184.0,0.0,0.0,10.590810775756836,15.554656982421875,9.728299140930176,9.728299140930176,0.7243025898933411,0.8600055575370789,88.45750427246094,1686.0,9.44386100769043,180.0,0.0,0.0,2.0986359119415283,40.0,0.0,0.0,14.563411712646484,22.290639877319336,12.959490776062012,12.959490776062012,0.4310929775238037,0.6621984243392944,79.06610870361328,1507.0,18.52046012878418,353.0,0.0,0.0,2.413431167602539,46.0,0.0,0.0,16.621387481689453,26.120468139648438,14.6771240234375,14.6771240234375,0.21455895900726318,0.4724119305610657,75.34102630615234,1436.0,22.08814239501953,421.0,0.0,0.0,2.570828914642334,49.0,0.0,0.0,17.818090438842773,28.36048698425293,15.659443855285645,15.659443855285645,0.07158529758453369,0.31263771653175354,73.55718994140625,1402.0,23.871984481811523,455.0,0.0,0.0,2.570828914642334,49.0,0.0,0.0
step,fold11/train_loss,fold11/val_mae,fold11/val_rmse,fold11/val_mard,fold11/val_mape,fold11/val_r2,fold11/val_pearson,fold11/val_ega_zone_a_pct,fold11/val_ega_zone_a_count,fold11/val_ega_zone_b_pct,fold11/val_ega_zone_b_count,fold11/val_ega_zone_c_pct,fold11/val_ega_zone_c_count,fold11/val_ega_zone_d_pct,fold11/val_ega_zone_d_count,fold11/val_ega_zone_e_pct,fold11/val_ega_zone_e_count,fold11/val_horizon_15_mae,fold11/val_horizon_15_rmse,fold11/val_horizon_15_mard,fold11/val_horizon_15_mape,fold11/val_horizon_15_r2,fold11/val_horizon_15_pearson,fold11/val_horizon_15_ega_zone_a_pct,fold11/val_horizon_15_ega_zone_a_count,fold11/val_horizon_15_ega_zone_b_pct,fold11/val_horizon_15_ega_zone_b_count,fold11/val_horizon_15_ega_zone_c_pct,fold11/val_horizon_15_ega_zone_c_count,fold11/val_horizon_15_ega_zone_d_pct,fold11/val_horizon_15_ega_zone_d_count,fold11/val_horizon_15_ega_zone_e_pct,fold11/val_horizon_15_ega_zone_e_count,fold11/val_horizon_30_mae,fold11/val_horizon_30_rmse,fold11/val_horizon_30_mard,fold11/val_horizon_30_mape,fold11/val_horizon_30_r2,fold11/val_horizon_30_pearson,fold11/val_horizon_30_ega_zone_a_pct,fold11/val_horizon_30_ega_zone_a_count,fold11/val_horizon_30_ega_zone_b_pct,fold11/val_horizon_30_ega_zone_b_count,fold11/val_horizon_30_ega_zone_c_pct,fold11/val_horizon_30_ega_zone_c_count,fold11/val_horizon_30_ega_zone_d_pct,fold11/val_horizon_30_ega_zone_d_count,fold11/val_horizon_30_ega_zone_e_pct,fold11/val_horizon_30_ega_zone_e_count,fold11/val_horizon_45_mae,fold11/val_horizon_45_rmse,fold11/val_horizon_45_mard,fold11/val_horizon_45_mape,fold11/val_horizon_45_r2,fold11/val_horizon_45_pearson,fold11/val_horizon_45_ega_zone_a_pct,fold11/val_horizon_45_ega_zone_a_count,fold11/val_horizon_45_ega_zone_b_pct,fold11/val_horizon_45_ega_zone_b_count,fold11/val_horizon_45_ega_zone_c_pct,fold11/val_horizon_45_ega_zone_c_count,fold11/val_horizon_45_ega_zone_d_pct,fold11/val_horizon_45_ega_zone_d_count,fold11/val_horizon_45_ega_zone_e_pct,fold11/val_horizon_45_ega_zone_e_count,fold11/val_horizon_60_mae,fold11/val_horizon_60_rmse,fold11/val_horizon_60_mard,fold11/val_horizon_60_mape,fold11/val_horizon_60_r2,fold11/val_horizon_60_pearson,fold11/val_horizon_60_ega_zone_a_pct,fold11/val_horizon_60_ega_zone_a_count,fold11/val_horizon_60_ega_zone_b_pct,fold11/val_horizon_60_ega_zone_b_count,fold11/val_horizon_60_ega_zone_c_pct,fold11/val_horizon_60_ega_zone_c_count,fold11/val_horizon_60_ega_zone_d_pct,fold11/val_horizon_60_ega_zone_d_count,fold11/val_horizon_60_ega_zone_e_pct,fold11/val_horizon_60_ega_zone_e_count,fold11/diag_horizon_curriculum_progress,fold11/diag_loss_horizon_weight_0,fold11/diag_loss_horizon_weight_1,fold11/diag_loss_horizon_weight_2,fold11/diag_loss_horizon_weight_3
1,0.3644707343992399,15.456093788146973,23.92460060119629,13.95064926147461,13.95064926147461,0.08648669719696045,0.2972378134727478,77.20753479003906,10982.0,21.323116302490234,3033.0,0.0,0.0,1.469347596168518,209.0,0.0,0.0,14.646614074707031,22.61521339416504,13.372713088989258,13.372713088989258,0.18659591674804688,0.43639880418777466,78.62767028808594,2796.0,19.88188934326172,707.0,0.0,0.0,1.49043869972229,53.0,0.0,0.0,15.318214416503906,23.78406524658203,13.838568687438965,13.838568687438965,0.09819644689559937,0.3151278495788574,77.3622055053711,2751.0,21.147356033325195,752.0,0.0,0.0,1.49043869972229,53.0,0.0,0.0,15.797310829162598,24.431325912475586,14.209708213806152,14.209708213806152,0.04518860578536987,0.2279645949602127,76.94038391113281,2736.0,21.597299575805664,768.0,0.0,0.0,1.4623171091079712,52.0,0.0,0.0,16.062240600585938,24.80980682373047,14.38160228729248,14.38160228729248,0.015339374542236328,0.16834713518619537,75.89988708496094,2699.0,22.665916442871094,806.0,0.0,0.0,1.434195637702942,51.0,0.0,0.0,0.0,0.3333333432674408,0.28333333134651184,0.21666665375232697,0.1666666716337204
2,0.33623180365473393,15.297640800476074,24.174943923950195,13.687994956970215,13.687994956970215,0.06726884841918945,0.3061141073703766,78.54330444335938,11172.0,19.98734474182129,2843.0,0.0,0.0,1.469347596168518,209.0,0.0,0.0,14.173095703125,22.441194534301758,12.759145736694336,12.759145736694336,0.1990656852722168,0.45496639609336853,81.10235595703125,2884.0,17.40719985961914,619.0,0.0,0.0,1.49043869972229,53.0,0.0,0.0,15.180541038513184,24.034469604492188,13.614574432373047,13.614574432373047,0.07910776138305664,0.323283314704895,79.33070373535156,2821.0,19.178852081298828,682.0,0.0,0.0,1.49043869972229,53.0,0.0,0.0,15.765230178833008,24.875394821166992,14.087346076965332,14.087346076965332,0.010163426399230957,0.23132669925689697,77.27783966064453,2748.0,21.259841918945312,756.0,0.0,0.0,1.4623171091079712,52.0,0.0,0.0,16.071697235107422,25.252004623413086,14.290913581848145,14.290913581848145,-0.020073413848876953,0.1714978963136673,76.46231842041016,2719.0,22.103487014770508,786.0,0.0,0.0,1.434195637702942,51.0,0.0,0.0,0.07142857142857142,0.3245614171028137,0.2788847088813782,0.21998745203018188,0.17656642198562622
3,0.30678551908300705,14.960865020751953,23.491958618164062,13.405506134033203,13.405506134033203,0.11922705173492432,0.37069225311279297,79.16197967529297,11260.0,19.368671417236328,2755.0,0.0,0.0,1.469347596168518,209.0,0.0,0.0,13.411303520202637,20.870752334594727,12.114888191223145,12.114888191223145,0.30724263191223145,0.5559655427932739,82.53656005859375,2935.0,15.973003387451172,568.0,0.0,0.0,1.49043869972229,53.0,0.0,0.0,14.900458335876465,23.380224227905273,13.365425109863281,13.365425109863281,0.12856078147888184,0.38326701521873474,79.97750091552734,2844.0,18.532058715820312,659.0,0.0,0.0,1.49043869972229,53.0,0.0,0.0,15.54184341430664,24.4338436126709,13.906696319580078,13.906696319580078,0.04499179124832153,0.2827160358428955,77.727783203125,2764.0,20.809898376464844,740.0,0.0,0.0,1.4623171091079712,52.0,0.0,0.0,15.989855766296387,25.06496810913086,14.235017776489258,14.235017776489258,-0.00501859188079834,0.2051282525062561,76.40607452392578,2717.0,22.15972900390625,788.0,0.0,0.0,1.434195637702942,51.0,0.0,0.0,0.14285714285714285,0.31578949093818665,0.2744360864162445,0.223308265209198,0.18646617233753204
4,0.2637524157512088,14.19471263885498,21.975492477416992,12.743498802185059,12.743498802185059,0.2292690873146057,0.48333412408828735,80.17434692382812,11404.0,18.38442039489746,2615.0,0.0,0.0,1.4412260055541992,205.0,0.0,0.0,11.836804389953613,17.678560256958008,10.77896499633789,10.77896499633789,0.5029515027999878,0.713403582572937,85.48931121826172,3040.0,13.132733345031738,467.0,0.0,0.0,1.3779526948928833,49.0,0.0,0.0,14.086164474487305,21.60787010192871,12.64648151397705,12.64648151397705,0.25567305088043213,0.5087311267852783,80.45556640625,2861.0,18.053993225097656,642.0,0.0,0.0,1.49043869972229,53.0,0.0,0.0,15.118185997009277,23.489044189453125,13.5252685546875,13.5252685546875,0.1174197793006897,0.3673463761806488,78.0933609008789,2777.0,20.444320678710938,727.0,0.0,0.0,1.4623171091079712,52.0,0.0,0.0,15.737695693969727,24.50556182861328,14.023272514343262,14.023272514343262,0.03934144973754883,0.2695460021495819,76.65916442871094,2726.0,21.90663719177246,779.0,0.0,0.0,1.434195637702942,51.0,0.0,0.0,0.21428571428571427,0.30701756477355957,0.26998746395111084,0.22662906348705292,0.19636592268943787
5,0.24391184851568953,13.66683292388916,21.063570022583008,12.275571823120117,12.275571823120117,0.291908323764801,0.5426455140113831,81.12345123291016,11539.0,17.477502822875977,2486.0,0.0,0.0,1.3990437984466553,199.0,0.0,0.0,10.646411895751953,15.50133991241455,9.764348983764648,9.764348983764648,0.6178416013717651,0.791045069694519,88.38582611083984,3143.0,10.348706245422363,368.0,0.0,0.0,1.2654668092727661,45.0,0.0,0.0,13.545743942260742,20.4603214263916,12.169541358947754,12.169541358947754,0.3326330780982971,0.57807457447052,80.98987579345703,2880.0,17.575927734375,625.0,0.0,0.0,1.434195637702942,51.0,0.0,0.0,14.853117942810059,22.952367782592773,13.268767356872559,13.268767356872559,0.1572893261909485,0.41315340995788574,78.37457275390625,2787.0,20.163103103637695,717.0,0.0,0.0,1.4623171091079712,52.0,0.0,0.0,15.622064590454102,24.268672943115234,13.89962387084961,13.89962387084961,0.05782449245452881,0.2976861894130707,76.7435302734375,2729.0,21.8222713470459,776.0,0.0,0.0,1.434195637702942,51.0,0.0,0.0,0.2857142857142857,0.2982456088066101,0.2655388414859772,0.22994986176490784,0.2062656730413437
6,0.23443711609288312,13.360682487487793,20.626346588134766,11.990379333496094,11.990379333496094,0.32099950313568115,0.5695886611938477,82.12176513671875,11681.0,16.493249893188477,2346.0,0.0,0.0,1.3849830627441406,197.0,0.0,0.0,9.893946647644043,14.25191879272461,9.119979858398438,9.119979858398438,0.6769634485244751,0.8264666199684143,90.607421875,3222.0,8.155230522155762,290.0,0.0,0.0,1.2373453378677368,44.0,0.0,0.0,13.254854202270508,19.87547492980957,11.906250953674316,11.906250953674316,0.37024039030075073,0.6101244688034058,81.72103881835938,2906.0,16.87289047241211,600.0,0.0,0.0,1.4060741662979126,50.0,0.0,0.0,14.731916427612305,22.734580993652344,13.127676963806152,13.127676963806152,0.17320579290390015,0.43398645520210266,79.16197967529297,2815.0,19.375701904296875,689.0,0.0,0.0,1.4623171091079712,52.0,0.0,0.0,15.562010765075684,24.223371505737305,13.807609558105469,13.807609558105469,0.06133854389190674,0.30860278010368347,76.99662780761719,2738.0,21.56917953491211,767.0,0.0,0.0,1.434195637702942,51.0,0.0,0.0,0.35714285714285715,0.28947368264198303,0.2610902190208435,0.23327067494392395,0.2161654233932495
7,0.23061665140168897,13.110522270202637,20.293787002563477,11.757259368896484,11.757259368896484,0.3427180051803589,0.5881242156028748,82.71231842041016,11765.0,15.90269947052002,2262.0,0.0,0.0,1.3849830627441406,197.0,0.0,0.0,9.37095832824707,13.491360664367676,8.665867805480957,8.665867805480957,0.710521399974823,0.8461298942565918,91.73228454589844,3262.0,7.002249240875244,249.0,0.0,0.0,1.2654668092727661,45.0,0.0,0.0,12.975579261779785,19.425886154174805,11.649688720703125,11.649688720703125,0.39840877056121826,0.6328232288360596,82.50843811035156,2934.0,16.113611221313477,573.0,0.0,0.0,1.3779526948928833,49.0,0.0,0.0,14.59091854095459,22.502559661865234,12.977083206176758,12.977083206176758,0.1899956464767456,0.45041683316230774,79.44319152832031,2825.0,19.0944881439209,679.0,0.0,0.0,1.4623171091079712,52.0,0.0,0.0,15.504630088806152,24.11646842956543,13.736398696899414,13.736398696899414,0.06960541009902954,0.31746038794517517,77.16535186767578,2744.0,21.400449752807617,761.0,0.0,0.0,1.434195637702942,51.0,0.0,0.0,0.42857142857142855,0.28070175647735596,0.25664159655570984,0.23659147322177887,0.22606515884399414
8,0.22636385875172307,12.93432331085205,20.105024337768555,11.587789535522461,11.587789535522461,0.3548886179924011,0.5985293984413147,83.05680847167969,11814.0,15.572272300720215,2215.0,0.0,0.0,1.370922327041626,195.0,0.0,0.0,8.997777938842773,13.007342338562012,8.327661514282227,8.327661514282227,0.730919599533081,0.8576709628105164,92.54780578613281,3291.0,6.242969512939453,222.0,0.0,0.0,1.2092238664627075,43.0,0.0,0.0,12.78001880645752,19.157333374023438,11.467903137207031,11.467903137207031,0.4149271845817566,0.6458386182785034,83.0427474975586,2953.0,15.579302787780762,554.0,0.0,0.0,1.3779526948928833,49.0,0.0,0.0,14.502585411071777,22.388246536254883,12.882475852966309,12.882475852966309,0.19820433855056763,0.45903700590133667,79.61192321777344,2831.0,18.925758361816406,673.0,0.0,0.0,1.4623171091079712,52.0,0.0,0.0,15.456903457641602,24.071144104003906,13.673116683959961,13.673116683959961,0.07309919595718384,0.32272323966026306,77.02474975585938,2739.0,21.541057586669922,766.0,0.0,0.0,1.434195637702942,51.0,0.0,0.0,0.5,0.2719298303127289,0.25219297409057617,0.2399122714996338,0.23596492409706116
9,0.2242318591984714,12.813605308532715,19.927520751953125,11.467636108398438,11.467636108398438,0.36622941493988037,0.6077977418899536,83.42941284179688,11867.0,15.206692695617676,2163.0,0.0,0.0,1.3638919591903687,194.0,0.0,0.0,8.767325401306152,12.623037338256836,8.12950611114502,8.12950611114502,0.7465847730636597,0.866783082485199,92.88526153564453,3303.0,5.905511856079102,210.0,0.0,0.0,1.2092238664627075,43.0,0.0,0.0,12.59807014465332,18.886926651000977,11.294832229614258,11.294832229614258,0.4313274025917053,0.6585326790809631,83.88639068603516,2983.0,14.763779640197754,525.0,0.0,0.0,1.349831223487854,48.0,0.0,0.0,14.444561004638672,22.263816833496094,12.809845924377441,12.809845924377441,0.20709198713302612,0.4671415686607361,79.92125701904297,2842.0,18.616422653198242,662.0,0.0,0.0,1.4623171091079712,52.0,0.0,0.0,15.444459915161133,24.014368057250977,13.63636589050293,13.63636589050293,0.07746654748916626,0.3257715404033661,77.02474975585938,2739.0,21.541057586669922,766.0,0.0,0.0,1.434195637702942,51.0,0.0,0.0,0.5714285714285714,0.2631579041481018,0.2477443516254425,0.2432330846786499,0.24586467444896698
10,0.22254863094214966,12.7418851852417,19.889598846435547,11.38723087310791,11.38723087310791,0.3686392903327942,0.6105661392211914,83.40129089355469,11863.0,15.227784156799316,2166.0,0.0,0.0,1.370922327041626,195.0,0.0,0.0,8.597143173217773,12.416743278503418,7.965896129608154,7.965896129608154,0.7548000812530518,0.8715239763259888,93.16647338867188,3313.0,5.596175193786621,199.0,0.0,0.0,1.2373453378677368,44.0,0.0,0.0,12.491500854492188,18.764896392822266,11.189665794372559,11.189665794372559,0.4386520981788635,0.6644642949104309,83.83014678955078,2981.0,14.820022583007812,527.0,0.0,0.0,1.349831223487854,48.0,0.0,0.0,14.421533584594727,22.263954162597656,12.768599510192871,12.768599510192871,0.20708227157592773,0.4691605269908905,79.8368911743164,2839.0,18.700786590576172,665.0,0.0,0.0,1.4623171091079712,52.0,0.0,0.0,15.457368850708008,24.091575622558594,13.624760627746582,13.624760627746582,0.07152515649795532,0.32336655259132385,76.77165222167969,2730.0,21.794151306152344,775.0,0.0,0.0,1.434195637702942,51.0,0.0,0.0,0.6428571428571429,0.25438597798347473,0.24329572916030884,0.24655388295650482,0.2557644248008728
11,0.22101531449764494,12.722415924072266,19.860021591186523,11.364293098449707,11.364293098449707,0.3705156445503235,0.6122685670852661,83.32395935058594,11852.0,15.312149047851562,2178.0,0.0,0.0,1.3638919591903687,194.0,0.0,0.0,8.493094444274902,12.298059463500977,7.8722147941589355,7.8722147941589355,0.7594650983810425,0.8739715814590454,93.27896118164062,3317.0,5.511810779571533,196.0,0.0,0.0,1.2092238664627075,43.0,0.0,0.0,12.446556091308594,18.68844223022461,11.151322364807129,11.151322364807129,0.44321703910827637,0.6678466200828552,83.68953704833984,2976.0,14.960630416870117,532.0,0.0,0.0,1.349831223487854,48.0,0.0,0.0,14.436272621154785,22.247440338134766,12.769476890563965,12.769476890563965,0.20825809240341187,0.4702182412147522,79.78064727783203,2837.0,18.757030487060547,667.0,0.0,0.0,1.4623171091079712,52.0,0.0,0.0,15.513741493225098,24.12950325012207,13.664155960083008,13.664155960083008,0.06859922409057617,0.32016241550445557,76.54668426513672,2722.0,22.019123077392578,783.0,0.0,0.0,1.434195637702942,51.0,0.0,0.0,0.7142857142857143,0.24561403691768646,0.23884710669517517,0.24987469613552094,0.26566416025161743
12,0.21936400753665927,12.66196060180664,19.81612777709961,11.287271499633789,11.287271499633789,0.37329500913619995,0.6151211857795715,83.42941284179688,11867.0,15.206692695617676,2163.0,0.0,0.0,1.3638919591903687,194.0,0.0,0.0,8.411734580993652,12.17905044555664,7.785377025604248,7.785377025604248,0.7640979290008545,0.8766099214553833,93.47581481933594,3324.0,5.314960479736328,189.0,0.0,0.0,1.2092238664627075,43.0,0.0,0.0,12.349842071533203,18.581323623657227,11.043581008911133,11.043581008911133,0.44958144426345825,0.6730529069900513,83.9988784790039,2987.0,14.651293754577637,521.0,0.0,0.0,1.349831223487854,48.0,0.0,0.0,14.390522003173828,22.223711013793945,12.701374053955078,12.701374053955078,0.20994609594345093,0.47307565808296204,79.66816711425781,2833.0,18.869516372680664,671.0,0.0,0.0,1.4623171091079712,52.0,0.0,0.0,15.495744705200195,24.15010643005371,13.618755340576172,13.618755340576172,0.0670081377029419,0.3213173449039459,76.57479858398438,2723.0,21.99100112915039,782.0,0.0,0.0,1.434195637702942,51.0,0.0,0.0,0.7857142857142857,0.23684212565422058,0.2343984991312027,0.25319552421569824,0.27556392550468445
13,0.2193190452153164,12.695273399353027,19.84416389465332,11.31861400604248,11.31861400604248,0.371520459651947,0.6137592792510986,83.14820098876953,11827.0,15.487907409667969,2203.0,0.0,0.0,1.3638919591903687,194.0,0.0,0.0,8.376114845275879,12.117262840270996,7.755359172821045,7.755359172821045,0.7664853930473328,0.8779784440994263,93.335205078125,3319.0,5.455567836761475,194.0,0.0,0.0,1.2092238664627075,43.0,0.0,0.0,12.348785400390625,18.564470291137695,11.042255401611328,11.042255401611328,0.4505794644355774,0.673791229724884,83.63330078125,2974.0,15.016873359680176,534.0,0.0,0.0,1.349831223487854,48.0,0.0,0.0,14.457611083984375,22.27922821044922,12.758999824523926,12.758999824523926,0.20599400997161865,0.4697267711162567,79.41506958007812,2824.0,19.122610092163086,680.0,0.0,0.0,1.4623171091079712,52.0,0.0,0.0,15.598581314086914,24.234926223754883,13.717844009399414,13.717844009399414,0.06044280529022217,0.31461101770401,76.20922088623047,2710.0,22.35658073425293,795.0,0.0,0.0,1.434195637702942,51.0,0.0,0.0,0.8571428571428571,0.22807016968727112,0.22994986176490784,0.25651630759239197,0.2854636609554291
14,0.21861474290003186,12.688688278198242,19.82918357849121,11.308265686035156,11.308265686035156,0.37246906757354736,0.6144081950187683,83.26068878173828,11843.0,15.375421524047852,2187.0,0.0,0.0,1.3638919591903687,194.0,0.0,0.0,8.298709869384766,12.021084785461426,7.676729679107666,7.676729679107666,0.7701776623725891,0.8802317976951599,93.44769287109375,3323.0,5.343081951141357,190.0,0.0,0.0,1.2092238664627075,43.0,0.0,0.0,12.33153247833252,18.525638580322266,11.02550983428955,11.02550983428955,0.452875554561615,0.6753616333007812,83.74578094482422,2978.0,14.904387474060059,530.0,0.0,0.0,1.349831223487854,48.0,0.0,0.0,14.468621253967285,22.267770767211914,12.767685890197754,12.767685890197754,0.20681041479110718,0.4702187478542328,79.41506958007812,2824.0,19.122610092163086,680.0,0.0,0.0,1.4623171091079712,52.0,0.0,0.0,15.655890464782715,24.273988723754883,13.76313591003418,13.76313591003418,0.0574115514755249,0.31227540969848633,76.43419647216797,2718.0,22.131608963012695,787.0,0.0,0.0,1.434195637702942,51.0,0.0,0.0,0.9285714285714286,0.21929824352264404,0.22550123929977417,0.2598370909690857,0.2953633964061737
15,0.21847235077346852,12.651662826538086,19.818031311035156,11.259244918823242,11.259244918823242,0.37317466735839844,0.6151849627494812,83.25365447998047,11842.0,15.382452011108398,2188.0,0.0,0.0,1.3638919591903687,194.0,0.0,0.0,8.240835189819336,11.939197540283203,7.611523628234863,7.611523628234863,0.7732980251312256,0.8825072050094604,93.67266082763672,3331.0,5.118110179901123,182.0,0.0,0.0,1.2092238664627075,43.0,0.0,0.0,12.277405738830566,18.484426498413086,10.957850456237793,10.957850456237793,0.45530712604522705,0.6777913570404053,83.8020248413086,2980.0,14.84814453125,528.0,0.0,0.0,1.349831223487854,48.0,0.0,0.0,14.437164306640625,22.264751434326172,12.72403621673584,12.72403621673584,0.20702558755874634,0.469887375831604,79.19010162353516,2816.0,19.34758186340332,688.0,0.0,0.0,1.4623171091079712,52.0,0.0,0.0,15.651248931884766,24.3121337890625,13.74356746673584,13.74356746673584,0.05444687604904175,0.3080657422542572,76.3498306274414,2715.0,22.215972900390625,790.0,0.0,0.0,1.434195637702942,51.0,0.0,0.0,1.0,0.21052631735801697,0.2210526168346405,0.2631579041481018,0.3052631616592407
16,0.21614379319879745,12.673553466796875,19.800020217895508,11.287677764892578,11.287677764892578,0.3743135333061218,0.6159783601760864,83.27474975585938,11845.0,15.368391990661621,2186.0,0.0,0.0,1.3568615913391113,193.0,0.0,0.0,8.197709083557129,11.870984077453613,7.568375587463379,7.568375587463379,0.7758811712265015,0.8835971355438232,93.75703430175781,3334.0,5.0618672370910645,180.0,0.0,0.0,1.1811023950576782,42.0,0.0,0.0,12.28531551361084,18.438493728637695,10.972084999084473,10.972084999084473,0.45801079273223877,0.6794368028640747,83.8020248413086,2980.0,14.84814453125,528.0,0.0,0.0,1.349831223487854,48.0,0.0,0.0,14.489126205444336,22.260915756225586,12.782554626464844,12.782554626464844,0.20729875564575195,0.4702756404876709,79.24634552001953,2818.0,19.291337966918945,686.0,0.0,0.0,1.4623171091079712,52.0,0.0,0.0,15.72206974029541,24.325220108032227,13.827690124511719,13.827690124511719,0.053428590297698975,0.3071587085723877,76.29358673095703,2713.0,22.272214889526367,792.0,0.0,0.0,1.434195637702942,51.0,0.0,0.0,1.0,0.21052631735801697,0.2210526168346405,0.2631579041481018,0.3052631616592407
17,0.21421029434150674,12.656529426574707,19.798959732055664,11.255955696105957,11.255955696105957,0.37438058853149414,0.6164426803588867,83.36614227294922,11858.0,15.284027099609375,2174.0,0.0,0.0,1.349831223487854,192.0,0.0,0.0,8.170622825622559,11.818573951721191,7.528463840484619,7.528463840484619,0.7778557538986206,0.8852624893188477,93.75703430175781,3334.0,5.089988708496094,181.0,0.0,0.0,1.152980923652649,41.0,0.0,0.0,12.245932579040527,18.399431228637695,10.920100212097168,10.920100212097168,0.46030479669570923,0.6817313432693481,84.0270004272461,2988.0,14.623172760009766,520.0,0.0,0.0,1.349831223487854,48.0,0.0,0.0,14.477099418640137,22.267589569091797,12.7527494430542,12.7527494430542,0.2068234086036682,0.4701961278915405,79.30258178710938,2820.0,19.235095977783203,684.0,0.0,0.0,1.4623171091079712,52.0,0.0,0.0,15.732463836669922,24.370718002319336,13.822509765625,13.822509765625,0.04988449811935425,0.3048272430896759,76.3779525756836,2716.0,22.187850952148438,789.0,0.0,0.0,1.434195637702942,51.0,0.0,0.0,1.0,0.21052631735801697,0.2210526168346405,0.2631579041481018,0.3052631616592407
18,0.21243336626461573,12.659296035766602,19.806137084960938,11.247638702392578,11.247638702392578,0.37392687797546387,0.6166113018989563,83.38020324707031,11860.0,15.269966125488281,2172.0,0.0,0.0,1.349831223487854,192.0,0.0,0.0,8.173527717590332,11.806233406066895,7.523247718811035,7.523247718811035,0.7783194184303284,0.8853784203529358,93.75703430175781,3334.0,5.089988708496094,181.0,0.0,0.0,1.152980923652649,41.0,0.0,0.0,12.257484436035156,18.40924835205078,10.921504974365234,10.921504974365234,0.45972877740859985,0.6815411448478699,83.97075653076172,2986.0,14.679415702819824,522.0,0.0,0.0,1.349831223487854,48.0,0.0,0.0,14.466761589050293,22.266332626342773,12.733362197875977,12.733362197875977,0.20691293478012085,0.47091493010520935,79.38694763183594,2823.0,19.15073013305664,681.0,0.0,0.0,1.4623171091079712,52.0,0.0,0.0,15.739408493041992,24.393749237060547,13.812438011169434,13.812438011169434,0.04808783531188965,0.3047088384628296,76.40607452392578,2717.0,22.15972900390625,788.0,0.0,0.0,1.434195637702942,51.0,0.0,0.0,1.0,0.21052631735801697,0.2210526168346405,0.2631579041481018,0.3052631616592407
19,0.21110997342762827,12.648114204406738,19.798219680786133,11.244132995605469,11.244132995605469,0.37442725896835327,0.6172568798065186,83.45753479003906,11871.0,15.192632675170898,2161.0,0.0,0.0,1.349831223487854,192.0,0.0,0.0,8.162199020385742,11.783400535583496,7.521191120147705,7.521191120147705,0.7791759967803955,0.88572096824646,93.84140014648438,3337.0,5.005624294281006,178.0,0.0,0.0,1.152980923652649,41.0,0.0,0.0,12.241823196411133,18.37554359436035,10.91469669342041,10.91469669342041,0.4617052674293518,0.6829459071159363,83.94263458251953,2985.0,14.707536697387695,523.0,0.0,0.0,1.349831223487854,48.0,0.0,0.0,14.457761764526367,22.261322021484375,12.73045539855957,12.73045539855957,0.2072697877883911,0.4718208312988281,79.4713134765625,2826.0,19.06636619567871,678.0,0.0,0.0,1.4623171091079712,52.0,0.0,0.0,15.730669021606445,24.409069061279297,13.810189247131348,13.810189247131348,0.04689192771911621,0.30418410897254944,76.57479858398438,2723.0,21.99100112915039,782.0,0.0,0.0,1.434195637702942,51.0,0.0,0.0,1.0,0.21052631735801697,0.2210526168346405,0.2631579041481018,0.3052631616592407
20,0.20992276089754647,12.658133506774902,19.78647232055664,11.260001182556152,11.260001182556152,0.37516945600509644,0.6171677112579346,83.35208129882812,11856.0,15.291057586669922,2175.0,0.0,0.0,1.3568615913391113,193.0,0.0,0.0,8.17053508758545,11.785544395446777,7.5303778648376465,7.5303778648376465,0.7790956497192383,0.8858590126037598,93.81327819824219,3336.0,5.005624294281006,178.0,0.0,0.0,1.1811023950576782,42.0,0.0,0.0,12.255304336547852,18.366247177124023,10.938533782958984,10.938533782958984,0.462249755859375,0.6829695105552673,83.74578094482422,2978.0,14.904387474060059,530.0,0.0,0.0,1.349831223487854,48.0,0.0,0.0,14.462313652038574,22.245555877685547,12.745521545410156,12.745521545410156,0.2083922028541565,0.4713347554206848,79.30258178710938,2820.0,19.235095977783203,684.0,0.0,0.0,1.4623171091079712,52.0,0.0,0.0,15.744379043579102,24.39128875732422,13.825572967529297,13.825572967529297,0.04827982187271118,0.30328622460365295,76.54668426513672,2722.0,22.019123077392578,783.0,0.0,0.0,1.434195637702942,51.0,0.0,0.0,1.0,0.21052631735801697,0.2210526168346405,0.2631579041481018,0.3052631616592407
21,0.2091027415182744,12.691434860229492,19.836883544921875,11.270533561706543,11.270533561706543,0.37198150157928467,0.6154105067253113,83.38020324707031,11860.0,15.276996612548828,2173.0,0.0,0.0,1.3428008556365967,191.0,0.0,0.0,8.177337646484375,11.789724349975586,7.51793909072876,7.51793909072876,0.7789389491081238,0.885927677154541,93.81327819824219,3336.0,5.0618672370910645,180.0,0.0,0.0,1.1248594522476196,40.0,0.0,0.0,12.290538787841797,18.414949417114258,10.947446823120117,10.947446823120117,0.45939409732818604,0.6815303564071655,83.8020248413086,2980.0,14.84814453125,528.0,0.0,0.0,1.349831223487854,48.0,0.0,0.0,14.503361701965332,22.30466651916504,12.76074504852295,12.76074504852295,0.2041797637939453,0.468692809343338,79.35882568359375,2822.0,19.178852081298828,682.0,0.0,0.0,1.4623171091079712,52.0,0.0,0.0,15.794499397277832,24.46225357055664,13.856003761291504,13.856003761291504,0.042733848094940186,0.29987069964408875,76.54668426513672,2722.0,22.019123077392578,783.0,0.0,0.0,1.434195637702942,51.0,0.0,0.0,1.0,0.21052631735801697,0.2210526168346405,0.2631579041481018,0.3052631616592407
22,0.20762053854714813,12.68189811706543,19.78519058227539,11.27460765838623,11.27460765838623,0.3752504587173462,0.6172188520431519,83.4223861694336,11866.0,15.234814643859863,2167.0,0.0,0.0,1.3428008556365967,191.0,0.0,0.0,8.145625114440918,11.733004570007324,7.497676372528076,7.497676372528076,0.7810608148574829,0.8870347738265991,93.92576599121094,3340.0,4.949381351470947,176.0,0.0,0.0,1.1248594522476196,40.0,0.0,0.0,12.28210163116455,18.364316940307617,10.95215892791748,10.95215892791748,0.46236270666122437,0.6832022070884705,83.74578094482422,2978.0,14.904387474060059,530.0,0.0,0.0,1.349831223487854,48.0,0.0,0.0,14.511480331420898,22.26140022277832,12.781145095825195,12.781145095825195,0.20726418495178223,0.47039875388145447,79.44319152832031,2825.0,19.0944881439209,679.0,0.0,0.0,1.4623171091079712,52.0,0.0,0.0,15.788381576538086,24.399456024169922,13.867447853088379,13.867447853088379,0.047642290592193604,0.30196237564086914,76.57479858398438,2723.0,21.99100112915039,782.0,0.0,0.0,1.434195637702942,51.0,0.0,0.0,1.0,0.21052631735801697,0.2210526168346405,0.2631579041481018,0.3052631616592407
23,0.2068672086316553,12.686675071716309,19.78364372253418,11.285613059997559,11.285613059997559,0.3753480911254883,0.6171121597290039,83.35208129882812,11856.0,15.305118560791016,2177.0,0.0,0.0,1.3428008556365967,191.0,0.0,0.0,8.12636661529541,11.68243408203125,7.485780239105225,7.485780239105225,0.7829440832138062,0.887995183467865,93.9538803100586,3341.0,4.921259880065918,175.0,0.0,0.0,1.1248594522476196,40.0,0.0,0.0,12.278240203857422,18.3355712890625,10.958308219909668,10.958308219909668,0.46404457092285156,0.6841307282447815,83.57705688476562,2972.0,15.073116302490234,536.0,0.0,0.0,1.349831223487854,48.0,0.0,0.0,14.526887893676758,22.272777557373047,12.803290367126465,12.803290367126465,0.20645368099212646,0.46960893273353577,79.38694763183594,2823.0,19.15073013305664,681.0,0.0,0.0,1.4623171091079712,52.0,0.0,0.0,15.81519889831543,24.429920196533203,13.895074844360352,13.895074844360352,0.04526275396347046,0.3001096546649933,76.49044036865234,2720.0,22.07536506652832,785.0,0.0,0.0,1.434195637702942,51.0,0.0,0.0,1.0,0.21052631735801697,0.2210526168346405,0.2631579041481018,0.3052631616592407
24,0.2055844145078285,12.699444770812988,19.796165466308594,11.297952651977539,11.297952651977539,0.3745570778846741,0.6170032024383545,83.4223861694336,11866.0,15.234814643859863,2167.0,0.0,0.0,1.3428008556365967,191.0,0.0,0.0,8.165853500366211,11.736943244934082,7.52046012878418,7.52046012878418,0.7809138298034668,0.8866071701049805,93.81327819824219,3336.0,5.0618672370910645,180.0,0.0,0.0,1.1248594522476196,40.0,0.0,0.0,12.291263580322266,18.35811996459961,10.969724655151367,10.969724655151367,0.46272557973861694,0.6833847761154175,83.68953704833984,2976.0,14.960630416870117,532.0,0.0,0.0,1.349831223487854,48.0,0.0,0.0,14.524940490722656,22.275806427001953,12.800950050354004,12.800950050354004,0.20623785257339478,0.47033625841140747,79.55567932128906,2829.0,18.98200225830078,675.0,0.0,0.0,1.4623171091079712,52.0,0.0,0.0,15.815725326538086,24.4246768951416,13.900679588317871,13.900679588317871,0.04567253589630127,0.3012799620628357,76.63104248046875,2725.0,21.934757232666016,780.0,0.0,0.0,1.434195637702942,51.0,0.0,0.0,1.0,0.21052631735801697,0.2210526168346405,0.2631579041481018,0.3052631616592407
25,0.20496172094100218,12.710156440734863,19.81844139099121,11.296831130981445,11.296831130981445,0.37314873933792114,0.6162530779838562,83.3731689453125,11859.0,15.284027099609375,2174.0,0.0,0.0,1.3428008556365967,191.0,0.0,0.0,8.181367874145508,11.749882698059082,7.528266906738281,7.528266906738281,0.7804304361343384,0.8865333795547485,93.81327819824219,3336.0,5.0618672370910645,180.0,0.0,0.0,1.1248594522476196,40.0,0.0,0.0,12.299032211303711,18.37586212158203,10.966500282287598,10.966500282287598,0.46168655157089233,0.6829116940498352,83.68953704833984,2976.0,14.960630416870117,532.0,0.0,0.0,1.349831223487854,48.0,0.0,0.0,14.53109359741211,22.297521591186523,12.793475151062012,12.793475151062012,0.20468956232070923,0.46959763765335083,79.4713134765625,2826.0,19.06636619567871,678.0,0.0,0.0,1.4623171091079712,52.0,0.0,0.0,15.829132080078125,24.457530975341797,13.899080276489258,13.899080276489258,0.04310351610183716,0.30020931363105774,76.51856231689453,2721.0,22.047243118286133,784.0,0.0,0.0,1.434195637702942,51.0,0.0,0.0,1.0,0.21052631735801697,0.2210526168346405,0.2631579041481018,0.3052631616592407
26,0.20415465358147322,12.719606399536133,19.83007049560547,11.305755615234375,11.305755615234375,0.37241291999816895,0.6157017350196838,83.3872299194336,11861.0,15.269966125488281,2172.0,0.0,0.0,1.3428008556365967,191.0,0.0,0.0,8.180136680603027,11.749473571777344,7.525618553161621,7.525618553161621,0.7804457545280457,0.8863823413848877,93.84140014648438,3337.0,5.033745765686035,179.0,0.0,0.0,1.1248594522476196,40.0,0.0,0.0,12.310018539428711,18.383792877197266,10.976651191711426,10.976651191711426,0.4612218737602234,0.6824952363967896,83.68953704833984,2976.0,14.960630416870117,532.0,0.0,0.0,1.349831223487854,48.0,0.0,0.0,14.545523643493652,22.31343650817871,12.808205604553223,12.808205604553223,0.20355379581451416,0.46862536668777466,79.41506958007812,2824.0,19.122610092163086,680.0,0.0,0.0,1.4623171091079712,52.0,0.0,0.0,15.842752456665039,24.474952697753906,13.912548065185547,13.912548065185547,0.04173964262008667,0.29916104674339294,76.60292053222656,2724.0,21.962879180908203,781.0,0.0,0.0,1.434195637702942,51.0,0.0,0.0,1.0,0.21052631735801697,0.2210526168346405,0.2631579041481018,0.3052631616592407
27,0.20434878775997767,12.739023208618164,19.857322692871094,11.329163551330566,11.329163551330566,0.37068670988082886,0.6145457029342651,83.30989837646484,11850.0,15.34730052947998,2183.0,0.0,0.0,1.3428008556365967,191.0,0.0,0.0,8.193005561828613,11.7598237991333,7.542367458343506,7.542367458343506,0.7800588011741638,0.886060357093811,93.78515625,3335.0,5.089988708496094,181.0,0.0,0.0,1.1248594522476196,40.0,0.0,0.0,12.325891494750977,18.401891708374023,10.997926712036133,10.997926712036133,0.46016043424606323,0.6816775798797607,83.60517883300781,2973.0,15.044994354248047,535.0,0.0,0.0,1.349831223487854,48.0,0.0,0.0,14.567286491394043,22.34648895263672,12.834538459777832,12.834538459777832,0.20119249820709229,0.467136949300766,79.41506958007812,2824.0,19.122610092163086,680.0,0.0,0.0,1.4623171091079712,52.0,0.0,0.0,15.869909286499023,24.51457405090332,13.941817283630371,13.941817283630371,0.03863471746444702,0.2973138689994812,76.43419647216797,2718.0,22.131608963012695,787.0,0.0,0.0,1.434195637702942,51.0,0.0,0.0,1.0,0.21052631735801697,0.2210526168346405,0.2631579041481018,0.3052631616592407
28,0.20326832621927912,12.742912292480469,19.860485076904297,11.32235050201416,11.32235050201416,0.370486319065094,0.6145436763763428,83.28880310058594,11847.0,15.368391990661621,2186.0,0.0,0.0,1.3428008556365967,191.0,0.0,0.0,8.196005821228027,11.767351150512695,7.538060665130615,7.538060665130615,0.7797771692276001,0.8859792351722717,93.78515625,3335.0,5.089988708496094,181.0,0.0,0.0,1.1248594522476196,40.0,0.0,0.0,12.327387809753418,18.408056259155273,10.986906051635742,10.986906051635742,0.4597986340522766,0.6816921234130859,83.66142272949219,2975.0,14.988751411437988,533.0,0.0,0.0,1.349831223487854,48.0,0.0,0.0,14.572084426879883,22.34761619567871,12.82697582244873,12.82697582244873,0.20111197233200073,0.46699780225753784,79.16197967529297,2815.0,19.375701904296875,689.0,0.0,0.0,1.4623171091079712,52.0,0.0,0.0,15.876173973083496,24.51555061340332,13.937458038330078,13.937458038330078,0.038558006286621094,0.29726576805114746,76.54668426513672,2722.0,22.019123077392578,783.0,0.0,0.0,1.434195637702942,51.0,0.0,0.0,1.0,0.21052631735801697,0.2210526168346405,0.2631579041481018,0.3052631616592407
step,fold11/test_loss,fold11/test_mae,fold11/test_rmse,fold11/test_mard,fold11/test_mape,fold11/test_r2,fold11/test_pearson,fold11/test_ega_zone_a_pct,fold11/test_ega_zone_a_count,fold11/test_ega_zone_b_pct,fold11/test_ega_zone_b_count,fold11/test_ega_zone_c_pct,fold11/test_ega_zone_c_count,fold11/test_ega_zone_d_pct,fold11/test_ega_zone_d_count,fold11/test_ega_zone_e_pct,fold11/test_ega_zone_e_count,fold11/test_horizon_15_mae,fold11/test_horizon_15_rmse,fold11/test_horizon_15_mard,fold11/test_horizon_15_mape,fold11/test_horizon_15_r2,fold11/test_horizon_15_pearson,fold11/test_horizon_15_ega_zone_a_pct,fold11/test_horizon_15_ega_zone_a_count,fold11/test_horizon_15_ega_zone_b_pct,fold11/test_horizon_15_ega_zone_b_count,fold11/test_horizon_15_ega_zone_c_pct,fold11/test_horizon_15_ega_zone_c_count,fold11/test_horizon_15_ega_zone_d_pct,fold11/test_horizon_15_ega_zone_d_count,fold11/test_horizon_15_ega_zone_e_pct,fold11/test_horizon_15_ega_zone_e_count,fold11/test_horizon_30_mae,fold11/test_horizon_30_rmse,fold11/test_horizon_30_mard,fold11/test_horizon_30_mape,fold11/test_horizon_30_r2,fold11/test_horizon_30_pearson,fold11/test_horizon_30_ega_zone_a_pct,fold11/test_horizon_30_ega_zone_a_count,fold11/test_horizon_30_ega_zone_b_pct,fold11/test_horizon_30_ega_zone_b_count,fold11/test_horizon_30_ega_zone_c_pct,fold11/test_horizon_30_ega_zone_c_count,fold11/test_horizon_30_ega_zone_d_pct,fold11/test_horizon_30_ega_zone_d_count,fold11/test_horizon_30_ega_zone_e_pct,fold11/test_horizon_30_ega_zone_e_count,fold11/test_horizon_45_mae,fold11/test_horizon_45_rmse,fold11/test_horizon_45_mard,fold11/test_horizon_45_mape,fold11/test_horizon_45_r2,fold11/test_horizon_45_pearson,fold11/test_horizon_45_ega_zone_a_pct,fold11/test_horizon_45_ega_zone_a_count,fold11/test_horizon_45_ega_zone_b_pct,fold11/test_horizon_45_ega_zone_b_count,fold11/test_horizon_45_ega_zone_c_pct,fold11/test_horizon_45_ega_zone_c_count,fold11/test_horizon_45_ega_zone_d_pct,fold11/test_horizon_45_ega_zone_d_count,fold11/test_horizon_45_ega_zone_e_pct,fold11/test_horizon_45_ega_zone_e_count,fold11/test_horizon_60_mae,fold11/test_horizon_60_rmse,fold11/test_horizon_60_mard,fold11/test_horizon_60_mape,fold11/test_horizon_60_r2,fold11/test_horizon_60_pearson,fold11/test_horizon_60_ega_zone_a_pct,fold11/test_horizon_60_ega_zone_a_count,fold11/test_horizon_60_ega_zone_b_pct,fold11/test_horizon_60_ega_zone_b_count,fold11/test_horizon_60_ega_zone_c_pct,fold11/test_horizon_60_ega_zone_c_count,fold11/test_horizon_60_ega_zone_d_pct,fold11/test_horizon_60_ega_zone_d_count,fold11/test_horizon_60_ega_zone_e_pct,fold11/test_horizon_60_ega_zone_e_count
0,0.30869745155194145,11.635969161987305,16.365509033203125,9.6240873336792,9.6240873336792,0.5379741191864014,0.7344046831130981,88.03889465332031,7515.0,11.961106300354004,1021.0,0.0,0.0,0.0,0.0,0.0,0.0,6.6989264488220215,9.021332740783691,5.684570789337158,5.684570789337158,0.8604045510292053,0.9308367967605591,98.64105224609375,2105.0,1.3589503765106201,29.0,0.0,0.0,0.0,0.0,0.0,0.0,10.916343688964844,15.162450790405273,9.040994644165039,9.040994644165039,0.6038539409637451,0.7791686058044434,90.2999038696289,1927.0,9.700093269348145,207.0,0.0,0.0,0.0,0.0,0.0,0.0,13.65155029296875,18.58173370361328,11.230507850646973,11.230507850646973,0.40226346254348755,0.6348429322242737,83.73945617675781,1787.0,16.260543823242188,347.0,0.0,0.0,0.0,0.0,0.0,0.0,15.277057647705078,20.365522384643555,12.540271759033203,12.540271759033203,0.28200167417526245,0.5341704487800598,79.47516632080078,1696.0,20.52483558654785,438.0,0.0,0.0,0.0,0.0,0.0,0.0
step,fold12/train_loss,fold12/val_mae,fold12/val_rmse,fold12/val_mard,fold12/val_mape,fold12/val_r2,fold12/val_pearson,fold12/val_ega_zone_a_pct,fold12/val_ega_zone_a_count,fold12/val_ega_zone_b_pct,fold12/val_ega_zone_b_count,fold12/val_ega_zone_c_pct,fold12/val_ega_zone_c_count,fold12/val_ega_zone_d_pct,fold12/val_ega_zone_d_count,fold12/val_ega_zone_e_pct,fold12/val_ega_zone_e_count,fold12/val_horizon_15_mae,fold12/val_horizon_15_rmse,fold12/val_horizon_15_mard,fold12/val_horizon_15_mape,fold12/val_horizon_15_r2,fold12/val_horizon_15_pearson,fold12/val_horizon_15_ega_zone_a_pct,fold12/val_horizon_15_ega_zone_a_count,fold12/val_horizon_15_ega_zone_b_pct,fold12/val_horizon_15_ega_zone_b_count,fold12/val_horizon_15_ega_zone_c_pct,fold12/val_horizon_15_ega_zone_c_count,fold12/val_horizon_15_ega_zone_d_pct,fold12/val_horizon_15_ega_zone_d_count,fold12/val_horizon_15_ega_zone_e_pct,fold12/val_horizon_15_ega_zone_e_count,fold12/val_horizon_30_mae,fold12/val_horizon_30_rmse,fold12/val_horizon_30_mard,fold12/val_horizon_30_mape,fold12/val_horizon_30_r2,fold12/val_horizon_30_pearson,fold12/val_horizon_30_ega_zone_a_pct,fold12/val_horizon_30_ega_zone_a_count,fold12/val_horizon_30_ega_zone_b_pct,fold12/val_horizon_30_ega_zone_b_count,fold12/val_horizon_30_ega_zone_c_pct,fold12/val_horizon_30_ega_zone_c_count,fold12/val_horizon_30_ega_zone_d_pct,fold12/val_horizon_30_ega_zone_d_count,fold12/val_horizon_30_ega_zone_e_pct,fold12/val_horizon_30_ega_zone_e_count,fold12/val_horizon_45_mae,fold12/val_horizon_45_rmse,fold12/val_horizon_45_mard,fold12/val_horizon_45_mape,fold12/val_horizon_45_r2,fold12/val_horizon_45_pearson,fold12/val_horizon_45_ega_zone_a_pct,fold12/val_horizon_45_ega_zone_a_count,fold12/val_horizon_45_ega_zone_b_pct,fold12/val_horizon_45_ega_zone_b_count,fold12/val_horizon_45_ega_zone_c_pct,fold12/val_horizon_45_ega_zone_c_count,fold12/val_horizon_45_ega_zone_d_pct,fold12/val_horizon_45_ega_zone_d_count,fold12/val_horizon_45_ega_zone_e_pct,fold12/val_horizon_45_ega_zone_e_count,fold12/val_horizon_60_mae,fold12/val_horizon_60_rmse,fold12/val_horizon_60_mard,fold12/val_horizon_60_mape,fold12/val_horizon_60_r2,fold12/val_horizon_60_pearson,fold12/val_horizon_60_ega_zone_a_pct,fold12/val_horizon_60_ega_zone_a_count,fold12/val_horizon_60_ega_zone_b_pct,fold12/val_horizon_60_ega_zone_b_count,fold12/val_horizon_60_ega_zone_c_pct,fold12/val_horizon_60_ega_zone_c_count,fold12/val_horizon_60_ega_zone_d_pct,fold12/val_horizon_60_ega_zone_d_count,fold12/val_horizon_60_ega_zone_e_pct,fold12/val_horizon_60_ega_zone_e_count,fold12/diag_horizon_curriculum_progress,fold12/diag_loss_horizon_weight_0,fold12/diag_loss_horizon_weight_1,fold12/diag_loss_horizon_weight_2,fold12/diag_loss_horizon_weight_3
1,0.3717317432070378,12.6826171875,17.088489532470703,12.009103775024414,12.009103775024414,0.07337045669555664,0.3230597674846649,81.33961486816406,15884.0,17.917861938476562,3499.0,0.0,0.0,0.7425235509872437,145.0,0.0,0.0,11.720879554748535,16.214603424072266,11.015792846679688,11.015792846679688,0.17537200450897217,0.43576061725616455,84.00245666503906,4101.0,15.260139465332031,745.0,0.0,0.0,0.7374026775360107,36.0,0.0,0.0,12.822096824645996,17.123449325561523,12.190840721130371,12.190840721130371,0.07455688714981079,0.3442276418209076,81.05284881591797,3957.0,18.189266204833984,888.0,0.0,0.0,0.7578861117362976,37.0,0.0,0.0,13.284440994262695,17.539426803588867,12.675677299499512,12.675677299499512,0.019029736518859863,0.2731032371520996,79.61901092529297,3887.0,19.623106002807617,958.0,0.0,0.0,0.7578861117362976,37.0,0.0,0.0,12.90305233001709,17.444438934326172,12.154105186462402,12.154105186462402,0.02243518829345703,0.2164013832807541,80.68414306640625,3939.0,18.598934173583984,908.0,0.0,0.0,0.7169193029403687,35.0,0.0,0.0,0.0,0.3333333432674408,0.28333333134651184,0.21666665375232697,0.1666666716337204
2,0.33713069374877047,12.145995140075684,17.040679931640625,11.272804260253906,11.272804260253906,0.07854831218719482,0.34741365909576416,82.79393768310547,16168.0,16.47890281677246,3218.0,0.0,0.0,0.7271610498428345,142.0,0.0,0.0,11.13779354095459,15.930383682250977,10.316035270690918,10.316035270690918,0.2040279507637024,0.4741531312465668,85.62065124511719,4180.0,13.682916641235352,668.0,0.0,0.0,0.6964358687400818,34.0,0.0,0.0,12.125287055969238,17.026702880859375,11.262582778930664,11.262582778930664,0.08498477935791016,0.3601977825164795,83.08070373535156,4056.0,16.18189239501953,790.0,0.0,0.0,0.7374026775360107,36.0,0.0,0.0,12.56336498260498,17.464256286621094,11.676633834838867,11.676633834838867,0.02742016315460205,0.28949853777885437,81.46251678466797,3977.0,17.779598236083984,868.0,0.0,0.0,0.7578861117362976,37.0,0.0,0.0,12.75753402709961,17.687650680541992,11.835965156555176,11.835965156555176,-0.0050133466720581055,0.23520369827747345,81.01187896728516,3955.0,18.27120018005371,892.0,0.0,0.0,0.7169193029403687,35.0,0.0,0.0,0.07142857142857142,0.3245614171028137,0.2788847088813782,0.21998745203018188,0.17656642198562622
3,0.2968263736875036,11.901082992553711,16.76354217529297,11.060038566589355,11.060038566589355,0.10827618837356567,0.41206565499305725,83.07046508789062,16222.0,16.23310089111328,3170.0,0.0,0.0,0.6964358687400818,136.0,0.0,0.0,10.358413696289062,14.828872680664062,9.637535095214844,9.637535095214844,0.3102976679801941,0.5816918611526489,87.05448150634766,4250.0,12.290044784545898,600.0,0.0,0.0,0.6554690599441528,32.0,0.0,0.0,11.821741104125977,16.691144943237305,10.99128532409668,10.99128532409668,0.12069517374038696,0.42717528343200684,83.30602264404297,4067.0,15.997542381286621,781.0,0.0,0.0,0.6964358687400818,34.0,0.0,0.0,12.482059478759766,17.454063415527344,11.58499813079834,11.58499813079834,0.028555095195770264,0.3336568772792816,81.68783569335938,3988.0,17.595247268676758,859.0,0.0,0.0,0.7169193029403687,35.0,0.0,0.0,12.942117691040039,17.914552688598633,12.02632999420166,12.02632999420166,-0.030963897705078125,0.26355862617492676,80.23350524902344,3917.0,19.049570083618164,930.0,0.0,0.0,0.7169193029403687,35.0,0.0,0.0,0.14285714285714285,0.31578949093818665,0.2744360864162445,0.223308265209198,0.18646617233753204
4,0.2610537009468156,11.34988021850586,16.048274993896484,10.505270004272461,10.505270004272461,0.18274885416030884,0.4805797338485718,84.44285583496094,16490.0,14.911921501159668,2912.0,0.0,0.0,0.6452273726463318,126.0,0.0,0.0,9.258028030395508,13.145999908447266,8.596277236938477,8.596277236938477,0.4579584002494812,0.6855651140213013,89.79926300048828,4384.0,9.647685050964355,471.0,0.0,0.0,0.5530520081520081,27.0,0.0,0.0,11.18925666809082,15.870433807373047,10.353300094604492,10.353300094604492,0.2050408124923706,0.5013039112091064,84.96517181396484,4148.0,14.379352569580078,702.0,0.0,0.0,0.6554690599441528,32.0,0.0,0.0,12.158947944641113,17.057783126831055,11.238762855529785,11.238762855529785,0.07216620445251465,0.3844498097896576,82.54813385009766,4030.0,16.775911331176758,819.0,0.0,0.0,0.6759524941444397,33.0,0.0,0.0,12.793289184570312,17.735069274902344,11.832736015319824,11.832736015319824,-0.010409116744995117,0.3004850745201111,80.45882415771484,3928.0,18.844736099243164,920.0,0.0,0.0,0.6964358687400818,34.0,0.0,0.0,0.21428571428571427,0.30701756477355957,0.26998746395111084,0.22662906348705292,0.19636592268943787
5,0.2413187996949021,11.121021270751953,15.718050956726074,10.289112091064453,10.289112091064453,0.21603596210479736,0.5110714435577393,85.11367797851562,16621.0,14.241090774536133,2781.0,0.0,0.0,0.6452273726463318,126.0,0.0,0.0,8.630895614624023,12.139420509338379,8.025763511657715,8.025763511657715,0.537787914276123,0.7384839057922363,91.60179901123047,4472.0,7.845145225524902,383.0,0.0,0.0,0.5530520081520081,27.0,0.0,0.0,10.97066593170166,15.494791984558105,10.134683609008789,10.134683609008789,0.2422276735305786,0.5339832901954651,85.70258331298828,4184.0,13.641950607299805,666.0,0.0,0.0,0.6554690599441528,32.0,0.0,0.0,12.092735290527344,16.942840576171875,11.177388191223145,11.177388191223145,0.08462822437286377,0.40258145332336426,82.52765655517578,4029.0,16.79639434814453,820.0,0.0,0.0,0.6759524941444397,33.0,0.0,0.0,12.789790153503418,17.71198844909668,11.818609237670898,11.818609237670898,-0.007780909538269043,0.3127986788749695,80.62269592285156,3936.0,18.68086814880371,912.0,0.0,0.0,0.6964358687400818,34.0,0.0,0.0,0.2857142857142857,0.2982456088066101,0.2655388414859772,0.22994986176490784,0.2062656730413437
6,0.2312670336938477,10.895724296569824,15.451580047607422,10.056197166442871,10.056197166442871,0.24239200353622437,0.53067946434021,85.90741729736328,16776.0,13.472962379455566,2631.0,0.0,0.0,0.6196231245994568,121.0,0.0,0.0,8.08668327331543,11.340323448181152,7.515190601348877,7.515190601348877,0.5966368317604065,0.7747284770011902,92.9332275390625,4537.0,6.554690837860107,320.0,0.0,0.0,0.5120851993560791,25.0,0.0,0.0,10.760130882263184,15.185712814331055,9.911262512207031,9.911262512207031,0.2721571922302246,0.5552707314491272,86.37853240966797,4217.0,13.006964683532715,635.0,0.0,0.0,0.6145022511482239,30.0,0.0,0.0,11.978316307067871,16.8176212310791,11.04011344909668,11.04011344909668,0.09810870885848999,0.4126797914505005,83.14215850830078,4059.0,16.202377319335938,791.0,0.0,0.0,0.6554690599441528,32.0,0.0,0.0,12.75776481628418,17.690792083740234,11.758223533630371,11.758223533630371,-0.0053702592849731445,0.3182486891746521,81.17575073242188,3963.0,18.127817153930664,885.0,0.0,0.0,0.6964358687400818,34.0,0.0,0.0,0.35714285714285715,0.28947368264198303,0.2610902190208435,0.23327067494392395,0.2161654233932495
7,0.22322276232877208,10.743097305297852,15.25905704498291,9.911365509033203,9.911365509033203,0.2611536383628845,0.5458498597145081,86.34268951416016,16861.0,13.068415641784668,2552.0,0.0,0.0,0.5888980031013489,115.0,0.0,0.0,7.722652435302734,10.756426811218262,7.190330982208252,7.190330982208252,0.6371046304702759,0.8002385497093201,93.91642761230469,4585.0,5.653420925140381,276.0,0.0,0.0,0.4301515817642212,21.0,0.0,0.0,10.633038520812988,14.965320587158203,9.789411544799805,9.789411544799805,0.29313045740127563,0.5716117024421692,86.82917022705078,4239.0,12.576812744140625,614.0,0.0,0.0,0.5940188765525818,29.0,0.0,0.0,11.909035682678223,16.742755889892578,10.968143463134766,10.968143463134766,0.10612064599990845,0.4208143651485443,83.38795471191406,4071.0,15.956574440002441,779.0,0.0,0.0,0.6554690599441528,32.0,0.0,0.0,12.707667350769043,17.645788192749023,11.697577476501465,11.697577476501465,-0.00026166439056396484,0.3248211443424225,81.23719787597656,3966.0,18.086849212646484,883.0,0.0,0.0,0.6759524941444397,33.0,0.0,0.0,0.42857142857142855,0.28070175647735596,0.25664159655570984,0.23659147322177887,0.22606515884399414
8,0.21880886958983364,10.716268539428711,15.177844047546387,9.90501880645752,9.90501880645752,0.2689973711967468,0.5550868511199951,86.43486785888672,16879.0,13.001842498779297,2539.0,0.0,0.0,0.5632937550544739,110.0,0.0,0.0,7.5437703132629395,10.432652473449707,7.035229206085205,7.035229206085205,0.6586225032806396,0.8146091103553772,94.32609558105469,4605.0,5.243752479553223,256.0,0.0,0.0,0.4301515817642212,21.0,0.0,0.0,10.655567169189453,14.902099609375,9.827392578125,9.827392578125,0.2990901470184326,0.5800012946128845,87.01351928710938,4248.0,12.412944793701172,606.0,0.0,0.0,0.5735354423522949,28.0,0.0,0.0,11.939133644104004,16.734600067138672,11.017635345458984,11.017635345458984,0.10699129104614258,0.4251856505870819,83.32650756835938,4068.0,16.01802635192871,782.0,0.0,0.0,0.6554690599441528,32.0,0.0,0.0,12.726604461669922,17.62124252319336,11.739813804626465,11.739813804626465,0.0025191903114318848,0.32872968912124634,81.07333374023438,3958.0,18.332651138305664,895.0,0.0,0.0,0.5940188765525818,29.0,0.0,0.0,0.5,0.2719298303127289,0.25219297409057617,0.2399122714996338,0.23596492409706116
9,0.21609702867369532,10.701788902282715,15.14107894897461,9.895843505859375,9.895843505859375,0.2725345492362976,0.5595864057540894,86.62433624267578,16916.0,12.807251930236816,2501.0,0.0,0.0,0.568414568901062,111.0,0.0,0.0,7.4253129959106445,10.21867561340332,6.93051290512085,6.93051290512085,0.6724823713302612,0.823127269744873,94.79721069335938,4628.0,4.772634029388428,233.0,0.0,0.0,0.4301515817642212,21.0,0.0,0.0,10.629236221313477,14.83533000946045,9.806422233581543,9.806422233581543,0.30535703897476196,0.5858813524246216,87.21835327148438,4258.0,12.187627792358398,595.0,0.0,0.0,0.5940188765525818,29.0,0.0,0.0,11.95865249633789,16.732404708862305,11.040143966674805,11.040143966674805,0.10722553730010986,0.4275936782360077,83.42892456054688,4073.0,15.915608406066895,777.0,0.0,0.0,0.6554690599441528,32.0,0.0,0.0,12.793950080871582,17.678442001342773,11.806293487548828,11.806293487548828,-0.003967165946960449,0.3282700777053833,81.05284881591797,3957.0,18.353134155273438,896.0,0.0,0.0,0.5940188765525818,29.0,0.0,0.0,0.5714285714285714,0.2631579041481018,0.2477443516254425,0.2432330846786499,0.24586467444896698
10,0.2139504493940577,10.685361862182617,15.08476734161377,9.896411895751953,9.896411895751953,0.2779355049133301,0.5633979439735413,86.68578338623047,16928.0,12.750922203063965,2490.0,0.0,0.0,0.5632937550544739,110.0,0.0,0.0,7.356977939605713,10.078414916992188,6.872715950012207,6.872715950012207,0.681411623954773,0.8286753296852112,95.1044692993164,4643.0,4.506350040435791,220.0,0.0,0.0,0.38918474316596985,19.0,0.0,0.0,10.619549751281738,14.781370162963867,9.812129974365234,9.812129974365234,0.3104010820388794,0.5897617936134338,87.19786834716797,4257.0,12.208111763000488,596.0,0.0,0.0,0.5940188765525818,29.0,0.0,0.0,11.967735290527344,16.701828002929688,11.068238258361816,11.068238258361816,0.11048543453216553,0.42948010563850403,83.28553771972656,4066.0,16.058992385864258,784.0,0.0,0.0,0.6554690599441528,32.0,0.0,0.0,12.79719066619873,17.64047622680664,11.832562446594238,11.832562446594238,0.00034034252166748047,0.3289210796356201,81.15526580810547,3962.0,18.230234146118164,890.0,0.0,0.0,0.6145022511482239,30.0,0.0,0.0,0.6428571428571429,0.25438597798347473,0.24329572916030884,0.24655388295650482,0.2557644248008728
11,0.21347197577620455,10.702533721923828,15.106159210205078,9.911730766296387,9.911730766296387,0.2758861184120178,0.5617789030075073,86.7625961303711,16943.0,12.684350967407227,2477.0,0.0,0.0,0.5530520081520081,108.0,0.0,0.0,7.318731307983398,10.012697219848633,6.837566375732422,6.837566375732422,0.6855529546737671,0.8310442566871643,95.2683334350586,4651.0,4.342482566833496,212.0,0.0,0.0,0.38918474316596985,19.0,0.0,0.0,10.616997718811035,14.7808256149292,9.805572509765625,9.805572509765625,0.31045180559158325,0.5893477201461792,87.17738342285156,4256.0,12.249078750610352,598.0,0.0,0.0,0.5735354423522949,28.0,0.0,0.0,12.008742332458496,16.74820899963379,11.103849411010742,11.103849411010742,0.10553812980651855,0.4258068799972534,83.44940185546875,4074.0,15.895125389099121,776.0,0.0,0.0,0.6554690599441528,32.0,0.0,0.0,12.86566162109375,17.707477569580078,11.899932861328125,11.899932861328125,-0.0072678327560424805,0.3226010799407959,81.15526580810547,3962.0,18.250717163085938,891.0,0.0,0.0,0.5940188765525818,29.0,0.0,0.0,0.7142857142857143,0.24561403691768646,0.23884710669517517,0.24987469613552094,0.26566416025161743
12,0.21293111559048972,10.70864200592041,15.077262878417969,9.926614761352539,9.926614761352539,0.27865374088287354,0.5645059943199158,86.73699188232422,16938.0,12.715075492858887,2483.0,0.0,0.0,0.5479311347007751,107.0,0.0,0.0,7.307832717895508,9.96295166015625,6.832251071929932,6.832251071929932,0.6886696815490723,0.8334388732910156,95.3707504272461,4656.0,4.240065574645996,207.0,0.0,0.0,0.38918474316596985,19.0,0.0,0.0,10.636571884155273,14.756892204284668,9.83581256866455,9.83581256866455,0.3126831650733948,0.5918194055557251,87.11593627929688,4253.0,12.310528755187988,601.0,0.0,0.0,0.5735354423522949,28.0,0.0,0.0,12.01958179473877,16.723791122436523,11.124171257019043,11.124171257019043,0.10814452171325684,0.42788612842559814,83.36746978759766,4070.0,15.977059364318848,780.0,0.0,0.0,0.6554690599441528,32.0,0.0,0.0,12.87057876586914,17.68004608154297,11.914222717285156,11.914222717285156,-0.004149317741394043,0.32483306527137756,81.09381103515625,3959.0,18.332651138305664,895.0,0.0,0.0,0.5735354423522949,28.0,0.0,0.0,0.7857142857142857,0.23684212565422058,0.2343984991312027,0.25319552421569824,0.27556392550468445
13,0.2124461715197261,10.761357307434082,15.152152061462402,9.980698585510254,9.980698585510254,0.2714700698852539,0.561282753944397,86.56800079345703,16905.0,12.88918399810791,2517.0,0.0,0.0,0.542810320854187,106.0,0.0,0.0,7.3164896965026855,9.971211433410645,6.843875408172607,6.843875408172607,0.6881532669067383,0.8335635662078857,95.22736358642578,4649.0,4.403932571411133,215.0,0.0,0.0,0.36870133876800537,18.0,0.0,0.0,10.686763763427734,14.817662239074707,9.890345573425293,9.890345573425293,0.30701059103012085,0.5895857214927673,87.05448150634766,4250.0,12.371978759765625,604.0,0.0,0.0,0.5735354423522949,28.0,0.0,0.0,12.092451095581055,16.820987701416016,11.197912216186523,11.197912216186523,0.09774762392044067,0.422698438167572,83.12166595458984,4058.0,16.22286033630371,792.0,0.0,0.0,0.6554690599441528,32.0,0.0,0.0,12.949723243713379,17.788116455078125,11.9906644821167,11.9906644821167,-0.01646268367767334,0.3186330199241638,80.86849212646484,3948.0,18.557968139648438,906.0,0.0,0.0,0.5735354423522949,28.0,0.0,0.0,0.8571428571428571,0.22807016968727112,0.22994986176490784,0.25651630759239197,0.2854636609554291
14,0.21220764499778214,10.81527328491211,15.191235542297363,10.043067932128906,10.043067932128906,0.26770681142807007,0.5600082278251648,86.40413665771484,16873.0,13.042810440063477,2547.0,0.0,0.0,0.5530520081520081,108.0,0.0,0.0,7.36122989654541,9.9879732131958,6.895193576812744,6.895193576812744,0.6871038675308228,0.833361804485321,95.28881072998047,4652.0,4.3219990730285645,211.0,0.0,0.0,0.38918474316596985,19.0,0.0,0.0,10.751587867736816,14.856995582580566,9.965361595153809,9.965361595153809,0.3033265471458435,0.5885043144226074,86.87013244628906,4241.0,12.535846710205078,612.0,0.0,0.0,0.5940188765525818,29.0,0.0,0.0,12.144181251525879,16.86338996887207,11.25606918334961,11.25606918334961,0.09319323301315308,0.42159876227378845,83.03973388671875,4054.0,16.304792404174805,796.0,0.0,0.0,0.6554690599441528,32.0,0.0,0.0,13.004093170166016,17.839027404785156,12.055642127990723,12.055642127990723,-0.022289276123046875,0.3166956603527069,80.41786193847656,3926.0,19.008604049682617,928.0,0.0,0.0,0.5735354423522949,28.0,0.0,0.0,0.9285714285714286,0.21929824352264404,0.22550123929977417,0.2598370909690857,0.2953633964061737
15,0.21249125745453823,10.814980506896973,15.16739559173584,10.048341751098633,10.048341751098633,0.27000343799591064,0.5610964894294739,86.3887710571289,16870.0,13.047930717468262,2548.0,0.0,0.0,0.5632937550544739,110.0,0.0,0.0,7.343698978424072,9.951215744018555,6.878941535949707,6.878941535949707,0.68940269947052,0.8344365358352661,95.32978820800781,4654.0,4.260549068450928,208.0,0.0,0.0,0.4096681773662567,20.0,0.0,0.0,10.749018669128418,14.833810806274414,9.967188835144043,9.967188835144043,0.3054993152618408,0.5894286036491394,86.80868530273438,4238.0,12.576812744140625,614.0,0.0,0.0,0.6145022511482239,30.0,0.0,0.0,12.144574165344238,16.836172103881836,11.262993812561035,11.262993812561035,0.09611809253692627,0.4221560060977936,82.93731689453125,4049.0,16.407209396362305,801.0,0.0,0.0,0.6554690599441528,32.0,0.0,0.0,13.022629737854004,17.82341957092285,12.084240913391113,12.084240913391113,-0.020501375198364258,0.31722503900527954,80.47930908203125,3929.0,18.947153091430664,925.0,0.0,0.0,0.5735354423522949,28.0,0.0,0.0,1.0,0.21052631735801697,0.2210526168346405,0.2631579041481018,0.3052631616592407
16,0.20956836749234722,10.864161491394043,15.197233200073242,10.101744651794434,10.101744651794434,0.26712846755981445,0.5596392750740051,86.34268951416016,16861.0,13.09401798248291,2557.0,0.0,0.0,0.5632937550544739,110.0,0.0,0.0,7.371506690979004,9.946405410766602,6.91168212890625,6.91168212890625,0.6897028684616089,0.8349997997283936,95.28881072998047,4652.0,4.301515579223633,210.0,0.0,0.0,0.4096681773662567,20.0,0.0,0.0,10.803329467773438,14.85334587097168,10.027999877929688,10.027999877929688,0.30366891622543335,0.5885857939720154,86.78820037841797,4237.0,12.597295761108398,615.0,0.0,0.0,0.6145022511482239,30.0,0.0,0.0,12.209676742553711,16.87959861755371,11.333271026611328,11.333271026611328,0.09144902229309082,0.41956400871276855,82.93731689453125,4049.0,16.407209396362305,801.0,0.0,0.0,0.6554690599441528,32.0,0.0,0.0,13.07213020324707,17.870363235473633,12.134025573730469,12.134025573730469,-0.025884032249450684,0.3136329650878906,80.35641479492188,3923.0,19.070053100585938,931.0,0.0,0.0,0.5735354423522949,28.0,0.0,0.0,1.0,0.21052631735801697,0.2210526168346405,0.2631579041481018,0.3052631616592407
17,0.20902637742377034,10.884162902832031,15.233086585998535,10.118046760559082,10.118046760559082,0.26366645097732544,0.5580123662948608,86.17369842529297,16828.0,13.263006210327148,2590.0,0.0,0.0,0.5632937550544739,110.0,0.0,0.0,7.354398250579834,9.947382926940918,6.889570713043213,6.889570713043213,0.6896419525146484,0.8346205353736877,95.28881072998047,4652.0,4.301515579223633,210.0,0.0,0.0,0.4096681773662567,20.0,0.0,0.0,10.809033393859863,14.878543853759766,10.028020858764648,10.028020858764648,0.3013042211532593,0.587335467338562,86.64481353759766,4230.0,12.740680694580078,622.0,0.0,0.0,0.6145022511482239,30.0,0.0,0.0,12.237970352172852,16.917285919189453,11.358044624328613,11.358044624328613,0.08738750219345093,0.4179012179374695,82.69152069091797,4037.0,16.653011322021484,813.0,0.0,0.0,0.6554690599441528,32.0,0.0,0.0,13.13525104522705,17.93520736694336,12.196554183959961,12.196554183959961,-0.033342599868774414,0.310776948928833,80.06964111328125,3909.0,19.356821060180664,945.0,0.0,0.0,0.5735354423522949,28.0,0.0,0.0,1.0,0.21052631735801697,0.2210526168346405,0.2631579041481018,0.3052631616592407
18,0.2061960245244109,10.933125495910645,15.259833335876465,10.169600486755371,10.169600486755371,0.26107847690582275,0.5565944910049438,86.13273620605469,16820.0,13.303974151611328,2598.0,0.0,0.0,0.5632937550544739,110.0,0.0,0.0,7.387961387634277,9.967339515686035,6.925013542175293,6.925013542175293,0.6883953809738159,0.8341768383979797,95.28881072998047,4652.0,4.301515579223633,210.0,0.0,0.0,0.4096681773662567,20.0,0.0,0.0,10.862125396728516,14.901727676391602,10.084259033203125,10.084259033203125,0.29912519454956055,0.5861721038818359,86.6653060913086,4231.0,12.720195770263672,621.0,0.0,0.0,0.6145022511482239,30.0,0.0,0.0,12.299290657043457,16.95121192932129,11.423788070678711,11.423788070678711,0.08372360467910767,0.41554388403892517,82.73248291015625,4039.0,16.612043380737305,811.0,0.0,0.0,0.6554690599441528,32.0,0.0,0.0,13.183127403259277,17.963775634765625,12.245339393615723,12.245339393615723,-0.036637067794799805,0.30819475650787354,79.84432220458984,3898.0,19.582138061523438,956.0,0.0,0.0,0.5735354423522949,28.0,0.0,0.0,1.0,0.21052631735801697,0.2210526168346405,0.2631579041481018,0.3052631616592407
step,fold12/test_loss,fold12/test_mae,fold12/test_rmse,fold12/test_mard,fold12/test_mape,fold12/test_r2,fold12/test_pearson,fold12/test_ega_zone_a_pct,fold12/test_ega_zone_a_count,fold12/test_ega_zone_b_pct,fold12/test_ega_zone_b_count,fold12/test_ega_zone_c_pct,fold12/test_ega_zone_c_count,fold12/test_ega_zone_d_pct,fold12/test_ega_zone_d_count,fold12/test_ega_zone_e_pct,fold12/test_ega_zone_e_count,fold12/test_horizon_15_mae,fold12/test_horizon_15_rmse,fold12/test_horizon_15_mard,fold12/test_horizon_15_mape,fold12/test_horizon_15_r2,fold12/test_horizon_15_pearson,fold12/test_horizon_15_ega_zone_a_pct,fold12/test_horizon_15_ega_zone_a_count,fold12/test_horizon_15_ega_zone_b_pct,fold12/test_horizon_15_ega_zone_b_count,fold12/test_horizon_15_ega_zone_c_pct,fold12/test_horizon_15_ega_zone_c_count,fold12/test_horizon_15_ega_zone_d_pct,fold12/test_horizon_15_ega_zone_d_count,fold12/test_horizon_15_ega_zone_e_pct,fold12/test_horizon_15_ega_zone_e_count,fold12/test_horizon_30_mae,fold12/test_horizon_30_rmse,fold12/test_horizon_30_mard,fold12/test_horizon_30_mape,fold12/test_horizon_30_r2,fold12/test_horizon_30_pearson,fold12/test_horizon_30_ega_zone_a_pct,fold12/test_horizon_30_ega_zone_a_count,fold12/test_horizon_30_ega_zone_b_pct,fold12/test_horizon_30_ega_zone_b_count,fold12/test_horizon_30_ega_zone_c_pct,fold12/test_horizon_30_ega_zone_c_count,fold12/test_horizon_30_ega_zone_d_pct,fold12/test_horizon_30_ega_zone_d_count,fold12/test_horizon_30_ega_zone_e_pct,fold12/test_horizon_30_ega_zone_e_count,fold12/test_horizon_45_mae,fold12/test_horizon_45_rmse,fold12/test_horizon_45_mard,fold12/test_horizon_45_mape,fold12/test_horizon_45_r2,fold12/test_horizon_45_pearson,fold12/test_horizon_45_ega_zone_a_pct,fold12/test_horizon_45_ega_zone_a_count,fold12/test_horizon_45_ega_zone_b_pct,fold12/test_horizon_45_ega_zone_b_count,fold12/test_horizon_45_ega_zone_c_pct,fold12/test_horizon_45_ega_zone_c_count,fold12/test_horizon_45_ega_zone_d_pct,fold12/test_horizon_45_ega_zone_d_count,fold12/test_horizon_45_ega_zone_e_pct,fold12/test_horizon_45_ega_zone_e_count,fold12/test_horizon_60_mae,fold12/test_horizon_60_rmse,fold12/test_horizon_60_mard,fold12/test_horizon_60_mape,fold12/test_horizon_60_r2,fold12/test_horizon_60_pearson,fold12/test_horizon_60_ega_zone_a_pct,fold12/test_horizon_60_ega_zone_a_count,fold12/test_horizon_60_ega_zone_b_pct,fold12/test_horizon_60_ega_zone_b_count,fold12/test_horizon_60_ega_zone_c_pct,fold12/test_horizon_60_ega_zone_c_count,fold12/test_horizon_60_ega_zone_d_pct,fold12/test_horizon_60_ega_zone_d_count,fold12/test_horizon_60_ega_zone_e_pct,fold12/test_horizon_60_ega_zone_e_count
0,0.28875325639353294,11.313455581665039,16.12124252319336,9.168203353881836,9.168203353881836,0.2938147783279419,0.5583817362785339,89.46558380126953,6395.0,10.534415245056152,753.0,0.0,0.0,0.0,0.0,0.0,0.0,7.416388988494873,10.306112289428711,6.0918288230896,6.0918288230896,0.7141360640525818,0.849220335483551,97.14604949951172,1736.0,2.853945016860962,51.0,0.0,0.0,0.0,0.0,0.0,0.0,10.980545043945312,15.422019004821777,8.891589164733887,8.891589164733887,0.35404282808303833,0.6042619347572327,89.70340728759766,1603.0,10.296586036682129,184.0,0.0,0.0,0.0,0.0,0.0,0.0,12.836387634277344,17.821025848388672,10.36785888671875,10.36785888671875,0.1338512897491455,0.4129979610443115,86.68158721923828,1549.0,13.318410873413086,238.0,0.0,0.0,0.0,0.0,0.0,0.0,14.020499229431152,19.44053077697754,11.321537971496582,11.321537971496582,-0.033522844314575195,0.2551650404930115,84.33128356933594,1507.0,15.668718338012695,280.0,0.0,0.0,0.0,0.0,0.0,0.0
step,fold13/train_loss,fold13/val_mae,fold13/val_rmse,fold13/val_mard,fold13/val_mape,fold13/val_r2,fold13/val_pearson,fold13/val_ega_zone_a_pct,fold13/val_ega_zone_a_count,fold13/val_ega_zone_b_pct,fold13/val_ega_zone_b_count,fold13/val_ega_zone_c_pct,fold13/val_ega_zone_c_count,fold13/val_ega_zone_d_pct,fold13/val_ega_zone_d_count,fold13/val_ega_zone_e_pct,fold13/val_ega_zone_e_count,fold13/val_horizon_15_mae,fold13/val_horizon_15_rmse,fold13/val_horizon_15_mard,fold13/val_horizon_15_mape,fold13/val_horizon_15_r2,fold13/val_horizon_15_pearson,fold13/val_horizon_15_ega_zone_a_pct,fold13/val_horizon_15_ega_zone_a_count,fold13/val_horizon_15_ega_zone_b_pct,fold13/val_horizon_15_ega_zone_b_count,fold13/val_horizon_15_ega_zone_c_pct,fold13/val_horizon_15_ega_zone_c_count,fold13/val_horizon_15_ega_zone_d_pct,fold13/val_horizon_15_ega_zone_d_count,fold13/val_horizon_15_ega_zone_e_pct,fold13/val_horizon_15_ega_zone_e_count,fold13/val_horizon_30_mae,fold13/val_horizon_30_rmse,fold13/val_horizon_30_mard,fold13/val_horizon_30_mape,fold13/val_horizon_30_r2,fold13/val_horizon_30_pearson,fold13/val_horizon_30_ega_zone_a_pct,fold13/val_horizon_30_ega_zone_a_count,fold13/val_horizon_30_ega_zone_b_pct,fold13/val_horizon_30_ega_zone_b_count,fold13/val_horizon_30_ega_zone_c_pct,fold13/val_horizon_30_ega_zone_c_count,fold13/val_horizon_30_ega_zone_d_pct,fold13/val_horizon_30_ega_zone_d_count,fold13/val_horizon_30_ega_zone_e_pct,fold13/val_horizon_30_ega_zone_e_count,fold13/val_horizon_45_mae,fold13/val_horizon_45_rmse,fold13/val_horizon_45_mard,fold13/val_horizon_45_mape,fold13/val_horizon_45_r2,fold13/val_horizon_45_pearson,fold13/val_horizon_45_ega_zone_a_pct,fold13/val_horizon_45_ega_zone_a_count,fold13/val_horizon_45_ega_zone_b_pct,fold13/val_horizon_45_ega_zone_b_count,fold13/val_horizon_45_ega_zone_c_pct,fold13/val_horizon_45_ega_zone_c_count,fold13/val_horizon_45_ega_zone_d_pct,fold13/val_horizon_45_ega_zone_d_count,fold13/val_horizon_45_ega_zone_e_pct,fold13/val_horizon_45_ega_zone_e_count,fold13/val_horizon_60_mae,fold13/val_horizon_60_rmse,fold13/val_horizon_60_mard,fold13/val_horizon_60_mape,fold13/val_horizon_60_r2,fold13/val_horizon_60_pearson,fold13/val_horizon_60_ega_zone_a_pct,fold13/val_horizon_60_ega_zone_a_count,fold13/val_horizon_60_ega_zone_b_pct,fold13/val_horizon_60_ega_zone_b_count,fold13/val_horizon_60_ega_zone_c_pct,fold13/val_horizon_60_ega_zone_c_count,fold13/val_horizon_60_ega_zone_d_pct,fold13/val_horizon_60_ega_zone_d_count,fold13/val_horizon_60_ega_zone_e_pct,fold13/val_horizon_60_ega_zone_e_count,fold13/diag_horizon_curriculum_progress,fold13/diag_loss_horizon_weight_0,fold13/diag_loss_horizon_weight_1,fold13/diag_loss_horizon_weight_2,fold13/diag_loss_horizon_weight_3
1,0.3757667103497042,14.846553802490234,19.77326011657715,12.331694602966309,12.331694602966309,0.12996768951416016,0.4267965853214264,81.0712661743164,14061.0,18.721172332763672,3247.0,0.0,0.0,0.207564577460289,36.0,0.0,0.0,13.867208480834961,18.73981285095215,11.404175758361816,11.404175758361816,0.2150842547416687,0.5380933284759521,84.24815368652344,3653.0,15.544280052185059,674.0,0.0,0.0,0.207564577460289,9.0,0.0,0.0,14.52086067199707,19.469200134277344,12.008345603942871,12.008345603942871,0.15503615140914917,0.46852850914001465,82.58763885498047,3581.0,17.204797744750977,746.0,0.0,0.0,0.207564577460289,9.0,0.0,0.0,15.375723838806152,20.30994987487793,12.803398132324219,12.803398132324219,0.08301079273223877,0.3589646518230438,79.56642150878906,3450.0,20.226015090942383,877.0,0.0,0.0,0.207564577460289,9.0,0.0,0.0,15.622420310974121,20.523221969604492,13.110855102539062,13.110855102539062,0.06749725341796875,0.31176722049713135,77.88284301757812,3377.0,21.909595489501953,950.0,0.0,0.0,0.207564577460289,9.0,0.0,0.0,0.0,0.3333333432674408,0.28333333134651184,0.21666665375232697,0.1666666716337204
2,0.34591413807880406,14.191011428833008,19.272878646850586,11.766406059265137,11.766406059265137,0.17344456911087036,0.45009899139404297,82.68565368652344,14341.0,17.106781005859375,2967.0,0.0,0.0,0.207564577460289,36.0,0.0,0.0,12.8167085647583,17.795509338378906,10.57669734954834,10.57669734954834,0.2921953797340393,0.5679324269294739,85.9086685180664,3725.0,13.883763313293457,602.0,0.0,0.0,0.207564577460289,9.0,0.0,0.0,13.886907577514648,18.991641998291016,11.496979713439941,11.496979713439941,0.1959800124168396,0.47386109828948975,83.76383972167969,3632.0,16.02859878540039,695.0,0.0,0.0,0.207564577460289,9.0,0.0,0.0,14.782231330871582,19.886646270751953,12.26077938079834,12.26077938079834,0.12083661556243896,0.3899676203727722,81.22693634033203,3522.0,18.56549835205078,805.0,0.0,0.0,0.207564577460289,9.0,0.0,0.0,15.2781982421875,20.32077407836914,12.731168746948242,12.731168746948242,0.08580344915390015,0.3356457054615021,79.84317779541016,3462.0,19.949262619018555,865.0,0.0,0.0,0.207564577460289,9.0,0.0,0.0,0.07142857142857142,0.3245614171028137,0.2788847088813782,0.21998745203018188,0.17656642198562622
3,0.31772704347360037,13.767114639282227,18.89533233642578,11.456647872924805,11.456647872924805,0.2055109739303589,0.4766557812690735,83.71194458007812,14519.0,16.080488204956055,2789.0,0.0,0.0,0.207564577460289,36.0,0.0,0.0,11.972061157226562,16.84972381591797,9.925549507141113,9.925549507141113,0.36543214321136475,0.6206110119819641,88.03044891357422,3817.0,11.761992454528809,510.0,0.0,0.0,0.207564577460289,9.0,0.0,0.0,13.505075454711914,18.62624740600586,11.244356155395508,11.244356155395508,0.22662055492401123,0.4951232969760895,84.31734466552734,3656.0,15.475092887878418,671.0,0.0,0.0,0.207564577460289,9.0,0.0,0.0,14.493032455444336,19.668338775634766,12.069061279296875,12.069061279296875,0.1400328278541565,0.4051196575164795,82.01107025146484,3556.0,17.78136444091797,771.0,0.0,0.0,0.207564577460289,9.0,0.0,0.0,15.09829044342041,20.25933074951172,12.587626457214355,12.587626457214355,0.0913236141204834,0.3443244397640228,80.48892974853516,3490.0,19.303504943847656,837.0,0.0,0.0,0.207564577460289,9.0,0.0,0.0,0.14285714285714285,0.31578949093818665,0.2744360864162445,0.223308265209198,0.18646617233753204
4,0.27915368888221337,13.396747589111328,18.69461441040039,11.234026908874512,11.234026908874512,0.22230035066604614,0.48911353945732117,84.375,14634.0,15.417435646057129,2674.0,0.0,0.0,0.207564577460289,36.0,0.0,0.0,10.930870056152344,15.600160598754883,9.1819429397583,9.1819429397583,0.45606034994125366,0.6800938844680786,90.03689575195312,3904.0,9.755535125732422,423.0,0.0,0.0,0.207564577460289,9.0,0.0,0.0,13.110716819763184,18.334291458129883,10.984960556030273,10.984960556030273,0.2506752014160156,0.5141443610191345,85.07841491699219,3689.0,14.714021682739258,638.0,0.0,0.0,0.207564577460289,9.0,0.0,0.0,14.347210884094238,19.76407241821289,12.021123886108398,12.021123886108398,0.13164085149765015,0.3974389135837555,82.12638854980469,3561.0,17.666051864624023,766.0,0.0,0.0,0.207564577460289,9.0,0.0,0.0,15.198187828063965,20.683921813964844,12.748080253601074,12.748080253601074,0.052836835384368896,0.30929529666900635,80.25830078125,3480.0,19.534133911132812,847.0,0.0,0.0,0.207564577460289,9.0,0.0,0.0,0.21428571428571427,0.30701756477355957,0.26998746395111084,0.22662906348705292,0.19636592268943787
5,0.2641821750241635,13.403633117675781,18.995248794555664,11.32079792022705,11.32079792022705,0.19708645343780518,0.47324898838996887,84.06365203857422,14580.0,15.682657241821289,2720.0,0.04612546041607857,8.0,0.207564577460289,36.0,0.0,0.0,10.653678894042969,15.487144470214844,9.06046199798584,9.06046199798584,0.4639130234718323,0.683517336845398,90.47509765625,3923.0,9.317342758178711,404.0,0.0,0.0,0.207564577460289,9.0,0.0,0.0,13.104789733886719,18.575807571411133,11.065558433532715,11.065558433532715,0.23080360889434814,0.5010794401168823,84.73247528076172,3674.0,15.05996322631836,653.0,0.0,0.0,0.207564577460289,9.0,0.0,0.0,14.478793144226074,20.235517501831055,12.194025993347168,12.194025993347168,0.08971971273422241,0.37056902050971985,81.52674865722656,3535.0,18.21955680847168,790.0,0.04612546041607857,2.0,0.207564577460289,9.0,0.0,0.0,15.377270698547363,21.187007904052734,12.963149070739746,12.963149070739746,0.006201386451721191,0.28174182772636414,79.52029418945312,3448.0,20.133764266967773,873.0,0.138376384973526,6.0,0.207564577460289,9.0,0.0,0.0,0.2857142857142857,0.2982456088066101,0.2655388414859772,0.22994986176490784,0.2062656730413437
6,0.25618267703731645,13.256792068481445,18.921541213989258,11.236686706542969,11.236686706542969,0.20330530405044556,0.48195356130599976,84.25968933105469,14614.0,15.428966522216797,2676.0,0.1037822887301445,18.0,0.207564577460289,36.0,0.0,0.0,10.306463241577148,15.060443878173828,8.81663990020752,8.81663990020752,0.4930465817451477,0.7040228247642517,91.16697692871094,3953.0,8.62546157836914,374.0,0.0,0.0,0.207564577460289,9.0,0.0,0.0,12.961959838867188,18.51156234741211,10.987394332885742,10.987394332885742,0.2361149787902832,0.5088295340538025,84.98616027832031,3685.0,14.783210754394531,641.0,0.023062730208039284,1.0,0.207564577460289,9.0,0.0,0.0,14.412674903869629,20.251399993896484,12.171547889709473,12.171547889709473,0.088290274143219,0.3739088773727417,81.48062896728516,3533.0,18.21955680847168,790.0,0.09225092083215714,4.0,0.207564577460289,9.0,0.0,0.0,15.346065521240234,21.271696090698242,12.971165657043457,12.971165657043457,-0.001759171485900879,0.2825659215450287,79.40498352050781,3443.0,20.08763885498047,871.0,0.29981550574302673,13.0,0.207564577460289,9.0,0.0,0.0,0.35714285714285715,0.28947368264198303,0.2610902190208435,0.23327067494392395,0.2161654233932495
7,0.25090668719088405,13.10669231414795,18.66119956970215,11.082612991333008,11.082612991333008,0.22507798671722412,0.49983057379722595,84.6690444946289,14685.0,15.05996322631836,2612.0,0.06342250853776932,11.0,0.207564577460289,36.0,0.0,0.0,9.977310180664062,14.45368480682373,8.525707244873047,8.525707244873047,0.5330722332000732,0.7309219837188721,92.20479583740234,3998.0,7.5876383781433105,329.0,0.0,0.0,0.207564577460289,9.0,0.0,0.0,12.811742782592773,18.24201011657715,10.82485294342041,10.82485294342041,0.2581992745399475,0.5265346765518188,85.40129089355469,3703.0,14.391143798828125,624.0,0.0,0.0,0.207564577460289,9.0,0.0,0.0,14.348153114318848,20.106441497802734,12.086174964904785,12.086174964904785,0.10129553079605103,0.38557615876197815,81.75737762451172,3545.0,17.988929748535156,780.0,0.04612546041607857,2.0,0.207564577460289,9.0,0.0,0.0,15.289558410644531,21.142677307128906,12.893718719482422,12.893718719482422,0.010355889797210693,0.29528114199638367,79.31272888183594,3439.0,20.272140502929688,879.0,0.207564577460289,9.0,0.207564577460289,9.0,0.0,0.0,0.42857142857142855,0.28070175647735596,0.25664159655570984,0.23659147322177887,0.22606515884399414
8,0.2460168701622043,12.95106029510498,18.446590423583984,10.954959869384766,10.954959869384766,0.2427992820739746,0.5134609341621399,85.06111145019531,14753.0,14.690959930419922,2548.0,0.040359776467084885,7.0,0.207564577460289,36.0,0.0,0.0,9.654135704040527,13.926872253417969,8.255041122436523,8.255041122436523,0.5664893388748169,0.753370463848114,92.78136444091797,4023.0,7.011070251464844,304.0,0.0,0.0,0.207564577460289,9.0,0.0,0.0,12.66689395904541,18.023027420043945,10.700871467590332,10.700871467590332,0.27590203285217285,0.5403544902801514,85.9086685180664,3725.0,13.883763313293457,602.0,0.0,0.0,0.207564577460289,9.0,0.0,0.0,14.263561248779297,19.997215270996094,12.022003173828125,12.022003173828125,0.11103320121765137,0.39319929480552673,81.98800659179688,3555.0,17.78136444091797,771.0,0.023062730208039284,1.0,0.207564577460289,9.0,0.0,0.0,15.219653129577637,21.034038543701172,12.841920852661133,12.841920852661133,0.0205000638961792,0.30269452929496765,79.56642150878906,3450.0,20.08763885498047,871.0,0.138376384973526,6.0,0.207564577460289,9.0,0.0,0.0,0.5,0.2719298303127289,0.25219297409057617,0.2399122714996338,0.23596492409706116
9,0.23893792901082617,12.800285339355469,18.32999038696289,10.828228950500488,10.828228950500488,0.25234144926071167,0.5232229828834534,85.38976287841797,14810.0,14.362316131591797,2491.0,0.040359776467084885,7.0,0.207564577460289,36.0,0.0,0.0,9.262547492980957,13.438342094421387,7.930795669555664,7.930795669555664,0.5963695049285889,0.7730885744094849,93.33486938476562,4047.0,6.457564353942871,280.0,0.0,0.0,0.207564577460289,9.0,0.0,0.0,12.5412015914917,17.900861740112305,10.593481063842773,10.593481063842773,0.28568506240844727,0.5498309135437012,86.43911743164062,3748.0,13.353321075439453,579.0,0.0,0.0,0.207564577460289,9.0,0.0,0.0,14.226164817810059,20.025959014892578,11.987247467041016,11.987247467041016,0.10847586393356323,0.3958192467689514,82.08025360107422,3559.0,17.689115524291992,767.0,0.023062730208039284,1.0,0.207564577460289,9.0,0.0,0.0,15.171228408813477,21.021066665649414,12.801395416259766,12.801395416259766,0.021707773208618164,0.30868062376976013,79.70479583740234,3456.0,19.949262619018555,865.0,0.138376384973526,6.0,0.207564577460289,9.0,0.0,0.0,0.5714285714285714,0.2631579041481018,0.2477443516254425,0.2432330846786499,0.24586467444896698
10,0.23319085566000589,12.645036697387695,18.191089630126953,10.705673217773438,10.705673217773438,0.26362961530685425,0.5339519381523132,85.7587661743164,14874.0,13.98754596710205,2426.0,0.04612546041607857,8.0,0.207564577460289,36.0,0.0,0.0,8.934733390808105,13.02422046661377,7.662813186645508,7.662813186645508,0.6208630800247192,0.7887054681777954,93.93450164794922,4073.0,5.857933521270752,254.0,0.0,0.0,0.207564577460289,9.0,0.0,0.0,12.399304389953613,17.75810432434082,10.480520248413086,10.480520248413086,0.29703283309936523,0.5604143142700195,86.7850570678711,3763.0,13.007380485534668,564.0,0.0,0.0,0.207564577460289,9.0,0.0,0.0,14.148828506469727,19.976102828979492,11.932195663452148,11.932195663452148,0.11290931701660156,0.4027346670627594,82.5184555053711,3578.0,17.227859497070312,747.0,0.04612546041607857,2.0,0.207564577460289,9.0,0.0,0.0,15.097283363342285,20.967540740966797,12.747160911560059,12.747160911560059,0.026683509349822998,0.31671342253685,79.79705047607422,3460.0,19.857011795043945,861.0,0.138376384973526,6.0,0.207564577460289,9.0,0.0,0.0,0.6428571428571429,0.25438597798347473,0.24329572916030884,0.24655388295650482,0.2557644248008728
11,0.2321411212018288,12.503670692443848,17.928274154663086,10.585671424865723,10.585671424865723,0.28475332260131836,0.5494512915611267,86.07010650634766,14928.0,13.693496704101562,2375.0,0.028828412294387817,5.0,0.207564577460289,36.0,0.0,0.0,8.64040756225586,12.507038116455078,7.412519931793213,7.412519931793213,0.6503757238388062,0.8077269196510315,94.3496322631836,4091.0,5.442804336547852,236.0,0.0,0.0,0.207564577460289,9.0,0.0,0.0,12.252902030944824,17.463003158569336,10.361209869384766,10.361209869384766,0.3202022314071655,0.5770444869995117,86.99262237548828,3772.0,12.799816131591797,555.0,0.0,0.0,0.207564577460289,9.0,0.0,0.0,14.07277774810791,19.783226013183594,11.866018295288086,11.866018295288086,0.12995707988739014,0.4150686264038086,82.8413314819336,3592.0,16.928043365478516,734.0,0.023062730208039284,1.0,0.207564577460289,9.0,0.0,0.0,15.048593521118164,20.807058334350586,12.702936172485352,12.702936172485352,0.04152578115463257,0.3266238272190094,80.09686279296875,3473.0,19.603321075439453,850.0,0.09225092083215714,4.0,0.207564577460289,9.0,0.0,0.0,0.7142857142857143,0.24561403691768646,0.23884710669517517,0.24987469613552094,0.26566416025161743
12,0.22873964270203948,12.489503860473633,17.895814895629883,10.57483959197998,10.57483959197998,0.28734099864959717,0.5522657632827759,86.12776947021484,14938.0,13.635839462280273,2365.0,0.028828412294387817,5.0,0.207564577460289,36.0,0.0,0.0,8.480039596557617,12.26123046875,7.279470443725586,7.279470443725586,0.6639834642410278,0.8161225914955139,94.6725082397461,4105.0,5.1199259757995605,222.0,0.0,0.0,0.207564577460289,9.0,0.0,0.0,12.246188163757324,17.420398712158203,10.357367515563965,10.357367515563965,0.3235151767730713,0.5803050994873047,87.06181335449219,3775.0,12.730627059936523,552.0,0.0,0.0,0.207564577460289,9.0,0.0,0.0,14.133343696594238,19.817928314208984,11.916372299194336,11.916372299194336,0.12690192461013794,0.4141402244567871,82.67989349365234,3585.0,17.0894832611084,741.0,0.023062730208039284,1.0,0.207564577460289,9.0,0.0,0.0,15.098442077636719,20.844236373901367,12.746145248413086,12.746145248413086,0.03809744119644165,0.32571783661842346,80.09686279296875,3473.0,19.603321075439453,850.0,0.09225092083215714,4.0,0.207564577460289,9.0,0.0,0.0,0.7857142857142857,0.23684212565422058,0.2343984991312027,0.25319552421569824,0.27556392550468445
13,0.22796183327213823,12.454399108886719,17.856664657592773,10.548261642456055,10.548261642456055,0.2904556393623352,0.5549310445785522,86.26614379882812,14962.0,13.491697311401367,2340.0,0.0345940962433815,6.0,0.207564577460289,36.0,0.0,0.0,8.37367057800293,12.113272666931152,7.199908256530762,7.199908256530762,0.672044038772583,0.8208677768707275,94.92619323730469,4116.0,4.866236209869385,211.0,0.0,0.0,0.207564577460289,9.0,0.0,0.0,12.211359024047852,17.365100860595703,10.333426475524902,10.333426475524902,0.3278030753135681,0.5836611986160278,87.36161804199219,3788.0,12.430811882019043,539.0,0.0,0.0,0.207564577460289,9.0,0.0,0.0,14.13066291809082,19.802997589111328,11.911745071411133,11.911745071411133,0.12821704149246216,0.4158519208431244,82.65682220458984,3584.0,17.112545013427734,742.0,0.023062730208039284,1.0,0.207564577460289,9.0,0.0,0.0,15.101901054382324,20.856773376464844,12.747965812683105,12.747965812683105,0.036940038204193115,0.32599496841430664,80.11992645263672,3474.0,19.55719566345215,848.0,0.11531364917755127,5.0,0.207564577460289,9.0,0.0,0.0,0.8571428571428571,0.22807016968727112,0.22994986176490784,0.25651630759239197,0.2854636609554291
14,0.2278188311003517,12.437042236328125,17.801729202270508,10.532469749450684,10.532469749450684,0.2948146462440491,0.558419942855835,86.34109497070312,14975.0,13.428275108337402,2329.0,0.023062730208039284,4.0,0.207564577460289,36.0,0.0,0.0,8.32072639465332,11.970205307006836,7.152645111083984,7.152645111083984,0.6797451376914978,0.8258751034736633,95.29520416259766,4132.0,4.497232437133789,195.0,0.0,0.0,0.207564577460289,9.0,0.0,0.0,12.190232276916504,17.29574203491211,10.315662384033203,10.315662384033203,0.3331621289253235,0.5878221988677979,87.36161804199219,3788.0,12.430811882019043,539.0,0.0,0.0,0.207564577460289,9.0,0.0,0.0,14.132736206054688,19.7701358795166,11.912551879882812,11.912551879882812,0.13110798597335815,0.4178943932056427,82.70294952392578,3586.0,17.0894832611084,741.0,0.0,0.0,0.207564577460289,9.0,0.0,0.0,15.104472160339355,20.840330123901367,12.749017715454102,12.749017715454102,0.03845793008804321,0.32725751399993896,80.0046157836914,3469.0,19.695571899414062,854.0,0.09225092083215714,4.0,0.207564577460289,9.0,0.0,0.0,0.9285714285714286,0.21929824352264404,0.22550123929977417,0.2598370909690857,0.2953633964061737
15,0.22624401826728038,12.432947158813477,17.866880416870117,10.528793334960938,10.528793334960938,0.2896435856819153,0.5560510754585266,86.47370910644531,14998.0,13.284132957458496,2304.0,0.0345940962433815,6.0,0.207564577460289,36.0,0.0,0.0,8.274161338806152,12.008045196533203,7.113838195800781,7.113838195800781,0.6777171492576599,0.8243362903594971,95.47970581054688,4140.0,4.31273078918457,187.0,0.0,0.0,0.207564577460289,9.0,0.0,0.0,12.18237590789795,17.3536434173584,10.304356575012207,10.304356575012207,0.3286898732185364,0.5859683752059937,87.5691909790039,3797.0,12.223247528076172,530.0,0.0,0.0,0.207564577460289,9.0,0.0,0.0,14.153732299804688,19.855716705322266,11.929868698120117,11.929868698120117,0.1235693097114563,0.41531017422676086,82.79520416259766,3590.0,16.97416877746582,736.0,0.023062730208039284,1.0,0.207564577460289,9.0,0.0,0.0,15.12152099609375,20.91196060180664,12.767107963562012,12.767107963562012,0.031836867332458496,0.32575055956840515,80.05073547363281,3471.0,19.62638282775879,851.0,0.11531364917755127,5.0,0.207564577460289,9.0,0.0,0.0,1.0,0.21052631735801697,0.2210526168346405,0.2631579041481018,0.3052631616592407
16,0.22477110950092943,12.383079528808594,17.813262939453125,10.478078842163086,10.478078842163086,0.29390066862106323,0.5601693987846375,86.66397094726562,15031.0,13.093864440917969,2271.0,0.0345940962433815,6.0,0.207564577460289,36.0,0.0,0.0,8.180574417114258,11.84384822845459,7.020456314086914,7.020456314086914,0.686470627784729,0.8299534916877747,95.64114379882812,4147.0,4.151291370391846,180.0,0.0,0.0,0.207564577460289,9.0,0.0,0.0,12.126117706298828,17.275541305541992,10.248268127441406,10.248268127441406,0.3347189426422119,0.5911999940872192,87.61531066894531,3799.0,12.177122116088867,528.0,0.0,0.0,0.207564577460289,9.0,0.0,0.0,14.125057220458984,19.83053970336914,11.896649360656738,11.896649360656738,0.12579047679901123,0.41868454217910767,83.23339080810547,3609.0,16.535978317260742,717.0,0.023062730208039284,1.0,0.207564577460289,9.0,0.0,0.0,15.100567817687988,20.911190032958984,12.74693775177002,12.74693775177002,0.03190803527832031,0.3269212245941162,80.16605377197266,3476.0,19.511070251464844,846.0,0.11531364917755127,5.0,0.207564577460289,9.0,0.0,0.0,1.0,0.21052631735801697,0.2210526168346405,0.2631579041481018,0.3052631616592407
17,0.22307828722295428,12.39130973815918,17.852115631103516,10.500439643859863,10.500439643859863,0.2908170819282532,0.557342529296875,86.6812744140625,15034.0,13.076567649841309,2268.0,0.0345940962433815,6.0,0.207564577460289,36.0,0.0,0.0,8.15961742401123,11.85265827178955,7.026094436645508,7.026094436645508,0.6860040426254272,0.8291782140731812,95.71033477783203,4150.0,4.082103252410889,177.0,0.0,0.0,0.207564577460289,9.0,0.0,0.0,12.130423545837402,17.290706634521484,10.268478393554688,10.268478393554688,0.3335503339767456,0.5896087288856506,87.61531066894531,3799.0,12.177122116088867,528.0,0.0,0.0,0.207564577460289,9.0,0.0,0.0,14.143497467041016,19.873781204223633,11.927565574645996,11.927565574645996,0.12197375297546387,0.41511428356170654,83.14114379882812,3605.0,16.62822723388672,721.0,0.023062730208039284,1.0,0.207564577460289,9.0,0.0,0.0,15.13170051574707,20.98501968383789,12.779627799987793,12.779627799987793,0.02506011724472046,0.3229305148124695,80.25830078125,3480.0,19.418819427490234,842.0,0.11531364917755127,5.0,0.207564577460289,9.0,0.0,0.0,1.0,0.21052631735801697,0.2210526168346405,0.2631579041481018,0.3052631616592407
18,0.22036718012647907,12.39427375793457,17.881053924560547,10.492969512939453,10.492969512939453,0.2885160446166992,0.556567370891571,86.66974639892578,15032.0,13.082334518432617,2269.0,0.040359776467084885,7.0,0.207564577460289,36.0,0.0,0.0,8.090755462646484,11.768030166625977,6.9577412605285645,6.9577412605285645,0.690471887588501,0.8319502472877502,95.7795181274414,4153.0,4.012915134429932,174.0,0.0,0.0,0.207564577460289,9.0,0.0,0.0,12.114974975585938,17.29291343688965,10.248503684997559,10.248503684997559,0.33338022232055664,0.5901152491569519,87.70756530761719,3803.0,12.084870338439941,524.0,0.0,0.0,0.207564577460289,9.0,0.0,0.0,14.18307876586914,19.938589096069336,11.949889183044434,11.949889183044434,0.11623793840408325,0.4117692708969116,83.04888916015625,3601.0,16.72047996520996,725.0,0.023062730208039284,1.0,0.207564577460289,9.0,0.0,0.0,15.188289642333984,21.067739486694336,12.815740585327148,12.815740585327148,0.01735895872116089,0.31791940331459045,80.14299011230469,3475.0,19.511070251464844,846.0,0.138376384973526,6.0,0.207564577460289,9.0,0.0,0.0,1.0,0.21052631735801697,0.2210526168346405,0.2631579041481018,0.3052631616592407
19,0.2197031479556001,12.439557075500488,17.931074142456055,10.518943786621094,10.518943786621094,0.2845299243927002,0.5541757345199585,86.6812744140625,15034.0,13.059271812438965,2265.0,0.05189114436507225,9.0,0.207564577460289,36.0,0.0,0.0,8.10197925567627,11.73975944519043,6.950015068054199,6.950015068054199,0.6919572353363037,0.8335373997688293,96.03321075439453,4164.0,3.7592251300811768,163.0,0.0,0.0,0.207564577460289,9.0,0.0,0.0,12.165536880493164,17.330137252807617,10.274764060974121,10.274764060974121,0.33050715923309326,0.5886101722717285,87.68450164794922,3802.0,12.107933044433594,525.0,0.0,0.0,0.207564577460289,9.0,0.0,0.0,14.245304107666016,20.0106258392334,11.992537498474121,11.992537498474121,0.10984057188034058,0.40760910511016846,82.97970581054688,3598.0,16.7896671295166,728.0,0.023062730208039284,1.0,0.207564577460289,9.0,0.0,0.0,15.245405197143555,21.154499053955078,12.8584566116333,12.8584566116333,0.009248852729797363,0.3129938840866089,80.02767944335938,3470.0,19.580259323120117,849.0,0.18450184166431427,8.0,0.207564577460289,9.0,0.0,0.0,1.0,0.21052631735801697,0.2210526168346405,0.2631579041481018,0.3052631616592407
20,0.21796849657581566,12.447193145751953,17.953338623046875,10.537927627563477,10.537927627563477,0.28275203704833984,0.5528806447982788,86.64667510986328,15028.0,13.088099479675293,2270.0,0.057656824588775635,10.0,0.207564577460289,36.0,0.0,0.0,8.095717430114746,11.771828651428223,6.963183879852295,6.963183879852295,0.6902720332145691,0.8318960070610046,95.94095611572266,4160.0,3.851475954055786,167.0,0.0,0.0,0.207564577460289,9.0,0.0,0.0,12.15677261352539,17.33858299255371,10.283260345458984,10.283260345458984,0.3298546075820923,0.5878441333770752,87.75369262695312,3805.0,12.038745880126953,522.0,0.0,0.0,0.207564577460289,9.0,0.0,0.0,14.252823829650879,20.027555465698242,12.010310173034668,12.010310173034668,0.10833358764648438,0.40696412324905396,82.97970581054688,3598.0,16.766605377197266,727.0,0.04612546041607857,2.0,0.207564577460289,9.0,0.0,0.0,15.283458709716797,21.189247131347656,12.894953727722168,12.894953727722168,0.005991458892822266,0.31127333641052246,79.91236114501953,3465.0,19.695571899414062,854.0,0.18450184166431427,8.0,0.207564577460289,9.0,0.0,0.0,1.0,0.21052631735801697,0.2210526168346405,0.2631579041481018,0.3052631616592407
21,0.21728824688389045,12.441099166870117,17.953386306762695,10.527145385742188,10.527145385742188,0.2827482223510742,0.5532656311988831,86.73892974853516,15044.0,12.995847702026367,2254.0,0.057656824588775635,10.0,0.207564577460289,36.0,0.0,0.0,8.067456245422363,11.745525360107422,6.937374114990234,6.937374114990234,0.691654622554779,0.8326570987701416,95.98709106445312,4162.0,3.8053505420684814,165.0,0.0,0.0,0.207564577460289,9.0,0.0,0.0,12.145038604736328,17.32502555847168,10.266642570495605,10.266642570495605,0.3309021592140198,0.5889610648155212,87.75369262695312,3805.0,12.038745880126953,522.0,0.0,0.0,0.207564577460289,9.0,0.0,0.0,14.262481689453125,20.044540405273438,12.010732650756836,12.010732650756836,0.10682070255279541,0.40643078088760376,83.07195281982422,3602.0,16.674354553222656,723.0,0.04612546041607857,2.0,0.207564577460289,9.0,0.0,0.0,15.289419174194336,21.19902992248535,12.893827438354492,12.893827438354492,0.005073368549346924,0.3107285499572754,80.14299011230469,3475.0,19.46494483947754,844.0,0.18450184166431427,8.0,0.207564577460289,9.0,0.0,0.0,1.0,0.21052631735801697,0.2210526168346405,0.2631579041481018,0.3052631616592407
22,0.21534835006603528,12.448213577270508,17.9925479888916,10.529522895812988,10.529522895812988,0.2796158194541931,0.5516871809959412,86.76775360107422,15049.0,12.955488204956055,2247.0,0.069188192486763,12.0,0.207564577460289,36.0,0.0,0.0,8.073698997497559,11.781661033630371,6.939486980438232,6.939486980438232,0.6897544860839844,0.8314733505249023,96.0562744140625,4165.0,3.7361621856689453,162.0,0.0,0.0,0.207564577460289,9.0,0.0,0.0,12.150935173034668,17.3591365814209,10.269124031066895,10.269124031066895,0.3282647728919983,0.5876489877700806,87.77674865722656,3806.0,12.015682220458984,521.0,0.0,0.0,0.207564577460289,9.0,0.0,0.0,14.263731002807617,20.077167510986328,12.008247375488281,12.008247375488281,0.10391044616699219,0.4052157998085022,83.14114379882812,3605.0,16.605165481567383,720.0,0.04612546041607857,2.0,0.207564577460289,9.0,0.0,0.0,15.30449104309082,21.252931594848633,12.901229858398438,12.901229858398438,7.510185241699219e-06,0.3085763156414032,80.09686279296875,3473.0,19.46494483947754,844.0,0.23062729835510254,10.0,0.207564577460289,9.0,0.0,0.0,1.0,0.21052631735801697,0.2210526168346405,0.2631579041481018,0.3052631616592407
23,0.2148200257761342,12.47004508972168,17.997840881347656,10.558502197265625,10.558502197265625,0.279191792011261,0.5502033233642578,86.62361145019531,15024.0,13.111162185668945,2274.0,0.057656824588775635,10.0,0.207564577460289,36.0,0.0,0.0,8.106101036071777,11.83045482635498,6.974405288696289,6.974405288696289,0.6871793270111084,0.829893171787262,96.07933807373047,4166.0,3.713099718093872,161.0,0.0,0.0,0.207564577460289,9.0,0.0,0.0,12.179098129272461,17.37810516357422,10.303801536560059,10.303801536560059,0.32679593563079834,0.585505485534668,87.63838195800781,3800.0,12.154059410095215,527.0,0.0,0.0,0.207564577460289,9.0,0.0,0.0,14.2884521484375,20.080360412597656,12.03973388671875,12.03973388671875,0.10362547636032104,0.40298256278038025,82.93357849121094,3596.0,16.81273078918457,729.0,0.04612546041607857,2.0,0.207564577460289,9.0,0.0,0.0,15.30652904510498,21.225221633911133,12.916069030761719,12.916069030761719,0.0026133060455322266,0.30822044610977173,79.84317779541016,3462.0,19.764760971069336,857.0,0.18450184166431427,8.0,0.207564577460289,9.0,0.0,0.0,1.0,0.21052631735801697,0.2210526168346405,0.2631579041481018,0.3052631616592407
24,0.21353292858520495,12.514430046081543,18.056257247924805,10.603377342224121,10.603377342224121,0.274505078792572,0.5470917820930481,86.56595611572266,15014.0,13.15728759765625,2282.0,0.069188192486763,12.0,0.207564577460289,36.0,0.0,0.0,8.149706840515137,11.888877868652344,7.031732559204102,7.031732559204102,0.6840820908546448,0.8277482986450195,96.07933807373047,4166.0,3.713099718093872,161.0,0.0,0.0,0.207564577460289,9.0,0.0,0.0,12.218806266784668,17.428897857666016,10.347867965698242,10.347867965698242,0.3228549361228943,0.5827757716178894,87.59224700927734,3798.0,12.200183868408203,529.0,0.0,0.0,0.207564577460289,9.0,0.0,0.0,14.327519416809082,20.133380889892578,12.075433731079102,12.075433731079102,0.09888553619384766,0.400602251291275,82.72601318359375,3587.0,17.020296096801758,738.0,0.04612546041607857,2.0,0.207564577460289,9.0,0.0,0.0,15.361686706542969,21.299036026000977,12.958471298217773,12.958471298217773,-0.004335761070251465,0.3049623370170593,79.8662338256836,3463.0,19.695571899414062,854.0,0.23062729835510254,10.0,0.207564577460289,9.0,0.0,0.0,1.0,0.21052631735801697,0.2210526168346405,0.2631579041481018,0.3052631616592407
step,fold13/test_loss,fold13/test_mae,fold13/test_rmse,fold13/test_mard,fold13/test_mape,fold13/test_r2,fold13/test_pearson,fold13/test_ega_zone_a_pct,fold13/test_ega_zone_a_count,fold13/test_ega_zone_b_pct,fold13/test_ega_zone_b_count,fold13/test_ega_zone_c_pct,fold13/test_ega_zone_c_count,fold13/test_ega_zone_d_pct,fold13/test_ega_zone_d_count,fold13/test_ega_zone_e_pct,fold13/test_ega_zone_e_count,fold13/test_horizon_15_mae,fold13/test_horizon_15_rmse,fold13/test_horizon_15_mard,fold13/test_horizon_15_mape,fold13/test_horizon_15_r2,fold13/test_horizon_15_pearson,fold13/test_horizon_15_ega_zone_a_pct,fold13/test_horizon_15_ega_zone_a_count,fold13/test_horizon_15_ega_zone_b_pct,fold13/test_horizon_15_ega_zone_b_count,fold13/test_horizon_15_ega_zone_c_pct,fold13/test_horizon_15_ega_zone_c_count,fold13/test_horizon_15_ega_zone_d_pct,fold13/test_horizon_15_ega_zone_d_count,fold13/test_horizon_15_ega_zone_e_pct,fold13/test_horizon_15_ega_zone_e_count,fold13/test_horizon_30_mae,fold13/test_horizon_30_rmse,fold13/test_horizon_30_mard,fold13/test_horizon_30_mape,fold13/test_horizon_30_r2,fold13/test_horizon_30_pearson,fold13/test_horizon_30_ega_zone_a_pct,fold13/test_horizon_30_ega_zone_a_count,fold13/test_horizon_30_ega_zone_b_pct,fold13/test_horizon_30_ega_zone_b_count,fold13/test_horizon_30_ega_zone_c_pct,fold13/test_horizon_30_ega_zone_c_count,fold13/test_horizon_30_ega_zone_d_pct,fold13/test_horizon_30_ega_zone_d_count,fold13/test_horizon_30_ega_zone_e_pct,fold13/test_horizon_30_ega_zone_e_count,fold13/test_horizon_45_mae,fold13/test_horizon_45_rmse,fold13/test_horizon_45_mard,fold13/test_horizon_45_mape,fold13/test_horizon_45_r2,fold13/test_horizon_45_pearson,fold13/test_horizon_45_ega_zone_a_pct,fold13/test_horizon_45_ega_zone_a_count,fold13/test_horizon_45_ega_zone_b_pct,fold13/test_horizon_45_ega_zone_b_count,fold13/test_horizon_45_ega_zone_c_pct,fold13/test_horizon_45_ega_zone_c_count,fold13/test_horizon_45_ega_zone_d_pct,fold13/test_horizon_45_ega_zone_d_count,fold13/test_horizon_45_ega_zone_e_pct,fold13/test_horizon_45_ega_zone_e_count,fold13/test_horizon_60_mae,fold13/test_horizon_60_rmse,fold13/test_horizon_60_mard,fold13/test_horizon_60_mape,fold13/test_horizon_60_r2,fold13/test_horizon_60_pearson,fold13/test_horizon_60_ega_zone_a_pct,fold13/test_horizon_60_ega_zone_a_count,fold13/test_horizon_60_ega_zone_b_pct,fold13/test_horizon_60_ega_zone_b_count,fold13/test_horizon_60_ega_zone_c_pct,fold13/test_horizon_60_ega_zone_c_count,fold13/test_horizon_60_ega_zone_d_pct,fold13/test_horizon_60_ega_zone_d_count,fold13/test_horizon_60_ega_zone_e_pct,fold13/test_horizon_60_ega_zone_e_count
0,0.4200741513766379,14.577885627746582,21.05559539794922,10.690485000610352,10.690485000610352,0.12179511785507202,0.5547832250595093,86.97274017333984,6763.0,13.027262687683105,1013.0,0.0,0.0,0.0,0.0,0.0,0.0,10.61283016204834,14.172201156616211,8.037190437316895,8.037190437316895,0.6020472049713135,0.8361621499061584,95.57613372802734,1858.0,4.423868179321289,86.0,0.0,0.0,0.0,0.0,0.0,0.0,14.077208518981934,20.067975997924805,10.367584228515625,10.367584228515625,0.20258575677871704,0.6030948162078857,87.7572021484375,1706.0,12.242798805236816,238.0,0.0,0.0,0.0,0.0,0.0,0.0,16.191038131713867,23.357301712036133,11.763053894042969,11.763053894042969,-0.08041489124298096,0.40139827132225037,83.89917755126953,1631.0,16.10082244873047,313.0,0.0,0.0,0.0,0.0,0.0,0.0,17.430469512939453,24.98427391052246,12.594117164611816,12.594117164611816,-0.23708105087280273,0.2710954248905182,80.65843200683594,1568.0,19.341564178466797,376.0,0.0,0.0,0.0,0.0,0.0,0.0
step,fold14/train_loss,fold14/val_mae,fold14/val_rmse,fold14/val_mard,fold14/val_mape,fold14/val_r2,fold14/val_pearson,fold14/val_ega_zone_a_pct,fold14/val_ega_zone_a_count,fold14/val_ega_zone_b_pct,fold14/val_ega_zone_b_count,fold14/val_ega_zone_c_pct,fold14/val_ega_zone_c_count,fold14/val_ega_zone_d_pct,fold14/val_ega_zone_d_count,fold14/val_ega_zone_e_pct,fold14/val_ega_zone_e_count,fold14/val_horizon_15_mae,fold14/val_horizon_15_rmse,fold14/val_horizon_15_mard,fold14/val_horizon_15_mape,fold14/val_horizon_15_r2,fold14/val_horizon_15_pearson,fold14/val_horizon_15_ega_zone_a_pct,fold14/val_horizon_15_ega_zone_a_count,fold14/val_horizon_15_ega_zone_b_pct,fold14/val_horizon_15_ega_zone_b_count,fold14/val_horizon_15_ega_zone_c_pct,fold14/val_horizon_15_ega_zone_c_count,fold14/val_horizon_15_ega_zone_d_pct,fold14/val_horizon_15_ega_zone_d_count,fold14/val_horizon_15_ega_zone_e_pct,fold14/val_horizon_15_ega_zone_e_count,fold14/val_horizon_30_mae,fold14/val_horizon_30_rmse,fold14/val_horizon_30_mard,fold14/val_horizon_30_mape,fold14/val_horizon_30_r2,fold14/val_horizon_30_pearson,fold14/val_horizon_30_ega_zone_a_pct,fold14/val_horizon_30_ega_zone_a_count,fold14/val_horizon_30_ega_zone_b_pct,fold14/val_horizon_30_ega_zone_b_count,fold14/val_horizon_30_ega_zone_c_pct,fold14/val_horizon_30_ega_zone_c_count,fold14/val_horizon_30_ega_zone_d_pct,fold14/val_horizon_30_ega_zone_d_count,fold14/val_horizon_30_ega_zone_e_pct,fold14/val_horizon_30_ega_zone_e_count,fold14/val_horizon_45_mae,fold14/val_horizon_45_rmse,fold14/val_horizon_45_mard,fold14/val_horizon_45_mape,fold14/val_horizon_45_r2,fold14/val_horizon_45_pearson,fold14/val_horizon_45_ega_zone_a_pct,fold14/val_horizon_45_ega_zone_a_count,fold14/val_horizon_45_ega_zone_b_pct,fold14/val_horizon_45_ega_zone_b_count,fold14/val_horizon_45_ega_zone_c_pct,fold14/val_horizon_45_ega_zone_c_count,fold14/val_horizon_45_ega_zone_d_pct,fold14/val_horizon_45_ega_zone_d_count,fold14/val_horizon_45_ega_zone_e_pct,fold14/val_horizon_45_ega_zone_e_count,fold14/val_horizon_60_mae,fold14/val_horizon_60_rmse,fold14/val_horizon_60_mard,fold14/val_horizon_60_mape,fold14/val_horizon_60_r2,fold14/val_horizon_60_pearson,fold14/val_horizon_60_ega_zone_a_pct,fold14/val_horizon_60_ega_zone_a_count,fold14/val_horizon_60_ega_zone_b_pct,fold14/val_horizon_60_ega_zone_b_count,fold14/val_horizon_60_ega_zone_c_pct,fold14/val_horizon_60_ega_zone_c_count,fold14/val_horizon_60_ega_zone_d_pct,fold14/val_horizon_60_ega_zone_d_count,fold14/val_horizon_60_ega_zone_e_pct,fold14/val_horizon_60_ega_zone_e_count,fold14/diag_horizon_curriculum_progress,fold14/diag_loss_horizon_weight_0,fold14/diag_loss_horizon_weight_1,fold14/diag_loss_horizon_weight_2,fold14/diag_loss_horizon_weight_3
1,0.37331203472793506,13.803712844848633,19.98455047607422,11.388998985290527,11.388998985290527,0.18091434240341187,0.4468744993209839,84.29920959472656,14459.0,15.601679801940918,2676.0,0.023320894688367844,4.0,0.07579290866851807,13.0,0.0,0.0,12.30812931060791,17.882862091064453,10.135912895202637,10.135912895202637,0.34326493740081787,0.6232877969741821,87.26679229736328,3742.0,12.639925003051758,542.0,0.0,0.0,0.09328357875347137,4.0,0.0,0.0,13.173213958740234,18.964683532714844,10.838699340820312,10.838699340820312,0.262209951877594,0.5586243271827698,85.65765380859375,3673.0,14.249067306518555,611.0,0.0,0.0,0.09328357875347137,4.0,0.0,0.0,14.475621223449707,20.82449722290039,11.903754234313965,11.903754234313965,0.11069273948669434,0.37073972821235657,82.85913848876953,3553.0,17.07089614868164,732.0,0.0,0.0,0.06996268779039383,3.0,0.0,0.0,15.257884979248047,22.009389877319336,12.677630424499512,12.677630424499512,0.00795680284500122,0.2414090484380722,81.41324615478516,3491.0,18.446828842163086,791.0,0.09328357875347137,4.0,0.04664178937673569,2.0,0.0,0.0,0.0,0.3333333432674408,0.28333333134651184,0.21666665375232697,0.1666666716337204
2,0.3447476463392899,13.327972412109375,21.16580581665039,10.956571578979492,10.956571578979492,0.0812227725982666,0.41545265913009644,85.7859115600586,14714.0,13.881762504577637,2381.0,0.256529837846756,44.0,0.07579290866851807,13.0,0.0,0.0,12.390281677246094,22.4750919342041,10.18199634552002,10.18199634552002,-0.03733515739440918,0.4529767334461212,88.52611541748047,3796.0,10.844216346740723,465.0,0.5363805890083313,23.0,0.09328357875347137,4.0,0.0,0.0,13.179878234863281,21.270973205566406,10.829584121704102,10.829584121704102,0.07185393571853638,0.42953306436538696,86.24067687988281,3698.0,13.246268272399902,568.0,0.41977614164352417,18.0,0.09328357875347137,4.0,0.0,0.0,13.26572036743164,19.252927780151367,10.932883262634277,10.932883262634277,0.23985522985458374,0.5037661194801331,85.05130767822266,3647.0,14.878731727600098,638.0,0.0,0.0,0.06996268779039383,3.0,0.0,0.0,14.476008415222168,21.533838272094727,11.881819725036621,11.881819725036621,0.050363361835479736,0.33361053466796875,83.3255615234375,3573.0,16.557836532592773,710.0,0.06996268779039383,3.0,0.04664178937673569,2.0,0.0,0.0,0.07142857142857142,0.3245614171028137,0.2788847088813782,0.21998745203018188,0.17656642198562622
3,0.31692278685439745,16.027469635009766,52.592132568359375,13.114402770996094,13.114402770996094,-4.672599792480469,0.1924734115600586,86.82952880859375,14893.0,12.325093269348145,2114.0,0.7695895433425903,132.0,0.07579290866851807,13.0,0.0,0.0,15.655679702758789,65.76553344726562,12.772199630737305,12.772199630737305,-7.882040977478027,0.21116268634796143,90.7182846069336,3890.0,8.372201919555664,359.0,0.8162313103675842,35.0,0.09328357875347137,4.0,0.0,0.0,16.259931564331055,56.71006774902344,13.28731918334961,13.28731918334961,-5.597234725952148,0.19105365872383118,87.5,3752.0,11.61380672454834,498.0,0.7929104566574097,34.0,0.09328357875347137,4.0,0.0,0.0,16.269241333007812,47.0047492980957,13.313394546508789,13.313394546508789,-3.530918598175049,0.18639975786209106,85.3078384399414,3658.0,13.852612495422363,594.0,0.7695895433425903,33.0,0.06996268779039383,3.0,0.0,0.0,15.925028800964355,36.23735046386719,13.08469295501709,13.08469295501709,-1.6892268657684326,0.20108529925346375,83.79197692871094,3593.0,15.461752891540527,663.0,0.6996268630027771,30.0,0.04664178937673569,2.0,0.0,0.0,0.14285714285714285,0.31578949093818665,0.2744360864162445,0.223308265209198,0.18646617233753204
4,0.2868989713859442,16.68891143798828,67.07112884521484,13.62744140625,13.62744140625,-8.22596549987793,0.17506657540798187,88.0655288696289,15105.0,11.054104804992676,1896.0,0.8045708537101746,138.0,0.07579290866851807,13.0,0.0,0.0,15.795868873596191,79.86421203613281,12.86498737335205,12.86498737335205,-12.098468780517578,0.2006310224533081,92.56063842773438,3969.0,6.506530284881592,279.0,0.8395522832870483,36.0,0.09328357875347137,4.0,0.0,0.0,17.239736557006836,75.47213745117188,14.055076599121094,14.055076599121094,-10.6846284866333,0.16962142288684845,88.85261535644531,3810.0,10.21455192565918,438.0,0.8395522832870483,36.0,0.09328357875347137,4.0,0.0,0.0,16.990131378173828,60.05852508544922,13.87302303314209,13.87302303314209,-6.396940231323242,0.1676500141620636,86.17070770263672,3695.0,12.966418266296387,556.0,0.7929104566574097,34.0,0.06996268779039383,3.0,0.0,0.0,16.729907989501953,48.09140396118164,13.716681480407715,13.716681480407715,-3.7364120483398438,0.17063994705677032,84.67817687988281,3631.0,14.528918266296387,623.0,0.746268630027771,32.0,0.04664178937673569,2.0,0.0,0.0,0.21428571428571427,0.30701756477355957,0.26998746395111084,0.22662906348705292,0.19636592268943787
5,0.2721314156091072,16.775930404663086,70.50958251953125,13.688042640686035,13.688042640686035,-9.196165084838867,0.17458194494247437,88.41534423828125,15165.0,10.704290390014648,1836.0,0.8045708537101746,138.0,0.07579290866851807,13.0,0.0,0.0,15.428054809570312,80.64144134521484,12.574845314025879,12.574845314025879,-12.354657173156738,0.20800600945949554,93.37686157226562,4004.0,5.690298557281494,244.0,0.8395522832870483,36.0,0.09328357875347137,4.0,0.0,0.0,17.36842155456543,80.1366958618164,14.145821571350098,14.145821571350098,-12.173600196838379,0.1675848513841629,89.27238464355469,3828.0,9.79477596282959,420.0,0.8395522832870483,36.0,0.09328357875347137,4.0,0.0,0.0,17.289329528808594,64.99748992919922,14.101346015930176,14.101346015930176,-7.66355037689209,0.16269856691360474,86.3572769165039,3703.0,12.779850959777832,548.0,0.7929104566574097,34.0,0.06996268779039383,3.0,0.0,0.0,17.017915725708008,52.31441879272461,13.930166244506836,13.930166244506836,-4.604764461517334,0.16329152882099152,84.65484619140625,3630.0,14.552238464355469,624.0,0.746268630027771,32.0,0.04664178937673569,2.0,0.0,0.0,0.2857142857142857,0.2982456088066101,0.2655388414859772,0.22994986176490784,0.2062656730413437
6,0.2599754008144566,14.791219711303711,49.50934600830078,12.153151512145996,12.153151512145996,-4.027070045471191,0.23513716459274292,89.08582305908203,15280.0,10.062966346740723,1726.0,0.7754197716712952,133.0,0.07579290866851807,13.0,0.0,0.0,12.22884464263916,47.938072204589844,10.094090461730957,10.094090461730957,-3.719296455383301,0.32047131657600403,94.28638458251953,4043.0,4.827425479888916,207.0,0.7929104566574097,34.0,0.09328357875347137,4.0,0.0,0.0,15.178876876831055,57.52798843383789,12.451769828796387,12.451769828796387,-5.7889084815979,0.21991051733493805,90.08861541748047,3863.0,9.025186538696289,387.0,0.7929104566574097,34.0,0.09328357875347137,4.0,0.0,0.0,15.822968482971191,49.99866485595703,12.968596458435059,12.968596458435059,-4.12648344039917,0.2023107260465622,86.9869384765625,3730.0,12.173507690429688,522.0,0.7695895433425903,33.0,0.06996268779039383,3.0,0.0,0.0,15.934187889099121,41.19837951660156,13.098149299621582,13.098149299621582,-2.4759604930877686,0.2015039622783661,84.9813461303711,3644.0,14.225747108459473,610.0,0.746268630027771,32.0,0.04664178937673569,2.0,0.0,0.0,0.35714285714285715,0.28947368264198303,0.2610902190208435,0.23327067494392395,0.2161654233932495
7,0.2503502724960256,14.56532096862793,49.36527633666992,11.959319114685059,11.959319114685059,-3.9978561401367188,0.24227403104305267,89.76795959472656,15397.0,9.3866605758667,1610.0,0.7695895433425903,132.0,0.07579290866851807,13.0,0.0,0.0,11.274046897888184,42.42211151123047,9.324494361877441,9.324494361877441,-2.6957340240478516,0.3655853271484375,95.38246154785156,4090.0,3.754664182662964,161.0,0.7695895433425903,33.0,0.09328357875347137,4.0,0.0,0.0,14.780111312866211,55.74034118652344,12.128257751464844,12.128257751464844,-5.373541831970215,0.23186072707176208,90.57836151123047,3884.0,8.53544807434082,366.0,0.7929104566574097,34.0,0.09328357875347137,4.0,0.0,0.0,15.898123741149902,52.20906066894531,13.016080856323242,13.016080856323242,-4.589777946472168,0.19923901557922363,87.63993072509766,3758.0,11.520522117614746,494.0,0.7695895433425903,33.0,0.06996268779039383,3.0,0.0,0.0,16.308996200561523,45.992557525634766,13.36844253540039,13.36844253540039,-3.332012176513672,0.1865837723016739,85.47108459472656,3665.0,13.736007690429688,589.0,0.746268630027771,32.0,0.04664178937673569,2.0,0.0,0.0,0.42857142857142855,0.28070175647735596,0.25664159655570984,0.23659147322177887,0.22606515884399414
8,0.24277705418060602,13.610513687133789,40.50261306762695,11.220405578613281,11.220405578613281,-2.3643922805786133,0.29072341322898865,90.06529998779297,15448.0,9.118470191955566,1564.0,0.7404384016990662,127.0,0.07579290866851807,13.0,0.0,0.0,9.831351280212402,29.273061752319336,8.194025993347168,8.194025993347168,-0.7597559690475464,0.4951165020465851,95.98880767822266,4116.0,3.194962739944458,137.0,0.7229477763175964,31.0,0.09328357875347137,4.0,0.0,0.0,13.636283874511719,44.58607482910156,11.236860275268555,11.236860275268555,-3.077932357788086,0.28349432349205017,90.83488464355469,3895.0,8.302238464355469,356.0,0.7695895433425903,33.0,0.09328357875347137,4.0,0.0,0.0,15.156645774841309,44.943878173828125,12.451231002807617,12.451231002807617,-3.142322063446045,0.22885897755622864,87.80317687988281,3765.0,11.380597114562988,488.0,0.746268630027771,32.0,0.06996268779039383,3.0,0.0,0.0,15.817767143249512,41.195430755615234,12.999505996704102,12.999505996704102,-2.4754629135131836,0.20728234946727753,85.63432312011719,3672.0,13.596081733703613,583.0,0.7229477763175964,31.0,0.04664178937673569,2.0,0.0,0.0,0.5,0.2719298303127289,0.25219297409057617,0.2399122714996338,0.23596492409706116
9,0.23923529389692919,13.709436416625977,43.917240142822266,11.269104957580566,11.269104957580566,-2.9555845260620117,0.27742800116539,90.53755187988281,15529.0,8.62290096282959,1479.0,0.7637593150138855,131.0,0.07579290866851807,13.0,0.0,0.0,9.811922073364258,33.17401123046875,8.140837669372559,8.140837669372559,-1.2600195407867432,0.45946186780929565,96.40858459472656,4134.0,2.7285447120666504,117.0,0.7695895433425903,33.0,0.09328357875347137,4.0,0.0,0.0,13.528474807739258,45.96186447143555,11.120549201965332,11.120549201965332,-3.3334808349609375,0.2822824716567993,91.39459228515625,3919.0,7.742537498474121,332.0,0.7695895433425903,33.0,0.09328357875347137,4.0,0.0,0.0,15.41796875,49.687435150146484,12.627275466918945,12.627275466918945,-4.062859535217285,0.2153761386871338,88.29290771484375,3786.0,10.867537498474121,466.0,0.7695895433425903,33.0,0.06996268779039383,3.0,0.0,0.0,16.079376220703125,45.08932113647461,13.187758445739746,13.187758445739746,-3.163532257080078,0.19588278234004974,86.05410766601562,3690.0,13.152985572814941,564.0,0.746268630027771,32.0,0.04664178937673569,2.0,0.0,0.0,0.5714285714285714,0.2631579041481018,0.2477443516254425,0.2432330846786499,0.24586467444896698
10,0.23588070423677196,13.574662208557129,43.051212310791016,11.156570434570312,11.156570434570312,-2.8011181354522705,0.2829033136367798,90.45592498779297,15515.0,8.704524040222168,1493.0,0.7637593150138855,131.0,0.07579290866851807,13.0,0.0,0.0,9.315826416015625,29.505346298217773,7.740818023681641,7.740818023681641,-0.7877944707870483,0.504798948764801,96.54850769042969,4140.0,2.611940383911133,112.0,0.746268630027771,32.0,0.09328357875347137,4.0,0.0,0.0,13.184762001037598,42.61252212524414,10.845151901245117,10.845151901245117,-2.724912643432617,0.30184462666511536,91.34795379638672,3917.0,7.789178848266602,334.0,0.7695895433425903,33.0,0.09328357875347137,4.0,0.0,0.0,15.434038162231445,49.7459716796875,12.6339750289917,12.6339750289917,-4.074796199798584,0.21487805247306824,88.17630767822266,3781.0,10.960821151733398,470.0,0.7929104566574097,34.0,0.06996268779039383,3.0,0.0,0.0,16.36402130126953,47.46128845214844,13.40633487701416,13.40633487701416,-3.613107204437256,0.18670964241027832,85.75093078613281,3677.0,13.456156730651855,577.0,0.746268630027771,32.0,0.04664178937673569,2.0,0.0,0.0,0.6428571428571429,0.25438597798347473,0.24329572916030884,0.24655388295650482,0.2557644248008728
step,fold14/test_loss,fold14/test_mae,fold14/test_rmse,fold14/test_mard,fold14/test_mape,fold14/test_r2,fold14/test_pearson,fold14/test_ega_zone_a_pct,fold14/test_ega_zone_a_count,fold14/test_ega_zone_b_pct,fold14/test_ega_zone_b_count,fold14/test_ega_zone_c_pct,fold14/test_ega_zone_c_count,fold14/test_ega_zone_d_pct,fold14/test_ega_zone_d_count,fold14/test_ega_zone_e_pct,fold14/test_ega_zone_e_count,fold14/test_horizon_15_mae,fold14/test_horizon_15_rmse,fold14/test_horizon_15_mard,fold14/test_horizon_15_mape,fold14/test_horizon_15_r2,fold14/test_horizon_15_pearson,fold14/test_horizon_15_ega_zone_a_pct,fold14/test_horizon_15_ega_zone_a_count,fold14/test_horizon_15_ega_zone_b_pct,fold14/test_horizon_15_ega_zone_b_count,fold14/test_horizon_15_ega_zone_c_pct,fold14/test_horizon_15_ega_zone_c_count,fold14/test_horizon_15_ega_zone_d_pct,fold14/test_horizon_15_ega_zone_d_count,fold14/test_horizon_15_ega_zone_e_pct,fold14/test_horizon_15_ega_zone_e_count,fold14/test_horizon_30_mae,fold14/test_horizon_30_rmse,fold14/test_horizon_30_mard,fold14/test_horizon_30_mape,fold14/test_horizon_30_r2,fold14/test_horizon_30_pearson,fold14/test_horizon_30_ega_zone_a_pct,fold14/test_horizon_30_ega_zone_a_count,fold14/test_horizon_30_ega_zone_b_pct,fold14/test_horizon_30_ega_zone_b_count,fold14/test_horizon_30_ega_zone_c_pct,fold14/test_horizon_30_ega_zone_c_count,fold14/test_horizon_30_ega_zone_d_pct,fold14/test_horizon_30_ega_zone_d_count,fold14/test_horizon_30_ega_zone_e_pct,fold14/test_horizon_30_ega_zone_e_count,fold14/test_horizon_45_mae,fold14/test_horizon_45_rmse,fold14/test_horizon_45_mard,fold14/test_horizon_45_mape,fold14/test_horizon_45_r2,fold14/test_horizon_45_pearson,fold14/test_horizon_45_ega_zone_a_pct,fold14/test_horizon_45_ega_zone_a_count,fold14/test_horizon_45_ega_zone_b_pct,fold14/test_horizon_45_ega_zone_b_count,fold14/test_horizon_45_ega_zone_c_pct,fold14/test_horizon_45_ega_zone_c_count,fold14/test_horizon_45_ega_zone_d_pct,fold14/test_horizon_45_ega_zone_d_count,fold14/test_horizon_45_ega_zone_e_pct,fold14/test_horizon_45_ega_zone_e_count,fold14/test_horizon_60_mae,fold14/test_horizon_60_rmse,fold14/test_horizon_60_mard,fold14/test_horizon_60_mape,fold14/test_horizon_60_r2,fold14/test_horizon_60_pearson,fold14/test_horizon_60_ega_zone_a_pct,fold14/test_horizon_60_ega_zone_a_count,fold14/test_horizon_60_ega_zone_b_pct,fold14/test_horizon_60_ega_zone_b_count,fold14/test_horizon_60_ega_zone_c_pct,fold14/test_horizon_60_ega_zone_c_count,fold14/test_horizon_60_ega_zone_d_pct,fold14/test_horizon_60_ega_zone_d_count,fold14/test_horizon_60_ega_zone_e_pct,fold14/test_horizon_60_ega_zone_e_count
0,0.4240375991560455,13.98972225189209,20.531518936157227,11.300801277160645,11.300801277160645,0.10627508163452148,0.37364691495895386,81.80199432373047,4594.0,18.126781463623047,1018.0,0.0,0.0,0.07122506946325302,4.0,0.0,0.0,12.655163764953613,18.834339141845703,10.249534606933594,10.249534606933594,0.23810309171676636,0.5067065954208374,84.18803405761719,1182.0,15.740739822387695,221.0,0.0,0.0,0.07122506946325302,1.0,0.0,0.0,13.793511390686035,20.277353286743164,11.15349292755127,11.15349292755127,0.11846059560775757,0.38843974471092224,82.40740966796875,1157.0,17.5213680267334,246.0,0.0,0.0,0.07122506946325302,1.0,0.0,0.0,14.460525512695312,21.143247604370117,11.673510551452637,11.673510551452637,0.054085373878479004,0.3113555610179901,80.8404541015625,1135.0,19.088319778442383,268.0,0.0,0.0,0.07122506946325302,1.0,0.0,0.0,15.049690246582031,21.753915786743164,12.126668930053711,12.126668930053711,0.018196702003479004,0.25716111063957214,79.77207946777344,1120.0,20.156694412231445,283.0,0.0,0.0,0.07122506946325302,1.0,0.0,0.0
step,fold15/train_loss,fold15/val_mae,fold15/val_rmse,fold15/val_mard,fold15/val_mape,fold15/val_r2,fold15/val_pearson,fold15/val_ega_zone_a_pct,fold15/val_ega_zone_a_count,fold15/val_ega_zone_b_pct,fold15/val_ega_zone_b_count,fold15/val_ega_zone_c_pct,fold15/val_ega_zone_c_count,fold15/val_ega_zone_d_pct,fold15/val_ega_zone_d_count,fold15/val_ega_zone_e_pct,fold15/val_ega_zone_e_count,fold15/val_horizon_15_mae,fold15/val_horizon_15_rmse,fold15/val_horizon_15_mard,fold15/val_horizon_15_mape,fold15/val_horizon_15_r2,fold15/val_horizon_15_pearson,fold15/val_horizon_15_ega_zone_a_pct,fold15/val_horizon_15_ega_zone_a_count,fold15/val_horizon_15_ega_zone_b_pct,fold15/val_horizon_15_ega_zone_b_count,fold15/val_horizon_15_ega_zone_c_pct,fold15/val_horizon_15_ega_zone_c_count,fold15/val_horizon_15_ega_zone_d_pct,fold15/val_horizon_15_ega_zone_d_count,fold15/val_horizon_15_ega_zone_e_pct,fold15/val_horizon_15_ega_zone_e_count,fold15/val_horizon_30_mae,fold15/val_horizon_30_rmse,fold15/val_horizon_30_mard,fold15/val_horizon_30_mape,fold15/val_horizon_30_r2,fold15/val_horizon_30_pearson,fold15/val_horizon_30_ega_zone_a_pct,fold15/val_horizon_30_ega_zone_a_count,fold15/val_horizon_30_ega_zone_b_pct,fold15/val_horizon_30_ega_zone_b_count,fold15/val_horizon_30_ega_zone_c_pct,fold15/val_horizon_30_ega_zone_c_count,fold15/val_horizon_30_ega_zone_d_pct,fold15/val_horizon_30_ega_zone_d_count,fold15/val_horizon_30_ega_zone_e_pct,fold15/val_horizon_30_ega_zone_e_count,fold15/val_horizon_45_mae,fold15/val_horizon_45_rmse,fold15/val_horizon_45_mard,fold15/val_horizon_45_mape,fold15/val_horizon_45_r2,fold15/val_horizon_45_pearson,fold15/val_horizon_45_ega_zone_a_pct,fold15/val_horizon_45_ega_zone_a_count,fold15/val_horizon_45_ega_zone_b_pct,fold15/val_horizon_45_ega_zone_b_count,fold15/val_horizon_45_ega_zone_c_pct,fold15/val_horizon_45_ega_zone_c_count,fold15/val_horizon_45_ega_zone_d_pct,fold15/val_horizon_45_ega_zone_d_count,fold15/val_horizon_45_ega_zone_e_pct,fold15/val_horizon_45_ega_zone_e_count,fold15/val_horizon_60_mae,fold15/val_horizon_60_rmse,fold15/val_horizon_60_mard,fold15/val_horizon_60_mape,fold15/val_horizon_60_r2,fold15/val_horizon_60_pearson,fold15/val_horizon_60_ega_zone_a_pct,fold15/val_horizon_60_ega_zone_a_count,fold15/val_horizon_60_ega_zone_b_pct,fold15/val_horizon_60_ega_zone_b_count,fold15/val_horizon_60_ega_zone_c_pct,fold15/val_horizon_60_ega_zone_c_count,fold15/val_horizon_60_ega_zone_d_pct,fold15/val_horizon_60_ega_zone_d_count,fold15/val_horizon_60_ega_zone_e_pct,fold15/val_horizon_60_ega_zone_e_count,fold15/diag_horizon_curriculum_progress,fold15/diag_loss_horizon_weight_0,fold15/diag_loss_horizon_weight_1,fold15/diag_loss_horizon_weight_2,fold15/diag_loss_horizon_weight_3
1,0.37354068264875967,15.363384246826172,23.189353942871094,13.364836692810059,13.364836692810059,0.15599441528320312,0.4015979468822479,80.35680389404297,16891.0,18.672693252563477,3925.0,0.0,0.0,0.9705042243003845,204.0,0.0,0.0,14.271944999694824,21.647525787353516,12.521550178527832,12.521550178527832,0.26642167568206787,0.5339548587799072,83.00666046142578,4362.0,16.02283477783203,842.0,0.0,0.0,0.9705042243003845,51.0,0.0,0.0,15.104890823364258,22.942190170288086,13.131702423095703,13.131702423095703,0.17464679479599,0.42750266194343567,80.81826782226562,4247.0,18.211227416992188,957.0,0.0,0.0,0.9705042243003845,51.0,0.0,0.0,15.890205383300781,23.789260864257812,13.839978218078613,13.839978218078613,0.11067509651184082,0.3341066539287567,79.20075988769531,4162.0,19.828733444213867,1042.0,0.0,0.0,0.9705042243003845,51.0,0.0,0.0,16.186498641967773,24.29189109802246,13.966115951538086,13.966115951538086,0.07167530059814453,0.2700892686843872,78.40152740478516,4120.0,20.627973556518555,1084.0,0.0,0.0,0.9705042243003845,51.0,0.0,0.0,0.0,0.3333333432674408,0.28333333134651184,0.21666665375232697,0.1666666716337204
2,0.341379688722366,14.945182800292969,23.095905303955078,12.924407005310059,12.924407005310059,0.16278308629989624,0.40903040766716003,81.40818786621094,17112.0,17.621313095092773,3704.0,0.0,0.0,0.9705042243003845,204.0,0.0,0.0,13.47136402130127,21.024431228637695,11.740530967712402,11.740530967712402,0.3080440163612366,0.5560272932052612,84.71931457519531,4452.0,14.3101806640625,752.0,0.0,0.0,0.9705042243003845,51.0,0.0,0.0,14.742988586425781,22.835216522216797,12.779026985168457,12.779026985168457,0.18232566118240356,0.43101197481155396,82.09324645996094,4314.0,16.936250686645508,890.0,0.0,0.0,0.9705042243003845,51.0,0.0,0.0,15.527393341064453,23.858694076538086,13.41097640991211,13.41097640991211,0.10547620058059692,0.33791446685791016,79.98097229003906,4203.0,19.048524856567383,1001.0,0.0,0.0,0.9705042243003845,51.0,0.0,0.0,16.03898811340332,24.514732360839844,13.767097473144531,13.767097473144531,0.054565250873565674,0.2675591707229614,78.83920288085938,4143.0,20.190296173095703,1061.0,0.0,0.0,0.9705042243003845,51.0,0.0,0.0,0.07142857142857142,0.3245614171028137,0.2788847088813782,0.21998745203018188,0.17656642198562622
3,0.31053664689625426,14.463628768920898,22.288549423217773,12.499083518981934,12.499083518981934,0.22029262781143188,0.4733826816082001,82.20266723632812,17279.0,16.826831817626953,3537.0,0.0,0.0,0.9705042243003845,204.0,0.0,0.0,12.402091979980469,19.216642379760742,10.809022903442383,10.809022903442383,0.4219239354133606,0.6538873910903931,86.66032409667969,4554.0,12.369172096252441,650.0,0.0,0.0,0.9705042243003845,51.0,0.0,0.0,14.265250205993652,21.940885543823242,12.356206893920898,12.356206893920898,0.2451191544532776,0.4982765316963196,82.74024963378906,4348.0,16.289249420166016,856.0,0.0,0.0,0.9705042243003845,51.0,0.0,0.0,15.24898910522461,23.36899185180664,13.157896995544434,13.157896995544434,0.14181971549987793,0.3859030604362488,80.5518569946289,4233.0,18.47764015197754,971.0,0.0,0.0,0.9705042243003845,51.0,0.0,0.0,15.938179016113281,24.296630859375,13.673210144042969,13.673210144042969,0.07131296396255493,0.2977010905742645,78.85823059082031,4144.0,20.1712646484375,1060.0,0.0,0.0,0.9705042243003845,51.0,0.0,0.0,0.14285714285714285,0.31578949093818665,0.2744360864162445,0.223308265209198,0.18646617233753204
4,0.2753666673971537,13.662654876708984,20.949214935302734,11.778281211853027,11.778281211853027,0.3111836314201355,0.5632957816123962,83.51094055175781,17554.0,15.523311614990234,3263.0,0.0,0.0,0.9657468795776367,203.0,0.0,0.0,10.92259693145752,16.541601181030273,9.511993408203125,9.511993408203125,0.571663498878479,0.7696605920791626,89.38153839111328,4697.0,9.666983604431152,508.0,0.0,0.0,0.9514747858047485,50.0,0.0,0.0,13.39871883392334,20.34351348876953,11.578389167785645,11.578389167785645,0.35103386640548706,0.5992404222488403,84.14842987060547,4422.0,14.881065368652344,782.0,0.0,0.0,0.9705042243003845,51.0,0.0,0.0,14.749536514282227,22.48519515991211,12.683897972106934,12.683897972106934,0.2055036425590515,0.45862245559692383,80.98953247070312,4256.0,18.039962768554688,948.0,0.0,0.0,0.9705042243003845,51.0,0.0,0.0,15.579773902893066,23.715211868286133,13.33884334564209,13.33884334564209,0.11522829532623291,0.3546205759048462,79.52426147460938,4179.0,19.505231857299805,1025.0,0.0,0.0,0.9705042243003845,51.0,0.0,0.0,0.21428571428571427,0.30701756477355957,0.26998746395111084,0.22662906348705292,0.19636592268943787
5,0.25691529313427147,13.109811782836914,20.14257049560547,11.268515586853027,11.268515586853027,0.36320769786834717,0.6103653907775879,84.77164459228516,17819.0,14.29115104675293,3004.0,0.0,0.0,0.9372026920318604,197.0,0.0,0.0,9.917579650878906,14.821228981018066,8.629534721374512,8.629534721374512,0.6561267375946045,0.8257849812507629,91.87440490722656,4828.0,7.288296699523926,383.0,0.0,0.0,0.8372978568077087,44.0,0.0,0.0,12.818785667419434,19.40445327758789,11.042190551757812,11.042190551757812,0.4095638394355774,0.6501152515411377,85.06185150146484,4470.0,13.967649459838867,734.0,0.0,0.0,0.9705042243003845,51.0,0.0,0.0,14.394888877868652,21.942453384399414,12.333176612854004,12.333176612854004,0.24339556694030762,0.4998845160007477,82.15033721923828,4317.0,16.879161834716797,887.0,0.0,0.0,0.9705042243003845,51.0,0.0,0.0,15.307998657226562,23.349939346313477,13.069161415100098,13.069161415100098,0.14227360486984253,0.38915446400642395,80.0,4204.0,19.029495239257812,1000.0,0.0,0.0,0.9705042243003845,51.0,0.0,0.0,0.2857142857142857,0.2982456088066101,0.2655388414859772,0.22994986176490784,0.2062656730413437
6,0.24572250677825086,12.722867965698242,19.624177932739258,10.932965278625488,10.932965278625488,0.39556318521499634,0.6368103623390198,85.70409393310547,18015.0,13.363462448120117,2809.0,0.0,0.0,0.9324452877044678,196.0,0.0,0.0,9.152965545654297,13.60737133026123,7.983997344970703,7.983997344970703,0.7101465463638306,0.8577409982681274,93.43482208251953,4910.0,5.746907711029053,302.0,0.0,0.0,0.8182682991027832,43.0,0.0,0.0,12.42300033569336,18.807252883911133,10.697404861450195,10.697404861450195,0.44534772634506226,0.677890419960022,86.12749481201172,4526.0,12.901997566223145,678.0,0.0,0.0,0.9705042243003845,51.0,0.0,0.0,14.164222717285156,21.597612380981445,12.122625350952148,12.122625350952148,0.2669897675514221,0.5232627391815186,82.85442352294922,4354.0,16.175071716308594,850.0,0.0,0.0,0.9705042243003845,51.0,0.0,0.0,15.151281356811523,23.13229751586914,12.92782974243164,12.92782974243164,0.15818864107131958,0.4072377383708954,80.39962005615234,4225.0,18.62987518310547,979.0,0.0,0.0,0.9705042243003845,51.0,0.0,0.0,0.35714285714285715,0.28947368264198303,0.2610902190208435,0.23327067494392395,0.2161654233932495
7,0.23857134362979723,12.3933687210083,19.232460021972656,10.65165901184082,10.65165901184082,0.4194525480270386,0.655051589012146,86.31303405761719,18143.0,12.764033317565918,2683.0,0.0,0.0,0.9229305386543274,194.0,0.0,0.0,8.468069076538086,12.588900566101074,7.412635326385498,7.412635326385498,0.7519121170043945,0.8810883164405823,94.4814453125,4965.0,4.738344192504883,249.0,0.0,0.0,0.7802093625068665,41.0,0.0,0.0,12.083125114440918,18.334592819213867,10.405625343322754,10.405625343322754,0.47287625074386597,0.6979403495788574,87.00285339355469,4572.0,12.026641845703125,632.0,0.0,0.0,0.9705042243003845,51.0,0.0,0.0,13.976834297180176,21.34926986694336,11.95407772064209,11.95407772064209,0.2837499976158142,0.5389701724052429,82.98763275146484,4361.0,16.0418643951416,843.0,0.0,0.0,0.9705042243003845,51.0,0.0,0.0,15.045446395874023,23.00263214111328,12.834299087524414,12.834299087524414,0.16759955883026123,0.41738855838775635,80.78020477294922,4245.0,18.249286651611328,959.0,0.0,0.0,0.9705042243003845,51.0,0.0,0.0,0.42857142857142855,0.28070175647735596,0.25664159655570984,0.23659147322177887,0.22606515884399414
8,0.23367290254321432,12.1755952835083,18.968311309814453,10.470973014831543,10.470973014831543,0.4352901577949524,0.66645348072052,86.73644256591797,18232.0,12.354900360107422,2597.0,0.0,0.0,0.9086583852767944,191.0,0.0,0.0,7.945052146911621,11.833641052246094,6.9714860916137695,6.9714860916137695,0.7807867527008057,0.8960053324699402,95.3377685546875,5010.0,3.9010465145111084,205.0,0.0,0.0,0.7611798048019409,40.0,0.0,0.0,11.854063034057617,17.98851776123047,10.215325355529785,10.215325355529785,0.4925878643989563,0.7116091251373291,87.57373809814453,4602.0,11.493815422058105,604.0,0.0,0.0,0.9324452877044678,49.0,0.0,0.0,13.882742881774902,21.180768966674805,11.881892204284668,11.881892204284668,0.29501163959503174,0.5487163066864014,83.33016204833984,4379.0,15.699334144592285,825.0,0.0,0.0,0.9705042243003845,51.0,0.0,0.0,15.020527839660645,22.955184936523438,12.815183639526367,12.815183639526367,0.17103004455566406,0.42108631134033203,80.70409393310547,4241.0,18.32540512084961,963.0,0.0,0.0,0.9705042243003845,51.0,0.0,0.0,0.5,0.2719298303127289,0.25219297409057617,0.2399122714996338,0.23596492409706116
9,0.22976120113882328,12.003289222717285,18.77062225341797,10.321778297424316,10.321778297424316,0.446999728679657,0.6741328835487366,86.93148803710938,18273.0,12.169363021850586,2558.0,0.0,0.0,0.8991436958312988,189.0,0.0,0.0,7.56296443939209,11.280652046203613,6.6537089347839355,6.6537089347839355,0.80079585313797,0.9043260216712952,95.69933319091797,5029.0,3.558515787124634,187.0,0.0,0.0,0.7421503067016602,39.0,0.0,0.0,11.649341583251953,17.70400619506836,10.04308032989502,10.04308032989502,0.5085117220878601,0.7215730547904968,87.85918426513672,4617.0,11.227402687072754,590.0,0.0,0.0,0.9134157299995422,48.0,0.0,0.0,13.800813674926758,21.0523681640625,11.80613899230957,11.80613899230957,0.30353307723999023,0.5561132431030273,83.4823989868164,4387.0,15.547098159790039,817.0,0.0,0.0,0.9705042243003845,51.0,0.0,0.0,15.00003433227539,22.92286491394043,12.784187316894531,12.784187316894531,0.17336267232894897,0.4243259131908417,80.68505859375,4240.0,18.344432830810547,964.0,0.0,0.0,0.9705042243003845,51.0,0.0,0.0,0.5714285714285714,0.2631579041481018,0.2477443516254425,0.2432330846786499,0.24586467444896698
10,0.22895029848982787,11.927237510681152,18.68035125732422,10.259660720825195,10.259660720825195,0.4523058533668518,0.6774803996086121,87.05994415283203,18300.0,12.05042839050293,2533.0,0.0,0.0,0.8896289467811584,187.0,0.0,0.0,7.34943151473999,10.969217300415039,6.477644920349121,6.477644920349121,0.8116431832313538,0.9089794158935547,96.0038070678711,5045.0,3.273073196411133,172.0,0.0,0.0,0.7231208682060242,38.0,0.0,0.0,11.544473648071289,17.54290199279785,9.958267211914062,9.958267211914062,0.5174159407615662,0.7271673679351807,87.97335815429688,4623.0,11.132255554199219,585.0,0.0,0.0,0.8943862915039062,47.0,0.0,0.0,13.787355422973633,21.012596130371094,11.79825496673584,11.79825496673584,0.30616211891174316,0.5580866932868958,83.57754516601562,4392.0,15.451950073242188,812.0,0.0,0.0,0.9705042243003845,51.0,0.0,0.0,15.02768611907959,22.939395904541016,12.804478645324707,12.804478645324707,0.17216992378234863,0.42291882634162903,80.68505859375,4240.0,18.344432830810547,964.0,0.0,0.0,0.9705042243003845,51.0,0.0,0.0,0.6428571428571429,0.25438597798347473,0.24329572916030884,0.24655388295650482,0.2557644248008728
11,0.22706506913180854,11.853047370910645,18.571266174316406,10.202532768249512,10.202532768249512,0.4586837887763977,0.6816754937171936,87.08372497558594,18305.0,12.021883964538574,2527.0,0.0,0.0,0.8943862915039062,188.0,0.0,0.0,7.187743663787842,10.698497772216797,6.35768461227417,6.35768461227417,0.8208257555961609,0.9129122495651245,96.09895324707031,5050.0,3.1588964462280273,166.0,0.0,0.0,0.7421503067016602,39.0,0.0,0.0,11.453474044799805,17.3848934173584,9.889362335205078,9.889362335205078,0.5260701179504395,0.7325621247291565,88.06851196289062,4628.0,11.037107467651367,580.0,0.0,0.0,0.8943862915039062,47.0,0.0,0.0,13.751397132873535,20.94405174255371,11.76638126373291,11.76638126373291,0.31068140268325806,0.5620039701461792,83.53948974609375,4390.0,15.490009307861328,814.0,0.0,0.0,0.9705042243003845,51.0,0.0,0.0,15.019577026367188,22.895891189575195,12.796706199645996,12.796706199645996,0.17530691623687744,0.42643359303474426,80.62797546386719,4237.0,18.40152359008789,967.0,0.0,0.0,0.9705042243003845,51.0,0.0,0.0,0.7142857142857143,0.24561403691768646,0.23884710669517517,0.24987469613552094,0.26566416025161743
12,0.22787868625716196,11.845388412475586,18.580909729003906,10.187588691711426,10.187588691711426,0.4581214189529419,0.6812427043914795,87.14081573486328,18317.0,11.979066848754883,2518.0,0.0,0.0,0.8801141977310181,185.0,0.0,0.0,7.1372504234313965,10.625648498535156,6.313234329223633,6.313234329223633,0.823257565498352,0.9142209887504578,96.213134765625,5056.0,3.1018078327178955,163.0,0.0,0.0,0.6850618124008179,36.0,0.0,0.0,11.437127113342285,17.373062133789062,9.870478630065918,9.870478630065918,0.5267149209976196,0.7329181432723999,88.08753204345703,4629.0,11.018077850341797,579.0,0.0,0.0,0.8943862915039062,47.0,0.0,0.0,13.774515151977539,20.977222442626953,11.778349876403809,11.778349876403809,0.30849623680114746,0.5600332617759705,83.55851745605469,4391.0,15.470979690551758,813.0,0.0,0.0,0.9705042243003845,51.0,0.0,0.0,15.032662391662598,22.939687728881836,12.788290023803711,12.788290023803711,0.17214882373809814,0.42385172843933105,80.70409393310547,4241.0,18.32540512084961,963.0,0.0,0.0,0.9705042243003845,51.0,0.0,0.0,0.7857142857142857,0.23684212565422058,0.2343984991312027,0.25319552421569824,0.27556392550468445
13,0.22624214639784504,11.833667755126953,18.57037925720215,10.16884708404541,10.16884708404541,0.45873546600341797,0.6819852590560913,87.2454833984375,18339.0,11.888677597045898,2499.0,0.0,0.0,0.8658420443534851,182.0,0.0,0.0,7.080525875091553,10.543536186218262,6.259795188903809,6.259795188903809,0.8259786367416382,0.91609126329422,96.3463363647461,5063.0,3.0066604614257812,158.0,0.0,0.0,0.6470028758049011,34.0,0.0,0.0,11.409067153930664,17.333942413330078,9.839240074157715,9.839240074157715,0.5288439989089966,0.7348297834396362,88.27783203125,4639.0,10.84681224822998,570.0,0.0,0.0,0.8753567934036255,46.0,0.0,0.0,13.782939910888672,20.986547470092773,11.771688461303711,11.771688461303711,0.30788135528564453,0.5599291920661926,83.63463592529297,4395.0,15.394862174987793,809.0,0.0,0.0,0.9705042243003845,51.0,0.0,0.0,15.062134742736816,22.964519500732422,12.804667472839355,12.804667472839355,0.1703556776046753,0.4219966530799866,80.7231216430664,4242.0,18.306373596191406,962.0,0.0,0.0,0.9705042243003845,51.0,0.0,0.0,0.8571428571428571,0.22807016968727112,0.22994986176490784,0.25651630759239197,0.2854636609554291
14,0.22548746400902772,11.84409236907959,18.578533172607422,10.169888496398926,10.169888496398926,0.4582599997520447,0.6816561818122864,87.22644805908203,18335.0,11.917221069335938,2505.0,0.0,0.0,0.8563272953033447,180.0,0.0,0.0,7.074068546295166,10.49622631072998,6.257704734802246,6.257704734802246,0.8275368213653564,0.9168067574501038,96.47953796386719,5070.0,2.8924834728240967,152.0,0.0,0.0,0.6279733777046204,33.0,0.0,0.0,11.415677070617676,17.318761825561523,9.84367561340332,9.84367561340332,0.5296688675880432,0.7354074120521545,88.2397689819336,4637.0,10.884871482849121,572.0,0.0,0.0,0.8753567934036255,46.0,0.0,0.0,13.799125671386719,20.998950958251953,11.775731086730957,11.775731086730957,0.3070629835128784,0.5593425631523132,83.42530822753906,4384.0,15.62321662902832,821.0,0.0,0.0,0.9514747858047485,50.0,0.0,0.0,15.087496757507324,23.012638092041016,12.802441596984863,12.802441596984863,0.16687524318695068,0.41931286454200745,80.76118469238281,4244.0,18.2683162689209,960.0,0.0,0.0,0.9705042243003845,51.0,0.0,0.0,0.9285714285714286,0.21929824352264404,0.22550123929977417,0.2598370909690857,0.2953633964061737
15,0.224734290079637,11.828282356262207,18.558685302734375,10.156898498535156,10.156898498535156,0.4594169855117798,0.6822412610054016,87.26451110839844,18343.0,11.879162788391113,2497.0,0.0,0.0,0.8563272953033447,180.0,0.0,0.0,7.046346664428711,10.42882251739502,6.245729446411133,6.245729446411133,0.8297446966171265,0.917351245880127,96.49857330322266,5071.0,2.8734538555145264,151.0,0.0,0.0,0.6279733777046204,33.0,0.0,0.0,11.386828422546387,17.279651641845703,9.817827224731445,9.817827224731445,0.5317906737327576,0.7364406585693359,88.29685974121094,4640.0,10.82778263092041,569.0,0.0,0.0,0.8753567934036255,46.0,0.0,0.0,13.795707702636719,21.00007438659668,11.767326354980469,11.767326354980469,0.30698883533477783,0.5594228506088257,83.50142669677734,4388.0,15.547098159790039,817.0,0.0,0.0,0.9514747858047485,50.0,0.0,0.0,15.084250450134277,23.00758934020996,12.796710014343262,12.796710014343262,0.1672406792640686,0.4203368127346039,80.76118469238281,4244.0,18.2683162689209,960.0,0.0,0.0,0.9705042243003845,51.0,0.0,0.0,1.0,0.21052631735801697,0.2210526168346405,0.2631579041481018,0.3052631616592407
16,0.2225743677639215,11.82213306427002,18.56061363220215,10.14011287689209,10.14011287689209,0.4593045711517334,0.6822213530540466,87.14081573486328,18317.0,12.002854347229004,2523.0,0.0,0.0,0.8563272953033447,180.0,0.0,0.0,6.988674640655518,10.366155624389648,6.187182903289795,6.187182903289795,0.831784725189209,0.918562114238739,96.53662872314453,5073.0,2.835394859313965,149.0,0.0,0.0,0.6279733777046204,33.0,0.0,0.0,11.370738983154297,17.25751304626465,9.797994613647461,9.797994613647461,0.5329896211624146,0.7373314499855042,88.14462280273438,4632.0,10.980018615722656,577.0,0.0,0.0,0.8753567934036255,46.0,0.0,0.0,13.81708812713623,21.012401580810547,11.775819778442383,11.775819778442383,0.30617499351501465,0.5586366057395935,83.2730712890625,4376.0,15.75642204284668,828.0,0.0,0.0,0.9705042243003845,51.0,0.0,0.0,15.112027168273926,23.047462463378906,12.79944896697998,12.79944896697998,0.16435182094573975,0.41807982325553894,80.60894775390625,4236.0,18.43958282470703,969.0,0.0,0.0,0.9514747858047485,50.0,0.0,0.0,1.0,0.21052631735801697,0.2210526168346405,0.2631579041481018,0.3052631616592407
17,0.22110937933275135,11.830132484436035,18.558759689331055,10.146536827087402,10.146536827087402,0.4594126343727112,0.6822069883346558,87.17887878417969,18325.0,11.969552993774414,2516.0,0.0,0.0,0.8515699505805969,179.0,0.0,0.0,6.993344306945801,10.349178314208984,6.185179710388184,6.185179710388184,0.8323352336883545,0.9193147420883179,96.59371948242188,5076.0,2.7973358631134033,147.0,0.0,0.0,0.6089438796043396,32.0,0.0,0.0,11.374604225158691,17.24578094482422,9.799890518188477,9.799890518188477,0.5336244106292725,0.7377741932868958,88.22074127197266,4636.0,10.903901100158691,573.0,0.0,0.0,0.8753567934036255,46.0,0.0,0.0,13.825589179992676,21.01579475402832,11.782559394836426,11.782559394836426,0.30595093965530396,0.5582666397094727,83.29209899902344,4377.0,15.737393379211426,827.0,0.0,0.0,0.9705042243003845,51.0,0.0,0.0,15.126995086669922,23.054805755615234,12.81851863861084,12.81851863861084,0.16381913423538208,0.4174500107765198,80.60894775390625,4236.0,18.43958282470703,969.0,0.0,0.0,0.9514747858047485,50.0,0.0,0.0,1.0,0.21052631735801697,0.2210526168346405,0.2631579041481018,0.3052631616592407
18,0.2199146507749259,11.824493408203125,18.581619262695312,10.1337308883667,10.1337308883667,0.4580800533294678,0.6814929246902466,87.19790649414062,18329.0,11.955280303955078,2513.0,0.0,0.0,0.8468126058578491,178.0,0.0,0.0,6.973801136016846,10.356301307678223,6.16153621673584,6.16153621673584,0.8321043848991394,0.9191936254501343,96.57469177246094,5075.0,2.835394859313965,149.0,0.0,0.0,0.5899143815040588,31.0,0.0,0.0,11.363405227661133,17.267396926879883,9.780329704284668,9.780329704284668,0.5324546098709106,0.7373332381248474,88.20171356201172,4635.0,10.922930717468262,574.0,0.0,0.0,0.8753567934036255,46.0,0.0,0.0,13.824148178100586,21.041810989379883,11.773319244384766,11.773319244384766,0.3042314648628235,0.5570513010025024,83.4823989868164,4387.0,15.547098159790039,817.0,0.0,0.0,0.9705042243003845,51.0,0.0,0.0,15.136619567871094,23.0853328704834,12.819737434387207,12.819737434387207,0.16160345077514648,0.4151599705219269,80.53282165527344,4232.0,18.51569938659668,973.0,0.0,0.0,0.9514747858047485,50.0,0.0,0.0,1.0,0.21052631735801697,0.2210526168346405,0.2631579041481018,0.3052631616592407
19,0.21711085414744347,11.84311580657959,18.621646881103516,10.142168045043945,10.142168045043945,0.4557427763938904,0.6798405051231384,87.15509033203125,18320.0,12.007612228393555,2524.0,0.0,0.0,0.8372978568077087,176.0,0.0,0.0,6.977706432342529,10.360060691833496,6.159943580627441,6.159943580627441,0.8319824934005737,0.9188435673713684,96.59371948242188,5076.0,2.835394859313965,149.0,0.0,0.0,0.5708848834037781,30.0,0.0,0.0,11.372654914855957,17.285741806030273,9.78361988067627,9.78361988067627,0.5314606428146362,0.7365677952766418,88.06851196289062,4628.0,11.056137084960938,581.0,0.0,0.0,0.8753567934036255,46.0,0.0,0.0,13.846441268920898,21.092147827148438,11.783942222595215,11.783942222595215,0.30089861154556274,0.554485559463501,83.52045440673828,4389.0,15.528067588806152,816.0,0.0,0.0,0.9514747858047485,50.0,0.0,0.0,15.17566204071045,23.152896881103516,12.841168403625488,12.841168403625488,0.15668874979019165,0.41129162907600403,80.43767547607422,4227.0,18.61084747314453,978.0,0.0,0.0,0.9514747858047485,50.0,0.0,0.0,1.0,0.21052631735801697,0.2210526168346405,0.2631579041481018,0.3052631616592407
20,0.21670500223487393,11.860414505004883,18.641613006591797,10.156314849853516,10.156314849853516,0.4545751214027405,0.6787682771682739,87.11227416992188,18311.0,12.055185317993164,2534.0,0.0,0.0,0.8325404524803162,175.0,0.0,0.0,6.9663801193237305,10.354443550109863,6.148311138153076,6.148311138153076,0.8321646451950073,0.9189292788505554,96.59371948242188,5076.0,2.854424238204956,150.0,0.0,0.0,0.5518553853034973,29.0,0.0,0.0,11.382126808166504,17.29273223876953,9.7939453125,9.7939453125,0.5310815572738647,0.736070454120636,87.97335815429688,4623.0,11.151285171508789,586.0,0.0,0.0,0.8753567934036255,46.0,0.0,0.0,13.873794555664062,21.11640739440918,11.805832862854004,11.805832862854004,0.2992894649505615,0.5528915524482727,83.4823989868164,4387.0,15.566126823425293,818.0,0.0,0.0,0.9514747858047485,50.0,0.0,0.0,15.219356536865234,23.192302703857422,12.87717056274414,12.87717056274414,0.15381574630737305,0.408510684967041,80.39962005615234,4225.0,18.648906707763672,980.0,0.0,0.0,0.9514747858047485,50.0,0.0,0.0,1.0,0.21052631735801697,0.2210526168346405,0.2631579041481018,0.3052631616592407
21,0.21478421251038327,11.87380599975586,18.635461807250977,10.176054000854492,10.176054000854492,0.4549349546432495,0.6786871552467346,87.06470489501953,18301.0,12.098001480102539,2543.0,0.0,0.0,0.8372978568077087,176.0,0.0,0.0,6.980395317077637,10.357680320739746,6.169010639190674,6.169010639190674,0.8320596814155579,0.9186186790466309,96.53662872314453,5073.0,2.8924834728240967,152.0,0.0,0.0,0.5708848834037781,30.0,0.0,0.0,11.399375915527344,17.29249382019043,9.817604064941406,9.817604064941406,0.5310944318771362,0.7356356978416443,87.85918426513672,4617.0,11.265460968017578,592.0,0.0,0.0,0.8753567934036255,46.0,0.0,0.0,13.89067554473877,21.110332489013672,11.82829761505127,11.82829761505127,0.2996925711631775,0.5528047680854797,83.50142669677734,4388.0,15.547098159790039,817.0,0.0,0.0,0.9514747858047485,50.0,0.0,0.0,15.224778175354004,23.176794052124023,12.889303207397461,12.889303207397461,0.15494686365127563,0.4096086323261261,80.36156463623047,4223.0,18.686965942382812,982.0,0.0,0.0,0.9514747858047485,50.0,0.0,0.0,1.0,0.21052631735801697,0.2210526168346405,0.2631579041481018,0.3052631616592407
22,0.21417762692212702,11.888179779052734,18.659942626953125,10.184599876403809,10.184599876403809,0.45350193977355957,0.6777150630950928,87.11227416992188,18311.0,12.045671463012695,2532.0,0.0,0.0,0.8420552015304565,177.0,0.0,0.0,6.977609157562256,10.360589027404785,6.1677703857421875,6.1677703857421875,0.8319653272628784,0.9185147285461426,96.49857330322266,5071.0,2.911512851715088,153.0,0.0,0.0,0.5899143815040588,31.0,0.0,0.0,11.407905578613281,17.312658309936523,9.82072925567627,9.82072925567627,0.5300002098083496,0.7351291179656982,88.06851196289062,4628.0,11.056137084960938,581.0,0.0,0.0,0.8753567934036255,46.0,0.0,0.0,13.909841537475586,21.13458824157715,11.840256690979004,11.840256690979004,0.2980823516845703,0.5515297651290894,83.55851745605469,4391.0,15.490009307861328,814.0,0.0,0.0,0.9514747858047485,50.0,0.0,0.0,15.257368087768555,23.217086791992188,12.909639358520508,12.909639358520508,0.1520061492919922,0.40699824690818787,80.32350158691406,4221.0,18.72502326965332,984.0,0.0,0.0,0.9514747858047485,50.0,0.0,0.0,1.0,0.21052631735801697,0.2210526168346405,0.2631579041481018,0.3052631616592407
23,0.21296072714641445,11.886188507080078,18.67058753967285,10.175427436828613,10.175427436828613,0.45287829637527466,0.677247166633606,87.10751342773438,18310.0,12.055185317993164,2534.0,0.0,0.0,0.8372978568077087,176.0,0.0,0.0,6.9698076248168945,10.362926483154297,6.155821800231934,6.155821800231934,0.8318895101547241,0.9187111258506775,96.53662872314453,5073.0,2.8924834728240967,152.0,0.0,0.0,0.5708848834037781,30.0,0.0,0.0,11.406400680541992,17.316085815429688,9.813361167907715,9.813361167907715,0.5298141241073608,0.7349311709403992,87.97335815429688,4623.0,11.151285171508789,586.0,0.0,0.0,0.8753567934036255,46.0,0.0,0.0,13.906340599060059,21.145009994506836,11.828802108764648,11.828802108764648,0.2973899245262146,0.5509415864944458,83.50142669677734,4388.0,15.547098159790039,817.0,0.0,0.0,0.9514747858047485,50.0,0.0,0.0,15.262206077575684,23.238218307495117,12.903726577758789,12.903726577758789,0.15046191215515137,0.40580299496650696,80.41864776611328,4226.0,18.62987518310547,979.0,0.0,0.0,0.9514747858047485,50.0,0.0,0.0,1.0,0.21052631735801697,0.2210526168346405,0.2631579041481018,0.3052631616592407
step,fold15/test_loss,fold15/test_mae,fold15/test_rmse,fold15/test_mard,fold15/test_mape,fold15/test_r2,fold15/test_pearson,fold15/test_ega_zone_a_pct,fold15/test_ega_zone_a_count,fold15/test_ega_zone_b_pct,fold15/test_ega_zone_b_count,fold15/test_ega_zone_c_pct,fold15/test_ega_zone_c_count,fold15/test_ega_zone_d_pct,fold15/test_ega_zone_d_count,fold15/test_ega_zone_e_pct,fold15/test_ega_zone_e_count,fold15/test_horizon_15_mae,fold15/test_horizon_15_rmse,fold15/test_horizon_15_mard,fold15/test_horizon_15_mape,fold15/test_horizon_15_r2,fold15/test_horizon_15_pearson,fold15/test_horizon_15_ega_zone_a_pct,fold15/test_horizon_15_ega_zone_a_count,fold15/test_horizon_15_ega_zone_b_pct,fold15/test_horizon_15_ega_zone_b_count,fold15/test_horizon_15_ega_zone_c_pct,fold15/test_horizon_15_ega_zone_c_count,fold15/test_horizon_15_ega_zone_d_pct,fold15/test_horizon_15_ega_zone_d_count,fold15/test_horizon_15_ega_zone_e_pct,fold15/test_horizon_15_ega_zone_e_count,fold15/test_horizon_30_mae,fold15/test_horizon_30_rmse,fold15/test_horizon_30_mard,fold15/test_horizon_30_mape,fold15/test_horizon_30_r2,fold15/test_horizon_30_pearson,fold15/test_horizon_30_ega_zone_a_pct,fold15/test_horizon_30_ega_zone_a_count,fold15/test_horizon_30_ega_zone_b_pct,fold15/test_horizon_30_ega_zone_b_count,fold15/test_horizon_30_ega_zone_c_pct,fold15/test_horizon_30_ega_zone_c_count,fold15/test_horizon_30_ega_zone_d_pct,fold15/test_horizon_30_ega_zone_d_count,fold15/test_horizon_30_ega_zone_e_pct,fold15/test_horizon_30_ega_zone_e_count,fold15/test_horizon_45_mae,fold15/test_horizon_45_rmse,fold15/test_horizon_45_mard,fold15/test_horizon_45_mape,fold15/test_horizon_45_r2,fold15/test_horizon_45_pearson,fold15/test_horizon_45_ega_zone_a_pct,fold15/test_horizon_45_ega_zone_a_count,fold15/test_horizon_45_ega_zone_b_pct,fold15/test_horizon_45_ega_zone_b_count,fold15/test_horizon_45_ega_zone_c_pct,fold15/test_horizon_45_ega_zone_c_count,fold15/test_horizon_45_ega_zone_d_pct,fold15/test_horizon_45_ega_zone_d_count,fold15/test_horizon_45_ega_zone_e_pct,fold15/test_horizon_45_ega_zone_e_count,fold15/test_horizon_60_mae,fold15/test_horizon_60_rmse,fold15/test_horizon_60_mard,fold15/test_horizon_60_mape,fold15/test_horizon_60_r2,fold15/test_horizon_60_pearson,fold15/test_horizon_60_ega_zone_a_pct,fold15/test_horizon_60_ega_zone_a_count,fold15/test_horizon_60_ega_zone_b_pct,fold15/test_horizon_60_ega_zone_b_count,fold15/test_horizon_60_ega_zone_c_pct,fold15/test_horizon_60_ega_zone_c_count,fold15/test_horizon_60_ega_zone_d_pct,fold15/test_horizon_60_ega_zone_d_count,fold15/test_horizon_60_ega_zone_e_pct,fold15/test_horizon_60_ega_zone_e_count
0,0.3797177410934986,13.245522499084473,19.15598487854004,11.607815742492676,11.607815742492676,-0.7194129228591919,0.17023739218711853,82.04960632324219,1257.0,17.689294815063477,271.0,0.0,0.0,0.2610965967178345,4.0,0.0,0.0,9.362849235534668,12.571246147155762,8.392068862915039,8.392068862915039,0.28082799911499023,0.7068581581115723,95.0391616821289,364.0,4.438642501831055,17.0,0.0,0.0,0.522193193435669,2.0,0.0,0.0,12.808034896850586,18.234834671020508,11.2216157913208,11.2216157913208,-0.5413702726364136,0.2321201115846634,80.93994903564453,310.0,18.537858963012695,71.0,0.0,0.0,0.522193193435669,2.0,0.0,0.0,14.739447593688965,21.353694915771484,12.814380645751953,12.814380645751953,-1.192309856414795,-0.04469271004199982,78.3289794921875,300.0,21.671018600463867,83.0,0.0,0.0,0.0,0.0,0.0,0.0,16.071758270263672,22.83159065246582,14.003199577331543,14.003199577331543,-1.4846854209899902,-0.1602144092321396,73.89034271240234,283.0,26.10965919494629,100.0,0.0,0.0,0.0,0.0,0.0,0.0
step,fold16/train_loss,fold16/val_mae,fold16/val_rmse,fold16/val_mard,fold16/val_mape,fold16/val_r2,fold16/val_pearson,fold16/val_ega_zone_a_pct,fold16/val_ega_zone_a_count,fold16/val_ega_zone_b_pct,fold16/val_ega_zone_b_count,fold16/val_ega_zone_c_pct,fold16/val_ega_zone_c_count,fold16/val_ega_zone_d_pct,fold16/val_ega_zone_d_count,fold16/val_ega_zone_e_pct,fold16/val_ega_zone_e_count,fold16/val_horizon_15_mae,fold16/val_horizon_15_rmse,fold16/val_horizon_15_mard,fold16/val_horizon_15_mape,fold16/val_horizon_15_r2,fold16/val_horizon_15_pearson,fold16/val_horizon_15_ega_zone_a_pct,fold16/val_horizon_15_ega_zone_a_count,fold16/val_horizon_15_ega_zone_b_pct,fold16/val_horizon_15_ega_zone_b_count,fold16/val_horizon_15_ega_zone_c_pct,fold16/val_horizon_15_ega_zone_c_count,fold16/val_horizon_15_ega_zone_d_pct,fold16/val_horizon_15_ega_zone_d_count,fold16/val_horizon_15_ega_zone_e_pct,fold16/val_horizon_15_ega_zone_e_count,fold16/val_horizon_30_mae,fold16/val_horizon_30_rmse,fold16/val_horizon_30_mard,fold16/val_horizon_30_mape,fold16/val_horizon_30_r2,fold16/val_horizon_30_pearson,fold16/val_horizon_30_ega_zone_a_pct,fold16/val_horizon_30_ega_zone_a_count,fold16/val_horizon_30_ega_zone_b_pct,fold16/val_horizon_30_ega_zone_b_count,fold16/val_horizon_30_ega_zone_c_pct,fold16/val_horizon_30_ega_zone_c_count,fold16/val_horizon_30_ega_zone_d_pct,fold16/val_horizon_30_ega_zone_d_count,fold16/val_horizon_30_ega_zone_e_pct,fold16/val_horizon_30_ega_zone_e_count,fold16/val_horizon_45_mae,fold16/val_horizon_45_rmse,fold16/val_horizon_45_mard,fold16/val_horizon_45_mape,fold16/val_horizon_45_r2,fold16/val_horizon_45_pearson,fold16/val_horizon_45_ega_zone_a_pct,fold16/val_horizon_45_ega_zone_a_count,fold16/val_horizon_45_ega_zone_b_pct,fold16/val_horizon_45_ega_zone_b_count,fold16/val_horizon_45_ega_zone_c_pct,fold16/val_horizon_45_ega_zone_c_count,fold16/val_horizon_45_ega_zone_d_pct,fold16/val_horizon_45_ega_zone_d_count,fold16/val_horizon_45_ega_zone_e_pct,fold16/val_horizon_45_ega_zone_e_count,fold16/val_horizon_60_mae,fold16/val_horizon_60_rmse,fold16/val_horizon_60_mard,fold16/val_horizon_60_mape,fold16/val_horizon_60_r2,fold16/val_horizon_60_pearson,fold16/val_horizon_60_ega_zone_a_pct,fold16/val_horizon_60_ega_zone_a_count,fold16/val_horizon_60_ega_zone_b_pct,fold16/val_horizon_60_ega_zone_b_count,fold16/val_horizon_60_ega_zone_c_pct,fold16/val_horizon_60_ega_zone_c_count,fold16/val_horizon_60_ega_zone_d_pct,fold16/val_horizon_60_ega_zone_d_count,fold16/val_horizon_60_ega_zone_e_pct,fold16/val_horizon_60_ega_zone_e_count,fold16/diag_horizon_curriculum_progress,fold16/diag_loss_horizon_weight_0,fold16/diag_loss_horizon_weight_1,fold16/diag_loss_horizon_weight_2,fold16/diag_loss_horizon_weight_3
1,0.3639897864505909,15.7189359664917,23.624128341674805,13.870918273925781,13.870918273925781,0.09360212087631226,0.30610159039497375,76.57854461669922,14020.0,22.28533935546875,4080.0,0.0,0.0,1.1361154317855835,208.0,0.0,0.0,14.68652057647705,22.23070526123047,12.992066383361816,12.992066383361816,0.19554299116134644,0.44918927550315857,78.98186492919922,3615.0,19.88201904296875,910.0,0.0,0.0,1.1361154317855835,52.0,0.0,0.0,15.576735496520996,23.443782806396484,13.796546936035156,13.796546936035156,0.10493636131286621,0.32438644766807556,76.53485107421875,3503.0,22.329036712646484,1022.0,0.0,0.0,1.1361154317855835,52.0,0.0,0.0,16.040781021118164,24.1057186126709,14.121251106262207,14.121251106262207,0.055946528911590576,0.23920363187789917,76.01049041748047,3479.0,22.853397369384766,1046.0,0.0,0.0,1.1361154317855835,52.0,0.0,0.0,16.57170867919922,24.64744758605957,14.573806762695312,14.573806762695312,0.018634140491485596,0.15872780978679657,74.78697967529297,3423.0,24.076906204223633,1102.0,0.0,0.0,1.1361154317855835,52.0,0.0,0.0,0.0,0.3333333432674408,0.28333333134651184,0.21666665375232697,0.1666666716337204
2,0.3294764847413033,15.417468070983887,23.773239135742188,13.45214557647705,13.45214557647705,0.08212387561798096,0.3190135955810547,78.29910278320312,14335.0,20.564781188964844,3765.0,0.0,0.0,1.1361154317855835,208.0,0.0,0.0,14.085113525390625,21.923137664794922,12.316533088684082,12.316533088684082,0.2176486849784851,0.47302311658859253,81.03561401367188,3709.0,17.828271865844727,816.0,0.0,0.0,1.1361154317855835,52.0,0.0,0.0,15.245206832885742,23.57050323486328,13.329553604125977,13.329553604125977,0.09523409605026245,0.33639082312583923,78.82892608642578,3608.0,20.034957885742188,917.0,0.0,0.0,1.1361154317855835,52.0,0.0,0.0,15.893983840942383,24.4190616607666,13.858805656433105,13.858805656433105,0.031244099140167236,0.2469053715467453,77.38693237304688,3542.0,21.47694969177246,983.0,0.0,0.0,1.1361154317855835,52.0,0.0,0.0,16.445560455322266,25.063608169555664,14.303691864013672,14.303691864013672,-0.014785528182983398,0.17119519412517548,75.94493865966797,3476.0,22.918943405151367,1049.0,0.0,0.0,1.1361154317855835,52.0,0.0,0.0,0.07142857142857142,0.3245614171028137,0.2788847088813782,0.21998745203018188,0.17656642198562622
3,0.303193600980231,14.914019584655762,23.170242309570312,12.977184295654297,12.977184295654297,0.12809640169143677,0.38398486375808716,79.42430114746094,14541.0,19.439590454101562,3559.0,0.0,0.0,1.1361154317855835,208.0,0.0,0.0,13.094999313354492,20.41569709777832,11.404739379882812,11.404739379882812,0.32153916358947754,0.5717800259590149,83.78850555419922,3835.0,15.075376510620117,690.0,0.0,0.0,1.1361154317855835,52.0,0.0,0.0,14.713956832885742,22.877836227416992,12.83240032196045,12.83240032196045,0.1476294994354248,0.4058587849140167,79.54991912841797,3641.0,19.313961029052734,884.0,0.0,0.0,1.1361154317855835,52.0,0.0,0.0,15.576725006103516,24.107145309448242,13.556596755981445,13.556596755981445,0.05583488941192627,0.2950906753540039,77.95498657226562,3568.0,20.908891677856445,957.0,0.0,0.0,1.1361154317855835,52.0,0.0,0.0,16.270395278930664,25.021791458129883,14.114999771118164,14.114999771118164,-0.011402130126953125,0.20425261557102203,76.40375518798828,3497.0,22.460126876831055,1028.0,0.0,0.0,1.1361154317855835,52.0,0.0,0.0,0.14285714285714285,0.31578949093818665,0.2744360864162445,0.223308265209198,0.18646617233753204
4,0.267763018284264,14.127598762512207,21.959850311279297,12.266810417175293,12.266810417175293,0.21681195497512817,0.47546783089637756,80.9263687133789,14816.0,17.942975997924805,3285.0,0.0,0.0,1.1306532621383667,207.0,0.0,0.0,11.858833312988281,18.171960830688477,10.323689460754395,10.323689460754395,0.46247339248657227,0.6847272515296936,86.01704406738281,3937.0,12.868692398071289,589.0,0.0,0.0,1.1142669916152954,51.0,0.0,0.0,13.867368698120117,21.43979263305664,12.055585861206055,12.055585861206055,0.25141745805740356,0.508251428604126,81.36333465576172,3724.0,17.500547409057617,801.0,0.0,0.0,1.1361154317855835,52.0,0.0,0.0,14.96021556854248,23.260316848754883,12.980224609375,12.980224609375,0.1210024356842041,0.3727796673774719,79.09111022949219,3620.0,19.772777557373047,905.0,0.0,0.0,1.1361154317855835,52.0,0.0,0.0,15.823979377746582,24.454299926757812,13.707740783691406,13.707740783691406,0.0339546799659729,0.26558369398117065,77.23399353027344,3535.0,21.6298885345459,990.0,0.0,0.0,1.1361154317855835,52.0,0.0,0.0,0.21428571428571427,0.30701756477355957,0.26998746395111084,0.22662906348705292,0.19636592268943787
5,0.2561394926808053,13.824585914611816,21.40279197692871,11.994288444519043,11.994288444519043,0.25604236125946045,0.5135974884033203,80.99737548828125,14829.0,17.89927864074707,3277.0,0.0,0.0,1.1033427715301514,202.0,0.0,0.0,11.298840522766113,17.069461822509766,9.855080604553223,9.855080604553223,0.525718629360199,0.7292923331260681,86.82543182373047,3974.0,12.169543266296387,557.0,0.0,0.0,1.0050251483917236,46.0,0.0,0.0,13.526490211486816,20.762361526489258,11.744943618774414,11.744943618774414,0.29797589778900146,0.5510153770446777,81.18855285644531,3716.0,17.67533302307129,809.0,0.0,0.0,1.1361154317855835,52.0,0.0,0.0,14.763031959533691,22.869029998779297,12.790389060974121,12.790389060974121,0.15032684803009033,0.4077190160751343,78.71968841552734,3603.0,20.14419937133789,922.0,0.0,0.0,1.1361154317855835,52.0,0.0,0.0,15.709976196289062,24.22567367553711,13.586738586425781,13.586738586425781,0.051933348178863525,0.2934949994087219,77.25584411621094,3536.0,21.60803985595703,989.0,0.0,0.0,1.1361154317855835,52.0,0.0,0.0,0.2857142857142857,0.2982456088066101,0.2655388414859772,0.22994986176490784,0.2062656730413437
6,0.24803571707010555,13.665348052978516,21.124557495117188,11.83131217956543,11.83131217956543,0.27525943517684937,0.5320082902908325,81.35787963867188,14895.0,17.555166244506836,3214.0,0.0,0.0,1.08695650100708,199.0,0.0,0.0,10.954997062683105,16.449960708618164,9.550533294677734,9.550533294677734,0.5595201253890991,0.7531352639198303,87.65567016601562,4012.0,11.383002281188965,521.0,0.0,0.0,0.961328387260437,44.0,0.0,0.0,13.34434986114502,20.431690216064453,11.553990364074707,11.553990364074707,0.320159375667572,0.5711207985877991,81.86585235595703,3747.0,17.019882202148438,779.0,0.0,0.0,1.1142669916152954,51.0,0.0,0.0,14.681943893432617,22.68346405029297,12.690610885620117,12.690610885620117,0.16405987739562988,0.4236002266407013,78.5667495727539,3596.0,20.297138214111328,929.0,0.0,0.0,1.1361154317855835,52.0,0.0,0.0,15.680100440979004,24.132816314697266,13.530113220214844,13.530113220214844,0.05918741226196289,0.30422088503837585,77.3432388305664,3540.0,21.520647048950195,985.0,0.0,0.0,1.1361154317855835,52.0,0.0,0.0,0.35714285714285715,0.28947368264198303,0.2610902190208435,0.23327067494392395,0.2161654233932495
7,0.24104981562501965,13.542572975158691,20.901042938232422,11.725781440734863,11.725781440734863,0.2905149459838867,0.5457661747932434,81.63644409179688,14946.0,17.276599884033203,3163.0,0.0,0.0,1.08695650100708,199.0,0.0,0.0,10.614907264709473,15.875595092773438,9.27881145477295,9.27881145477295,0.5897426605224609,0.7735077142715454,88.37666320800781,4045.0,10.662005424499512,488.0,0.0,0.0,0.961328387260437,44.0,0.0,0.0,13.228385925292969,20.17693519592285,11.45386791229248,11.45386791229248,0.3370070457458496,0.5855650901794434,82.17172241210938,3761.0,16.714004516601562,765.0,0.0,0.0,1.1142669916152954,51.0,0.0,0.0,14.653371810913086,22.561233520507812,12.655509948730469,12.655509948730469,0.1730446219444275,0.4335310757160187,78.74153137207031,3604.0,20.122350692749023,921.0,0.0,0.0,1.1361154317855835,52.0,0.0,0.0,15.673623085021973,24.06786346435547,13.514934539794922,13.514934539794922,0.06424492597579956,0.31128978729248047,77.25584411621094,3536.0,21.60803985595703,989.0,0.0,0.0,1.1361154317855835,52.0,0.0,0.0,0.42857142857142855,0.28070175647735596,0.25664159655570984,0.23659147322177887,0.22606515884399414
8,0.23663491211841242,13.37589168548584,20.65250015258789,11.567627906799316,11.567627906799316,0.30728816986083984,0.5604677200317383,81.80030822753906,14976.0,17.123661041259766,3135.0,0.0,0.0,1.076032280921936,197.0,0.0,0.0,10.257986068725586,15.285980224609375,8.974297523498535,8.974297523498535,0.6196504235267639,0.793846607208252,89.09766387939453,4078.0,9.962857246398926,456.0,0.0,0.0,0.9394800066947937,43.0,0.0,0.0,13.068156242370605,19.8885440826416,11.294946670532227,11.294946670532227,0.3558241128921509,0.6015339493751526,82.23727416992188,3764.0,16.670307159423828,763.0,0.0,0.0,1.0924186706542969,50.0,0.0,0.0,14.569849967956543,22.41329574584961,12.563310623168945,12.563310623168945,0.18385404348373413,0.4447583854198456,78.76338195800781,3605.0,20.100502014160156,920.0,0.0,0.0,1.1361154317855835,52.0,0.0,0.0,15.607572555541992,23.96939468383789,13.437954902648926,13.437954902648926,0.07188618183135986,0.32073715329170227,77.1029052734375,3529.0,21.76097869873047,996.0,0.0,0.0,1.1361154317855835,52.0,0.0,0.0,0.5,0.2719298303127289,0.25219297409057617,0.2399122714996338,0.23596492409706116
9,0.23090259409924013,13.17692756652832,20.402082443237305,11.37040901184082,11.37040901184082,0.32398509979248047,0.575872540473938,82.35197448730469,15077.0,16.577451705932617,3035.0,0.0,0.0,1.0705702304840088,196.0,0.0,0.0,9.893827438354492,14.695380210876465,8.659807205200195,8.659807205200195,0.6484735012054443,0.8132681846618652,90.1245346069336,4125.0,8.93598461151123,409.0,0.0,0.0,0.9394800066947937,43.0,0.0,0.0,12.859761238098145,19.574371337890625,11.095470428466797,11.095470428466797,0.3760150074958801,0.6187029480934143,82.87088012695312,3793.0,16.05855369567871,735.0,0.0,0.0,1.0705702304840088,49.0,0.0,0.0,14.439208984375,22.25353240966797,12.415913581848145,12.415913581848145,0.19544756412506104,0.4576431214809418,79.06925964355469,3619.0,19.79462432861328,906.0,0.0,0.0,1.1361154317855835,52.0,0.0,0.0,15.514914512634277,23.888277053833008,13.310441017150879,13.310441017150879,0.07815748453140259,0.3306693732738495,77.3432388305664,3540.0,21.520647048950195,985.0,0.0,0.0,1.1361154317855835,52.0,0.0,0.0,0.5714285714285714,0.2631579041481018,0.2477443516254425,0.2432330846786499,0.24586467444896698
10,0.22557403497772954,13.043235778808594,20.167402267456055,11.259509086608887,11.259509086608887,0.33944767713546753,0.5889996290206909,82.68516540527344,15138.0,16.249727249145508,2975.0,0.0,0.0,1.0651081800460815,195.0,0.0,0.0,9.613699913024902,14.135440826416016,8.4485502243042,8.4485502243042,0.6747516393661499,0.829642653465271,90.84552764892578,4158.0,8.236836433410645,377.0,0.0,0.0,0.9176316857337952,42.0,0.0,0.0,12.7192964553833,19.280193328857422,10.97673225402832,10.97673225402832,0.39462941884994507,0.6337863206863403,83.00196838378906,3799.0,15.92746353149414,729.0,0.0,0.0,1.0705702304840088,49.0,0.0,0.0,14.366827011108398,22.10921859741211,12.343583106994629,12.343583106994629,0.20584875345230103,0.46800702810287476,79.44068145751953,3636.0,19.423202514648438,889.0,0.0,0.0,1.1361154317855835,52.0,0.0,0.0,15.473114967346191,23.802148818969727,13.26916790008545,13.26916790008545,0.0847928524017334,0.3382553458213806,77.45248413085938,3545.0,21.411405563354492,980.0,0.0,0.0,1.1361154317855835,52.0,0.0,0.0,0.6428571428571429,0.25438597798347473,0.24329572916030884,0.24655388295650482,0.2557644248008728
11,0.2214563211255179,12.90427303314209,19.981367111206055,11.125356674194336,11.125356674194336,0.3515779972076416,0.59952712059021,83.02381896972656,15200.0,15.916540145874023,2914.0,0.0,0.0,1.0596460103988647,194.0,0.0,0.0,9.342615127563477,13.682838439941406,8.211678504943848,8.211678504943848,0.6952464580535889,0.8415605425834656,91.5665283203125,4191.0,7.51584005355835,344.0,0.0,0.0,0.9176316857337952,42.0,0.0,0.0,12.575653076171875,19.034343719482422,10.841516494750977,10.841516494750977,0.40996962785720825,0.6459503769874573,83.50447845458984,3822.0,15.446798324584961,707.0,0.0,0.0,1.0487217903137207,48.0,0.0,0.0,14.280506134033203,21.993257522583008,12.24885082244873,12.24885082244873,0.21415740251541138,0.4770391583442688,79.57176971435547,3642.0,19.292112350463867,883.0,0.0,0.0,1.1361154317855835,52.0,0.0,0.0,15.418322563171387,23.74427032470703,13.199384689331055,13.199384689331055,0.08923834562301636,0.34540677070617676,77.45248413085938,3545.0,21.411405563354492,980.0,0.0,0.0,1.1361154317855835,52.0,0.0,0.0,0.7142857142857143,0.24561403691768646,0.23884710669517517,0.24987469613552094,0.26566416025161743
12,0.2203540666165607,12.832182884216309,19.844179153442383,11.073881149291992,11.073881149291992,0.3604514002799988,0.6063229441642761,83.23136901855469,15238.0,15.719903945922852,2878.0,0.0,0.0,1.0487217903137207,192.0,0.0,0.0,9.196364402770996,13.380226135253906,8.111892700195312,8.111892700195312,0.7085773944854736,0.8494417667388916,92.04718780517578,4213.0,7.0570244789123535,323.0,0.0,0.0,0.8957833051681519,41.0,0.0,0.0,12.499755859375,18.857803344726562,10.788962364196777,10.788962364196777,0.4208637475967407,0.654085636138916,83.74481201171875,3833.0,15.206466674804688,696.0,0.0,0.0,1.0487217903137207,48.0,0.0,0.0,14.234410285949707,21.894683837890625,12.210097312927246,12.210097312927246,0.22118598222732544,0.482994943857193,79.7247085571289,3649.0,19.16102409362793,877.0,0.0,0.0,1.1142669916152954,51.0,0.0,0.0,15.398205757141113,23.68842124938965,13.18457317352295,13.18457317352295,0.0935177206993103,0.3485717177391052,77.40878295898438,3543.0,21.455101013183594,982.0,0.0,0.0,1.1361154317855835,52.0,0.0,0.0,0.7857142857142857,0.23684212565422058,0.2343984991312027,0.25319552421569824,0.27556392550468445
13,0.21937101965406444,12.738455772399902,19.727291107177734,10.996394157409668,10.996394157409668,0.36796343326568604,0.6121137738227844,83.48262786865234,15284.0,15.468647956848145,2832.0,0.0,0.0,1.0487217903137207,192.0,0.0,0.0,9.025904655456543,13.120556831359863,7.9782514572143555,7.9782514572143555,0.7197788953781128,0.8558697700500488,92.24382781982422,4222.0,6.86038875579834,314.0,0.0,0.0,0.8957833051681519,41.0,0.0,0.0,12.403654098510742,18.703834533691406,10.713942527770996,10.713942527770996,0.4302821755409241,0.6609923243522644,83.89775085449219,3840.0,15.053528785705566,689.0,0.0,0.0,1.0487217903137207,48.0,0.0,0.0,14.165487289428711,21.806285858154297,12.149100303649902,12.149100303649902,0.22746211290359497,0.4887487590312958,80.07428741455078,3665.0,18.811447143554688,861.0,0.0,0.0,1.1142669916152954,51.0,0.0,0.0,15.358772277832031,23.646718978881836,13.144278526306152,13.144278526306152,0.09670644998550415,0.3520351052284241,77.71466064453125,3557.0,21.14922332763672,968.0,0.0,0.0,1.1361154317855835,52.0,0.0,0.0,0.8571428571428571,0.22807016968727112,0.22994986176490784,0.25651630759239197,0.2854636609554291
14,0.21800394239901488,12.683859825134277,19.667694091796875,10.924395561218262,10.924395561218262,0.37177640199661255,0.6161845922470093,83.73934936523438,15331.0,15.217391014099121,2786.0,0.0,0.0,1.043259859085083,191.0,0.0,0.0,8.940031051635742,12.98995304107666,7.8833794593811035,7.8833794593811035,0.7253297567367554,0.8599268794059753,92.59339904785156,4238.0,6.532663345336914,299.0,0.0,0.0,0.8739348649978638,40.0,0.0,0.0,12.341493606567383,18.62168312072754,10.636700630187988,10.636700630187988,0.4352758526802063,0.6657518148422241,84.18177795410156,3853.0,14.769498825073242,676.0,0.0,0.0,1.0487217903137207,48.0,0.0,0.0,14.124544143676758,21.767040252685547,12.08498477935791,12.08498477935791,0.2302403450012207,0.4923945665359497,80.4894027709961,3684.0,18.396329879760742,842.0,0.0,0.0,1.1142669916152954,51.0,0.0,0.0,15.329371452331543,23.621238708496094,13.092520713806152,13.092520713806152,0.09865206480026245,0.3550662100315094,77.69281005859375,3556.0,21.171072006225586,969.0,0.0,0.0,1.1361154317855835,52.0,0.0,0.0,0.9285714285714286,0.21929824352264404,0.22550123929977417,0.2598370909690857,0.2953633964061737
15,0.21691751640297724,12.667742729187012,19.626428604125977,10.91026496887207,10.91026496887207,0.37440991401672363,0.6182464957237244,83.77212524414062,15337.0,15.195542335510254,2782.0,0.0,0.0,1.032335638999939,189.0,0.0,0.0,8.866622924804688,12.852319717407227,7.829374313354492,7.829374313354492,0.7311193943023682,0.8626281023025513,92.7681884765625,4246.0,6.357876300811768,291.0,0.0,0.0,0.8739348649978638,40.0,0.0,0.0,12.313962936401367,18.552446365356445,10.61334228515625,10.61334228515625,0.4394674301147461,0.6687047481536865,84.1162338256836,3850.0,14.878741264343262,681.0,0.0,0.0,1.0050251483917236,46.0,0.0,0.0,14.136405944824219,21.751602172851562,12.091035842895508,12.091035842895508,0.23133182525634766,0.4939669072628021,80.4894027709961,3684.0,18.396329879760742,842.0,0.0,0.0,1.1142669916152954,51.0,0.0,0.0,15.353978157043457,23.6279354095459,13.107308387756348,13.107308387756348,0.0981411337852478,0.3556712865829468,77.71466064453125,3557.0,21.14922332763672,968.0,0.0,0.0,1.1361154317855835,52.0,0.0,0.0,1.0,0.21052631735801697,0.2210526168346405,0.2631579041481018,0.3052631616592407
16,0.214354573095571,12.606258392333984,19.549781799316406,10.858077049255371,10.858077049255371,0.379286527633667,0.6221376657485962,83.9086685180664,15362.0,15.058991432189941,2757.0,0.0,0.0,1.032335638999939,189.0,0.0,0.0,8.774277687072754,12.70566177368164,7.749577522277832,7.749577522277832,0.737220823764801,0.8660853505134583,92.9648208618164,4255.0,6.183089256286621,283.0,0.0,0.0,0.8520864844322205,39.0,0.0,0.0,12.247479438781738,18.45513916015625,10.560197830200195,10.560197830200195,0.4453319311141968,0.6729969382286072,84.334716796875,3860.0,14.638408660888672,670.0,0.0,0.0,1.0268734693527222,47.0,0.0,0.0,14.090638160705566,21.69206428527832,12.05414867401123,12.05414867401123,0.2355339527130127,0.49749916791915894,80.55494689941406,3687.0,18.33078384399414,839.0,0.0,0.0,1.1142669916152954,51.0,0.0,0.0,15.312642097473145,23.583980560302734,13.068382263183594,13.068382263183594,0.10149329900741577,0.3584623634815216,77.78020477294922,3560.0,21.08367919921875,965.0,0.0,0.0,1.1361154317855835,52.0,0.0,0.0,1.0,0.21052631735801697,0.2210526168346405,0.2631579041481018,0.3052631616592407
17,0.2119960210150988,12.575554847717285,19.52228546142578,10.833866119384766,10.833866119384766,0.3810312747955322,0.623173177242279,83.94690704345703,15369.0,15.026217460632324,2751.0,0.0,0.0,1.0268734693527222,188.0,0.0,0.0,8.703458786010742,12.616415023803711,7.698657512664795,7.698657512664795,0.7408995032310486,0.8677554130554199,93.00851440429688,4257.0,6.139392852783203,281.0,0.0,0.0,0.8520864844322205,39.0,0.0,0.0,12.212905883789062,18.40776252746582,10.53349781036377,10.53349781036377,0.44817614555358887,0.6747514605522156,84.3565673828125,3861.0,14.638408660888672,670.0,0.0,0.0,1.0050251483917236,46.0,0.0,0.0,14.075901985168457,21.67624855041504,12.03935718536377,12.03935718536377,0.23664838075637817,0.49856919050216675,80.6641845703125,3692.0,18.221542358398438,834.0,0.0,0.0,1.1142669916152954,51.0,0.0,0.0,15.309954643249512,23.59235954284668,13.063950538635254,13.063950538635254,0.10085481405258179,0.358303964138031,77.75836181640625,3559.0,21.105527877807617,966.0,0.0,0.0,1.1361154317855835,52.0,0.0,0.0,1.0,0.21052631735801697,0.2210526168346405,0.2631579041481018,0.3052631616592407
18,0.21036553739229014,12.569124221801758,19.50455093383789,10.823790550231934,10.823790550231934,0.3821554183959961,0.624346911907196,84.01791381835938,15382.0,14.95521068572998,2738.0,0.0,0.0,1.0268734693527222,188.0,0.0,0.0,8.661088943481445,12.551581382751465,7.654623508453369,7.654623508453369,0.7435555458068848,0.8696029186248779,93.22700500488281,4267.0,5.9209089279174805,271.0,0.0,0.0,0.8520864844322205,39.0,0.0,0.0,12.198819160461426,18.381271362304688,10.518444061279297,10.518444061279297,0.4497631788253784,0.6762683391571045,84.3128662109375,3859.0,14.682106971740723,672.0,0.0,0.0,1.0050251483917236,46.0,0.0,0.0,14.085919380187988,21.670570373535156,12.044500350952148,12.044500350952148,0.2370482087135315,0.49904823303222656,80.83898162841797,3700.0,18.046756744384766,826.0,0.0,0.0,1.1142669916152954,51.0,0.0,0.0,15.330666542053223,23.59412956237793,13.077594757080078,13.077594757080078,0.10071980953216553,0.3581782281398773,77.69281005859375,3556.0,21.171072006225586,969.0,0.0,0.0,1.1361154317855835,52.0,0.0,0.0,1.0,0.21052631735801697,0.2210526168346405,0.2631579041481018,0.3052631616592407
19,0.20836664129520896,12.553218841552734,19.4932918548584,10.802285194396973,10.802285194396973,0.38286852836608887,0.6253371834754944,84.0343017578125,15385.0,14.944286346435547,2736.0,0.0,0.0,1.021411418914795,187.0,0.0,0.0,8.587013244628906,12.454425811767578,7.58962869644165,7.58962869644165,0.7475101947784424,0.8714630603790283,93.27069854736328,4269.0,5.877212047576904,269.0,0.0,0.0,0.8520864844322205,39.0,0.0,0.0,12.180689811706543,18.35500717163086,10.498558044433594,10.498558044433594,0.45133447647094727,0.6776256561279297,84.40026092529297,3863.0,14.59471321105957,668.0,0.0,0.0,1.0050251483917236,46.0,0.0,0.0,14.097294807434082,21.6820011138916,12.044355392456055,12.044355392456055,0.23624306917190552,0.4991980493068695,80.79528045654297,3698.0,18.112300872802734,829.0,0.0,0.0,1.0924186706542969,50.0,0.0,0.0,15.347875595092773,23.618328094482422,13.076597213745117,13.076597213745117,0.09887427091598511,0.35743919014930725,77.67095947265625,3555.0,21.192922592163086,970.0,0.0,0.0,1.1361154317855835,52.0,0.0,0.0,1.0,0.21052631735801697,0.2210526168346405,0.2631579041481018,0.3052631616592407
20,0.2067934144876675,12.553213119506836,19.484010696411133,10.80289363861084,10.80289363861084,0.38345593214035034,0.6256833672523499,83.96329498291016,15372.0,15.026217460632324,2751.0,0.0,0.0,1.0104871988296509,185.0,0.0,0.0,8.559277534484863,12.39696216583252,7.561706066131592,7.561706066131592,0.7498347759246826,0.8728931546211243,93.33625030517578,4272.0,5.855363845825195,268.0,0.0,0.0,0.8083897829055786,37.0,0.0,0.0,12.17780590057373,18.331758499145508,10.49812126159668,10.49812126159668,0.45272356271743774,0.6783730387687683,84.22547912597656,3855.0,14.769498825073242,676.0,0.0,0.0,1.0050251483917236,46.0,0.0,0.0,14.10977554321289,21.684762954711914,12.057840347290039,12.057840347290039,0.23604857921600342,0.4989272356033325,80.70789337158203,3694.0,18.19969367980957,833.0,0.0,0.0,1.0924186706542969,50.0,0.0,0.0,15.36599063873291,23.63344955444336,13.093905448913574,13.093905448913574,0.09772002696990967,0.3562721908092499,77.58357238769531,3551.0,21.28031349182129,974.0,0.0,0.0,1.1361154317855835,52.0,0.0,0.0,1.0,0.21052631735801697,0.2210526168346405,0.2631579041481018,0.3052631616592407
21,0.206329231626386,12.556525230407715,19.476511001586914,10.81425666809082,10.81425666809082,0.3839305639266968,0.6256061792373657,83.96875762939453,15373.0,15.026217460632324,2751.0,0.0,0.0,1.0050251483917236,184.0,0.0,0.0,8.531034469604492,12.359148979187012,7.538172721862793,7.538172721862793,0.7513585686683655,0.8739649057388306,93.31439971923828,4271.0,5.877212047576904,269.0,0.0,0.0,0.8083897829055786,37.0,0.0,0.0,12.174602508544922,18.31846046447754,10.501255989074707,10.501255989074707,0.45351725816726685,0.678879976272583,84.3565673828125,3861.0,14.660257339477539,671.0,0.0,0.0,0.9831767678260803,45.0,0.0,0.0,14.12575626373291,21.68565559387207,12.082467079162598,12.082467079162598,0.2359856367111206,0.49797335267066956,80.53309631347656,3686.0,18.374481201171875,841.0,0.0,0.0,1.0924186706542969,50.0,0.0,0.0,15.394704818725586,23.63801383972168,13.135133743286133,13.135133743286133,0.09737139940261841,0.3543338179588318,77.67095947265625,3555.0,21.192922592163086,970.0,0.0,0.0,1.1361154317855835,52.0,0.0,0.0,1.0,0.21052631735801697,0.2210526168346405,0.2631579041481018,0.3052631616592407
22,0.2050754758681384,12.523889541625977,19.460025787353516,10.774554252624512,10.774554252624512,0.3849729895591736,0.6267824769020081,84.11077117919922,15399.0,14.889666557312012,2726.0,0.0,0.0,0.9995629787445068,183.0,0.0,0.0,8.465916633605957,12.300800323486328,7.471523284912109,7.471523284912109,0.7537007331848145,0.8753455281257629,93.57658386230469,4283.0,5.636880397796631,258.0,0.0,0.0,0.7865414023399353,36.0,0.0,0.0,12.136579513549805,18.293577194213867,10.457647323608398,10.457647323608398,0.4550008773803711,0.6802617907524109,84.37841796875,3862.0,14.638408660888672,670.0,0.0,0.0,0.9831767678260803,45.0,0.0,0.0,14.109395027160645,21.678319931030273,12.054911613464355,12.054911613464355,0.23650246858596802,0.49913153052330017,80.64234161376953,3691.0,18.265239715576172,836.0,0.0,0.0,1.0924186706542969,50.0,0.0,0.0,15.383662223815918,23.640140533447266,13.114134788513184,13.114134788513184,0.0972091555595398,0.35494256019592285,77.84574890136719,3563.0,21.01813316345215,962.0,0.0,0.0,1.1361154317855835,52.0,0.0,0.0,1.0,0.21052631735801697,0.2210526168346405,0.2631579041481018,0.3052631616592407
23,0.20336732808239924,12.528776168823242,19.45472526550293,10.777746200561523,10.777746200561523,0.38530808687210083,0.6274400949478149,84.10530853271484,15398.0,14.900590896606445,2728.0,0.0,0.0,0.9941009879112244,182.0,0.0,0.0,8.430465698242188,12.225489616394043,7.442570686340332,7.442570686340332,0.7567074298858643,0.8767687082290649,93.72952270507812,4290.0,5.505789756774902,252.0,0.0,0.0,0.764693021774292,35.0,0.0,0.0,12.133875846862793,18.27446937561035,10.453150749206543,10.453150749206543,0.4561387896537781,0.6813884973526001,84.37841796875,3862.0,14.638408660888672,670.0,0.0,0.0,0.9831767678260803,45.0,0.0,0.0,14.132467269897461,21.68914794921875,12.074444770812988,12.074444770812988,0.23573952913284302,0.49911895394325256,80.57679748535156,3688.0,18.33078384399414,839.0,0.0,0.0,1.0924186706542969,50.0,0.0,0.0,15.418290138244629,23.66658592224121,13.140819549560547,13.140819549560547,0.09518802165985107,0.3541173040866852,77.73651123046875,3558.0,21.127376556396484,967.0,0.0,0.0,1.1361154317855835,52.0,0.0,0.0,1.0,0.21052631735801697,0.2210526168346405,0.2631579041481018,0.3052631616592407
24,0.2032100197297288,12.521668434143066,19.437299728393555,10.774852752685547,10.774852752685547,0.3864087462425232,0.6280108690261841,84.1162338256836,15400.0,14.895127296447754,2727.0,0.0,0.0,0.9886388778686523,181.0,0.0,0.0,8.402800559997559,12.19281005859375,7.426566123962402,7.426566123962402,0.7580063343048096,0.8771075010299683,93.68582153320312,4288.0,5.5713348388671875,255.0,0.0,0.0,0.7428447008132935,34.0,0.0,0.0,12.128771781921387,18.256254196166992,10.453627586364746,10.453627586364746,0.45722246170043945,0.6818536520004272,84.46580505371094,3866.0,14.551016807556152,666.0,0.0,0.0,0.9831767678260803,45.0,0.0,0.0,14.133313179016113,21.677228927612305,12.075057029724121,12.075057029724121,0.2365792989730835,0.499655544757843,80.64234161376953,3691.0,18.265239715576172,836.0,0.0,0.0,1.0924186706542969,50.0,0.0,0.0,15.421786308288574,23.65114402770996,13.144156455993652,13.144156455993652,0.09636855125427246,0.35467329621315,77.67095947265625,3555.0,21.192922592163086,970.0,0.0,0.0,1.1361154317855835,52.0,0.0,0.0,1.0,0.21052631735801697,0.2210526168346405,0.2631579041481018,0.3052631616592407
25,0.20206678536463954,12.506341934204102,19.428131103515625,10.753439903259277,10.753439903259277,0.38698744773864746,0.6287585496902466,84.16539764404297,15409.0,14.86235523223877,2721.0,0.0,0.0,0.9722525477409363,178.0,0.0,0.0,8.370985984802246,12.156753540039062,7.3853983879089355,7.3853983879089355,0.7594354748725891,0.8781900405883789,93.81690979003906,4294.0,5.462092876434326,250.0,0.0,0.0,0.7209962606430054,33.0,0.0,0.0,12.109362602233887,18.241920471191406,10.427908897399902,10.427908897399902,0.4580744504928589,0.6827703714370728,84.5531997680664,3870.0,14.507319450378418,664.0,0.0,0.0,0.9394800066947937,43.0,0.0,0.0,14.124174118041992,21.674427032470703,12.06131649017334,12.06131649017334,0.23677659034729004,0.500287652015686,80.729736328125,3695.0,18.177846908569336,832.0,0.0,0.0,1.0924186706542969,50.0,0.0,0.0,15.420845985412598,23.653202056884766,13.139137268066406,13.139137268066406,0.09621119499206543,0.3553535044193268,77.56172180175781,3550.0,21.30216407775879,975.0,0.0,0.0,1.1361154317855835,52.0,0.0,0.0,1.0,0.21052631735801697,0.2210526168346405,0.2631579041481018,0.3052631616592407
26,0.2028551083071552,12.506312370300293,19.427627563476562,10.753314971923828,10.753314971923828,0.38701921701431274,0.6288017630577087,84.1380844116211,15404.0,14.878741264343262,2724.0,0.0,0.0,0.9831767678260803,180.0,0.0,0.0,8.370999336242676,12.148032188415527,7.3905029296875,7.3905029296875,0.7597805261611938,0.8783348202705383,93.81690979003906,4294.0,5.440244674682617,249.0,0.0,0.0,0.7428447008132935,34.0,0.0,0.0,12.113228797912598,18.243349075317383,10.433893203735352,10.433893203735352,0.45798957347869873,0.682689905166626,84.50950622558594,3868.0,14.529167175292969,665.0,0.0,0.0,0.961328387260437,44.0,0.0,0.0,14.124540328979492,21.676334381103516,12.059174537658691,12.059174537658691,0.23664236068725586,0.5001030564308167,80.68603515625,3693.0,18.221542358398438,834.0,0.0,0.0,1.0924186706542969,50.0,0.0,0.0,15.416481018066406,23.653179168701172,13.129692077636719,13.129692077636719,0.09621286392211914,0.3549560308456421,77.53987121582031,3549.0,21.324010848999023,976.0,0.0,0.0,1.1361154317855835,52.0,0.0,0.0,1.0,0.21052631735801697,0.2210526168346405,0.2631579041481018,0.3052631616592407
27,0.20150460757838515,12.508116722106934,19.431055068969727,10.747896194458008,10.747896194458008,0.38680291175842285,0.6289501190185547,84.1380844116211,15404.0,14.889666557312012,2726.0,0.0,0.0,0.9722525477409363,178.0,0.0,0.0,8.358936309814453,12.122629165649414,7.374419212341309,7.374419212341309,0.7607840895652771,0.8789991736412048,93.83876037597656,4295.0,5.440244674682617,249.0,0.0,0.0,0.7209962606430054,33.0,0.0,0.0,12.109342575073242,18.2388973236084,10.422235488891602,10.422235488891602,0.45825403928756714,0.6831818222999573,84.42211151123047,3864.0,14.638408660888672,670.0,0.0,0.0,0.9394800066947937,43.0,0.0,0.0,14.130788803100586,21.682167053222656,12.057744026184082,12.057744026184082,0.23623144626617432,0.5002962946891785,80.6641845703125,3692.0,18.243391036987305,835.0,0.0,0.0,1.0924186706542969,50.0,0.0,0.0,15.43340015411377,23.675556182861328,13.137188911437988,13.137188911437988,0.09450215101242065,0.3548835217952728,77.62726593017578,3553.0,21.236618041992188,972.0,0.0,0.0,1.1361154317855835,52.0,0.0,0.0,1.0,0.21052631735801697,0.2210526168346405,0.2631579041481018,0.3052631616592407
28,0.20083186238584302,12.496014595031738,19.403697967529297,10.745327949523926,10.745327949523926,0.3885282874107361,0.6298761963844299,84.14353942871094,15405.0,14.884203910827637,2725.0,0.0,0.0,0.9722525477409363,178.0,0.0,0.0,8.345605850219727,12.102314949035645,7.367368698120117,7.367368698120117,0.7615851759910583,0.879492461681366,93.86061096191406,4296.0,5.418396472930908,248.0,0.0,0.0,0.7209962606430054,33.0,0.0,0.0,12.099475860595703,18.21153450012207,10.42440128326416,10.42440128326416,0.45987826585769653,0.6839771866798401,84.37841796875,3862.0,14.682106971740723,672.0,0.0,0.0,0.9394800066947937,43.0,0.0,0.0,14.121591567993164,21.657127380371094,12.058099746704102,12.058099746704102,0.23799455165863037,0.5012385845184326,80.64234161376953,3691.0,18.265239715576172,836.0,0.0,0.0,1.0924186706542969,50.0,0.0,0.0,15.417386054992676,23.640151977539062,13.131438255310059,13.131438255310059,0.09720808267593384,0.3562137484550476,77.69281005859375,3556.0,21.171072006225586,969.0,0.0,0.0,1.1361154317855835,52.0,0.0,0.0,1.0,0.21052631735801697,0.2210526168346405,0.2631579041481018,0.3052631616592407
29,0.20007443245634837,12.512234687805176,19.42599868774414,10.756551742553711,10.756551742553711,0.3871220350265503,0.6290608048439026,84.10530853271484,15398.0,14.922438621520996,2732.0,0.0,0.0,0.9722525477409363,178.0,0.0,0.0,8.361661911010742,12.116296768188477,7.380489349365234,7.380489349365234,0.7610339522361755,0.8793708682060242,93.79505920410156,4293.0,5.483941555023193,251.0,0.0,0.0,0.7209962606430054,33.0,0.0,0.0,12.112960815429688,18.22970199584961,10.434404373168945,10.434404373168945,0.45880013704299927,0.6834092140197754,84.40026092529297,3863.0,14.660257339477539,671.0,0.0,0.0,0.9394800066947937,43.0,0.0,0.0,14.137170791625977,21.678497314453125,12.069214820861816,12.069214820861816,0.23648995161056519,0.5001430511474609,80.57679748535156,3688.0,18.33078384399414,839.0,0.0,0.0,1.0924186706542969,50.0,0.0,0.0,15.437141418457031,23.67263412475586,13.14210319519043,13.14210319519043,0.09472554922103882,0.35449889302253723,77.64911651611328,3554.0,21.21476936340332,971.0,0.0,0.0,1.1361154317855835,52.0,0.0,0.0,1.0,0.21052631735801697,0.2210526168346405,0.2631579041481018,0.3052631616592407
30,0.20007844678145933,12.509882926940918,19.418649673461914,10.759702682495117,10.759702682495117,0.3875856399536133,0.6291472911834717,84.10530853271484,15398.0,14.922438621520996,2732.0,0.0,0.0,0.9722525477409363,178.0,0.0,0.0,8.35750675201416,12.109001159667969,7.381491184234619,7.381491184234619,0.7613216638565063,0.879396915435791,93.83876037597656,4295.0,5.440244674682617,249.0,0.0,0.0,0.7209962606430054,33.0,0.0,0.0,12.112412452697754,18.223209381103516,10.438559532165527,10.438559532165527,0.4591856002807617,0.6835023164749146,84.44395446777344,3865.0,14.616560935974121,669.0,0.0,0.0,0.9394800066947937,43.0,0.0,0.0,14.135951042175293,21.671777725219727,12.073680877685547,12.073680877685547,0.236963152885437,0.5001490116119385,80.55494689941406,3687.0,18.352632522583008,840.0,0.0,0.0,1.0924186706542969,50.0,0.0,0.0,15.433664321899414,23.66339874267578,13.145078659057617,13.145078659057617,0.09543180465698242,0.3545341193675995,77.58357238769531,3551.0,21.28031349182129,974.0,0.0,0.0,1.1361154317855835,52.0,0.0,0.0,1.0,0.21052631735801697,0.2210526168346405,0.2631579041481018,0.3052631616592407
step,fold16/test_loss,fold16/test_mae,fold16/test_rmse,fold16/test_mard,fold16/test_mape,fold16/test_r2,fold16/test_pearson,fold16/test_ega_zone_a_pct,fold16/test_ega_zone_a_count,fold16/test_ega_zone_b_pct,fold16/test_ega_zone_b_count,fold16/test_ega_zone_c_pct,fold16/test_ega_zone_c_count,fold16/test_ega_zone_d_pct,fold16/test_ega_zone_d_count,fold16/test_ega_zone_e_pct,fold16/test_ega_zone_e_count,fold16/test_horizon_15_mae,fold16/test_horizon_15_rmse,fold16/test_horizon_15_mard,fold16/test_horizon_15_mape,fold16/test_horizon_15_r2,fold16/test_horizon_15_pearson,fold16/test_horizon_15_ega_zone_a_pct,fold16/test_horizon_15_ega_zone_a_count,fold16/test_horizon_15_ega_zone_b_pct,fold16/test_horizon_15_ega_zone_b_count,fold16/test_horizon_15_ega_zone_c_pct,fold16/test_horizon_15_ega_zone_c_count,fold16/test_horizon_15_ega_zone_d_pct,fold16/test_horizon_15_ega_zone_d_count,fold16/test_horizon_15_ega_zone_e_pct,fold16/test_horizon_15_ega_zone_e_count,fold16/test_horizon_30_mae,fold16/test_horizon_30_rmse,fold16/test_horizon_30_mard,fold16/test_horizon_30_mape,fold16/test_horizon_30_r2,fold16/test_horizon_30_pearson,fold16/test_horizon_30_ega_zone_a_pct,fold16/test_horizon_30_ega_zone_a_count,fold16/test_horizon_30_ega_zone_b_pct,fold16/test_horizon_30_ega_zone_b_count,fold16/test_horizon_30_ega_zone_c_pct,fold16/test_horizon_30_ega_zone_c_count,fold16/test_horizon_30_ega_zone_d_pct,fold16/test_horizon_30_ega_zone_d_count,fold16/test_horizon_30_ega_zone_e_pct,fold16/test_horizon_30_ega_zone_e_count,fold16/test_horizon_45_mae,fold16/test_horizon_45_rmse,fold16/test_horizon_45_mard,fold16/test_horizon_45_mape,fold16/test_horizon_45_r2,fold16/test_horizon_45_pearson,fold16/test_horizon_45_ega_zone_a_pct,fold16/test_horizon_45_ega_zone_a_count,fold16/test_horizon_45_ega_zone_b_pct,fold16/test_horizon_45_ega_zone_b_count,fold16/test_horizon_45_ega_zone_c_pct,fold16/test_horizon_45_ega_zone_c_count,fold16/test_horizon_45_ega_zone_d_pct,fold16/test_horizon_45_ega_zone_d_count,fold16/test_horizon_45_ega_zone_e_pct,fold16/test_horizon_45_ega_zone_e_count,fold16/test_horizon_60_mae,fold16/test_horizon_60_rmse,fold16/test_horizon_60_mard,fold16/test_horizon_60_mape,fold16/test_horizon_60_r2,fold16/test_horizon_60_pearson,fold16/test_horizon_60_ega_zone_a_pct,fold16/test_horizon_60_ega_zone_a_count,fold16/test_horizon_60_ega_zone_b_pct,fold16/test_horizon_60_ega_zone_b_count,fold16/test_horizon_60_ega_zone_c_pct,fold16/test_horizon_60_ega_zone_c_count,fold16/test_horizon_60_ega_zone_d_pct,fold16/test_horizon_60_ega_zone_d_count,fold16/test_horizon_60_ega_zone_e_pct,fold16/test_horizon_60_ega_zone_e_count
0,0.3160410466697389,11.410629272460938,15.566280364990234,10.525713920593262,10.525713920593262,0.14953303337097168,0.45155227184295654,85.30853271484375,5917.0,14.53287124633789,1008.0,0.0,0.0,0.1585928499698639,11.0,0.0,0.0,7.94335412979126,10.856046676635742,7.426146507263184,7.426146507263184,0.595596194267273,0.7731103897094727,94.23298645019531,1634.0,5.420991897583008,94.0,0.0,0.0,0.34602075815200806,6.0,0.0,0.0,11.377232551574707,15.552874565124512,10.461727142333984,10.461727142333984,0.15677446126937866,0.4611079692840576,85.81314849853516,1488.0,13.956171035766602,242.0,0.0,0.0,0.23068049550056458,4.0,0.0,0.0,12.786162376403809,17.105520248413086,11.751462936401367,11.751462936401367,-0.03646361827850342,0.2788558900356293,82.179931640625,1425.0,17.76239776611328,308.0,0.0,0.0,0.057670123875141144,1.0,0.0,0.0,13.535765647888184,17.80145835876465,12.46352481842041,12.46352481842041,-0.13602185249328613,0.1705707460641861,79.00807189941406,1370.0,20.991926193237305,364.0,0.0,0.0,0.0,0.0,0.0,0.0
