step,fold1/train_loss,fold1/val_mae,fold1/val_rmse,fold1/val_mard,fold1/val_r2,fold1/val_pearson,fold1/val_ega_zone_a_pct,fold1/val_ega_zone_a_count,fold1/val_ega_zone_b_pct,fold1/val_ega_zone_b_count,fold1/val_ega_zone_c_pct,fold1/val_ega_zone_c_count,fold1/val_ega_zone_d_pct,fold1/val_ega_zone_d_count,fold1/val_ega_zone_e_pct,fold1/val_ega_zone_e_count,fold1/val_horizon_15_mae,fold1/val_horizon_15_rmse,fold1/val_horizon_15_mard,fold1/val_horizon_15_r2,fold1/val_horizon_15_pearson,fold1/val_horizon_15_ega_zone_a_pct,fold1/val_horizon_15_ega_zone_a_count,fold1/val_horizon_15_ega_zone_b_pct,fold1/val_horizon_15_ega_zone_b_count,fold1/val_horizon_15_ega_zone_c_pct,fold1/val_horizon_15_ega_zone_c_count,fold1/val_horizon_15_ega_zone_d_pct,fold1/val_horizon_15_ega_zone_d_count,fold1/val_horizon_15_ega_zone_e_pct,fold1/val_horizon_15_ega_zone_e_count,fold1/val_horizon_30_mae,fold1/val_horizon_30_rmse,fold1/val_horizon_30_mard,fold1/val_horizon_30_r2,fold1/val_horizon_30_pearson,fold1/val_horizon_30_ega_zone_a_pct,fold1/val_horizon_30_ega_zone_a_count,fold1/val_horizon_30_ega_zone_b_pct,fold1/val_horizon_30_ega_zone_b_count,fold1/val_horizon_30_ega_zone_c_pct,fold1/val_horizon_30_ega_zone_c_count,fold1/val_horizon_30_ega_zone_d_pct,fold1/val_horizon_30_ega_zone_d_count,fold1/val_horizon_30_ega_zone_e_pct,fold1/val_horizon_30_ega_zone_e_count,fold1/val_horizon_45_mae,fold1/val_horizon_45_rmse,fold1/val_horizon_45_mard,fold1/val_horizon_45_r2,fold1/val_horizon_45_pearson,fold1/val_horizon_45_ega_zone_a_pct,fold1/val_horizon_45_ega_zone_a_count,fold1/val_horizon_45_ega_zone_b_pct,fold1/val_horizon_45_ega_zone_b_count,fold1/val_horizon_45_ega_zone_c_pct,fold1/val_horizon_45_ega_zone_c_count,fold1/val_horizon_45_ega_zone_d_pct,fold1/val_horizon_45_ega_zone_d_count,fold1/val_horizon_45_ega_zone_e_pct,fold1/val_horizon_45_ega_zone_e_count,fold1/val_horizon_60_mae,fold1/val_horizon_60_rmse,fold1/val_horizon_60_mard,fold1/val_horizon_60_r2,fold1/val_horizon_60_pearson,fold1/val_horizon_60_ega_zone_a_pct,fold1/val_horizon_60_ega_zone_a_count,fold1/val_horizon_60_ega_zone_b_pct,fold1/val_horizon_60_ega_zone_b_count,fold1/val_horizon_60_ega_zone_c_pct,fold1/val_horizon_60_ega_zone_c_count,fold1/val_horizon_60_ega_zone_d_pct,fold1/val_horizon_60_ega_zone_d_count,fold1/val_horizon_60_ega_zone_e_pct,fold1/val_horizon_60_ega_zone_e_count,fold1/diag_fusion_gate_cgm,fold1/diag_fusion_gate_cgm_guided,fold1/diag_fusion_gate_physio,fold1/diag_horizon_query_similarity,fold1/diag_horizon_progressive_gate,fold1/diag_horizon_attention_similarity,fold1/diag_horizon_attention_entropy,fold1/diag_horizon_curriculum_progress,fold1/diag_loss_horizon_weight_0,fold1/diag_loss_horizon_weight_1,fold1/diag_loss_horizon_weight_2,fold1/diag_loss_horizon_weight_3
1,0.2499794438816842,12.49701976776123,19.347436904907227,9.528775215148926,0.2775283455848694,0.6141918897628784,87.15973663330078,18443.0,12.840265274047852,2717.0,0.0,0.0,0.0,0.0,0.0,0.0,7.10930061340332,10.779600143432617,5.485852241516113,0.7756766080856323,0.8842238187789917,97.08885192871094,5136.0,2.9111530780792236,154.0,0.0,0.0,0.0,0.0,0.0,0.0,11.820500373840332,17.951522827148438,9.033876419067383,0.3779020309448242,0.6694554090499878,88.20415496826172,4666.0,11.795841217041016,624.0,0.0,0.0,0.0,0.0,0.0,0.0,14.724249839782715,21.95970344543457,11.187102317810059,0.0693509578704834,0.4965786635875702,82.91114807128906,4386.0,17.08884620666504,904.0,0.0,0.0,0.0,0.0,0.0,0.0,16.334030151367188,24.012659072875977,12.408271789550781,-0.11254692077636719,0.38918188214302063,80.43478393554688,4255.0,19.565217971801758,1035.0,0.0,0.0,0.0,0.0,0.0,0.0,0.19388744235038757,0.6621847152709961,0.1439279168844223,0.04256334900856018,0.11920291930437088,0.9998571276664734,0.9999604225158691,0.0,0.3333333432674408,0.28333333134651184,0.21666665375232697,0.1666666716337204
2,0.24398094977384618,12.447145462036133,19.12554359436035,9.447366714477539,0.2940051555633545,0.616998553276062,87.93478393554688,18607.0,12.065217971801758,2553.0,0.0,0.0,0.0,0.0,0.0,0.0,7.12753438949585,10.746672630310059,5.4828267097473145,0.777044951915741,0.8854026198387146,97.10774993896484,5137.0,2.892249345779419,153.0,0.0,0.0,0.0,0.0,0.0,0.0,11.806442260742188,17.781219482421875,8.98153018951416,0.38964951038360596,0.6708378195762634,89.16824340820312,4717.0,10.831758499145508,573.0,0.0,0.0,0.0,0.0,0.0,0.0,14.641301155090332,21.66463279724121,11.075160026550293,0.0941929817199707,0.4984172284603119,83.98866271972656,4443.0,16.011343002319336,847.0,0.0,0.0,0.0,0.0,0.0,0.0,16.21330451965332,23.709209442138672,12.249947547912598,-0.08460593223571777,0.3878398537635803,81.47447967529297,4310.0,18.52552032470703,980.0,0.0,0.0,0.0,0.0,0.0,0.0,0.14959673583507538,0.7723421454429626,0.07806116342544556,0.05800844728946686,0.11920291930437088,0.9964089393615723,0.9981335401535034,0.07142857142857142,0.3245614171028137,0.2788847088813782,0.21998745203018188,0.17656642198562622
3,0.24472536466792816,12.364314079284668,19.02330780029297,9.38558292388916,0.3015327453613281,0.6205659508705139,87.9111557006836,18602.0,12.088847160339355,2558.0,0.0,0.0,0.0,0.0,0.0,0.0,7.055681228637695,10.690037727355957,5.423530101776123,0.7793886661529541,0.8868345618247986,97.08885192871094,5136.0,2.9111530780792236,154.0,0.0,0.0,0.0,0.0,0.0,0.0,11.723851203918457,17.692306518554688,8.917016983032227,0.3957381844520569,0.6739681959152222,89.16824340820312,4717.0,10.831758499145508,573.0,0.0,0.0,0.0,0.0,0.0,0.0,14.541472434997559,21.543203353881836,11.00119686126709,0.10431861877441406,0.5024795532226562,84.08317565917969,4448.0,15.916824340820312,842.0,0.0,0.0,0.0,0.0,0.0,0.0,16.136253356933594,23.582637786865234,12.200586318969727,-0.07305645942687988,0.39087870717048645,81.3043441772461,4301.0,18.69565200805664,989.0,0.0,0.0,0.0,0.0,0.0,0.0,0.13530249893665314,0.7811638712882996,0.0835336223244667,0.08563446253538132,0.11920291930437088,0.9882959723472595,0.9875752925872803,0.14285714285714285,0.31578949093818665,0.2744360864162445,0.223308265209198,0.18646617233753204
4,0.24428400010941181,12.301362991333008,18.929956436157227,9.350146293640137,0.3083709478378296,0.6207489371299744,88.00567626953125,18622.0,11.994329452514648,2538.0,0.0,0.0,0.0,0.0,0.0,0.0,7.006774425506592,10.61790657043457,5.392269134521484,0.7823558449745178,0.8880008459091187,97.2211685180664,5143.0,2.7788279056549072,147.0,0.0,0.0,0.0,0.0,0.0,0.0,11.668437004089355,17.580894470214844,8.88717269897461,0.40332454442977905,0.6751013994216919,89.31947326660156,4725.0,10.680529594421387,565.0,0.0,0.0,0.0,0.0,0.0,0.0,14.455972671508789,21.425098419189453,10.953396797180176,0.1141122579574585,0.5023016333580017,84.12097930908203,4450.0,15.879016876220703,840.0,0.0,0.0,0.0,0.0,0.0,0.0,16.074270248413086,23.505537033081055,12.167747497558594,-0.06605148315429688,0.3877846896648407,81.3610610961914,4304.0,18.638940811157227,986.0,0.0,0.0,0.0,0.0,0.0,0.0,0.07672615349292755,0.8175088167190552,0.10576511174440384,0.1077466681599617,0.11920291930437088,0.9865719676017761,0.9777430295944214,0.21428571428571427,0.30701756477355957,0.26998746395111084,0.22662906348705292,0.19636592268943787
5,0.24377715606255465,12.338117599487305,18.932695388793945,9.368244171142578,0.3081708550453186,0.621173083782196,87.99149322509766,18619.0,12.008506774902344,2541.0,0.0,0.0,0.0,0.0,0.0,0.0,6.979487895965576,10.55423355102539,5.373067855834961,0.7849583029747009,0.8896349668502808,97.31568908691406,5148.0,2.684309959411621,142.0,0.0,0.0,0.0,0.0,0.0,0.0,11.692065238952637,17.561664581298828,8.902048110961914,0.404629111289978,0.6760569214820862,89.45179748535156,4732.0,10.54820442199707,558.0,0.0,0.0,0.0,0.0,0.0,0.0,14.499998092651367,21.41463279724121,10.97568130493164,0.11497759819030762,0.5017704963684082,84.139892578125,4451.0,15.860113143920898,839.0,0.0,0.0,0.0,0.0,0.0,0.0,16.18092155456543,23.566869735717773,12.222176551818848,-0.07162201404571533,0.3857499361038208,81.05860137939453,4288.0,18.94139862060547,1002.0,0.0,0.0,0.0,0.0,0.0,0.0,0.09732148051261902,0.7518385648727417,0.15083999931812286,0.11743412166833878,0.11920291930437088,0.9826682209968567,0.9537343978881836,0.2857142857142857,0.2982456088066101,0.2655388414859772,0.22994986176490784,0.2062656730413437
6,0.2427151409532052,12.316668510437012,18.906343460083008,9.363550186157227,0.3100954294204712,0.6204512119293213,87.80245971679688,18579.0,12.197542190551758,2581.0,0.0,0.0,0.0,0.0,0.0,0.0,6.870015621185303,10.403510093688965,5.293695449829102,0.7910563945770264,0.892737090587616,97.39130401611328,5152.0,2.6086955070495605,138.0,0.0,0.0,0.0,0.0,0.0,0.0,11.666372299194336,17.508760452270508,8.895915985107422,0.40821075439453125,0.676450252532959,89.2249526977539,4720.0,10.775047302246094,570.0,0.0,0.0,0.0,0.0,0.0,0.0,14.520182609558105,21.415855407714844,11.007318496704102,0.11487644910812378,0.49839600920677185,83.8941421508789,4438.0,16.105859756469727,852.0,0.0,0.0,0.0,0.0,0.0,0.0,16.210100173950195,23.587509155273438,12.257270812988281,-0.07349991798400879,0.3801930546760559,80.69943237304688,4269.0,19.300565719604492,1021.0,0.0,0.0,0.0,0.0,0.0,0.0,0.10325343906879425,0.5379615426063538,0.35878506302833557,0.12464379519224167,0.11920291930437088,0.9909253716468811,0.938706636428833,0.35714285714285715,0.28947368264198303,0.2610902190208435,0.23327067494392395,0.2161654233932495
7,0.24123878357862075,12.282844543457031,18.81288719177246,9.331501960754395,0.3168991208076477,0.6246920228004456,87.96314239501953,18613.0,12.03686237335205,2547.0,0.0,0.0,0.0,0.0,0.0,0.0,6.683638095855713,10.022497177124023,5.1490702629089355,0.8060806393623352,0.9017343521118164,97.7126693725586,5169.0,2.287334680557251,121.0,0.0,0.0,0.0,0.0,0.0,0.0,11.62820816040039,17.380908966064453,8.85754108428955,0.4168218970298767,0.6821627616882324,89.50850677490234,4735.0,10.491493225097656,555.0,0.0,0.0,0.0,0.0,0.0,0.0,14.549943923950195,21.379526138305664,11.022799491882324,0.11787688732147217,0.4992387592792511,84.0264663696289,4445.0,15.973535537719727,845.0,0.0,0.0,0.0,0.0,0.0,0.0,16.269588470458984,23.581098556518555,12.29659652709961,-0.07291638851165771,0.37850409746170044,80.60491943359375,4264.0,19.395084381103516,1026.0,0.0,0.0,0.0,0.0,0.0,0.0,0.11572032421827316,0.5146870017051697,0.3695927560329437,0.131113201379776,0.11920291930437088,0.9945003986358643,0.9240817427635193,0.42857142857142855,0.28070175647735596,0.25664159655570984,0.23659147322177887,0.22606515884399414
8,0.23514912203424007,12.164854049682617,18.597347259521484,9.226269721984863,0.3324620723724365,0.6365913152694702,88.2419662475586,18672.0,11.758033752441406,2488.0,0.0,0.0,0.0,0.0,0.0,0.0,6.343011379241943,9.275978088378906,4.887998104095459,0.8338927030563354,0.9180974364280701,98.46881103515625,5209.0,1.5311908721923828,81.0,0.0,0.0,0.0,0.0,0.0,0.0,11.48869514465332,17.00649642944336,8.74585247039795,0.44167637825012207,0.7001992464065552,90.11341857910156,4767.0,9.886578559875488,523.0,0.0,0.0,0.0,0.0,0.0,0.0,14.541988372802734,21.293954849243164,11.001363754272461,0.1249241828918457,0.5048853158950806,83.83743286132812,4435.0,16.16257095336914,855.0,0.0,0.0,0.0,0.0,0.0,0.0,16.28571891784668,23.55308723449707,12.269864082336426,-0.07036900520324707,0.3818953335285187,80.54820251464844,4261.0,19.45179557800293,1029.0,0.0,0.0,0.0,0.0,0.0,0.0,0.11798273772001266,0.47169843316078186,0.41031888127326965,0.13452374935150146,0.11920291930437088,0.9917693734169006,0.9230205416679382,0.5,0.2719298303127289,0.25219297409057617,0.2399122714996338,0.23596492409706116
9,0.2299417265689279,12.094636917114258,18.420475006103516,9.175893783569336,0.34509897232055664,0.6440626382827759,88.42154693603516,18710.0,11.578449249267578,2450.0,0.0,0.0,0.0,0.0,0.0,0.0,5.992708206176758,8.650233268737793,4.644467353820801,0.8555475473403931,0.9287948608398438,98.86578369140625,5230.0,1.1342154741287231,60.0,0.0,0.0,0.0,0.0,0.0,0.0,11.379918098449707,16.64579200744629,8.682829856872559,0.46510910987854004,0.7137050628662109,90.60491180419922,4793.0,9.395085334777832,497.0,0.0,0.0,0.0,0.0,0.0,0.0,14.611117362976074,21.209993362426758,11.041319847106934,0.13181143999099731,0.5075350403785706,83.85633087158203,4436.0,16.143667221069336,854.0,0.0,0.0,0.0,0.0,0.0,0.0,16.394805908203125,23.568687438964844,12.33495807647705,-0.07178735733032227,0.3749476373195648,80.35916900634766,4251.0,19.640830993652344,1039.0,0.0,0.0,0.0,0.0,0.0,0.0,0.13330167531967163,0.4988980293273926,0.3678003251552582,0.14482738077640533,0.11920291930437088,0.9964397549629211,0.9266906380653381,0.5714285714285714,0.2631579041481018,0.2477443516254425,0.2432330846786499,0.24586467444896698
10,0.22631982062524544,12.01986312866211,18.30949592590332,9.128711700439453,0.3529664874076843,0.6489014625549316,88.3412094116211,18693.0,11.65878963470459,2467.0,0.0,0.0,0.0,0.0,0.0,0.0,5.772124767303467,8.314213752746582,4.497899532318115,0.8665521144866943,0.9335063099861145,98.97920227050781,5236.0,1.0207940340042114,54.0,0.0,0.0,0.0,0.0,0.0,0.0,11.238054275512695,16.432464599609375,8.594364166259766,0.4787312150001526,0.7213174104690552,90.5103988647461,4788.0,9.489603042602539,502.0,0.0,0.0,0.0,0.0,0.0,0.0,14.609689712524414,21.153064727783203,11.043377876281738,0.13646560907363892,0.5104414820671082,83.87523651123047,4437.0,16.12476348876953,853.0,0.0,0.0,0.0,0.0,0.0,0.0,16.459585189819336,23.5445613861084,12.3792085647583,-0.06959414482116699,0.37274476885795593,80.0,4232.0,20.0,1058.0,0.0,0.0,0.0,0.0,0.0,0.0,0.146513432264328,0.5952416062355042,0.25824496150016785,0.15651334822177887,0.11920291930437088,0.9977993369102478,0.9270205497741699,0.6428571428571429,0.25438597798347473,0.24329572916030884,0.24655388295650482,0.2557644248008728
11,0.22108718691425233,12.00434398651123,18.24920082092285,9.13519287109375,0.3572210669517517,0.650215208530426,88.24668884277344,18673.0,11.753308296203613,2487.0,0.0,0.0,0.0,0.0,0.0,0.0,5.707774639129639,8.168048858642578,4.454810619354248,0.8712029457092285,0.9355905652046204,99.05481719970703,5240.0,0.9451796412467957,50.0,0.0,0.0,0.0,0.0,0.0,0.0,11.188081741333008,16.30722427368164,8.572120666503906,0.48664671182632446,0.7244003415107727,90.73724365234375,4800.0,9.262760162353516,490.0,0.0,0.0,0.0,0.0,0.0,0.0,14.615010261535645,21.086034774780273,11.077170372009277,0.14192968606948853,0.511478841304779,83.78071594238281,4432.0,16.219282150268555,858.0,0.0,0.0,0.0,0.0,0.0,0.0,16.506507873535156,23.555675506591797,12.436668395996094,-0.07060420513153076,0.3702380061149597,79.41398620605469,4201.0,20.586009979248047,1089.0,0.0,0.0,0.0,0.0,0.0,0.0,0.16980987787246704,0.6051146388053894,0.22507554292678833,0.1702030748128891,0.11920291930437088,0.9966058135032654,0.9140014052391052,0.7142857142857143,0.24561403691768646,0.23884710669517517,0.24987469613552094,0.26566416025161743
12,0.2170950963408766,12.06471061706543,18.317811965942383,9.182964324951172,0.3523787260055542,0.6477082967758179,88.02930450439453,18627.0,11.970699310302734,2533.0,0.0,0.0,0.0,0.0,0.0,0.0,5.673537731170654,8.070366859436035,4.440725803375244,0.8742650747299194,0.9371997714042664,99.07372283935547,5241.0,0.9262760281562805,49.0,0.0,0.0,0.0,0.0,0.0,0.0,11.198497772216797,16.27731704711914,8.58562183380127,0.48852795362472534,0.7256542444229126,90.5103988647461,4788.0,9.489603042602539,502.0,0.0,0.0,0.0,0.0,0.0,0.0,14.700150489807129,21.167264938354492,11.138273239135742,0.13530588150024414,0.5067861676216125,83.47825622558594,4416.0,16.521738052368164,874.0,0.0,0.0,0.0,0.0,0.0,0.0,16.686655044555664,23.7493953704834,12.567232131958008,-0.08828580379486084,0.3586156964302063,79.05481719970703,4182.0,20.945178985595703,1108.0,0.0,0.0,0.0,0.0,0.0,0.0,0.1904710978269577,0.5973212122917175,0.21220773458480835,0.17758573591709137,0.11920291930437088,0.9955088496208191,0.9120818972587585,0.7857142857142857,0.23684212565422058,0.2343984991312027,0.25319552421569824,0.27556392550468445
13,0.21269120948040054,12.388476371765137,18.709779739379883,9.428342819213867,0.32436633110046387,0.6349720358848572,87.02268981933594,18414.0,12.977315902709961,2746.0,0.0,0.0,0.0,0.0,0.0,0.0,5.744014263153076,8.12324047088623,4.487188816070557,0.8726121783256531,0.9370383024215698,99.0926284790039,5242.0,0.9073724150657654,48.0,0.0,0.0,0.0,0.0,0.0,0.0,11.452123641967773,16.523048400878906,8.76321029663086,0.47296851873397827,0.7192796468734741,90.20793914794922,4772.0,9.792060852050781,518.0,0.0,0.0,0.0,0.0,0.0,0.0,15.139092445373535,21.62761688232422,11.47292423248291,0.0972856879234314,0.48990413546562195,81.66351318359375,4320.0,18.336483001708984,970.0,0.0,0.0,0.0,0.0,0.0,0.0,17.218679428100586,24.361268997192383,12.9900484085083,-0.14508473873138428,0.3333786725997925,77.12665557861328,4080.0,22.87334632873535,1210.0,0.0,0.0,0.0,0.0,0.0,0.0,0.18640178442001343,0.6280485391616821,0.1855497509241104,0.1793641597032547,0.11920291930437088,0.9914326667785645,0.9146633744239807,0.8571428571428571,0.22807016968727112,0.22994986176490784,0.25651630759239197,0.2854636609554291
14,0.2109680515706068,12.679956436157227,19.14082145690918,9.661567687988281,0.2928767204284668,0.620641827583313,86.3705062866211,18276.0,13.62948989868164,2884.0,0.0,0.0,0.0,0.0,0.0,0.0,5.809847354888916,8.219770431518555,4.544199466705322,0.8695666790008545,0.9352875351905823,99.11153411865234,5243.0,0.8884688019752502,47.0,0.0,0.0,0.0,0.0,0.0,0.0,11.713330268859863,16.883350372314453,8.970609664916992,0.4497328996658325,0.7074307203292847,89.52741241455078,4736.0,10.472589492797852,554.0,0.0,0.0,0.0,0.0,0.0,0.0,15.552674293518066,22.221874237060547,11.796934127807617,0.04699677228927612,0.4668281674385071,80.73723602294922,4271.0,19.262760162353516,1019.0,0.0,0.0,0.0,0.0,0.0,0.0,17.643980026245117,24.88092041015625,13.334527969360352,-0.1944575309753418,0.3160983622074127,76.10586547851562,4026.0,23.894140243530273,1264.0,0.0,0.0,0.0,0.0,0.0,0.0,0.19094406068325043,0.650417685508728,0.15863826870918274,0.1708614081144333,0.11920291930437088,0.9895629286766052,0.9300453662872314,0.9285714285714286,0.21929824352264404,0.22550123929977417,0.2598370909690857,0.2953633964061737
15,0.2066177135561007,12.702642440795898,19.191293716430664,9.694890022277832,0.2891426682472229,0.6177877187728882,86.11531066894531,18222.0,13.879961967468262,2937.0,0.0047258976846933365,1.0,0.0,0.0,0.0,0.0,5.815201282501221,8.258596420288086,4.552644729614258,0.8683315515518188,0.9345754384994507,99.01701354980469,5238.0,0.9829867482185364,52.0,0.0,0.0,0.0,0.0,0.0,0.0,11.76988697052002,16.95117950439453,9.034387588500977,0.4453026056289673,0.7044606804847717,89.33837127685547,4726.0,10.661625862121582,564.0,0.0,0.0,0.0,0.0,0.0,0.0,15.614300727844238,22.308345794677734,11.866158485412598,0.039565443992614746,0.4616590142250061,80.20793914794922,4243.0,19.773157119750977,1046.0,0.018903590738773346,1.0,0.0,0.0,0.0,0.0,17.611177444458008,24.900074005126953,13.326367378234863,-0.19629716873168945,0.31249475479125977,75.89791870117188,4015.0,24.102079391479492,1275.0,0.0,0.0,0.0,0.0,0.0,0.0,0.2022039294242859,0.6302765607833862,0.16751953959465027,0.17623966932296753,0.11920291930437088,0.9871604442596436,0.9401823282241821,1.0,0.21052631735801697,0.2210526168346405,0.2631579041481018,0.3052631616592407
16,0.1964356566434578,12.78186321258545,19.299257278442383,9.751405715942383,0.2811221480369568,0.6128782033920288,85.89319610595703,18175.0,14.106805801391602,2985.0,0.0,0.0,0.0,0.0,0.0,0.0,5.856778621673584,8.339698791503906,4.573354721069336,0.8657327890396118,0.9337304830551147,98.99810791015625,5237.0,1.0018904209136963,53.0,0.0,0.0,0.0,0.0,0.0,0.0,11.857767105102539,17.079870223999023,9.092735290527344,0.4368482828140259,0.7003871202468872,88.88468933105469,4702.0,11.115311622619629,588.0,0.0,0.0,0.0,0.0,0.0,0.0,15.688712120056152,22.417367935180664,11.9216947555542,0.030155181884765625,0.455339252948761,80.07561492919922,4236.0,19.92438507080078,1054.0,0.0,0.0,0.0,0.0,0.0,0.0,17.72419548034668,25.020675659179688,13.417835235595703,-0.20791375637054443,0.30479252338409424,75.61437225341797,4000.0,24.38563346862793,1290.0,0.0,0.0,0.0,0.0,0.0,0.0,0.2409677505493164,0.5914912223815918,0.16754105687141418,0.17603127658367157,0.11920291930437088,0.986172616481781,0.9378458261489868,1.0,0.21052631735801697,0.2210526168346405,0.2631579041481018,0.3052631616592407
17,0.19163273528544833,12.677507400512695,19.21249008178711,9.686195373535156,0.2875715494155884,0.6157134175300598,85.93099975585938,18183.0,14.068998336791992,2977.0,0.0,0.0,0.0,0.0,0.0,0.0,5.769258975982666,8.238123893737793,4.5143818855285645,0.8689835071563721,0.9347607493400574,99.05481719970703,5240.0,0.9451796412467957,50.0,0.0,0.0,0.0,0.0,0.0,0.0,11.761882781982422,17.028270721435547,9.029081344604492,0.4402458071708679,0.700933575630188,88.62003326416016,4688.0,11.379961967468262,602.0,0.0,0.0,0.0,0.0,0.0,0.0,15.5977201461792,22.343769073486328,11.863662719726562,0.03651297092437744,0.4589717984199524,80.17012786865234,4241.0,19.82986831665039,1049.0,0.0,0.0,0.0,0.0,0.0,0.0,17.5811710357666,24.887874603271484,13.337654113769531,-0.19512546062469482,0.3141538202762604,75.87902069091797,4014.0,24.120983123779297,1276.0,0.0,0.0,0.0,0.0,0.0,0.0,0.2509131133556366,0.6012309193611145,0.14785601198673248,0.17692627012729645,0.11920291930437088,0.9864636063575745,0.9357932806015015,1.0,0.21052631735801697,0.2210526168346405,0.2631579041481018,0.3052631616592407
18,0.18279156806822547,12.812034606933594,19.325342178344727,9.809513092041016,0.2791774272918701,0.611648440361023,85.53402709960938,18099.0,14.465973854064941,3061.0,0.0,0.0,0.0,0.0,0.0,0.0,5.7490105628967285,8.19990348815918,4.506593704223633,0.8701964020729065,0.9352496266365051,99.0926284790039,5242.0,0.9073724150657654,48.0,0.0,0.0,0.0,0.0,0.0,0.0,11.811208724975586,17.00606346130371,9.08328914642334,0.4417048692703247,0.7016367316246033,88.52552032470703,4683.0,11.474480628967285,607.0,0.0,0.0,0.0,0.0,0.0,0.0,15.80491828918457,22.475309371948242,12.047530174255371,0.025135278701782227,0.4522325396537781,79.28166198730469,4194.0,20.71833610534668,1096.0,0.0,0.0,0.0,0.0,0.0,0.0,17.882997512817383,25.145402908325195,13.600638389587402,-0.21998655796051025,0.3022826611995697,75.23629760742188,3980.0,24.763704299926758,1310.0,0.0,0.0,0.0,0.0,0.0,0.0,0.2675468921661377,0.5737026333808899,0.1587505042552948,0.17272405326366425,0.11920291930437088,0.9845936894416809,0.9411261081695557,1.0,0.21052631735801697,0.2210526168346405,0.2631579041481018,0.3052631616592407
19,0.17771602921164764,12.757075309753418,19.224348068237305,9.764452934265137,0.2866917848587036,0.6141928434371948,85.7419662475586,18143.0,14.258034706115723,3017.0,0.0,0.0,0.0,0.0,0.0,0.0,5.756921768188477,8.189090728759766,4.508152008056641,0.8705384731292725,0.935624361038208,99.01701354980469,5238.0,0.9829867482185364,52.0,0.0,0.0,0.0,0.0,0.0,0.0,11.802640914916992,16.967273712158203,9.078422546386719,0.4442487955093384,0.7023958563804626,88.7712631225586,4696.0,11.22873306274414,594.0,0.0,0.0,0.0,0.0,0.0,0.0,15.726659774780273,22.358182907104492,11.98213005065918,0.03526949882507324,0.4549814462661743,79.60301971435547,4211.0,20.396974563598633,1079.0,0.0,0.0,0.0,0.0,0.0,0.0,17.74207305908203,24.96926498413086,13.489106178283691,-0.20295488834381104,0.30782943964004517,75.5765609741211,3998.0,24.423439025878906,1292.0,0.0,0.0,0.0,0.0,0.0,0.0,0.26933905482292175,0.5644167065620422,0.1662442535161972,0.16776196658611298,0.11920291930437088,0.9839518666267395,0.9421364665031433,1.0,0.21052631735801697,0.2210526168346405,0.2631579041481018,0.3052631616592407
step,fold1/test_loss,fold1/test_mae,fold1/test_rmse,fold1/test_mard,fold1/test_r2,fold1/test_pearson,fold1/test_ega_zone_a_pct,fold1/test_ega_zone_a_count,fold1/test_ega_zone_b_pct,fold1/test_ega_zone_b_count,fold1/test_ega_zone_c_pct,fold1/test_ega_zone_c_count,fold1/test_ega_zone_d_pct,fold1/test_ega_zone_d_count,fold1/test_ega_zone_e_pct,fold1/test_ega_zone_e_count,fold1/test_horizon_15_mae,fold1/test_horizon_15_rmse,fold1/test_horizon_15_mard,fold1/test_horizon_15_r2,fold1/test_horizon_15_pearson,fold1/test_horizon_15_ega_zone_a_pct,fold1/test_horizon_15_ega_zone_a_count,fold1/test_horizon_15_ega_zone_b_pct,fold1/test_horizon_15_ega_zone_b_count,fold1/test_horizon_15_ega_zone_c_pct,fold1/test_horizon_15_ega_zone_c_count,fold1/test_horizon_15_ega_zone_d_pct,fold1/test_horizon_15_ega_zone_d_count,fold1/test_horizon_15_ega_zone_e_pct,fold1/test_horizon_15_ega_zone_e_count,fold1/test_horizon_30_mae,fold1/test_horizon_30_rmse,fold1/test_horizon_30_mard,fold1/test_horizon_30_r2,fold1/test_horizon_30_pearson,fold1/test_horizon_30_ega_zone_a_pct,fold1/test_horizon_30_ega_zone_a_count,fold1/test_horizon_30_ega_zone_b_pct,fold1/test_horizon_30_ega_zone_b_count,fold1/test_horizon_30_ega_zone_c_pct,fold1/test_horizon_30_ega_zone_c_count,fold1/test_horizon_30_ega_zone_d_pct,fold1/test_horizon_30_ega_zone_d_count,fold1/test_horizon_30_ega_zone_e_pct,fold1/test_horizon_30_ega_zone_e_count,fold1/test_horizon_45_mae,fold1/test_horizon_45_rmse,fold1/test_horizon_45_mard,fold1/test_horizon_45_r2,fold1/test_horizon_45_pearson,fold1/test_horizon_45_ega_zone_a_pct,fold1/test_horizon_45_ega_zone_a_count,fold1/test_horizon_45_ega_zone_b_pct,fold1/test_horizon_45_ega_zone_b_count,fold1/test_horizon_45_ega_zone_c_pct,fold1/test_horizon_45_ega_zone_c_count,fold1/test_horizon_45_ega_zone_d_pct,fold1/test_horizon_45_ega_zone_d_count,fold1/test_horizon_45_ega_zone_e_pct,fold1/test_horizon_45_ega_zone_e_count,fold1/test_horizon_60_mae,fold1/test_horizon_60_rmse,fold1/test_horizon_60_mard,fold1/test_horizon_60_r2,fold1/test_horizon_60_pearson,fold1/test_horizon_60_ega_zone_a_pct,fold1/test_horizon_60_ega_zone_a_count,fold1/test_horizon_60_ega_zone_b_pct,fold1/test_horizon_60_ega_zone_b_count,fold1/test_horizon_60_ega_zone_c_pct,fold1/test_horizon_60_ega_zone_c_count,fold1/test_horizon_60_ega_zone_d_pct,fold1/test_horizon_60_ega_zone_d_count,fold1/test_horizon_60_ega_zone_e_pct,fold1/test_horizon_60_ega_zone_e_count
0,0.2191092172066804,8.614956855773926,12.517693519592285,8.00412654876709,0.39167261123657227,0.6468732953071594,91.5621566772461,6717.0,8.328789710998535,611.0,0.0,0.0,0.10905124992132187,8.0,0.0,0.0,4.566273212432861,6.476118564605713,4.272631645202637,0.8353912830352783,0.9148926138877869,98.8004379272461,1812.0,1.0905125141143799,20.0,0.0,0.0,0.10905124992132187,2.0,0.0,0.0,8.300309181213379,11.840723991394043,7.7285380363464355,0.4536769986152649,0.6882859468460083,92.85713958740234,1703.0,7.0338053703308105,129.0,0.0,0.0,0.10905124992132187,2.0,0.0,0.0,10.25531005859375,14.30742073059082,9.521136283874512,0.20812737941741943,0.5110874772071838,88.87677001953125,1630.0,11.014177322387695,202.0,0.0,0.0,0.10905124992132187,2.0,0.0,0.0,11.337933540344238,15.489527702331543,10.494202613830566,0.07861077785491943,0.4037308096885681,85.71428680419922,1572.0,14.176663398742676,260.0,0.0,0.0,0.10905124992132187,2.0,0.0,0.0
step,fold2/train_loss,fold2/val_mae,fold2/val_rmse,fold2/val_mard,fold2/val_r2,fold2/val_pearson,fold2/val_ega_zone_a_pct,fold2/val_ega_zone_a_count,fold2/val_ega_zone_b_pct,fold2/val_ega_zone_b_count,fold2/val_ega_zone_c_pct,fold2/val_ega_zone_c_count,fold2/val_ega_zone_d_pct,fold2/val_ega_zone_d_count,fold2/val_ega_zone_e_pct,fold2/val_ega_zone_e_count,fold2/val_horizon_15_mae,fold2/val_horizon_15_rmse,fold2/val_horizon_15_mard,fold2/val_horizon_15_r2,fold2/val_horizon_15_pearson,fold2/val_horizon_15_ega_zone_a_pct,fold2/val_horizon_15_ega_zone_a_count,fold2/val_horizon_15_ega_zone_b_pct,fold2/val_horizon_15_ega_zone_b_count,fold2/val_horizon_15_ega_zone_c_pct,fold2/val_horizon_15_ega_zone_c_count,fold2/val_horizon_15_ega_zone_d_pct,fold2/val_horizon_15_ega_zone_d_count,fold2/val_horizon_15_ega_zone_e_pct,fold2/val_horizon_15_ega_zone_e_count,fold2/val_horizon_30_mae,fold2/val_horizon_30_rmse,fold2/val_horizon_30_mard,fold2/val_horizon_30_r2,fold2/val_horizon_30_pearson,fold2/val_horizon_30_ega_zone_a_pct,fold2/val_horizon_30_ega_zone_a_count,fold2/val_horizon_30_ega_zone_b_pct,fold2/val_horizon_30_ega_zone_b_count,fold2/val_horizon_30_ega_zone_c_pct,fold2/val_horizon_30_ega_zone_c_count,fold2/val_horizon_30_ega_zone_d_pct,fold2/val_horizon_30_ega_zone_d_count,fold2/val_horizon_30_ega_zone_e_pct,fold2/val_horizon_30_ega_zone_e_count,fold2/val_horizon_45_mae,fold2/val_horizon_45_rmse,fold2/val_horizon_45_mard,fold2/val_horizon_45_r2,fold2/val_horizon_45_pearson,fold2/val_horizon_45_ega_zone_a_pct,fold2/val_horizon_45_ega_zone_a_count,fold2/val_horizon_45_ega_zone_b_pct,fold2/val_horizon_45_ega_zone_b_count,fold2/val_horizon_45_ega_zone_c_pct,fold2/val_horizon_45_ega_zone_c_count,fold2/val_horizon_45_ega_zone_d_pct,fold2/val_horizon_45_ega_zone_d_count,fold2/val_horizon_45_ega_zone_e_pct,fold2/val_horizon_45_ega_zone_e_count,fold2/val_horizon_60_mae,fold2/val_horizon_60_rmse,fold2/val_horizon_60_mard,fold2/val_horizon_60_r2,fold2/val_horizon_60_pearson,fold2/val_horizon_60_ega_zone_a_pct,fold2/val_horizon_60_ega_zone_a_count,fold2/val_horizon_60_ega_zone_b_pct,fold2/val_horizon_60_ega_zone_b_count,fold2/val_horizon_60_ega_zone_c_pct,fold2/val_horizon_60_ega_zone_c_count,fold2/val_horizon_60_ega_zone_d_pct,fold2/val_horizon_60_ega_zone_d_count,fold2/val_horizon_60_ega_zone_e_pct,fold2/val_horizon_60_ega_zone_e_count,fold2/diag_fusion_gate_cgm,fold2/diag_fusion_gate_cgm_guided,fold2/diag_fusion_gate_physio,fold2/diag_horizon_query_similarity,fold2/diag_horizon_progressive_gate,fold2/diag_horizon_attention_similarity,fold2/diag_horizon_attention_entropy,fold2/diag_horizon_curriculum_progress,fold2/diag_loss_horizon_weight_0,fold2/diag_loss_horizon_weight_1,fold2/diag_loss_horizon_weight_2,fold2/diag_loss_horizon_weight_3
1,0.23506181125848977,12.20617961883545,19.340818405151367,11.055798530578613,0.3370722532272339,0.6422477960586548,83.84139251708984,14082.0,15.003572463989258,2520.0,0.005953798536211252,1.0,1.1431293487548828,192.0,0.005953798536211252,1.0,7.366319179534912,11.128918647766113,6.656314373016357,0.7818560004234314,0.8870890736579895,94.23672485351562,3957.0,5.286972999572754,222.0,0.0,0.0,0.4763038754463196,20.0,0.0,0.0,11.60716724395752,17.544876098632812,10.444220542907715,0.4562322497367859,0.7067906856536865,84.78209686279297,3560.0,14.170040130615234,595.0,0.0,0.0,1.0478686094284058,44.0,0.0,0.0,14.119174003601074,21.5473575592041,12.811695098876953,0.17452746629714966,0.5480712056159973,79.73326873779297,3348.0,18.814002990722656,790.0,0.0,0.0,1.4527268409729004,61.0,0.0,0.0,15.732060432434082,24.501121520996094,14.310964584350586,-0.07052671909332275,0.40535861253738403,76.61347961425781,3217.0,21.74327278137207,913.0,0.02381519414484501,1.0,1.5956180095672607,67.0,0.02381519414484501,1.0,0.45684704184532166,0.16185356676578522,0.3812994658946991,0.027449408546090126,0.11920291930437088,0.9999062418937683,0.9999796152114868,0.0,0.3333333432674408,0.28333333134651184,0.21666665375232697,0.1666666716337204
2,0.23233579047716998,12.018594741821289,19.04238510131836,10.912363052368164,0.3573726415634155,0.6435304880142212,84.44867706298828,14184.0,14.360562324523926,2412.0,0.0,0.0,1.1907596588134766,200.0,0.0,0.0,7.350799560546875,11.088926315307617,6.6586174964904785,0.7834210395812988,0.8868377208709717,94.09382629394531,3951.0,5.358418941497803,225.0,0.0,0.0,0.5477494597434998,23.0,0.0,0.0,11.486475944519043,17.421558380126953,10.366122245788574,0.46384936571121216,0.7047616839408875,85.30602264404297,3582.0,13.622291564941406,572.0,0.0,0.0,1.071683645248413,45.0,0.0,0.0,13.8401517868042,21.20612907409668,12.574919700622559,0.20046520233154297,0.54587322473526,80.42391204833984,3377.0,18.075733184814453,759.0,0.0,0.0,1.5003572702407837,63.0,0.0,0.0,15.39694881439209,23.964033126831055,14.049797058105469,-0.02410721778869629,0.4039303660392761,77.970947265625,3274.0,20.385807037353516,856.0,0.0,0.0,1.643248438835144,69.0,0.0,0.0,0.5776199698448181,0.09860474616289139,0.3237752616405487,0.0289177093654871,0.11920291930437088,0.9997053146362305,0.9998770952224731,0.07142857142857142,0.3245614171028137,0.2788847088813782,0.21998745203018188,0.17656642198562622
3,0.23413221849096794,12.03796100616455,19.048635482788086,10.925836563110352,0.3569508194923401,0.6417368650436401,84.27006530761719,14154.0,14.54512882232666,2443.0,0.0,0.0,1.184805989265442,199.0,0.0,0.0,7.348099231719971,11.101080894470215,6.656102180480957,0.782945990562439,0.8862565755844116,94.09382629394531,3951.0,5.382233619689941,226.0,0.0,0.0,0.5239343047142029,22.0,0.0,0.0,11.511260032653809,17.441781997680664,10.390143394470215,0.4626038670539856,0.7028367519378662,85.1155014038086,3574.0,13.812812805175781,580.0,0.0,0.0,1.071683645248413,45.0,0.0,0.0,13.862462043762207,21.208858489990234,12.584872245788574,0.20025944709777832,0.5432260632514954,80.18576049804688,3367.0,18.313884735107422,769.0,0.0,0.0,1.5003572702407837,63.0,0.0,0.0,15.43002700805664,23.96114730834961,14.072232246398926,-0.023860573768615723,0.40187010169029236,77.68516540527344,3262.0,20.671588897705078,868.0,0.0,0.0,1.643248438835144,69.0,0.0,0.0,0.5443415641784668,0.07769899070262909,0.3779594600200653,0.03299294784665108,0.11920291930437088,0.9994123578071594,0.9996216297149658,0.14285714285714285,0.31578949093818665,0.2744360864162445,0.223308265209198,0.18646617233753204
4,0.23332253868711061,11.990639686584473,18.907955169677734,10.882081031799316,0.366413950920105,0.6431075930595398,84.50821685791016,14194.0,14.295069694519043,2401.0,0.0,0.0,1.1967134475708008,201.0,0.0,0.0,7.324524402618408,11.03506851196289,6.643178939819336,0.7855197191238403,0.8872107267379761,94.18909454345703,3955.0,5.23934268951416,220.0,0.0,0.0,0.5715646743774414,24.0,0.0,0.0,11.454341888427734,17.355215072631836,10.331817626953125,0.4679250121116638,0.7032433152198792,85.40128326416016,3586.0,13.527029991149902,568.0,0.0,0.0,1.071683645248413,45.0,0.0,0.0,13.80758285522461,21.04005241394043,12.528209686279297,0.21293944120407104,0.5430375337600708,80.40010070800781,3376.0,18.09954833984375,760.0,0.0,0.0,1.5003572702407837,63.0,0.0,0.0,15.376110076904297,23.75674819946289,14.025123596191406,-0.006467103958129883,0.4023365378379822,78.04239654541016,3277.0,20.314361572265625,853.0,0.0,0.0,1.643248438835144,69.0,0.0,0.0,0.5905474424362183,0.10563214868307114,0.3038204610347748,0.04080728068947792,0.11920291930437088,0.9994617104530334,0.9995317459106445,0.21428571428571427,0.30701756477355957,0.26998746395111084,0.22662906348705292,0.19636592268943787
5,0.23399943629071202,11.987993240356445,18.90928840637207,10.909111976623535,0.36632466316223145,0.6434996724128723,84.6272964477539,14214.0,14.164087295532227,2379.0,0.005953798536211252,1.0,1.2026673555374146,202.0,0.0,0.0,7.306552886962891,11.01045036315918,6.637279510498047,0.7864755988121033,0.8878147006034851,94.1414566040039,3953.0,5.263157844543457,221.0,0.0,0.0,0.5953798294067383,25.0,0.0,0.0,11.447638511657715,17.338716506958008,10.354464530944824,0.4689362049102783,0.7048445343971252,85.40128326416016,3586.0,13.527029991149902,568.0,0.0,0.0,1.071683645248413,45.0,0.0,0.0,13.823472023010254,21.06048583984375,12.582233428955078,0.21140986680984497,0.5430334806442261,80.66206359863281,3387.0,17.837581634521484,749.0,0.0,0.0,1.5003572702407837,63.0,0.0,0.0,15.374313354492188,23.76634979248047,14.06247329711914,-0.007280826568603516,0.40049394965171814,78.30435943603516,3288.0,20.02857780456543,841.0,0.02381519414484501,1.0,1.643248438835144,69.0,0.0,0.0,0.38718676567077637,0.2057458609342575,0.4070674180984497,0.03619266673922539,0.11920291930437088,0.9993919730186462,0.9995331168174744,0.2857142857142857,0.2982456088066101,0.2655388414859772,0.22994986176490784,0.2062656730413437
6,0.23005763163376577,11.891291618347168,18.7645206451416,10.791839599609375,0.37599021196365356,0.6441429853439331,84.85948944091797,14253.0,13.925935745239258,2339.0,0.005953798536211252,1.0,1.2086210250854492,203.0,0.0,0.0,7.193868160247803,10.76884651184082,6.534424304962158,0.7957435846328735,0.8923676609992981,94.73684692382812,3978.0,4.643962860107422,195.0,0.0,0.0,0.6191950440406799,26.0,0.0,0.0,11.380942344665527,17.19393539428711,10.269421577453613,0.4777681231498718,0.7057816982269287,85.63943481445312,3596.0,13.288877487182617,558.0,0.0,0.0,1.071683645248413,45.0,0.0,0.0,13.73569107055664,20.943012237548828,12.453408241271973,0.22018277645111084,0.540099024772644,80.78113555908203,3392.0,17.718503952026367,744.0,0.0,0.0,1.5003572702407837,63.0,0.0,0.0,15.254669189453125,23.62667465209961,13.910107612609863,0.004523873329162598,0.3969237804412842,78.28054809570312,3287.0,20.052392959594727,842.0,0.02381519414484501,1.0,1.643248438835144,69.0,0.0,0.0,0.5575851798057556,0.2535122334957123,0.18890264630317688,0.06884292513132095,0.11920291930437088,0.9996983408927917,0.9988507032394409,0.35714285714285715,0.28947368264198303,0.2610902190208435,0.23327067494392395,0.2161654233932495
7,0.22631370186579522,11.699638366699219,18.462125778198242,10.609139442443848,0.39594030380249023,0.6536898016929626,85.2048110961914,14311.0,13.592521667480469,2283.0,0.0,0.0,1.2026673555374146,202.0,0.0,0.0,6.8761887550354,10.225337028503418,6.260532855987549,0.8158411383628845,0.9033288359642029,95.59419250488281,4014.0,3.8580615520477295,162.0,0.0,0.0,0.5477494597434998,23.0,0.0,0.0,11.225301742553711,16.825565338134766,10.130430221557617,0.49990540742874146,0.7171730995178223,85.92522430419922,3608.0,12.955466270446777,544.0,0.0,0.0,1.119314193725586,47.0,0.0,0.0,13.604925155639648,20.728790283203125,12.319791793823242,0.23605424165725708,0.546113133430481,81.0669174194336,3404.0,17.432722091674805,732.0,0.0,0.0,1.5003572702407837,63.0,0.0,0.0,15.092138290405273,23.367931365966797,13.725805282592773,0.026208102703094482,0.4010322391986847,78.23291778564453,3285.0,20.12384033203125,845.0,0.0,0.0,1.643248438835144,69.0,0.0,0.0,0.4518986642360687,0.36687996983528137,0.18122142553329468,0.08567538112401962,0.11920291930437088,0.9994459748268127,0.9980050325393677,0.42857142857142855,0.28070175647735596,0.25664159655570984,0.23659147322177887,0.22606515884399414
8,0.22339511847077556,11.647626876831055,18.416725158691406,10.551423072814941,0.39890754222869873,0.6575443744659424,85.37747192382812,14340.0,13.461539268493652,2261.0,0.0,0.0,1.1609907150268555,195.0,0.0,0.0,6.695181846618652,9.918732643127441,6.0973052978515625,0.8267195224761963,0.9095191955566406,95.87997436523438,4026.0,3.6437246799468994,153.0,0.0,0.0,0.4763038754463196,20.0,0.0,0.0,11.169187545776367,16.69147300720215,10.068264961242676,0.5078447461128235,0.7238353490829468,86.23481750488281,3621.0,12.693498611450195,533.0,0.0,0.0,1.071683645248413,45.0,0.0,0.0,13.611058235168457,20.72248649597168,12.305639266967773,0.23651891946792603,0.5473958253860474,81.16217803955078,3408.0,17.361276626586914,729.0,0.0,0.0,1.4765419960021973,62.0,0.0,0.0,15.115083694458008,23.4583683013916,13.73448371887207,0.018656134605407715,0.3977349102497101,78.23291778564453,3285.0,20.147653579711914,846.0,0.0,0.0,1.6194332838058472,68.0,0.0,0.0,0.4767798185348511,0.3557589054107666,0.16746129095554352,0.0908380076289177,0.11920291930437088,0.9994507431983948,0.9981529712677002,0.5,0.2719298303127289,0.25219297409057617,0.2399122714996338,0.23596492409706116
9,0.22141486493414675,11.569405555725098,18.31781005859375,10.489384651184082,0.4053470492362976,0.661262571811676,85.78233337402344,14408.0,13.068588256835938,2195.0,0.005953798536211252,1.0,1.1371755599975586,191.0,0.005953798536211252,1.0,6.485284328460693,9.512924194335938,5.925719738006592,0.8406084179878235,0.9172019362449646,96.38008880615234,4047.0,3.1912360191345215,134.0,0.0,0.0,0.42867347598075867,18.0,0.0,0.0,11.106353759765625,16.530364990234375,10.022719383239746,0.5172995924949646,0.729692816734314,86.5444107055664,3634.0,12.38390064239502,520.0,0.0,0.0,1.071683645248413,45.0,0.0,0.0,13.606450080871582,20.708303451538086,12.303153038024902,0.23756355047225952,0.5461415648460388,81.40033721923828,3418.0,17.14693832397461,720.0,0.0,0.0,1.4527268409729004,61.0,0.0,0.0,15.079532623291016,23.443252563476562,13.705946922302246,0.019920527935028076,0.3935830891132355,78.80447387695312,3309.0,19.552274703979492,821.0,0.02381519414484501,1.0,1.5956180095672607,67.0,0.02381519414484501,1.0,0.49019670486450195,0.30459892749786377,0.20520438253879547,0.09634464979171753,0.11920291930437088,0.9991480708122253,0.9979245066642761,0.5714285714285714,0.2631579041481018,0.2477443516254425,0.2432330846786499,0.24586467444896698
10,0.2195021977404263,11.578134536743164,18.355430603027344,10.497432708740234,0.4029020071029663,0.6626145243644714,85.71683502197266,14397.0,13.140032768249512,2207.0,0.011907597072422504,2.0,1.1252678632736206,189.0,0.005953798536211252,1.0,6.377750873565674,9.314701080322266,5.838674068450928,0.8471817970275879,0.9210605025291443,96.40390014648438,4048.0,3.1674211025238037,133.0,0.0,0.0,0.42867347598075867,18.0,0.0,0.0,11.082195281982422,16.439655303955078,10.006973266601562,0.5225826501846313,0.7352543473243713,86.61585998535156,3637.0,12.336270332336426,518.0,0.0,0.0,1.0478686094284058,44.0,0.0,0.0,13.664732933044434,20.77872085571289,12.34696102142334,0.23236960172653198,0.546786904335022,81.09073638916016,3405.0,17.4803524017334,734.0,0.0,0.0,1.4289116859436035,60.0,0.0,0.0,15.187857627868652,23.64120101928711,13.797118186950684,0.0032995939254760742,0.3871888220310211,78.75684356689453,3307.0,19.57608985900879,822.0,0.04763038828969002,2.0,1.5956180095672607,67.0,0.02381519414484501,1.0,0.5386826992034912,0.28047341108322144,0.18084387481212616,0.1048937439918518,0.11920291930437088,0.9992147088050842,0.9975969791412354,0.6428571428571429,0.25438597798347473,0.24329572916030884,0.24655388295650482,0.2557644248008728
11,0.21749036314365308,11.620336532592773,18.38911247253418,10.531620025634766,0.40070873498916626,0.6628950834274292,85.62753295898438,14382.0,13.253155708312988,2226.0,0.005953798536211252,1.0,1.107406497001648,186.0,0.005953798536211252,1.0,6.35986852645874,9.336315155029297,5.817046165466309,0.8464717268943787,0.9209515452384949,96.42771911621094,4049.0,3.1674211025238037,133.0,0.0,0.0,0.4048583209514618,17.0,0.0,0.0,11.078160285949707,16.47003746032715,9.993563652038574,0.5208163261413574,0.7354680895805359,86.56822967529297,3635.0,12.38390064239502,520.0,0.0,0.0,1.0478686094284058,44.0,0.0,0.0,13.722847938537598,20.80316734313965,12.398649215698242,0.2305622100830078,0.5479774475097656,81.09073638916016,3405.0,17.504167556762695,735.0,0.0,0.0,1.405096411705017,59.0,0.0,0.0,15.320472717285156,23.69466209411621,13.917219161987305,-0.0012133121490478516,0.3864004611968994,78.42343139648438,3293.0,19.95713233947754,838.0,0.02381519414484501,1.0,1.5718028545379639,66.0,0.02381519414484501,1.0,0.4653293192386627,0.2801986634731293,0.254472017288208,0.11160623282194138,0.11920291930437088,0.9994574189186096,0.9977192282676697,0.7142857142857143,0.24561403691768646,0.23884710669517517,0.24987469613552094,0.26566416025161743
12,0.21488995066856298,11.660396575927734,18.39592933654785,10.564778327941895,0.40026426315307617,0.6632208824157715,85.35961151123047,14337.0,13.527029991149902,2272.0,0.0,0.0,1.1133602857589722,187.0,0.0,0.0,6.347239017486572,9.231938362121582,5.817364692687988,0.8498853445053101,0.922782301902771,96.47534942626953,4051.0,3.1197903156280518,131.0,0.0,0.0,0.4048583209514618,17.0,0.0,0.0,11.138208389282227,16.455537796020508,10.061293601989746,0.5216597318649292,0.7364094853401184,86.30625915527344,3624.0,12.622052192687988,530.0,0.0,0.0,1.071683645248413,45.0,0.0,0.0,13.76982593536377,20.853374481201172,12.4226655960083,0.22684377431869507,0.5470612645149231,80.68587493896484,3388.0,17.909027099609375,752.0,0.0,0.0,1.405096411705017,59.0,0.0,0.0,15.386307716369629,23.722652435302734,13.957791328430176,-0.0035802125930786133,0.38650456070899963,77.970947265625,3274.0,20.457250595092773,859.0,0.0,0.0,1.5718028545379639,66.0,0.0,0.0,0.48527899384498596,0.2205973118543625,0.2941237688064575,0.11402842402458191,0.11920291930437088,0.9996120929718018,0.9974063634872437,0.7857142857142857,0.23684212565422058,0.2343984991312027,0.25319552421569824,0.27556392550468445
13,0.21132996775619897,11.710977554321289,18.49178123474121,10.590023040771484,0.39399808645248413,0.6589478850364685,85.1988525390625,14310.0,13.669921875,2296.0,0.0,0.0,1.1312217712402344,190.0,0.0,0.0,6.352614879608154,9.206671714782715,5.8252363204956055,0.8507059216499329,0.9230635762214661,96.47534942626953,4051.0,3.1197903156280518,131.0,0.0,0.0,0.4048583209514618,17.0,0.0,0.0,11.184744834899902,16.519622802734375,10.091052055358887,0.5179266929626465,0.7333434820175171,86.21099853515625,3620.0,12.693498611450195,533.0,0.0,0.0,1.0954989194869995,46.0,0.0,0.0,13.843612670898438,20.975679397583008,12.46257209777832,0.21774804592132568,0.5404859185218811,80.495361328125,3380.0,18.075733184814453,759.0,0.0,0.0,1.4289116859436035,60.0,0.0,0.0,15.462942123413086,23.8776912689209,13.981228828430176,-0.016740798950195312,0.3793531656265259,77.61371612548828,3259.0,20.790664672851562,873.0,0.0,0.0,1.5956180095672607,67.0,0.0,0.0,0.36691388487815857,0.21279992163181305,0.42028626799583435,0.12157365679740906,0.11920291930437088,0.9992280602455139,0.9967180490493774,0.8571428571428571,0.22807016968727112,0.22994986176490784,0.25651630759239197,0.2854636609554291
14,0.20799965665620915,11.738012313842773,18.50493812561035,10.639054298400879,0.3931354284286499,0.6598965525627136,85.04405975341797,14284.0,13.836627960205078,2324.0,0.0,0.0,1.119314193725586,188.0,0.0,0.0,6.3488030433654785,9.162721633911133,5.8253045082092285,0.8521279096603394,0.9240297675132751,96.73731994628906,4062.0,2.881638526916504,121.0,0.0,0.0,0.38104310631752014,16.0,0.0,0.0,11.208728790283203,16.503904342651367,10.138446807861328,0.5188437104225159,0.73519366979599,85.99666595458984,3611.0,12.93165111541748,543.0,0.0,0.0,1.071683645248413,45.0,0.0,0.0,13.878911018371582,20.993850708007812,12.535836219787598,0.21639221906661987,0.5417923331260681,80.13813018798828,3365.0,18.432960510253906,774.0,0.0,0.0,1.4289116859436035,60.0,0.0,0.0,15.515606880187988,23.930212020874023,14.056626319885254,-0.021218538284301758,0.3789673447608948,77.30411529541016,3246.0,21.100261688232422,886.0,0.0,0.0,1.5956180095672607,67.0,0.0,0.0,0.3408356308937073,0.22388845682144165,0.43527594208717346,0.1257745921611786,0.11920291930437088,0.9992499351501465,0.9961732625961304,0.9285714285714286,0.21929824352264404,0.22550123929977417,0.2598370909690857,0.2953633964061737
15,0.20315241331846032,11.907572746276855,18.659534454345703,10.803667068481445,0.3829531669616699,0.6559445858001709,84.8892593383789,14258.0,13.97951889038086,2348.0,0.0,0.0,1.1312217712402344,190.0,0.0,0.0,6.394046783447266,9.239171028137207,5.87286376953125,0.8496500253677368,0.9228608012199402,96.68968963623047,4060.0,2.905453681945801,122.0,0.0,0.0,0.4048583209514618,17.0,0.0,0.0,11.358798027038574,16.662635803222656,10.298015594482422,0.5095438361167908,0.7312395572662354,85.97285461425781,3610.0,12.93165111541748,543.0,0.0,0.0,1.0954989194869995,46.0,0.0,0.0,14.10627269744873,21.18880844116211,12.755168914794922,0.20177066326141357,0.5361203551292419,79.59037780761719,3342.0,18.95689582824707,796.0,0.0,0.0,1.4527268409729004,61.0,0.0,0.0,15.771177291870117,24.098581314086914,14.288619041442871,-0.035639286041259766,0.37679141759872437,77.30411529541016,3246.0,21.12407684326172,887.0,0.0,0.0,1.5718028545379639,66.0,0.0,0.0,0.3674948811531067,0.20185695588588715,0.43064820766448975,0.13178931176662445,0.11920291930437088,0.9991952776908875,0.9958212375640869,1.0,0.21052631735801697,0.2210526168346405,0.2631579041481018,0.3052631616592407
16,0.19462970948762187,12.00173568725586,18.817655563354492,10.883047103881836,0.37245112657546997,0.6511670351028442,84.621337890625,14213.0,14.24743938446045,2393.0,0.0,0.0,1.1312217712402344,190.0,0.0,0.0,6.446416854858398,9.319393157958984,5.906595230102539,0.8470277786254883,0.921535313129425,96.64205932617188,4058.0,2.9530839920043945,124.0,0.0,0.0,0.4048583209514618,17.0,0.0,0.0,11.433040618896484,16.822708129882812,10.349231719970703,0.5000752210617065,0.7261643409729004,85.90140533447266,3607.0,13.003095626831055,546.0,0.0,0.0,1.0954989194869995,46.0,0.0,0.0,14.23981761932373,21.37612533569336,12.873713493347168,0.18759506940841675,0.5302870273590088,79.35222625732422,3332.0,19.19504737854004,806.0,0.0,0.0,1.4527268409729004,61.0,0.0,0.0,15.887664794921875,24.282163619995117,14.4026460647583,-0.05147838592529297,0.37252989411354065,76.58966064453125,3216.0,21.838531494140625,917.0,0.0,0.0,1.5718028545379639,66.0,0.0,0.0,0.36926913261413574,0.21544040739536285,0.415290504693985,0.13288980722427368,0.11920291930437088,0.999114990234375,0.9962315559387207,1.0,0.21052631735801697,0.2210526168346405,0.2631579041481018,0.3052631616592407
17,0.1874559517829649,12.116106033325195,19.091768264770508,10.983044624328613,0.35403531789779663,0.6413382291793823,84.43081665039062,14181.0,14.414146423339844,2421.0,0.011907597072422504,2.0,1.1312217712402344,190.0,0.011907597072422504,2.0,6.470209121704102,9.334122657775879,5.914093017578125,0.8465438485145569,0.9211157560348511,96.61824035644531,4057.0,2.9530839920043945,124.0,0.0,0.0,0.42867347598075867,18.0,0.0,0.0,11.516499519348145,16.987924575805664,10.4094877243042,0.4902074337005615,0.7204322814941406,85.35365295410156,3584.0,13.527029991149902,568.0,0.0,0.0,1.119314193725586,47.0,0.0,0.0,14.373037338256836,21.705289840698242,12.99728012084961,0.16238248348236084,0.5176789164543152,79.32841491699219,3331.0,19.218862533569336,807.0,0.0,0.0,1.4527268409729004,61.0,0.0,0.0,16.104673385620117,24.721393585205078,14.611313819885254,-0.08986198902130127,0.3538872003555298,76.42295837402344,3209.0,21.957609176635742,922.0,0.04763038828969002,2.0,1.5241724252700806,64.0,0.04763038828969002,2.0,0.3509466052055359,0.22809405624866486,0.4209594130516052,0.13882926106452942,0.11920291930437088,0.9990437030792236,0.9958099126815796,1.0,0.21052631735801697,0.2210526168346405,0.2631579041481018,0.3052631616592407
step,fold2/test_loss,fold2/test_mae,fold2/test_rmse,fold2/test_mard,fold2/test_r2,fold2/test_pearson,fold2/test_ega_zone_a_pct,fold2/test_ega_zone_a_count,fold2/test_ega_zone_b_pct,fold2/test_ega_zone_b_count,fold2/test_ega_zone_c_pct,fold2/test_ega_zone_c_count,fold2/test_ega_zone_d_pct,fold2/test_ega_zone_d_count,fold2/test_ega_zone_e_pct,fold2/test_ega_zone_e_count,fold2/test_horizon_15_mae,fold2/test_horizon_15_rmse,fold2/test_horizon_15_mard,fold2/test_horizon_15_r2,fold2/test_horizon_15_pearson,fold2/test_horizon_15_ega_zone_a_pct,fold2/test_horizon_15_ega_zone_a_count,fold2/test_horizon_15_ega_zone_b_pct,fold2/test_horizon_15_ega_zone_b_count,fold2/test_horizon_15_ega_zone_c_pct,fold2/test_horizon_15_ega_zone_c_count,fold2/test_horizon_15_ega_zone_d_pct,fold2/test_horizon_15_ega_zone_d_count,fold2/test_horizon_15_ega_zone_e_pct,fold2/test_horizon_15_ega_zone_e_count,fold2/test_horizon_30_mae,fold2/test_horizon_30_rmse,fold2/test_horizon_30_mard,fold2/test_horizon_30_r2,fold2/test_horizon_30_pearson,fold2/test_horizon_30_ega_zone_a_pct,fold2/test_horizon_30_ega_zone_a_count,fold2/test_horizon_30_ega_zone_b_pct,fold2/test_horizon_30_ega_zone_b_count,fold2/test_horizon_30_ega_zone_c_pct,fold2/test_horizon_30_ega_zone_c_count,fold2/test_horizon_30_ega_zone_d_pct,fold2/test_horizon_30_ega_zone_d_count,fold2/test_horizon_30_ega_zone_e_pct,fold2/test_horizon_30_ega_zone_e_count,fold2/test_horizon_45_mae,fold2/test_horizon_45_rmse,fold2/test_horizon_45_mard,fold2/test_horizon_45_r2,fold2/test_horizon_45_pearson,fold2/test_horizon_45_ega_zone_a_pct,fold2/test_horizon_45_ega_zone_a_count,fold2/test_horizon_45_ega_zone_b_pct,fold2/test_horizon_45_ega_zone_b_count,fold2/test_horizon_45_ega_zone_c_pct,fold2/test_horizon_45_ega_zone_c_count,fold2/test_horizon_45_ega_zone_d_pct,fold2/test_horizon_45_ega_zone_d_count,fold2/test_horizon_45_ega_zone_e_pct,fold2/test_horizon_45_ega_zone_e_count,fold2/test_horizon_60_mae,fold2/test_horizon_60_rmse,fold2/test_horizon_60_mard,fold2/test_horizon_60_r2,fold2/test_horizon_60_pearson,fold2/test_horizon_60_ega_zone_a_pct,fold2/test_horizon_60_ega_zone_a_count,fold2/test_horizon_60_ega_zone_b_pct,fold2/test_horizon_60_ega_zone_b_count,fold2/test_horizon_60_ega_zone_c_pct,fold2/test_horizon_60_ega_zone_c_count,fold2/test_horizon_60_ega_zone_d_pct,fold2/test_horizon_60_ega_zone_d_count,fold2/test_horizon_60_ega_zone_e_pct,fold2/test_horizon_60_ega_zone_e_count
0,0.3585160493704219,12.37716007232666,17.526681900024414,9.568669319152832,0.2188904881477356,0.5663119554519653,87.94374084472656,6441.0,12.056253433227539,883.0,0.0,0.0,0.0,0.0,0.0,0.0,6.60629415512085,9.276780128479004,5.165133476257324,0.780260443687439,0.8872557878494263,98.41616821289062,1802.0,1.583833932876587,29.0,0.0,0.0,0.0,0.0,0.0,0.0,12.108274459838867,16.832778930664062,9.391692161560059,0.27785152196884155,0.5999507308006287,89.02239227294922,1630.0,10.977607727050781,201.0,0.0,0.0,0.0,0.0,0.0,0.0,14.91822624206543,20.219884872436523,11.519305229187012,-0.03833436965942383,0.39512181282043457,83.3424301147461,1526.0,16.657564163208008,305.0,0.0,0.0,0.0,0.0,0.0,0.0,15.875845909118652,21.224828720092773,12.1985502243042,-0.13958656787872314,0.32566821575164795,80.9939956665039,1483.0,19.00600814819336,348.0,0.0,0.0,0.0,0.0,0.0,0.0
step,fold3/train_loss,fold3/val_mae,fold3/val_rmse,fold3/val_mard,fold3/val_r2,fold3/val_pearson,fold3/val_ega_zone_a_pct,fold3/val_ega_zone_a_count,fold3/val_ega_zone_b_pct,fold3/val_ega_zone_b_count,fold3/val_ega_zone_c_pct,fold3/val_ega_zone_c_count,fold3/val_ega_zone_d_pct,fold3/val_ega_zone_d_count,fold3/val_ega_zone_e_pct,fold3/val_ega_zone_e_count,fold3/val_horizon_15_mae,fold3/val_horizon_15_rmse,fold3/val_horizon_15_mard,fold3/val_horizon_15_r2,fold3/val_horizon_15_pearson,fold3/val_horizon_15_ega_zone_a_pct,fold3/val_horizon_15_ega_zone_a_count,fold3/val_horizon_15_ega_zone_b_pct,fold3/val_horizon_15_ega_zone_b_count,fold3/val_horizon_15_ega_zone_c_pct,fold3/val_horizon_15_ega_zone_c_count,fold3/val_horizon_15_ega_zone_d_pct,fold3/val_horizon_15_ega_zone_d_count,fold3/val_horizon_15_ega_zone_e_pct,fold3/val_horizon_15_ega_zone_e_count,fold3/val_horizon_30_mae,fold3/val_horizon_30_rmse,fold3/val_horizon_30_mard,fold3/val_horizon_30_r2,fold3/val_horizon_30_pearson,fold3/val_horizon_30_ega_zone_a_pct,fold3/val_horizon_30_ega_zone_a_count,fold3/val_horizon_30_ega_zone_b_pct,fold3/val_horizon_30_ega_zone_b_count,fold3/val_horizon_30_ega_zone_c_pct,fold3/val_horizon_30_ega_zone_c_count,fold3/val_horizon_30_ega_zone_d_pct,fold3/val_horizon_30_ega_zone_d_count,fold3/val_horizon_30_ega_zone_e_pct,fold3/val_horizon_30_ega_zone_e_count,fold3/val_horizon_45_mae,fold3/val_horizon_45_rmse,fold3/val_horizon_45_mard,fold3/val_horizon_45_r2,fold3/val_horizon_45_pearson,fold3/val_horizon_45_ega_zone_a_pct,fold3/val_horizon_45_ega_zone_a_count,fold3/val_horizon_45_ega_zone_b_pct,fold3/val_horizon_45_ega_zone_b_count,fold3/val_horizon_45_ega_zone_c_pct,fold3/val_horizon_45_ega_zone_c_count,fold3/val_horizon_45_ega_zone_d_pct,fold3/val_horizon_45_ega_zone_d_count,fold3/val_horizon_45_ega_zone_e_pct,fold3/val_horizon_45_ega_zone_e_count,fold3/val_horizon_60_mae,fold3/val_horizon_60_rmse,fold3/val_horizon_60_mard,fold3/val_horizon_60_r2,fold3/val_horizon_60_pearson,fold3/val_horizon_60_ega_zone_a_pct,fold3/val_horizon_60_ega_zone_a_count,fold3/val_horizon_60_ega_zone_b_pct,fold3/val_horizon_60_ega_zone_b_count,fold3/val_horizon_60_ega_zone_c_pct,fold3/val_horizon_60_ega_zone_c_count,fold3/val_horizon_60_ega_zone_d_pct,fold3/val_horizon_60_ega_zone_d_count,fold3/val_horizon_60_ega_zone_e_pct,fold3/val_horizon_60_ega_zone_e_count,fold3/diag_fusion_gate_cgm,fold3/diag_fusion_gate_cgm_guided,fold3/diag_fusion_gate_physio,fold3/diag_horizon_query_similarity,fold3/diag_horizon_progressive_gate,fold3/diag_horizon_attention_similarity,fold3/diag_horizon_attention_entropy,fold3/diag_horizon_curriculum_progress,fold3/diag_loss_horizon_weight_0,fold3/diag_loss_horizon_weight_1,fold3/diag_loss_horizon_weight_2,fold3/diag_loss_horizon_weight_3
1,0.25063168510507966,10.720640182495117,16.675233840942383,8.683616638183594,0.48604750633239746,0.7204856276512146,88.99199676513672,19564.0,10.730530738830566,2359.0,0.0,0.0,0.2774745225906372,61.0,0.0,0.0,6.338335037231445,9.421753883361816,5.208402156829834,0.8357256650924683,0.9151676297187805,97.27074432373047,5346.0,2.6200873851776123,144.0,0.0,0.0,0.10917031019926071,6.0,0.0,0.0,10.193144798278809,15.211637496948242,8.255288124084473,0.5723115801811218,0.7692155241966248,90.4839859008789,4973.0,9.243085861206055,508.0,0.0,0.0,0.2729257643222809,15.0,0.0,0.0,12.378966331481934,18.67052459716797,10.003047943115234,0.35608619451522827,0.64356529712677,85.31658935546875,4689.0,14.319504737854004,787.0,0.0,0.0,0.3639010190963745,20.0,0.0,0.0,13.97211742401123,21.059478759765625,11.267727851867676,0.18074935674667358,0.5390436053276062,82.89665222167969,4556.0,16.73944664001465,920.0,0.0,0.0,0.3639010190963745,20.0,0.0,0.0,0.36015886068344116,0.3586080074310303,0.28123316168785095,-0.07662111520767212,0.11920291930437088,0.9995633959770203,0.9999220371246338,0.0,0.3333333432674408,0.28333333134651184,0.21666665375232697,0.1666666716337204
2,0.24653286925942278,10.805440902709961,16.5438289642334,8.779789924621582,0.4941157102584839,0.7185929417610168,89.48326110839844,19672.0,10.230167388916016,2249.0,0.0,0.0,0.28657203912734985,63.0,0.0,0.0,6.379068851470947,9.388428688049316,5.253638744354248,0.8368856906890869,0.915277361869812,97.25254821777344,5345.0,2.6200873851776123,144.0,0.0,0.0,0.1273653656244278,7.0,0.0,0.0,10.247472763061523,15.135123252868652,8.327171325683594,0.5766032934188843,0.7674254179000854,90.77510833740234,4989.0,8.933770179748535,491.0,0.0,0.0,0.29112082719802856,16.0,0.0,0.0,12.514979362487793,18.552244186401367,10.14289665222168,0.36421895027160645,0.6372888684272766,86.09898376464844,4732.0,13.537117958068848,744.0,0.0,0.0,0.3639010190963745,20.0,0.0,0.0,14.080241203308105,20.818090438842773,11.395453453063965,0.19942259788513184,0.5302457809448242,83.80640411376953,4606.0,15.829694747924805,870.0,0.0,0.0,0.3639010190963745,20.0,0.0,0.0,0.16326124966144562,0.708217203617096,0.12852153182029724,-0.07066425681114197,0.11920291930437088,0.9888494610786438,0.9972516298294067,0.07142857142857142,0.3245614171028137,0.2788847088813782,0.21998745203018188,0.17656642198562622
3,0.24674801066851307,10.812552452087402,16.489681243896484,8.800191879272461,0.4974218010902405,0.7186261415481567,89.37409210205078,19648.0,10.339337348937988,2273.0,0.0,0.0,0.28657203912734985,63.0,0.0,0.0,6.415530681610107,9.360785484313965,5.301718235015869,0.8378448486328125,0.9154975414276123,97.27074432373047,5346.0,2.5836973190307617,142.0,0.0,0.0,0.14556041359901428,8.0,0.0,0.0,10.264094352722168,15.110370635986328,8.364923477172852,0.5779870748519897,0.7666256427764893,90.62954711914062,4981.0,9.097525596618652,500.0,0.0,0.0,0.2729257643222809,15.0,0.0,0.0,12.512710571289062,18.490955352783203,10.160820007324219,0.3684126138687134,0.6359801292419434,85.84424591064453,4718.0,13.791849136352539,758.0,0.0,0.0,0.3639010190963745,20.0,0.0,0.0,14.057875633239746,20.731019973754883,11.373310089111328,0.20610535144805908,0.5296043753623962,83.75182342529297,4603.0,15.88428020477295,873.0,0.0,0.0,0.3639010190963745,20.0,0.0,0.0,0.19439423084259033,0.7226677536964417,0.08293808996677399,-0.05653532221913338,0.11920291930437088,0.9520393013954163,0.9761115312576294,0.14285714285714285,0.31578949093818665,0.2744360864162445,0.223308265209198,0.18646617233753204
4,0.24564427482552934,10.87733268737793,16.582286834716797,8.808727264404297,0.4917609691619873,0.7151177525520325,89.61517333984375,19701.0,10.09825325012207,2220.0,0.0,0.0,0.28657203912734985,63.0,0.0,0.0,6.385257244110107,9.294428825378418,5.274066925048828,0.8401356339454651,0.9170032143592834,97.37991333007812,5352.0,2.474526882171631,136.0,0.0,0.0,0.14556041359901428,8.0,0.0,0.0,10.306675910949707,15.170278549194336,8.365640640258789,0.5746341347694397,0.7651814818382263,90.75691986083984,4988.0,8.970160484313965,493.0,0.0,0.0,0.2729257643222809,15.0,0.0,0.0,12.63540267944336,18.646642684936523,10.193863868713379,0.357732355594635,0.6281213164329529,86.4264907836914,4750.0,13.209607124328613,726.0,0.0,0.0,0.3639010190963745,20.0,0.0,0.0,14.182000160217285,20.87265968322754,11.401342391967773,0.19522011280059814,0.5194409489631653,83.89738464355469,4611.0,15.738719940185547,865.0,0.0,0.0,0.3639010190963745,20.0,0.0,0.0,0.24234026670455933,0.623518705368042,0.13414102792739868,-0.041881199926137924,0.11920291930437088,0.9426136016845703,0.970618486404419,0.21428571428571427,0.30701756477355957,0.26998746395111084,0.22662906348705292,0.19636592268943787
5,0.24256851224277737,10.793502807617188,16.481300354003906,8.721534729003906,0.4979325532913208,0.7181352376937866,89.57878112792969,19693.0,10.143741607666016,2230.0,0.0,0.0,0.2774745225906372,61.0,0.0,0.0,6.229787826538086,9.098315238952637,5.137120246887207,0.8468108177185059,0.921086311340332,97.59825134277344,5364.0,2.292576313018799,126.0,0.0,0.0,0.10917031019926071,6.0,0.0,0.0,10.262970924377441,15.088147163391113,8.31796646118164,0.5792275071144104,0.7679945826530457,90.90248107910156,4996.0,8.824599266052246,485.0,0.0,0.0,0.2729257643222809,15.0,0.0,0.0,12.578028678894043,18.568431854248047,10.127641677856445,0.36310893297195435,0.6287842988967896,86.28092956542969,4742.0,13.355167388916016,734.0,0.0,0.0,0.3639010190963745,20.0,0.0,0.0,14.10322093963623,20.76811981201172,11.303412437438965,0.20326131582260132,0.5174914002418518,83.53347778320312,4591.0,16.102619171142578,885.0,0.0,0.0,0.3639010190963745,20.0,0.0,0.0,0.25154104828834534,0.6343985795974731,0.11406049132347107,-0.020902827382087708,0.11920291930437088,0.9724833965301514,0.9692720770835876,0.2857142857142857,0.2982456088066101,0.2655388414859772,0.22994986176490784,0.2062656730413437
6,0.23745497595482262,10.585870742797852,16.292926788330078,8.530233383178711,0.5093437433242798,0.725727379322052,89.71524810791016,19723.0,10.007277488708496,2200.0,0.0,0.0,0.2774745225906372,61.0,0.0,0.0,5.859664440155029,8.530352592468262,4.837647438049316,0.8653395175933838,0.9317976236343384,98.08952331542969,5391.0,1.8013100624084473,99.0,0.0,0.0,0.10917031019926071,6.0,0.0,0.0,10.051528930664062,14.850761413574219,8.124007225036621,0.5923635959625244,0.7774207592010498,91.19359588623047,5012.0,8.533478736877441,469.0,0.0,0.0,0.2729257643222809,15.0,0.0,0.0,12.438821792602539,18.44745635986328,9.985877990722656,0.37138068675994873,0.6325940489768982,86.28092956542969,4742.0,13.355167388916016,734.0,0.0,0.0,0.3639010190963745,20.0,0.0,0.0,13.993465423583984,20.693410873413086,11.173401832580566,0.20898330211639404,0.5166103839874268,83.29694366455078,4578.0,16.339155197143555,898.0,0.0,0.0,0.3639010190963745,20.0,0.0,0.0,0.2661098837852478,0.5865844488143921,0.14730575680732727,-0.0034392632078379393,0.11920291930437088,0.9939370155334473,0.9356745481491089,0.35714285714285715,0.28947368264198303,0.2610902190208435,0.23327067494392395,0.2161654233932495
7,0.23188946582450087,10.481477737426758,16.151275634765625,8.466939926147461,0.517838180065155,0.7290984392166138,89.82441711425781,19747.0,9.898107528686523,2176.0,0.0,0.0,0.2774745225906372,61.0,0.0,0.0,5.582907199859619,7.994946002960205,4.644040584564209,0.8817129135131836,0.9399600625038147,98.61717987060547,5420.0,1.273653507232666,70.0,0.0,0.0,0.10917031019926071,6.0,0.0,0.0,9.900768280029297,14.516788482666016,8.0344820022583,0.6104917526245117,0.7871218919754028,91.19359588623047,5012.0,8.533478736877441,469.0,0.0,0.0,0.2729257643222809,15.0,0.0,0.0,12.42335033416748,18.392969131469727,9.992715835571289,0.3750886917114258,0.6313380599021912,86.31732177734375,4744.0,13.318777084350586,732.0,0.0,0.0,0.3639010190963745,20.0,0.0,0.0,14.018885612487793,20.748428344726562,11.19651985168457,0.2047715187072754,0.5077662467956543,83.1695785522461,4571.0,16.466520309448242,905.0,0.0,0.0,0.3639010190963745,20.0,0.0,0.0,0.28776878118515015,0.560795783996582,0.15143543481826782,0.020475119352340698,0.11920291930437088,0.9805764555931091,0.9271541833877563,0.42857142857142855,0.28070175647735596,0.25664159655570984,0.23659147322177887,0.22606515884399414
8,0.23113587069824998,10.307510375976562,15.908146858215332,8.3509521484375,0.5322450995445251,0.7368969917297363,90.17012023925781,19823.0,9.547852516174316,2099.0,0.0,0.0,0.28202328085899353,62.0,0.0,0.0,5.3426513671875,7.59384822845459,4.4843034744262695,0.8932839035987854,0.9453502297401428,98.7081527709961,5425.0,1.1826783418655396,65.0,0.0,0.0,0.10917031019926071,6.0,0.0,0.0,9.680121421813965,14.137596130371094,7.897250175476074,0.6305747032165527,0.7977361679077148,91.73944854736328,5042.0,7.969432353973389,438.0,0.0,0.0,0.29112082719802856,16.0,0.0,0.0,12.277570724487305,18.177583694458008,9.886957168579102,0.38963866233825684,0.6397296190261841,86.80858612060547,4771.0,12.827510833740234,705.0,0.0,0.0,0.3639010190963745,20.0,0.0,0.0,13.929696083068848,20.598880767822266,11.135297775268555,0.21619373559951782,0.5121124386787415,83.42430877685547,4585.0,16.211790084838867,891.0,0.0,0.0,0.3639010190963745,20.0,0.0,0.0,0.3017286956310272,0.5727518796920776,0.12551945447921753,0.040008410811424255,0.11920291930437088,0.9719035029411316,0.910469651222229,0.5,0.2719298303127289,0.25219297409057617,0.2399122714996338,0.23596492409706116
9,0.2301922191006088,10.272445678710938,15.870534896850586,8.326358795166016,0.534454345703125,0.7383324503898621,90.1792221069336,19825.0,9.538755416870117,2097.0,0.0,0.0,0.28202328085899353,62.0,0.0,0.0,5.27817440032959,7.467154026031494,4.448886871337891,0.8968150019645691,0.9470548033714294,98.78092956542969,5429.0,1.1098980903625488,61.0,0.0,0.0,0.10917031019926071,6.0,0.0,0.0,9.639509201049805,14.037656784057617,7.877095699310303,0.6357791423797607,0.8004984259605408,91.885009765625,5050.0,7.823871612548828,430.0,0.0,0.0,0.29112082719802856,16.0,0.0,0.0,12.284295082092285,18.20566749572754,9.883584022521973,0.3877512216567993,0.6390945911407471,86.64483642578125,4762.0,12.991266250610352,714.0,0.0,0.0,0.3639010190963745,20.0,0.0,0.0,13.887805938720703,20.572675704956055,11.095866203308105,0.21818667650222778,0.5137869715690613,83.40611267089844,4584.0,16.2299861907959,892.0,0.0,0.0,0.3639010190963745,20.0,0.0,0.0,0.3477550148963928,0.5163910388946533,0.13585402071475983,0.06767036020755768,0.11920291930437088,0.9701289534568787,0.9012571573257446,0.5714285714285714,0.2631579041481018,0.2477443516254425,0.2432330846786499,0.24586467444896698
10,0.2289370505550959,10.269680976867676,15.831204414367676,8.333316802978516,0.5367588996887207,0.7396342158317566,90.26110076904297,19843.0,9.465975761413574,2081.0,0.0,0.0,0.2729257643222809,60.0,0.0,0.0,5.261256694793701,7.3796491622924805,4.449580192565918,0.8992192149162292,0.9482797384262085,98.78092956542969,5429.0,1.1280931234359741,62.0,0.0,0.0,0.09097525477409363,5.0,0.0,0.0,9.611639022827148,13.93489933013916,7.87507438659668,0.6410919427871704,0.8032752275466919,91.99417877197266,5056.0,7.7147016525268555,424.0,0.0,0.0,0.29112082719802856,16.0,0.0,0.0,12.279309272766113,18.16632843017578,9.885788917541504,0.39039433002471924,0.6405110955238342,86.75399780273438,4768.0,12.900291442871094,709.0,0.0,0.0,0.34570595622062683,19.0,0.0,0.0,13.926514625549316,20.58766746520996,11.122821807861328,0.2170467972755432,0.5137119293212891,83.51528930664062,4590.0,16.12081527709961,886.0,0.0,0.0,0.3639010190963745,20.0,0.0,0.0,0.34803271293640137,0.5032443404197693,0.14872300624847412,0.07754296809434891,0.11920291930437088,0.9673091769218445,0.9074466228485107,0.6428571428571429,0.25438597798347473,0.24329572916030884,0.24655388295650482,0.2557644248008728
11,0.2303938561670912,10.184709548950195,15.728049278259277,8.266801834106445,0.5427761077880859,0.7429002523422241,90.33842468261719,19860.0,9.388646125793457,2064.0,0.0,0.0,0.2729257643222809,60.0,0.0,0.0,5.247258186340332,7.35209321975708,4.435150623321533,0.8999704718589783,0.9486774802207947,98.76274108886719,5428.0,1.1462881565093994,63.0,0.0,0.0,0.09097525477409363,5.0,0.0,0.0,9.542012214660645,13.860227584838867,7.814774513244629,0.6449281573295593,0.8056709170341492,92.03056335449219,5058.0,7.678311347961426,422.0,0.0,0.0,0.29112082719802856,16.0,0.0,0.0,12.152297973632812,18.020418167114258,9.78634262084961,0.40014755725860596,0.646396279335022,86.8813705444336,4775.0,12.77292537689209,702.0,0.0,0.0,0.34570595622062683,19.0,0.0,0.0,13.797269821166992,20.459510803222656,11.030937194824219,0.22676414251327515,0.5173715949058533,83.67903900146484,4599.0,15.957058906555176,877.0,0.0,0.0,0.3639010190963745,20.0,0.0,0.0,0.3184923231601715,0.5516840815544128,0.12982363998889923,0.08223587274551392,0.11920291930437088,0.9537009596824646,0.9114627838134766,0.7142857142857143,0.24561403691768646,0.23884710669517517,0.24987469613552094,0.26566416025161743
12,0.22734472590846364,10.149227142333984,15.707014083862305,8.248281478881836,0.5439983606338501,0.7435965538024902,90.35662078857422,19864.0,9.3659029006958,2059.0,0.0,0.0,0.2774745225906372,61.0,0.0,0.0,5.20667028427124,7.314112663269043,4.4057230949401855,0.9010012745857239,0.9492287635803223,98.81732177734375,5431.0,1.0917030572891235,60.0,0.0,0.0,0.09097525477409363,5.0,0.0,0.0,9.498199462890625,13.834200859069824,7.788934707641602,0.6462603807449341,0.8063064813613892,92.06695556640625,5060.0,7.641921043395996,420.0,0.0,0.0,0.29112082719802856,16.0,0.0,0.0,12.118182182312012,18.0013370513916,9.772719383239746,0.40141719579696655,0.6467267870903015,86.95414733886719,4779.0,12.681950569152832,697.0,0.0,0.0,0.3639010190963745,20.0,0.0,0.0,13.773857116699219,20.442890167236328,11.025747299194336,0.22801989316940308,0.5175231099128723,83.58806610107422,4594.0,16.04803466796875,882.0,0.0,0.0,0.3639010190963745,20.0,0.0,0.0,0.3594406843185425,0.5046011805534363,0.13595812022686005,0.0916469469666481,0.11920291930437088,0.953233540058136,0.916782021522522,0.7857142857142857,0.23684212565422058,0.2343984991312027,0.25319552421569824,0.27556392550468445
13,0.2275957592887695,10.212632179260254,15.76810359954834,8.30615234375,0.5404443740844727,0.7409805655479431,90.40666198730469,19875.0,9.311317443847656,2047.0,0.0,0.0,0.28202328085899353,62.0,0.0,0.0,5.207894325256348,7.280545234680176,4.406246662139893,0.9019079208374023,0.9497060775756836,98.78092956542969,5429.0,1.1098980903625488,61.0,0.0,0.0,0.10917031019926071,6.0,0.0,0.0,9.566084861755371,13.857612609863281,7.853437900543213,0.6450620889663696,0.8052568435668945,92.08515167236328,5061.0,7.623725891113281,419.0,0.0,0.0,0.29112082719802856,16.0,0.0,0.0,12.246301651000977,18.123586654663086,9.884679794311523,0.3932594060897827,0.6401333212852478,86.93595886230469,4778.0,12.70014476776123,698.0,0.0,0.0,0.3639010190963745,20.0,0.0,0.0,13.830251693725586,20.518972396850586,11.080245971679688,0.22226309776306152,0.5124467611312866,83.82460021972656,4607.0,15.81149959564209,869.0,0.0,0.0,0.3639010190963745,20.0,0.0,0.0,0.4392957091331482,0.4415772259235382,0.119127057492733,0.09653834253549576,0.11920291930437088,0.9428214430809021,0.9311291575431824,0.8571428571428571,0.22807016968727112,0.22994986176490784,0.25651630759239197,0.2854636609554291
14,0.22487830507273202,10.185505867004395,15.7508544921875,8.290796279907227,0.541449248790741,0.7416348457336426,90.42485046386719,19879.0,9.293122291564941,2043.0,0.0,0.0,0.28202328085899353,62.0,0.0,0.0,5.183186054229736,7.2809834480285645,4.385621547698975,0.9018961191177368,0.9497029781341553,98.89009857177734,5435.0,1.0007277727127075,55.0,0.0,0.0,0.10917031019926071,6.0,0.0,0.0,9.519660949707031,13.805354118347168,7.823578357696533,0.6477340459823608,0.8066235780715942,92.06695556640625,5060.0,7.641921043395996,420.0,0.0,0.0,0.29112082719802856,16.0,0.0,0.0,12.194060325622559,18.07069206237793,9.8535737991333,0.3967958688735962,0.6426756978034973,87.11790466308594,4788.0,12.518194198608398,688.0,0.0,0.0,0.3639010190963745,20.0,0.0,0.0,13.845115661621094,20.54768180847168,11.100411415100098,0.22008514404296875,0.5120396018028259,83.62445068359375,4596.0,16.01164436340332,880.0,0.0,0.0,0.3639010190963745,20.0,0.0,0.0,0.42832010984420776,0.4706306457519531,0.10104924440383911,0.10279940813779831,0.11920291930437088,0.9355685114860535,0.9365795254707336,0.9285714285714286,0.21929824352264404,0.22550123929977417,0.2598370909690857,0.2953633964061737
15,0.22395492065149428,10.258734703063965,15.877571105957031,8.340609550476074,0.5340414643287659,0.737290620803833,90.279296875,19847.0,9.434133529663086,2074.0,0.0,0.0,0.28657203912734985,63.0,0.0,0.0,5.201723575592041,7.298811435699463,4.396752834320068,0.9014151096343994,0.9494572281837463,98.89009857177734,5435.0,0.9825327396392822,54.0,0.0,0.0,0.1273653656244278,7.0,0.0,0.0,9.587843894958496,13.945138931274414,7.862969398498535,0.6405643224716187,0.8028655648231506,92.13973999023438,5064.0,7.569140911102295,416.0,0.0,0.0,0.29112082719802856,16.0,0.0,0.0,12.306407928466797,18.238536834716797,9.93626594543457,0.3855385184288025,0.6354926824569702,86.64483642578125,4762.0,12.991266250610352,714.0,0.0,0.0,0.3639010190963745,20.0,0.0,0.0,13.938961029052734,20.688291549682617,11.166450500488281,0.20937466621398926,0.5048564672470093,83.4425048828125,4586.0,16.19359588623047,890.0,0.0,0.0,0.3639010190963745,20.0,0.0,0.0,0.4626270532608032,0.4325363039970398,0.10483673959970474,0.10176178812980652,0.11920291930437088,0.934251070022583,0.9390313625335693,1.0,0.21052631735801697,0.2210526168346405,0.2631579041481018,0.3052631616592407
16,0.21835756157958183,10.305724143981934,15.945094108581543,8.378973960876465,0.5300698280334473,0.7351401448249817,90.09734344482422,19807.0,9.625182151794434,2116.0,0.0,0.0,0.2774745225906372,61.0,0.0,0.0,5.178330421447754,7.257679462432861,4.378443717956543,0.9025231003761292,0.9500361084938049,98.89009857177734,5435.0,1.0007277727127075,55.0,0.0,0.0,0.10917031019926071,6.0,0.0,0.0,9.594786643981934,13.940437316894531,7.870039939880371,0.6408066153526306,0.8030738234519958,91.92139434814453,5052.0,7.8056769371032715,429.0,0.0,0.0,0.2729257643222809,15.0,0.0,0.0,12.371097564697266,18.314668655395508,9.989862442016602,0.3803979158401489,0.6323166489601135,86.09898376464844,4732.0,13.537117958068848,744.0,0.0,0.0,0.3639010190963745,20.0,0.0,0.0,14.078681945800781,20.845796585083008,11.277547836303711,0.1972903609275818,0.4976532459259033,83.47888946533203,4588.0,16.15720558166504,888.0,0.0,0.0,0.3639010190963745,20.0,0.0,0.0,0.47205281257629395,0.4220221936702728,0.1059250459074974,0.1069115400314331,0.11920291930437088,0.9340872764587402,0.9394616484642029,1.0,0.21052631735801697,0.2210526168346405,0.2631579041481018,0.3052631616592407
17,0.21392493856201278,10.392166137695312,16.13212013244629,8.451937675476074,0.5189812183380127,0.7288421988487244,89.82441711425781,19747.0,9.898107528686523,2176.0,0.0,0.0,0.2774745225906372,61.0,0.0,0.0,5.166526794433594,7.272976398468018,4.37076997756958,0.9021117687225342,0.9498336315155029,98.83551788330078,5432.0,1.055312991142273,58.0,0.0,0.0,0.10917031019926071,6.0,0.0,0.0,9.68889331817627,14.084182739257812,7.949318885803223,0.6333608627319336,0.7986334562301636,91.6302719116211,5036.0,8.096797943115234,445.0,0.0,0.0,0.2729257643222809,15.0,0.0,0.0,12.497620582580566,18.548763275146484,10.096870422363281,0.36445748805999756,0.6224049925804138,85.97161865234375,4725.0,13.664482116699219,751.0,0.0,0.0,0.3639010190963745,20.0,0.0,0.0,14.215622901916504,21.110761642456055,11.390793800354004,0.17675459384918213,0.48542460799217224,82.86026000976562,4554.0,16.775836944580078,922.0,0.0,0.0,0.3639010190963745,20.0,0.0,0.0,0.47885340452194214,0.4089329242706299,0.11221372336149216,0.1127275750041008,0.11920291930437088,0.9379730820655823,0.9450390338897705,1.0,0.21052631735801697,0.2210526168346405,0.2631579041481018,0.3052631616592407
18,0.21023065716461148,10.445113182067871,16.206928253173828,8.503411293029785,0.5145096778869629,0.7260223627090454,89.6060791015625,19699.0,10.111899375915527,2223.0,0.0,0.0,0.28202328085899353,62.0,0.0,0.0,5.165566921234131,7.25566291809082,4.373793601989746,0.9025772213935852,0.9500793814659119,98.85371398925781,5433.0,1.0189229249954224,56.0,0.0,0.0,0.1273653656244278,7.0,0.0,0.0,9.686627388000488,14.089593887329102,7.95686674118042,0.6330790519714355,0.7982179522514343,91.43013000488281,5025.0,8.278748512268066,455.0,0.0,0.0,0.29112082719802856,16.0,0.0,0.0,12.599960327148438,18.665739059448242,10.191500663757324,0.3564162850379944,0.6166858673095703,85.55313110351562,4702.0,14.101163864135742,775.0,0.0,0.0,0.34570595622062683,19.0,0.0,0.0,14.328296661376953,21.238813400268555,11.491486549377441,0.1667371392250061,0.4790010452270508,82.58734130859375,4539.0,17.048763275146484,937.0,0.0,0.0,0.3639010190963745,20.0,0.0,0.0,0.49065425992012024,0.40973135828971863,0.09961440414190292,0.11875960975885391,0.11920291930437088,0.9403303265571594,0.9545279741287231,1.0,0.21052631735801697,0.2210526168346405,0.2631579041481018,0.3052631616592407
19,0.20249228428100013,10.482325553894043,16.258663177490234,8.526701927185059,0.5114051699638367,0.724358320236206,89.5196533203125,19680.0,10.198326110839844,2242.0,0.0,0.0,0.28202328085899353,62.0,0.0,0.0,5.175032138824463,7.26412296295166,4.378223896026611,0.9023499488830566,0.9499666094779968,98.87190246582031,5434.0,1.0189229249954224,56.0,0.0,0.0,0.10917031019926071,6.0,0.0,0.0,9.714519500732422,14.123841285705566,7.9679670333862305,0.6312931776046753,0.7974882125854492,91.44832611083984,5026.0,8.260553359985352,454.0,0.0,0.0,0.29112082719802856,16.0,0.0,0.0,12.650729179382324,18.71169662475586,10.228217124938965,0.3532431125640869,0.6151732206344604,85.44396209716797,4696.0,14.192140579223633,780.0,0.0,0.0,0.3639010190963745,20.0,0.0,0.0,14.38902473449707,21.330698013305664,11.532402038574219,0.1595117449760437,0.47417399287223816,82.31440734863281,4524.0,17.321687698364258,952.0,0.0,0.0,0.3639010190963745,20.0,0.0,0.0,0.5180342793464661,0.38424959778785706,0.09771622717380524,0.1206304058432579,0.11920291930437088,0.9351086616516113,0.957037627696991,1.0,0.21052631735801697,0.2210526168346405,0.2631579041481018,0.3052631616592407
20,0.19837389922944715,10.513656616210938,16.28692054748535,8.561034202575684,0.5097054243087769,0.7240689992904663,89.44232177734375,19663.0,10.271105766296387,2258.0,0.0,0.0,0.28657203912734985,63.0,0.0,0.0,5.17864990234375,7.3015456199646,4.380471706390381,0.9013411998748779,0.9494757056236267,98.68995666503906,5424.0,1.1826783418655396,65.0,0.0,0.0,0.1273653656244278,7.0,0.0,0.0,9.740755081176758,14.169992446899414,7.993425369262695,0.6288796663284302,0.7961488962173462,91.26637268066406,5016.0,8.442503929138184,464.0,0.0,0.0,0.29112082719802856,16.0,0.0,0.0,12.681387901306152,18.727571487426758,10.267799377441406,0.35214531421661377,0.6160070896148682,85.60771179199219,4705.0,14.0283842086792,771.0,0.0,0.0,0.3639010190963745,20.0,0.0,0.0,14.453838348388672,21.35958480834961,11.60244083404541,0.15723371505737305,0.4770258367061615,82.20523834228516,4518.0,17.430858612060547,958.0,0.0,0.0,0.3639010190963745,20.0,0.0,0.0,0.5156687498092651,0.37920260429382324,0.10512861609458923,0.1250174343585968,0.11920291930437088,0.9363680481910706,0.9580167531967163,1.0,0.21052631735801697,0.2210526168346405,0.2631579041481018,0.3052631616592407
step,fold3/test_loss,fold3/test_mae,fold3/test_rmse,fold3/test_mard,fold3/test_r2,fold3/test_pearson,fold3/test_ega_zone_a_pct,fold3/test_ega_zone_a_count,fold3/test_ega_zone_b_pct,fold3/test_ega_zone_b_count,fold3/test_ega_zone_c_pct,fold3/test_ega_zone_c_count,fold3/test_ega_zone_d_pct,fold3/test_ega_zone_d_count,fold3/test_ega_zone_e_pct,fold3/test_ega_zone_e_count,fold3/test_horizon_15_mae,fold3/test_horizon_15_rmse,fold3/test_horizon_15_mard,fold3/test_horizon_15_r2,fold3/test_horizon_15_pearson,fold3/test_horizon_15_ega_zone_a_pct,fold3/test_horizon_15_ega_zone_a_count,fold3/test_horizon_15_ega_zone_b_pct,fold3/test_horizon_15_ega_zone_b_count,fold3/test_horizon_15_ega_zone_c_pct,fold3/test_horizon_15_ega_zone_c_count,fold3/test_horizon_15_ega_zone_d_pct,fold3/test_horizon_15_ega_zone_d_count,fold3/test_horizon_15_ega_zone_e_pct,fold3/test_horizon_15_ega_zone_e_count,fold3/test_horizon_30_mae,fold3/test_horizon_30_rmse,fold3/test_horizon_30_mard,fold3/test_horizon_30_r2,fold3/test_horizon_30_pearson,fold3/test_horizon_30_ega_zone_a_pct,fold3/test_horizon_30_ega_zone_a_count,fold3/test_horizon_30_ega_zone_b_pct,fold3/test_horizon_30_ega_zone_b_count,fold3/test_horizon_30_ega_zone_c_pct,fold3/test_horizon_30_ega_zone_c_count,fold3/test_horizon_30_ega_zone_d_pct,fold3/test_horizon_30_ega_zone_d_count,fold3/test_horizon_30_ega_zone_e_pct,fold3/test_horizon_30_ega_zone_e_count,fold3/test_horizon_45_mae,fold3/test_horizon_45_rmse,fold3/test_horizon_45_mard,fold3/test_horizon_45_r2,fold3/test_horizon_45_pearson,fold3/test_horizon_45_ega_zone_a_pct,fold3/test_horizon_45_ega_zone_a_count,fold3/test_horizon_45_ega_zone_b_pct,fold3/test_horizon_45_ega_zone_b_count,fold3/test_horizon_45_ega_zone_c_pct,fold3/test_horizon_45_ega_zone_c_count,fold3/test_horizon_45_ega_zone_d_pct,fold3/test_horizon_45_ega_zone_d_count,fold3/test_horizon_45_ega_zone_e_pct,fold3/test_horizon_45_ega_zone_e_count,fold3/test_horizon_60_mae,fold3/test_horizon_60_rmse,fold3/test_horizon_60_mard,fold3/test_horizon_60_r2,fold3/test_horizon_60_pearson,fold3/test_horizon_60_ega_zone_a_pct,fold3/test_horizon_60_ega_zone_a_count,fold3/test_horizon_60_ega_zone_b_pct,fold3/test_horizon_60_ega_zone_b_count,fold3/test_horizon_60_ega_zone_c_pct,fold3/test_horizon_60_ega_zone_c_count,fold3/test_horizon_60_ega_zone_d_pct,fold3/test_horizon_60_ega_zone_d_count,fold3/test_horizon_60_ega_zone_e_pct,fold3/test_horizon_60_ega_zone_e_count
0,0.24966287256635256,9.397868156433105,14.766045570373535,8.548966407775879,0.33586758375167847,0.6051219701766968,90.00403594970703,4457.0,9.571889877319336,474.0,0.0,0.0,0.4240710735321045,21.0,0.0,0.0,4.733773231506348,6.713163375854492,4.329951286315918,0.8643038272857666,0.9311599135398865,98.78836822509766,1223.0,1.0500807762145996,13.0,0.0,0.0,0.16155089437961578,2.0,0.0,0.0,8.812712669372559,13.143166542053223,7.993256092071533,0.47540485858917236,0.6997058391571045,90.87237548828125,1125.0,8.723747253417969,108.0,0.0,0.0,0.4038771986961365,5.0,0.0,0.0,11.37965202331543,17.07540512084961,10.315689086914062,0.10696375370025635,0.4166061282157898,86.10662078857422,1066.0,13.327948570251465,165.0,0.0,0.0,0.5654280781745911,7.0,0.0,0.0,12.665332794189453,19.046405792236328,11.55697250366211,-0.11520171165466309,0.20388422906398773,84.24878692626953,1043.0,15.185783386230469,188.0,0.0,0.0,0.5654280781745911,7.0,0.0,0.0
step,fold4/train_loss,fold4/val_mae,fold4/val_rmse,fold4/val_mard,fold4/val_r2,fold4/val_pearson,fold4/val_ega_zone_a_pct,fold4/val_ega_zone_a_count,fold4/val_ega_zone_b_pct,fold4/val_ega_zone_b_count,fold4/val_ega_zone_c_pct,fold4/val_ega_zone_c_count,fold4/val_ega_zone_d_pct,fold4/val_ega_zone_d_count,fold4/val_ega_zone_e_pct,fold4/val_ega_zone_e_count,fold4/val_horizon_15_mae,fold4/val_horizon_15_rmse,fold4/val_horizon_15_mard,fold4/val_horizon_15_r2,fold4/val_horizon_15_pearson,fold4/val_horizon_15_ega_zone_a_pct,fold4/val_horizon_15_ega_zone_a_count,fold4/val_horizon_15_ega_zone_b_pct,fold4/val_horizon_15_ega_zone_b_count,fold4/val_horizon_15_ega_zone_c_pct,fold4/val_horizon_15_ega_zone_c_count,fold4/val_horizon_15_ega_zone_d_pct,fold4/val_horizon_15_ega_zone_d_count,fold4/val_horizon_15_ega_zone_e_pct,fold4/val_horizon_15_ega_zone_e_count,fold4/val_horizon_30_mae,fold4/val_horizon_30_rmse,fold4/val_horizon_30_mard,fold4/val_horizon_30_r2,fold4/val_horizon_30_pearson,fold4/val_horizon_30_ega_zone_a_pct,fold4/val_horizon_30_ega_zone_a_count,fold4/val_horizon_30_ega_zone_b_pct,fold4/val_horizon_30_ega_zone_b_count,fold4/val_horizon_30_ega_zone_c_pct,fold4/val_horizon_30_ega_zone_c_count,fold4/val_horizon_30_ega_zone_d_pct,fold4/val_horizon_30_ega_zone_d_count,fold4/val_horizon_30_ega_zone_e_pct,fold4/val_horizon_30_ega_zone_e_count,fold4/val_horizon_45_mae,fold4/val_horizon_45_rmse,fold4/val_horizon_45_mard,fold4/val_horizon_45_r2,fold4/val_horizon_45_pearson,fold4/val_horizon_45_ega_zone_a_pct,fold4/val_horizon_45_ega_zone_a_count,fold4/val_horizon_45_ega_zone_b_pct,fold4/val_horizon_45_ega_zone_b_count,fold4/val_horizon_45_ega_zone_c_pct,fold4/val_horizon_45_ega_zone_c_count,fold4/val_horizon_45_ega_zone_d_pct,fold4/val_horizon_45_ega_zone_d_count,fold4/val_horizon_45_ega_zone_e_pct,fold4/val_horizon_45_ega_zone_e_count,fold4/val_horizon_60_mae,fold4/val_horizon_60_rmse,fold4/val_horizon_60_mard,fold4/val_horizon_60_r2,fold4/val_horizon_60_pearson,fold4/val_horizon_60_ega_zone_a_pct,fold4/val_horizon_60_ega_zone_a_count,fold4/val_horizon_60_ega_zone_b_pct,fold4/val_horizon_60_ega_zone_b_count,fold4/val_horizon_60_ega_zone_c_pct,fold4/val_horizon_60_ega_zone_c_count,fold4/val_horizon_60_ega_zone_d_pct,fold4/val_horizon_60_ega_zone_d_count,fold4/val_horizon_60_ega_zone_e_pct,fold4/val_horizon_60_ega_zone_e_count,fold4/diag_fusion_gate_cgm,fold4/diag_fusion_gate_cgm_guided,fold4/diag_fusion_gate_physio,fold4/diag_horizon_query_similarity,fold4/diag_horizon_progressive_gate,fold4/diag_horizon_attention_similarity,fold4/diag_horizon_attention_entropy,fold4/diag_horizon_curriculum_progress,fold4/diag_loss_horizon_weight_0,fold4/diag_loss_horizon_weight_1,fold4/diag_loss_horizon_weight_2,fold4/diag_loss_horizon_weight_3
1,0.22769668509851548,12.001432418823242,17.06816864013672,10.3882417678833,0.31975042819976807,0.6247585415840149,85.16895294189453,18652.0,14.511415481567383,3178.0,0.0,0.0,0.31963470578193665,70.0,0.0,0.0,7.687108516693115,10.874247550964355,6.713408946990967,0.7255926132202148,0.855964720249176,95.05022430419922,5204.0,4.748858451843262,260.0,0.0,0.0,0.2009132355451584,11.0,0.0,0.0,11.890620231628418,16.69301986694336,10.25997543334961,0.35118037462234497,0.6447175145149231,85.66210174560547,4690.0,14.009133338928223,767.0,0.0,0.0,0.3287671208381653,18.0,0.0,0.0,13.798905372619629,19.107698440551758,11.92399787902832,0.1457807421684265,0.5195263028144836,80.89497375488281,4429.0,18.72146224975586,1025.0,0.0,0.0,0.3835616409778595,21.0,0.0,0.0,14.629096984863281,20.081811904907227,12.655586242675781,0.05157727003097534,0.4545876383781433,79.06849670410156,4329.0,20.56620979309082,1126.0,0.0,0.0,0.3652968108654022,20.0,0.0,0.0,0.593072235584259,0.30054405331611633,0.10638377070426941,-0.04356822371482849,0.11920291930437088,0.9997976422309875,0.9999746084213257,0.0,0.3333333432674408,0.28333333134651184,0.21666665375232697,0.1666666716337204
2,0.22510594934904005,11.833574295043945,16.76631736755371,10.282405853271484,0.34359824657440186,0.6326503157615662,85.65753936767578,18759.0,14.027397155761719,3072.0,0.0,0.0,0.3150685131549835,69.0,0.0,0.0,7.625438213348389,10.780953407287598,6.662533283233643,0.7302809357643127,0.8579933643341064,95.05022430419922,5204.0,4.767123222351074,261.0,0.0,0.0,0.1826484054327011,10.0,0.0,0.0,11.738900184631348,16.428192138671875,10.175214767456055,0.3716035485267639,0.6515883803367615,86.35616302490234,4728.0,13.315068244934082,729.0,0.0,0.0,0.3287671208381653,18.0,0.0,0.0,13.582497596740723,18.7276611328125,11.785969734191895,0.17942243814468384,0.5278710722923279,81.35159301757812,4454.0,18.264841079711914,1000.0,0.0,0.0,0.3835616409778595,21.0,0.0,0.0,14.38746166229248,19.6875,12.505905151367188,0.08845669031143188,0.46324700117111206,79.87214660644531,4373.0,19.762557983398438,1082.0,0.0,0.0,0.3652968108654022,20.0,0.0,0.0,0.38935941457748413,0.4525255560874939,0.15811507403850555,-0.04019536077976227,0.11920291930437088,0.9990864396095276,0.999816358089447,0.07142857142857142,0.3245614171028137,0.2788847088813782,0.21998745203018188,0.17656642198562622
3,0.22452543431253574,11.767637252807617,16.615825653076172,10.23551082611084,0.3553287982940674,0.6364688277244568,85.74885559082031,18779.0,13.93607234954834,3052.0,0.0,0.0,0.3150685131549835,69.0,0.0,0.0,7.618254661560059,10.742029190063477,6.666595458984375,0.7322250008583069,0.8589872717857361,94.95890045166016,5199.0,4.858447551727295,266.0,0.0,0.0,0.1826484054327011,10.0,0.0,0.0,11.690967559814453,16.308406829833984,10.150623321533203,0.3807339668273926,0.6542935371398926,86.42922973632812,4732.0,13.242009162902832,725.0,0.0,0.0,0.3287671208381653,18.0,0.0,0.0,13.49606990814209,18.54770851135254,11.721850395202637,0.1951163411140442,0.5321401357650757,81.66210174560547,4471.0,17.95433807373047,983.0,0.0,0.0,0.3835616409778595,21.0,0.0,0.0,14.265254974365234,19.467147827148438,12.402975082397461,0.10874730348587036,0.46673116087913513,79.94520568847656,4377.0,19.689496994018555,1078.0,0.0,0.0,0.3652968108654022,20.0,0.0,0.0,0.5547866225242615,0.3404490053653717,0.104764424264431,-0.032468054443597794,0.11920291930437088,0.997690737247467,0.9985601305961609,0.14285714285714285,0.31578949093818665,0.2744360864162445,0.223308265209198,0.18646617233753204
4,0.22480855165788347,11.604470252990723,16.38698387145996,10.079607009887695,0.37296390533447266,0.6437453627586365,86.06849670410156,18849.0,13.630136489868164,2985.0,0.0,0.0,0.30136987566947937,66.0,0.0,0.0,7.475989818572998,10.566789627075195,6.538808345794678,0.740890383720398,0.8633395433425903,95.30593872070312,5218.0,4.511415481567383,247.0,0.0,0.0,0.1826484054327011,10.0,0.0,0.0,11.532864570617676,16.098175048828125,10.013588905334473,0.3965969681739807,0.660171627998352,86.68492889404297,4746.0,13.00456714630127,712.0,0.0,0.0,0.310502290725708,17.0,0.0,0.0,13.327244758605957,18.295835494995117,11.557405471801758,0.21682816743850708,0.5395169854164124,82.24657440185547,4503.0,17.38812828063965,952.0,0.0,0.0,0.3652968108654022,20.0,0.0,0.0,14.081785202026367,19.198625564575195,12.208625793457031,0.13316506147384644,0.4752841889858246,80.03652954101562,4382.0,19.616437911987305,1074.0,0.0,0.0,0.34703195095062256,19.0,0.0,0.0,0.49793025851249695,0.36905017495155334,0.1330195814371109,-0.02302345633506775,0.11920291930437088,0.9961440563201904,0.99356609582901,0.21428571428571427,0.30701756477355957,0.26998746395111084,0.22662906348705292,0.19636592268943787
5,0.21914939418470214,11.423837661743164,16.145736694335938,9.92016315460205,0.39129048585891724,0.6517996788024902,86.50228118896484,18944.0,13.187214851379395,2888.0,0.0,0.0,0.310502290725708,68.0,0.0,0.0,7.051177978515625,9.96196460723877,6.194208145141602,0.7697035074234009,0.8794042468070984,96.05479431152344,5259.0,3.7808220386505127,207.0,0.0,0.0,0.16438356041908264,9.0,0.0,0.0,11.33619499206543,15.830366134643555,9.85284423828125,0.41650640964508057,0.6694236397743225,87.25113677978516,4777.0,12.420090675354004,680.0,0.0,0.0,0.3287671208381653,18.0,0.0,0.0,13.255265235900879,18.154579162597656,11.484822273254395,0.2288745641708374,0.5395873188972473,82.64839935302734,4525.0,16.968036651611328,929.0,0.0,0.0,0.3835616409778595,21.0,0.0,0.0,14.052711486816406,19.0606689453125,12.148780822753906,0.14557796716690063,0.47174859046936035,80.05479431152344,4383.0,19.57990837097168,1072.0,0.0,0.0,0.3652968108654022,20.0,0.0,0.0,0.47470611333847046,0.40538933873176575,0.11990460008382797,0.013079661875963211,0.11920291930437088,0.971906840801239,0.971260130405426,0.2857142857142857,0.2982456088066101,0.2655388414859772,0.22994986176490784,0.2062656730413437
6,0.21473701030179823,11.258817672729492,16.014070510864258,9.760477066040039,0.4011777639389038,0.6586663126945496,86.8310546875,19016.0,12.86758041381836,2818.0,0.0,0.0,0.30136987566947937,66.0,0.0,0.0,6.632515907287598,9.33440113067627,5.854483127593994,0.7978050708770752,0.8946927785873413,96.76712036132812,5298.0,3.105022668838501,170.0,0.0,0.0,0.1278538852930069,7.0,0.0,0.0,11.167927742004395,15.609393119812012,9.69361400604248,0.43268245458602905,0.6819175481796265,87.48858642578125,4790.0,12.182648658752441,667.0,0.0,0.0,0.3287671208381653,18.0,0.0,0.0,13.16563606262207,18.103069305419922,11.371267318725586,0.23324424028396606,0.542100191116333,82.84931945800781,4536.0,16.76712417602539,918.0,0.0,0.0,0.3835616409778595,21.0,0.0,0.0,14.069189071655273,19.164981842041016,12.122540473937988,0.1362004280090332,0.46313589811325073,80.21917724609375,4392.0,19.415525436401367,1063.0,0.0,0.0,0.3652968108654022,20.0,0.0,0.0,0.2580496668815613,0.6392837762832642,0.10266661643981934,0.05564432218670845,0.11920291930437088,0.9810251593589783,0.9400500059127808,0.35714285714285715,0.28947368264198303,0.2610902190208435,0.23327067494392395,0.2161654233932495
7,0.2120815836542812,11.158970832824707,15.908608436584473,9.673657417297363,0.4090390205383301,0.664519727230072,87.08219146728516,19071.0,12.616437911987305,2763.0,0.0,0.0,0.30136987566947937,66.0,0.0,0.0,6.370201110839844,8.951620101928711,5.630813121795654,0.8140481114387512,0.9039095640182495,97.3150634765625,5328.0,2.557077646255493,140.0,0.0,0.0,0.1278538852930069,7.0,0.0,0.0,11.05309009552002,15.425540924072266,9.609013557434082,0.44596779346466064,0.690521240234375,87.72602844238281,4803.0,11.945204734802246,654.0,0.0,0.0,0.3287671208381653,18.0,0.0,0.0,13.128110885620117,18.053144454956055,11.335752487182617,0.23746764659881592,0.545502781867981,82.8858413696289,4538.0,16.730592727661133,916.0,0.0,0.0,0.3835616409778595,21.0,0.0,0.0,14.084479331970215,19.192197799682617,12.119048118591309,0.13374543190002441,0.46201106905937195,80.40182495117188,4402.0,19.23287582397461,1053.0,0.0,0.0,0.3652968108654022,20.0,0.0,0.0,0.24457651376724243,0.6481409072875977,0.1072826012969017,0.08588335663080215,0.11920291930437088,0.978529691696167,0.9276221990585327,0.42857142857142855,0.28070175647735596,0.25664159655570984,0.23659147322177887,0.22606515884399414
8,0.20954016875256165,11.08339786529541,15.843232154846191,9.61643123626709,0.4138861298561096,0.6690945029258728,87.21917724609375,19101.0,12.488584518432617,2735.0,0.0,0.0,0.29223746061325073,64.0,0.0,0.0,6.246252059936523,8.765596389770508,5.525357723236084,0.8216963410377502,0.9086247086524963,97.46118927001953,5336.0,2.410959005355835,132.0,0.0,0.0,0.1278538852930069,7.0,0.0,0.0,10.969454765319824,15.296494483947754,9.544868469238281,0.45519882440567017,0.6975714564323425,87.8538818359375,4810.0,11.817351341247559,647.0,0.0,0.0,0.3287671208381653,18.0,0.0,0.0,13.09243392944336,18.030620574951172,11.319649696350098,0.23936915397644043,0.548458456993103,83.03196716308594,4546.0,16.621004104614258,910.0,0.0,0.0,0.34703195095062256,19.0,0.0,0.0,14.025450706481934,19.186199188232422,12.075846672058105,0.1342867612838745,0.4645549952983856,80.52967834472656,4409.0,19.105022430419922,1046.0,0.0,0.0,0.3652968108654022,20.0,0.0,0.0,0.2611185610294342,0.6599692702293396,0.07891222834587097,0.09756893664598465,0.11920291930437088,0.9804413914680481,0.926016092300415,0.5,0.2719298303127289,0.25219297409057617,0.2399122714996338,0.23596492409706116
9,0.2088897156134798,11.038206100463867,15.767431259155273,9.586457252502441,0.41948121786117554,0.6727592349052429,87.43379211425781,19148.0,12.28310489654541,2690.0,0.0,0.0,0.2831050157546997,62.0,0.0,0.0,6.18211555480957,8.638822555541992,5.480083465576172,0.8268165588378906,0.9114444851875305,97.60730743408203,5344.0,2.2648401260375977,124.0,0.0,0.0,0.1278538852930069,7.0,0.0,0.0,10.9461669921875,15.2146577835083,9.544690132141113,0.461012601852417,0.7018671035766602,87.90867614746094,4813.0,11.762557029724121,644.0,0.0,0.0,0.3287671208381653,18.0,0.0,0.0,13.07059383392334,17.982519149780273,11.305810928344727,0.24342221021652222,0.5513230562210083,83.2694091796875,4559.0,16.383562088012695,897.0,0.0,0.0,0.34703195095062256,19.0,0.0,0.0,13.953950881958008,19.103967666625977,12.015242576599121,0.1416916847229004,0.46911925077438354,80.94976806640625,4432.0,18.72146224975586,1025.0,0.0,0.0,0.3287671208381653,18.0,0.0,0.0,0.30510297417640686,0.6202482581138611,0.07464880496263504,0.09719201177358627,0.11920291930437088,0.9822298884391785,0.9279313087463379,0.5714285714285714,0.2631579041481018,0.2477443516254425,0.2432330846786499,0.24586467444896698
10,0.20830088872564934,11.030583381652832,15.758086204528809,9.59747314453125,0.42016905546188354,0.6738287806510925,87.36072540283203,19132.0,12.35616397857666,2706.0,0.0,0.0,0.2831050157546997,62.0,0.0,0.0,6.148375988006592,8.603784561157227,5.453202724456787,0.8282184600830078,0.912647008895874,97.75342559814453,5352.0,2.1187214851379395,116.0,0.0,0.0,0.1278538852930069,7.0,0.0,0.0,10.941965103149414,15.23652172088623,9.557279586791992,0.4594624638557434,0.7027685046195984,87.83561706542969,4809.0,11.835616111755371,648.0,0.0,0.0,0.3287671208381653,18.0,0.0,0.0,13.068915367126465,17.992698669433594,11.328365325927734,0.24256539344787598,0.5510328412055969,82.92237854003906,4540.0,16.730592727661133,916.0,0.0,0.0,0.34703195095062256,19.0,0.0,0.0,13.963079452514648,19.06188201904297,12.051046371459961,0.14546924829483032,0.47005578875541687,80.93151092529297,4431.0,18.73972511291504,1026.0,0.0,0.0,0.3287671208381653,18.0,0.0,0.0,0.361482709646225,0.5710475444793701,0.06746980547904968,0.11062764376401901,0.11920291930437088,0.9772011637687683,0.9214016795158386,0.6428571428571429,0.25438597798347473,0.24329572916030884,0.24655388295650482,0.2557644248008728
11,0.2071580502079494,11.03207015991211,15.754607200622559,9.585328102111816,0.42042505741119385,0.6739413142204285,87.2785415649414,19114.0,12.442922592163086,2725.0,0.0,0.0,0.2785388231277466,61.0,0.0,0.0,6.149179458618164,8.58549690246582,5.449153423309326,0.8289479613304138,0.9129072427749634,97.77169036865234,5353.0,2.100456714630127,115.0,0.0,0.0,0.1278538852930069,7.0,0.0,0.0,10.92762565612793,15.221879005432129,9.532170295715332,0.46050089597702026,0.7038437128067017,87.79908752441406,4807.0,11.890410423278809,651.0,0.0,0.0,0.310502290725708,17.0,0.0,0.0,13.08506965637207,17.980039596557617,11.324291229248047,0.24363070726394653,0.5517908334732056,82.7214584350586,4529.0,16.931507110595703,927.0,0.0,0.0,0.34703195095062256,19.0,0.0,0.0,13.966403007507324,19.08225440979004,12.035697937011719,0.14364171028137207,0.46790578961372375,80.8219223022461,4425.0,18.849315643310547,1032.0,0.0,0.0,0.3287671208381653,18.0,0.0,0.0,0.3320724070072174,0.5895469188690186,0.07838071137666702,0.11988634616136551,0.11920291930437088,0.9714475274085999,0.9143006801605225,0.7142857142857143,0.24561403691768646,0.23884710669517517,0.24987469613552094,0.26566416025161743
12,0.2072672274458249,11.04185676574707,15.77774715423584,9.582761764526367,0.4187213182449341,0.6729438304901123,87.2785415649414,19114.0,12.442922592163086,2725.0,0.0,0.0,0.2785388231277466,61.0,0.0,0.0,6.104526996612549,8.559540748596191,5.405203342437744,0.8299806714057922,0.9134699702262878,97.8630142211914,5358.0,2.0091323852539062,110.0,0.0,0.0,0.1278538852930069,7.0,0.0,0.0,10.9542236328125,15.263753890991211,9.532879829406738,0.4575285315513611,0.7021873593330383,87.94520568847656,4815.0,11.744292259216309,643.0,0.0,0.0,0.310502290725708,17.0,0.0,0.0,13.104619979858398,18.024417877197266,11.328873634338379,0.23989248275756836,0.5493456125259399,82.61186981201172,4523.0,17.041095733642578,933.0,0.0,0.0,0.34703195095062256,19.0,0.0,0.0,14.004059791564941,19.095069885253906,12.06408405303955,0.14249110221862793,0.46584397554397583,80.69406127929688,4418.0,18.977169036865234,1039.0,0.0,0.0,0.3287671208381653,18.0,0.0,0.0,0.33536219596862793,0.5914306640625,0.07320719212293625,0.1385544240474701,0.11920291930437088,0.9734751582145691,0.9116910696029663,0.7857142857142857,0.23684212565422058,0.2343984991312027,0.25319552421569824,0.27556392550468445
13,0.2046936770311417,11.100245475769043,15.834712982177734,9.651366233825684,0.41451627016067505,0.6708101630210876,87.03196716308594,19060.0,12.675799369812012,2776.0,0.0,0.0,0.29223746061325073,64.0,0.0,0.0,6.114192485809326,8.577969551086426,5.417669773101807,0.829247772693634,0.9130303859710693,97.5707778930664,5342.0,2.3013699054718018,126.0,0.0,0.0,0.1278538852930069,7.0,0.0,0.0,11.002052307128906,15.317418098449707,9.589171409606934,0.45370739698410034,0.7002506256103516,87.90867614746094,4813.0,11.78082275390625,645.0,0.0,0.0,0.310502290725708,17.0,0.0,0.0,13.210920333862305,18.117935180664062,11.446831703186035,0.23198449611663818,0.546110987663269,82.24657440185547,4503.0,17.38812828063965,952.0,0.0,0.0,0.3652968108654022,20.0,0.0,0.0,14.073817253112793,19.143875122070312,12.151798248291016,0.13810205459594727,0.4639718532562256,80.40182495117188,4402.0,19.23287582397461,1053.0,0.0,0.0,0.3652968108654022,20.0,0.0,0.0,0.32461264729499817,0.595755934715271,0.07963144034147263,0.14421451091766357,0.11920291930437088,0.9744060039520264,0.9230671525001526,0.8571428571428571,0.22807016968727112,0.22994986176490784,0.25651630759239197,0.2854636609554291
14,0.20296816193064834,11.209628105163574,15.980510711669922,9.729656219482422,0.4036850333213806,0.6647355556488037,86.80364990234375,19010.0,12.904109001159668,2826.0,0.0,0.0,0.29223746061325073,64.0,0.0,0.0,6.1679863929748535,8.659720420837402,5.4541730880737305,0.8259776830673218,0.9113171100616455,97.64383697509766,5346.0,2.2283105850219727,122.0,0.0,0.0,0.1278538852930069,7.0,0.0,0.0,11.078341484069824,15.455836296081543,9.638890266418457,0.4437894821166992,0.6953237056732178,87.59817504882812,4796.0,12.091324806213379,662.0,0.0,0.0,0.310502290725708,17.0,0.0,0.0,13.336498260498047,18.267139434814453,11.535558700561523,0.219282865524292,0.5385255813598633,82.06392669677734,4493.0,17.570775985717773,962.0,0.0,0.0,0.3652968108654022,20.0,0.0,0.0,14.255687713623047,19.3376522064209,12.290000915527344,0.12056529521942139,0.45187798142433167,79.90867614746094,4375.0,19.726028442382812,1080.0,0.0,0.0,0.3652968108654022,20.0,0.0,0.0,0.30382752418518066,0.5952685475349426,0.10090392827987671,0.1544579714536667,0.11920291930437088,0.9717891812324524,0.9306781888008118,0.9285714285714286,0.21929824352264404,0.22550123929977417,0.2598370909690857,0.2953633964061737
15,0.20064088840912575,11.225688934326172,15.981091499328613,9.73856258392334,0.4036417007446289,0.665470540523529,86.69406127929688,18986.0,13.018265724182129,2851.0,0.0,0.0,0.2876712381839752,63.0,0.0,0.0,6.203116416931152,8.712830543518066,5.48607063293457,0.8238365054130554,0.910128116607666,97.64383697509766,5346.0,2.2283105850219727,122.0,0.0,0.0,0.1278538852930069,7.0,0.0,0.0,11.095235824584961,15.458587646484375,9.649831771850586,0.4435914158821106,0.6953921318054199,87.707763671875,4802.0,11.963470458984375,655.0,0.0,0.0,0.3287671208381653,18.0,0.0,0.0,13.31838607788086,18.248512268066406,11.510415077209473,0.2208743691444397,0.5418792366981506,81.89954376220703,4484.0,17.75342559814453,972.0,0.0,0.0,0.34703195095062256,19.0,0.0,0.0,14.286018371582031,19.331104278564453,12.307928085327148,0.12116068601608276,0.45568597316741943,79.52511596679688,4354.0,20.127853393554688,1102.0,0.0,0.0,0.34703195095062256,19.0,0.0,0.0,0.3041735291481018,0.583304762840271,0.11252172291278839,0.15958906710147858,0.11920291930437088,0.9750506281852722,0.9242278933525085,1.0,0.21052631735801697,0.2210526168346405,0.2631579041481018,0.3052631616592407
16,0.19704323538812427,11.298088073730469,16.095073699951172,9.79959774017334,0.39510440826416016,0.6618142127990723,86.49771881103516,18943.0,13.210046768188477,2893.0,0.0,0.0,0.29223746061325073,64.0,0.0,0.0,6.210055828094482,8.719497680664062,5.487745761871338,0.8235668540000916,0.9102707505226135,97.62557220458984,5345.0,2.2283105850219727,122.0,0.0,0.0,0.14611873030662537,8.0,0.0,0.0,11.125120162963867,15.494040489196777,9.674811363220215,0.4410364031791687,0.6945513486862183,87.48858642578125,4790.0,12.200913429260254,668.0,0.0,0.0,0.310502290725708,17.0,0.0,0.0,13.423629760742188,18.39243507385254,11.598766326904297,0.2085362672805786,0.5364363789558411,81.5525131225586,4465.0,18.082191467285156,990.0,0.0,0.0,0.3652968108654022,20.0,0.0,0.0,14.433544158935547,19.540451049804688,12.437068939208984,0.10202288627624512,0.44674310088157654,79.32420349121094,4343.0,20.328767776489258,1113.0,0.0,0.0,0.34703195095062256,19.0,0.0,0.0,0.32782477140426636,0.5462333559989929,0.1259419322013855,0.15543057024478912,0.11920291930437088,0.9682016968727112,0.9336442351341248,1.0,0.21052631735801697,0.2210526168346405,0.2631579041481018,0.3052631616592407
17,0.1901271626973658,11.371513366699219,16.186586380004883,9.863707542419434,0.3882063031196594,0.658410906791687,86.35616302490234,18912.0,13.351598739624023,2924.0,0.0,0.0,0.29223746061325073,64.0,0.0,0.0,6.231472015380859,8.761693000793457,5.503354072570801,0.8218551278114319,0.9094974994659424,97.5525131225586,5341.0,2.3013699054718018,126.0,0.0,0.0,0.14611873030662537,8.0,0.0,0.0,11.189727783203125,15.582694053649902,9.728087425231934,0.43462151288986206,0.6915978193283081,87.4703140258789,4789.0,12.219178199768066,669.0,0.0,0.0,0.310502290725708,17.0,0.0,0.0,13.533124923706055,18.50001335144043,11.696236610412598,0.19925051927566528,0.5312097668647766,81.29679870605469,4451.0,18.337900161743164,1004.0,0.0,0.0,0.3652968108654022,20.0,0.0,0.0,14.53172779083252,19.651573181152344,12.52714729309082,0.09178060293197632,0.4420531094074249,79.10502624511719,4331.0,20.547945022583008,1125.0,0.0,0.0,0.34703195095062256,19.0,0.0,0.0,0.3004555404186249,0.5681913495063782,0.13135315477848053,0.1573002189397812,0.11920291930437088,0.9703848361968994,0.933546781539917,1.0,0.21052631735801697,0.2210526168346405,0.2631579041481018,0.3052631616592407
18,0.18723566055251029,11.41247844696045,16.25515365600586,9.890716552734375,0.3830121159553528,0.6559451222419739,86.3059310913086,18901.0,13.406393051147461,2936.0,0.0,0.0,0.2876712381839752,63.0,0.0,0.0,6.257562160491943,8.81425952911377,5.523406505584717,0.8197110891342163,0.9082617163658142,97.5525131225586,5341.0,2.3196346759796143,127.0,0.0,0.0,0.1278538852930069,7.0,0.0,0.0,11.209931373596191,15.652865409851074,9.739782333374023,0.42951804399490356,0.6886530518531799,87.19634246826172,4774.0,12.49315071105957,684.0,0.0,0.0,0.310502290725708,17.0,0.0,0.0,13.57868480682373,18.567764282226562,11.722677230834961,0.19337481260299683,0.5287214517593384,81.16895294189453,4444.0,18.46575355529785,1011.0,0.0,0.0,0.3652968108654022,20.0,0.0,0.0,14.60373592376709,19.734615325927734,12.576997756958008,0.08408862352371216,0.4406043291091919,79.30593872070312,4342.0,20.34703254699707,1114.0,0.0,0.0,0.34703195095062256,19.0,0.0,0.0,0.292075514793396,0.5707106590270996,0.13721385598182678,0.15937761962413788,0.11920291930437088,0.968709409236908,0.9416297078132629,1.0,0.21052631735801697,0.2210526168346405,0.2631579041481018,0.3052631616592407
step,fold4/test_loss,fold4/test_mae,fold4/test_rmse,fold4/test_mard,fold4/test_r2,fold4/test_pearson,fold4/test_ega_zone_a_pct,fold4/test_ega_zone_a_count,fold4/test_ega_zone_b_pct,fold4/test_ega_zone_b_count,fold4/test_ega_zone_c_pct,fold4/test_ega_zone_c_count,fold4/test_ega_zone_d_pct,fold4/test_ega_zone_d_count,fold4/test_ega_zone_e_pct,fold4/test_ega_zone_e_count,fold4/test_horizon_15_mae,fold4/test_horizon_15_rmse,fold4/test_horizon_15_mard,fold4/test_horizon_15_r2,fold4/test_horizon_15_pearson,fold4/test_horizon_15_ega_zone_a_pct,fold4/test_horizon_15_ega_zone_a_count,fold4/test_horizon_15_ega_zone_b_pct,fold4/test_horizon_15_ega_zone_b_count,fold4/test_horizon_15_ega_zone_c_pct,fold4/test_horizon_15_ega_zone_c_count,fold4/test_horizon_15_ega_zone_d_pct,fold4/test_horizon_15_ega_zone_d_count,fold4/test_horizon_15_ega_zone_e_pct,fold4/test_horizon_15_ega_zone_e_count,fold4/test_horizon_30_mae,fold4/test_horizon_30_rmse,fold4/test_horizon_30_mard,fold4/test_horizon_30_r2,fold4/test_horizon_30_pearson,fold4/test_horizon_30_ega_zone_a_pct,fold4/test_horizon_30_ega_zone_a_count,fold4/test_horizon_30_ega_zone_b_pct,fold4/test_horizon_30_ega_zone_b_count,fold4/test_horizon_30_ega_zone_c_pct,fold4/test_horizon_30_ega_zone_c_count,fold4/test_horizon_30_ega_zone_d_pct,fold4/test_horizon_30_ega_zone_d_count,fold4/test_horizon_30_ega_zone_e_pct,fold4/test_horizon_30_ega_zone_e_count,fold4/test_horizon_45_mae,fold4/test_horizon_45_rmse,fold4/test_horizon_45_mard,fold4/test_horizon_45_r2,fold4/test_horizon_45_pearson,fold4/test_horizon_45_ega_zone_a_pct,fold4/test_horizon_45_ega_zone_a_count,fold4/test_horizon_45_ega_zone_b_pct,fold4/test_horizon_45_ega_zone_b_count,fold4/test_horizon_45_ega_zone_c_pct,fold4/test_horizon_45_ega_zone_c_count,fold4/test_horizon_45_ega_zone_d_pct,fold4/test_horizon_45_ega_zone_d_count,fold4/test_horizon_45_ega_zone_e_pct,fold4/test_horizon_45_ega_zone_e_count,fold4/test_horizon_60_mae,fold4/test_horizon_60_rmse,fold4/test_horizon_60_mard,fold4/test_horizon_60_r2,fold4/test_horizon_60_pearson,fold4/test_horizon_60_ega_zone_a_pct,fold4/test_horizon_60_ega_zone_a_count,fold4/test_horizon_60_ega_zone_b_pct,fold4/test_horizon_60_ega_zone_b_count,fold4/test_horizon_60_ega_zone_c_pct,fold4/test_horizon_60_ega_zone_c_count,fold4/test_horizon_60_ega_zone_d_pct,fold4/test_horizon_60_ega_zone_d_count,fold4/test_horizon_60_ega_zone_e_pct,fold4/test_horizon_60_ega_zone_e_count
0,0.2181306642545615,9.124706268310547,13.683865547180176,7.992149829864502,0.49502813816070557,0.7129091620445251,90.31175994873047,4577.0,9.569849967956543,485.0,0.0,0.0,0.11838989704847336,6.0,0.0,0.0,5.058337688446045,7.039618968963623,4.429757595062256,0.864025354385376,0.9306729435920715,99.13180541992188,1256.0,0.8681926131248474,11.0,0.0,0.0,0.0,0.0,0.0,0.0,8.863203048706055,12.701432228088379,7.742292404174805,0.562187910079956,0.7575353980064392,92.10733795166016,1167.0,7.734807014465332,98.0,0.0,0.0,0.15785318613052368,2.0,0.0,0.0,10.662221908569336,15.546751022338867,9.330873489379883,0.3519907593727112,0.6114950180053711,86.97711181640625,1102.0,12.865035057067871,163.0,0.0,0.0,0.15785318613052368,2.0,0.0,0.0,11.915059089660645,17.216522216796875,10.46567440032959,0.21436631679534912,0.4992755353450775,83.0307846069336,1052.0,16.811365127563477,213.0,0.0,0.0,0.15785318613052368,2.0,0.0,0.0
step,fold5/train_loss,fold5/val_mae,fold5/val_rmse,fold5/val_mard,fold5/val_r2,fold5/val_pearson,fold5/val_ega_zone_a_pct,fold5/val_ega_zone_a_count,fold5/val_ega_zone_b_pct,fold5/val_ega_zone_b_count,fold5/val_ega_zone_c_pct,fold5/val_ega_zone_c_count,fold5/val_ega_zone_d_pct,fold5/val_ega_zone_d_count,fold5/val_ega_zone_e_pct,fold5/val_ega_zone_e_count,fold5/val_horizon_15_mae,fold5/val_horizon_15_rmse,fold5/val_horizon_15_mard,fold5/val_horizon_15_r2,fold5/val_horizon_15_pearson,fold5/val_horizon_15_ega_zone_a_pct,fold5/val_horizon_15_ega_zone_a_count,fold5/val_horizon_15_ega_zone_b_pct,fold5/val_horizon_15_ega_zone_b_count,fold5/val_horizon_15_ega_zone_c_pct,fold5/val_horizon_15_ega_zone_c_count,fold5/val_horizon_15_ega_zone_d_pct,fold5/val_horizon_15_ega_zone_d_count,fold5/val_horizon_15_ega_zone_e_pct,fold5/val_horizon_15_ega_zone_e_count,fold5/val_horizon_30_mae,fold5/val_horizon_30_rmse,fold5/val_horizon_30_mard,fold5/val_horizon_30_r2,fold5/val_horizon_30_pearson,fold5/val_horizon_30_ega_zone_a_pct,fold5/val_horizon_30_ega_zone_a_count,fold5/val_horizon_30_ega_zone_b_pct,fold5/val_horizon_30_ega_zone_b_count,fold5/val_horizon_30_ega_zone_c_pct,fold5/val_horizon_30_ega_zone_c_count,fold5/val_horizon_30_ega_zone_d_pct,fold5/val_horizon_30_ega_zone_d_count,fold5/val_horizon_30_ega_zone_e_pct,fold5/val_horizon_30_ega_zone_e_count,fold5/val_horizon_45_mae,fold5/val_horizon_45_rmse,fold5/val_horizon_45_mard,fold5/val_horizon_45_r2,fold5/val_horizon_45_pearson,fold5/val_horizon_45_ega_zone_a_pct,fold5/val_horizon_45_ega_zone_a_count,fold5/val_horizon_45_ega_zone_b_pct,fold5/val_horizon_45_ega_zone_b_count,fold5/val_horizon_45_ega_zone_c_pct,fold5/val_horizon_45_ega_zone_c_count,fold5/val_horizon_45_ega_zone_d_pct,fold5/val_horizon_45_ega_zone_d_count,fold5/val_horizon_45_ega_zone_e_pct,fold5/val_horizon_45_ega_zone_e_count,fold5/val_horizon_60_mae,fold5/val_horizon_60_rmse,fold5/val_horizon_60_mard,fold5/val_horizon_60_r2,fold5/val_horizon_60_pearson,fold5/val_horizon_60_ega_zone_a_pct,fold5/val_horizon_60_ega_zone_a_count,fold5/val_horizon_60_ega_zone_b_pct,fold5/val_horizon_60_ega_zone_b_count,fold5/val_horizon_60_ega_zone_c_pct,fold5/val_horizon_60_ega_zone_c_count,fold5/val_horizon_60_ega_zone_d_pct,fold5/val_horizon_60_ega_zone_d_count,fold5/val_horizon_60_ega_zone_e_pct,fold5/val_horizon_60_ega_zone_e_count,fold5/diag_fusion_gate_cgm,fold5/diag_fusion_gate_cgm_guided,fold5/diag_fusion_gate_physio,fold5/diag_horizon_query_similarity,fold5/diag_horizon_progressive_gate,fold5/diag_horizon_attention_similarity,fold5/diag_horizon_attention_entropy,fold5/diag_horizon_curriculum_progress,fold5/diag_loss_horizon_weight_0,fold5/diag_loss_horizon_weight_1,fold5/diag_loss_horizon_weight_2,fold5/diag_loss_horizon_weight_3
1,0.25695015423989676,10.952954292297363,16.008813858032227,9.959420204162598,0.5505051612854004,0.7521821856498718,86.46929931640625,19715.0,12.723684310913086,2901.0,0.0,0.0,0.8070175647735596,184.0,0.0,0.0,6.632110595703125,9.73453140258789,5.961582660675049,0.8335767388343811,0.9133993983268738,96.2631607055664,5487.0,3.4912281036376953,199.0,0.0,0.0,0.24561402201652527,14.0,0.0,0.0,10.528792381286621,15.258702278137207,9.490950584411621,0.5916976928710938,0.7762705683708191,87.64912414550781,4996.0,11.596490859985352,661.0,0.0,0.0,0.7543859481811523,43.0,0.0,0.0,12.82547664642334,17.961257934570312,11.737896919250488,0.4345325231552124,0.6787988543510437,82.4912338256836,4702.0,16.456140518188477,938.0,0.0,0.0,1.0526316165924072,60.0,0.0,0.0,13.825438499450684,19.363178253173828,12.647249221801758,0.3427499532699585,0.6247394680976868,79.47368621826172,4530.0,19.35087776184082,1103.0,0.0,0.0,1.175438642501831,67.0,0.0,0.0,0.3806651532649994,0.2089788317680359,0.4103560447692871,-0.08832152932882309,0.11920291930437088,0.9994988441467285,0.9998396039009094,0.0,0.3333333432674408,0.28333333134651184,0.21666665375232697,0.1666666716337204
2,0.25369733098692554,10.968509674072266,15.767119407653809,10.061676979064941,0.5639753341674805,0.7567043304443359,86.8640365600586,19805.0,12.276315689086914,2799.0,0.0,0.0,0.859649121761322,196.0,0.0,0.0,6.650944232940674,9.629114151000977,6.02518367767334,0.837161660194397,0.9150609374046326,96.2631607055664,5487.0,3.4561402797698975,197.0,0.0,0.0,0.28070175647735596,16.0,0.0,0.0,10.567863464355469,15.087944030761719,9.614364624023438,0.6007850766181946,0.7791922092437744,87.85964965820312,5008.0,11.385964393615723,649.0,0.0,0.0,0.7543859481811523,43.0,0.0,0.0,12.777541160583496,17.709394454956055,11.762989044189453,0.4502800703048706,0.6838725805282593,83.10526275634766,4737.0,15.80701732635498,901.0,0.0,0.0,1.0877193212509155,62.0,0.0,0.0,13.877692222595215,18.984722137451172,12.844165802001953,0.3681910037994385,0.6279997825622559,80.22807312011719,4573.0,18.456140518188477,1052.0,0.0,0.0,1.3157894611358643,75.0,0.0,0.0,0.2681508958339691,0.27436450123786926,0.457484632730484,-0.0794609934091568,0.11920291930437088,0.9901018142700195,0.9943933486938477,0.07142857142857142,0.3245614171028137,0.2788847088813782,0.21998745203018188,0.17656642198562622
3,0.25152084472996145,10.959457397460938,15.657215118408203,10.105103492736816,0.5700327157974243,0.759585976600647,86.75438690185547,19780.0,12.3421049118042,2814.0,0.0,0.0,0.9035087823867798,206.0,0.0,0.0,6.606926441192627,9.510575294494629,6.020485877990723,0.8411462306976318,0.9174235463142395,96.36842346191406,5493.0,3.3333334922790527,190.0,0.0,0.0,0.2982456088066101,17.0,0.0,0.0,10.56583023071289,15.006863594055176,9.657766342163086,0.6050641536712646,0.7812781929969788,87.92982482910156,5012.0,11.298246383666992,644.0,0.0,0.0,0.7719298601150513,44.0,0.0,0.0,12.740309715270996,17.59309196472168,11.770355224609375,0.4574766159057617,0.6865318417549133,82.78947448730469,4719.0,16.052631378173828,915.0,0.0,0.0,1.1578947305679321,66.0,0.0,0.0,13.924759864807129,18.852577209472656,12.971809387207031,0.3769559860229492,0.6294759511947632,79.92982482910156,4556.0,18.6842098236084,1065.0,0.0,0.0,1.3859648704528809,79.0,0.0,0.0,0.25784263014793396,0.41857555508613586,0.32358184456825256,-0.06369898468255997,0.11920291930437088,0.9747965335845947,0.948327898979187,0.14285714285714285,0.31578949093818665,0.2744360864162445,0.223308265209198,0.18646617233753204
4,0.24459161558737832,10.845104217529297,15.461739540100098,9.97722339630127,0.5807017683982849,0.7632592916488647,87.00438690185547,19837.0,12.008771896362305,2738.0,0.0,0.0,0.9868420362472534,225.0,0.0,0.0,6.195398807525635,8.902379989624023,5.632419109344482,0.8608137965202332,0.9278548955917358,97.33333587646484,5548.0,2.4035086631774902,137.0,0.0,0.0,0.2631579041481018,15.0,0.0,0.0,10.49474048614502,14.737751960754395,9.607751846313477,0.6191016435623169,0.7875810861587524,88.33333587646484,5035.0,10.82456111907959,617.0,0.0,0.0,0.8421052098274231,48.0,0.0,0.0,12.7590970993042,17.48583221435547,11.750907897949219,0.46407169103622437,0.6847190260887146,82.92982482910156,4727.0,15.82456111907959,902.0,0.0,0.0,1.2456140518188477,71.0,0.0,0.0,13.931183815002441,18.816312789916992,12.917810440063477,0.37935054302215576,0.6224111318588257,79.42105865478516,4527.0,18.98245620727539,1082.0,0.0,0.0,1.5964912176132202,91.0,0.0,0.0,0.31660303473472595,0.24635086953639984,0.4370461404323578,-0.03708242252469063,0.11920291930437088,0.9521811008453369,0.903095006942749,0.21428571428571427,0.30701756477355957,0.26998746395111084,0.22662906348705292,0.19636592268943787
5,0.23833903578114063,10.638120651245117,15.260797500610352,9.763054847717285,0.591529369354248,0.7701463103294373,87.53070068359375,19957.0,11.530701637268066,2629.0,0.0,0.0,0.9385964870452881,214.0,0.0,0.0,5.718171119689941,8.212965965270996,5.198077201843262,0.8815366625785828,0.938930094242096,97.84210205078125,5577.0,1.9298245906829834,110.0,0.0,0.0,0.22807016968727112,13.0,0.0,0.0,10.145695686340332,14.349230766296387,9.228354454040527,0.6389195919036865,0.8001258373260498,89.24561309814453,5087.0,9.964912414550781,568.0,0.0,0.0,0.7894736528396606,45.0,0.0,0.0,12.680160522460938,17.389379501342773,11.650261878967285,0.469967782497406,0.6882588863372803,83.50877380371094,4760.0,15.280701637268066,871.0,0.0,0.0,1.2105262279510498,69.0,0.0,0.0,14.008454322814941,18.863298416137695,12.975523948669434,0.3762471079826355,0.6189154386520386,79.52631378173828,4533.0,18.947368621826172,1080.0,0.0,0.0,1.5263158082962036,87.0,0.0,0.0,0.307567298412323,0.411589115858078,0.2808436453342438,0.00824205856770277,0.11920291930437088,0.9592403769493103,0.8569232821464539,0.2857142857142857,0.2982456088066101,0.2655388414859772,0.22994986176490784,0.2062656730413437
6,0.23345449741154548,10.428152084350586,15.09338665008545,9.589360237121582,0.6004420518875122,0.7765123248100281,87.66227722167969,19987.0,11.350876808166504,2588.0,0.0,0.0,0.9868420362472534,225.0,0.0,0.0,5.508081436157227,7.919595241546631,5.018143177032471,0.8898485898971558,0.943379282951355,98.122802734375,5593.0,1.6666667461395264,95.0,0.0,0.0,0.21052630245685577,12.0,0.0,0.0,9.975693702697754,14.13996696472168,9.10100269317627,0.6493746042251587,0.8071921467781067,89.31578826904297,5091.0,9.894737243652344,564.0,0.0,0.0,0.7894736528396606,45.0,0.0,0.0,12.423316955566406,17.24308967590332,11.434815406799316,0.4788482189178467,0.6957377195358276,83.64912414550781,4768.0,15.035088539123535,857.0,0.0,0.0,1.3157894611358643,75.0,0.0,0.0,13.80551815032959,18.741891860961914,12.80347728729248,0.38425034284591675,0.625713050365448,79.56140899658203,4535.0,18.807018280029297,1072.0,0.0,0.0,1.631579041481018,93.0,0.0,0.0,0.23004324734210968,0.5208954215049744,0.24906139075756073,0.029444510117173195,0.11920291930437088,0.9682797789573669,0.8586660623550415,0.35714285714285715,0.28947368264198303,0.2610902190208435,0.23327067494392395,0.2161654233932495
7,0.22998200738697386,10.356941223144531,15.058198928833008,9.501466751098633,0.6023029685020447,0.7772878408432007,87.78508758544922,20015.0,11.214912414550781,2557.0,0.0,0.0,1.0,228.0,0.0,0.0,5.4238786697387695,7.759941577911377,4.95020055770874,0.8942450284957886,0.9456949234008789,98.26315307617188,5601.0,1.5263158082962036,87.0,0.0,0.0,0.21052630245685577,12.0,0.0,0.0,9.933868408203125,14.094496726989746,9.05837345123291,0.6516259908676147,0.8083033561706543,89.33332824707031,5092.0,9.859648704528809,562.0,0.0,0.0,0.8070175647735596,46.0,0.0,0.0,12.35516357421875,17.23517417907715,11.336697578430176,0.4793265461921692,0.6952442526817322,83.77193450927734,4775.0,14.877192497253418,848.0,0.0,0.0,1.3508771657943726,77.0,0.0,0.0,13.714853286743164,18.73698616027832,12.660601615905762,0.38457274436950684,0.6241878867149353,79.77192687988281,4547.0,18.59649085998535,1060.0,0.0,0.0,1.631579041481018,93.0,0.0,0.0,0.3011135756969452,0.4117624759674072,0.28712397813796997,0.0410996675491333,0.11920291930437088,0.9568238258361816,0.8541402816772461,0.42857142857142855,0.28070175647735596,0.25664159655570984,0.23659147322177887,0.22606515884399414
8,0.22869789447770528,10.316977500915527,15.004611015319824,9.479443550109863,0.6051284670829773,0.778806746006012,87.64473724365234,19983.0,11.289473533630371,2574.0,0.0,0.0,1.0657894611358643,243.0,0.0,0.0,5.365894794464111,7.666696071624756,4.907955646514893,0.8967713117599487,0.9470398426055908,98.31578826904297,5604.0,1.456140398979187,83.0,0.0,0.0,0.22807016968727112,13.0,0.0,0.0,9.8854341506958,14.009222984313965,9.031917572021484,0.6558287143707275,0.8106842041015625,89.33332824707031,5092.0,9.82456111907959,560.0,0.0,0.0,0.8421052098274231,48.0,0.0,0.0,12.341514587402344,17.180133819580078,11.34447193145752,0.48264676332473755,0.6968399882316589,83.36842346191406,4752.0,15.175437927246094,865.0,0.0,0.0,1.456140398979187,83.0,0.0,0.0,13.675066947937012,18.7179012298584,12.633430480957031,0.3858258128166199,0.6239964962005615,79.56140899658203,4535.0,18.701753616333008,1066.0,0.0,0.0,1.736842155456543,99.0,0.0,0.0,0.2782989740371704,0.4633331596851349,0.2583679258823395,0.05391495302319527,0.11920291930437088,0.9686571955680847,0.8565947413444519,0.5,0.2719298303127289,0.25219297409057617,0.2399122714996338,0.23596492409706116
9,0.22752736861427747,10.34960651397705,15.022900581359863,9.523577690124512,0.604165256023407,0.7783158421516418,87.47368621826172,19944.0,11.464912414550781,2614.0,0.0,0.0,1.061403512954712,242.0,0.0,0.0,5.338445663452148,7.628537654876709,4.882659435272217,0.8977963328361511,0.9476389288902283,98.3859634399414,5608.0,1.3859648704528809,79.0,0.0,0.0,0.22807016968727112,13.0,0.0,0.0,9.908885955810547,14.031858444213867,9.060123443603516,0.6547155380249023,0.8100749850273132,89.21052551269531,5085.0,9.929824829101562,566.0,0.0,0.0,0.859649121761322,49.0,0.0,0.0,12.413329124450684,17.223217010498047,11.430211067199707,0.4800487756729126,0.6951395273208618,83.0,4731.0,15.54386043548584,886.0,0.0,0.0,1.456140398979187,83.0,0.0,0.0,13.737763404846191,18.735618591308594,12.72131633758545,0.38466256856918335,0.6231926083564758,79.29824829101562,4520.0,19.0,1083.0,0.0,0.0,1.7017543315887451,97.0,0.0,0.0,0.28229859471321106,0.4420525133609772,0.27564892172813416,0.06060291454195976,0.11920291930437088,0.964102566242218,0.8592288494110107,0.5714285714285714,0.2631579041481018,0.2477443516254425,0.2432330846786499,0.24586467444896698
10,0.22667378173144542,10.40584945678711,15.106456756591797,9.582551002502441,0.5997498035430908,0.7756963968276978,87.3859634399414,19924.0,11.508771896362305,2624.0,0.0,0.0,1.1052632331848145,252.0,0.0,0.0,5.383162498474121,7.677489757537842,4.928027629852295,0.8964804410934448,0.9469436407089233,98.35087585449219,5606.0,1.4210525751113892,81.0,0.0,0.0,0.22807016968727112,13.0,0.0,0.0,9.980596542358398,14.122583389282227,9.129446029663086,0.6502361297607422,0.8075975179672241,89.0,5073.0,10.122807502746582,577.0,0.0,0.0,0.8771929740905762,50.0,0.0,0.0,12.458212852478027,17.323314666748047,11.483100891113281,0.4739874005317688,0.69121915102005,82.84210205078125,4722.0,15.578948020935059,888.0,0.0,0.0,1.5789473056793213,90.0,0.0,0.0,13.801424026489258,18.823699951171875,12.789633750915527,0.3788631558418274,0.6192696690559387,79.35087585449219,4523.0,18.912281036376953,1078.0,0.0,0.0,1.736842155456543,99.0,0.0,0.0,0.30101463198661804,0.39082619547843933,0.3081592321395874,0.06937404721975327,0.11920291930437088,0.9691744446754456,0.8577948808670044,0.6428571428571429,0.25438597798347473,0.24329572916030884,0.24655388295650482,0.2557644248008728
11,0.22634610025662005,10.471768379211426,15.171759605407715,9.615151405334473,0.596281886100769,0.7733049392700195,87.28947448730469,19902.0,11.644736289978027,2655.0,0.0,0.0,1.0657894611358643,243.0,0.0,0.0,5.384304523468018,7.677401065826416,4.91616153717041,0.8964828252792358,0.9468953609466553,98.31578826904297,5604.0,1.456140398979187,83.0,0.0,0.0,0.22807016968727112,13.0,0.0,0.0,10.044038772583008,14.191811561584473,9.161890983581543,0.6467986702919006,0.8052307367324829,88.73684692382812,5058.0,10.421052932739258,594.0,0.0,0.0,0.8421052098274231,48.0,0.0,0.0,12.529553413391113,17.388492584228516,11.504964828491211,0.4700218439102173,0.6880671977996826,82.9473648071289,4728.0,15.578948020935059,888.0,0.0,0.0,1.4736841917037964,84.0,0.0,0.0,13.92917251586914,18.92140007019043,12.877592086791992,0.3723986744880676,0.6141117215156555,79.15789794921875,4512.0,19.1228084564209,1090.0,0.0,0.0,1.719298243522644,98.0,0.0,0.0,0.28815940022468567,0.3501109778881073,0.3617296516895294,0.07119933515787125,0.11920291930437088,0.965721607208252,0.8525684475898743,0.7142857142857143,0.24561403691768646,0.23884710669517517,0.24987469613552094,0.26566416025161743
12,0.22536267630343768,10.5113525390625,15.232061386108398,9.626729011535645,0.5930662155151367,0.77132648229599,87.19298553466797,19880.0,11.736842155456543,2676.0,0.0,0.0,1.0701754093170166,244.0,0.0,0.0,5.378595352172852,7.678618907928467,4.898820400238037,0.8964499831199646,0.946922779083252,98.3859634399414,5608.0,1.4035087823867798,80.0,0.0,0.0,0.21052630245685577,12.0,0.0,0.0,10.040847778320312,14.20220947265625,9.136406898498535,0.6462810039520264,0.8049737811088562,88.73684692382812,5058.0,10.385964393615723,592.0,0.0,0.0,0.8771929740905762,50.0,0.0,0.0,12.623021125793457,17.4674072265625,11.573098182678223,0.4652004837989807,0.6845184564590454,82.64912414550781,4711.0,15.929823875427246,908.0,0.0,0.0,1.4210525751113892,81.0,0.0,0.0,14.002947807312012,19.03388023376465,12.898592948913574,0.3649148941040039,0.6083817481994629,79.0,4503.0,19.228069305419922,1096.0,0.0,0.0,1.7719298601150513,101.0,0.0,0.0,0.31635603308677673,0.28088244795799255,0.4027616083621979,0.07167475670576096,0.11920291930437088,0.9537686705589294,0.8269811272621155,0.7857142857142857,0.23684212565422058,0.2343984991312027,0.25319552421569824,0.27556392550468445
13,0.2213242659511499,10.575404167175293,15.250863075256348,9.681917190551758,0.5920610427856445,0.7703443765640259,87.00877380371094,19838.0,11.877193450927734,2708.0,0.0,0.0,1.1140351295471191,254.0,0.0,0.0,5.4004740715026855,7.663938522338867,4.913325786590576,0.8968455195426941,0.9470764398574829,98.47368621826172,5613.0,1.3157894611358643,75.0,0.0,0.0,0.21052630245685577,12.0,0.0,0.0,10.1087646484375,14.219437599182129,9.197137832641602,0.6454222202301025,0.8040226101875305,88.68421173095703,5055.0,10.403509140014648,593.0,0.0,0.0,0.9122806787490845,52.0,0.0,0.0,12.688952445983887,17.478565216064453,11.629188537597656,0.4645169973373413,0.6834641098976135,82.2982406616211,4691.0,16.175437927246094,922.0,0.0,0.0,1.5263158082962036,87.0,0.0,0.0,14.103422164916992,19.076866149902344,12.988014221191406,0.3620431423187256,0.6054307222366333,78.57894897460938,4479.0,19.61403465270996,1118.0,0.0,0.0,1.8070175647735596,103.0,0.0,0.0,0.2936497628688812,0.36435437202453613,0.34199586510658264,0.0785423293709755,0.11920291930437088,0.9546427130699158,0.830443799495697,0.8571428571428571,0.22807016968727112,0.22994986176490784,0.25651630759239197,0.2854636609554291
14,0.22027159079761222,10.55018424987793,15.260746002197266,9.643901824951172,0.5915321707725525,0.7704987525939941,87.1359634399414,19867.0,11.785087585449219,2687.0,0.0,0.0,1.0789473056793213,246.0,0.0,0.0,5.407639026641846,7.68778657913208,4.923069953918457,0.896202564239502,0.9467509984970093,98.36841583251953,5607.0,1.438596487045288,82.0,0.0,0.0,0.19298246502876282,11.0,0.0,0.0,10.066576957702637,14.211016654968262,9.15322494506836,0.6458420753479004,0.8046257495880127,88.85964965820312,5065.0,10.228070259094238,583.0,0.0,0.0,0.9122806787490845,52.0,0.0,0.0,12.648601531982422,17.463733673095703,11.565841674804688,0.46542543172836304,0.6851298809051514,82.2982406616211,4691.0,16.175437927246094,922.0,0.0,0.0,1.5263158082962036,87.0,0.0,0.0,14.077921867370605,19.118694305419922,12.93346881866455,0.35924243927001953,0.6053807735443115,79.01754760742188,4504.0,19.29824447631836,1100.0,0.0,0.0,1.6842104196548462,96.0,0.0,0.0,0.3010900616645813,0.3573997914791107,0.34151020646095276,0.07788685709238052,0.11920291930437088,0.9498062133789062,0.8443626761436462,0.9285714285714286,0.21929824352264404,0.22550123929977417,0.2598370909690857,0.2953633964061737
15,0.2168005373467142,10.587592124938965,15.27025032043457,9.703330993652344,0.5910232067108154,0.7701165676116943,86.9868392944336,19833.0,11.934210777282715,2721.0,0.0,0.0,1.0789473056793213,246.0,0.0,0.0,5.3982367515563965,7.672840118408203,4.916604518890381,0.8966057896614075,0.9469894170761108,98.35087585449219,5606.0,1.456140398979187,83.0,0.0,0.0,0.19298246502876282,11.0,0.0,0.0,10.074356079101562,14.189375877380371,9.176304817199707,0.6469199657440186,0.8052113056182861,88.63157653808594,5052.0,10.456140518188477,596.0,0.0,0.0,0.9122806787490845,52.0,0.0,0.0,12.710552215576172,17.484115600585938,11.660348892211914,0.46417683362960815,0.6840174794197083,82.22807312011719,4687.0,16.280702590942383,928.0,0.0,0.0,1.4912279844284058,85.0,0.0,0.0,14.167222023010254,19.152467727661133,13.06005859375,0.3569767475128174,0.6033163666725159,78.7368392944336,4488.0,19.543859481811523,1114.0,0.0,0.0,1.719298243522644,98.0,0.0,0.0,0.3010278046131134,0.40215423703193665,0.29681798815727234,0.07429511845111847,0.11920291930437088,0.952592670917511,0.8494463562965393,1.0,0.21052631735801697,0.2210526168346405,0.2631579041481018,0.3052631616592407
16,0.2107856130447374,10.687870979309082,15.36023998260498,9.808582305908203,0.5861886739730835,0.767053484916687,86.50438690185547,19723.0,12.381579399108887,2823.0,0.0,0.0,1.1140351295471191,254.0,0.0,0.0,5.422441482543945,7.687150478363037,4.940291404724121,0.8962197303771973,0.946757972240448,98.26315307617188,5601.0,1.5438597202301025,88.0,0.0,0.0,0.19298246502876282,11.0,0.0,0.0,10.18825626373291,14.26347827911377,9.287708282470703,0.643222451210022,0.8029208183288574,88.2631607055664,5031.0,10.789473533630371,615.0,0.0,0.0,0.9473684430122375,54.0,0.0,0.0,12.867422103881836,17.608112335205078,11.822286605834961,0.45654988288879395,0.6786048412322998,81.66666412353516,4655.0,16.824562072753906,959.0,0.0,0.0,1.5087718963623047,86.0,0.0,0.0,14.273367881774902,19.265594482421875,13.18404483795166,0.3493579626083374,0.5979472398757935,77.8245620727539,4436.0,20.36842155456543,1161.0,0.0,0.0,1.8070175647735596,103.0,0.0,0.0,0.294318825006485,0.41160669922828674,0.29407456517219543,0.06642619520425797,0.11920291930437088,0.9335544109344482,0.8554867506027222,1.0,0.21052631735801697,0.2210526168346405,0.2631579041481018,0.3052631616592407
step,fold5/test_loss,fold5/test_mae,fold5/test_rmse,fold5/test_mard,fold5/test_r2,fold5/test_pearson,fold5/test_ega_zone_a_pct,fold5/test_ega_zone_a_count,fold5/test_ega_zone_b_pct,fold5/test_ega_zone_b_count,fold5/test_ega_zone_c_pct,fold5/test_ega_zone_c_count,fold5/test_ega_zone_d_pct,fold5/test_ega_zone_d_count,fold5/test_ega_zone_e_pct,fold5/test_ega_zone_e_count,fold5/test_horizon_15_mae,fold5/test_horizon_15_rmse,fold5/test_horizon_15_mard,fold5/test_horizon_15_r2,fold5/test_horizon_15_pearson,fold5/test_horizon_15_ega_zone_a_pct,fold5/test_horizon_15_ega_zone_a_count,fold5/test_horizon_15_ega_zone_b_pct,fold5/test_horizon_15_ega_zone_b_count,fold5/test_horizon_15_ega_zone_c_pct,fold5/test_horizon_15_ega_zone_c_count,fold5/test_horizon_15_ega_zone_d_pct,fold5/test_horizon_15_ega_zone_d_count,fold5/test_horizon_15_ega_zone_e_pct,fold5/test_horizon_15_ega_zone_e_count,fold5/test_horizon_30_mae,fold5/test_horizon_30_rmse,fold5/test_horizon_30_mard,fold5/test_horizon_30_r2,fold5/test_horizon_30_pearson,fold5/test_horizon_30_ega_zone_a_pct,fold5/test_horizon_30_ega_zone_a_count,fold5/test_horizon_30_ega_zone_b_pct,fold5/test_horizon_30_ega_zone_b_count,fold5/test_horizon_30_ega_zone_c_pct,fold5/test_horizon_30_ega_zone_c_count,fold5/test_horizon_30_ega_zone_d_pct,fold5/test_horizon_30_ega_zone_d_count,fold5/test_horizon_30_ega_zone_e_pct,fold5/test_horizon_30_ega_zone_e_count,fold5/test_horizon_45_mae,fold5/test_horizon_45_rmse,fold5/test_horizon_45_mard,fold5/test_horizon_45_r2,fold5/test_horizon_45_pearson,fold5/test_horizon_45_ega_zone_a_pct,fold5/test_horizon_45_ega_zone_a_count,fold5/test_horizon_45_ega_zone_b_pct,fold5/test_horizon_45_ega_zone_b_count,fold5/test_horizon_45_ega_zone_c_pct,fold5/test_horizon_45_ega_zone_c_count,fold5/test_horizon_45_ega_zone_d_pct,fold5/test_horizon_45_ega_zone_d_count,fold5/test_horizon_45_ega_zone_e_pct,fold5/test_horizon_45_ega_zone_e_count,fold5/test_horizon_60_mae,fold5/test_horizon_60_rmse,fold5/test_horizon_60_mard,fold5/test_horizon_60_r2,fold5/test_horizon_60_pearson,fold5/test_horizon_60_ega_zone_a_pct,fold5/test_horizon_60_ega_zone_a_count,fold5/test_horizon_60_ega_zone_b_pct,fold5/test_horizon_60_ega_zone_b_count,fold5/test_horizon_60_ega_zone_c_pct,fold5/test_horizon_60_ega_zone_c_count,fold5/test_horizon_60_ega_zone_d_pct,fold5/test_horizon_60_ega_zone_d_count,fold5/test_horizon_60_ega_zone_e_pct,fold5/test_horizon_60_ega_zone_e_count
0,0.17272305852791733,7.910045623779297,11.107964515686035,7.671692371368408,0.462444543838501,0.711657702922821,92.90925598144531,8150.0,7.079343318939209,621.0,0.0,0.0,0.011399908922612667,1.0,0.0,0.0,4.105971336364746,5.687546253204346,3.8995492458343506,0.8579455614089966,0.9285532832145691,99.54400634765625,2183.0,0.4559963345527649,10.0,0.0,0.0,0.0,0.0,0.0,0.0,7.379360675811768,10.132373809814453,7.105559825897217,0.5548964738845825,0.7645801305770874,95.66803741455078,2098.0,4.331965446472168,95.0,0.0,0.0,0.0,0.0,0.0,0.0,9.442473411560059,12.638367652893066,9.173553466796875,0.3073710799217224,0.6129365563392639,91.0168685913086,1996.0,8.98312759399414,197.0,0.0,0.0,0.0,0.0,0.0,0.0,10.712380409240723,14.099857330322266,10.50810432434082,0.13233953714370728,0.4946737587451935,85.40811157226562,1873.0,14.546283721923828,319.0,0.0,0.0,0.04559963569045067,1.0,0.0,0.0
step,fold6/train_loss,fold6/val_mae,fold6/val_rmse,fold6/val_mard,fold6/val_r2,fold6/val_pearson,fold6/val_ega_zone_a_pct,fold6/val_ega_zone_a_count,fold6/val_ega_zone_b_pct,fold6/val_ega_zone_b_count,fold6/val_ega_zone_c_pct,fold6/val_ega_zone_c_count,fold6/val_ega_zone_d_pct,fold6/val_ega_zone_d_count,fold6/val_ega_zone_e_pct,fold6/val_ega_zone_e_count,fold6/val_horizon_15_mae,fold6/val_horizon_15_rmse,fold6/val_horizon_15_mard,fold6/val_horizon_15_r2,fold6/val_horizon_15_pearson,fold6/val_horizon_15_ega_zone_a_pct,fold6/val_horizon_15_ega_zone_a_count,fold6/val_horizon_15_ega_zone_b_pct,fold6/val_horizon_15_ega_zone_b_count,fold6/val_horizon_15_ega_zone_c_pct,fold6/val_horizon_15_ega_zone_c_count,fold6/val_horizon_15_ega_zone_d_pct,fold6/val_horizon_15_ega_zone_d_count,fold6/val_horizon_15_ega_zone_e_pct,fold6/val_horizon_15_ega_zone_e_count,fold6/val_horizon_30_mae,fold6/val_horizon_30_rmse,fold6/val_horizon_30_mard,fold6/val_horizon_30_r2,fold6/val_horizon_30_pearson,fold6/val_horizon_30_ega_zone_a_pct,fold6/val_horizon_30_ega_zone_a_count,fold6/val_horizon_30_ega_zone_b_pct,fold6/val_horizon_30_ega_zone_b_count,fold6/val_horizon_30_ega_zone_c_pct,fold6/val_horizon_30_ega_zone_c_count,fold6/val_horizon_30_ega_zone_d_pct,fold6/val_horizon_30_ega_zone_d_count,fold6/val_horizon_30_ega_zone_e_pct,fold6/val_horizon_30_ega_zone_e_count,fold6/val_horizon_45_mae,fold6/val_horizon_45_rmse,fold6/val_horizon_45_mard,fold6/val_horizon_45_r2,fold6/val_horizon_45_pearson,fold6/val_horizon_45_ega_zone_a_pct,fold6/val_horizon_45_ega_zone_a_count,fold6/val_horizon_45_ega_zone_b_pct,fold6/val_horizon_45_ega_zone_b_count,fold6/val_horizon_45_ega_zone_c_pct,fold6/val_horizon_45_ega_zone_c_count,fold6/val_horizon_45_ega_zone_d_pct,fold6/val_horizon_45_ega_zone_d_count,fold6/val_horizon_45_ega_zone_e_pct,fold6/val_horizon_45_ega_zone_e_count,fold6/val_horizon_60_mae,fold6/val_horizon_60_rmse,fold6/val_horizon_60_mard,fold6/val_horizon_60_r2,fold6/val_horizon_60_pearson,fold6/val_horizon_60_ega_zone_a_pct,fold6/val_horizon_60_ega_zone_a_count,fold6/val_horizon_60_ega_zone_b_pct,fold6/val_horizon_60_ega_zone_b_count,fold6/val_horizon_60_ega_zone_c_pct,fold6/val_horizon_60_ega_zone_c_count,fold6/val_horizon_60_ega_zone_d_pct,fold6/val_horizon_60_ega_zone_d_count,fold6/val_horizon_60_ega_zone_e_pct,fold6/val_horizon_60_ega_zone_e_count,fold6/diag_fusion_gate_cgm,fold6/diag_fusion_gate_cgm_guided,fold6/diag_fusion_gate_physio,fold6/diag_horizon_query_similarity,fold6/diag_horizon_progressive_gate,fold6/diag_horizon_attention_similarity,fold6/diag_horizon_attention_entropy,fold6/diag_horizon_curriculum_progress,fold6/diag_loss_horizon_weight_0,fold6/diag_loss_horizon_weight_1,fold6/diag_loss_horizon_weight_2,fold6/diag_loss_horizon_weight_3
1,0.26460660002920605,11.752572059631348,19.0943603515625,11.22064208984375,0.40473902225494385,0.681791365146637,83.59298706054688,17063.0,15.06956672668457,3076.0,0.004899078980088234,1.0,1.3276504278182983,271.0,0.004899078980088234,1.0,6.473995208740234,10.219253540039062,6.0810546875,0.8305253982543945,0.912729799747467,95.06172943115234,4851.0,4.546345233917236,232.0,0.0,0.0,0.3919263482093811,20.0,0.0,0.0,10.889358520507812,17.006633758544922,10.309154510498047,0.5283339023590088,0.7489221096038818,85.0284194946289,4339.0,13.737016677856445,701.0,0.0,0.0,1.2345678806304932,63.0,0.0,0.0,13.815139770507812,21.45096778869629,13.210365295410156,0.24675261974334717,0.5914015769958496,79.16912078857422,4040.0,19.145601272583008,977.0,0.0,0.0,1.6852831840515137,86.0,0.0,0.0,15.831792831420898,24.588123321533203,15.281994819641113,0.008349776268005371,0.4551572799682617,75.11267852783203,3833.0,22.84930419921875,1166.0,0.019596315920352936,1.0,1.9988242387771606,102.0,0.019596315920352936,1.0,0.752444863319397,0.11890456080436707,0.12865057587623596,-0.05390200391411781,0.11920291930437088,0.9999890923500061,0.9999902844429016,0.0,0.3333333432674408,0.28333333134651184,0.21666665375232697,0.1666666716337204
2,0.26064164019436104,11.675118446350098,18.81201934814453,11.1813325881958,0.4222126603126526,0.6821791529655457,83.72526550292969,17090.0,14.893199920654297,3040.0,0.004899078980088234,1.0,1.3766411542892456,281.0,0.0,0.0,6.562633037567139,10.189523696899414,6.2073187828063965,0.831510066986084,0.9127456545829773,94.86576080322266,4841.0,4.644326686859131,237.0,0.0,0.0,0.4899078905582428,25.0,0.0,0.0,10.877889633178711,16.87480354309082,10.337071418762207,0.5356179475784302,0.7467926144599915,85.10680389404297,4343.0,13.619439125061035,695.0,0.0,0.0,1.2737605571746826,65.0,0.0,0.0,13.67145824432373,21.156770706176758,13.105911254882812,0.267272412776947,0.5886139869689941,79.3454818725586,4049.0,18.930042266845703,966.0,0.0,0.0,1.7244758605957031,88.0,0.0,0.0,15.588492393493652,24.0701904296875,15.075027465820312,0.04968678951263428,0.45244300365448,75.58299255371094,3857.0,22.37899398803711,1142.0,0.019596315920352936,1.0,2.018420696258545,103.0,0.0,0.0,0.8791537284851074,0.053895317018032074,0.06695102155208588,-0.04897184297442436,0.11920291930437088,0.9995417594909668,0.999052882194519,0.07142857142857142,0.3245614171028137,0.2788847088813782,0.21998745203018188,0.17656642198562622
3,0.2577765567092581,11.642084121704102,18.685380935668945,11.18836498260498,0.4299655556678772,0.6829319596290588,83.88202667236328,17122.0,14.692337989807129,2999.0,0.004899078980088234,1.0,1.4109346866607666,288.0,0.009798157960176468,2.0,6.544541835784912,10.030617713928223,6.219284534454346,0.8367242813110352,0.9156447052955627,95.0813217163086,4852.0,4.369978427886963,223.0,0.0,0.0,0.5486968159675598,28.0,0.0,0.0,10.87425422668457,16.78547477722168,10.362783432006836,0.540521502494812,0.7472766637802124,85.30276489257812,4353.0,13.423477172851562,685.0,0.0,0.0,1.2737605571746826,65.0,0.0,0.0,13.6249418258667,21.043291091918945,13.097065925598145,0.2751115560531616,0.5861483812332153,79.30628967285156,4047.0,18.930042266845703,966.0,0.0,0.0,1.763668417930603,90.0,0.0,0.0,15.524598121643066,23.903728485107422,15.074322700500488,0.0627853274345398,0.44902849197387695,75.8377456665039,3870.0,22.045854568481445,1125.0,0.019596315920352936,1.0,2.0576131343841553,105.0,0.03919263184070587,2.0,0.6558507680892944,0.09864821285009384,0.2455010712146759,-0.03944537416100502,0.11920291930437088,0.9924083352088928,0.9554149508476257,0.14285714285714285,0.31578949093818665,0.2744360864162445,0.223308265209198,0.18646617233753204
4,0.25602946903250445,11.582866668701172,18.515296936035156,11.157333374023438,0.4402958154678345,0.6867743730545044,84.0730972290039,17161.0,14.486577033996582,2957.0,0.004899078980088234,1.0,1.4256319999694824,291.0,0.009798157960176468,2.0,6.360113620758057,9.77773666381836,6.043919086456299,0.8448532223701477,0.9197559356689453,95.4340591430664,4870.0,4.03684139251709,206.0,0.0,0.0,0.5291005373001099,27.0,0.0,0.0,10.882268905639648,16.636882781982422,10.405081748962402,0.5486204624176025,0.7509267330169678,85.4791259765625,4362.0,13.247110366821289,676.0,0.0,0.0,1.2737605571746826,65.0,0.0,0.0,13.602951049804688,20.87613868713379,13.106534004211426,0.28658175468444824,0.587782084941864,79.5218505859375,4058.0,18.675289154052734,953.0,0.0,0.0,1.8028610944747925,92.0,0.0,0.0,15.486132621765137,23.728925704956055,15.07380199432373,0.07644253969192505,0.4510310888290405,75.85733795166016,3871.0,21.9870662689209,1122.0,0.019596315920352936,1.0,2.0968058109283447,107.0,0.03919263184070587,2.0,0.4376997649669647,0.32026487588882446,0.2420354038476944,-0.016227224841713905,0.11920291930437088,0.9733872413635254,0.8927452564239502,0.21428571428571427,0.30701756477355957,0.26998746395111084,0.22662906348705292,0.19636592268943787
5,0.24770590679535706,11.222647666931152,18.13315200805664,10.78126049041748,0.4631613492965698,0.6963514685630798,84.79815673828125,17309.0,13.776209831237793,2812.0,0.004899078980088234,1.0,1.415833830833435,289.0,0.004899078980088234,1.0,5.8943634033203125,9.147212982177734,5.577661037445068,0.8642175197601318,0.9296547174453735,96.11992645263672,4905.0,3.4293551445007324,175.0,0.0,0.0,0.4507152736186981,23.0,0.0,0.0,10.469100952148438,16.220897674560547,9.95568561553955,0.5709107518196106,0.7612331509590149,86.2433853149414,4401.0,12.502449989318848,638.0,0.0,0.0,1.254164218902588,64.0,0.0,0.0,13.352149963378906,20.55388641357422,12.841327667236328,0.3084369897842407,0.5932130813598633,80.30570220947266,4098.0,17.891437530517578,913.0,0.0,0.0,1.8028610944747925,92.0,0.0,0.0,15.174976348876953,23.366504669189453,14.7503662109375,0.10443884134292603,0.45351383090019226,76.52361297607422,3905.0,21.281599044799805,1086.0,0.019596315920352936,1.0,2.155594825744629,110.0,0.019596315920352936,1.0,0.3429615795612335,0.47244250774383545,0.18459592759609222,0.02226058579981327,0.11920291930437088,0.9663950800895691,0.8266633152961731,0.2857142857142857,0.2982456088066101,0.2655388414859772,0.22994986176490784,0.2062656730413437
6,0.24258928156832152,11.085105895996094,17.925342559814453,10.668425559997559,0.4753953814506531,0.7039912939071655,85.15579223632812,17382.0,13.433274269104004,2742.0,0.0,0.0,1.4109346866607666,288.0,0.0,0.0,5.654293537139893,8.63476276397705,5.371693134307861,0.8790051341056824,0.9375956654548645,96.92337799072266,4946.0,2.7238879203796387,139.0,0.0,0.0,0.35273367166519165,18.0,0.0,0.0,10.339580535888672,15.917634963989258,9.858144760131836,0.5868050456047058,0.771090567111969,86.57652282714844,4418.0,12.1497163772583,620.0,0.0,0.0,1.2737605571746826,65.0,0.0,0.0,13.261871337890625,20.409833908081055,12.76408863067627,0.31809669733047485,0.5993880033493042,80.54086303710938,4110.0,17.63668441772461,900.0,0.0,0.0,1.8224574327468872,93.0,0.0,0.0,15.084677696228027,23.254680633544922,14.679776191711426,0.11299008131027222,0.45688456296920776,76.58240509033203,3908.0,21.222810745239258,1083.0,0.0,0.0,2.1947872638702393,112.0,0.0,0.0,0.2771514058113098,0.5533192157745361,0.16952934861183167,0.05804579332470894,0.11920291930437088,0.9804365038871765,0.7692444324493408,0.35714285714285715,0.28947368264198303,0.2610902190208435,0.23327067494392395,0.2161654233932495
7,0.2393660410924533,10.920475959777832,17.73906898498535,10.482725143432617,0.48624175786972046,0.7098391652107239,85.56241607666016,17465.0,13.036449432373047,2661.0,0.0,0.0,1.3913384675979614,284.0,0.009798157960176468,2.0,5.481617450714111,8.356531143188477,5.21334981918335,0.8866769671440125,0.9416659474372864,97.33489990234375,4967.0,2.3123652935028076,118.0,0.0,0.0,0.35273367166519165,18.0,0.0,0.0,10.176562309265137,15.702394485473633,9.680310249328613,0.5979040265083313,0.7774991989135742,86.96845245361328,4438.0,11.777385711669922,601.0,0.0,0.0,1.254164218902588,64.0,0.0,0.0,13.090874671936035,20.243877410888672,12.550592422485352,0.3291410803794861,0.6042525172233582,80.85440063476562,4126.0,17.342741012573242,885.0,0.0,0.0,1.8028610944747925,92.0,0.0,0.0,14.932846069335938,23.075674057006836,14.48664665222168,0.1265932321548462,0.46016398072242737,77.09191131591797,3934.0,20.713306427001953,1057.0,0.0,0.0,2.155594825744629,110.0,0.03919263184070587,2.0,0.23849351704120636,0.641731858253479,0.11977464705705643,0.07079247385263443,0.11920291930437088,0.9869810938835144,0.7564399838447571,0.42857142857142855,0.28070175647735596,0.25664159655570984,0.23659147322177887,0.22606515884399414
8,0.23757877383361495,10.864489555358887,17.681467056274414,10.428464889526367,0.4895729422569275,0.7111847996711731,85.52322387695312,17457.0,13.080540657043457,2670.0,0.0,0.0,1.3962374925613403,285.0,0.0,0.0,5.395040988922119,8.257566452026367,5.132372856140137,0.8893451690673828,0.9430643320083618,97.27610778808594,4964.0,2.3907504081726074,122.0,0.0,0.0,0.3331373631954193,17.0,0.0,0.0,10.09809684753418,15.62377643585205,9.607900619506836,0.6019203662872314,0.7795103788375854,86.89006805419922,4434.0,11.875367164611816,606.0,0.0,0.0,1.2345678806304932,63.0,0.0,0.0,13.045456886291504,20.176239013671875,12.5092191696167,0.33361637592315674,0.6054922342300415,80.63883972167969,4115.0,17.5387020111084,895.0,0.0,0.0,1.8224574327468872,93.0,0.0,0.0,14.919365882873535,23.04705047607422,14.464360237121582,0.1287587285041809,0.4593896269798279,77.28787231445312,3944.0,20.517343521118164,1047.0,0.0,0.0,2.1947872638702393,112.0,0.0,0.0,0.2219545692205429,0.6856034994125366,0.09244194626808167,0.08096268773078918,0.11920291930437088,0.9895506501197815,0.7515389323234558,0.5,0.2719298303127289,0.25219297409057617,0.2399122714996338,0.23596492409706116
9,0.2370637834316442,10.800487518310547,17.600927352905273,10.36023998260498,0.49421226978302,0.7138761281967163,85.62120056152344,17477.0,12.992356300354004,2652.0,0.0,0.0,1.386439323425293,283.0,0.0,0.0,5.350498199462891,8.155843734741211,5.097494602203369,0.8920546770095825,0.9445090889930725,97.37409210205078,4969.0,2.292768955230713,117.0,0.0,0.0,0.3331373631954193,17.0,0.0,0.0,10.056280136108398,15.52496337890625,9.571290016174316,0.6069397926330566,0.7824922800064087,86.96845245361328,4438.0,11.796981811523438,602.0,0.0,0.0,1.2345678806304932,63.0,0.0,0.0,12.965447425842285,20.087608337402344,12.419093132019043,0.3394582271575928,0.6083542704582214,80.8152084350586,4124.0,17.38193130493164,887.0,0.0,0.0,1.8028610944747925,92.0,0.0,0.0,14.829726219177246,22.98078155517578,14.353081703186035,0.13376182317733765,0.4619375169277191,77.32705688476562,3946.0,20.49774742126465,1046.0,0.0,0.0,2.1751909255981445,111.0,0.0,0.0,0.2195175141096115,0.6830652356147766,0.09741733968257904,0.08796454221010208,0.11920291930437088,0.9904239773750305,0.7441009879112244,0.5714285714285714,0.2631579041481018,0.2477443516254425,0.2432330846786499,0.24586467444896698
10,0.232751237788797,10.741307258605957,17.53270149230957,10.29090690612793,0.4981257915496826,0.7153645753860474,85.64080047607422,17481.0,12.938467979431152,2641.0,0.0,0.0,1.415833830833435,289.0,0.004899078980088234,1.0,5.30733585357666,8.079066276550293,5.063812255859375,0.8940774202346802,0.9455716609954834,97.53086853027344,4977.0,2.135998487472534,109.0,0.0,0.0,0.3331373631954193,17.0,0.0,0.0,10.00097370147705,15.457794189453125,9.511220932006836,0.6103335618972778,0.783926248550415,87.22320556640625,4451.0,11.561826705932617,590.0,0.0,0.0,1.2149715423583984,62.0,0.0,0.0,12.903807640075684,20.027109146118164,12.34346866607666,0.3434309959411621,0.6089257597923279,80.8152084350586,4124.0,17.342741012573242,885.0,0.0,0.0,1.8420536518096924,94.0,0.0,0.0,14.753110885620117,22.8972225189209,14.245126724243164,0.14004963636398315,0.4631896913051605,76.99392700195312,3929.0,20.713306427001953,1057.0,0.0,0.0,2.273172616958618,116.0,0.019596315920352936,1.0,0.2322690188884735,0.664322018623352,0.10340902954339981,0.09814395755529404,0.11920291930437088,0.9906735420227051,0.7526257038116455,0.6428571428571429,0.25438597798347473,0.24329572916030884,0.24655388295650482,0.2557644248008728
11,0.22939271030308747,10.729815483093262,17.458051681518555,10.274235725402832,0.5023905038833618,0.7167285084724426,85.6995849609375,17493.0,12.840485572814941,2621.0,0.004899078980088234,1.0,1.4550265073776245,297.0,0.0,0.0,5.247184753417969,7.950103759765625,5.016939163208008,0.8974320292472839,0.9473305344581604,97.6092529296875,4981.0,2.0576131343841553,105.0,0.0,0.0,0.3331373631954193,17.0,0.0,0.0,9.979536056518555,15.341641426086426,9.500341415405273,0.6161676645278931,0.7867282629013062,87.5367431640625,4467.0,11.248285293579102,574.0,0.0,0.0,1.2149715423583984,62.0,0.0,0.0,12.9348726272583,19.961864471435547,12.36333179473877,0.3477019667625427,0.6089934706687927,80.61924743652344,4114.0,17.519105911254883,894.0,0.0,0.0,1.861649990081787,95.0,0.0,0.0,14.757668495178223,22.849245071411133,14.216333389282227,0.1436496376991272,0.4609014391899109,77.03311920166016,3931.0,20.53693962097168,1048.0,0.019596315920352936,1.0,2.410346746444702,123.0,0.0,0.0,0.2346353679895401,0.6646950840950012,0.10066964477300644,0.10250189155340195,0.11920291930437088,0.9907581210136414,0.7403532266616821,0.7142857142857143,0.24561403691768646,0.23884710669517517,0.24987469613552094,0.26566416025161743
12,0.2256264275355472,10.789460182189941,17.58739471435547,10.338053703308105,0.49498969316482544,0.7134600281715393,85.3223648071289,17416.0,13.207917213439941,2696.0,0.004899078980088234,1.0,1.4648246765136719,299.0,0.0,0.0,5.253899574279785,7.93036413192749,5.021039962768555,0.8979407548904419,0.9476116895675659,97.6092529296875,4981.0,2.0380167961120605,104.0,0.0,0.0,0.35273367166519165,18.0,0.0,0.0,10.046150207519531,15.418800354003906,9.56130313873291,0.6122970581054688,0.7849510908126831,87.49755096435547,4465.0,11.267881393432617,575.0,0.0,0.0,1.2345678806304932,63.0,0.0,0.0,13.015308380126953,20.121257781982422,12.445627212524414,0.3372434377670288,0.6047101020812988,79.97256469726562,4081.0,18.16578483581543,927.0,0.0,0.0,1.861649990081787,95.0,0.0,0.0,14.842483520507812,23.060155868530273,14.324246406555176,0.12776750326156616,0.4548526406288147,76.21006774902344,3889.0,21.3599853515625,1090.0,0.019596315920352936,1.0,2.410346746444702,123.0,0.0,0.0,0.25673019886016846,0.6496161222457886,0.09365367144346237,0.09874824434518814,0.11920291930437088,0.9917688965797424,0.7398500442504883,0.7857142857142857,0.23684212565422058,0.2343984991312027,0.25319552421569824,0.27556392550468445
13,0.22393443567920843,10.837442398071289,17.635591506958008,10.378557205200195,0.49221813678741455,0.7114067077636719,85.23907470703125,17399.0,13.281403541564941,2711.0,0.004899078980088234,1.0,1.4746227264404297,301.0,0.0,0.0,5.240720748901367,7.928102970123291,5.004022121429443,0.8979989290237427,0.9476352334022522,97.7268295288086,4987.0,1.9596315622329712,100.0,0.0,0.0,0.313541054725647,16.0,0.0,0.0,10.084426879882812,15.448546409606934,9.592177391052246,0.6107996702194214,0.7838305234909058,87.28199005126953,4454.0,11.52263355255127,588.0,0.0,0.0,1.1953752040863037,61.0,0.0,0.0,13.07968521118164,20.175336837768555,12.507319450378418,0.3336760401725769,0.6015201210975647,79.75700378417969,4070.0,18.302959442138672,934.0,0.0,0.0,1.9400352239608765,99.0,0.0,0.0,14.944937705993652,23.140865325927734,14.410710334777832,0.121651291847229,0.4498378038406372,76.19047546386719,3888.0,21.34038734436035,1089.0,0.019596315920352936,1.0,2.4495394229888916,125.0,0.0,0.0,0.27602747082710266,0.6217352747917175,0.10223732143640518,0.10873814672231674,0.11920291930437088,0.9915198683738708,0.7453393936157227,0.8571428571428571,0.22807016968727112,0.22994986176490784,0.25651630759239197,0.2854636609554291
14,0.21946406366186125,10.887470245361328,17.68879508972168,10.423807144165039,0.48914963006973267,0.7102189064025879,85.0431137084961,17359.0,13.457770347595215,2747.0,0.0,0.0,1.4991182088851929,306.0,0.0,0.0,5.26218318939209,7.938042163848877,5.019070625305176,0.8977430462837219,0.9475157856941223,97.66803741455078,4984.0,2.018420696258545,103.0,0.0,0.0,0.313541054725647,16.0,0.0,0.0,10.116399765014648,15.47707748413086,9.613923072814941,0.6093608140945435,0.7832818031311035,87.18401336669922,4449.0,11.601018905639648,592.0,0.0,0.0,1.2149715423583984,62.0,0.0,0.0,13.140960693359375,20.247314453125,12.561100959777832,0.328913152217865,0.5996484160423279,79.61982727050781,4063.0,18.381343841552734,938.0,0.0,0.0,1.9988242387771606,102.0,0.0,0.0,15.030344009399414,23.21783447265625,14.501134872436523,0.11579859256744385,0.448910653591156,75.70056915283203,3863.0,21.83029556274414,1114.0,0.0,0.0,2.4691357612609863,126.0,0.0,0.0,0.2957969903945923,0.5956985950469971,0.10850446671247482,0.11497154086828232,0.11920291930437088,0.9942784905433655,0.7422919273376465,0.9285714285714286,0.21929824352264404,0.22550123929977417,0.2598370909690857,0.2953633964061737
15,0.21553812137740025,10.886510848999023,17.635848999023438,10.412517547607422,0.4922032356262207,0.71141517162323,85.00392150878906,17351.0,13.511659622192383,2758.0,0.0,0.0,1.484420895576477,303.0,0.0,0.0,5.262475967407227,7.946696758270264,5.0199737548828125,0.8975199460983276,0.9473763704299927,97.70722961425781,4986.0,2.018420696258545,103.0,0.0,0.0,0.2743484079837799,14.0,0.0,0.0,10.109435081481934,15.478913307189941,9.603290557861328,0.609268069267273,0.782736599445343,87.22320556640625,4451.0,11.561826705932617,590.0,0.0,0.0,1.2149715423583984,62.0,0.0,0.0,13.150946617126465,20.199981689453125,12.558738708496094,0.33204710483551025,0.6009001135826111,79.46305847167969,4055.0,18.577306747436523,948.0,0.0,0.0,1.9596315622329712,100.0,0.0,0.0,15.023186683654785,23.093429565429688,14.468070983886719,0.12524855136871338,0.454343318939209,75.62218475341797,3859.0,21.889083862304688,1117.0,0.0,0.0,2.488732099533081,127.0,0.0,0.0,0.3017343580722809,0.5867869853973389,0.11147868633270264,0.1119534894824028,0.11920291930437088,0.9921490550041199,0.7595524787902832,1.0,0.21052631735801697,0.2210526168346405,0.2631579041481018,0.3052631616592407
16,0.20988650362565606,10.905158042907715,17.56460952758789,10.421160697937012,0.49629735946655273,0.7132273316383362,85.1410903930664,17379.0,13.354888916015625,2726.0,0.0,0.0,1.5040172338485718,307.0,0.0,0.0,5.272839546203613,7.922280788421631,5.03039026260376,0.8981486558914185,0.9477235674858093,97.78561401367188,4990.0,1.9204388856887817,98.0,0.0,0.0,0.29394471645355225,15.0,0.0,0.0,10.130133628845215,15.423094749450684,9.622329711914062,0.6120810508728027,0.7840898633003235,87.59553527832031,4470.0,11.189496994018555,571.0,0.0,0.0,1.2149715423583984,62.0,0.0,0.0,13.165717124938965,20.107521057128906,12.557882308959961,0.3381480574607849,0.6037480235099792,79.6394271850586,4064.0,18.342151641845703,936.0,0.0,0.0,2.018420696258545,103.0,0.0,0.0,15.051939010620117,23.002506256103516,14.474037170410156,0.13212323188781738,0.45752817392349243,75.5438003540039,3855.0,21.967470169067383,1121.0,0.0,0.0,2.488732099533081,127.0,0.0,0.0,0.30406370759010315,0.5743458867073059,0.12159035354852676,0.11041387170553207,0.11920291930437088,0.9909378886222839,0.7647743225097656,1.0,0.21052631735801697,0.2210526168346405,0.2631579041481018,0.3052631616592407
17,0.20217953455092127,10.904623031616211,17.573455810546875,10.400303840637207,0.49578994512557983,0.712475597858429,85.05290985107422,17361.0,13.398981094360352,2735.0,0.0,0.0,1.5481089353561401,316.0,0.0,0.0,5.25352144241333,7.902557849884033,5.006436824798584,0.8986551761627197,0.9480055570602417,97.78561401367188,4990.0,1.9400352239608765,99.0,0.0,0.0,0.2743484079837799,14.0,0.0,0.0,10.151924133300781,15.448184967041016,9.624719619750977,0.6108179092407227,0.7830290794372559,87.3603744506836,4458.0,11.365862846374512,580.0,0.0,0.0,1.2737605571746826,65.0,0.0,0.0,13.19741153717041,20.155532836914062,12.56261157989502,0.3349835276603699,0.6005997657775879,79.6394271850586,4064.0,18.204978942871094,929.0,0.0,0.0,2.155594825744629,110.0,0.0,0.0,15.01563835144043,22.977447509765625,14.407449722290039,0.13401305675506592,0.4576628804206848,75.42622375488281,3849.0,22.08504867553711,1127.0,0.0,0.0,2.488732099533081,127.0,0.0,0.0,0.31021562218666077,0.5590290427207947,0.13075537979602814,0.11166763305664062,0.11920291930437088,0.9935055375099182,0.7682172060012817,1.0,0.21052631735801697,0.2210526168346405,0.2631579041481018,0.3052631616592407
18,0.19732632903517072,10.97510051727295,17.675268173217773,10.479326248168945,0.4899306893348694,0.7105951905250549,84.83245086669922,17316.0,13.707622528076172,2798.0,0.0,0.0,1.4599255323410034,298.0,0.0,0.0,5.233119964599609,7.880147457122803,4.989116191864014,0.8992291688919067,0.9482957124710083,97.7268295288086,4987.0,1.979227900505066,101.0,0.0,0.0,0.29394471645355225,15.0,0.0,0.0,10.180936813354492,15.465706825256348,9.658845901489258,0.6099345684051514,0.7831441164016724,87.47795104980469,4464.0,11.307074546813965,577.0,0.0,0.0,1.2149715423583984,62.0,0.0,0.0,13.319193840026855,20.296796798706055,12.695075988769531,0.3256290555000305,0.5982717275619507,79.3454818725586,4049.0,18.714481353759766,955.0,0.0,0.0,1.9400352239608765,99.0,0.0,0.0,15.167153358459473,23.160646438598633,14.574265480041504,0.12014901638031006,0.4554607570171356,74.779541015625,3816.0,22.829708099365234,1165.0,0.0,0.0,2.3907504081726074,122.0,0.0,0.0,0.3194989264011383,0.5610958933830261,0.11940523236989975,0.11423337459564209,0.11920291930437088,0.99338698387146,0.7714437246322632,1.0,0.21052631735801697,0.2210526168346405,0.2631579041481018,0.3052631616592407
19,0.19074006189877415,10.998106956481934,17.747894287109375,10.496413230895996,0.4857304096221924,0.7080512046813965,84.81775665283203,17313.0,13.707622528076172,2798.0,0.0,0.0,1.4746227264404297,301.0,0.0,0.0,5.2367987632751465,7.902727127075195,4.993790626525879,0.8986508250236511,0.9479947686195374,97.74642944335938,4988.0,1.9400352239608765,99.0,0.0,0.0,0.313541054725647,16.0,0.0,0.0,10.22586441040039,15.567147254943848,9.701725959777832,0.6048008799552917,0.7799198627471924,87.4191665649414,4461.0,11.32667064666748,578.0,0.0,0.0,1.254164218902588,64.0,0.0,0.0,13.343284606933594,20.388532638549805,12.713676452636719,0.31951940059661865,0.594555139541626,79.3454818725586,4049.0,18.75367546081543,957.0,0.0,0.0,1.900842547416687,97.0,0.0,0.0,15.186478614807129,23.226484298706055,14.576457023620605,0.1151396632194519,0.4533246159553528,74.75994110107422,3815.0,22.81011199951172,1164.0,0.0,0.0,2.429943084716797,124.0,0.0,0.0,0.3359500765800476,0.5307237505912781,0.1333261877298355,0.112433522939682,0.11920291930437088,0.9945437908172607,0.7781644463539124,1.0,0.21052631735801697,0.2210526168346405,0.2631579041481018,0.3052631616592407
step,fold6/test_loss,fold6/test_mae,fold6/test_rmse,fold6/test_mard,fold6/test_r2,fold6/test_pearson,fold6/test_ega_zone_a_pct,fold6/test_ega_zone_a_count,fold6/test_ega_zone_b_pct,fold6/test_ega_zone_b_count,fold6/test_ega_zone_c_pct,fold6/test_ega_zone_c_count,fold6/test_ega_zone_d_pct,fold6/test_ega_zone_d_count,fold6/test_ega_zone_e_pct,fold6/test_ega_zone_e_count,fold6/test_horizon_15_mae,fold6/test_horizon_15_rmse,fold6/test_horizon_15_mard,fold6/test_horizon_15_r2,fold6/test_horizon_15_pearson,fold6/test_horizon_15_ega_zone_a_pct,fold6/test_horizon_15_ega_zone_a_count,fold6/test_horizon_15_ega_zone_b_pct,fold6/test_horizon_15_ega_zone_b_count,fold6/test_horizon_15_ega_zone_c_pct,fold6/test_horizon_15_ega_zone_c_count,fold6/test_horizon_15_ega_zone_d_pct,fold6/test_horizon_15_ega_zone_d_count,fold6/test_horizon_15_ega_zone_e_pct,fold6/test_horizon_15_ega_zone_e_count,fold6/test_horizon_30_mae,fold6/test_horizon_30_rmse,fold6/test_horizon_30_mard,fold6/test_horizon_30_r2,fold6/test_horizon_30_pearson,fold6/test_horizon_30_ega_zone_a_pct,fold6/test_horizon_30_ega_zone_a_count,fold6/test_horizon_30_ega_zone_b_pct,fold6/test_horizon_30_ega_zone_b_count,fold6/test_horizon_30_ega_zone_c_pct,fold6/test_horizon_30_ega_zone_c_count,fold6/test_horizon_30_ega_zone_d_pct,fold6/test_horizon_30_ega_zone_d_count,fold6/test_horizon_30_ega_zone_e_pct,fold6/test_horizon_30_ega_zone_e_count,fold6/test_horizon_45_mae,fold6/test_horizon_45_rmse,fold6/test_horizon_45_mard,fold6/test_horizon_45_r2,fold6/test_horizon_45_pearson,fold6/test_horizon_45_ega_zone_a_pct,fold6/test_horizon_45_ega_zone_a_count,fold6/test_horizon_45_ega_zone_b_pct,fold6/test_horizon_45_ega_zone_b_count,fold6/test_horizon_45_ega_zone_c_pct,fold6/test_horizon_45_ega_zone_c_count,fold6/test_horizon_45_ega_zone_d_pct,fold6/test_horizon_45_ega_zone_d_count,fold6/test_horizon_45_ega_zone_e_pct,fold6/test_horizon_45_ega_zone_e_count,fold6/test_horizon_60_mae,fold6/test_horizon_60_rmse,fold6/test_horizon_60_mard,fold6/test_horizon_60_r2,fold6/test_horizon_60_pearson,fold6/test_horizon_60_ega_zone_a_pct,fold6/test_horizon_60_ega_zone_a_count,fold6/test_horizon_60_ega_zone_b_pct,fold6/test_horizon_60_ega_zone_b_count,fold6/test_horizon_60_ega_zone_c_pct,fold6/test_horizon_60_ega_zone_c_count,fold6/test_horizon_60_ega_zone_d_pct,fold6/test_horizon_60_ega_zone_d_count,fold6/test_horizon_60_ega_zone_e_pct,fold6/test_horizon_60_ega_zone_e_count
0,0.33570681000896807,11.182031631469727,17.4023494720459,8.586370468139648,0.5403339862823486,0.7428906559944153,89.95049285888672,5451.0,10.049505233764648,609.0,0.0,0.0,0.0,0.0,0.0,0.0,5.028625011444092,7.051477432250977,3.999188184738159,0.9247046709060669,0.9627705812454224,99.53795623779297,1508.0,0.46204620599746704,7.0,0.0,0.0,0.0,0.0,0.0,0.0,10.175015449523926,14.915568351745605,7.866400718688965,0.6625187993049622,0.8195939064025879,92.21121978759766,1397.0,7.788778781890869,118.0,0.0,0.0,0.0,0.0,0.0,0.0,13.665340423583984,20.119667053222656,10.42595100402832,0.3850749731063843,0.6365951299667358,85.5445556640625,1296.0,14.455445289611816,219.0,0.0,0.0,0.0,0.0,0.0,0.0,15.85914134979248,23.116409301757812,12.053943634033203,0.18718475103378296,0.4844623804092407,82.50824737548828,1250.0,17.491748809814453,265.0,0.0,0.0,0.0,0.0,0.0,0.0
step,fold7/train_loss,fold7/val_mae,fold7/val_rmse,fold7/val_mard,fold7/val_r2,fold7/val_pearson,fold7/val_ega_zone_a_pct,fold7/val_ega_zone_a_count,fold7/val_ega_zone_b_pct,fold7/val_ega_zone_b_count,fold7/val_ega_zone_c_pct,fold7/val_ega_zone_c_count,fold7/val_ega_zone_d_pct,fold7/val_ega_zone_d_count,fold7/val_ega_zone_e_pct,fold7/val_ega_zone_e_count,fold7/val_horizon_15_mae,fold7/val_horizon_15_rmse,fold7/val_horizon_15_mard,fold7/val_horizon_15_r2,fold7/val_horizon_15_pearson,fold7/val_horizon_15_ega_zone_a_pct,fold7/val_horizon_15_ega_zone_a_count,fold7/val_horizon_15_ega_zone_b_pct,fold7/val_horizon_15_ega_zone_b_count,fold7/val_horizon_15_ega_zone_c_pct,fold7/val_horizon_15_ega_zone_c_count,fold7/val_horizon_15_ega_zone_d_pct,fold7/val_horizon_15_ega_zone_d_count,fold7/val_horizon_15_ega_zone_e_pct,fold7/val_horizon_15_ega_zone_e_count,fold7/val_horizon_30_mae,fold7/val_horizon_30_rmse,fold7/val_horizon_30_mard,fold7/val_horizon_30_r2,fold7/val_horizon_30_pearson,fold7/val_horizon_30_ega_zone_a_pct,fold7/val_horizon_30_ega_zone_a_count,fold7/val_horizon_30_ega_zone_b_pct,fold7/val_horizon_30_ega_zone_b_count,fold7/val_horizon_30_ega_zone_c_pct,fold7/val_horizon_30_ega_zone_c_count,fold7/val_horizon_30_ega_zone_d_pct,fold7/val_horizon_30_ega_zone_d_count,fold7/val_horizon_30_ega_zone_e_pct,fold7/val_horizon_30_ega_zone_e_count,fold7/val_horizon_45_mae,fold7/val_horizon_45_rmse,fold7/val_horizon_45_mard,fold7/val_horizon_45_r2,fold7/val_horizon_45_pearson,fold7/val_horizon_45_ega_zone_a_pct,fold7/val_horizon_45_ega_zone_a_count,fold7/val_horizon_45_ega_zone_b_pct,fold7/val_horizon_45_ega_zone_b_count,fold7/val_horizon_45_ega_zone_c_pct,fold7/val_horizon_45_ega_zone_c_count,fold7/val_horizon_45_ega_zone_d_pct,fold7/val_horizon_45_ega_zone_d_count,fold7/val_horizon_45_ega_zone_e_pct,fold7/val_horizon_45_ega_zone_e_count,fold7/val_horizon_60_mae,fold7/val_horizon_60_rmse,fold7/val_horizon_60_mard,fold7/val_horizon_60_r2,fold7/val_horizon_60_pearson,fold7/val_horizon_60_ega_zone_a_pct,fold7/val_horizon_60_ega_zone_a_count,fold7/val_horizon_60_ega_zone_b_pct,fold7/val_horizon_60_ega_zone_b_count,fold7/val_horizon_60_ega_zone_c_pct,fold7/val_horizon_60_ega_zone_c_count,fold7/val_horizon_60_ega_zone_d_pct,fold7/val_horizon_60_ega_zone_d_count,fold7/val_horizon_60_ega_zone_e_pct,fold7/val_horizon_60_ega_zone_e_count,fold7/diag_fusion_gate_cgm,fold7/diag_fusion_gate_cgm_guided,fold7/diag_fusion_gate_physio,fold7/diag_horizon_query_similarity,fold7/diag_horizon_progressive_gate,fold7/diag_horizon_attention_similarity,fold7/diag_horizon_attention_entropy,fold7/diag_horizon_curriculum_progress,fold7/diag_loss_horizon_weight_0,fold7/diag_loss_horizon_weight_1,fold7/diag_loss_horizon_weight_2,fold7/diag_loss_horizon_weight_3
1,0.2598738641318259,11.587138175964355,17.17813491821289,9.4717435836792,0.4147237539291382,0.68142169713974,87.3382797241211,18362.0,12.362062454223633,2599.0,0.0,0.0,0.29965752363204956,63.0,0.0,0.0,7.0521769523620605,10.283721923828125,5.854249954223633,0.7899258136749268,0.89043128490448,96.48021697998047,5071.0,3.367579698562622,177.0,0.0,0.0,0.15220700204372406,8.0,0.0,0.0,11.248607635498047,16.372873306274414,9.20860767364502,0.46834152936935425,0.7128468751907349,88.28005981445312,4640.0,11.434551239013672,601.0,0.0,0.0,0.28538814187049866,15.0,0.0,0.0,13.437811851501465,19.354663848876953,10.940921783447266,0.2576163411140442,0.5899149179458618,83.29528045654297,4378.0,16.324201583862305,858.0,0.0,0.0,0.38051748275756836,20.0,0.0,0.0,14.609954833984375,20.782793045043945,11.883197784423828,0.1438692808151245,0.5159065127372742,81.29756164550781,4273.0,18.321918487548828,963.0,0.0,0.0,0.38051748275756836,20.0,0.0,0.0,0.5550156235694885,0.3418802320957184,0.10310419648885727,-0.01847216486930847,0.11920291930437088,0.9999095797538757,0.9999624490737915,0.0,0.3333333432674408,0.28333333134651184,0.21666665375232697,0.1666666716337204
2,0.2569115285658902,11.587111473083496,16.973560333251953,9.452327728271484,0.4285808801651001,0.6827312111854553,88.042236328125,18510.0,11.662861824035645,2452.0,0.0,0.0,0.2949010729789734,62.0,0.0,0.0,7.0532708168029785,10.18282413482666,5.83324670791626,0.7940278053283691,0.8924639225006104,96.65144348144531,5080.0,3.2153730392456055,169.0,0.0,0.0,0.1331811249256134,7.0,0.0,0.0,11.248893737792969,16.149282455444336,9.201521873474121,0.4827631711959839,0.7148082852363586,88.8318099975586,4669.0,10.882801055908203,572.0,0.0,0.0,0.28538814187049866,15.0,0.0,0.0,13.474234580993652,19.093124389648438,10.966094970703125,0.27754437923431396,0.5888890624046326,84.32267761230469,4432.0,15.29680347442627,804.0,0.0,0.0,0.38051748275756836,20.0,0.0,0.0,14.572041511535645,20.57596778869629,11.808450698852539,0.1608244776725769,0.511681318283081,82.3630142211914,4329.0,17.256467819213867,907.0,0.0,0.0,0.38051748275756836,20.0,0.0,0.0,0.4841666519641876,0.4169493615627289,0.09888400882482529,0.004043573047965765,0.11920291930437088,0.9981812834739685,0.9986536502838135,0.07142857142857142,0.3245614171028137,0.2788847088813782,0.21998745203018188,0.17656642198562622
3,0.25682464534237504,11.546231269836426,16.838851928710938,9.442024230957031,0.43761491775512695,0.6846088767051697,88.21347045898438,18546.0,11.491628646850586,2416.0,0.0,0.0,0.2949010729789734,62.0,0.0,0.0,7.021989822387695,10.110530853271484,5.8158698081970215,0.7969421148300171,0.8937134742736816,96.8987808227539,5093.0,2.968036651611328,156.0,0.0,0.0,0.1331811249256134,7.0,0.0,0.0,11.204500198364258,16.032241821289062,9.175202369689941,0.49023330211639404,0.7168133854866028,89.00304412841797,4678.0,10.711567878723145,563.0,0.0,0.0,0.28538814187049866,15.0,0.0,0.0,13.416465759277344,18.91890525817871,10.950182914733887,0.29066866636276245,0.5902162790298462,84.45585632324219,4439.0,15.163622856140137,797.0,0.0,0.0,0.38051748275756836,20.0,0.0,0.0,14.541971206665039,20.42074966430664,11.826842308044434,0.17343753576278687,0.5107926726341248,82.4961929321289,4336.0,17.123287200927734,900.0,0.0,0.0,0.38051748275756836,20.0,0.0,0.0,0.8871889114379883,0.058610331267118454,0.05420078709721565,0.035607676953077316,0.11920291930437088,0.9922412037849426,0.9941876530647278,0.14285714285714285,0.31578949093818665,0.2744360864162445,0.223308265209198,0.18646617233753204
4,0.2583496205709064,11.57507610321045,16.777137756347656,9.48414134979248,0.44172972440719604,0.6846747994422913,88.27529907226562,18559.0,11.420281410217285,2401.0,0.0,0.0,0.3044140040874481,64.0,0.0,0.0,7.03191614151001,10.090940475463867,5.829809188842773,0.7977281808853149,0.8939635753631592,96.87975311279297,5092.0,2.968036651611328,156.0,0.0,0.0,0.15220700204372406,8.0,0.0,0.0,11.223041534423828,15.970297813415527,9.213653564453125,0.4941648840904236,0.7169289588928223,89.06011962890625,4681.0,10.63546371459961,559.0,0.0,0.0,0.3044140040874481,16.0,0.0,0.0,13.454732894897461,18.842451095581055,11.00206470489502,0.29638999700546265,0.5893980860710144,84.779296875,4456.0,14.840182304382324,780.0,0.0,0.0,0.38051748275756836,20.0,0.0,0.0,14.59061050415039,20.346345901489258,11.891033172607422,0.17944997549057007,0.5085720419883728,82.38204193115234,4330.0,17.237442016601562,906.0,0.0,0.0,0.38051748275756836,20.0,0.0,0.0,0.8995848298072815,0.05032223463058472,0.050092995166778564,0.0635356530547142,0.11920291930437088,0.9726591110229492,0.9889094829559326,0.21428571428571427,0.30701756477355957,0.26998746395111084,0.22662906348705292,0.19636592268943787
5,0.2590334065619891,11.464314460754395,16.737346649169922,9.394194602966309,0.44437462091445923,0.6862872838973999,88.1991958618164,18543.0,11.49638557434082,2417.0,0.0,0.0,0.3044140040874481,64.0,0.0,0.0,6.9671173095703125,10.045916557312012,5.781998634338379,0.7995291948318481,0.8948315978050232,96.80364990234375,5088.0,3.044139862060547,160.0,0.0,0.0,0.15220700204372406,8.0,0.0,0.0,11.105827331542969,15.91731071472168,9.124138832092285,0.4975159168243408,0.7189323306083679,89.11720275878906,4684.0,10.578386306762695,556.0,0.0,0.0,0.3044140040874481,16.0,0.0,0.0,13.317296981811523,18.792709350585938,10.893826484680176,0.30010002851486206,0.5914338827133179,84.57001495361328,4445.0,15.049468040466309,791.0,0.0,0.0,0.38051748275756836,20.0,0.0,0.0,14.467015266418457,20.32505989074707,11.776814460754395,0.1811659336090088,0.5096643567085266,82.30593872070312,4326.0,17.31354522705078,910.0,0.0,0.0,0.38051748275756836,20.0,0.0,0.0,0.8986429572105408,0.0511547215282917,0.05020235851407051,0.0800473615527153,0.11920291930437088,0.9773983359336853,0.9807704091072083,0.2857142857142857,0.2982456088066101,0.2655388414859772,0.22994986176490784,0.2062656730413437
6,0.25850841192691043,11.377193450927734,16.632619857788086,9.32200813293457,0.4513061046600342,0.6899147629737854,88.36567687988281,18578.0,11.334665298461914,2383.0,0.0,0.0,0.29965752363204956,63.0,0.0,0.0,6.928728103637695,9.99499225616455,5.746145725250244,0.8015564680099487,0.8959946036338806,96.8987808227539,5093.0,2.968036651611328,156.0,0.0,0.0,0.1331811249256134,7.0,0.0,0.0,11.051063537597656,15.83856201171875,9.076223373413086,0.5024755597114563,0.7214871048927307,89.0220718383789,4679.0,10.673516273498535,561.0,0.0,0.0,0.3044140040874481,16.0,0.0,0.0,13.188724517822266,18.690597534179688,10.784857749938965,0.3076854348182678,0.5959294438362122,84.93150329589844,4464.0,14.687975883483887,772.0,0.0,0.0,0.38051748275756836,20.0,0.0,0.0,14.340258598327637,20.16129493713379,11.680809020996094,0.19430792331695557,0.5153069496154785,82.6103515625,4342.0,17.009132385253906,894.0,0.0,0.0,0.38051748275756836,20.0,0.0,0.0,0.7580559849739075,0.19190244376659393,0.05004151165485382,0.09317788481712341,0.11920291930437088,0.9860591292381287,0.9795706272125244,0.35714285714285715,0.28947368264198303,0.2610902190208435,0.23327067494392395,0.2161654233932495
7,0.25767497978533416,11.289742469787598,16.4902400970459,9.236181259155273,0.46065980195999146,0.6940723657608032,88.5654525756836,18620.0,11.139650344848633,2342.0,0.0,0.0,0.2949010729789734,62.0,0.0,0.0,6.791521072387695,9.741145133972168,5.6484785079956055,0.8115084171295166,0.9012160897254944,97.24124908447266,5111.0,2.6065447330474854,137.0,0.0,0.0,0.15220700204372406,8.0,0.0,0.0,10.942788124084473,15.64941692352295,8.980698585510254,0.5142875909805298,0.7272554039955139,89.45966339111328,4702.0,10.2549467086792,539.0,0.0,0.0,0.28538814187049866,15.0,0.0,0.0,13.131819725036621,18.563257217407227,10.715946197509766,0.31708675622940063,0.598759651184082,84.85540008544922,4460.0,14.764079093933105,776.0,0.0,0.0,0.38051748275756836,20.0,0.0,0.0,14.292842864990234,20.082914352416992,11.599604606628418,0.20056015253067017,0.5156019926071167,82.70548248291016,4347.0,16.933029174804688,890.0,0.0,0.0,0.3614916205406189,19.0,0.0,0.0,0.8300226330757141,0.11994269490242004,0.050034623593091965,0.11621076613664627,0.11920291930437088,0.992194414138794,0.9802833199501038,0.42857142857142855,0.28070175647735596,0.25664159655570984,0.23659147322177887,0.22606515884399414
8,0.25461535917571154,11.11843204498291,16.25513458251953,9.11524772644043,0.4759292006492615,0.7028951048851013,88.8603515625,18682.0,10.844749450683594,2280.0,0.0,0.0,0.2949010729789734,62.0,0.0,0.0,6.410515308380127,9.12449836730957,5.344069957733154,0.8346173167228699,0.9139014482498169,97.67884826660156,5134.0,2.1879756450653076,115.0,0.0,0.0,0.1331811249256134,7.0,0.0,0.0,10.75589370727539,15.331963539123535,8.84896469116211,0.5337933301925659,0.7389298677444458,89.82115173339844,4721.0,9.893455505371094,520.0,0.0,0.0,0.28538814187049866,15.0,0.0,0.0,13.058979988098145,18.418060302734375,10.678133010864258,0.3277282118797302,0.6038916707038879,85.25495147705078,4481.0,14.36453628540039,755.0,0.0,0.0,0.38051748275756836,20.0,0.0,0.0,14.248339653015137,19.98417091369629,11.589821815490723,0.20840221643447876,0.517514169216156,82.68645477294922,4346.0,16.933029174804688,890.0,0.0,0.0,0.38051748275756836,20.0,0.0,0.0,0.8999600410461426,0.0500389002263546,0.050000980496406555,0.13345952332019806,0.11920291930437088,0.9939960837364197,0.9561449289321899,0.5,0.2719298303127289,0.25219297409057617,0.2399122714996338,0.23596492409706116
9,0.25006138401044675,10.963957786560059,16.07337188720703,8.994110107421875,0.48758381605148315,0.7096918821334839,89.17903137207031,18749.0,10.526065826416016,2213.0,0.0,0.0,0.2949010729789734,62.0,0.0,0.0,6.035815715789795,8.518009185791016,5.058692932128906,0.8558720350265503,0.9253044128417969,98.26864624023438,5165.0,1.617199420928955,85.0,0.0,0.0,0.11415524780750275,6.0,0.0,0.0,10.560277938842773,15.00169563293457,8.710396766662598,0.5536622405052185,0.7506906390190125,90.33485412597656,4748.0,9.36073112487793,492.0,0.0,0.0,0.3044140040874481,16.0,0.0,0.0,13.002429008483887,18.32888412475586,10.628582954406738,0.3342224359512329,0.6061269044876099,85.40715789794922,4489.0,14.21232795715332,747.0,0.0,0.0,0.38051748275756836,20.0,0.0,0.0,14.257311820983887,19.996450424194336,11.578765869140625,0.2074291706085205,0.5137832164764404,82.70548248291016,4347.0,16.914003372192383,889.0,0.0,0.0,0.38051748275756836,20.0,0.0,0.0,0.8999998569488525,0.05000000819563866,0.05000000819563866,0.14669157564640045,0.11920291930437088,0.9912236332893372,0.9519600868225098,0.5714285714285714,0.2631579041481018,0.2477443516254425,0.2432330846786499,0.24586467444896698
10,0.24916615970891515,10.841935157775879,15.976994514465332,8.905440330505371,0.49371039867401123,0.7138216495513916,89.20281219482422,18754.0,10.507040023803711,2209.0,0.0,0.0,0.2901446223258972,61.0,0.0,0.0,5.843151569366455,8.25775146484375,4.909253120422363,0.8645448088645935,0.9299671053886414,98.51598358154297,5178.0,1.3698630332946777,72.0,0.0,0.0,0.11415524780750275,6.0,0.0,0.0,10.433934211730957,14.865463256835938,8.620417594909668,0.5617319345474243,0.7561269402503967,90.39193725585938,4751.0,9.32267951965332,490.0,0.0,0.0,0.28538814187049866,15.0,0.0,0.0,12.904698371887207,18.268789291381836,10.560562133789062,0.3385809063911438,0.6084374189376831,85.31202697753906,4484.0,14.307458877563477,752.0,0.0,0.0,0.38051748275756836,20.0,0.0,0.0,14.185961723327637,19.953353881835938,11.53152847290039,0.21084177494049072,0.5142546892166138,82.59132385253906,4341.0,17.02815818786621,895.0,0.0,0.0,0.38051748275756836,20.0,0.0,0.0,0.8999998569488525,0.05000000819563866,0.05000000819563866,0.15871010720729828,0.11920291930437088,0.9881022572517395,0.9500477910041809,0.6428571428571429,0.25438597798347473,0.24329572916030884,0.24655388295650482,0.2557644248008728
11,0.2475782749760118,10.772613525390625,15.870611190795898,8.8474702835083,0.5004302263259888,0.7179679274559021,89.34075164794922,18783.0,10.369101524353027,2180.0,0.0,0.0,0.2901446223258972,61.0,0.0,0.0,5.707020282745361,8.042049407958984,4.807012557983398,0.8715288639068604,0.9338677525520325,98.70623779296875,5188.0,1.1986300945281982,63.0,0.0,0.0,0.09512937068939209,5.0,0.0,0.0,10.355319023132324,14.711268424987793,8.560997009277344,0.5707768201828003,0.7616914510726929,90.4680404663086,4755.0,9.22754955291748,485.0,0.0,0.0,0.3044140040874481,16.0,0.0,0.0,12.863936424255371,18.174470901489258,10.519664764404297,0.34539300203323364,0.6119130253791809,85.4642333984375,4492.0,14.155250549316406,744.0,0.0,0.0,0.38051748275756836,20.0,0.0,0.0,14.164175033569336,19.902206420898438,11.502202987670898,0.21488237380981445,0.5135762095451355,82.72450256347656,4348.0,16.894977569580078,888.0,0.0,0.0,0.38051748275756836,20.0,0.0,0.0,0.8999998569488525,0.050000011920928955,0.05000007525086403,0.16249744594097137,0.11920291930437088,0.989611804485321,0.9386629462242126,0.7142857142857143,0.24561403691768646,0.23884710669517517,0.24987469613552094,0.26566416025161743
12,0.24619140808652412,10.762666702270508,15.883024215698242,8.834019660949707,0.4996485114097595,0.7177923321723938,89.44063568115234,18804.0,10.269216537475586,2159.0,0.0,0.0,0.2901446223258972,61.0,0.0,0.0,5.71108341217041,8.037637710571289,4.808448791503906,0.8716697692871094,0.9341404438018799,98.6681900024414,5186.0,1.2176560163497925,64.0,0.0,0.0,0.11415524780750275,6.0,0.0,0.0,10.352679252624512,14.726788520812988,8.557013511657715,0.5698707103729248,0.7615765929222107,90.487060546875,4756.0,9.22754955291748,485.0,0.0,0.0,0.28538814187049866,15.0,0.0,0.0,12.842232704162598,18.191455841064453,10.49710750579834,0.3441687822341919,0.6108985543251038,85.7305908203125,4506.0,13.88888931274414,730.0,0.0,0.0,0.38051748275756836,20.0,0.0,0.0,14.144672393798828,19.916595458984375,11.473505020141602,0.21374666690826416,0.5111368298530579,82.876708984375,4356.0,16.74277114868164,880.0,0.0,0.0,0.38051748275756836,20.0,0.0,0.0,0.8999998569488525,0.05000000819563866,0.05000000819563866,0.1800529956817627,0.11920291930437088,0.9902248382568359,0.9322077035903931,0.7857142857142857,0.23684212565422058,0.2343984991312027,0.25319552421569824,0.27556392550468445
13,0.24666990455325208,10.76163101196289,15.907163619995117,8.817779541015625,0.49812644720077515,0.7162648439407349,89.36453247070312,18788.0,10.350075721740723,2176.0,0.0,0.0,0.28538814187049866,60.0,0.0,0.0,5.654799461364746,7.984389781951904,4.752715587615967,0.8733645081520081,0.9350574016571045,98.64916229248047,5185.0,1.2557077407836914,66.0,0.0,0.0,0.09512937068939209,5.0,0.0,0.0,10.329948425292969,14.708715438842773,8.518142700195312,0.570925772190094,0.7618820667266846,90.65829467773438,4765.0,9.056316375732422,476.0,0.0,0.0,0.28538814187049866,15.0,0.0,0.0,12.858297348022461,18.221149444580078,10.493048667907715,0.34202611446380615,0.6074763536453247,85.52130889892578,4495.0,14.098173141479492,741.0,0.0,0.0,0.38051748275756836,20.0,0.0,0.0,14.203476905822754,20.001108169555664,11.507214546203613,0.2070598602294922,0.5028511881828308,82.62937927246094,4343.0,16.9901065826416,893.0,0.0,0.0,0.38051748275756836,20.0,0.0,0.0,0.8999998569488525,0.05000000819563866,0.05000000819563866,0.18890410661697388,0.11920291930437088,0.9877225756645203,0.9357669949531555,0.8571428571428571,0.22807016968727112,0.22994986176490784,0.25651630759239197,0.2854636609554291
14,0.24575378490351169,10.782422065734863,15.967358589172363,8.816656112670898,0.49432092905044556,0.7140048742294312,89.35026550292969,18785.0,10.36434555053711,2179.0,0.0,0.0,0.28538814187049866,60.0,0.0,0.0,5.606608867645264,7.894108772277832,4.7129621505737305,0.8762120604515076,0.9364941716194153,98.8013687133789,5193.0,1.1035007238388062,58.0,0.0,0.0,0.09512937068939209,5.0,0.0,0.0,10.321873664855957,14.67927360534668,8.499204635620117,0.5726417899131775,0.7630148530006409,90.56316375732422,4760.0,9.151446342468262,481.0,0.0,0.0,0.28538814187049866,15.0,0.0,0.0,12.90104866027832,18.30291175842285,10.501141548156738,0.33610790967941284,0.6034496426582336,85.36910247802734,4487.0,14.25037956237793,749.0,0.0,0.0,0.38051748275756836,20.0,0.0,0.0,14.300150871276855,20.175025939941406,11.553316116333008,0.19321000576019287,0.4921282231807709,82.66742706298828,4345.0,16.952054977416992,891.0,0.0,0.0,0.38051748275756836,20.0,0.0,0.0,0.8999998569488525,0.05000000819563866,0.05000000819563866,0.18178610503673553,0.11920291930437088,0.9903774261474609,0.9384444952011108,0.9285714285714286,0.21929824352264404,0.22550123929977417,0.2598370909690857,0.2953633964061737
15,0.2461018627014673,10.827912330627441,15.98585033416748,8.854252815246582,0.4931489825248718,0.7137285470962524,89.22660064697266,18759.0,10.488014221191406,2205.0,0.0,0.0,0.28538814187049866,60.0,0.0,0.0,5.633323669433594,7.891528129577637,4.731873512268066,0.8762930035591125,0.9366987943649292,98.95357513427734,5201.0,0.9512937664985657,50.0,0.0,0.0,0.09512937068939209,5.0,0.0,0.0,10.359827995300293,14.698700904846191,8.530366897583008,0.571509838104248,0.7625548243522644,90.487060546875,4756.0,9.22754955291748,485.0,0.0,0.0,0.28538814187049866,15.0,0.0,0.0,12.954379081726074,18.309478759765625,10.551214218139648,0.3356313705444336,0.6032102704048157,85.25495147705078,4481.0,14.36453628540039,755.0,0.0,0.0,0.38051748275756836,20.0,0.0,0.0,14.364124298095703,20.214466094970703,11.603554725646973,0.19005262851715088,0.49128350615501404,82.21080780029297,4321.0,17.408676147460938,915.0,0.0,0.0,0.38051748275756836,20.0,0.0,0.0,0.8999998569488525,0.05000000819563866,0.05000000819563866,0.18856461346149445,0.11920291930437088,0.9907633662223816,0.9469707012176514,1.0,0.21052631735801697,0.2210526168346405,0.2631579041481018,0.3052631616592407
16,0.24222118486319094,10.865618705749512,16.076412200927734,8.869043350219727,0.4873899817466736,0.7103040814399719,89.16476440429688,18746.0,10.549847602844238,2218.0,0.0,0.0,0.28538814187049866,60.0,0.0,0.0,5.655572891235352,7.921603202819824,4.742859840393066,0.8753483295440674,0.9361531734466553,98.82039642333984,5194.0,1.084474802017212,57.0,0.0,0.0,0.09512937068939209,5.0,0.0,0.0,10.393778800964355,14.766016960144043,8.541423797607422,0.5675761699676514,0.7603673934936523,90.487060546875,4756.0,9.22754955291748,485.0,0.0,0.0,0.28538814187049866,15.0,0.0,0.0,13.006340980529785,18.430818557739258,10.569867134094238,0.32679641246795654,0.597700297832489,85.17884826660156,4477.0,14.44063949584961,759.0,0.0,0.0,0.38051748275756836,20.0,0.0,0.0,14.406779289245605,20.330324172973633,11.62202262878418,0.18074166774749756,0.48408442735671997,82.17276000976562,4319.0,17.446727752685547,917.0,0.0,0.0,0.38051748275756836,20.0,0.0,0.0,0.8999998569488525,0.05000000819563866,0.05000000819563866,0.18241532146930695,0.11920291930437088,0.9951052069664001,0.9369653463363647,1.0,0.21052631735801697,0.2210526168346405,0.2631579041481018,0.3052631616592407
17,0.2415045656475418,10.856589317321777,16.0694522857666,8.863693237304688,0.4878336787223816,0.710094153881073,89.00304412841797,18712.0,10.711567878723145,2252.0,0.0,0.0,0.28538814187049866,60.0,0.0,0.0,5.613865852355957,7.882025241851807,4.713118553161621,0.8765907287597656,0.9367094039916992,98.82039642333984,5194.0,1.084474802017212,57.0,0.0,0.0,0.09512937068939209,5.0,0.0,0.0,10.381601333618164,14.761369705200195,8.534836769104004,0.567848265171051,0.7600342631340027,90.16362762451172,4739.0,9.550989151000977,502.0,0.0,0.0,0.28538814187049866,15.0,0.0,0.0,13.025420188903809,18.456804275512695,10.584321975708008,0.32489681243896484,0.5957523584365845,84.96955871582031,4466.0,14.649924278259277,770.0,0.0,0.0,0.38051748275756836,20.0,0.0,0.0,14.405467987060547,20.303478240966797,11.622492790222168,0.18290388584136963,0.4842627942562103,82.05860137939453,4313.0,17.560882568359375,923.0,0.0,0.0,0.38051748275756836,20.0,0.0,0.0,0.8999998569488525,0.05000000819563866,0.05000000819563866,0.18219585716724396,0.11920291930437088,0.9936609864234924,0.9410498738288879,1.0,0.21052631735801697,0.2210526168346405,0.2631579041481018,0.3052631616592407
18,0.2360324037377635,10.890971183776855,16.10472297668457,8.893303871154785,0.4855828881263733,0.7085861563682556,89.0173110961914,18715.0,10.69254207611084,2248.0,0.0,0.0,0.2901446223258972,61.0,0.0,0.0,5.623857498168945,7.881428241729736,4.718293190002441,0.8766094446182251,0.9367997050285339,98.82039642333984,5194.0,1.084474802017212,57.0,0.0,0.0,0.09512937068939209,5.0,0.0,0.0,10.407147407531738,14.774375915527344,8.55377197265625,0.5670864582061768,0.75950026512146,90.44901275634766,4754.0,9.26560115814209,487.0,0.0,0.0,0.28538814187049866,15.0,0.0,0.0,13.074143409729004,18.4923095703125,10.629534721374512,0.3222969174385071,0.5934544801712036,84.83637237548828,4459.0,14.764079093933105,776.0,0.0,0.0,0.3995434045791626,21.0,0.0,0.0,14.458739280700684,20.373607635498047,11.671613693237305,0.1772494912147522,0.47878292202949524,81.96347045898438,4308.0,17.6560115814209,928.0,0.0,0.0,0.38051748275756836,20.0,0.0,0.0,0.8999998569488525,0.05000000819563866,0.05000000819563866,0.17521311342716217,0.11920291930437088,0.9928103089332581,0.9481009244918823,1.0,0.21052631735801697,0.2210526168346405,0.2631579041481018,0.3052631616592407
19,0.2345547709438962,10.912626266479492,16.128501892089844,8.916268348693848,0.48406273126602173,0.7080428004264832,88.91267395019531,18693.0,10.792427062988281,2269.0,0.0,0.0,0.2949010729789734,62.0,0.0,0.0,5.618391036987305,7.866622447967529,4.7175774574279785,0.8770725727081299,0.9370748996734619,98.8013687133789,5193.0,1.1035007238388062,58.0,0.0,0.0,0.09512937068939209,5.0,0.0,0.0,10.398372650146484,14.750327110290527,8.554762840270996,0.5684945583343506,0.7606229186058044,90.4680404663086,4755.0,9.22754955291748,485.0,0.0,0.0,0.3044140040874481,16.0,0.0,0.0,13.107158660888672,18.503253936767578,10.66328239440918,0.32149451971054077,0.5934048891067505,84.57001495361328,4445.0,15.030440330505371,790.0,0.0,0.0,0.3995434045791626,21.0,0.0,0.0,14.526580810546875,20.461868286132812,11.729450225830078,0.17010563611984253,0.4746045768260956,81.81126403808594,4300.0,17.80821990966797,936.0,0.0,0.0,0.38051748275756836,20.0,0.0,0.0,0.8999998569488525,0.05000000819563866,0.05000000819563866,0.16875916719436646,0.11920291930437088,0.9944742321968079,0.9535942077636719,1.0,0.21052631735801697,0.2210526168346405,0.2631579041481018,0.3052631616592407
20,0.23101623528684975,10.921549797058105,16.135459899902344,8.932183265686035,0.48361748456954956,0.7078171372413635,88.77473449707031,18664.0,10.944634437561035,2301.0,0.0,0.0,0.2806316614151001,59.0,0.0,0.0,5.609583377838135,7.884331226348877,4.714667797088623,0.8765185475349426,0.9368106126785278,98.72526550292969,5189.0,1.1796042919158936,62.0,0.0,0.0,0.09512937068939209,5.0,0.0,0.0,10.402423858642578,14.766019821166992,8.562508583068848,0.5675759315490723,0.7601514458656311,90.27777862548828,4745.0,9.436834335327148,496.0,0.0,0.0,0.28538814187049866,15.0,0.0,0.0,13.12501049041748,18.53213882446289,10.683029174804688,0.3193745017051697,0.592113733291626,84.70319366455078,4452.0,14.916285514831543,784.0,0.0,0.0,0.38051748275756836,20.0,0.0,0.0,14.549181938171387,20.439525604248047,11.768528938293457,0.17191702127456665,0.4765057861804962,81.39269256591797,4278.0,18.24581527709961,959.0,0.0,0.0,0.3614916205406189,19.0,0.0,0.0,0.8999998569488525,0.05000000819563866,0.05000000819563866,0.16555945575237274,0.11920291930437088,0.9962466359138489,0.9548872113227844,1.0,0.21052631735801697,0.2210526168346405,0.2631579041481018,0.3052631616592407
step,fold7/test_loss,fold7/test_mae,fold7/test_rmse,fold7/test_mard,fold7/test_r2,fold7/test_pearson,fold7/test_ega_zone_a_pct,fold7/test_ega_zone_a_count,fold7/test_ega_zone_b_pct,fold7/test_ega_zone_b_count,fold7/test_ega_zone_c_pct,fold7/test_ega_zone_c_count,fold7/test_ega_zone_d_pct,fold7/test_ega_zone_d_count,fold7/test_ega_zone_e_pct,fold7/test_ega_zone_e_count,fold7/test_horizon_15_mae,fold7/test_horizon_15_rmse,fold7/test_horizon_15_mard,fold7/test_horizon_15_r2,fold7/test_horizon_15_pearson,fold7/test_horizon_15_ega_zone_a_pct,fold7/test_horizon_15_ega_zone_a_count,fold7/test_horizon_15_ega_zone_b_pct,fold7/test_horizon_15_ega_zone_b_count,fold7/test_horizon_15_ega_zone_c_pct,fold7/test_horizon_15_ega_zone_c_count,fold7/test_horizon_15_ega_zone_d_pct,fold7/test_horizon_15_ega_zone_d_count,fold7/test_horizon_15_ega_zone_e_pct,fold7/test_horizon_15_ega_zone_e_count,fold7/test_horizon_30_mae,fold7/test_horizon_30_rmse,fold7/test_horizon_30_mard,fold7/test_horizon_30_r2,fold7/test_horizon_30_pearson,fold7/test_horizon_30_ega_zone_a_pct,fold7/test_horizon_30_ega_zone_a_count,fold7/test_horizon_30_ega_zone_b_pct,fold7/test_horizon_30_ega_zone_b_count,fold7/test_horizon_30_ega_zone_c_pct,fold7/test_horizon_30_ega_zone_c_count,fold7/test_horizon_30_ega_zone_d_pct,fold7/test_horizon_30_ega_zone_d_count,fold7/test_horizon_30_ega_zone_e_pct,fold7/test_horizon_30_ega_zone_e_count,fold7/test_horizon_45_mae,fold7/test_horizon_45_rmse,fold7/test_horizon_45_mard,fold7/test_horizon_45_r2,fold7/test_horizon_45_pearson,fold7/test_horizon_45_ega_zone_a_pct,fold7/test_horizon_45_ega_zone_a_count,fold7/test_horizon_45_ega_zone_b_pct,fold7/test_horizon_45_ega_zone_b_count,fold7/test_horizon_45_ega_zone_c_pct,fold7/test_horizon_45_ega_zone_c_count,fold7/test_horizon_45_ega_zone_d_pct,fold7/test_horizon_45_ega_zone_d_count,fold7/test_horizon_45_ega_zone_e_pct,fold7/test_horizon_45_ega_zone_e_count,fold7/test_horizon_60_mae,fold7/test_horizon_60_rmse,fold7/test_horizon_60_mard,fold7/test_horizon_60_r2,fold7/test_horizon_60_pearson,fold7/test_horizon_60_ega_zone_a_pct,fold7/test_horizon_60_ega_zone_a_count,fold7/test_horizon_60_ega_zone_b_pct,fold7/test_horizon_60_ega_zone_b_count,fold7/test_horizon_60_ega_zone_c_pct,fold7/test_horizon_60_ega_zone_c_count,fold7/test_horizon_60_ega_zone_d_pct,fold7/test_horizon_60_ega_zone_d_count,fold7/test_horizon_60_ega_zone_e_pct,fold7/test_horizon_60_ega_zone_e_count
0,0.2532093464156813,9.45787525177002,14.150967597961426,10.289066314697266,0.4141078591346741,0.6885418891906738,85.80908966064453,6724.0,12.366003036499023,969.0,0.0,0.0,1.8249107599258423,143.0,0.0,0.0,4.487751483917236,6.6035590171813965,4.779839992523193,0.873506486415863,0.9366336464881897,98.5196533203125,1930.0,1.2251149415969849,24.0,0.0,0.0,0.2552322447299957,5.0,0.0,0.0,8.548463821411133,12.460671424865723,9.22723388671875,0.5445842742919922,0.7614990472793579,88.25931549072266,1729.0,10.260336875915527,201.0,0.0,0.0,1.4803471565246582,29.0,0.0,0.0,11.27811336517334,16.121984481811523,12.290620803833008,0.2370661497116089,0.5808178186416626,81.36804962158203,1594.0,16.232772827148438,318.0,0.0,0.0,2.3991832733154297,47.0,0.0,0.0,13.517175674438477,18.498804092407227,14.858569145202637,-0.004254579544067383,0.43074074387550354,75.0893325805664,1471.0,21.74578857421875,426.0,0.0,0.0,3.1648800373077393,62.0,0.0,0.0
step,fold8/train_loss,fold8/val_mae,fold8/val_rmse,fold8/val_mard,fold8/val_r2,fold8/val_pearson,fold8/val_ega_zone_a_pct,fold8/val_ega_zone_a_count,fold8/val_ega_zone_b_pct,fold8/val_ega_zone_b_count,fold8/val_ega_zone_c_pct,fold8/val_ega_zone_c_count,fold8/val_ega_zone_d_pct,fold8/val_ega_zone_d_count,fold8/val_ega_zone_e_pct,fold8/val_ega_zone_e_count,fold8/val_horizon_15_mae,fold8/val_horizon_15_rmse,fold8/val_horizon_15_mard,fold8/val_horizon_15_r2,fold8/val_horizon_15_pearson,fold8/val_horizon_15_ega_zone_a_pct,fold8/val_horizon_15_ega_zone_a_count,fold8/val_horizon_15_ega_zone_b_pct,fold8/val_horizon_15_ega_zone_b_count,fold8/val_horizon_15_ega_zone_c_pct,fold8/val_horizon_15_ega_zone_c_count,fold8/val_horizon_15_ega_zone_d_pct,fold8/val_horizon_15_ega_zone_d_count,fold8/val_horizon_15_ega_zone_e_pct,fold8/val_horizon_15_ega_zone_e_count,fold8/val_horizon_30_mae,fold8/val_horizon_30_rmse,fold8/val_horizon_30_mard,fold8/val_horizon_30_r2,fold8/val_horizon_30_pearson,fold8/val_horizon_30_ega_zone_a_pct,fold8/val_horizon_30_ega_zone_a_count,fold8/val_horizon_30_ega_zone_b_pct,fold8/val_horizon_30_ega_zone_b_count,fold8/val_horizon_30_ega_zone_c_pct,fold8/val_horizon_30_ega_zone_c_count,fold8/val_horizon_30_ega_zone_d_pct,fold8/val_horizon_30_ega_zone_d_count,fold8/val_horizon_30_ega_zone_e_pct,fold8/val_horizon_30_ega_zone_e_count,fold8/val_horizon_45_mae,fold8/val_horizon_45_rmse,fold8/val_horizon_45_mard,fold8/val_horizon_45_r2,fold8/val_horizon_45_pearson,fold8/val_horizon_45_ega_zone_a_pct,fold8/val_horizon_45_ega_zone_a_count,fold8/val_horizon_45_ega_zone_b_pct,fold8/val_horizon_45_ega_zone_b_count,fold8/val_horizon_45_ega_zone_c_pct,fold8/val_horizon_45_ega_zone_c_count,fold8/val_horizon_45_ega_zone_d_pct,fold8/val_horizon_45_ega_zone_d_count,fold8/val_horizon_45_ega_zone_e_pct,fold8/val_horizon_45_ega_zone_e_count,fold8/val_horizon_60_mae,fold8/val_horizon_60_rmse,fold8/val_horizon_60_mard,fold8/val_horizon_60_r2,fold8/val_horizon_60_pearson,fold8/val_horizon_60_ega_zone_a_pct,fold8/val_horizon_60_ega_zone_a_count,fold8/val_horizon_60_ega_zone_b_pct,fold8/val_horizon_60_ega_zone_b_count,fold8/val_horizon_60_ega_zone_c_pct,fold8/val_horizon_60_ega_zone_c_count,fold8/val_horizon_60_ega_zone_d_pct,fold8/val_horizon_60_ega_zone_d_count,fold8/val_horizon_60_ega_zone_e_pct,fold8/val_horizon_60_ega_zone_e_count,fold8/diag_fusion_gate_cgm,fold8/diag_fusion_gate_cgm_guided,fold8/diag_fusion_gate_physio,fold8/diag_horizon_query_similarity,fold8/diag_horizon_progressive_gate,fold8/diag_horizon_attention_similarity,fold8/diag_horizon_attention_entropy,fold8/diag_horizon_curriculum_progress,fold8/diag_loss_horizon_weight_0,fold8/diag_loss_horizon_weight_1,fold8/diag_loss_horizon_weight_2,fold8/diag_loss_horizon_weight_3
1,0.25040500711734665,9.281194686889648,14.686223983764648,7.79339075088501,0.5501825213432312,0.7510952949523926,92.08628845214844,17117.0,7.897568702697754,1468.0,0.0,0.0,0.016139443963766098,3.0,0.0,0.0,5.38170051574707,8.047072410583496,4.568523406982422,0.8646611571311951,0.9299993515014648,98.42909240722656,4574.0,1.5278674364089966,71.0,0.0,0.0,0.04303852096199989,2.0,0.0,0.0,8.675780296325684,13.226691246032715,7.237883567810059,0.6350712776184082,0.8022772073745728,93.56574249267578,4348.0,6.434258937835693,299.0,0.0,0.0,0.0,0.0,0.0,0.0,10.823576927185059,16.53412628173828,9.06618595123291,0.43003106117248535,0.6757007241249084,89.45556640625,4157.0,10.544437408447266,490.0,0.0,0.0,0.0,0.0,0.0,0.0,12.243719100952148,18.699270248413086,10.300971984863281,0.2722610831260681,0.5747824907302856,86.89476776123047,4038.0,13.083709716796875,608.0,0.0,0.0,0.021519260480999947,1.0,0.0,0.0,0.427409827709198,0.1859309822320938,0.3866592049598694,0.00760328583419323,0.11920291930437088,0.9998683929443359,0.9999579191207886,0.0,0.3333333432674408,0.28333333134651184,0.21666665375232697,0.1666666716337204
2,0.2466622943185759,9.417855262756348,14.658822059631348,7.962895393371582,0.5518594980239868,0.7475895285606384,92.08628845214844,17117.0,7.897568702697754,1468.0,0.0,0.0,0.016139443963766098,3.0,0.0,0.0,5.434396743774414,8.06000804901123,4.6306257247924805,0.8642257452011108,0.929932177066803,98.47212982177734,4576.0,1.4848289489746094,69.0,0.0,0.0,0.04303852096199989,2.0,0.0,0.0,8.797728538513184,13.200126647949219,7.4068756103515625,0.63653564453125,0.799358606338501,93.58726501464844,4349.0,6.412739276885986,298.0,0.0,0.0,0.0,0.0,0.0,0.0,10.995676040649414,16.506824493408203,9.280454635620117,0.43191176652908325,0.6693894267082214,89.47708129882812,4158.0,10.522917747497559,489.0,0.0,0.0,0.0,0.0,0.0,0.0,12.443621635437012,18.65052604675293,10.533623695373535,0.2760502099990845,0.5635724663734436,86.8086929321289,4034.0,13.16978645324707,612.0,0.0,0.0,0.021519260480999947,1.0,0.0,0.0,0.2437574863433838,0.11687791347503662,0.6393646597862244,0.008565127849578857,0.11920291930437088,0.9966281056404114,0.9992160797119141,0.07142857142857142,0.3245614171028137,0.2788847088813782,0.21998745203018188,0.17656642198562622
3,0.2461012102123746,9.493978500366211,14.703436851501465,8.034257888793945,0.5491275191307068,0.7450029850006104,92.03787231445312,17108.0,7.945986747741699,1477.0,0.0,0.0,0.016139443963766098,3.0,0.0,0.0,5.457616806030273,8.065935134887695,4.659376621246338,0.8640259504318237,0.9299602508544922,98.42909240722656,4574.0,1.5278674364089966,71.0,0.0,0.0,0.04303852096199989,2.0,0.0,0.0,8.865311622619629,13.234228134155273,7.477313041687012,0.634655237197876,0.7975641489028931,93.58726501464844,4349.0,6.412739276885986,298.0,0.0,0.0,0.0,0.0,0.0,0.0,11.102169036865234,16.55723762512207,9.373348236083984,0.4284365177154541,0.6654990911483765,89.43404388427734,4156.0,10.565957069396973,491.0,0.0,0.0,0.0,0.0,0.0,0.0,12.550820350646973,18.719453811645508,10.626992225646973,0.2706891894340515,0.5578003525733948,86.70109558105469,4029.0,13.277382850646973,617.0,0.0,0.0,0.021519260480999947,1.0,0.0,0.0,0.14303696155548096,0.08572229743003845,0.771240770816803,0.014790634624660015,0.11920291930437088,0.9840884804725647,0.9967175722122192,0.14285714285714285,0.31578949093818665,0.2744360864162445,0.223308265209198,0.18646617233753204
4,0.24502250489391433,9.457483291625977,14.678598403930664,8.010152816772461,0.5506495237350464,0.7453018426895142,91.92489624023438,17087.0,8.05896282196045,1498.0,0.0,0.0,0.016139443963766098,3.0,0.0,0.0,5.4070234298706055,8.004135131835938,4.606010913848877,0.8661015629768372,0.9314522743225098,98.49365234375,4577.0,1.463309645652771,68.0,0.0,0.0,0.04303852096199989,2.0,0.0,0.0,8.818014144897461,13.210151672363281,7.441139221191406,0.635983407497406,0.7981274127960205,93.65181732177734,4352.0,6.34818172454834,295.0,0.0,0.0,0.0,0.0,0.0,0.0,11.061566352844238,16.548229217529297,9.35008430480957,0.4290582537651062,0.6645447015762329,89.26188659667969,4148.0,10.738110542297363,499.0,0.0,0.0,0.0,0.0,0.0,0.0,12.543333053588867,18.692964553833008,10.643375396728516,0.27275174856185913,0.5569042563438416,86.29222869873047,4010.0,13.686248779296875,636.0,0.0,0.0,0.021519260480999947,1.0,0.0,0.0,0.15967752039432526,0.05899343267083168,0.7813291549682617,0.03966960683465004,0.11920291930437088,0.9809157252311707,0.988593339920044,0.21428571428571427,0.30701756477355957,0.26998746395111084,0.22662906348705292,0.19636592268943787
5,0.24238872955542948,9.306943893432617,14.439149856567383,7.914956569671631,0.565190315246582,0.7533397674560547,92.016357421875,17104.0,7.96750545501709,1481.0,0.0,0.0,0.016139443963766098,3.0,0.0,0.0,5.190554618835449,7.605156898498535,4.457317352294922,0.8791176676750183,0.9383172988891602,98.73036193847656,4588.0,1.226597785949707,57.0,0.0,0.0,0.04303852096199989,2.0,0.0,0.0,8.735701560974121,13.007865905761719,7.418827533721924,0.6470463275909424,0.8043971657752991,93.54421997070312,4347.0,6.455777645111084,300.0,0.0,0.0,0.0,0.0,0.0,0.0,10.904823303222656,16.32221221923828,9.245190620422363,0.44454771280288696,0.6724085211753845,89.47708129882812,4158.0,10.522917747497559,489.0,0.0,0.0,0.0,0.0,0.0,0.0,12.396697044372559,18.452604293823242,10.538490295410156,0.2913339138031006,0.5644148588180542,86.31375122070312,4011.0,13.664730072021484,635.0,0.0,0.0,0.021519260480999947,1.0,0.0,0.0,0.15066774189472198,0.05665583908557892,0.7926765084266663,0.05964771285653114,0.11920291930437088,0.9951393604278564,0.985030472278595,0.2857142857142857,0.2982456088066101,0.2655388414859772,0.22994986176490784,0.2062656730413437
6,0.2369422504343685,9.180339813232422,14.247177124023438,7.791721820831299,0.5766752362251282,0.7600499987602234,92.2584457397461,17149.0,7.720034599304199,1435.0,0.0,0.0,0.021519260480999947,4.0,0.0,0.0,4.894166469573975,7.040195465087891,4.220264911651611,0.8964104652404785,0.94736248254776,99.07467651367188,4604.0,0.8822896480560303,41.0,0.0,0.0,0.04303852096199989,2.0,0.0,0.0,8.551799774169922,12.686363220214844,7.251834869384766,0.6642779111862183,0.8154506087303162,93.93156433105469,4365.0,6.04691219329834,281.0,0.0,0.0,0.021519260480999947,1.0,0.0,0.0,10.883193969726562,16.23619270324707,9.203112602233887,0.45038676261901855,0.6734278798103333,89.54164123535156,4161.0,10.458359718322754,486.0,0.0,0.0,0.0,0.0,0.0,0.0,12.392197608947754,18.37950325012207,10.491673469543457,0.2969377040863037,0.5596990585327148,86.48590087890625,4019.0,13.492575645446777,627.0,0.0,0.0,0.021519260480999947,1.0,0.0,0.0,0.16414906084537506,0.05466517060995102,0.7811857461929321,0.08416492491960526,0.11920291930437088,0.9970892071723938,0.9766466021537781,0.35714285714285715,0.28947368264198303,0.2610902190208435,0.23327067494392395,0.2161654233932495
7,0.2308046325235734,9.16919994354248,14.216567993164062,7.774970054626465,0.578492283821106,0.7610041499137878,92.22616577148438,17143.0,7.752313613891602,1441.0,0.0,0.0,0.021519260480999947,4.0,0.0,0.0,4.758140563964844,6.726231098175049,4.115606784820557,0.9054437875747681,0.9519785046577454,99.3974609375,4619.0,0.5595007538795471,26.0,0.0,0.0,0.04303852096199989,2.0,0.0,0.0,8.510310173034668,12.502338409423828,7.232738494873047,0.6739470958709717,0.8214524984359741,94.125244140625,4374.0,5.853238582611084,272.0,0.0,0.0,0.021519260480999947,1.0,0.0,0.0,10.924788475036621,16.266101837158203,9.21909236907959,0.4483600854873657,0.6711269617080688,89.49860382080078,4159.0,10.501399040222168,488.0,0.0,0.0,0.0,0.0,0.0,0.0,12.483562469482422,18.501523971557617,10.532439231872559,0.2875714898109436,0.5480144619941711,85.88336944580078,3991.0,14.095115661621094,655.0,0.0,0.0,0.021519260480999947,1.0,0.0,0.0,0.18306586146354675,0.062462445348501205,0.7544716596603394,0.10924264043569565,0.11920291930437088,0.9946328997612,0.97108393907547,0.42857142857142855,0.28070175647735596,0.25664159655570984,0.23659147322177887,0.22606515884399414
8,0.2311421538732733,9.121142387390137,14.149959564208984,7.751649856567383,0.582432746887207,0.7638043165206909,92.26382446289062,17150.0,7.720034599304199,1435.0,0.0,0.0,0.016139443963766098,3.0,0.0,0.0,4.631726264953613,6.528341293334961,4.02338171005249,0.9109257459640503,0.9546313881874084,99.3974609375,4619.0,0.5810199975967407,27.0,0.0,0.0,0.021519260480999947,1.0,0.0,0.0,8.391225814819336,12.258639335632324,7.155930995941162,0.6865342259407043,0.8286298513412476,94.36195373535156,4385.0,5.6165266036987305,261.0,0.0,0.0,0.021519260480999947,1.0,0.0,0.0,10.908756256103516,16.20003318786621,9.222931861877441,0.4528321623802185,0.6745405197143555,89.58467864990234,4163.0,10.415321350097656,484.0,0.0,0.0,0.0,0.0,0.0,0.0,12.552858352661133,18.58899688720703,10.604353904724121,0.2808190584182739,0.5432551503181458,85.71121215820312,3983.0,14.267269134521484,663.0,0.0,0.0,0.021519260480999947,1.0,0.0,0.0,0.19056253135204315,0.058039236813783646,0.7513982653617859,0.1201033890247345,0.11920291930437088,0.989236056804657,0.966285228729248,0.5,0.2719298303127289,0.25219297409057617,0.2399122714996338,0.23596492409706116
9,0.22694623649529239,9.123556137084961,14.188446998596191,7.748068809509277,0.5801581144332886,0.762324333190918,92.22616577148438,17143.0,7.752313613891602,1441.0,0.0,0.0,0.021519260480999947,4.0,0.0,0.0,4.60408353805542,6.474961757659912,4.000083923339844,0.9123764038085938,0.9553482532501221,99.35442352294922,4617.0,0.6025392413139343,28.0,0.0,0.0,0.04303852096199989,2.0,0.0,0.0,8.383742332458496,12.22623062133789,7.15185546875,0.6881895065307617,0.8296094536781311,94.55562591552734,4394.0,5.422853469848633,252.0,0.0,0.0,0.021519260480999947,1.0,0.0,0.0,10.917037010192871,16.228574752807617,9.225455284118652,0.4509025812149048,0.6729084253311157,89.54164123535156,4161.0,10.458359718322754,486.0,0.0,0.0,0.0,0.0,0.0,0.0,12.58935832977295,18.72099494934082,10.614880561828613,0.2705690860748291,0.5340589284896851,85.4529800415039,3971.0,14.525500297546387,675.0,0.0,0.0,0.021519260480999947,1.0,0.0,0.0,0.20816753804683685,0.06099957600235939,0.7308328747749329,0.12086519598960876,0.11920291930437088,0.9864683151245117,0.9647453427314758,0.5714285714285714,0.2631579041481018,0.2477443516254425,0.2432330846786499,0.24586467444896698
10,0.22547902250999124,9.127907752990723,14.12291431427002,7.744041919708252,0.5840274691581726,0.7646838426589966,92.31761932373047,17160.0,7.660856246948242,1424.0,0.0,0.0,0.021519260480999947,4.0,0.0,0.0,4.610317707061768,6.4531731605529785,4.004854679107666,0.9129651784896851,0.9556387662887573,99.3113784790039,4615.0,0.6455777883529663,30.0,0.0,0.0,0.04303852096199989,2.0,0.0,0.0,8.387447357177734,12.161312103271484,7.145727634429932,0.691491961479187,0.8317097425460815,94.7923355102539,4405.0,5.186141490936279,241.0,0.0,0.0,0.021519260480999947,1.0,0.0,0.0,10.921098709106445,16.170984268188477,9.211858749389648,0.4547927975654602,0.6755303740501404,89.58467864990234,4163.0,10.415321350097656,484.0,0.0,0.0,0.0,0.0,0.0,0.0,12.592765808105469,18.622169494628906,10.613727569580078,0.27824991941452026,0.5391665101051331,85.58209228515625,3977.0,14.396384239196777,669.0,0.0,0.0,0.021519260480999947,1.0,0.0,0.0,0.23902903497219086,0.07247093319892883,0.6885000467300415,0.13550548255443573,0.11920291930437088,0.9855716824531555,0.9646846652030945,0.6428571428571429,0.25438597798347473,0.24329572916030884,0.24655388295650482,0.2557644248008728
11,0.22540338677524308,9.107466697692871,14.077996253967285,7.7567667961120605,0.5866692662239075,0.7663130760192871,92.31761932373047,17160.0,7.660856246948242,1424.0,0.0,0.0,0.021519260480999947,4.0,0.0,0.0,4.574560642242432,6.4210286140441895,3.977489471435547,0.913830041885376,0.9560820460319519,99.37593841552734,4618.0,0.5810199975967407,27.0,0.0,0.0,0.04303852096199989,2.0,0.0,0.0,8.302318572998047,12.069620132446289,7.100529193878174,0.6961265206336975,0.8344606161117554,94.85689544677734,4408.0,5.121583938598633,238.0,0.0,0.0,0.021519260480999947,1.0,0.0,0.0,10.928031921386719,16.124929428100586,9.257299423217773,0.45789384841918945,0.6774856448173523,89.54164123535156,4161.0,10.458359718322754,486.0,0.0,0.0,0.0,0.0,0.0,0.0,12.624953269958496,18.596805572509766,10.691749572753906,0.2802146077156067,0.5401861667633057,85.49601745605469,3973.0,14.482461929321289,673.0,0.0,0.0,0.021519260480999947,1.0,0.0,0.0,0.2687736451625824,0.07131722569465637,0.659909188747406,0.14268140494823456,0.11920291930437088,0.982245147228241,0.9625698924064636,0.7142857142857143,0.24561403691768646,0.23884710669517517,0.24987469613552094,0.26566416025161743
12,0.22342236459745327,9.052312850952148,13.981124877929688,7.718822479248047,0.592337965965271,0.769881546497345,92.27458953857422,17152.0,7.703895092010498,1432.0,0.0,0.0,0.021519260480999947,4.0,0.0,0.0,4.543269634246826,6.378774166107178,3.9504833221435547,0.9149604439735413,0.9566176533699036,99.44049835205078,4621.0,0.5164622068405151,24.0,0.0,0.0,0.04303852096199989,2.0,0.0,0.0,8.288484573364258,12.01846694946289,7.098145961761475,0.6986967921257019,0.8360651731491089,94.74929809570312,4403.0,5.229179859161377,243.0,0.0,0.0,0.021519260480999947,1.0,0.0,0.0,10.8544340133667,16.00788116455078,9.214366912841797,0.4657353162765503,0.6828920841217041,89.62771606445312,4165.0,10.372282981872559,482.0,0.0,0.0,0.0,0.0,0.0,0.0,12.52306079864502,18.45271873474121,10.612290382385254,0.29132509231567383,0.5486394166946411,85.28082275390625,3963.0,14.697654724121094,683.0,0.0,0.0,0.021519260480999947,1.0,0.0,0.0,0.24576976895332336,0.0815868154168129,0.6726434230804443,0.1576409637928009,0.11920291930437088,0.982750654220581,0.9634661078453064,0.7857142857142857,0.23684212565422058,0.2343984991312027,0.25319552421569824,0.27556392550468445
13,0.22075865865594738,9.14705753326416,14.083887100219727,7.787795543670654,0.5863232612609863,0.7660598754882812,91.92489624023438,17087.0,8.053583145141602,1497.0,0.0,0.0,0.021519260480999947,4.0,0.0,0.0,4.542198657989502,6.357875823974609,3.950260639190674,0.91551673412323,0.9568793177604675,99.44049835205078,4621.0,0.5164622068405151,24.0,0.0,0.0,0.04303852096199989,2.0,0.0,0.0,8.314105987548828,12.03122615814209,7.1113996505737305,0.6980567574501038,0.8357206583023071,94.68474578857422,4400.0,5.293737888336182,246.0,0.0,0.0,0.021519260480999947,1.0,0.0,0.0,10.994146347045898,16.106922149658203,9.3124361038208,0.45910388231277466,0.6782308220863342,89.32644653320312,4151.0,10.673552513122559,496.0,0.0,0.0,0.0,0.0,0.0,0.0,12.737775802612305,18.676658630371094,10.777082443237305,0.2740200161933899,0.5349768400192261,84.2479019165039,3915.0,15.730579376220703,731.0,0.0,0.0,0.021519260480999947,1.0,0.0,0.0,0.293033629655838,0.11068606376647949,0.5962803363800049,0.15575237572193146,0.11920291930437088,0.9833600521087646,0.9655543565750122,0.8571428571428571,0.22807016968727112,0.22994986176490784,0.25651630759239197,0.2854636609554291
14,0.21668379814330258,9.367629051208496,14.36349868774414,7.974027156829834,0.5697345733642578,0.7555297017097473,91.46761322021484,17002.0,8.505487442016602,1581.0,0.0,0.0,0.026899075135588646,5.0,0.0,0.0,4.554480075836182,6.399071216583252,3.9588804244995117,0.9144183993339539,0.9563207030296326,99.35442352294922,4617.0,0.6025392413139343,28.0,0.0,0.0,0.04303852096199989,2.0,0.0,0.0,8.477370262145996,12.258634567260742,7.243125915527344,0.6865344643592834,0.828740656375885,94.46954345703125,4390.0,5.487411022186279,255.0,0.0,0.0,0.04303852096199989,2.0,0.0,0.0,11.354205131530762,16.497900009155273,9.616823196411133,0.4325259327888489,0.6594383716583252,88.37960052490234,4107.0,11.620400428771973,540.0,0.0,0.0,0.0,0.0,0.0,0.0,13.084463119506836,19.02202606201172,11.077278137207031,0.24692219495773315,0.5151809453964233,83.66687774658203,3888.0,16.311599731445312,758.0,0.0,0.0,0.021519260480999947,1.0,0.0,0.0,0.26748591661453247,0.09363798797130585,0.6388760209083557,0.15738768875598907,0.11920291930437088,0.9816858172416687,0.967673659324646,0.9285714285714286,0.21929824352264404,0.22550123929977417,0.2598370909690857,0.2953633964061737
15,0.21204669446960966,9.566452980041504,14.679747581481934,8.158191680908203,0.5505791902542114,0.7430821061134338,90.92963409423828,16902.0,9.043468475341797,1681.0,0.0,0.0,0.026899075135588646,5.0,0.0,0.0,4.604168891906738,6.477435111999512,4.003476142883301,0.912309467792511,0.9553151726722717,99.33290100097656,4616.0,0.6240585446357727,29.0,0.0,0.0,0.04303852096199989,2.0,0.0,0.0,8.681087493896484,12.538871765136719,7.434614658355713,0.6720387935638428,0.8200227618217468,94.125244140625,4374.0,5.831719398498535,271.0,0.0,0.0,0.04303852096199989,2.0,0.0,0.0,11.603682518005371,16.894638061523438,9.848257064819336,0.4049047827720642,0.6392606496810913,87.84162139892578,4082.0,12.158382415771484,565.0,0.0,0.0,0.0,0.0,0.0,0.0,13.376874923706055,19.426029205322266,11.346420288085938,0.21459370851516724,0.48963385820388794,82.41876220703125,3830.0,17.559715270996094,816.0,0.0,0.0,0.021519260480999947,1.0,0.0,0.0,0.25985467433929443,0.08902272582054138,0.6511226296424866,0.16618892550468445,0.11920291930437088,0.9782941341400146,0.9695008993148804,1.0,0.21052631735801697,0.2210526168346405,0.2631579041481018,0.3052631616592407
16,0.20464753945981742,9.770763397216797,14.891016006469727,8.356660842895508,0.5375500917434692,0.7353028655052185,90.27330017089844,16780.0,9.705185890197754,1804.0,0.0,0.0,0.021519260480999947,4.0,0.0,0.0,4.6512274742126465,6.517269611358643,4.0462517738342285,0.9112275838851929,0.9547771215438843,99.3113784790039,4615.0,0.6455777883529663,30.0,0.0,0.0,0.04303852096199989,2.0,0.0,0.0,8.822407722473145,12.657610893249512,7.567404747009277,0.665798008441925,0.8162239193916321,93.58726501464844,4349.0,6.391219615936279,297.0,0.0,0.0,0.021519260480999947,1.0,0.0,0.0,11.88681411743164,17.130292892456055,10.12763500213623,0.38818758726119995,0.6291623711585999,86.85173034667969,4036.0,13.14826774597168,611.0,0.0,0.0,0.0,0.0,0.0,0.0,13.722602844238281,19.769489288330078,11.685352325439453,0.18657565116882324,0.4725147783756256,81.34280395507812,3780.0,18.635677337646484,866.0,0.0,0.0,0.021519260480999947,1.0,0.0,0.0,0.2706471085548401,0.10184571892023087,0.627507209777832,0.16850756108760834,0.11920291930437088,0.9762035012245178,0.9697607755661011,1.0,0.21052631735801697,0.2210526168346405,0.2631579041481018,0.3052631616592407
17,0.20199536461148745,9.927035331726074,15.120197296142578,8.485381126403809,0.5232058167457581,0.7263714671134949,90.03120422363281,16735.0,9.947278022766113,1849.0,0.0,0.0,0.021519260480999947,4.0,0.0,0.0,4.688802719116211,6.553930759429932,4.085093975067139,0.910226047039032,0.954291582107544,99.3113784790039,4615.0,0.6455777883529663,30.0,0.0,0.0,0.04303852096199989,2.0,0.0,0.0,8.954450607299805,12.866071701049805,7.677736759185791,0.6546992063522339,0.8092893362045288,93.39358520507812,4340.0,6.584893226623535,306.0,0.0,0.0,0.021519260480999947,1.0,0.0,0.0,12.111931800842285,17.43471336364746,10.309491157531738,0.3662495017051697,0.6144053936004639,86.1416015625,4003.0,13.858403205871582,644.0,0.0,0.0,0.0,0.0,0.0,0.0,13.95295524597168,20.050500869750977,11.869200706481934,0.16328662633895874,0.45765766501426697,81.27824401855469,3777.0,18.70023536682129,869.0,0.0,0.0,0.021519260480999947,1.0,0.0,0.0,0.26944655179977417,0.09586990624666214,0.6346836090087891,0.16979362070560455,0.11920291930437088,0.9774506092071533,0.9698230028152466,1.0,0.21052631735801697,0.2210526168346405,0.2631579041481018,0.3052631616592407
18,0.19302101302847563,10.017407417297363,15.25500774383545,8.583858489990234,0.5146657824516296,0.7206581830978394,89.57929992675781,16651.0,10.399182319641113,1933.0,0.0,0.0,0.021519260480999947,4.0,0.0,0.0,4.705923557281494,6.62075138092041,4.095482349395752,0.9083861708641052,0.9533132314682007,99.33290100097656,4616.0,0.6240585446357727,29.0,0.0,0.0,0.04303852096199989,2.0,0.0,0.0,9.064332962036133,13.044377326965332,7.78221321105957,0.6450620889663696,0.8033400177955627,93.09231567382812,4326.0,6.886163234710693,320.0,0.0,0.0,0.021519260480999947,1.0,0.0,0.0,12.253382682800293,17.63968849182129,10.462860107421875,0.3512601852416992,0.6031802892684937,85.23779296875,3961.0,14.762212753295898,686.0,0.0,0.0,0.0,0.0,0.0,0.0,14.045988082885742,20.142301559448242,11.994874954223633,0.15560734272003174,0.4522230327129364,80.65418243408203,3748.0,19.324295043945312,898.0,0.0,0.0,0.021519260480999947,1.0,0.0,0.0,0.3079666495323181,0.1283208429813385,0.5637125968933105,0.17203040421009064,0.11920291930437088,0.9758513569831848,0.9706865549087524,1.0,0.21052631735801697,0.2210526168346405,0.2631579041481018,0.3052631616592407
19,0.1845253140415054,10.194761276245117,15.507198333740234,8.745299339294434,0.49848639965057373,0.7110903263092041,89.03593444824219,16550.0,10.937164306640625,2033.0,0.0,0.0,0.026899075135588646,5.0,0.0,0.0,4.738571643829346,6.656414985656738,4.120406150817871,0.9073964953422546,0.9528025984764099,99.37593841552734,4618.0,0.5810199975967407,27.0,0.0,0.0,0.04303852096199989,2.0,0.0,0.0,9.232162475585938,13.236627578735352,7.930792808532715,0.6345227956771851,0.7967479228973389,92.51129913330078,4299.0,7.445663928985596,346.0,0.0,0.0,0.04303852096199989,2.0,0.0,0.0,12.487146377563477,17.970796585083008,10.669538497924805,0.32667702436447144,0.5880203247070312,84.44157409667969,3924.0,15.558424949645996,723.0,0.0,0.0,0.0,0.0,0.0,0.0,14.321163177490234,20.47991943359375,12.260457992553711,0.12706327438354492,0.4390406608581543,79.81493377685547,3709.0,20.163545608520508,937.0,0.0,0.0,0.021519260480999947,1.0,0.0,0.0,0.31020793318748474,0.11887793987989426,0.5709141492843628,0.17153488099575043,0.11920291930437088,0.9744181632995605,0.9715064764022827,1.0,0.21052631735801697,0.2210526168346405,0.2631579041481018,0.3052631616592407
20,0.17793103688805376,10.396185874938965,15.84641170501709,8.92475700378418,0.47630566358566284,0.697372317314148,88.4764404296875,16446.0,11.496665000915527,2137.0,0.0,0.0,0.026899075135588646,5.0,0.0,0.0,4.739470958709717,6.645532131195068,4.122501373291016,0.9076990485191345,0.9529886841773987,99.44049835205078,4621.0,0.5164622068405151,24.0,0.0,0.0,0.04303852096199989,2.0,0.0,0.0,9.316282272338867,13.35254955291748,8.007573127746582,0.6280933618545532,0.7927649021148682,92.33914947509766,4291.0,7.6178178787231445,354.0,0.0,0.0,0.04303852096199989,2.0,0.0,0.0,12.798700332641602,18.399593353271484,10.94938850402832,0.294161856174469,0.5661671757698059,83.3440933227539,3873.0,16.655906677246094,774.0,0.0,0.0,0.0,0.0,0.0,0.0,14.730289459228516,21.05792808532715,12.6195650100708,0.07709372043609619,0.4076507091522217,78.78201293945312,3661.0,21.196470260620117,985.0,0.0,0.0,0.021519260480999947,1.0,0.0,0.0,0.3087714612483978,0.12247313559055328,0.5687553882598877,0.17469511926174164,0.11920291930437088,0.9773625731468201,0.9715123176574707,1.0,0.21052631735801697,0.2210526168346405,0.2631579041481018,0.3052631616592407
step,fold8/test_loss,fold8/test_mae,fold8/test_rmse,fold8/test_mard,fold8/test_r2,fold8/test_pearson,fold8/test_ega_zone_a_pct,fold8/test_ega_zone_a_count,fold8/test_ega_zone_b_pct,fold8/test_ega_zone_b_count,fold8/test_ega_zone_c_pct,fold8/test_ega_zone_c_count,fold8/test_ega_zone_d_pct,fold8/test_ega_zone_d_count,fold8/test_ega_zone_e_pct,fold8/test_ega_zone_e_count,fold8/test_horizon_15_mae,fold8/test_horizon_15_rmse,fold8/test_horizon_15_mard,fold8/test_horizon_15_r2,fold8/test_horizon_15_pearson,fold8/test_horizon_15_ega_zone_a_pct,fold8/test_horizon_15_ega_zone_a_count,fold8/test_horizon_15_ega_zone_b_pct,fold8/test_horizon_15_ega_zone_b_count,fold8/test_horizon_15_ega_zone_c_pct,fold8/test_horizon_15_ega_zone_c_count,fold8/test_horizon_15_ega_zone_d_pct,fold8/test_horizon_15_ega_zone_d_count,fold8/test_horizon_15_ega_zone_e_pct,fold8/test_horizon_15_ega_zone_e_count,fold8/test_horizon_30_mae,fold8/test_horizon_30_rmse,fold8/test_horizon_30_mard,fold8/test_horizon_30_r2,fold8/test_horizon_30_pearson,fold8/test_horizon_30_ega_zone_a_pct,fold8/test_horizon_30_ega_zone_a_count,fold8/test_horizon_30_ega_zone_b_pct,fold8/test_horizon_30_ega_zone_b_count,fold8/test_horizon_30_ega_zone_c_pct,fold8/test_horizon_30_ega_zone_c_count,fold8/test_horizon_30_ega_zone_d_pct,fold8/test_horizon_30_ega_zone_d_count,fold8/test_horizon_30_ega_zone_e_pct,fold8/test_horizon_30_ega_zone_e_count,fold8/test_horizon_45_mae,fold8/test_horizon_45_rmse,fold8/test_horizon_45_mard,fold8/test_horizon_45_r2,fold8/test_horizon_45_pearson,fold8/test_horizon_45_ega_zone_a_pct,fold8/test_horizon_45_ega_zone_a_count,fold8/test_horizon_45_ega_zone_b_pct,fold8/test_horizon_45_ega_zone_b_count,fold8/test_horizon_45_ega_zone_c_pct,fold8/test_horizon_45_ega_zone_c_count,fold8/test_horizon_45_ega_zone_d_pct,fold8/test_horizon_45_ega_zone_d_count,fold8/test_horizon_45_ega_zone_e_pct,fold8/test_horizon_45_ega_zone_e_count,fold8/test_horizon_60_mae,fold8/test_horizon_60_rmse,fold8/test_horizon_60_mard,fold8/test_horizon_60_r2,fold8/test_horizon_60_pearson,fold8/test_horizon_60_ega_zone_a_pct,fold8/test_horizon_60_ega_zone_a_count,fold8/test_horizon_60_ega_zone_b_pct,fold8/test_horizon_60_ega_zone_b_count,fold8/test_horizon_60_ega_zone_c_pct,fold8/test_horizon_60_ega_zone_c_count,fold8/test_horizon_60_ega_zone_d_pct,fold8/test_horizon_60_ega_zone_d_count,fold8/test_horizon_60_ega_zone_e_pct,fold8/test_horizon_60_ega_zone_e_count
0,0.2557743112766306,9.844057083129883,14.12234878540039,9.031798362731934,0.38617438077926636,0.6566973328590393,88.3246078491211,6748.0,10.916230201721191,834.0,0.0,0.0,0.7591623067855835,58.0,0.0,0.0,5.980453968048096,8.474699020385742,5.5314531326293945,0.7787705659866333,0.8874439597129822,97.06806182861328,1854.0,2.6701571941375732,51.0,0.0,0.0,0.26178011298179626,5.0,0.0,0.0,9.774890899658203,13.719571113586426,8.984127044677734,0.42315226793289185,0.6825408935546875,88.27224731445312,1686.0,10.942408561706543,209.0,0.0,0.0,0.7853402495384216,15.0,0.0,0.0,11.35109806060791,15.748539924621582,10.423384666442871,0.23682856559753418,0.5535977482795715,84.92147064208984,1622.0,14.083769798278809,269.0,0.0,0.0,0.9947643876075745,19.0,0.0,0.0,12.269783020019531,17.02055549621582,11.18822956085205,0.10502707958221436,0.455013632774353,83.03665161132812,1586.0,15.968586921691895,305.0,0.0,0.0,0.9947643876075745,19.0,0.0,0.0
step,fold9/train_loss,fold9/val_mae,fold9/val_rmse,fold9/val_mard,fold9/val_r2,fold9/val_pearson,fold9/val_ega_zone_a_pct,fold9/val_ega_zone_a_count,fold9/val_ega_zone_b_pct,fold9/val_ega_zone_b_count,fold9/val_ega_zone_c_pct,fold9/val_ega_zone_c_count,fold9/val_ega_zone_d_pct,fold9/val_ega_zone_d_count,fold9/val_ega_zone_e_pct,fold9/val_ega_zone_e_count,fold9/val_horizon_15_mae,fold9/val_horizon_15_rmse,fold9/val_horizon_15_mard,fold9/val_horizon_15_r2,fold9/val_horizon_15_pearson,fold9/val_horizon_15_ega_zone_a_pct,fold9/val_horizon_15_ega_zone_a_count,fold9/val_horizon_15_ega_zone_b_pct,fold9/val_horizon_15_ega_zone_b_count,fold9/val_horizon_15_ega_zone_c_pct,fold9/val_horizon_15_ega_zone_c_count,fold9/val_horizon_15_ega_zone_d_pct,fold9/val_horizon_15_ega_zone_d_count,fold9/val_horizon_15_ega_zone_e_pct,fold9/val_horizon_15_ega_zone_e_count,fold9/val_horizon_30_mae,fold9/val_horizon_30_rmse,fold9/val_horizon_30_mard,fold9/val_horizon_30_r2,fold9/val_horizon_30_pearson,fold9/val_horizon_30_ega_zone_a_pct,fold9/val_horizon_30_ega_zone_a_count,fold9/val_horizon_30_ega_zone_b_pct,fold9/val_horizon_30_ega_zone_b_count,fold9/val_horizon_30_ega_zone_c_pct,fold9/val_horizon_30_ega_zone_c_count,fold9/val_horizon_30_ega_zone_d_pct,fold9/val_horizon_30_ega_zone_d_count,fold9/val_horizon_30_ega_zone_e_pct,fold9/val_horizon_30_ega_zone_e_count,fold9/val_horizon_45_mae,fold9/val_horizon_45_rmse,fold9/val_horizon_45_mard,fold9/val_horizon_45_r2,fold9/val_horizon_45_pearson,fold9/val_horizon_45_ega_zone_a_pct,fold9/val_horizon_45_ega_zone_a_count,fold9/val_horizon_45_ega_zone_b_pct,fold9/val_horizon_45_ega_zone_b_count,fold9/val_horizon_45_ega_zone_c_pct,fold9/val_horizon_45_ega_zone_c_count,fold9/val_horizon_45_ega_zone_d_pct,fold9/val_horizon_45_ega_zone_d_count,fold9/val_horizon_45_ega_zone_e_pct,fold9/val_horizon_45_ega_zone_e_count,fold9/val_horizon_60_mae,fold9/val_horizon_60_rmse,fold9/val_horizon_60_mard,fold9/val_horizon_60_r2,fold9/val_horizon_60_pearson,fold9/val_horizon_60_ega_zone_a_pct,fold9/val_horizon_60_ega_zone_a_count,fold9/val_horizon_60_ega_zone_b_pct,fold9/val_horizon_60_ega_zone_b_count,fold9/val_horizon_60_ega_zone_c_pct,fold9/val_horizon_60_ega_zone_c_count,fold9/val_horizon_60_ega_zone_d_pct,fold9/val_horizon_60_ega_zone_d_count,fold9/val_horizon_60_ega_zone_e_pct,fold9/val_horizon_60_ega_zone_e_count,fold9/diag_fusion_gate_cgm,fold9/diag_fusion_gate_cgm_guided,fold9/diag_fusion_gate_physio,fold9/diag_horizon_query_similarity,fold9/diag_horizon_progressive_gate,fold9/diag_horizon_attention_similarity,fold9/diag_horizon_attention_entropy,fold9/diag_horizon_curriculum_progress,fold9/diag_loss_horizon_weight_0,fold9/diag_loss_horizon_weight_1,fold9/diag_loss_horizon_weight_2,fold9/diag_loss_horizon_weight_3
1,0.2474044509662439,12.655860900878906,20.203338623046875,11.271549224853516,0.34856390953063965,0.6455502510070801,83.49971771240234,11877.0,15.501968383789062,2205.0,0.007030371576547623,1.0,0.9842519760131836,140.0,0.007030371576547623,1.0,7.276939868927002,11.026045799255371,6.4631476402282715,0.8066498637199402,0.8994083404541016,94.79753112792969,3371.0,4.752531051635742,169.0,0.0,0.0,0.44994378089904785,16.0,0.0,0.0,11.812255859375,18.05823516845703,10.433201789855957,0.4801352620124817,0.7187944054603577,84.73003387451172,3013.0,14.398200988769531,512.0,0.0,0.0,0.8717659711837769,31.0,0.0,0.0,14.72316837310791,22.644824981689453,13.070878028869629,0.17972123622894287,0.5474710464477539,79.21822357177734,2817.0,19.572553634643555,696.0,0.0,0.0,1.2092238664627075,43.0,0.0,0.0,16.811080932617188,25.927555084228516,15.118968963623047,-0.07538235187530518,0.3937385380268097,75.25308990478516,2676.0,23.284587860107422,828.0,0.02812148630619049,1.0,1.4060741662979126,50.0,0.02812148630619049,1.0,0.42187225818634033,0.37387633323669434,0.2042515128850937,0.09692458063364029,0.11920291930437088,0.9998361468315125,0.9999616146087646,0.0,0.3333333432674408,0.28333333134651184,0.21666665375232697,0.1666666716337204
2,0.24404652365308419,12.466265678405762,19.930173873901367,11.131567001342773,0.36606061458587646,0.6463932394981384,83.83014678955078,11924.0,15.143420219421387,2154.0,0.0,0.0,1.0264341831207275,146.0,0.0,0.0,7.237847805023193,10.961516380310059,6.446839809417725,0.8089063763618469,0.8999354839324951,94.9100112915039,3375.0,4.611923694610596,164.0,0.0,0.0,0.47806525230407715,17.0,0.0,0.0,11.709290504455566,17.892276763916016,10.378345489501953,0.48964667320251465,0.717947244644165,85.32058715820312,3034.0,13.751405715942383,489.0,0.0,0.0,0.928009033203125,33.0,0.0,0.0,14.484325408935547,22.315505981445312,12.908980369567871,0.20340609550476074,0.5450061559677124,79.27445983886719,2819.0,19.460067749023438,692.0,0.0,0.0,1.2654668092727661,45.0,0.0,0.0,16.433589935302734,25.506418228149414,14.792098045349121,-0.04073154926300049,0.39119207859039307,75.81552124023438,2696.0,22.750280380249023,809.0,0.0,0.0,1.434195637702942,51.0,0.0,0.0,0.2787206768989563,0.4331693649291992,0.28811001777648926,0.10243738442659378,0.11920291930437088,0.9958869814872742,0.9978128671646118,0.07142857142857142,0.3245614171028137,0.2788847088813782,0.21998745203018188,0.17656642198562622
3,0.24377880890415027,12.354713439941406,19.791658401489258,11.019170761108398,0.37484192848205566,0.6470853686332703,84.29415130615234,11990.0,14.672385215759277,2087.0,0.0,0.0,1.0334645509719849,147.0,0.0,0.0,7.193978786468506,10.880169868469238,6.4076313972473145,0.8117321133613586,0.9013527631759644,95.05062103271484,3380.0,4.471316337585449,159.0,0.0,0.0,0.47806525230407715,17.0,0.0,0.0,11.636218070983887,17.794523239135742,10.313207626342773,0.4952080249786377,0.7185368537902832,85.48931121826172,3040.0,13.55455493927002,482.0,0.0,0.0,0.9561305046081543,34.0,0.0,0.0,14.349827766418457,22.17689323425293,12.7776460647583,0.2132713794708252,0.5426411628723145,79.97750091552734,2844.0,18.757030487060547,667.0,0.0,0.0,1.2654668092727661,45.0,0.0,0.0,16.238828659057617,25.298242568969727,14.578194618225098,-0.02381265163421631,0.3860447108745575,76.65916442871094,2726.0,21.90663719177246,779.0,0.0,0.0,1.434195637702942,51.0,0.0,0.0,0.2916611135005951,0.38001665472984314,0.32832226157188416,0.11458715796470642,0.11920291930437088,0.9877030253410339,0.9888410568237305,0.14285714285714285,0.31578949093818665,0.2744360864162445,0.223308265209198,0.18646617233753204
4,0.24393726391942785,12.333434104919434,19.734088897705078,11.014732360839844,0.3784734606742859,0.6466348767280579,84.43476104736328,12010.0,14.524747848510742,2066.0,0.007030371576547623,1.0,1.0334645509719849,147.0,0.0,0.0,7.195341110229492,10.828208923339844,6.408251762390137,0.8135260343551636,0.9022124409675598,95.10686492919922,3382.0,4.415073394775391,157.0,0.0,0.0,0.47806525230407715,17.0,0.0,0.0,11.63671588897705,17.752361297607422,10.31438159942627,0.49759721755981445,0.7180262804031372,85.68616485595703,3047.0,13.357705116271973,475.0,0.0,0.0,0.9561305046081543,34.0,0.0,0.0,14.301889419555664,22.107145309448242,12.756298065185547,0.2182123064994812,0.5411006212234497,79.94937896728516,2843.0,18.785152435302734,668.0,0.0,0.0,1.2654668092727661,45.0,0.0,0.0,16.19978904724121,25.231224060058594,14.580005645751953,-0.018395423889160156,0.38281741738319397,76.99662780761719,2738.0,21.541057586669922,766.0,0.02812148630619049,1.0,1.434195637702942,51.0,0.0,0.0,0.4340132176876068,0.3263808488845825,0.23960596323013306,0.13060542941093445,0.11920291930437088,0.9927259087562561,0.9831336736679077,0.21428571428571427,0.30701756477355957,0.26998746395111084,0.22662906348705292,0.19636592268943787
5,0.24153133554328882,12.147605895996094,19.543231964111328,10.85666275024414,0.39043742418289185,0.6513033509254456,84.7229995727539,12051.0,14.24353313446045,2026.0,0.0,0.0,1.0334645509719849,147.0,0.0,0.0,7.045157432556152,10.630428314208984,6.292614936828613,0.8202758431434631,0.905726969242096,95.5286865234375,3397.0,3.993250846862793,142.0,0.0,0.0,0.47806525230407715,17.0,0.0,0.0,11.481907844543457,17.612958908081055,10.191091537475586,0.5054565668106079,0.7208843231201172,85.79865264892578,3051.0,13.245219230651855,471.0,0.0,0.0,0.9561305046081543,34.0,0.0,0.0,14.108844757080078,21.917848587036133,12.586350440979004,0.23154330253601074,0.5451195240020752,80.31495666503906,2856.0,18.419572830200195,655.0,0.0,0.0,1.2654668092727661,45.0,0.0,0.0,15.954508781433105,24.982738494873047,14.356595039367676,0.0015648603439331055,0.3899581730365753,77.24971771240234,2747.0,21.316085815429688,758.0,0.0,0.0,1.434195637702942,51.0,0.0,0.0,0.3118983507156372,0.37457528710365295,0.3135264217853546,0.1494404524564743,0.11920291930437088,0.996258556842804,0.982318639755249,0.2857142857142857,0.2982456088066101,0.2655388414859772,0.22994986176490784,0.2062656730413437
6,0.2364949413410019,11.978184700012207,19.27877426147461,10.68475341796875,0.40682297945022583,0.6581583023071289,85.22918701171875,12123.0,13.744375228881836,1955.0,0.0,0.0,1.0264341831207275,146.0,0.0,0.0,6.7229485511779785,10.078365325927734,6.010477066040039,0.8384580612182617,0.9157884120941162,96.1473617553711,3419.0,3.430820941925049,122.0,0.0,0.0,0.4218222498893738,15.0,0.0,0.0,11.368282318115234,17.334083557128906,10.069323539733887,0.5209933519363403,0.7291940450668335,86.27671813964844,3068.0,12.739032745361328,453.0,0.0,0.0,0.9842519760131836,35.0,0.0,0.0,14.027118682861328,21.737075805664062,12.480831146240234,0.2441672682762146,0.5442546010017395,80.90550994873047,2877.0,17.829021453857422,634.0,0.0,0.0,1.2654668092727661,45.0,0.0,0.0,15.794394493103027,24.741466522216797,14.178380012512207,0.020756542682647705,0.385823130607605,77.58717346191406,2759.0,20.978628158569336,746.0,0.0,0.0,1.434195637702942,51.0,0.0,0.0,0.335945188999176,0.36171334981918335,0.3023415207862854,0.1859007626771927,0.11920291930437088,0.9970818161964417,0.975174069404602,0.35714285714285715,0.28947368264198303,0.2610902190208435,0.23327067494392395,0.2161654233932495
7,0.23269477097208938,11.847381591796875,19.082881927490234,10.544381141662598,0.4188162684440613,0.6651938557624817,85.7072525024414,12191.0,13.280370712280273,1889.0,0.007030371576547623,1.0,0.9912823438644409,141.0,0.014060743153095245,2.0,6.504026412963867,9.687806129455566,5.816017150878906,0.8507357239723206,0.9226006269454956,96.59730529785156,3435.0,3.0089988708496094,107.0,0.0,0.0,0.3937007784843445,14.0,0.0,0.0,11.255006790161133,17.078594207763672,9.95436954498291,0.5350096225738525,0.7378945350646973,87.14848327636719,3099.0,11.92350959777832,424.0,0.0,0.0,0.928009033203125,33.0,0.0,0.0,13.959124565124512,21.627099990844727,12.37573528289795,0.2517958879470825,0.5470432639122009,81.15859985351562,2886.0,17.575927734375,625.0,0.0,0.0,1.2654668092727661,45.0,0.0,0.0,15.67136287689209,24.563434600830078,14.031404495239258,0.034798622131347656,0.38663962483406067,77.92463684082031,2771.0,20.613048553466797,733.0,0.02812148630619049,1.0,1.3779526948928833,49.0,0.05624297261238098,2.0,0.31844374537467957,0.40012189745903015,0.28143438696861267,0.1916676014661789,0.11920291930437088,0.9948775172233582,0.9769997596740723,0.42857142857142855,0.28070175647735596,0.25664159655570984,0.23659147322177887,0.22606515884399414
8,0.22789716916114144,11.75671100616455,18.940771102905273,10.46328353881836,0.42744022607803345,0.670403778553009,85.74943542480469,12197.0,13.231158256530762,1882.0,0.007030371576547623,1.0,0.9983127117156982,142.0,0.014060743153095245,2.0,6.272942066192627,9.243480682373047,5.629147529602051,0.8641135692596436,0.9296374320983887,97.01912689208984,3450.0,2.587176561355591,92.0,0.0,0.0,0.3937007784843445,14.0,0.0,0.0,11.171936988830566,16.847850799560547,9.8906888961792,0.5474892854690552,0.7453941702842712,87.09223937988281,3097.0,11.951631546020508,425.0,0.0,0.0,0.9561305046081543,34.0,0.0,0.0,13.930319786071777,21.54607582092285,12.344779968261719,0.2573915123939514,0.5489810109138489,81.0461196899414,2882.0,17.688413619995117,629.0,0.0,0.0,1.2654668092727661,45.0,0.0,0.0,15.651644706726074,24.52520751953125,13.988516807556152,0.03780043125152588,0.3862088918685913,77.84027099609375,2768.0,20.697412490844727,736.0,0.02812148630619049,1.0,1.3779526948928833,49.0,0.05624297261238098,2.0,0.3014630973339081,0.41567179560661316,0.28286510705947876,0.20022052526474,0.11920291930437088,0.9922304749488831,0.9734870791435242,0.5,0.2719298303127289,0.25219297409057617,0.2399122714996338,0.23596492409706116
9,0.22594664274386586,11.731344223022461,18.868270874023438,10.447381973266602,0.4318150281906128,0.6735965013504028,85.7213134765625,12193.0,13.273340225219727,1888.0,0.007030371576547623,1.0,0.9842519760131836,140.0,0.014060743153095245,2.0,6.1893630027771,9.023833274841309,5.569228649139404,0.8704948425292969,0.9330909252166748,97.18785095214844,3456.0,2.418447732925415,86.0,0.0,0.0,0.3937007784843445,14.0,0.0,0.0,11.152047157287598,16.7030029296875,9.88115119934082,0.5552366971969604,0.7503519654273987,87.34532928466797,3106.0,11.754780769348145,418.0,0.0,0.0,0.8998875617980957,32.0,0.0,0.0,13.945242881774902,21.51565933227539,12.35997486114502,0.25948673486709595,0.5506617426872253,80.87738800048828,2876.0,17.85714340209961,635.0,0.0,0.0,1.2654668092727661,45.0,0.0,0.0,15.638724327087402,24.509244918823242,13.979174613952637,0.039052605628967285,0.38773348927497864,77.47468566894531,2755.0,21.062992095947266,749.0,0.02812148630619049,1.0,1.3779526948928833,49.0,0.05624297261238098,2.0,0.3225940465927124,0.39227625727653503,0.28512975573539734,0.20697546005249023,0.11920291930437088,0.991367518901825,0.9723371267318726,0.5714285714285714,0.2631579041481018,0.2477443516254425,0.2432330846786499,0.24586467444896698
10,0.22153458908919554,11.753539085388184,18.912878036499023,10.47309684753418,0.4291253089904785,0.6717225909233093,85.93925476074219,12224.0,13.048368453979492,1856.0,0.007030371576547623,1.0,0.9912823438644409,141.0,0.014060743153095245,2.0,6.134894371032715,8.923456192016602,5.517945766448975,0.8733599185943604,0.9346582889556885,97.21597290039062,3457.0,2.418447732925415,86.0,0.0,0.0,0.3655792772769928,13.0,0.0,0.0,11.148162841796875,16.721294403076172,9.884944915771484,0.5542621612548828,0.7497258186340332,87.34532928466797,3106.0,11.69853687286377,416.0,0.0,0.0,0.9561305046081543,34.0,0.0,0.0,14.003373146057129,21.606159210205078,12.426762580871582,0.25324416160583496,0.5451978445053101,81.35546112060547,2893.0,17.379077911376953,618.0,0.0,0.0,1.2654668092727661,45.0,0.0,0.0,15.727727890014648,24.59130096435547,14.06273365020752,0.03260737657546997,0.3797728419303894,77.84027099609375,2768.0,20.697412490844727,736.0,0.02812148630619049,1.0,1.3779526948928833,49.0,0.05624297261238098,2.0,0.3224082589149475,0.3854089677333832,0.2921828627586365,0.21576686203479767,0.11920291930437088,0.9896742701530457,0.9750772714614868,0.6428571428571429,0.25438597798347473,0.24329572916030884,0.24655388295650482,0.2557644248008728
11,0.21804727002078692,11.83871841430664,19.037059783935547,10.515953063964844,0.4216040372848511,0.6676949262619019,85.50337219238281,12162.0,13.491281509399414,1919.0,0.007030371576547623,1.0,0.9842519760131836,140.0,0.014060743153095245,2.0,6.10780668258667,8.875566482543945,5.4848952293396,0.8747155666351318,0.9353764057159424,97.21597290039062,3457.0,2.4465692043304443,87.0,0.0,0.0,0.3374578058719635,12.0,0.0,0.0,11.186300277709961,16.78093910217285,9.890711784362793,0.5510765314102173,0.7477623820304871,87.26097106933594,3103.0,11.782902717590332,419.0,0.0,0.0,0.9561305046081543,34.0,0.0,0.0,14.130887985229492,21.764293670654297,12.496920585632324,0.242273211479187,0.5390097498893738,80.48368835449219,2862.0,18.250843048095703,649.0,0.0,0.0,1.2654668092727661,45.0,0.0,0.0,15.929876327514648,24.810850143432617,14.191285133361816,0.01525658369064331,0.3725822865962982,77.05286407470703,2740.0,21.484813690185547,764.0,0.02812148630619049,1.0,1.3779526948928833,49.0,0.05624297261238098,2.0,0.3221292197704315,0.39016133546829224,0.28770947456359863,0.220661923289299,0.11920291930437088,0.9877098202705383,0.9751276969909668,0.7142857142857143,0.24561403691768646,0.23884710669517517,0.24987469613552094,0.26566416025161743
12,0.21258505956756943,11.85126781463623,18.95962905883789,10.510804176330566,0.4262996315956116,0.6701136827468872,85.47525024414062,12158.0,13.505342483520508,1921.0,0.007030371576547623,1.0,0.9983127117156982,142.0,0.014060743153095245,2.0,6.098275661468506,8.775708198547363,5.477602481842041,0.8775188326835632,0.9368467330932617,97.41282653808594,3464.0,2.22159743309021,79.0,0.0,0.0,0.3655792772769928,13.0,0.0,0.0,11.215032577514648,16.697065353393555,9.89822769165039,0.5555528998374939,0.7502899765968323,86.92350769042969,3091.0,12.120360374450684,431.0,0.0,0.0,0.9561305046081543,34.0,0.0,0.0,14.162492752075195,21.670881271362305,12.501019477844238,0.24876350164413452,0.5427525639533997,80.42744445800781,2860.0,18.27896499633789,650.0,0.0,0.0,1.2935882806777954,46.0,0.0,0.0,15.929266929626465,24.747482299804688,14.16637134552002,0.020280420780181885,0.37315842509269714,77.1372299194336,2743.0,21.400449752807617,761.0,0.02812148630619049,1.0,1.3779526948928833,49.0,0.05624297261238098,2.0,0.3329797685146332,0.3922443985939026,0.274775892496109,0.21914005279541016,0.11920291930437088,0.9898614287376404,0.9768715500831604,0.7857142857142857,0.23684212565422058,0.2343984991312027,0.25319552421569824,0.27556392550468445
13,0.20860112598475833,11.88973617553711,18.945592880249023,10.55643367767334,0.427148699760437,0.6708012223243713,85.20809936523438,12120.0,13.779526710510254,1960.0,0.014060743153095245,2.0,0.9842519760131836,140.0,0.014060743153095245,2.0,6.061686038970947,8.74028205871582,5.449975490570068,0.8785057067871094,0.93736732006073,97.272216796875,3459.0,2.3622047901153564,84.0,0.0,0.0,0.3655792772769928,13.0,0.0,0.0,11.243101119995117,16.713470458984375,9.939118385314941,0.5546790957450867,0.7497729659080505,86.67041778564453,3082.0,12.401575088500977,441.0,0.0,0.0,0.928009033203125,33.0,0.0,0.0,14.2490234375,21.7001953125,12.595926284790039,0.2467297911643982,0.5420037508010864,80.00562286376953,2845.0,18.700786590576172,665.0,0.02812148630619049,1.0,1.2654668092727661,45.0,0.0,0.0,16.0051326751709,24.68016815185547,14.240713119506836,0.02560293674468994,0.3774905800819397,76.88414001464844,2734.0,21.65354347229004,770.0,0.02812148630619049,1.0,1.3779526948928833,49.0,0.05624297261238098,2.0,0.32566016912460327,0.40243926644325256,0.27190062403678894,0.2188112735748291,0.11920291930437088,0.9884257912635803,0.9789259433746338,0.8571428571428571,0.22807016968727112,0.22994986176490784,0.25651630759239197,0.2854636609554291
14,0.20454208099136792,11.974747657775879,19.07337188720703,10.641615867614746,0.4193953275680542,0.6664865612983704,84.772216796875,12058.0,14.215411186218262,2022.0,0.014060743153095245,2.0,0.9842519760131836,140.0,0.014060743153095245,2.0,6.08258056640625,8.800646781921387,5.4615607261657715,0.8768216967582703,0.9365150332450867,97.13160705566406,3454.0,2.502812147140503,89.0,0.0,0.0,0.3655792772769928,13.0,0.0,0.0,11.282066345214844,16.79684066772461,9.980966567993164,0.5502253174781799,0.7474026083946228,86.33296203613281,3070.0,12.7671537399292,454.0,0.0,0.0,0.8998875617980957,32.0,0.0,0.0,14.334064483642578,21.8265380859375,12.692584037780762,0.23793286085128784,0.5370139479637146,79.8368911743164,2839.0,18.841394424438477,670.0,0.02812148630619049,1.0,1.2935882806777954,46.0,0.0,0.0,16.200273513793945,24.88355255126953,14.431352615356445,0.009477019309997559,0.3668554723262787,75.78739929199219,2695.0,22.750280380249023,809.0,0.02812148630619049,1.0,1.3779526948928833,49.0,0.05624297261238098,2.0,0.3356983959674835,0.40326541662216187,0.2610361576080322,0.21295402944087982,0.11920291930437088,0.9874913692474365,0.9821106791496277,0.9285714285714286,0.21929824352264404,0.22550123929977417,0.2598370909690857,0.2953633964061737
15,0.19649998613941055,12.023850440979004,19.10533332824707,10.67164134979248,0.41744792461395264,0.6662574410438538,84.7229995727539,12051.0,14.285715103149414,2032.0,0.007030371576547623,1.0,0.970191240310669,138.0,0.014060743153095245,2.0,6.066389560699463,8.793538093566895,5.445667743682861,0.8770205974578857,0.9366758465766907,97.21597290039062,3457.0,2.3903262615203857,85.0,0.0,0.0,0.3937007784843445,14.0,0.0,0.0,11.273360252380371,16.81114959716797,9.967628479003906,0.5494586825370789,0.7476133704185486,86.5016860961914,3076.0,12.626546859741211,449.0,0.0,0.0,0.8717659711837769,31.0,0.0,0.0,14.433099746704102,21.878250122070312,12.760784149169922,0.2343176007270813,0.5366052985191345,79.61192321777344,2831.0,19.15073013305664,681.0,0.0,0.0,1.2373453378677368,44.0,0.0,0.0,16.322551727294922,24.929025650024414,14.512489318847656,0.005853593349456787,0.3671979308128357,75.56243133544922,2687.0,22.975252151489258,817.0,0.02812148630619049,1.0,1.3779526948928833,49.0,0.05624297261238098,2.0,0.3372669219970703,0.39993560314178467,0.2627975046634674,0.2153652161359787,0.11920291930437088,0.9900016784667969,0.9826520681381226,1.0,0.21052631735801697,0.2210526168346405,0.2631579041481018,0.3052631616592407
16,0.1890559753842046,12.030473709106445,19.184612274169922,10.65941333770752,0.41260313987731934,0.664104700088501,84.77924346923828,12059.0,14.229472160339355,2024.0,0.007030371576547623,1.0,0.970191240310669,138.0,0.014060743153095245,2.0,6.025087356567383,8.792781829833984,5.400113582611084,0.8770418167114258,0.9366941452026367,97.21597290039062,3457.0,2.418447732925415,86.0,0.0,0.0,0.3655792772769928,13.0,0.0,0.0,11.267839431762695,16.87921905517578,9.943848609924316,0.5458027720451355,0.7455545663833618,86.86726379394531,3089.0,12.2328462600708,435.0,0.0,0.0,0.8998875617980957,32.0,0.0,0.0,14.430435180664062,22.00223159790039,12.73393440246582,0.22561484575271606,0.5330916047096252,79.72441101074219,2835.0,19.038244247436523,677.0,0.0,0.0,1.2373453378677368,44.0,0.0,0.0,16.398529052734375,25.017559051513672,14.5597562789917,-0.0012203454971313477,0.3676530122756958,75.30933380126953,2678.0,23.22834587097168,826.0,0.02812148630619049,1.0,1.3779526948928833,49.0,0.05624297261238098,2.0,0.3139413297176361,0.4132983982563019,0.2727603614330292,0.21792732179164886,0.11920291930437088,0.9886544346809387,0.9817743301391602,1.0,0.21052631735801697,0.2210526168346405,0.2631579041481018,0.3052631616592407
17,0.18019445448099766,12.17451286315918,19.362796783447266,10.806276321411133,0.40164119005203247,0.6571365594863892,84.44882202148438,12012.0,14.552868843078613,2070.0,0.007030371576547623,1.0,0.9772216081619263,139.0,0.014060743153095245,2.0,6.069940567016602,8.821928977966309,5.451467037200928,0.8762252330780029,0.9362555742263794,97.18785095214844,3456.0,2.4465692043304443,87.0,0.0,0.0,0.3655792772769928,13.0,0.0,0.0,11.407540321350098,17.02600860595703,10.08636474609375,0.5378686189651489,0.7406846880912781,86.38919830322266,3072.0,12.68278980255127,451.0,0.0,0.0,0.928009033203125,33.0,0.0,0.0,14.608733177185059,22.203798294067383,12.925418853759766,0.21136128902435303,0.5229289531707764,79.1057357788086,2813.0,19.656917572021484,699.0,0.0,0.0,1.2373453378677368,44.0,0.0,0.0,16.61183738708496,25.277484893798828,14.761853218078613,-0.02213311195373535,0.35181909799575806,75.11248779296875,2671.0,23.425195693969727,833.0,0.02812148630619049,1.0,1.3779526948928833,49.0,0.05624297261238098,2.0,0.3093078136444092,0.4265595078468323,0.2641327381134033,0.22404654324054718,0.11920291930437088,0.9888457655906677,0.9810625910758972,1.0,0.21052631735801697,0.2210526168346405,0.2631579041481018,0.3052631616592407
step,fold9/test_loss,fold9/test_mae,fold9/test_rmse,fold9/test_mard,fold9/test_r2,fold9/test_pearson,fold9/test_ega_zone_a_pct,fold9/test_ega_zone_a_count,fold9/test_ega_zone_b_pct,fold9/test_ega_zone_b_count,fold9/test_ega_zone_c_pct,fold9/test_ega_zone_c_count,fold9/test_ega_zone_d_pct,fold9/test_ega_zone_d_count,fold9/test_ega_zone_e_pct,fold9/test_ega_zone_e_count,fold9/test_horizon_15_mae,fold9/test_horizon_15_rmse,fold9/test_horizon_15_mard,fold9/test_horizon_15_r2,fold9/test_horizon_15_pearson,fold9/test_horizon_15_ega_zone_a_pct,fold9/test_horizon_15_ega_zone_a_count,fold9/test_horizon_15_ega_zone_b_pct,fold9/test_horizon_15_ega_zone_b_count,fold9/test_horizon_15_ega_zone_c_pct,fold9/test_horizon_15_ega_zone_c_count,fold9/test_horizon_15_ega_zone_d_pct,fold9/test_horizon_15_ega_zone_d_count,fold9/test_horizon_15_ega_zone_e_pct,fold9/test_horizon_15_ega_zone_e_count,fold9/test_horizon_30_mae,fold9/test_horizon_30_rmse,fold9/test_horizon_30_mard,fold9/test_horizon_30_r2,fold9/test_horizon_30_pearson,fold9/test_horizon_30_ega_zone_a_pct,fold9/test_horizon_30_ega_zone_a_count,fold9/test_horizon_30_ega_zone_b_pct,fold9/test_horizon_30_ega_zone_b_count,fold9/test_horizon_30_ega_zone_c_pct,fold9/test_horizon_30_ega_zone_c_count,fold9/test_horizon_30_ega_zone_d_pct,fold9/test_horizon_30_ega_zone_d_count,fold9/test_horizon_30_ega_zone_e_pct,fold9/test_horizon_30_ega_zone_e_count,fold9/test_horizon_45_mae,fold9/test_horizon_45_rmse,fold9/test_horizon_45_mard,fold9/test_horizon_45_r2,fold9/test_horizon_45_pearson,fold9/test_horizon_45_ega_zone_a_pct,fold9/test_horizon_45_ega_zone_a_count,fold9/test_horizon_45_ega_zone_b_pct,fold9/test_horizon_45_ega_zone_b_count,fold9/test_horizon_45_ega_zone_c_pct,fold9/test_horizon_45_ega_zone_c_count,fold9/test_horizon_45_ega_zone_d_pct,fold9/test_horizon_45_ega_zone_d_count,fold9/test_horizon_45_ega_zone_e_pct,fold9/test_horizon_45_ega_zone_e_count,fold9/test_horizon_60_mae,fold9/test_horizon_60_rmse,fold9/test_horizon_60_mard,fold9/test_horizon_60_r2,fold9/test_horizon_60_pearson,fold9/test_horizon_60_ega_zone_a_pct,fold9/test_horizon_60_ega_zone_a_count,fold9/test_horizon_60_ega_zone_b_pct,fold9/test_horizon_60_ega_zone_b_count,fold9/test_horizon_60_ega_zone_c_pct,fold9/test_horizon_60_ega_zone_c_count,fold9/test_horizon_60_ega_zone_d_pct,fold9/test_horizon_60_ega_zone_d_count,fold9/test_horizon_60_ega_zone_e_pct,fold9/test_horizon_60_ega_zone_e_count
0,0.30225754305108743,10.545125961303711,17.015380859375,7.917675495147705,0.4569348692893982,0.7001624703407288,91.05504608154297,7543.0,8.944953918457031,741.0,0.0,0.0,0.0,0.0,0.0,0.0,5.118443012237549,7.260412693023682,3.955920457839966,0.9011373519897461,0.9512758851051331,99.42057037353516,2059.0,0.5794302225112915,12.0,0.0,0.0,0.0,0.0,0.0,0.0,9.708723068237305,14.581155776977539,7.331987380981445,0.6010165214538574,0.7890430688858032,92.80541229248047,1922.0,7.194591999053955,149.0,0.0,0.0,0.0,0.0,0.0,0.0,12.723398208618164,19.668167114257812,9.49068546295166,0.27431291341781616,0.5783743262290955,87.73538970947266,1817.0,12.264606475830078,254.0,0.0,0.0,0.0,0.0,0.0,0.0,14.629939079284668,22.492935180664062,10.892106056213379,0.05142468214035034,0.4151969254016876,84.2588119506836,1745.0,15.74118709564209,326.0,0.0,0.0,0.0,0.0,0.0,0.0
step,fold10/train_loss,fold10/val_mae,fold10/val_rmse,fold10/val_mard,fold10/val_r2,fold10/val_pearson,fold10/val_ega_zone_a_pct,fold10/val_ega_zone_a_count,fold10/val_ega_zone_b_pct,fold10/val_ega_zone_b_count,fold10/val_ega_zone_c_pct,fold10/val_ega_zone_c_count,fold10/val_ega_zone_d_pct,fold10/val_ega_zone_d_count,fold10/val_ega_zone_e_pct,fold10/val_ega_zone_e_count,fold10/val_horizon_15_mae,fold10/val_horizon_15_rmse,fold10/val_horizon_15_mard,fold10/val_horizon_15_r2,fold10/val_horizon_15_pearson,fold10/val_horizon_15_ega_zone_a_pct,fold10/val_horizon_15_ega_zone_a_count,fold10/val_horizon_15_ega_zone_b_pct,fold10/val_horizon_15_ega_zone_b_count,fold10/val_horizon_15_ega_zone_c_pct,fold10/val_horizon_15_ega_zone_c_count,fold10/val_horizon_15_ega_zone_d_pct,fold10/val_horizon_15_ega_zone_d_count,fold10/val_horizon_15_ega_zone_e_pct,fold10/val_horizon_15_ega_zone_e_count,fold10/val_horizon_30_mae,fold10/val_horizon_30_rmse,fold10/val_horizon_30_mard,fold10/val_horizon_30_r2,fold10/val_horizon_30_pearson,fold10/val_horizon_30_ega_zone_a_pct,fold10/val_horizon_30_ega_zone_a_count,fold10/val_horizon_30_ega_zone_b_pct,fold10/val_horizon_30_ega_zone_b_count,fold10/val_horizon_30_ega_zone_c_pct,fold10/val_horizon_30_ega_zone_c_count,fold10/val_horizon_30_ega_zone_d_pct,fold10/val_horizon_30_ega_zone_d_count,fold10/val_horizon_30_ega_zone_e_pct,fold10/val_horizon_30_ega_zone_e_count,fold10/val_horizon_45_mae,fold10/val_horizon_45_rmse,fold10/val_horizon_45_mard,fold10/val_horizon_45_r2,fold10/val_horizon_45_pearson,fold10/val_horizon_45_ega_zone_a_pct,fold10/val_horizon_45_ega_zone_a_count,fold10/val_horizon_45_ega_zone_b_pct,fold10/val_horizon_45_ega_zone_b_count,fold10/val_horizon_45_ega_zone_c_pct,fold10/val_horizon_45_ega_zone_c_count,fold10/val_horizon_45_ega_zone_d_pct,fold10/val_horizon_45_ega_zone_d_count,fold10/val_horizon_45_ega_zone_e_pct,fold10/val_horizon_45_ega_zone_e_count,fold10/val_horizon_60_mae,fold10/val_horizon_60_rmse,fold10/val_horizon_60_mard,fold10/val_horizon_60_r2,fold10/val_horizon_60_pearson,fold10/val_horizon_60_ega_zone_a_pct,fold10/val_horizon_60_ega_zone_a_count,fold10/val_horizon_60_ega_zone_b_pct,fold10/val_horizon_60_ega_zone_b_count,fold10/val_horizon_60_ega_zone_c_pct,fold10/val_horizon_60_ega_zone_c_count,fold10/val_horizon_60_ega_zone_d_pct,fold10/val_horizon_60_ega_zone_d_count,fold10/val_horizon_60_ega_zone_e_pct,fold10/val_horizon_60_ega_zone_e_count,fold10/diag_fusion_gate_cgm,fold10/diag_fusion_gate_cgm_guided,fold10/diag_fusion_gate_physio,fold10/diag_horizon_query_similarity,fold10/diag_horizon_progressive_gate,fold10/diag_horizon_attention_similarity,fold10/diag_horizon_attention_entropy,fold10/diag_horizon_curriculum_progress,fold10/diag_loss_horizon_weight_0,fold10/diag_loss_horizon_weight_1,fold10/diag_loss_horizon_weight_2,fold10/diag_loss_horizon_weight_3
1,0.2436209006279262,9.77595329284668,15.407238006591797,8.401082038879395,0.456454336643219,0.6959843039512634,90.69670104980469,21662.0,9.265617370605469,2213.0,0.0,0.0,0.03768213093280792,9.0,0.0,0.0,5.755188465118408,8.868027687072754,4.996877670288086,0.8190701603889465,0.9053853750228882,97.82280731201172,5841.0,2.1436944007873535,128.0,0.0,0.0,0.0334952250123024,2.0,0.0,0.0,9.29548168182373,14.332725524902344,7.978738307952881,0.529457688331604,0.7387587428092957,91.60945129394531,5470.0,8.357059478759766,499.0,0.0,0.0,0.0334952250123024,2.0,0.0,0.0,11.397441864013672,17.386999130249023,9.743014335632324,0.30913853645324707,0.6022229790687561,88.09244537353516,5260.0,11.87405776977539,709.0,0.0,0.0,0.0334952250123024,2.0,0.0,0.0,12.655701637268066,19.056631088256836,10.885699272155762,0.17108815908432007,0.5149903297424316,85.26210021972656,5091.0,14.687657356262207,877.0,0.0,0.0,0.0502428375184536,3.0,0.0,0.0,0.43447595834732056,0.23077718913555145,0.3347468674182892,-0.039763424545526505,0.11920291930437088,0.9998517036437988,0.9999757409095764,0.0,0.3333333432674408,0.28333333134651184,0.21666665375232697,0.1666666716337204
2,0.2407712250016678,9.635202407836914,15.067893028259277,8.30230712890625,0.48013389110565186,0.7052133679389954,91.19493865966797,21781.0,8.767374992370605,2094.0,0.0,0.0,0.03768213093280792,9.0,0.0,0.0,5.71251106262207,8.745753288269043,4.966464519500732,0.8240251541137695,0.9078208208084106,97.85630798339844,5843.0,2.110199213027954,126.0,0.0,0.0,0.0334952250123024,2.0,0.0,0.0,9.143826484680176,14.015130043029785,7.874622344970703,0.5500799417495728,0.7476421594619751,92.29609680175781,5511.0,7.670406818389893,458.0,0.0,0.0,0.0334952250123024,2.0,0.0,0.0,11.169272422790527,16.95277214050293,9.581073760986328,0.34321510791778564,0.6158563494682312,88.86283874511719,5306.0,11.103668212890625,663.0,0.0,0.0,0.0334952250123024,2.0,0.0,0.0,12.515198707580566,18.65092658996582,10.787071228027344,0.20600664615631104,0.5224989056587219,85.7645263671875,5121.0,14.185229301452637,847.0,0.0,0.0,0.0502428375184536,3.0,0.0,0.0,0.39055967330932617,0.21332181990146637,0.39611849188804626,-0.03960082307457924,0.11920291930437088,0.9989369511604309,0.9997157454490662,0.07142857142857142,0.3245614171028137,0.2788847088813782,0.21998745203018188,0.17656642198562622
3,0.24153372069026333,9.66858196258545,14.958305358886719,8.352326393127441,0.4876682758331299,0.7064000368118286,91.28286743164062,21802.0,8.679450988769531,2073.0,0.0,0.0,0.03768213093280792,9.0,0.0,0.0,5.707474231719971,8.699614524841309,4.966333389282227,0.8258770108222961,0.9088448882102966,97.90654754638672,5846.0,2.0599565505981445,123.0,0.0,0.0,0.0334952250123024,2.0,0.0,0.0,9.14966869354248,13.912075996398926,7.893771648406982,0.556672215461731,0.7494615316390991,92.4970703125,5523.0,7.469435691833496,446.0,0.0,0.0,0.0334952250123024,2.0,0.0,0.0,11.236104965209961,16.82451629638672,9.677010536193848,0.3531153202056885,0.6153672337532043,88.89633178710938,5308.0,11.070172309875488,661.0,0.0,0.0,0.0334952250123024,2.0,0.0,0.0,12.581082344055176,18.512428283691406,10.87218952178955,0.21775490045547485,0.5181851983070374,85.8315200805664,5125.0,14.118237495422363,843.0,0.0,0.0,0.0502428375184536,3.0,0.0,0.0,0.38278281688690186,0.2063036859035492,0.41091349720954895,-0.031690265983343124,0.11920291930437088,0.9942286014556885,0.9974694848060608,0.14285714285714285,0.31578949093818665,0.2744360864162445,0.223308265209198,0.18646617233753204
4,0.2402861432083211,9.683755874633789,14.908342361450195,8.358464241027832,0.49108511209487915,0.7065943479537964,91.36660766601562,21822.0,8.595712661743164,2053.0,0.0,0.0,0.03768213093280792,9.0,0.0,0.0,5.717130184173584,8.656307220458984,4.978490352630615,0.8276062607765198,0.9099107980728149,97.99028778076172,5851.0,1.9762184619903564,118.0,0.0,0.0,0.0334952250123024,2.0,0.0,0.0,9.171628952026367,13.851397514343262,7.9033098220825195,0.560530960559845,0.7506483197212219,92.71478271484375,5536.0,7.251716613769531,433.0,0.0,0.0,0.0334952250123024,2.0,0.0,0.0,11.259197235107422,16.7645320892334,9.68874454498291,0.3577197790145874,0.6147553324699402,88.829345703125,5304.0,11.137163162231445,665.0,0.0,0.0,0.0334952250123024,2.0,0.0,0.0,12.587063789367676,18.471389770507812,10.863312721252441,0.2212192416191101,0.5150311589241028,85.9320068359375,5131.0,14.017751693725586,837.0,0.0,0.0,0.0502428375184536,3.0,0.0,0.0,0.36206066608428955,0.21227823197841644,0.4256611168384552,-0.02437102608382702,0.11920291930437088,0.9819754958152771,0.9921335577964783,0.21428571428571427,0.30701756477355957,0.26998746395111084,0.22662906348705292,0.19636592268943787
5,0.24053019508335932,9.667059898376465,14.742974281311035,8.348505020141602,0.5023125410079956,0.7123856544494629,91.37078857421875,21823.0,8.59152603149414,2052.0,0.0,0.0,0.03768213093280792,9.0,0.0,0.0,5.6918559074401855,8.5662841796875,4.961119174957275,0.831173300743103,0.912000834941864,98.07402801513672,5856.0,1.8924802541732788,113.0,0.0,0.0,0.0334952250123024,2.0,0.0,0.0,9.169567108154297,13.710248947143555,7.911107540130615,0.5694419145584106,0.755525529384613,92.89900970458984,5547.0,7.067492485046387,422.0,0.0,0.0,0.0334952250123024,2.0,0.0,0.0,11.261740684509277,16.5902099609375,9.696894645690918,0.37100750207901,0.6205362677574158,88.92982482910156,5310.0,11.036677360534668,659.0,0.0,0.0,0.0334952250123024,2.0,0.0,0.0,12.545077323913574,18.243738174438477,10.824901580810547,0.2402973175048828,0.5232656598091125,85.58030700683594,5110.0,14.369451522827148,858.0,0.0,0.0,0.0502428375184536,3.0,0.0,0.0,0.5142197012901306,0.11163865774869919,0.374141663312912,-0.019922470673918724,0.11920291930437088,0.9632019996643066,0.9850561618804932,0.2857142857142857,0.2982456088066101,0.2655388414859772,0.22994986176490784,0.2062656730413437
6,0.23966053610847043,9.570457458496094,14.591836929321289,8.285926818847656,0.5124643445014954,0.71835857629776,91.55082702636719,21866.0,8.41148853302002,2009.0,0.0,0.0,0.03768213093280792,9.0,0.0,0.0,5.582231521606445,8.323594093322754,4.875212669372559,0.8406038284301758,0.9175532460212708,98.27499389648438,5868.0,1.6915090084075928,101.0,0.0,0.0,0.0334952250123024,2.0,0.0,0.0,9.103571891784668,13.574182510375977,7.88482666015625,0.5779455900192261,0.7607234716415405,92.99949645996094,5553.0,6.967007160186768,416.0,0.0,0.0,0.0334952250123024,2.0,0.0,0.0,11.14354419708252,16.448230743408203,9.620091438293457,0.38172727823257446,0.6273173689842224,89.18104553222656,5325.0,10.785462379455566,644.0,0.0,0.0,0.0334952250123024,2.0,0.0,0.0,12.45248031616211,18.099775314331055,10.763578414916992,0.25223976373672485,0.5287448763847351,85.7477798461914,5120.0,14.201976776123047,848.0,0.0,0.0,0.0502428375184536,3.0,0.0,0.0,0.4292905330657959,0.12492352724075317,0.44578590989112854,0.002921314910054207,0.11920291930437088,0.9800898432731628,0.9773919582366943,0.35714285714285715,0.28947368264198303,0.2610902190208435,0.23327067494392395,0.2161654233932495
7,0.2336696362567321,9.45061206817627,14.330039978027344,8.204526901245117,0.5298014879226685,0.7291125655174255,91.69318389892578,21900.0,8.269134521484375,1975.0,0.0,0.0,0.03768213093280792,9.0,0.0,0.0,5.130802154541016,7.616313457489014,4.503249645233154,0.8665416240692139,0.931326150894165,98.60994720458984,5888.0,1.35655677318573,81.0,0.0,0.0,0.0334952250123024,2.0,0.0,0.0,9.008158683776855,13.29804801940918,7.829451560974121,0.5949423313140869,0.7713980078697205,93.5186767578125,5584.0,6.447831630706787,385.0,0.0,0.0,0.0334952250123024,2.0,0.0,0.0,11.170082092285156,16.280963897705078,9.66464614868164,0.39423811435699463,0.6328980922698975,89.36526489257812,5336.0,10.601239204406738,633.0,0.0,0.0,0.0334952250123024,2.0,0.0,0.0,12.493404388427734,17.929977416992188,10.820758819580078,0.26620370149612427,0.5336645245552063,85.27884674072266,5092.0,14.670909881591797,876.0,0.0,0.0,0.0502428375184536,3.0,0.0,0.0,0.40949347615242004,0.09181076288223267,0.49869585037231445,0.02793237753212452,0.11920291930437088,0.9783700108528137,0.9569121599197388,0.42857142857142855,0.28070175647735596,0.25664159655570984,0.23659147322177887,0.22606515884399414
8,0.2254517183752952,9.357460975646973,14.13331127166748,8.142667770385742,0.5426230430603027,0.7375751733779907,91.58850860595703,21875.0,8.373806953430176,2000.0,0.0,0.0,0.03768213093280792,9.0,0.0,0.0,4.870913982391357,7.1245927810668945,4.302138328552246,0.8832179307937622,0.9399697184562683,98.91140747070312,5906.0,1.055099606513977,63.0,0.0,0.0,0.0334952250123024,2.0,0.0,0.0,8.866819381713867,13.009194374084473,7.715498447418213,0.6123480796813965,0.7825859785079956,93.48517608642578,5582.0,6.481326580047607,387.0,0.0,0.0,0.0334952250123024,2.0,0.0,0.0,11.186836242675781,16.163053512573242,9.697408676147461,0.4029804468154907,0.6381384134292603,88.92982482910156,5310.0,11.036677360534668,659.0,0.0,0.0,0.0334952250123024,2.0,0.0,0.0,12.505273818969727,17.825788497924805,10.855628967285156,0.2747069001197815,0.5372081398963928,85.02763366699219,5077.0,14.922123908996582,891.0,0.0,0.0,0.0502428375184536,3.0,0.0,0.0,0.39264780282974243,0.10088710486888885,0.5064651966094971,0.06650745868682861,0.11920291930437088,0.9879136085510254,0.9439707398414612,0.5,0.2719298303127289,0.25219297409057617,0.2399122714996338,0.23596492409706116
9,0.22370210889627512,9.374382019042969,14.085209846496582,8.15907096862793,0.5457309484481812,0.7399588823318481,91.61781311035156,21882.0,8.344498634338379,1993.0,0.0,0.0,0.03768213093280792,9.0,0.0,0.0,4.865883827209473,7.008282661437988,4.304856300354004,0.8869997262954712,0.9420220255851746,98.9951400756836,5911.0,0.9713616371154785,58.0,0.0,0.0,0.0334952250123024,2.0,0.0,0.0,8.85523796081543,12.89962100982666,7.72158145904541,0.618850827217102,0.7869524359703064,93.58566284179688,5588.0,6.380840301513672,381.0,0.0,0.0,0.0334952250123024,2.0,0.0,0.0,11.219414710998535,16.125682830810547,9.728947639465332,0.4057379961013794,0.6404643654823303,88.96332550048828,5312.0,11.003182411193848,657.0,0.0,0.0,0.0334952250123024,2.0,0.0,0.0,12.556991577148438,17.833078384399414,10.880902290344238,0.2741134762763977,0.5367799401283264,84.9271469116211,5071.0,15.022608757019043,897.0,0.0,0.0,0.0502428375184536,3.0,0.0,0.0,0.42440515756607056,0.08306221663951874,0.4925327003002167,0.08673843741416931,0.11920291930437088,0.9883864521980286,0.9281054139137268,0.5714285714285714,0.2631579041481018,0.2477443516254425,0.2432330846786499,0.24586467444896698
10,0.21865085146669255,9.429715156555176,14.13499641418457,8.204474449157715,0.5425139665603638,0.7376114726066589,91.29961395263672,21806.0,8.662702560424805,2069.0,0.0,0.0,0.03768213093280792,9.0,0.0,0.0,4.869276523590088,6.985068321228027,4.309950828552246,0.8877471685409546,0.9424188733100891,98.9616470336914,5909.0,1.004856824874878,60.0,0.0,0.0,0.0334952250123024,2.0,0.0,0.0,8.890473365783691,12.907635688781738,7.7557268142700195,0.6183770895004272,0.7865542769432068,93.28421020507812,5570.0,6.682297706604004,399.0,0.0,0.0,0.0334952250123024,2.0,0.0,0.0,11.285724639892578,16.19576072692871,9.779802322387695,0.4005618095397949,0.6360644698143005,88.6786117553711,5295.0,11.287891387939453,674.0,0.0,0.0,0.0334952250123024,2.0,0.0,0.0,12.673380851745605,17.930185317993164,10.97241497039795,0.2661866545677185,0.5285394191741943,84.27398681640625,5032.0,15.675766944885254,936.0,0.0,0.0,0.0502428375184536,3.0,0.0,0.0,0.4564090669155121,0.09944824874401093,0.4441426992416382,0.093894362449646,0.11920291930437088,0.9845706820487976,0.9503060579299927,0.6428571428571429,0.25438597798347473,0.24329572916030884,0.24655388295650482,0.2557644248008728
11,0.21724206206316088,9.412396430969238,14.171635627746582,8.190272331237793,0.5401391983032227,0.736569344997406,91.52152252197266,21859.0,8.440796852111816,2016.0,0.0,0.0,0.03768213093280792,9.0,0.0,0.0,4.80868673324585,6.911967754364014,4.253802299499512,0.8900843858718872,0.9435771107673645,99.11237335205078,5918.0,0.8541283011436462,51.0,0.0,0.0,0.0334952250123024,2.0,0.0,0.0,8.868404388427734,12.932966232299805,7.734353065490723,0.6168777346611023,0.7858336567878723,93.4516830444336,5580.0,6.514822006225586,389.0,0.0,0.0,0.0334952250123024,2.0,0.0,0.0,11.2967529296875,16.258323669433594,9.798434257507324,0.3959217667579651,0.6340387463569641,88.77909851074219,5301.0,11.187405586242676,668.0,0.0,0.0,0.0334952250123024,2.0,0.0,0.0,12.675745010375977,17.99919319152832,10.974503517150879,0.26052725315093994,0.5266679525375366,84.742919921875,5060.0,15.206832885742188,908.0,0.0,0.0,0.0502428375184536,3.0,0.0,0.0,0.43070855736732483,0.10597815364599228,0.46331334114074707,0.10023853182792664,0.11920291930437088,0.978473424911499,0.9488112926483154,0.7142857142857143,0.24561403691768646,0.23884710669517517,0.24987469613552094,0.26566416025161743
12,0.21528072450739022,9.535419464111328,14.32388687133789,8.296647071838379,0.5302051901817322,0.7306559085845947,91.06095886230469,21749.0,8.90135669708252,2126.0,0.0,0.0,0.03768213093280792,9.0,0.0,0.0,4.834644317626953,6.9361371994018555,4.280357837677002,0.8893142938613892,0.9432243704795837,99.0788803100586,5916.0,0.8876235485076904,53.0,0.0,0.0,0.0334952250123024,2.0,0.0,0.0,8.971177101135254,13.027153015136719,7.829051971435547,0.6112771034240723,0.7824773192405701,93.40143585205078,5577.0,6.565064430236816,392.0,0.0,0.0,0.0334952250123024,2.0,0.0,0.0,11.469894409179688,16.432571411132812,9.943814277648926,0.3829039931297302,0.6257655024528503,88.04220581054688,5257.0,11.924301147460938,712.0,0.0,0.0,0.0334952250123024,2.0,0.0,0.0,12.865961074829102,18.2441463470459,11.1333646774292,0.24026328325271606,0.5130495429039001,83.72132110595703,4999.0,16.228437423706055,969.0,0.0,0.0,0.0502428375184536,3.0,0.0,0.0,0.4225083291530609,0.12268979102373123,0.45480191707611084,0.11491989344358444,0.11920291930437088,0.9778456091880798,0.9470965266227722,0.7857142857142857,0.23684212565422058,0.2343984991312027,0.25319552421569824,0.27556392550468445
13,0.21063820840242234,9.679682731628418,14.498127937316895,8.438169479370117,0.5187061429023743,0.7236970067024231,90.6799545288086,21658.0,9.282364845275879,2217.0,0.0,0.0,0.03768213093280792,9.0,0.0,0.0,4.892902851104736,6.986713409423828,4.335249423980713,0.887694239616394,0.9424007534980774,99.09562683105469,5917.0,0.870875895023346,52.0,0.0,0.0,0.0334952250123024,2.0,0.0,0.0,9.124560356140137,13.161828994750977,7.975376605987549,0.6031982898712158,0.7776432037353516,93.01624298095703,5554.0,6.950260162353516,415.0,0.0,0.0,0.0334952250123024,2.0,0.0,0.0,11.645689964294434,16.630403518676758,10.118974685668945,0.3679560422897339,0.6158608198165894,87.42254638671875,5220.0,12.543962478637695,749.0,0.0,0.0,0.0334952250123024,2.0,0.0,0.0,13.055578231811523,18.49769401550293,11.323080062866211,0.2189996838569641,0.4988184869289398,83.1854019165039,4967.0,16.764360427856445,1001.0,0.0,0.0,0.0502428375184536,3.0,0.0,0.0,0.43708667159080505,0.13136087357997894,0.431552529335022,0.11971085518598557,0.11920291930437088,0.9788379073143005,0.9405444860458374,0.8571428571428571,0.22807016968727112,0.22994986176490784,0.25651630759239197,0.2854636609554291
14,0.20490166793693057,9.744632720947266,14.60876178741455,8.503039360046387,0.5113327503204346,0.7206016182899475,90.18589782714844,21540.0,9.776419639587402,2335.0,0.0,0.0,0.03768213093280792,9.0,0.0,0.0,4.8838090896606445,6.957542896270752,4.328951358795166,0.8886300921440125,0.9429864287376404,98.94490051269531,5908.0,1.0216044187545776,61.0,0.0,0.0,0.0334952250123024,2.0,0.0,0.0,9.14980697631836,13.201362609863281,8.00142765045166,0.6008109450340271,0.7770901918411255,92.4970703125,5523.0,7.469435691833496,446.0,0.0,0.0,0.0334952250123024,2.0,0.0,0.0,11.775407791137695,16.831254959106445,10.244390487670898,0.3525969982147217,0.6087520122528076,86.702392578125,5177.0,13.26410961151123,792.0,0.0,0.0,0.0334952250123024,2.0,0.0,0.0,13.169508934020996,18.64642333984375,11.437386512756348,0.20638996362686157,0.494724303483963,82.59922790527344,4932.0,17.350526809692383,1036.0,0.0,0.0,0.0502428375184536,3.0,0.0,0.0,0.40512919425964355,0.13688357174396515,0.45798730850219727,0.11859812587499619,0.11920291930437088,0.9752879738807678,0.9406818151473999,0.9285714285714286,0.21929824352264404,0.22550123929977417,0.2598370909690857,0.2953633964061737
15,0.20389001348433552,9.90971565246582,14.913081169128418,8.645967483520508,0.49076157808303833,0.7093350887298584,89.61228942871094,21403.0,10.350025177001953,2472.0,0.0,0.0,0.03768213093280792,9.0,0.0,0.0,4.8898491859436035,7.003844738006592,4.332444190979004,0.8871428370475769,0.9422334432601929,99.02864074707031,5913.0,0.9378663301467896,56.0,0.0,0.0,0.0334952250123024,2.0,0.0,0.0,9.296073913574219,13.39469051361084,8.130121231079102,0.5890334844589233,0.7703922986984253,92.11187744140625,5500.0,7.854630947113037,469.0,0.0,0.0,0.0334952250123024,2.0,0.0,0.0,12.027441024780273,17.20636749267578,10.463622093200684,0.3234185576438904,0.592754065990448,85.36258697509766,5097.0,14.60391902923584,872.0,0.0,0.0,0.0334952250123024,2.0,0.0,0.0,13.425498962402344,19.10678482055664,11.657682418823242,0.16671931743621826,0.4744601547718048,81.94607543945312,4893.0,18.003684997558594,1075.0,0.0,0.0,0.0502428375184536,3.0,0.0,0.0,0.3649294674396515,0.15110942721366882,0.48396116495132446,0.12158409506082535,0.11920291930437088,0.9677042365074158,0.9366805553436279,1.0,0.21052631735801697,0.2210526168346405,0.2631579041481018,0.3052631616592407
16,0.19498871555056518,10.063431739807129,15.188623428344727,8.801224708557129,0.4717697501182556,0.698681652545929,89.1517333984375,21293.0,10.810585021972656,2582.0,0.0,0.0,0.03768213093280792,9.0,0.0,0.0,4.944603443145752,7.091117858886719,4.385268688201904,0.8843127489089966,0.940820574760437,98.9783935546875,5910.0,0.9881092309951782,59.0,0.0,0.0,0.0334952250123024,2.0,0.0,0.0,9.406228065490723,13.602699279785156,8.24483871459961,0.5761703848838806,0.762955904006958,91.76017761230469,5479.0,8.206330299377441,490.0,0.0,0.0,0.0334952250123024,2.0,0.0,0.0,12.214110374450684,17.552732467651367,10.656681060791016,0.29590511322021484,0.577654242515564,84.72618103027344,5059.0,15.240327835083008,910.0,0.0,0.0,0.0334952250123024,2.0,0.0,0.0,13.688787460327148,19.47719955444336,11.918113708496094,0.13409727811813354,0.4559033513069153,81.1421890258789,4845.0,18.807571411132812,1123.0,0.0,0.0,0.0502428375184536,3.0,0.0,0.0,0.3574088215827942,0.1534193605184555,0.4891718626022339,0.12669235467910767,0.11920291930437088,0.9672332406044006,0.9346650242805481,1.0,0.21052631735801697,0.2210526168346405,0.2631579041481018,0.3052631616592407
17,0.190021227768051,10.180435180664062,15.426859855651855,8.887375831604004,0.45506900548934937,0.6892197132110596,88.77490997314453,21203.0,11.187405586242676,2672.0,0.0,0.0,0.03768213093280792,9.0,0.0,0.0,4.984119892120361,7.177141189575195,4.4153947830200195,0.8814888596534729,0.9393730163574219,98.92815399169922,5907.0,1.0383520126342773,62.0,0.0,0.0,0.0334952250123024,2.0,0.0,0.0,9.534355163574219,13.84315299987793,8.35152530670166,0.561053991317749,0.754332959651947,91.50895690917969,5464.0,8.457544326782227,505.0,0.0,0.0,0.0334952250123024,2.0,0.0,0.0,12.377104759216309,17.85885238647461,10.779520034790039,0.2711321711540222,0.5631257891654968,84.1567611694336,5025.0,15.809747695922852,944.0,0.0,0.0,0.0334952250123024,2.0,0.0,0.0,13.826159477233887,19.745105743408203,12.003066062927246,0.11011272668838501,0.44282349944114685,80.50577545166016,4807.0,19.443979263305664,1161.0,0.0,0.0,0.0502428375184536,3.0,0.0,0.0,0.34893500804901123,0.1752069890499115,0.47585806250572205,0.13099293410778046,0.11920291930437088,0.9677683711051941,0.9389026165008545,1.0,0.21052631735801697,0.2210526168346405,0.2631579041481018,0.3052631616592407
step,fold10/test_loss,fold10/test_mae,fold10/test_rmse,fold10/test_mard,fold10/test_r2,fold10/test_pearson,fold10/test_ega_zone_a_pct,fold10/test_ega_zone_a_count,fold10/test_ega_zone_b_pct,fold10/test_ega_zone_b_count,fold10/test_ega_zone_c_pct,fold10/test_ega_zone_c_count,fold10/test_ega_zone_d_pct,fold10/test_ega_zone_d_count,fold10/test_ega_zone_e_pct,fold10/test_ega_zone_e_count,fold10/test_horizon_15_mae,fold10/test_horizon_15_rmse,fold10/test_horizon_15_mard,fold10/test_horizon_15_r2,fold10/test_horizon_15_pearson,fold10/test_horizon_15_ega_zone_a_pct,fold10/test_horizon_15_ega_zone_a_count,fold10/test_horizon_15_ega_zone_b_pct,fold10/test_horizon_15_ega_zone_b_count,fold10/test_horizon_15_ega_zone_c_pct,fold10/test_horizon_15_ega_zone_c_count,fold10/test_horizon_15_ega_zone_d_pct,fold10/test_horizon_15_ega_zone_d_count,fold10/test_horizon_15_ega_zone_e_pct,fold10/test_horizon_15_ega_zone_e_count,fold10/test_horizon_30_mae,fold10/test_horizon_30_rmse,fold10/test_horizon_30_mard,fold10/test_horizon_30_r2,fold10/test_horizon_30_pearson,fold10/test_horizon_30_ega_zone_a_pct,fold10/test_horizon_30_ega_zone_a_count,fold10/test_horizon_30_ega_zone_b_pct,fold10/test_horizon_30_ega_zone_b_count,fold10/test_horizon_30_ega_zone_c_pct,fold10/test_horizon_30_ega_zone_c_count,fold10/test_horizon_30_ega_zone_d_pct,fold10/test_horizon_30_ega_zone_d_count,fold10/test_horizon_30_ega_zone_e_pct,fold10/test_horizon_30_ega_zone_e_count,fold10/test_horizon_45_mae,fold10/test_horizon_45_rmse,fold10/test_horizon_45_mard,fold10/test_horizon_45_r2,fold10/test_horizon_45_pearson,fold10/test_horizon_45_ega_zone_a_pct,fold10/test_horizon_45_ega_zone_a_count,fold10/test_horizon_45_ega_zone_b_pct,fold10/test_horizon_45_ega_zone_b_count,fold10/test_horizon_45_ega_zone_c_pct,fold10/test_horizon_45_ega_zone_c_count,fold10/test_horizon_45_ega_zone_d_pct,fold10/test_horizon_45_ega_zone_d_count,fold10/test_horizon_45_ega_zone_e_pct,fold10/test_horizon_45_ega_zone_e_count,fold10/test_horizon_60_mae,fold10/test_horizon_60_rmse,fold10/test_horizon_60_mard,fold10/test_horizon_60_r2,fold10/test_horizon_60_pearson,fold10/test_horizon_60_ega_zone_a_pct,fold10/test_horizon_60_ega_zone_a_count,fold10/test_horizon_60_ega_zone_b_pct,fold10/test_horizon_60_ega_zone_b_count,fold10/test_horizon_60_ega_zone_c_pct,fold10/test_horizon_60_ega_zone_c_count,fold10/test_horizon_60_ega_zone_d_pct,fold10/test_horizon_60_ega_zone_d_count,fold10/test_horizon_60_ega_zone_e_pct,fold10/test_horizon_60_ega_zone_e_count
0,0.42965494613050786,13.796339988708496,22.24656105041504,12.403352737426758,0.43211132287979126,0.676056444644928,81.30902862548828,6199.0,16.907135009765625,1289.0,0.013116473332047462,1.0,1.7444911003112793,133.0,0.026232946664094925,2.0,7.010097026824951,10.419903755187988,6.339849472045898,0.8762801885604858,0.9361817836761475,95.27806854248047,1816.0,4.092339992523193,78.0,0.0,0.0,0.6295907497406006,12.0,0.0,0.0,12.920770645141602,19.572580337524414,11.541010856628418,0.5613759756088257,0.7554399371147156,82.109130859375,1565.0,16.31689453125,311.0,0.0,0.0,1.5739768743515015,30.0,0.0,0.0,16.520103454589844,25.32890510559082,14.782084465026855,0.2614421248435974,0.5577355623245239,75.18363189697266,1433.0,22.507869720458984,429.0,0.0,0.0,2.308499336242676,44.0,0.0,0.0,18.734384536743164,29.09337615966797,16.950464248657227,0.02298128604888916,0.38524094223976135,72.66526794433594,1385.0,24.711437225341797,471.0,0.05246589332818985,1.0,2.46589732170105,47.0,0.1049317866563797,2.0
step,fold11/train_loss,fold11/val_mae,fold11/val_rmse,fold11/val_mard,fold11/val_r2,fold11/val_pearson,fold11/val_ega_zone_a_pct,fold11/val_ega_zone_a_count,fold11/val_ega_zone_b_pct,fold11/val_ega_zone_b_count,fold11/val_ega_zone_c_pct,fold11/val_ega_zone_c_count,fold11/val_ega_zone_d_pct,fold11/val_ega_zone_d_count,fold11/val_ega_zone_e_pct,fold11/val_ega_zone_e_count,fold11/val_horizon_15_mae,fold11/val_horizon_15_rmse,fold11/val_horizon_15_mard,fold11/val_horizon_15_r2,fold11/val_horizon_15_pearson,fold11/val_horizon_15_ega_zone_a_pct,fold11/val_horizon_15_ega_zone_a_count,fold11/val_horizon_15_ega_zone_b_pct,fold11/val_horizon_15_ega_zone_b_count,fold11/val_horizon_15_ega_zone_c_pct,fold11/val_horizon_15_ega_zone_c_count,fold11/val_horizon_15_ega_zone_d_pct,fold11/val_horizon_15_ega_zone_d_count,fold11/val_horizon_15_ega_zone_e_pct,fold11/val_horizon_15_ega_zone_e_count,fold11/val_horizon_30_mae,fold11/val_horizon_30_rmse,fold11/val_horizon_30_mard,fold11/val_horizon_30_r2,fold11/val_horizon_30_pearson,fold11/val_horizon_30_ega_zone_a_pct,fold11/val_horizon_30_ega_zone_a_count,fold11/val_horizon_30_ega_zone_b_pct,fold11/val_horizon_30_ega_zone_b_count,fold11/val_horizon_30_ega_zone_c_pct,fold11/val_horizon_30_ega_zone_c_count,fold11/val_horizon_30_ega_zone_d_pct,fold11/val_horizon_30_ega_zone_d_count,fold11/val_horizon_30_ega_zone_e_pct,fold11/val_horizon_30_ega_zone_e_count,fold11/val_horizon_45_mae,fold11/val_horizon_45_rmse,fold11/val_horizon_45_mard,fold11/val_horizon_45_r2,fold11/val_horizon_45_pearson,fold11/val_horizon_45_ega_zone_a_pct,fold11/val_horizon_45_ega_zone_a_count,fold11/val_horizon_45_ega_zone_b_pct,fold11/val_horizon_45_ega_zone_b_count,fold11/val_horizon_45_ega_zone_c_pct,fold11/val_horizon_45_ega_zone_c_count,fold11/val_horizon_45_ega_zone_d_pct,fold11/val_horizon_45_ega_zone_d_count,fold11/val_horizon_45_ega_zone_e_pct,fold11/val_horizon_45_ega_zone_e_count,fold11/val_horizon_60_mae,fold11/val_horizon_60_rmse,fold11/val_horizon_60_mard,fold11/val_horizon_60_r2,fold11/val_horizon_60_pearson,fold11/val_horizon_60_ega_zone_a_pct,fold11/val_horizon_60_ega_zone_a_count,fold11/val_horizon_60_ega_zone_b_pct,fold11/val_horizon_60_ega_zone_b_count,fold11/val_horizon_60_ega_zone_c_pct,fold11/val_horizon_60_ega_zone_c_count,fold11/val_horizon_60_ega_zone_d_pct,fold11/val_horizon_60_ega_zone_d_count,fold11/val_horizon_60_ega_zone_e_pct,fold11/val_horizon_60_ega_zone_e_count,fold11/diag_fusion_gate_cgm,fold11/diag_fusion_gate_cgm_guided,fold11/diag_fusion_gate_physio,fold11/diag_horizon_query_similarity,fold11/diag_horizon_progressive_gate,fold11/diag_horizon_attention_similarity,fold11/diag_horizon_attention_entropy,fold11/diag_horizon_curriculum_progress,fold11/diag_loss_horizon_weight_0,fold11/diag_loss_horizon_weight_1,fold11/diag_loss_horizon_weight_2,fold11/diag_loss_horizon_weight_3
1,0.2411627172227222,12.668502807617188,20.30657958984375,11.273643493652344,0.3418891429901123,0.6442046165466309,83.45753479003906,11871.0,15.537120819091797,2210.0,0.007030371576547623,1.0,0.9912823438644409,141.0,0.007030371576547623,1.0,7.278555393218994,11.076955795288086,6.46129846572876,0.8048602342605591,0.898835301399231,94.79753112792969,3371.0,4.752531051635742,169.0,0.0,0.0,0.44994378089904785,16.0,0.0,0.0,11.8368501663208,18.164142608642578,10.467519760131836,0.4740195870399475,0.7176830172538757,84.58942413330078,3008.0,14.510686874389648,516.0,0.0,0.0,0.8998875617980957,32.0,0.0,0.0,14.764430046081543,22.76642608642578,13.099713325500488,0.17088794708251953,0.5460867285728455,78.93700408935547,2807.0,19.85376739501953,706.0,0.0,0.0,1.2092238664627075,43.0,0.0,0.0,16.794179916381836,26.047712326049805,15.066038131713867,-0.0853729248046875,0.390976220369339,75.50618743896484,2685.0,23.031496047973633,819.0,0.02812148630619049,1.0,1.4060741662979126,50.0,0.02812148630619049,1.0,0.4685520529747009,0.22059285640716553,0.31085512042045593,0.03237193450331688,0.11920291930437088,0.9999706745147705,0.9999913573265076,0.0,0.3333333432674408,0.28333333134651184,0.21666665375232697,0.1666666716337204
2,0.23823112008952294,12.531258583068848,20.038171768188477,11.203973770141602,0.35917168855667114,0.6435399651527405,83.8020248413086,11920.0,15.157480239868164,2156.0,0.007030371576547623,1.0,1.0264341831207275,146.0,0.007030371576547623,1.0,7.268067359924316,10.99997615814209,6.484325408935547,0.807563066482544,0.8995152115821838,94.88188934326172,3374.0,4.640045166015625,165.0,0.0,0.0,0.47806525230407715,17.0,0.0,0.0,11.778529167175293,17.987974166870117,10.458106994628906,0.4841727614402771,0.715997040271759,85.20809936523438,3030.0,13.835769653320312,492.0,0.0,0.0,0.9561305046081543,34.0,0.0,0.0,14.563369750976562,22.460168838500977,12.982644081115723,0.19304460287094116,0.5407376885414124,79.16197967529297,2815.0,19.572553634643555,696.0,0.0,0.0,1.2654668092727661,45.0,0.0,0.0,16.51506233215332,25.633716583251953,14.890819549560547,-0.05114567279815674,0.3838420510292053,75.95613098144531,2701.0,22.581552505493164,803.0,0.02812148630619049,1.0,1.4060741662979126,50.0,0.02812148630619049,1.0,0.2956657111644745,0.3349932134151459,0.369341105222702,0.03981483355164528,0.11920291930437088,0.9992097020149231,0.999569296836853,0.07142857142857142,0.3245614171028137,0.2788847088813782,0.21998745203018188,0.17656642198562622
3,0.23779320093541365,12.48359203338623,19.967594146728516,11.178831100463867,0.363677978515625,0.6424108147621155,83.97075653076172,11944.0,14.988751411437988,2132.0,0.007030371576547623,1.0,1.0194038152694702,145.0,0.014060743153095245,2.0,7.254144668579102,10.967780113220215,6.471031188964844,0.8086879253387451,0.8998115658760071,95.05062103271484,3380.0,4.471316337585449,159.0,0.0,0.0,0.47806525230407715,17.0,0.0,0.0,11.742264747619629,17.937763214111328,10.435372352600098,0.4870484471321106,0.7148200273513794,85.29246520996094,3033.0,13.751405715942383,489.0,0.0,0.0,0.9561305046081543,34.0,0.0,0.0,14.500577926635742,22.349712371826172,12.959444046020508,0.20096206665039062,0.5379297137260437,79.44319152832031,2825.0,19.291337966918945,686.0,0.0,0.0,1.2654668092727661,45.0,0.0,0.0,16.437381744384766,25.558835983276367,14.849469184875488,-0.04501354694366455,0.3798108994960785,76.09674072265625,2706.0,22.44094467163086,798.0,0.02812148630619049,1.0,1.3779526948928833,49.0,0.05624297261238098,2.0,0.29966405034065247,0.26051685214042664,0.4398191273212433,0.04670829698443413,0.11920291930437088,0.997627317905426,0.996992290019989,0.14285714285714285,0.31578949093818665,0.2744360864162445,0.223308265209198,0.18646617233753204
4,0.2358039985350868,12.45120906829834,19.893436431884766,11.163301467895508,0.3683956265449524,0.6414904594421387,84.04808807373047,11955.0,14.897356986999512,2119.0,0.014060743153095245,2.0,1.0194038152694702,145.0,0.02109111286699772,3.0,7.219923973083496,10.891374588012695,6.445649147033691,0.8113441467285156,0.9011852741241455,95.10686492919922,3382.0,4.415073394775391,157.0,0.0,0.0,0.47806525230407715,17.0,0.0,0.0,11.727395057678223,17.88107681274414,10.433753967285156,0.49028539657592773,0.7144469022750854,85.17997741699219,3029.0,13.8638916015625,493.0,0.0,0.0,0.9561305046081543,34.0,0.0,0.0,14.466114044189453,22.27480697631836,12.949837684631348,0.20630908012390137,0.5340630412101746,79.8368911743164,2839.0,18.869516372680664,671.0,0.0,0.0,1.2935882806777954,46.0,0.0,0.0,16.39140510559082,25.465137481689453,14.823968887329102,-0.03736567497253418,0.3710010051727295,76.06861877441406,2705.0,22.44094467163086,798.0,0.05624297261238098,2.0,1.349831223487854,48.0,0.08436445146799088,3.0,0.32782283425331116,0.2961299419403076,0.376047283411026,0.058274149894714355,0.11920291930437088,0.9953998923301697,0.9904587268829346,0.21428571428571427,0.30701756477355957,0.26998746395111084,0.22662906348705292,0.19636592268943787
5,0.23406274033193827,12.326521873474121,19.779006958007812,11.064360618591309,0.375640869140625,0.6433243155479431,84.25196838378906,11984.0,14.693476676940918,2090.0,0.014060743153095245,2.0,1.0264341831207275,146.0,0.014060743153095245,2.0,7.135773658752441,10.754426956176758,6.372583866119385,0.8160585761070251,0.9035824537277222,95.24747467041016,3387.0,4.274465560913086,152.0,0.0,0.0,0.47806525230407715,17.0,0.0,0.0,11.610790252685547,17.759658813476562,10.33193588256836,0.497184157371521,0.716857373714447,85.43307495117188,3038.0,13.610797882080078,484.0,0.0,0.0,0.9561305046081543,34.0,0.0,0.0,14.31616497039795,22.167051315307617,12.836413383483887,0.21396952867507935,0.5339399576187134,79.94937896728516,2843.0,18.757030487060547,667.0,0.0,0.0,1.2935882806777954,46.0,0.0,0.0,16.24336814880371,25.34551239013672,14.716511726379395,-0.027642130851745605,0.37085452675819397,76.3779525756836,2716.0,22.131608963012695,787.0,0.05624297261238098,2.0,1.3779526948928833,49.0,0.05624297261238098,2.0,0.2966594099998474,0.2945406436920166,0.408799946308136,0.07070612162351608,0.11920291930437088,0.9956770539283752,0.9832809567451477,0.2857142857142857,0.2982456088066101,0.2655388414859772,0.22994986176490784,0.2062656730413437
6,0.23348995188092875,12.157894134521484,19.56529426574707,10.907883644104004,0.389060378074646,0.6479625701904297,84.68081665039062,12045.0,14.278684616088867,2031.0,0.014060743153095245,2.0,1.0053430795669556,143.0,0.02109111286699772,3.0,7.058523654937744,10.609487533569336,6.318451404571533,0.8209831714630127,0.9061498045921326,95.41619873046875,3393.0,4.1338582038879395,147.0,0.0,0.0,0.44994378089904785,16.0,0.0,0.0,11.467225074768066,17.54523468017578,10.206704139709473,0.5092524290084839,0.721854567527771,85.85489654541016,3053.0,13.188976287841797,469.0,0.0,0.0,0.9561305046081543,34.0,0.0,0.0,14.129024505615234,21.951377868652344,12.651081085205078,0.22919046878814697,0.5379703640937805,80.42744445800781,2860.0,18.307086944580078,651.0,0.0,0.0,1.2654668092727661,45.0,0.0,0.0,15.97680377960205,25.07874870300293,14.455294609069824,-0.006123900413513184,0.372712641954422,77.02474975585938,2739.0,21.484813690185547,764.0,0.05624297261238098,2.0,1.349831223487854,48.0,0.08436445146799088,3.0,0.2803553342819214,0.27709901332855225,0.44254571199417114,0.09811704605817795,0.11920291930437088,0.9937986731529236,0.9741175770759583,0.35714285714285715,0.28947368264198303,0.2610902190208435,0.23327067494392395,0.2161654233932495
7,0.22934387721656974,12.130433082580566,19.497337341308594,10.876119613647461,0.393297016620636,0.6516475677490234,84.70893859863281,12049.0,14.257593154907227,2028.0,0.014060743153095245,2.0,0.9983127117156982,142.0,0.02109111286699772,3.0,6.94038724899292,10.367703437805176,6.229065418243408,0.8290495872497559,0.9106256365776062,95.64117431640625,3401.0,3.908886432647705,139.0,0.0,0.0,0.44994378089904785,16.0,0.0,0.0,11.42710018157959,17.420352935791016,10.162635803222656,0.5162136554718018,0.7269337773323059,86.07986450195312,3061.0,12.992125511169434,462.0,0.0,0.0,0.928009033203125,33.0,0.0,0.0,14.143210411071777,21.91927146911621,12.647509574890137,0.2314435839653015,0.5408349633216858,80.39932250976562,2859.0,18.335208892822266,652.0,0.0,0.0,1.2654668092727661,45.0,0.0,0.0,16.01103401184082,25.08330535888672,14.465265274047852,-0.0064896345138549805,0.374053955078125,76.71540832519531,2728.0,21.794151306152344,775.0,0.05624297261238098,2.0,1.349831223487854,48.0,0.08436445146799088,3.0,0.24504630267620087,0.22007548809051514,0.5348782539367676,0.12091237306594849,0.11920291930437088,0.9920808672904968,0.9635341763496399,0.42857142857142855,0.28070175647735596,0.25664159655570984,0.23659147322177887,0.22606515884399414
8,0.22744856826286244,12.039191246032715,19.367252349853516,10.816153526306152,0.4013657569885254,0.6576385498046875,84.63160705566406,12038.0,14.327897071838379,2038.0,0.014060743153095245,2.0,1.0053430795669556,143.0,0.02109111286699772,3.0,6.75412654876709,10.0374174118042,6.0912981033325195,0.83976811170578,0.9164785146713257,95.95050811767578,3412.0,3.5714287757873535,127.0,0.0,0.0,0.47806525230407715,17.0,0.0,0.0,11.35542106628418,17.26780128479004,10.125094413757324,0.5246496200561523,0.732667088508606,85.99549865722656,3058.0,13.07649040222168,465.0,0.0,0.0,0.928009033203125,33.0,0.0,0.0,14.099696159362793,21.834880828857422,12.632261276245117,0.23735016584396362,0.5458196997642517,80.11811065673828,2849.0,18.616422653198242,662.0,0.0,0.0,1.2654668092727661,45.0,0.0,0.0,15.947518348693848,24.99346160888672,14.415964126586914,0.0007075071334838867,0.3812903165817261,76.46231842041016,2719.0,22.047243118286133,784.0,0.05624297261238098,2.0,1.349831223487854,48.0,0.08436445146799088,3.0,0.25513046979904175,0.30292943120002747,0.44194015860557556,0.13380995392799377,0.11920291930437088,0.9873377680778503,0.9609448909759521,0.5,0.2719298303127289,0.25219297409057617,0.2399122714996338,0.23596492409706116
9,0.22080033167181007,11.938066482543945,19.15694236755371,10.751566886901855,0.41429632902145386,0.6671546697616577,84.74409484863281,12054.0,14.229472160339355,2024.0,0.02109111286699772,3.0,0.9842519760131836,140.0,0.02109111286699772,3.0,6.309573173522949,9.370028495788574,5.688814640045166,0.8603674173355103,0.9278475046157837,96.37232971191406,3427.0,3.262092113494873,116.0,0.0,0.0,0.3655792772769928,13.0,0.0,0.0,11.242427825927734,16.97866439819336,10.055373191833496,0.5404350757598877,0.7435287833213806,86.02362060546875,3059.0,13.020247459411621,463.0,0.0,0.0,0.9561305046081543,34.0,0.0,0.0,14.165017127990723,21.734573364257812,12.726996421813965,0.2443411946296692,0.550785481929779,80.2305908203125,2853.0,18.475814819335938,657.0,0.02812148630619049,1.0,1.2654668092727661,45.0,0.0,0.0,16.035255432128906,24.88955307006836,14.535082817077637,0.008999347686767578,0.38506457209587097,76.3498306274414,2715.0,22.15972900390625,788.0,0.05624297261238098,2.0,1.349831223487854,48.0,0.08436445146799088,3.0,0.2428102195262909,0.2934688329696655,0.46372103691101074,0.14079715311527252,0.11920291930437088,0.9762001037597656,0.9388511180877686,0.5714285714285714,0.2631579041481018,0.2477443516254425,0.2432330846786499,0.24586467444896698
10,0.2166887386589825,11.845158576965332,19.039291381835938,10.665993690490723,0.4214683771133423,0.6711920499801636,85.06046295166016,12099.0,13.934194564819336,1982.0,0.02109111286699772,3.0,0.9631608724594116,137.0,0.02109111286699772,3.0,6.144006729125977,9.07714557647705,5.53729772567749,0.8689600825309753,0.9324518442153931,96.93476104736328,3447.0,2.7277839183807373,97.0,0.0,0.0,0.3374578058719635,12.0,0.0,0.0,11.129500389099121,16.806127548217773,9.947632789611816,0.5497278571128845,0.7495436072349548,86.61417388916016,3080.0,12.457818031311035,443.0,0.0,0.0,0.928009033203125,33.0,0.0,0.0,14.105369567871094,21.66016387939453,12.674047470092773,0.249506413936615,0.5523077845573425,80.20246887207031,2852.0,18.532058715820312,659.0,0.02812148630619049,1.0,1.2373453378677368,44.0,0.0,0.0,16.001754760742188,24.818851470947266,14.50499439239502,0.014621496200561523,0.3839707374572754,76.49044036865234,2720.0,22.019123077392578,783.0,0.05624297261238098,2.0,1.349831223487854,48.0,0.08436445146799088,3.0,0.2494996190071106,0.3173871636390686,0.4331132769584656,0.1353820115327835,0.11920291930437088,0.9662689566612244,0.9374786615371704,0.6428571428571429,0.25438597798347473,0.24329572916030884,0.24655388295650482,0.2557644248008728
11,0.21321383957045864,11.835697174072266,19.059017181396484,10.660629272460938,0.4202690124511719,0.6726461052894592,84.86360931396484,12071.0,14.138076782226562,2011.0,0.02109111286699772,3.0,0.9561305046081543,136.0,0.02109111286699772,3.0,6.049440383911133,8.918907165527344,5.455062389373779,0.8734890222549438,0.9349840879440308,97.04724884033203,3451.0,2.61529803276062,93.0,0.0,0.0,0.3374578058719635,12.0,0.0,0.0,11.09887981414795,16.749156951904297,9.926462173461914,0.5527753829956055,0.7525457739830017,86.44544219970703,3074.0,12.654667854309082,450.0,0.0,0.0,0.8998875617980957,32.0,0.0,0.0,14.142475128173828,21.691110610961914,12.709896087646484,0.24736040830612183,0.5544354915618896,79.64004516601562,2832.0,19.0944881439209,679.0,0.02812148630619049,1.0,1.2373453378677368,44.0,0.0,0.0,16.0519962310791,24.947927474975586,14.55109977722168,0.004345417022705078,0.3849177956581116,76.32170867919922,2714.0,22.187850952148438,789.0,0.05624297261238098,2.0,1.349831223487854,48.0,0.08436445146799088,3.0,0.26936739683151245,0.33551958203315735,0.3951130509376526,0.1413911134004593,0.11920291930437088,0.9588122367858887,0.9458534717559814,0.7142857142857143,0.24561403691768646,0.23884710669517517,0.24987469613552094,0.26566416025161743
12,0.20977808493915615,11.834311485290527,19.02169418334961,10.667206764221191,0.42253732681274414,0.6765472292900085,84.737060546875,12053.0,14.257593154907227,2028.0,0.02109111286699772,3.0,0.9631608724594116,137.0,0.02109111286699772,3.0,6.009932518005371,8.850074768066406,5.418328285217285,0.875434160232544,0.9361748695373535,97.01912689208984,3450.0,2.6434195041656494,94.0,0.0,0.0,0.3374578058719635,12.0,0.0,0.0,11.091660499572754,16.738428115844727,9.926535606384277,0.553348183631897,0.7547816038131714,86.5016860961914,3076.0,12.570303916931152,447.0,0.0,0.0,0.928009033203125,33.0,0.0,0.0,14.162801742553711,21.69028091430664,12.73624324798584,0.24741798639297485,0.5599186420440674,79.72441101074219,2835.0,19.01012420654297,676.0,0.02812148630619049,1.0,1.2373453378677368,44.0,0.0,0.0,16.07285499572754,24.866291046142578,14.58771800994873,0.010850727558135986,0.3955931067466736,75.70303344726562,2692.0,22.8065242767334,811.0,0.05624297261238098,2.0,1.349831223487854,48.0,0.08436445146799088,3.0,0.29425156116485596,0.37584665417671204,0.3299018144607544,0.14738334715366364,0.11920291930437088,0.9562370777130127,0.9526826739311218,0.7857142857142857,0.23684212565422058,0.2343984991312027,0.25319552421569824,0.27556392550468445
13,0.2056275766742886,11.869852066040039,19.011281967163086,10.688272476196289,0.4231693148612976,0.6765844225883484,84.57536315917969,12030.0,14.419291496276855,2051.0,0.02109111286699772,3.0,0.9631608724594116,137.0,0.02109111286699772,3.0,6.007233619689941,8.825475692749023,5.408912181854248,0.876125693321228,0.9365278482437134,97.18785095214844,3456.0,2.4746906757354736,88.0,0.0,0.0,0.3374578058719635,12.0,0.0,0.0,11.10947322845459,16.68718147277832,9.93186092376709,0.5560790300369263,0.7561987042427063,86.33296203613281,3070.0,12.739032745361328,453.0,0.0,0.0,0.928009033203125,33.0,0.0,0.0,14.236052513122559,21.68384552001953,12.792680740356445,0.24786436557769775,0.5591144561767578,78.8807601928711,2805.0,19.85376739501953,706.0,0.02812148630619049,1.0,1.2373453378677368,44.0,0.0,0.0,16.126646041870117,24.883230209350586,14.619634628295898,0.009502649307250977,0.39353588223457336,75.89988708496094,2699.0,22.60967254638672,804.0,0.05624297261238098,2.0,1.349831223487854,48.0,0.08436445146799088,3.0,0.3120560348033905,0.3459423780441284,0.3420015871524811,0.1473647505044937,0.11920291930437088,0.9560936093330383,0.9575806856155396,0.8571428571428571,0.22807016968727112,0.22994986176490784,0.25651630759239197,0.2854636609554291
14,0.20119302837398986,11.941549301147461,19.09275245666504,10.74728775024414,0.41821491718292236,0.6742450594902039,84.44882202148438,12012.0,14.545838356018066,2069.0,0.02109111286699772,3.0,0.9631608724594116,137.0,0.02109111286699772,3.0,6.001262664794922,8.829585075378418,5.39771842956543,0.8760102987289429,0.9365425705909729,97.24409484863281,3458.0,2.418447732925415,86.0,0.0,0.0,0.3374578058719635,12.0,0.0,0.0,11.207466125488281,16.755735397338867,10.013360977172852,0.5524239540100098,0.7542734742164612,86.361083984375,3071.0,12.71091079711914,452.0,0.0,0.0,0.928009033203125,33.0,0.0,0.0,14.3377685546875,21.792203903198242,12.879170417785645,0.24032849073410034,0.5554332733154297,78.57142639160156,2794.0,20.163103103637695,717.0,0.02812148630619049,1.0,1.2373453378677368,44.0,0.0,0.0,16.21969985961914,24.990325927734375,14.69890308380127,0.0009583234786987305,0.3896784484386444,75.6186752319336,2689.0,22.890888214111328,814.0,0.05624297261238098,2.0,1.349831223487854,48.0,0.08436445146799088,3.0,0.2966786026954651,0.35700517892837524,0.34631630778312683,0.15593022108078003,0.11920291930437088,0.9568894505500793,0.9599658250808716,0.9285714285714286,0.21929824352264404,0.22550123929977417,0.2598370909690857,0.2953633964061737
15,0.1970640150271878,11.95378303527832,19.12188720703125,10.749882698059082,0.4164379835128784,0.6730306148529053,84.42772674560547,12009.0,14.573960304260254,2073.0,0.02109111286699772,3.0,0.9561305046081543,136.0,0.02109111286699772,3.0,5.966221809387207,8.822500228881836,5.357906818389893,0.8762091994285583,0.9365215301513672,97.18785095214844,3456.0,2.4746906757354736,88.0,0.0,0.0,0.3374578058719635,12.0,0.0,0.0,11.16015625,16.720922470092773,9.949236869812012,0.5542819499969482,0.7551111578941345,86.47356414794922,3075.0,12.626546859741211,449.0,0.0,0.0,0.8998875617980957,32.0,0.0,0.0,14.357259750366211,21.804006576538086,12.887290000915527,0.23950546979904175,0.5558658838272095,78.65579223632812,2797.0,20.078739166259766,714.0,0.02812148630619049,1.0,1.2373453378677368,44.0,0.0,0.0,16.331497192382812,25.094738006591797,14.805094718933105,-0.0074073076248168945,0.38442856073379517,75.3936996459961,2681.0,23.115859985351562,822.0,0.05624297261238098,2.0,1.349831223487854,48.0,0.08436445146799088,3.0,0.28873932361602783,0.38331830501556396,0.32794246077537537,0.1551426500082016,0.11920291930437088,0.9543852210044861,0.960172176361084,1.0,0.21052631735801697,0.2210526168346405,0.2631579041481018,0.3052631616592407
16,0.19050870307631632,12.165493965148926,19.288713455200195,10.955008506774902,0.40621113777160645,0.6677665710449219,83.977783203125,11945.0,15.023903846740723,2137.0,0.02109111286699772,3.0,0.9561305046081543,136.0,0.02109111286699772,3.0,5.9889349937438965,8.767922401428223,5.38556432723999,0.8777360916137695,0.9372844099998474,97.46907043457031,3466.0,2.1934759616851807,78.0,0.0,0.0,0.3374578058719635,12.0,0.0,0.0,11.322083473205566,16.818464279174805,10.107993125915527,0.5490665435791016,0.7522050738334656,85.93925476074219,3056.0,13.16085433959961,468.0,0.0,0.0,0.8998875617980957,32.0,0.0,0.0,14.661965370178223,22.057310104370117,13.178369522094727,0.22173303365707397,0.5463778376579285,77.75590515136719,2765.0,20.978628158569336,746.0,0.02812148630619049,1.0,1.2373453378677368,44.0,0.0,0.0,16.68899154663086,25.33684730529785,15.148104667663574,-0.02693963050842285,0.3761729896068573,74.74691009521484,2658.0,23.76265525817871,845.0,0.05624297261238098,2.0,1.349831223487854,48.0,0.08436445146799088,3.0,0.31212693452835083,0.3580121695995331,0.32986101508140564,0.15316766500473022,0.11920291930437088,0.9535368084907532,0.9631813764572144,1.0,0.21052631735801697,0.2210526168346405,0.2631579041481018,0.3052631616592407
17,0.18540156175887662,12.194076538085938,19.436647415161133,10.966689109802246,0.3970680832862854,0.6642176508903503,83.9988784790039,11948.0,15.002812385559082,2134.0,0.02109111286699772,3.0,0.9561305046081543,136.0,0.02109111286699772,3.0,5.974451541900635,8.799633026123047,5.366489887237549,0.8768501281738281,0.9368894696235657,97.272216796875,3459.0,2.3903262615203857,85.0,0.0,0.0,0.3374578058719635,12.0,0.0,0.0,11.34874153137207,16.953792572021484,10.118846893310547,0.5417805910110474,0.7488898634910583,85.79865264892578,3051.0,13.301462173461914,473.0,0.0,0.0,0.8998875617980957,32.0,0.0,0.0,14.705976486206055,22.24241828918457,13.200455665588379,0.20861560106277466,0.5419237613677979,78.40269470214844,2788.0,20.33183479309082,723.0,0.02812148630619049,1.0,1.2373453378677368,44.0,0.0,0.0,16.747133255004883,25.525344848632812,15.180964469909668,-0.042276620864868164,0.3732685446739197,74.52193450927734,2650.0,23.987627029418945,853.0,0.05624297261238098,2.0,1.349831223487854,48.0,0.08436445146799088,3.0,0.307630330324173,0.3709442913532257,0.3214253783226013,0.1523394137620926,0.11920291930437088,0.9434894919395447,0.9619101285934448,1.0,0.21052631735801697,0.2210526168346405,0.2631579041481018,0.3052631616592407
18,0.17798381163403879,12.354900360107422,19.65622901916504,11.104249954223633,0.38336825370788574,0.6605623960494995,83.60517883300781,11892.0,15.396512985229492,2190.0,0.02109111286699772,3.0,0.9561305046081543,136.0,0.02109111286699772,3.0,6.009988307952881,8.85512924194336,5.3966240882873535,0.8752918839454651,0.9361953139305115,97.21597290039062,3457.0,2.4465692043304443,87.0,0.0,0.0,0.3374578058719635,12.0,0.0,0.0,11.469923973083496,17.107641220092773,10.22233772277832,0.5334265828132629,0.7466045022010803,85.65804290771484,3046.0,13.442069053649902,478.0,0.0,0.0,0.8998875617980957,32.0,0.0,0.0,14.941349029541016,22.502717971801758,13.401564598083496,0.1899842619895935,0.5396202206611633,77.47468566894531,2755.0,21.259841918945312,756.0,0.02812148630619049,1.0,1.2373453378677368,44.0,0.0,0.0,16.998340606689453,25.84593391418457,15.396475791931152,-0.06862235069274902,0.3712715208530426,74.07199096679688,2634.0,24.437570571899414,869.0,0.05624297261238098,2.0,1.349831223487854,48.0,0.08436445146799088,3.0,0.3177347779273987,0.3689887225627899,0.3132765591144562,0.15517236292362213,0.11920291930437088,0.9482099413871765,0.9650814533233643,1.0,0.21052631735801697,0.2210526168346405,0.2631579041481018,0.3052631616592407
19,0.17210064267132685,12.475600242614746,19.850088119506836,11.217782974243164,0.37114518880844116,0.654920220375061,83.23959350585938,11840.0,15.755062103271484,2241.0,0.02109111286699772,3.0,0.9631608724594116,137.0,0.02109111286699772,3.0,6.026677131652832,8.919580459594727,5.410546779632568,0.8734699487686157,0.9352771639823914,97.10348510742188,3453.0,2.5590550899505615,91.0,0.0,0.0,0.3374578058719635,12.0,0.0,0.0,11.542911529541016,17.206647872924805,10.284643173217773,0.5280104875564575,0.7440480589866638,85.43307495117188,3038.0,13.638919830322266,485.0,0.0,0.0,0.928009033203125,33.0,0.0,0.0,15.135960578918457,22.75138282775879,13.584308624267578,0.17198330163955688,0.5318000912666321,77.05286407470703,2740.0,21.681665420532227,771.0,0.02812148630619049,1.0,1.2373453378677368,44.0,0.0,0.0,17.196849822998047,26.131420135498047,15.591636657714844,-0.09236001968383789,0.3617631494998932,73.36895751953125,2609.0,25.140607833862305,894.0,0.05624297261238098,2.0,1.349831223487854,48.0,0.08436445146799088,3.0,0.34084585309028625,0.3481300473213196,0.31102415919303894,0.15816669166088104,0.11920291930437088,0.9471495151519775,0.962354302406311,1.0,0.21052631735801697,0.2210526168346405,0.2631579041481018,0.3052631616592407
20,0.16731889627449542,12.515413284301758,19.934091567993164,11.268021583557129,0.3658113479614258,0.6505957245826721,83.11305236816406,11822.0,15.874578475952148,2258.0,0.02109111286699772,3.0,0.970191240310669,138.0,0.02109111286699772,3.0,5.981614112854004,8.883268356323242,5.372689247131348,0.8744980096817017,0.9357587695121765,97.18785095214844,3456.0,2.4746906757354736,88.0,0.0,0.0,0.3374578058719635,12.0,0.0,0.0,11.550954818725586,17.220043182373047,10.305021286010742,0.5272753834724426,0.7422550320625305,85.23622131347656,3031.0,13.835769653320312,492.0,0.0,0.0,0.928009033203125,33.0,0.0,0.0,15.18917179107666,22.85672378540039,13.651488304138184,0.1642979383468628,0.5240076780319214,77.02474975585938,2739.0,21.681665420532227,771.0,0.02812148630619049,1.0,1.2654668092727661,45.0,0.0,0.0,17.339906692504883,26.29828643798828,15.742889404296875,-0.10635554790496826,0.35172829031944275,73.00337219238281,2596.0,25.506187438964844,907.0,0.05624297261238098,2.0,1.349831223487854,48.0,0.08436445146799088,3.0,0.3429171144962311,0.3473999798297882,0.3096829652786255,0.1598927527666092,0.11920291930437088,0.9482176899909973,0.9650660753250122,1.0,0.21052631735801697,0.2210526168346405,0.2631579041481018,0.3052631616592407
step,fold11/test_loss,fold11/test_mae,fold11/test_rmse,fold11/test_mard,fold11/test_r2,fold11/test_pearson,fold11/test_ega_zone_a_pct,fold11/test_ega_zone_a_count,fold11/test_ega_zone_b_pct,fold11/test_ega_zone_b_count,fold11/test_ega_zone_c_pct,fold11/test_ega_zone_c_count,fold11/test_ega_zone_d_pct,fold11/test_ega_zone_d_count,fold11/test_ega_zone_e_pct,fold11/test_ega_zone_e_count,fold11/test_horizon_15_mae,fold11/test_horizon_15_rmse,fold11/test_horizon_15_mard,fold11/test_horizon_15_r2,fold11/test_horizon_15_pearson,fold11/test_horizon_15_ega_zone_a_pct,fold11/test_horizon_15_ega_zone_a_count,fold11/test_horizon_15_ega_zone_b_pct,fold11/test_horizon_15_ega_zone_b_count,fold11/test_horizon_15_ega_zone_c_pct,fold11/test_horizon_15_ega_zone_c_count,fold11/test_horizon_15_ega_zone_d_pct,fold11/test_horizon_15_ega_zone_d_count,fold11/test_horizon_15_ega_zone_e_pct,fold11/test_horizon_15_ega_zone_e_count,fold11/test_horizon_30_mae,fold11/test_horizon_30_rmse,fold11/test_horizon_30_mard,fold11/test_horizon_30_r2,fold11/test_horizon_30_pearson,fold11/test_horizon_30_ega_zone_a_pct,fold11/test_horizon_30_ega_zone_a_count,fold11/test_horizon_30_ega_zone_b_pct,fold11/test_horizon_30_ega_zone_b_count,fold11/test_horizon_30_ega_zone_c_pct,fold11/test_horizon_30_ega_zone_c_count,fold11/test_horizon_30_ega_zone_d_pct,fold11/test_horizon_30_ega_zone_d_count,fold11/test_horizon_30_ega_zone_e_pct,fold11/test_horizon_30_ega_zone_e_count,fold11/test_horizon_45_mae,fold11/test_horizon_45_rmse,fold11/test_horizon_45_mard,fold11/test_horizon_45_r2,fold11/test_horizon_45_pearson,fold11/test_horizon_45_ega_zone_a_pct,fold11/test_horizon_45_ega_zone_a_count,fold11/test_horizon_45_ega_zone_b_pct,fold11/test_horizon_45_ega_zone_b_count,fold11/test_horizon_45_ega_zone_c_pct,fold11/test_horizon_45_ega_zone_c_count,fold11/test_horizon_45_ega_zone_d_pct,fold11/test_horizon_45_ega_zone_d_count,fold11/test_horizon_45_ega_zone_e_pct,fold11/test_horizon_45_ega_zone_e_count,fold11/test_horizon_60_mae,fold11/test_horizon_60_rmse,fold11/test_horizon_60_mard,fold11/test_horizon_60_r2,fold11/test_horizon_60_pearson,fold11/test_horizon_60_ega_zone_a_pct,fold11/test_horizon_60_ega_zone_a_count,fold11/test_horizon_60_ega_zone_b_pct,fold11/test_horizon_60_ega_zone_b_count,fold11/test_horizon_60_ega_zone_c_pct,fold11/test_horizon_60_ega_zone_c_count,fold11/test_horizon_60_ega_zone_d_pct,fold11/test_horizon_60_ega_zone_d_count,fold11/test_horizon_60_ega_zone_e_pct,fold11/test_horizon_60_ega_zone_e_count
0,0.31578844031554687,11.538186073303223,17.00742530822754,9.38534927368164,0.5010185241699219,0.722092866897583,88.296630859375,7537.0,11.703373908996582,999.0,0.0,0.0,0.0,0.0,0.0,0.0,5.313144683837891,7.494271755218506,4.39737606048584,0.9036639928817749,0.9506369233131409,99.2970962524414,2119.0,0.7029053568840027,15.0,0.0,0.0,0.0,0.0,0.0,0.0,10.685775756835938,15.140912055969238,8.701451301574707,0.6049786806106567,0.7829433083534241,91.94001770019531,1962.0,8.059981346130371,172.0,0.0,0.0,0.0,0.0,0.0,0.0,14.122454643249512,19.68811798095703,11.434761047363281,0.3289639949798584,0.6110762357711792,83.1302719116211,1774.0,16.869728088378906,360.0,0.0,0.0,0.0,0.0,0.0,0.0,16.0313663482666,21.99947738647461,13.00780963897705,0.16216784715652466,0.5004302859306335,78.81912231445312,1682.0,21.18088150024414,452.0,0.0,0.0,0.0,0.0,0.0,0.0
step,fold12/train_loss,fold12/val_mae,fold12/val_rmse,fold12/val_mard,fold12/val_r2,fold12/val_pearson,fold12/val_ega_zone_a_pct,fold12/val_ega_zone_a_count,fold12/val_ega_zone_b_pct,fold12/val_ega_zone_b_count,fold12/val_ega_zone_c_pct,fold12/val_ega_zone_c_count,fold12/val_ega_zone_d_pct,fold12/val_ega_zone_d_count,fold12/val_ega_zone_e_pct,fold12/val_ega_zone_e_count,fold12/val_horizon_15_mae,fold12/val_horizon_15_rmse,fold12/val_horizon_15_mard,fold12/val_horizon_15_r2,fold12/val_horizon_15_pearson,fold12/val_horizon_15_ega_zone_a_pct,fold12/val_horizon_15_ega_zone_a_count,fold12/val_horizon_15_ega_zone_b_pct,fold12/val_horizon_15_ega_zone_b_count,fold12/val_horizon_15_ega_zone_c_pct,fold12/val_horizon_15_ega_zone_c_count,fold12/val_horizon_15_ega_zone_d_pct,fold12/val_horizon_15_ega_zone_d_count,fold12/val_horizon_15_ega_zone_e_pct,fold12/val_horizon_15_ega_zone_e_count,fold12/val_horizon_30_mae,fold12/val_horizon_30_rmse,fold12/val_horizon_30_mard,fold12/val_horizon_30_r2,fold12/val_horizon_30_pearson,fold12/val_horizon_30_ega_zone_a_pct,fold12/val_horizon_30_ega_zone_a_count,fold12/val_horizon_30_ega_zone_b_pct,fold12/val_horizon_30_ega_zone_b_count,fold12/val_horizon_30_ega_zone_c_pct,fold12/val_horizon_30_ega_zone_c_count,fold12/val_horizon_30_ega_zone_d_pct,fold12/val_horizon_30_ega_zone_d_count,fold12/val_horizon_30_ega_zone_e_pct,fold12/val_horizon_30_ega_zone_e_count,fold12/val_horizon_45_mae,fold12/val_horizon_45_rmse,fold12/val_horizon_45_mard,fold12/val_horizon_45_r2,fold12/val_horizon_45_pearson,fold12/val_horizon_45_ega_zone_a_pct,fold12/val_horizon_45_ega_zone_a_count,fold12/val_horizon_45_ega_zone_b_pct,fold12/val_horizon_45_ega_zone_b_count,fold12/val_horizon_45_ega_zone_c_pct,fold12/val_horizon_45_ega_zone_c_count,fold12/val_horizon_45_ega_zone_d_pct,fold12/val_horizon_45_ega_zone_d_count,fold12/val_horizon_45_ega_zone_e_pct,fold12/val_horizon_45_ega_zone_e_count,fold12/val_horizon_60_mae,fold12/val_horizon_60_rmse,fold12/val_horizon_60_mard,fold12/val_horizon_60_r2,fold12/val_horizon_60_pearson,fold12/val_horizon_60_ega_zone_a_pct,fold12/val_horizon_60_ega_zone_a_count,fold12/val_horizon_60_ega_zone_b_pct,fold12/val_horizon_60_ega_zone_b_count,fold12/val_horizon_60_ega_zone_c_pct,fold12/val_horizon_60_ega_zone_c_count,fold12/val_horizon_60_ega_zone_d_pct,fold12/val_horizon_60_ega_zone_d_count,fold12/val_horizon_60_ega_zone_e_pct,fold12/val_horizon_60_ega_zone_e_count,fold12/diag_fusion_gate_cgm,fold12/diag_fusion_gate_cgm_guided,fold12/diag_fusion_gate_physio,fold12/diag_horizon_query_similarity,fold12/diag_horizon_progressive_gate,fold12/diag_horizon_attention_similarity,fold12/diag_horizon_attention_entropy,fold12/diag_horizon_curriculum_progress,fold12/diag_loss_horizon_weight_0,fold12/diag_loss_horizon_weight_1,fold12/diag_loss_horizon_weight_2,fold12/diag_loss_horizon_weight_3
1,0.22932399041667492,10.888071060180664,16.038270950317383,9.952376365661621,0.18376755714416504,0.5516197085380554,85.81011962890625,16757.0,13.739246368408203,2683.0,0.0,0.0,0.45063501596450806,88.0,0.0,0.0,7.012972354888916,10.19881820678711,6.4381232261657715,0.673754096031189,0.8296664357185364,94.71527862548828,4624.0,5.079885005950928,248.0,0.0,0.0,0.20483408868312836,10.0,0.0,0.0,10.659759521484375,15.437300682067871,9.713263511657715,0.2478405237197876,0.589195966720581,86.31707763671875,4214.0,13.211798667907715,645.0,0.0,0.0,0.47111836075782776,23.0,0.0,0.0,12.511155128479004,17.894479751586914,11.461487770080566,-0.0210878849029541,0.43011415004730225,81.83121490478516,3995.0,17.595247268676758,859.0,0.0,0.0,0.5735354423522949,28.0,0.0,0.0,13.368395805358887,19.14069366455078,12.19663143157959,-0.17691969871520996,0.3241802155971527,80.37689208984375,3924.0,19.070053100585938,931.0,0.0,0.0,0.5530520081520081,27.0,0.0,0.0,0.3353607952594757,0.31946977972984314,0.3451694846153259,-0.06668832898139954,0.11920291930437088,0.9999673962593079,0.999992847442627,0.0,0.3333333432674408,0.28333333134651184,0.21666665375232697,0.1666666716337204
2,0.22701940996167153,10.752813339233398,15.699983596801758,9.860677719116211,0.21783721446990967,0.5571666359901428,86.12248992919922,16818.0,13.416632652282715,2620.0,0.0,0.0,0.4608767032623291,90.0,0.0,0.0,6.971616268157959,10.10876178741455,6.412189483642578,0.6794902086257935,0.8309981822967529,94.73576354980469,4625.0,5.018435001373291,245.0,0.0,0.0,0.2458008974790573,12.0,0.0,0.0,10.576169967651367,15.186461448669434,9.670027732849121,0.27208542823791504,0.5907394289970398,86.64481353759766,4230.0,12.884063720703125,629.0,0.0,0.0,0.47111836075782776,23.0,0.0,0.0,12.307283401489258,17.474843978881836,11.295792579650879,0.02624058723449707,0.43290606141090393,82.40474700927734,4023.0,17.021713256835938,831.0,0.0,0.0,0.5735354423522949,28.0,0.0,0.0,13.156187057495117,18.64864730834961,12.064697265625,-0.1171877384185791,0.32842162251472473,80.70462799072266,3940.0,18.742319107055664,915.0,0.0,0.0,0.5530520081520081,27.0,0.0,0.0,0.36578765511512756,0.2687806487083435,0.3654317557811737,-0.06639397144317627,0.11920291930437088,0.9998261332511902,0.9999198913574219,0.07142857142857142,0.3245614171028137,0.2788847088813782,0.21998745203018188,0.17656642198562622
3,0.2259040566612425,10.721346855163574,15.584280014038086,9.845008850097656,0.22932320833206177,0.5608828067779541,86.33757019042969,16860.0,13.211798667907715,2580.0,0.0,0.0,0.45063501596450806,88.0,0.0,0.0,7.005667209625244,10.107182502746582,6.4562225341796875,0.6795903444290161,0.832273006439209,94.89962768554688,4633.0,4.854567527770996,237.0,0.0,0.0,0.2458008974790573,12.0,0.0,0.0,10.566545486450195,15.10976791381836,9.67713737487793,0.2794189453125,0.5925601124763489,86.76771545410156,4236.0,12.781646728515625,624.0,0.0,0.0,0.45063501596450806,22.0,0.0,0.0,12.228894233703613,17.317956924438477,11.227535247802734,0.04364669322967529,0.4347265660762787,82.93731689453125,4049.0,16.48914337158203,805.0,0.0,0.0,0.5735354423522949,28.0,0.0,0.0,13.084280014038086,18.469093322753906,12.01914119720459,-0.09577810764312744,0.33086588978767395,80.74559783935547,3942.0,18.72183609008789,914.0,0.0,0.0,0.532568633556366,26.0,0.0,0.0,0.3435228765010834,0.29096224904060364,0.3655149042606354,-0.05111105367541313,0.11920291930437088,0.9991139769554138,0.9962971806526184,0.14285714285714285,0.31578949093818665,0.2744360864162445,0.223308265209198,0.18646617233753204
4,0.225510258659692,10.745957374572754,15.544439315795898,9.891803741455078,0.23325860500335693,0.5640015006065369,86.3529281616211,16863.0,13.196435928344727,2577.0,0.0,0.0,0.45063501596450806,88.0,0.0,0.0,6.976583957672119,10.002592086791992,6.4322190284729,0.6861872673034668,0.8357480764389038,94.98155975341797,4637.0,4.772634029388428,233.0,0.0,0.0,0.2458008974790573,12.0,0.0,0.0,10.614479064941406,15.076478958129883,9.749560356140137,0.2825906276702881,0.5954335331916809,86.72674560546875,4234.0,12.822612762451172,626.0,0.0,0.0,0.45063501596450806,22.0,0.0,0.0,12.25526237487793,17.283803939819336,11.27443790435791,0.04741513729095459,0.4376011788845062,82.81442260742188,4043.0,16.612043380737305,811.0,0.0,0.0,0.5735354423522949,28.0,0.0,0.0,13.137499809265137,18.4509220123291,12.110998153686523,-0.09362304210662842,0.3334004878997803,80.88897705078125,3949.0,18.57845115661621,907.0,0.0,0.0,0.532568633556366,26.0,0.0,0.0,0.4200349748134613,0.20000553131103516,0.37995949387550354,-0.019762782379984856,0.11920291930437088,0.9932680726051331,0.9767860770225525,0.21428571428571427,0.30701756477355957,0.26998746395111084,0.22662906348705292,0.19636592268943787
5,0.21951596726614706,10.66895580291748,15.416313171386719,9.82107925415039,0.24584639072418213,0.567818284034729,86.6653060913086,16924.0,12.884063720703125,2516.0,0.0,0.0,0.45063501596450806,88.0,0.0,0.0,6.694997787475586,9.607148170471191,6.165287494659424,0.7105094790458679,0.8477955460548401,95.5755844116211,4666.0,4.178615093231201,204.0,0.0,0.0,0.2458008974790573,12.0,0.0,0.0,10.563258171081543,14.942623138427734,9.702051162719727,0.2952730059623718,0.6004807949066162,87.19786834716797,4257.0,12.331011772155762,602.0,0.0,0.0,0.47111836075782776,23.0,0.0,0.0,12.273024559020996,17.229015350341797,11.297159194946289,0.05344468355178833,0.4338661730289459,82.97828674316406,4051.0,16.468660354614258,804.0,0.0,0.0,0.5530520081520081,27.0,0.0,0.0,13.14454460144043,18.391101837158203,12.119817733764648,-0.08654332160949707,0.32667356729507446,80.90946197509766,3950.0,18.557968139648438,906.0,0.0,0.0,0.532568633556366,26.0,0.0,0.0,0.2672681510448456,0.24926751852035522,0.4834643602371216,0.0033421579282730818,0.11920291930437088,0.9823060035705566,0.9499965906143188,0.2857142857142857,0.2982456088066101,0.2655388414859772,0.22994986176490784,0.2062656730413437
6,0.21548554933363898,10.430038452148438,15.188817977905273,9.573101997375488,0.2679399251937866,0.5801847577095032,87.04424285888672,16998.0,12.515362739562988,2444.0,0.0,0.0,0.4403932988643646,86.0,0.0,0.0,6.352045059204102,9.114676475524902,5.862851619720459,0.739427924156189,0.8643046021461487,96.14911651611328,4694.0,3.625563144683838,177.0,0.0,0.0,0.22531750798225403,11.0,0.0,0.0,10.30095386505127,14.688088417053223,9.428709983825684,0.31907737255096436,0.6153379082679749,87.58705139160156,4276.0,11.962309837341309,584.0,0.0,0.0,0.45063501596450806,22.0,0.0,0.0,12.096965789794922,17.07067108154297,11.091595649719238,0.07076352834701538,0.44110023975372314,83.16263580322266,4060.0,16.28430938720703,795.0,0.0,0.0,0.5530520081520081,27.0,0.0,0.0,12.97019100189209,18.23665428161621,11.909253120422363,-0.06837046146392822,0.32791367173194885,81.27816009521484,3968.0,18.189266204833984,888.0,0.0,0.0,0.532568633556366,26.0,0.0,0.0,0.2662508189678192,0.20942112803459167,0.5243280529975891,0.04553220048546791,0.11920291930437088,0.9734159111976624,0.9099107384681702,0.35714285714285715,0.28947368264198303,0.2610902190208435,0.23327067494392395,0.2161654233932495
7,0.21039080599254664,10.328575134277344,14.9934720993042,9.506097793579102,0.2866491675376892,0.5927743315696716,87.38734436035156,17065.0,12.182506561279297,2379.0,0.0,0.0,0.4301515817642212,84.0,0.0,0.0,6.057137489318848,8.597603797912598,5.615110874176025,0.7681536674499512,0.8803644180297852,96.98893737792969,4735.0,2.8267104625701904,138.0,0.0,0.0,0.18435066938400269,9.0,0.0,0.0,10.192355155944824,14.41846752166748,9.360837936401367,0.34384649991989136,0.6325386166572571,87.97624206542969,4295.0,11.573125839233398,565.0,0.0,0.0,0.45063501596450806,22.0,0.0,0.0,12.052632331848145,16.926416397094727,11.075845718383789,0.08640211820602417,0.45005613565444946,83.22409057617188,4063.0,16.22286033630371,792.0,0.0,0.0,0.5530520081520081,27.0,0.0,0.0,13.012178421020508,18.190717697143555,11.972597122192383,-0.06299495697021484,0.3292721211910248,81.36009216308594,3972.0,18.10733413696289,884.0,0.0,0.0,0.532568633556366,26.0,0.0,0.0,0.33383622765541077,0.2092324048280716,0.45693132281303406,0.06705494225025177,0.11920291930437088,0.9772977232933044,0.8862298727035522,0.42857142857142855,0.28070175647735596,0.25664159655570984,0.23659147322177887,0.22606515884399414
8,0.20684282938233037,10.21074104309082,14.887581825256348,9.382477760314941,0.296689510345459,0.5987654328346252,87.73555755615234,17133.0,11.83428955078125,2311.0,0.0,0.0,0.4301515817642212,84.0,0.0,0.0,5.8943400382995605,8.358899116516113,5.466925144195557,0.7808489799499512,0.887315034866333,97.39860534667969,4755.0,2.4170420169830322,118.0,0.0,0.0,0.18435066938400269,9.0,0.0,0.0,10.074950218200684,14.295621871948242,9.244351387023926,0.35497981309890747,0.6401369571685791,88.18107604980469,4305.0,11.368291854858398,555.0,0.0,0.0,0.45063501596450806,22.0,0.0,0.0,11.982333183288574,16.854835510253906,10.992506980895996,0.0941128134727478,0.4544660151004791,83.51085662841797,4077.0,15.936091423034668,778.0,0.0,0.0,0.5530520081520081,27.0,0.0,0.0,12.891337394714355,18.11736297607422,11.826126098632812,-0.05443906784057617,0.33130598068237305,81.85169982910156,3996.0,17.61573028564453,860.0,0.0,0.0,0.532568633556366,26.0,0.0,0.0,0.4428538978099823,0.17874152958393097,0.3784045875072479,0.08442620187997818,0.11920291930437088,0.9766716957092285,0.8675003051757812,0.5,0.2719298303127289,0.25219297409057617,0.2399122714996338,0.23596492409706116
9,0.2027482986595992,10.214011192321777,14.865951538085938,9.396833419799805,0.2987317442893982,0.6012111902236938,87.74580383300781,17135.0,11.83428955078125,2311.0,0.0,0.0,0.41990989446640015,82.0,0.0,0.0,5.850391387939453,8.296211242675781,5.429174900054932,0.7841237187385559,0.8895588517189026,97.50102233886719,4760.0,2.335108518600464,114.0,0.0,0.0,0.1638672649860382,8.0,0.0,0.0,10.056313514709473,14.262422561645508,9.23059368133545,0.3579721450805664,0.6436076760292053,88.36542510986328,4314.0,11.183940887451172,546.0,0.0,0.0,0.45063501596450806,22.0,0.0,0.0,11.990777015686035,16.84388542175293,11.01364517211914,0.09528958797454834,0.45640772581100464,83.63375854492188,4083.0,15.833674430847168,773.0,0.0,0.0,0.532568633556366,26.0,0.0,0.0,12.958564758300781,18.111478805541992,11.91391658782959,-0.053754448890686035,0.33051371574401855,81.48300170898438,3978.0,17.984432220458984,878.0,0.0,0.0,0.532568633556366,26.0,0.0,0.0,0.3791370391845703,0.19224081933498383,0.42862212657928467,0.0813441053032875,0.11920291930437088,0.974484920501709,0.8709471821784973,0.5714285714285714,0.2631579041481018,0.2477443516254425,0.2432330846786499,0.24586467444896698
10,0.20264095382315792,10.270492553710938,14.947749137878418,9.453825950622559,0.29099327325820923,0.6002334356307983,87.50511932373047,17088.0,12.080090522766113,2359.0,0.0,0.0,0.41478899121284485,81.0,0.0,0.0,5.85472297668457,8.300431251525879,5.43772554397583,0.7839040160179138,0.8901387453079224,97.50102233886719,4760.0,2.335108518600464,114.0,0.0,0.0,0.1638672649860382,8.0,0.0,0.0,10.114869117736816,14.32168960571289,9.293131828308105,0.35262531042099,0.6434367299079895,88.01720428466797,4297.0,11.532158851623535,563.0,0.0,0.0,0.45063501596450806,22.0,0.0,0.0,12.07021713256836,16.946372985839844,11.086431503295898,0.08424657583236694,0.455797404050827,83.20360565185547,4062.0,16.263826370239258,794.0,0.0,0.0,0.532568633556366,26.0,0.0,0.0,13.042158126831055,18.23604393005371,11.998014450073242,-0.06829893589019775,0.3301546275615692,81.29865264892578,3969.0,18.189266204833984,888.0,0.0,0.0,0.5120851993560791,25.0,0.0,0.0,0.43608003854751587,0.19457511603832245,0.3693448603153229,0.07797466218471527,0.11920291930437088,0.9603021144866943,0.8756094574928284,0.6428571428571429,0.25438597798347473,0.24329572916030884,0.24655388295650482,0.2557644248008728
11,0.19933825981902153,10.341501235961914,15.072749137878418,9.51203441619873,0.279085636138916,0.59609055519104,87.23371887207031,17035.0,12.351494789123535,2412.0,0.0,0.0,0.41478899121284485,81.0,0.0,0.0,5.863598823547363,8.338038444519043,5.442468643188477,0.7819414734840393,0.8892714977264404,97.37812042236328,4754.0,2.4580090045928955,120.0,0.0,0.0,0.1638672649860382,8.0,0.0,0.0,10.187346458435059,14.430692672729492,9.35173511505127,0.34273332357406616,0.640287458896637,87.7918930053711,4286.0,11.757476806640625,574.0,0.0,0.0,0.45063501596450806,22.0,0.0,0.0,12.147814750671387,17.081768035888672,11.146271705627441,0.06955510377883911,0.4517154395580292,83.22409057617188,4063.0,16.243343353271484,793.0,0.0,0.0,0.532568633556366,26.0,0.0,0.0,13.167238235473633,18.417287826538086,12.107660293579102,-0.08963954448699951,0.3251951336860657,80.54076385498047,3932.0,18.947153091430664,925.0,0.0,0.0,0.5120851993560791,25.0,0.0,0.0,0.418876975774765,0.21629969775676727,0.3648233711719513,0.07782579213380814,0.11920291930437088,0.9610180854797363,0.8784822821617126,0.7142857142857143,0.24561403691768646,0.23884710669517517,0.24987469613552094,0.26566416025161743
12,0.19521472691836456,10.40353012084961,15.143994331359863,9.558935165405273,0.2722543478012085,0.5908692479133606,87.15178680419922,17019.0,12.428308486938477,2427.0,0.0,0.0,0.41990989446640015,82.0,0.0,0.0,5.882005214691162,8.367609977722168,5.450503349304199,0.7803919911384583,0.8879872560501099,97.5624771118164,4763.0,2.273658275604248,111.0,0.0,0.0,0.1638672649860382,8.0,0.0,0.0,10.220954895019531,14.479141235351562,9.365757942199707,0.33831268548965454,0.6352735757827759,87.64850616455078,4279.0,11.900859832763672,581.0,0.0,0.0,0.45063501596450806,22.0,0.0,0.0,12.234559059143066,17.166919708251953,11.21847152709961,0.060255467891693115,0.4443834722042084,83.08070373535156,4056.0,16.38672637939453,800.0,0.0,0.0,0.532568633556366,26.0,0.0,0.0,13.27660083770752,18.520170211791992,12.201004028320312,-0.10184752941131592,0.3186549246311188,80.31544494628906,3921.0,19.151987075805664,935.0,0.0,0.0,0.532568633556366,26.0,0.0,0.0,0.41206690669059753,0.24438641965389252,0.34354668855667114,0.07115263491868973,0.11920291930437088,0.9487995505332947,0.8903929591178894,0.7857142857142857,0.23684212565422058,0.2343984991312027,0.25319552421569824,0.27556392550468445
13,0.19055051724071295,10.47657299041748,15.260563850402832,9.631918907165527,0.26100772619247437,0.5894238352775574,87.08521270751953,17006.0,12.489758491516113,2439.0,0.0,0.0,0.4250307083129883,83.0,0.0,0.0,5.886486530303955,8.370879173278809,5.455047607421875,0.7802203297615051,0.8882108926773071,97.5624771118164,4763.0,2.273658275604248,111.0,0.0,0.0,0.1638672649860382,8.0,0.0,0.0,10.285426139831543,14.569779396057129,9.437317848205566,0.33000248670578003,0.6345471143722534,87.56657409667969,4275.0,11.962309837341309,584.0,0.0,0.0,0.47111836075782776,23.0,0.0,0.0,12.339031219482422,17.31777000427246,11.324261665344238,0.043667376041412354,0.44394609332084656,82.83490753173828,4044.0,16.632526397705078,812.0,0.0,0.0,0.532568633556366,26.0,0.0,0.0,13.39534854888916,18.68914031982422,12.311049461364746,-0.12204456329345703,0.3214479982852936,80.37689208984375,3924.0,19.09053611755371,932.0,0.0,0.0,0.532568633556366,26.0,0.0,0.0,0.3951714336872101,0.25803664326667786,0.34679198265075684,0.07930643856525421,0.11920291930437088,0.935133695602417,0.8961428999900818,0.8571428571428571,0.22807016968727112,0.22994986176490784,0.25651630759239197,0.2854636609554291
14,0.18564905521542024,10.514881134033203,15.308743476867676,9.681410789489746,0.2563340663909912,0.5906656384468079,86.90086364746094,16970.0,12.679229736328125,2476.0,0.0,0.0,0.41990989446640015,82.0,0.0,0.0,5.8881449699401855,8.393074035644531,5.459041595458984,0.7790533304214478,0.8878101706504822,97.5215072631836,4761.0,2.3146250247955322,113.0,0.0,0.0,0.1638672649860382,8.0,0.0,0.0,10.282044410705566,14.567948341369629,9.446389198303223,0.3301709294319153,0.6356547474861145,87.46415710449219,4270.0,12.085210800170898,590.0,0.0,0.0,0.45063501596450806,22.0,0.0,0.0,12.403582572937012,17.373689651489258,11.403714179992676,0.03748142719268799,0.4489280879497528,82.50717163085938,4028.0,16.960262298583984,828.0,0.0,0.0,0.532568633556366,26.0,0.0,0.0,13.485749244689941,18.78607940673828,12.416496276855469,-0.1337146759033203,0.32873624563217163,80.11061096191406,3911.0,19.356821060180664,945.0,0.0,0.0,0.532568633556366,26.0,0.0,0.0,0.38814178109169006,0.27466651797294617,0.33719176054000854,0.08639171719551086,0.11920291930437088,0.9270613193511963,0.9058862328529358,0.9285714285714286,0.21929824352264404,0.22550123929977417,0.2598370909690857,0.2953633964061737
15,0.1788177611107206,10.616487503051758,15.525002479553223,9.763075828552246,0.23517489433288574,0.5811024308204651,86.6601791381836,16923.0,12.93015193939209,2525.0,0.0,0.0,0.4096681773662567,80.0,0.0,0.0,5.924055576324463,8.473349571228027,5.488676071166992,0.7748066186904907,0.8856481909751892,97.39860534667969,4755.0,2.437525510787964,119.0,0.0,0.0,0.1638672649860382,8.0,0.0,0.0,10.384589195251465,14.789737701416016,9.532612800598145,0.30962008237838745,0.6259502172470093,86.84965515136719,4240.0,12.699712753295898,620.0,0.0,0.0,0.45063501596450806,22.0,0.0,0.0,12.540188789367676,17.638444900512695,11.513189315795898,0.007922470569610596,0.43570590019226074,82.44571685791016,4025.0,17.021713256835938,831.0,0.0,0.0,0.532568633556366,26.0,0.0,0.0,13.617112159729004,19.03822898864746,12.517818450927734,-0.16435277462005615,0.3192436099052429,79.94674682617188,3903.0,19.561655044555664,955.0,0.0,0.0,0.4916017949581146,24.0,0.0,0.0,0.37581804394721985,0.2848133444786072,0.33936864137649536,0.07613321393728256,0.11920291930437088,0.9300217032432556,0.911361038684845,1.0,0.21052631735801697,0.2210526168346405,0.2631579041481018,0.3052631616592407
16,0.17111797465672027,10.771710395812988,15.713912963867188,9.926647186279297,0.21644872426986694,0.5746210813522339,86.20442199707031,16834.0,13.375665664672852,2612.0,0.0,0.0,0.41990989446640015,82.0,0.0,0.0,5.960289001464844,8.542539596557617,5.520535469055176,0.7711138725280762,0.8832170367240906,97.29618835449219,4750.0,2.4989757537841797,122.0,0.0,0.0,0.20483408868312836,10.0,0.0,0.0,10.467241287231445,14.882851600646973,9.620765686035156,0.3008996248245239,0.6209676265716553,86.76771545410156,4236.0,12.781646728515625,624.0,0.0,0.0,0.45063501596450806,22.0,0.0,0.0,12.735179901123047,17.847558975219727,11.724820137023926,-0.015740275382995605,0.4314935803413391,81.76976776123047,3992.0,17.697664260864258,864.0,0.0,0.0,0.532568633556366,26.0,0.0,0.0,13.924134254455566,19.35713005065918,12.840461730957031,-0.20368671417236328,0.3162139654159546,78.98402404785156,3856.0,20.524375915527344,1002.0,0.0,0.0,0.4916017949581146,24.0,0.0,0.0,0.3513357937335968,0.3103051483631134,0.3383590579032898,0.07662259787321091,0.11920291930437088,0.927466094493866,0.9196783304214478,1.0,0.21052631735801697,0.2210526168346405,0.2631579041481018,0.3052631616592407
17,0.1607967610651602,10.804383277893066,15.813518524169922,9.956296920776367,0.20648378133773804,0.5709729790687561,86.05079650878906,16804.0,13.539533615112305,2644.0,0.0,0.0,0.4096681773662567,80.0,0.0,0.0,5.965388298034668,8.549161911010742,5.5217719078063965,0.7707589268684387,0.8827701807022095,97.19377136230469,4745.0,2.6218762397766113,128.0,0.0,0.0,0.18435066938400269,9.0,0.0,0.0,10.456384658813477,14.886190414428711,9.606483459472656,0.30058586597442627,0.6193671226501465,86.76771545410156,4236.0,12.781646728515625,624.0,0.0,0.0,0.45063501596450806,22.0,0.0,0.0,12.763659477233887,17.95306968688965,11.751008987426758,-0.027785420417785645,0.4287325441837311,81.62638854980469,3985.0,17.86153221130371,872.0,0.0,0.0,0.5120851993560791,25.0,0.0,0.0,14.032099723815918,19.57728385925293,12.945921897888184,-0.2312220335006714,0.31365731358528137,78.61531829833984,3838.0,20.893075942993164,1020.0,0.0,0.0,0.4916017949581146,24.0,0.0,0.0,0.3197813332080841,0.32718631625175476,0.3530324697494507,0.0799851194024086,0.11920291930437088,0.920924186706543,0.9207441806793213,1.0,0.21052631735801697,0.2210526168346405,0.2631579041481018,0.3052631616592407
step,fold12/test_loss,fold12/test_mae,fold12/test_rmse,fold12/test_mard,fold12/test_r2,fold12/test_pearson,fold12/test_ega_zone_a_pct,fold12/test_ega_zone_a_count,fold12/test_ega_zone_b_pct,fold12/test_ega_zone_b_count,fold12/test_ega_zone_c_pct,fold12/test_ega_zone_c_count,fold12/test_ega_zone_d_pct,fold12/test_ega_zone_d_count,fold12/test_ega_zone_e_pct,fold12/test_ega_zone_e_count,fold12/test_horizon_15_mae,fold12/test_horizon_15_rmse,fold12/test_horizon_15_mard,fold12/test_horizon_15_r2,fold12/test_horizon_15_pearson,fold12/test_horizon_15_ega_zone_a_pct,fold12/test_horizon_15_ega_zone_a_count,fold12/test_horizon_15_ega_zone_b_pct,fold12/test_horizon_15_ega_zone_b_count,fold12/test_horizon_15_ega_zone_c_pct,fold12/test_horizon_15_ega_zone_c_count,fold12/test_horizon_15_ega_zone_d_pct,fold12/test_horizon_15_ega_zone_d_count,fold12/test_horizon_15_ega_zone_e_pct,fold12/test_horizon_15_ega_zone_e_count,fold12/test_horizon_30_mae,fold12/test_horizon_30_rmse,fold12/test_horizon_30_mard,fold12/test_horizon_30_r2,fold12/test_horizon_30_pearson,fold12/test_horizon_30_ega_zone_a_pct,fold12/test_horizon_30_ega_zone_a_count,fold12/test_horizon_30_ega_zone_b_pct,fold12/test_horizon_30_ega_zone_b_count,fold12/test_horizon_30_ega_zone_c_pct,fold12/test_horizon_30_ega_zone_c_count,fold12/test_horizon_30_ega_zone_d_pct,fold12/test_horizon_30_ega_zone_d_count,fold12/test_horizon_30_ega_zone_e_pct,fold12/test_horizon_30_ega_zone_e_count,fold12/test_horizon_45_mae,fold12/test_horizon_45_rmse,fold12/test_horizon_45_mard,fold12/test_horizon_45_r2,fold12/test_horizon_45_pearson,fold12/test_horizon_45_ega_zone_a_pct,fold12/test_horizon_45_ega_zone_a_count,fold12/test_horizon_45_ega_zone_b_pct,fold12/test_horizon_45_ega_zone_b_count,fold12/test_horizon_45_ega_zone_c_pct,fold12/test_horizon_45_ega_zone_c_count,fold12/test_horizon_45_ega_zone_d_pct,fold12/test_horizon_45_ega_zone_d_count,fold12/test_horizon_45_ega_zone_e_pct,fold12/test_horizon_45_ega_zone_e_count,fold12/test_horizon_60_mae,fold12/test_horizon_60_rmse,fold12/test_horizon_60_mard,fold12/test_horizon_60_r2,fold12/test_horizon_60_pearson,fold12/test_horizon_60_ega_zone_a_pct,fold12/test_horizon_60_ega_zone_a_count,fold12/test_horizon_60_ega_zone_b_pct,fold12/test_horizon_60_ega_zone_b_count,fold12/test_horizon_60_ega_zone_c_pct,fold12/test_horizon_60_ega_zone_c_count,fold12/test_horizon_60_ega_zone_d_pct,fold12/test_horizon_60_ega_zone_d_count,fold12/test_horizon_60_ega_zone_e_pct,fold12/test_horizon_60_ega_zone_e_count
0,0.2447687196844973,9.216559410095215,14.791116714477539,7.354529857635498,0.40553879737854004,0.6620787978172302,92.43144989013672,6607.0,7.568551063537598,541.0,0.0,0.0,0.0,0.0,0.0,0.0,5.332404613494873,7.9319000244140625,4.29971981048584,0.8306738138198853,0.9133038520812988,98.65696716308594,1763.0,1.343032956123352,24.0,0.0,0.0,0.0,0.0,0.0,0.0,9.30061149597168,14.285318374633789,7.416572570800781,0.44575589895248413,0.6923919916152954,91.8858413696289,1642.0,8.114157676696777,145.0,0.0,0.0,0.0,0.0,0.0,0.0,10.793411254882812,16.812009811401367,8.594996452331543,0.22915631532669067,0.5368735194206238,89.98321533203125,1608.0,10.0167875289917,179.0,0.0,0.0,0.0,0.0,0.0,0.0,11.439812660217285,18.041051864624023,9.106831550598145,0.10992300510406494,0.4354349970817566,89.19977569580078,1594.0,10.800223350524902,193.0,0.0,0.0,0.0,0.0,0.0,0.0
step,fold13/train_loss,fold13/val_mae,fold13/val_rmse,fold13/val_mard,fold13/val_r2,fold13/val_pearson,fold13/val_ega_zone_a_pct,fold13/val_ega_zone_a_count,fold13/val_ega_zone_b_pct,fold13/val_ega_zone_b_count,fold13/val_ega_zone_c_pct,fold13/val_ega_zone_c_count,fold13/val_ega_zone_d_pct,fold13/val_ega_zone_d_count,fold13/val_ega_zone_e_pct,fold13/val_ega_zone_e_count,fold13/val_horizon_15_mae,fold13/val_horizon_15_rmse,fold13/val_horizon_15_mard,fold13/val_horizon_15_r2,fold13/val_horizon_15_pearson,fold13/val_horizon_15_ega_zone_a_pct,fold13/val_horizon_15_ega_zone_a_count,fold13/val_horizon_15_ega_zone_b_pct,fold13/val_horizon_15_ega_zone_b_count,fold13/val_horizon_15_ega_zone_c_pct,fold13/val_horizon_15_ega_zone_c_count,fold13/val_horizon_15_ega_zone_d_pct,fold13/val_horizon_15_ega_zone_d_count,fold13/val_horizon_15_ega_zone_e_pct,fold13/val_horizon_15_ega_zone_e_count,fold13/val_horizon_30_mae,fold13/val_horizon_30_rmse,fold13/val_horizon_30_mard,fold13/val_horizon_30_r2,fold13/val_horizon_30_pearson,fold13/val_horizon_30_ega_zone_a_pct,fold13/val_horizon_30_ega_zone_a_count,fold13/val_horizon_30_ega_zone_b_pct,fold13/val_horizon_30_ega_zone_b_count,fold13/val_horizon_30_ega_zone_c_pct,fold13/val_horizon_30_ega_zone_c_count,fold13/val_horizon_30_ega_zone_d_pct,fold13/val_horizon_30_ega_zone_d_count,fold13/val_horizon_30_ega_zone_e_pct,fold13/val_horizon_30_ega_zone_e_count,fold13/val_horizon_45_mae,fold13/val_horizon_45_rmse,fold13/val_horizon_45_mard,fold13/val_horizon_45_r2,fold13/val_horizon_45_pearson,fold13/val_horizon_45_ega_zone_a_pct,fold13/val_horizon_45_ega_zone_a_count,fold13/val_horizon_45_ega_zone_b_pct,fold13/val_horizon_45_ega_zone_b_count,fold13/val_horizon_45_ega_zone_c_pct,fold13/val_horizon_45_ega_zone_c_count,fold13/val_horizon_45_ega_zone_d_pct,fold13/val_horizon_45_ega_zone_d_count,fold13/val_horizon_45_ega_zone_e_pct,fold13/val_horizon_45_ega_zone_e_count,fold13/val_horizon_60_mae,fold13/val_horizon_60_rmse,fold13/val_horizon_60_mard,fold13/val_horizon_60_r2,fold13/val_horizon_60_pearson,fold13/val_horizon_60_ega_zone_a_pct,fold13/val_horizon_60_ega_zone_a_count,fold13/val_horizon_60_ega_zone_b_pct,fold13/val_horizon_60_ega_zone_b_count,fold13/val_horizon_60_ega_zone_c_pct,fold13/val_horizon_60_ega_zone_c_count,fold13/val_horizon_60_ega_zone_d_pct,fold13/val_horizon_60_ega_zone_d_count,fold13/val_horizon_60_ega_zone_e_pct,fold13/val_horizon_60_ega_zone_e_count,fold13/diag_fusion_gate_cgm,fold13/diag_fusion_gate_cgm_guided,fold13/diag_fusion_gate_physio,fold13/diag_horizon_query_similarity,fold13/diag_horizon_progressive_gate,fold13/diag_horizon_attention_similarity,fold13/diag_horizon_attention_entropy,fold13/diag_horizon_curriculum_progress,fold13/diag_loss_horizon_weight_0,fold13/diag_loss_horizon_weight_1,fold13/diag_loss_horizon_weight_2,fold13/diag_loss_horizon_weight_3
1,0.23787567934277992,11.5980224609375,17.190181732177734,9.635552406311035,0.3424333930015564,0.6385948061943054,87.09640502929688,15106.0,12.76522159576416,2214.0,0.0,0.0,0.138376384973526,24.0,0.0,0.0,6.873446464538574,10.064624786376953,5.711432933807373,0.773594081401825,0.8817293047904968,96.95571899414062,4204.0,3.044280529022217,132.0,0.0,0.0,0.0,0.0,0.0,0.0,11.286447525024414,16.4368953704834,9.333043098449707,0.3977435827255249,0.6729217767715454,88.03044891357422,3817.0,11.808117866516113,512.0,0.0,0.0,0.16143910586833954,7.0,0.0,0.0,13.566349029541016,19.485273361206055,11.259008407592773,0.15596681833267212,0.5264912247657776,82.79520416259766,3590.0,17.020296096801758,738.0,0.0,0.0,0.18450184166431427,8.0,0.0,0.0,14.665846824645996,20.757293701171875,12.238726615905762,0.046105027198791504,0.4517434537410736,80.60424041748047,3495.0,19.18819236755371,832.0,0.0,0.0,0.207564577460289,9.0,0.0,0.0,0.3075585961341858,0.511674165725708,0.18076728284358978,0.009764008224010468,0.11920291930437088,0.9999313950538635,0.9999803900718689,0.0,0.3333333432674408,0.28333333134651184,0.21666665375232697,0.1666666716337204
2,0.23484127395609738,11.376960754394531,16.761703491210938,9.475727081298828,0.3748055100440979,0.647706925868988,87.80558013916016,15229.0,12.038745880126953,2088.0,0.0,0.0,0.15567342936992645,27.0,0.0,0.0,6.803049087524414,9.907639503479004,5.662022590637207,0.7806018590927124,0.8846635222434998,97.07103729248047,4209.0,2.8828413486480713,125.0,0.0,0.0,0.04612546041607857,2.0,0.0,0.0,11.035198211669922,15.991199493408203,9.166611671447754,0.42996180057525635,0.6818413138389587,88.83763885498047,3852.0,11.000922203063965,477.0,0.0,0.0,0.16143910586833954,7.0,0.0,0.0,13.289350509643555,18.935596466064453,11.062766075134277,0.20291531085968018,0.5367564558982849,83.99446868896484,3642.0,15.79797077178955,685.0,0.0,0.0,0.207564577460289,9.0,0.0,0.0,14.380241394042969,20.282556533813477,12.011509895324707,0.08923894166946411,0.458185613155365,81.3191909790039,3526.0,18.473247528076172,801.0,0.0,0.0,0.207564577460289,9.0,0.0,0.0,0.23998887836933136,0.6134627461433411,0.14654843509197235,0.017808755859732628,0.11920291930437088,0.9996111989021301,0.9994967579841614,0.07142857142857142,0.3245614171028137,0.2788847088813782,0.21998745203018188,0.17656642198562622
3,0.23616636300024021,11.301383018493652,16.646562576293945,9.410750389099121,0.3833651542663574,0.6503352522850037,88.01314544677734,15265.0,11.831180572509766,2052.0,0.0,0.0,0.15567342936992645,27.0,0.0,0.0,6.786808013916016,9.86531925201416,5.646810531616211,0.7824721336364746,0.8855186700820923,97.0940933227539,4210.0,2.85977840423584,124.0,0.0,0.0,0.04612546041607857,2.0,0.0,0.0,10.944704055786133,15.876299858093262,9.097492218017578,0.43812406063079834,0.6846606135368347,88.95294952392578,3857.0,10.885608673095703,472.0,0.0,0.0,0.16143910586833954,7.0,0.0,0.0,13.190082550048828,18.810861587524414,10.973990440368652,0.21338212490081787,0.5387972593307495,84.1559066772461,3649.0,15.636531829833984,678.0,0.0,0.0,0.207564577460289,9.0,0.0,0.0,14.283934593200684,20.129638671875,11.924707412719727,0.10292023420333862,0.4604537785053253,81.8496322631836,3549.0,17.94280433654785,778.0,0.0,0.0,0.207564577460289,9.0,0.0,0.0,0.15457245707511902,0.6913413405418396,0.1540861874818802,0.024949073791503906,0.11920291930437088,0.9983778595924377,0.9986088871955872,0.14285714285714285,0.31578949093818665,0.2744360864162445,0.223308265209198,0.18646617233753204
4,0.23298328515433717,11.175403594970703,16.440675735473633,9.33871841430664,0.39852410554885864,0.6549822092056274,87.99008178710938,15261.0,11.854243278503418,2056.0,0.0,0.0,0.15567342936992645,27.0,0.0,0.0,6.724652290344238,9.768973350524902,5.6069560050964355,0.7867002487182617,0.8875422477722168,97.18634796142578,4214.0,2.7675275802612305,120.0,0.0,0.0,0.04612546041607857,2.0,0.0,0.0,10.834503173828125,15.70456314086914,9.035676002502441,0.45021408796310425,0.6884133219718933,89.02214050292969,3860.0,10.816420555114746,469.0,0.0,0.0,0.16143910586833954,7.0,0.0,0.0,13.037887573242188,18.568031311035156,10.893661499023438,0.23355984687805176,0.5426151752471924,84.13284301757812,3648.0,15.659594535827637,679.0,0.0,0.0,0.207564577460289,9.0,0.0,0.0,14.104569435119629,19.85813331604004,11.81857967376709,0.1269565224647522,0.46360328793525696,81.61900329589844,3539.0,18.173431396484375,788.0,0.0,0.0,0.207564577460289,9.0,0.0,0.0,0.1620471328496933,0.6124178171157837,0.2255350798368454,0.029782330617308617,0.11920291930437088,0.9974703788757324,0.999386191368103,0.21428571428571427,0.30701756477355957,0.26998746395111084,0.22662906348705292,0.19636592268943787
5,0.2324013602959669,11.162181854248047,16.379453659057617,9.322805404663086,0.40299540758132935,0.655087411403656,87.97855377197266,15259.0,11.865774154663086,2058.0,0.0,0.0,0.15567342936992645,27.0,0.0,0.0,6.715083599090576,9.710640907287598,5.6039347648620605,0.7892398834228516,0.8888485431671143,97.16328430175781,4213.0,2.790590286254883,121.0,0.0,0.0,0.04612546041607857,2.0,0.0,0.0,10.850336074829102,15.674562454223633,9.043603897094727,0.4523126482963562,0.688139021396637,88.97601318359375,3858.0,10.86254596710205,471.0,0.0,0.0,0.16143910586833954,7.0,0.0,0.0,13.040482521057129,18.526065826416016,10.882393836975098,0.23702049255371094,0.5400196313858032,84.24815368652344,3653.0,15.544280052185059,674.0,0.0,0.0,0.207564577460289,9.0,0.0,0.0,14.042827606201172,19.74696159362793,11.761280059814453,0.13670414686203003,0.4601811170578003,81.52674865722656,3535.0,18.265682220458984,792.0,0.0,0.0,0.207564577460289,9.0,0.0,0.0,0.14976543188095093,0.5660187602043152,0.28421589732170105,0.031002439558506012,0.11920291930437088,0.9975749850273132,0.9994553327560425,0.2857142857142857,0.2982456088066101,0.2655388414859772,0.22994986176490784,0.2062656730413437
6,0.23127807245853138,11.151229858398438,16.393054962158203,9.306802749633789,0.4020034670829773,0.6543874740600586,88.03044891357422,15268.0,11.813883781433105,2049.0,0.0,0.0,0.15567342936992645,27.0,0.0,0.0,6.661182880401611,9.609962463378906,5.562741279602051,0.7935875654220581,0.8912466168403625,97.32472229003906,4220.0,2.6291513442993164,114.0,0.0,0.0,0.04612546041607857,2.0,0.0,0.0,10.834489822387695,15.634160995483398,9.034356117248535,0.45513230562210083,0.6892794370651245,88.95294952392578,3857.0,10.885608673095703,472.0,0.0,0.0,0.16143910586833954,7.0,0.0,0.0,13.022428512573242,18.54902458190918,10.862170219421387,0.23512816429138184,0.5385352373123169,84.40959167480469,3660.0,15.382841110229492,667.0,0.0,0.0,0.207564577460289,9.0,0.0,0.0,14.08681869506836,19.8515567779541,11.767940521240234,0.1275346279144287,0.45493996143341064,81.43450164794922,3531.0,18.357934951782227,796.0,0.0,0.0,0.207564577460289,9.0,0.0,0.0,0.12502282857894897,0.5336859226226807,0.34129124879837036,0.03446120396256447,0.11920291930437088,0.99815434217453,0.999060869216919,0.35714285714285715,0.28947368264198303,0.2610902190208435,0.23327067494392395,0.2161654233932495
7,0.22787871789142483,11.024545669555664,16.176666259765625,9.20466136932373,0.4176865220069885,0.6642540693283081,88.43404388427734,15338.0,11.410285949707031,1979.0,0.0,0.0,0.15567342936992645,27.0,0.0,0.0,6.340587139129639,9.060749053955078,5.28995418548584,0.8165065050125122,0.9043017625808716,97.99353790283203,4249.0,1.9603321552276611,85.0,0.0,0.0,0.04612546041607857,2.0,0.0,0.0,10.694327354431152,15.327190399169922,8.915287017822266,0.4763188362121582,0.7028197646141052,89.57564544677734,3884.0,10.26291561126709,445.0,0.0,0.0,0.16143910586833954,7.0,0.0,0.0,12.970206260681152,18.377504348754883,10.829474449157715,0.24920803308486938,0.5469121932983398,84.57103729248047,3667.0,15.221402168273926,660.0,0.0,0.0,0.207564577460289,9.0,0.0,0.0,14.093058586120605,19.798622131347656,11.783927917480469,0.13218122720718384,0.45591041445732117,81.59593963623047,3538.0,18.196495056152344,789.0,0.0,0.0,0.207564577460289,9.0,0.0,0.0,0.14695177972316742,0.48993831872940063,0.3631099462509155,0.03917178884148598,0.11920291930437088,0.9991445541381836,0.9984018206596375,0.42857142857142855,0.28070175647735596,0.25664159655570984,0.23659147322177887,0.22606515884399414
8,0.2243427399969765,10.839337348937988,15.949630737304688,9.042738914489746,0.43391698598861694,0.6749867796897888,88.72232055664062,15388.0,11.122001647949219,1929.0,0.0,0.0,0.15567342936992645,27.0,0.0,0.0,6.010271072387695,8.475260734558105,5.031302452087402,0.8394542932510376,0.9167878031730652,98.45479583740234,4269.0,1.4990774393081665,65.0,0.0,0.0,0.04612546041607857,2.0,0.0,0.0,10.524401664733887,14.992033004760742,8.777753829956055,0.4989709258079529,0.7170560956001282,89.99077606201172,3902.0,9.847785949707031,427.0,0.0,0.0,0.16143910586833954,7.0,0.0,0.0,12.857290267944336,18.241743087768555,10.713030815124512,0.26025986671447754,0.5533934235572815,84.91697692871094,3682.0,14.87546157836914,645.0,0.0,0.0,0.207564577460289,9.0,0.0,0.0,13.965386390686035,19.70305824279785,11.6488676071167,0.14053857326507568,0.4582938253879547,81.52674865722656,3535.0,18.265682220458984,792.0,0.0,0.0,0.207564577460289,9.0,0.0,0.0,0.22863207757472992,0.3932909667491913,0.3780769407749176,0.04295096918940544,0.11920291930437088,0.9996018409729004,0.9987568259239197,0.5,0.2719298303127289,0.25219297409057617,0.2399122714996338,0.23596492409706116
9,0.22070473718188213,10.72581672668457,15.857874870300293,8.97147274017334,0.44041144847869873,0.6790377497673035,88.82611083984375,15406.0,11.018219947814941,1911.0,0.0,0.0,0.15567342936992645,27.0,0.0,0.0,5.869243621826172,8.293780326843262,4.9283127784729,0.8462561964988708,0.9203027486801147,98.38560485839844,4266.0,1.568265676498413,68.0,0.0,0.0,0.04612546041607857,2.0,0.0,0.0,10.405403137207031,14.853331565856934,8.700785636901855,0.5081987380981445,0.7226023077964783,90.33671569824219,3917.0,9.501845359802246,412.0,0.0,0.0,0.16143910586833954,7.0,0.0,0.0,12.767263412475586,18.165040969848633,10.667963027954102,0.2664676904678345,0.5571520328521729,84.73247528076172,3674.0,15.05996322631836,653.0,0.0,0.0,0.207564577460289,9.0,0.0,0.0,13.861358642578125,19.659900665283203,11.588827133178711,0.14429956674575806,0.46084317564964294,81.8496322631836,3549.0,17.94280433654785,778.0,0.0,0.0,0.207564577460289,9.0,0.0,0.0,0.18716038763523102,0.4543425738811493,0.35849708318710327,0.05983510613441467,0.11920291930437088,0.9998660087585449,0.9971808195114136,0.5714285714285714,0.2631579041481018,0.2477443516254425,0.2432330846786499,0.24586467444896698
10,0.21858946365973608,10.87609577178955,16.018108367919922,9.049079895019531,0.42904573678970337,0.673259973526001,88.8145751953125,15404.0,11.02975082397461,1913.0,0.0,0.0,0.15567342936992645,27.0,0.0,0.0,5.873114109039307,8.20305347442627,4.918427467346191,0.8496014475822449,0.9223411679267883,98.57010650634766,4274.0,1.3837637901306152,60.0,0.0,0.0,0.04612546041607857,2.0,0.0,0.0,10.523826599121094,14.923800468444824,8.760266304016113,0.5035211443901062,0.7205761075019836,90.17527770996094,3910.0,9.663284301757812,419.0,0.0,0.0,0.16143910586833954,7.0,0.0,0.0,13.0089693069458,18.396711349487305,10.807109832763672,0.24763792753219604,0.5467206239700317,84.4787826538086,3663.0,15.313653945922852,664.0,0.0,0.0,0.207564577460289,9.0,0.0,0.0,14.098472595214844,19.946685791015625,11.710515975952148,0.11915284395217896,0.44569429755210876,82.03413391113281,3557.0,17.758302688598633,770.0,0.0,0.0,0.207564577460289,9.0,0.0,0.0,0.23490524291992188,0.44087231159210205,0.3242224454879761,0.06896387785673141,0.11920291930437088,0.9995587468147278,0.9907484650611877,0.6428571428571429,0.25438597798347473,0.24329572916030884,0.24655388295650482,0.2557644248008728
11,0.2128391725279881,10.866573333740234,16.08147621154785,9.03525161743164,0.424519419670105,0.6720112562179565,88.48593139648438,15347.0,11.358394622802734,1970.0,0.0,0.0,0.15567342936992645,27.0,0.0,0.0,5.829069137573242,8.149541854858398,4.878639221191406,0.8515572547912598,0.9235417246818542,98.66236114501953,4278.0,1.2915128469467163,56.0,0.0,0.0,0.04612546041607857,2.0,0.0,0.0,10.51563549041748,14.963311195373535,8.739887237548828,0.5008888244628906,0.7201981544494629,89.99077606201172,3902.0,9.847785949707031,427.0,0.0,0.0,0.16143910586833954,7.0,0.0,0.0,13.0003662109375,18.47093391418457,10.792743682861328,0.24155473709106445,0.544758677482605,84.04058837890625,3644.0,15.75184440612793,683.0,0.0,0.0,0.207564577460289,9.0,0.0,0.0,14.121219635009766,20.073970794677734,11.729736328125,0.10787510871887207,0.44083189964294434,81.25,3523.0,18.542436599731445,804.0,0.0,0.0,0.207564577460289,9.0,0.0,0.0,0.21340958774089813,0.4380136728286743,0.3485768139362335,0.08081168681383133,0.11920291930437088,0.9997771382331848,0.989724338054657,0.7142857142857143,0.24561403691768646,0.23884710669517517,0.24987469613552094,0.26566416025161743
12,0.2084594086835548,10.972040176391602,16.251270294189453,9.132451057434082,0.41230303049087524,0.6645393967628479,88.44557189941406,15340.0,11.398754119873047,1977.0,0.0,0.0,0.15567342936992645,27.0,0.0,0.0,5.847079277038574,8.138692855834961,4.892801761627197,0.8519522547721863,0.9237832427024841,98.7546157836914,4282.0,1.199262022972107,52.0,0.0,0.0,0.04612546041607857,2.0,0.0,0.0,10.550968170166016,15.010859489440918,8.777770042419434,0.49771177768707275,0.718566358089447,90.10608673095703,3907.0,9.73247241973877,422.0,0.0,0.0,0.16143910586833954,7.0,0.0,0.0,13.151629447937012,18.700109481811523,10.931159973144531,0.222617506980896,0.5317263603210449,84.17896270751953,3650.0,15.613468170166016,677.0,0.0,0.0,0.207564577460289,9.0,0.0,0.0,14.33847713470459,20.37539291381836,11.928072929382324,0.08088243007659912,0.4217769205570221,80.74262237548828,3501.0,19.049816131591797,826.0,0.0,0.0,0.207564577460289,9.0,0.0,0.0,0.2127704620361328,0.4713946580886841,0.3158349394798279,0.08230932056903839,0.11920291930437088,0.9990341067314148,0.9883571863174438,0.7857142857142857,0.23684212565422058,0.2343984991312027,0.25319552421569824,0.27556392550468445
13,0.20341340779714498,10.981785774230957,16.12753677368164,9.183953285217285,0.42121803760528564,0.6689186692237854,88.44557189941406,15340.0,11.398754119873047,1977.0,0.0,0.0,0.15567342936992645,27.0,0.0,0.0,5.803323745727539,8.087234497070312,4.874562740325928,0.853818416595459,0.9244934320449829,98.63929748535156,4277.0,1.3145756721496582,57.0,0.0,0.0,0.04612546041607857,2.0,0.0,0.0,10.57986831665039,14.966039657592773,8.83383560180664,0.5007067918777466,0.7193813920021057,89.94464874267578,3900.0,9.893911361694336,429.0,0.0,0.0,0.16143910586833954,7.0,0.0,0.0,13.158838272094727,18.54842185974121,10.99579906463623,0.2351779341697693,0.5378672480583191,84.08671569824219,3646.0,15.705719947814941,681.0,0.0,0.0,0.207564577460289,9.0,0.0,0.0,14.385112762451172,20.173254013061523,12.031617164611816,0.0990285873413086,0.4318777620792389,81.11161804199219,3517.0,18.68081283569336,810.0,0.0,0.0,0.207564577460289,9.0,0.0,0.0,0.20002423226833344,0.49330440163612366,0.3066714107990265,0.08830852061510086,0.11920291930437088,0.9983716011047363,0.9872010946273804,0.8571428571428571,0.22807016968727112,0.22994986176490784,0.25651630759239197,0.2854636609554291
14,0.19818640634152848,10.932605743408203,16.064044952392578,9.154858589172363,0.4257662296295166,0.672133207321167,88.39944458007812,15332.0,11.45064640045166,1986.0,0.0,0.0,0.14990775287151337,26.0,0.0,0.0,5.78724479675293,8.075851440429688,4.865133762359619,0.8542296290397644,0.9248190522193909,98.70848846435547,4280.0,1.268450140953064,55.0,0.0,0.0,0.023062730208039284,1.0,0.0,0.0,10.521958351135254,14.907221794128418,8.796292304992676,0.5046236515045166,0.7219066619873047,90.03689575195312,3904.0,9.801660537719727,425.0,0.0,0.0,0.16143910586833954,7.0,0.0,0.0,13.086196899414062,18.469459533691406,10.944940567016602,0.24167591333389282,0.5430265069007874,83.83302307128906,3635.0,15.9594087600708,692.0,0.0,0.0,0.207564577460289,9.0,0.0,0.0,14.335021018981934,20.091012954711914,12.013067245483398,0.10635977983474731,0.4365288317203522,81.01937103271484,3513.0,18.773061752319336,814.0,0.0,0.0,0.207564577460289,9.0,0.0,0.0,0.20673714578151703,0.498698353767395,0.29456454515457153,0.0828360989689827,0.11920291930437088,0.9972537159919739,0.9870476722717285,0.9285714285714286,0.21929824352264404,0.22550123929977417,0.2598370909690857,0.2953633964061737
15,0.19340247378232556,11.02896785736084,16.147714614868164,9.249427795410156,0.41976892948150635,0.6683081388473511,88.12269592285156,15284.0,11.727398872375488,2034.0,0.0,0.0,0.14990775287151337,26.0,0.0,0.0,5.7733683586120605,8.05494499206543,4.854211807250977,0.854983389377594,0.9252894520759583,98.80073547363281,4284.0,1.176199197769165,51.0,0.0,0.0,0.023062730208039284,1.0,0.0,0.0,10.585636138916016,14.961585998535156,8.858808517456055,0.5010039210319519,0.7203965783119202,89.82933807373047,3895.0,10.009225845336914,434.0,0.0,0.0,0.16143910586833954,7.0,0.0,0.0,13.257107734680176,18.609825134277344,11.105481147766113,0.23010581731796265,0.5345596075057983,83.46401977539062,3619.0,16.328413009643555,708.0,0.0,0.0,0.207564577460289,9.0,0.0,0.0,14.49975872039795,20.197473526000977,12.179213523864746,0.09686398506164551,0.4277820885181427,80.39667510986328,3486.0,19.395755767822266,841.0,0.0,0.0,0.207564577460289,9.0,0.0,0.0,0.2205144762992859,0.49994003772735596,0.2795455753803253,0.08799097687005997,0.11920291930437088,0.9953656196594238,0.9875145554542542,1.0,0.21052631735801697,0.2210526168346405,0.2631579041481018,0.3052631616592407
16,0.18427047024852544,11.031387329101562,16.13778305053711,9.239519119262695,0.420482337474823,0.6691488027572632,88.3187255859375,15318.0,11.531365394592285,2000.0,0.0,0.0,0.14990775287151337,26.0,0.0,0.0,5.7605438232421875,8.067439079284668,4.842602252960205,0.8545331954956055,0.9251295924186707,98.77767944335938,4283.0,1.199262022972107,52.0,0.0,0.0,0.023062730208039284,1.0,0.0,0.0,10.636087417602539,15.021224975585938,8.888208389282227,0.49701786041259766,0.7180216312408447,89.78321075439453,3893.0,10.055350303649902,436.0,0.0,0.0,0.16143910586833954,7.0,0.0,0.0,13.259647369384766,18.60251808166504,11.09116268157959,0.23071014881134033,0.5357294678688049,83.62545776367188,3626.0,16.166975021362305,701.0,0.0,0.0,0.207564577460289,9.0,0.0,0.0,14.469269752502441,20.123065948486328,12.136106491088867,0.10350602865219116,0.43321436643600464,81.08856201171875,3516.0,18.703874588012695,811.0,0.0,0.0,0.207564577460289,9.0,0.0,0.0,0.22950983047485352,0.5048043131828308,0.26568591594696045,0.09454783797264099,0.11920291930437088,0.9944822192192078,0.9870741963386536,1.0,0.21052631735801697,0.2210526168346405,0.2631579041481018,0.3052631616592407
17,0.17869786521562062,11.113672256469727,16.244569778442383,9.314050674438477,0.41278743743896484,0.6629411578178406,88.08232879638672,15277.0,11.7677583694458,2041.0,0.0,0.0,0.14990775287151337,26.0,0.0,0.0,5.7658281326293945,8.060887336730957,4.848300933837891,0.8547693490982056,0.9249672293663025,98.82380676269531,4285.0,1.1531364917755127,50.0,0.0,0.0,0.023062730208039284,1.0,0.0,0.0,10.679036140441895,15.036643028259277,8.930054664611816,0.4959847331047058,0.7156986594200134,89.85240173339844,3896.0,9.986162185668945,433.0,0.0,0.0,0.16143910586833954,7.0,0.0,0.0,13.355237007141113,18.703811645507812,11.176076889038086,0.2223096489906311,0.5280336737632751,83.34870910644531,3614.0,16.4437255859375,713.0,0.0,0.0,0.207564577460289,9.0,0.0,0.0,14.654587745666504,20.36254119873047,12.301770210266113,0.08204144239425659,0.417246013879776,80.30442810058594,3482.0,19.488006591796875,845.0,0.0,0.0,0.207564577460289,9.0,0.0,0.0,0.24354703724384308,0.4692724049091339,0.287180632352829,0.10002147406339645,0.11920291930437088,0.9930403828620911,0.989294707775116,1.0,0.21052631735801697,0.2210526168346405,0.2631579041481018,0.3052631616592407
step,fold13/test_loss,fold13/test_mae,fold13/test_rmse,fold13/test_mard,fold13/test_r2,fold13/test_pearson,fold13/test_ega_zone_a_pct,fold13/test_ega_zone_a_count,fold13/test_ega_zone_b_pct,fold13/test_ega_zone_b_count,fold13/test_ega_zone_c_pct,fold13/test_ega_zone_c_count,fold13/test_ega_zone_d_pct,fold13/test_ega_zone_d_count,fold13/test_ega_zone_e_pct,fold13/test_ega_zone_e_count,fold13/test_horizon_15_mae,fold13/test_horizon_15_rmse,fold13/test_horizon_15_mard,fold13/test_horizon_15_r2,fold13/test_horizon_15_pearson,fold13/test_horizon_15_ega_zone_a_pct,fold13/test_horizon_15_ega_zone_a_count,fold13/test_horizon_15_ega_zone_b_pct,fold13/test_horizon_15_ega_zone_b_count,fold13/test_horizon_15_ega_zone_c_pct,fold13/test_horizon_15_ega_zone_c_count,fold13/test_horizon_15_ega_zone_d_pct,fold13/test_horizon_15_ega_zone_d_count,fold13/test_horizon_15_ega_zone_e_pct,fold13/test_horizon_15_ega_zone_e_count,fold13/test_horizon_30_mae,fold13/test_horizon_30_rmse,fold13/test_horizon_30_mard,fold13/test_horizon_30_r2,fold13/test_horizon_30_pearson,fold13/test_horizon_30_ega_zone_a_pct,fold13/test_horizon_30_ega_zone_a_count,fold13/test_horizon_30_ega_zone_b_pct,fold13/test_horizon_30_ega_zone_b_count,fold13/test_horizon_30_ega_zone_c_pct,fold13/test_horizon_30_ega_zone_c_count,fold13/test_horizon_30_ega_zone_d_pct,fold13/test_horizon_30_ega_zone_d_count,fold13/test_horizon_30_ega_zone_e_pct,fold13/test_horizon_30_ega_zone_e_count,fold13/test_horizon_45_mae,fold13/test_horizon_45_rmse,fold13/test_horizon_45_mard,fold13/test_horizon_45_r2,fold13/test_horizon_45_pearson,fold13/test_horizon_45_ega_zone_a_pct,fold13/test_horizon_45_ega_zone_a_count,fold13/test_horizon_45_ega_zone_b_pct,fold13/test_horizon_45_ega_zone_b_count,fold13/test_horizon_45_ega_zone_c_pct,fold13/test_horizon_45_ega_zone_c_count,fold13/test_horizon_45_ega_zone_d_pct,fold13/test_horizon_45_ega_zone_d_count,fold13/test_horizon_45_ega_zone_e_pct,fold13/test_horizon_45_ega_zone_e_count,fold13/test_horizon_60_mae,fold13/test_horizon_60_rmse,fold13/test_horizon_60_mard,fold13/test_horizon_60_r2,fold13/test_horizon_60_pearson,fold13/test_horizon_60_ega_zone_a_pct,fold13/test_horizon_60_ega_zone_a_count,fold13/test_horizon_60_ega_zone_b_pct,fold13/test_horizon_60_ega_zone_b_count,fold13/test_horizon_60_ega_zone_c_pct,fold13/test_horizon_60_ega_zone_c_count,fold13/test_horizon_60_ega_zone_d_pct,fold13/test_horizon_60_ega_zone_d_count,fold13/test_horizon_60_ega_zone_e_pct,fold13/test_horizon_60_ega_zone_e_count
0,0.363370211036117,12.434597969055176,19.46883773803711,9.203667640686035,0.24917137622833252,0.6028030514717102,87.95010375976562,6839.0,12.049897193908691,937.0,0.0,0.0,0.0,0.0,0.0,0.0,6.104466438293457,9.203634262084961,4.673940658569336,0.8321676254272461,0.9178369045257568,98.30247497558594,1911.0,1.697530746459961,33.0,0.0,0.0,0.0,0.0,0.0,0.0,11.428092002868652,17.229154586791992,8.51643180847168,0.4122336506843567,0.693722128868103,90.89506530761719,1767.0,9.104938507080078,177.0,0.0,0.0,0.0,0.0,0.0,0.0,14.925413131713867,22.276775360107422,10.960515975952148,0.017234623432159424,0.4584660828113556,83.7448501586914,1628.0,16.255144119262695,316.0,0.0,0.0,0.0,0.0,0.0,0.0,17.28042221069336,25.26533317565918,12.663780212402344,-0.2650705575942993,0.28159233927726746,78.85802459716797,1533.0,21.14197540283203,411.0,0.0,0.0,0.0,0.0,0.0,0.0
step,fold14/train_loss,fold14/val_mae,fold14/val_rmse,fold14/val_mard,fold14/val_r2,fold14/val_pearson,fold14/val_ega_zone_a_pct,fold14/val_ega_zone_a_count,fold14/val_ega_zone_b_pct,fold14/val_ega_zone_b_count,fold14/val_ega_zone_c_pct,fold14/val_ega_zone_c_count,fold14/val_ega_zone_d_pct,fold14/val_ega_zone_d_count,fold14/val_ega_zone_e_pct,fold14/val_ega_zone_e_count,fold14/val_horizon_15_mae,fold14/val_horizon_15_rmse,fold14/val_horizon_15_mard,fold14/val_horizon_15_r2,fold14/val_horizon_15_pearson,fold14/val_horizon_15_ega_zone_a_pct,fold14/val_horizon_15_ega_zone_a_count,fold14/val_horizon_15_ega_zone_b_pct,fold14/val_horizon_15_ega_zone_b_count,fold14/val_horizon_15_ega_zone_c_pct,fold14/val_horizon_15_ega_zone_c_count,fold14/val_horizon_15_ega_zone_d_pct,fold14/val_horizon_15_ega_zone_d_count,fold14/val_horizon_15_ega_zone_e_pct,fold14/val_horizon_15_ega_zone_e_count,fold14/val_horizon_30_mae,fold14/val_horizon_30_rmse,fold14/val_horizon_30_mard,fold14/val_horizon_30_r2,fold14/val_horizon_30_pearson,fold14/val_horizon_30_ega_zone_a_pct,fold14/val_horizon_30_ega_zone_a_count,fold14/val_horizon_30_ega_zone_b_pct,fold14/val_horizon_30_ega_zone_b_count,fold14/val_horizon_30_ega_zone_c_pct,fold14/val_horizon_30_ega_zone_c_count,fold14/val_horizon_30_ega_zone_d_pct,fold14/val_horizon_30_ega_zone_d_count,fold14/val_horizon_30_ega_zone_e_pct,fold14/val_horizon_30_ega_zone_e_count,fold14/val_horizon_45_mae,fold14/val_horizon_45_rmse,fold14/val_horizon_45_mard,fold14/val_horizon_45_r2,fold14/val_horizon_45_pearson,fold14/val_horizon_45_ega_zone_a_pct,fold14/val_horizon_45_ega_zone_a_count,fold14/val_horizon_45_ega_zone_b_pct,fold14/val_horizon_45_ega_zone_b_count,fold14/val_horizon_45_ega_zone_c_pct,fold14/val_horizon_45_ega_zone_c_count,fold14/val_horizon_45_ega_zone_d_pct,fold14/val_horizon_45_ega_zone_d_count,fold14/val_horizon_45_ega_zone_e_pct,fold14/val_horizon_45_ega_zone_e_count,fold14/val_horizon_60_mae,fold14/val_horizon_60_rmse,fold14/val_horizon_60_mard,fold14/val_horizon_60_r2,fold14/val_horizon_60_pearson,fold14/val_horizon_60_ega_zone_a_pct,fold14/val_horizon_60_ega_zone_a_count,fold14/val_horizon_60_ega_zone_b_pct,fold14/val_horizon_60_ega_zone_b_count,fold14/val_horizon_60_ega_zone_c_pct,fold14/val_horizon_60_ega_zone_c_count,fold14/val_horizon_60_ega_zone_d_pct,fold14/val_horizon_60_ega_zone_d_count,fold14/val_horizon_60_ega_zone_e_pct,fold14/val_horizon_60_ega_zone_e_count,fold14/diag_fusion_gate_cgm,fold14/diag_fusion_gate_cgm_guided,fold14/diag_fusion_gate_physio,fold14/diag_horizon_query_similarity,fold14/diag_horizon_progressive_gate,fold14/diag_horizon_attention_similarity,fold14/diag_horizon_attention_entropy,fold14/diag_horizon_curriculum_progress,fold14/diag_loss_horizon_weight_0,fold14/diag_loss_horizon_weight_1,fold14/diag_loss_horizon_weight_2,fold14/diag_loss_horizon_weight_3
1,0.248233087872221,9.71286678314209,14.974703788757324,8.119366645812988,0.5401067137718201,0.746881902217865,91.51702880859375,15697.0,8.424673080444336,1445.0,0.0,0.0,0.05830223858356476,10.0,0.0,0.0,5.866563320159912,8.550456047058105,4.981603622436523,0.8498605489730835,0.9219382405281067,98.13432312011719,4208.0,1.7723881006240845,76.0,0.0,0.0,0.09328357875347137,4.0,0.0,0.0,9.243524551391602,13.75752067565918,7.718130111694336,0.6117405891418457,0.7891690135002136,92.58395385742188,3970.0,7.369402885437012,316.0,0.0,0.0,0.04664178937673569,2.0,0.0,0.0,11.180426597595215,16.796382904052734,9.31360912322998,0.42145878076553345,0.6762235760688782,88.66604614257812,3802.0,11.287313461303711,484.0,0.0,0.0,0.04664178937673569,2.0,0.0,0.0,12.560953140258789,18.774154663085938,10.46412181854248,0.27816933393478394,0.5851042866706848,86.68376922607422,3717.0,13.2695894241333,569.0,0.0,0.0,0.04664178937673569,2.0,0.0,0.0,0.5617892146110535,0.19398528337478638,0.24422550201416016,-0.036834295839071274,0.11920291930437088,0.9999337196350098,0.9999849200248718,0.0,0.3333333432674408,0.28333333134651184,0.21666665375232697,0.1666666716337204
2,0.24481206027519048,9.827677726745605,14.919907569885254,8.2244234085083,0.543466329574585,0.7438762784004211,91.77938842773438,15742.0,8.162313461303711,1400.0,0.0,0.0,0.05830223858356476,10.0,0.0,0.0,5.874757289886475,8.534125328063965,4.981189727783203,0.8504335880279541,0.9224796295166016,98.08768463134766,4206.0,1.8190298080444336,78.0,0.0,0.0,0.09328357875347137,4.0,0.0,0.0,9.369001388549805,13.693520545959473,7.843515872955322,0.6153446435928345,0.7874602675437927,92.93376922607422,3985.0,7.019589900970459,301.0,0.0,0.0,0.04664178937673569,2.0,0.0,0.0,11.341132164001465,16.716007232666016,9.471795082092285,0.4269825220108032,0.669293224811554,89.17910766601562,3824.0,10.774253845214844,462.0,0.0,0.0,0.04664178937673569,2.0,0.0,0.0,12.72581958770752,18.72553825378418,10.601191520690918,0.28190290927886963,0.5724460482597351,86.91697692871094,3727.0,13.036380767822266,559.0,0.0,0.0,0.04664178937673569,2.0,0.0,0.0,0.3782711923122406,0.23996181786060333,0.38176703453063965,-0.03572665527462959,0.11920291930437088,0.9996359348297119,0.9998987913131714,0.07142857142857142,0.3245614171028137,0.2788847088813782,0.21998745203018188,0.17656642198562622
3,0.24514384118295515,9.77336597442627,14.867156982421875,8.175756454467773,0.5466887950897217,0.7451183199882507,91.80853271484375,15747.0,8.133162498474121,1395.0,0.0,0.0,0.05830223858356476,10.0,0.0,0.0,5.792533874511719,8.463932991027832,4.911131381988525,0.8528837561607361,0.9237200617790222,98.15765380859375,4209.0,1.7490671873092651,75.0,0.0,0.0,0.09328357875347137,4.0,0.0,0.0,9.276843070983887,13.62922477722168,7.762555122375488,0.6189483404159546,0.789302408695221,92.77052307128906,3978.0,7.182835578918457,308.0,0.0,0.0,0.04664178937673569,2.0,0.0,0.0,11.325411796569824,16.687679290771484,9.447301864624023,0.42892301082611084,0.6682367324829102,89.41231536865234,3834.0,10.541045188903809,452.0,0.0,0.0,0.04664178937673569,2.0,0.0,0.0,12.69867992401123,18.661640167236328,10.582036018371582,0.28679531812667847,0.5720245242118835,86.8936538696289,3726.0,13.059700965881348,560.0,0.0,0.0,0.04664178937673569,2.0,0.0,0.0,0.263976514339447,0.17136292159557343,0.5646606087684631,-0.03426143527030945,0.11920291930437088,0.9985063076019287,0.9992742538452148,0.14285714285714285,0.31578949093818665,0.2744360864162445,0.223308265209198,0.18646617233753204
4,0.2433510935265362,9.705491065979004,14.759073257446289,8.131510734558105,0.5532559156417847,0.7477693557739258,91.80853271484375,15747.0,8.133162498474121,1395.0,0.0,0.0,0.05830223858356476,10.0,0.0,0.0,5.73059606552124,8.402752876281738,4.865179061889648,0.8550028800964355,0.9248348474502563,98.20429229736328,4211.0,1.702425479888916,73.0,0.0,0.0,0.09328357875347137,4.0,0.0,0.0,9.217897415161133,13.549041748046875,7.737252235412598,0.6234186887741089,0.7910048365592957,92.7005615234375,3975.0,7.252798080444336,311.0,0.0,0.0,0.04664178937673569,2.0,0.0,0.0,11.248971939086914,16.56499481201172,9.399008750915527,0.4372890591621399,0.6708542108535767,89.5755615234375,3841.0,10.377798080444336,445.0,0.0,0.0,0.04664178937673569,2.0,0.0,0.0,12.62449836730957,18.513214111328125,10.524604797363281,0.2980952262878418,0.5738522410392761,86.75373077392578,3720.0,13.199626922607422,566.0,0.0,0.0,0.04664178937673569,2.0,0.0,0.0,0.25462806224823,0.16149543225765228,0.5838765501976013,-0.024521343410015106,0.11920291930437088,0.9947511553764343,0.9969755411148071,0.21428571428571427,0.30701756477355957,0.26998746395111084,0.22662906348705292,0.19636592268943787
5,0.23944262692558518,9.621374130249023,14.638132095336914,8.05046272277832,0.5605475902557373,0.751150369644165,92.02425384521484,15784.0,7.917443752288818,1358.0,0.0,0.0,0.05830223858356476,10.0,0.0,0.0,5.591023921966553,8.167596817016602,4.748189449310303,0.8630049824714661,0.9296736121177673,98.32089233398438,4216.0,1.5858209133148193,68.0,0.0,0.0,0.09328357875347137,4.0,0.0,0.0,9.153377532958984,13.458620071411133,7.67374324798584,0.6284283399581909,0.7938181161880493,93.05036926269531,3990.0,6.902985095977783,296.0,0.0,0.0,0.04664178937673569,2.0,0.0,0.0,11.187328338623047,16.46877098083496,9.339594841003418,0.4438074231147766,0.6722815036773682,89.4822769165039,3837.0,10.471081733703613,449.0,0.0,0.0,0.04664178937673569,2.0,0.0,0.0,12.553765296936035,18.385730743408203,10.440322875976562,0.30772864818573,0.5745846629142761,87.24346923828125,3741.0,12.709887504577637,545.0,0.0,0.0,0.04664178937673569,2.0,0.0,0.0,0.22186477482318878,0.15404389798641205,0.6240913271903992,-0.00022802625608164817,0.11920291930437088,0.9958686828613281,0.9948718547821045,0.2857142857142857,0.2982456088066101,0.2655388414859772,0.22994986176490784,0.2062656730413437
6,0.23474871615522414,9.352458000183105,14.305874824523926,7.836653232574463,0.580270528793335,0.7641643285751343,92.20498657226562,15815.0,7.730876445770264,1326.0,0.0,0.0,0.064132459461689,11.0,0.0,0.0,5.112067699432373,7.394084453582764,4.389375686645508,0.8877245187759399,0.9422754645347595,98.64738464355469,4230.0,1.2593283653259277,54.0,0.0,0.0,0.09328357875347137,4.0,0.0,0.0,8.846121788024902,12.981672286987305,7.4421234130859375,0.6542972326278687,0.8097085952758789,93.44682312011719,4007.0,6.483209133148193,278.0,0.0,0.0,0.06996268779039383,3.0,0.0,0.0,11.01494312286377,16.248140335083008,9.18757438659668,0.4586102366447449,0.6830204725265503,89.59888458251953,3842.0,10.354477882385254,444.0,0.0,0.0,0.04664178937673569,2.0,0.0,0.0,12.436699867248535,18.205326080322266,10.327539443969727,0.3212473392486572,0.585025429725647,87.12686157226562,3736.0,12.826492309570312,550.0,0.0,0.0,0.04664178937673569,2.0,0.0,0.0,0.2533179819583893,0.1675683706998825,0.5791137218475342,0.030705085024237633,0.11920291930437088,0.997853696346283,0.9926145076751709,0.35714285714285715,0.28947368264198303,0.2610902190208435,0.23327067494392395,0.2161654233932495
7,0.23096473775237022,9.302133560180664,14.245134353637695,7.784776210784912,0.5838271975517273,0.7665621638298035,92.34491729736328,15839.0,7.590951919555664,1302.0,0.0,0.0,0.064132459461689,11.0,0.0,0.0,4.913621425628662,7.024848937988281,4.222625255584717,0.8986578583717346,0.9480845332145691,98.90391540527344,4241.0,1.0027985572814941,43.0,0.0,0.0,0.09328357875347137,4.0,0.0,0.0,8.772732734680176,12.80872917175293,7.379963397979736,0.6634467840194702,0.8154194951057434,93.44682312011719,4007.0,6.483209133148193,278.0,0.0,0.0,0.06996268779039383,3.0,0.0,0.0,11.042010307312012,16.248271942138672,9.197298049926758,0.45860135555267334,0.6828145980834961,89.78545379638672,3850.0,10.1679105758667,436.0,0.0,0.0,0.04664178937673569,2.0,0.0,0.0,12.480167388916016,18.28324317932129,10.33922004699707,0.31542491912841797,0.5798895955085754,87.24346923828125,3741.0,12.709887504577637,545.0,0.0,0.0,0.04664178937673569,2.0,0.0,0.0,0.24977557361125946,0.1662791222333908,0.5839453339576721,0.04675942659378052,0.11920291930437088,0.9970448613166809,0.9927716851234436,0.42857142857142855,0.28070175647735596,0.25664159655570984,0.23659147322177887,0.22606515884399414
8,0.22704747538654976,9.300968170166016,14.222295761108398,7.803359031677246,0.5851606130599976,0.7670696377754211,92.34491729736328,15839.0,7.5967817306518555,1303.0,0.0,0.0,0.05830223858356476,10.0,0.0,0.0,4.823868274688721,6.820502281188965,4.157433032989502,0.9044679999351501,0.9510498046875,98.97388458251953,4244.0,0.9561567306518555,41.0,0.0,0.0,0.06996268779039383,3.0,0.0,0.0,8.731006622314453,12.669785499572754,7.373703479766846,0.6707088351249695,0.8195114135742188,93.75,4020.0,6.180037021636963,265.0,0.0,0.0,0.06996268779039383,3.0,0.0,0.0,11.06467342376709,16.25625991821289,9.236037254333496,0.4580689072608948,0.6814836263656616,89.78545379638672,3850.0,10.1679105758667,436.0,0.0,0.0,0.04664178937673569,2.0,0.0,0.0,12.584321975708008,18.378957748413086,10.44626235961914,0.3082386255264282,0.5717102885246277,86.8703384399414,3725.0,13.083023071289062,561.0,0.0,0.0,0.04664178937673569,2.0,0.0,0.0,0.2546745836734772,0.18123264610767365,0.5640928149223328,0.06370950490236282,0.11920291930437088,0.9970070719718933,0.9936652183532715,0.5,0.2719298303127289,0.25219297409057617,0.2399122714996338,0.23596492409706116
9,0.22595106196905543,9.346819877624512,14.262885093688965,7.818692207336426,0.582789421081543,0.7660042643547058,92.04174041748047,15787.0,7.899953365325928,1355.0,0.0,0.0,0.05830223858356476,10.0,0.0,0.0,4.80084753036499,6.767353057861328,4.137440204620361,0.9059510827064514,0.9518382549285889,98.90391540527344,4241.0,1.0027985572814941,43.0,0.0,0.0,0.09328357875347137,4.0,0.0,0.0,8.772439956665039,12.690709114074707,7.389752388000488,0.6696202754974365,0.8191367983818054,93.58675384521484,4013.0,6.366604804992676,273.0,0.0,0.0,0.04664178937673569,2.0,0.0,0.0,11.163177490234375,16.350048065185547,9.28840446472168,0.4517976641654968,0.6774148941040039,89.27238464355469,3828.0,10.680970191955566,458.0,0.0,0.0,0.04664178937673569,2.0,0.0,0.0,12.650816917419434,18.426727294921875,10.459174156188965,0.3046379089355469,0.5685164928436279,86.40391540527344,3705.0,13.549439430236816,581.0,0.0,0.0,0.04664178937673569,2.0,0.0,0.0,0.2622690200805664,0.18873481452465057,0.5489961504936218,0.06331398338079453,0.11920291930437088,0.9946837425231934,0.9933837652206421,0.5714285714285714,0.2631579041481018,0.2477443516254425,0.2432330846786499,0.24586467444896698
10,0.222927792342351,9.373170852661133,14.324299812316895,7.839495658874512,0.5791887044906616,0.7638288736343384,91.97761535644531,15776.0,7.964085578918457,1366.0,0.0,0.0,0.05830223858356476,10.0,0.0,0.0,4.778029918670654,6.717111587524414,4.120135307312012,0.9073423147201538,0.9525584578514099,98.99720001220703,4245.0,0.9328358173370361,40.0,0.0,0.0,0.06996268779039383,3.0,0.0,0.0,8.792241096496582,12.719406127929688,7.403031826019287,0.6681244373321533,0.8182190656661987,93.49346923828125,4009.0,6.4365668296813965,276.0,0.0,0.0,0.06996268779039383,3.0,0.0,0.0,11.216692924499512,16.463979721069336,9.328423500061035,0.444131076335907,0.6725886464118958,88.89925384521484,3812.0,11.054104804992676,474.0,0.0,0.0,0.04664178937673569,2.0,0.0,0.0,12.705721855163574,18.514232635498047,10.506390571594238,0.2980179786682129,0.5643488764762878,86.52052307128906,3710.0,13.432836532592773,576.0,0.0,0.0,0.04664178937673569,2.0,0.0,0.0,0.27824798226356506,0.21056002378463745,0.5111920237541199,0.07108916342258453,0.11920291930437088,0.9903061985969543,0.9905362129211426,0.6428571428571429,0.25438597798347473,0.24329572916030884,0.24655388295650482,0.2557644248008728
11,0.22100743978522674,9.464253425598145,14.429281234741211,7.915797233581543,0.5729979276657104,0.759872555732727,91.81436157226562,15748.0,8.121501922607422,1393.0,0.0,0.0,0.064132459461689,11.0,0.0,0.0,4.797750473022461,6.730340003967285,4.12919282913208,0.9069770574569702,0.9523636698722839,98.99720001220703,4245.0,0.9095149040222168,39.0,0.0,0.0,0.09328357875347137,4.0,0.0,0.0,8.868932723999023,12.808494567871094,7.468183994293213,0.6634591817855835,0.8154910802841187,93.49346923828125,4009.0,6.4365668296813965,276.0,0.0,0.0,0.06996268779039383,3.0,0.0,0.0,11.329597473144531,16.583473205566406,9.429855346679688,0.4360329508781433,0.6666809320449829,88.71268463134766,3804.0,11.240671157836914,482.0,0.0,0.0,0.04664178937673569,2.0,0.0,0.0,12.860733985900879,18.66681671142578,10.635957717895508,0.2863996624946594,0.5551894903182983,86.05410766601562,3690.0,13.899252891540527,596.0,0.0,0.0,0.04664178937673569,2.0,0.0,0.0,0.3045456111431122,0.2116936296224594,0.4837608337402344,0.07012992352247238,0.11920291930437088,0.9734365344047546,0.9870591759681702,0.7142857142857143,0.24561403691768646,0.23884710669517517,0.24987469613552094,0.26566416025161743
12,0.21905070590042292,9.422475814819336,14.419490814208984,7.878479957580566,0.5735771656036377,0.7607861161231995,91.96012115478516,15773.0,7.975746154785156,1368.0,0.0,0.0,0.064132459461689,11.0,0.0,0.0,4.728224277496338,6.649651050567627,4.074529647827148,0.9091941118240356,0.9535916447639465,99.11380767822266,4250.0,0.7929104566574097,34.0,0.0,0.0,0.09328357875347137,4.0,0.0,0.0,8.764568328857422,12.70412540435791,7.381608486175537,0.6689213514328003,0.8192411661148071,93.6567153930664,4016.0,6.273321151733398,269.0,0.0,0.0,0.06996268779039383,3.0,0.0,0.0,11.311370849609375,16.596839904785156,9.407075881958008,0.4351234436035156,0.6669454574584961,88.71268463134766,3804.0,11.240671157836914,482.0,0.0,0.0,0.04664178937673569,2.0,0.0,0.0,12.885740280151367,18.72482681274414,10.65070629119873,0.2819574475288391,0.5534563064575195,86.3572769165039,3703.0,13.596081733703613,583.0,0.0,0.0,0.04664178937673569,2.0,0.0,0.0,0.34377408027648926,0.23884952068328857,0.41737648844718933,0.06844832748174667,0.11920291930437088,0.9636481404304504,0.9856288433074951,0.7857142857142857,0.23684212565422058,0.2343984991312027,0.25319552421569824,0.27556392550468445
13,0.2185297060710218,9.393973350524902,14.388734817504883,7.861557483673096,0.575394332408905,0.7614539861679077,91.93680572509766,15769.0,7.9990668296813965,1372.0,0.0,0.0,0.064132459461689,11.0,0.0,0.0,4.740275859832764,6.704742908477783,4.086218357086182,0.907683253288269,0.9527381062507629,99.0671615600586,4248.0,0.8395522832870483,36.0,0.0,0.0,0.09328357875347137,4.0,0.0,0.0,8.749237060546875,12.7081880569458,7.375196933746338,0.6687096357345581,0.8185933232307434,93.68003845214844,4017.0,6.25,268.0,0.0,0.0,0.06996268779039383,3.0,0.0,0.0,11.280882835388184,16.554725646972656,9.39060115814209,0.4379865527153015,0.6680272221565247,88.80596923828125,3808.0,11.147388458251953,478.0,0.0,0.0,0.04664178937673569,2.0,0.0,0.0,12.805495262145996,18.644899368286133,10.594216346740723,0.2880743741989136,0.5573542714118958,86.19403076171875,3696.0,13.759328842163086,590.0,0.0,0.0,0.04664178937673569,2.0,0.0,0.0,0.3544939458370209,0.258207768201828,0.3872983455657959,0.06313078850507736,0.11920291930437088,0.9564557671546936,0.9859184622764587,0.8571428571428571,0.22807016968727112,0.22994986176490784,0.25651630759239197,0.2854636609554291
14,0.21512461478374664,9.43790340423584,14.566383361816406,7.868076801300049,0.5648449063301086,0.7564327120780945,91.7035903930664,15729.0,8.238105773925781,1413.0,0.0,0.0,0.05830223858356476,10.0,0.0,0.0,4.719888210296631,6.679251194000244,4.065047740936279,0.9083839058876038,0.9531359672546387,98.9505615234375,4243.0,0.9561567306518555,41.0,0.0,0.0,0.09328357875347137,4.0,0.0,0.0,8.765242576599121,12.799798965454102,7.369231224060059,0.6639159917831421,0.8163900971412659,93.44682312011719,4007.0,6.483209133148193,278.0,0.0,0.0,0.06996268779039383,3.0,0.0,0.0,11.356195449829102,16.808124542236328,9.41003131866455,0.4206496477127075,0.6592112183570862,88.33954620361328,3788.0,11.61380672454834,498.0,0.0,0.0,0.04664178937673569,2.0,0.0,0.0,12.910286903381348,18.914487838745117,10.627996444702148,0.2673378586769104,0.5484547019004822,86.07743072509766,3691.0,13.899252891540527,596.0,0.0,0.0,0.023320894688367844,1.0,0.0,0.0,0.3748377859592438,0.2529032528400421,0.3722590208053589,0.062231484800577164,0.11920291930437088,0.9524025321006775,0.9848237633705139,0.9285714285714286,0.21929824352264404,0.22550123929977417,0.2598370909690857,0.2953633964061737
15,0.20964871642496954,9.726402282714844,15.103131294250488,8.091919898986816,0.5321846008300781,0.7368109822273254,91.05060577392578,15617.0,8.885261535644531,1524.0,0.0,0.0,0.064132459461689,11.0,0.0,0.0,4.7461419105529785,6.7182936668396,4.082769393920898,0.9073097109794617,0.952585756778717,98.99720001220703,4245.0,0.9095149040222168,39.0,0.0,0.0,0.09328357875347137,4.0,0.0,0.0,8.971380233764648,13.124175071716309,7.529359817504883,0.6466658115386963,0.8060624003410339,92.93376922607422,3985.0,6.9962687492370605,300.0,0.0,0.0,0.06996268779039383,3.0,0.0,0.0,11.763855934143066,17.445911407470703,9.729863166809082,0.3758484125137329,0.6293750405311584,87.56996154785156,3755.0,12.383395195007324,531.0,0.0,0.0,0.04664178937673569,2.0,0.0,0.0,13.424234390258789,19.765602111816406,11.025689125061035,0.199917733669281,0.5026866793632507,84.70149230957031,3632.0,15.251866340637207,654.0,0.0,0.0,0.04664178937673569,2.0,0.0,0.0,0.3864816129207611,0.25162163376808167,0.3618967831134796,0.061712343245744705,0.11920291930437088,0.9443785548210144,0.9833524823188782,1.0,0.21052631735801697,0.2210526168346405,0.2631579041481018,0.3052631616592407
16,0.20269729833340644,9.821154594421387,15.281984329223633,8.16540241241455,0.5210390686988831,0.7301546931266785,90.86986541748047,15586.0,9.077658653259277,1557.0,0.0,0.0,0.05247201770544052,9.0,0.0,0.0,4.740962982177734,6.729671955108643,4.072239398956299,0.9069955348968506,0.9524235725402832,99.0438461303711,4247.0,0.8861940503120422,38.0,0.0,0.0,0.06996268779039383,3.0,0.0,0.0,9.020686149597168,13.23754596710205,7.558129787445068,0.6405349969863892,0.8024979829788208,92.86380767822266,3982.0,7.0662312507629395,303.0,0.0,0.0,0.06996268779039383,3.0,0.0,0.0,11.9243745803833,17.66857147216797,9.85669994354248,0.35981476306915283,0.6195828318595886,87.5,3752.0,12.453357696533203,534.0,0.0,0.0,0.04664178937673569,2.0,0.0,0.0,13.598590850830078,20.0363826751709,11.174540519714355,0.17784595489501953,0.4881029427051544,84.07182312011719,3605.0,15.904850959777832,682.0,0.0,0.0,0.023320894688367844,1.0,0.0,0.0,0.396009236574173,0.2524361312389374,0.3515547215938568,0.0726882740855217,0.11920291930437088,0.947324275970459,0.983674943447113,1.0,0.21052631735801697,0.2210526168346405,0.2631579041481018,0.3052631616592407
step,fold14/test_loss,fold14/test_mae,fold14/test_rmse,fold14/test_mard,fold14/test_r2,fold14/test_pearson,fold14/test_ega_zone_a_pct,fold14/test_ega_zone_a_count,fold14/test_ega_zone_b_pct,fold14/test_ega_zone_b_count,fold14/test_ega_zone_c_pct,fold14/test_ega_zone_c_count,fold14/test_ega_zone_d_pct,fold14/test_ega_zone_d_count,fold14/test_ega_zone_e_pct,fold14/test_ega_zone_e_count,fold14/test_horizon_15_mae,fold14/test_horizon_15_rmse,fold14/test_horizon_15_mard,fold14/test_horizon_15_r2,fold14/test_horizon_15_pearson,fold14/test_horizon_15_ega_zone_a_pct,fold14/test_horizon_15_ega_zone_a_count,fold14/test_horizon_15_ega_zone_b_pct,fold14/test_horizon_15_ega_zone_b_count,fold14/test_horizon_15_ega_zone_c_pct,fold14/test_horizon_15_ega_zone_c_count,fold14/test_horizon_15_ega_zone_d_pct,fold14/test_horizon_15_ega_zone_d_count,fold14/test_horizon_15_ega_zone_e_pct,fold14/test_horizon_15_ega_zone_e_count,fold14/test_horizon_30_mae,fold14/test_horizon_30_rmse,fold14/test_horizon_30_mard,fold14/test_horizon_30_r2,fold14/test_horizon_30_pearson,fold14/test_horizon_30_ega_zone_a_pct,fold14/test_horizon_30_ega_zone_a_count,fold14/test_horizon_30_ega_zone_b_pct,fold14/test_horizon_30_ega_zone_b_count,fold14/test_horizon_30_ega_zone_c_pct,fold14/test_horizon_30_ega_zone_c_count,fold14/test_horizon_30_ega_zone_d_pct,fold14/test_horizon_30_ega_zone_d_count,fold14/test_horizon_30_ega_zone_e_pct,fold14/test_horizon_30_ega_zone_e_count,fold14/test_horizon_45_mae,fold14/test_horizon_45_rmse,fold14/test_horizon_45_mard,fold14/test_horizon_45_r2,fold14/test_horizon_45_pearson,fold14/test_horizon_45_ega_zone_a_pct,fold14/test_horizon_45_ega_zone_a_count,fold14/test_horizon_45_ega_zone_b_pct,fold14/test_horizon_45_ega_zone_b_count,fold14/test_horizon_45_ega_zone_c_pct,fold14/test_horizon_45_ega_zone_c_count,fold14/test_horizon_45_ega_zone_d_pct,fold14/test_horizon_45_ega_zone_d_count,fold14/test_horizon_45_ega_zone_e_pct,fold14/test_horizon_45_ega_zone_e_count,fold14/test_horizon_60_mae,fold14/test_horizon_60_rmse,fold14/test_horizon_60_mard,fold14/test_horizon_60_r2,fold14/test_horizon_60_pearson,fold14/test_horizon_60_ega_zone_a_pct,fold14/test_horizon_60_ega_zone_a_count,fold14/test_horizon_60_ega_zone_b_pct,fold14/test_horizon_60_ega_zone_b_count,fold14/test_horizon_60_ega_zone_c_pct,fold14/test_horizon_60_ega_zone_c_count,fold14/test_horizon_60_ega_zone_d_pct,fold14/test_horizon_60_ega_zone_d_count,fold14/test_horizon_60_ega_zone_e_pct,fold14/test_horizon_60_ega_zone_e_count
0,0.2932898859437714,10.819803237915039,16.583599090576172,8.871633529663086,0.4169319272041321,0.658763587474823,88.39031219482422,4964.0,11.556267738342285,649.0,0.0,0.0,0.053418807685375214,3.0,0.0,0.0,5.56670618057251,7.890003681182861,4.692813396453857,0.8662943243980408,0.9308492541313171,98.78917694091797,1387.0,1.2108261585235596,17.0,0.0,0.0,0.0,0.0,0.0,0.0,10.179944038391113,15.049160957336426,8.420145034790039,0.5144389867782593,0.7236742973327637,90.17093658447266,1266.0,9.757834434509277,137.0,0.0,0.0,0.07122506946325302,1.0,0.0,0.0,12.988444328308105,19.117042541503906,10.595819473266602,0.2266966700553894,0.5141832828521729,83.61823272705078,1174.0,16.3105411529541,229.0,0.0,0.0,0.07122506946325302,1.0,0.0,0.0,14.544116020202637,21.11568832397461,11.777758598327637,0.07496082782745361,0.3780904710292816,80.98290252685547,1137.0,18.94586753845215,266.0,0.0,0.0,0.07122506946325302,1.0,0.0,0.0
step,fold15/train_loss,fold15/val_mae,fold15/val_rmse,fold15/val_mard,fold15/val_r2,fold15/val_pearson,fold15/val_ega_zone_a_pct,fold15/val_ega_zone_a_count,fold15/val_ega_zone_b_pct,fold15/val_ega_zone_b_count,fold15/val_ega_zone_c_pct,fold15/val_ega_zone_c_count,fold15/val_ega_zone_d_pct,fold15/val_ega_zone_d_count,fold15/val_ega_zone_e_pct,fold15/val_ega_zone_e_count,fold15/val_horizon_15_mae,fold15/val_horizon_15_rmse,fold15/val_horizon_15_mard,fold15/val_horizon_15_r2,fold15/val_horizon_15_pearson,fold15/val_horizon_15_ega_zone_a_pct,fold15/val_horizon_15_ega_zone_a_count,fold15/val_horizon_15_ega_zone_b_pct,fold15/val_horizon_15_ega_zone_b_count,fold15/val_horizon_15_ega_zone_c_pct,fold15/val_horizon_15_ega_zone_c_count,fold15/val_horizon_15_ega_zone_d_pct,fold15/val_horizon_15_ega_zone_d_count,fold15/val_horizon_15_ega_zone_e_pct,fold15/val_horizon_15_ega_zone_e_count,fold15/val_horizon_30_mae,fold15/val_horizon_30_rmse,fold15/val_horizon_30_mard,fold15/val_horizon_30_r2,fold15/val_horizon_30_pearson,fold15/val_horizon_30_ega_zone_a_pct,fold15/val_horizon_30_ega_zone_a_count,fold15/val_horizon_30_ega_zone_b_pct,fold15/val_horizon_30_ega_zone_b_count,fold15/val_horizon_30_ega_zone_c_pct,fold15/val_horizon_30_ega_zone_c_count,fold15/val_horizon_30_ega_zone_d_pct,fold15/val_horizon_30_ega_zone_d_count,fold15/val_horizon_30_ega_zone_e_pct,fold15/val_horizon_30_ega_zone_e_count,fold15/val_horizon_45_mae,fold15/val_horizon_45_rmse,fold15/val_horizon_45_mard,fold15/val_horizon_45_r2,fold15/val_horizon_45_pearson,fold15/val_horizon_45_ega_zone_a_pct,fold15/val_horizon_45_ega_zone_a_count,fold15/val_horizon_45_ega_zone_b_pct,fold15/val_horizon_45_ega_zone_b_count,fold15/val_horizon_45_ega_zone_c_pct,fold15/val_horizon_45_ega_zone_c_count,fold15/val_horizon_45_ega_zone_d_pct,fold15/val_horizon_45_ega_zone_d_count,fold15/val_horizon_45_ega_zone_e_pct,fold15/val_horizon_45_ega_zone_e_count,fold15/val_horizon_60_mae,fold15/val_horizon_60_rmse,fold15/val_horizon_60_mard,fold15/val_horizon_60_r2,fold15/val_horizon_60_pearson,fold15/val_horizon_60_ega_zone_a_pct,fold15/val_horizon_60_ega_zone_a_count,fold15/val_horizon_60_ega_zone_b_pct,fold15/val_horizon_60_ega_zone_b_count,fold15/val_horizon_60_ega_zone_c_pct,fold15/val_horizon_60_ega_zone_c_count,fold15/val_horizon_60_ega_zone_d_pct,fold15/val_horizon_60_ega_zone_d_count,fold15/val_horizon_60_ega_zone_e_pct,fold15/val_horizon_60_ega_zone_e_count,fold15/diag_fusion_gate_cgm,fold15/diag_fusion_gate_cgm_guided,fold15/diag_fusion_gate_physio,fold15/diag_horizon_query_similarity,fold15/diag_horizon_progressive_gate,fold15/diag_horizon_attention_similarity,fold15/diag_horizon_attention_entropy,fold15/diag_horizon_curriculum_progress,fold15/diag_loss_horizon_weight_0,fold15/diag_loss_horizon_weight_1,fold15/diag_loss_horizon_weight_2,fold15/diag_loss_horizon_weight_3
1,0.24939818327188848,11.665517807006836,18.833030700683594,10.182242393493652,0.4433164596557617,0.6977005004882812,86.17031860351562,18113.0,13.158896446228027,2766.0,0.004757374059408903,1.0,0.6612749695777893,139.0,0.004757374059408903,1.0,6.759638786315918,10.339847564697266,5.932400226593018,0.8326374292373657,0.9131755828857422,95.75642395019531,5032.0,3.9200761318206787,206.0,0.0,0.0,0.32350143790245056,17.0,0.0,0.0,10.956746101379395,17.016355514526367,9.521080017089844,0.5459505319595337,0.7553990483283997,87.13606262207031,4579.0,12.31208324432373,647.0,0.0,0.0,0.5518553853034973,29.0,0.0,0.0,13.513060569763184,21.085391998291016,11.738147735595703,0.30134642124176025,0.613297164440155,82.51189422607422,4336.0,16.669837951660156,876.0,0.0,0.0,0.8182682991027832,43.0,0.0,0.0,15.432621955871582,24.03475570678711,13.53734302520752,0.09122437238693237,0.49095088243484497,79.2768783569336,4166.0,19.73358726501465,1037.0,0.019029496237635612,1.0,0.9514747858047485,50.0,0.019029496237635612,1.0,0.5590896010398865,0.2218754142522812,0.21903501451015472,-0.018287481740117073,0.11920291930437088,0.9998424649238586,0.9999613761901855,0.0,0.3333333432674408,0.28333333134651184,0.21666665375232697,0.1666666716337204
2,0.24397494518454846,11.649181365966797,18.57267951965332,10.196368217468262,0.45860135555267334,0.6963511109352112,86.66032409667969,18216.0,12.630827903747559,2655.0,0.004757374059408903,1.0,0.7040913105010986,148.0,0.0,0.0,6.762088298797607,10.298968315124512,5.938152313232422,0.8339582085609436,0.9133545756340027,95.87060546875,5038.0,3.786869764328003,199.0,0.0,0.0,0.34253090620040894,18.0,0.0,0.0,11.001365661621094,16.84394073486328,9.59898567199707,0.5551050901412964,0.7532737255096436,87.63082885742188,4605.0,11.722168922424316,616.0,0.0,0.0,0.6470028758049011,34.0,0.0,0.0,13.519832611083984,20.810916900634766,11.79820728302002,0.3194171190261841,0.6072644591331482,83.06375122070312,4365.0,16.079923629760742,845.0,0.0,0.0,0.8563272953033447,45.0,0.0,0.0,15.31344223022461,23.59865379333496,13.450129508972168,0.12390404939651489,0.48085951805114746,80.07611846923828,4208.0,18.934349060058594,995.0,0.019029496237635612,1.0,0.9705042243003845,51.0,0.0,0.0,0.5577834248542786,0.2482302486896515,0.19398638606071472,-0.015981400385499,0.11920291930437088,0.9987080693244934,0.9995084404945374,0.07142857142857142,0.3245614171028137,0.2788847088813782,0.21998745203018188,0.17656642198562622
3,0.24392964991833876,11.666869163513184,18.513513565063477,10.253631591796875,0.4620453715324402,0.6958247423171997,86.898193359375,18266.0,12.392958641052246,2605.0,0.004757374059408903,1.0,0.6993339657783508,147.0,0.004757374059408903,1.0,6.7586894035339355,10.283769607543945,5.942333698272705,0.8344479203224182,0.9135658740997314,95.94671630859375,5042.0,3.710751533508301,195.0,0.0,0.0,0.34253090620040894,18.0,0.0,0.0,11.012760162353516,16.809917449951172,9.64311408996582,0.5569005608558655,0.7529627680778503,87.74500274658203,4611.0,11.607992172241211,610.0,0.0,0.0,0.6470028758049011,34.0,0.0,0.0,13.539963722229004,20.744150161743164,11.875219345092773,0.32377707958221436,0.6052452325820923,83.34918975830078,4380.0,15.79448127746582,830.0,0.0,0.0,0.8563272953033447,45.0,0.0,0.0,15.356060981750488,23.502159118652344,13.553857803344727,0.13105398416519165,0.4768039286136627,80.5518569946289,4233.0,18.45861053466797,970.0,0.019029496237635612,1.0,0.9514747858047485,50.0,0.019029496237635612,1.0,0.39510518312454224,0.29766130447387695,0.3072335720062256,-0.0025901172775775194,0.11920291930437088,0.990380585193634,0.9981269836425781,0.14285714285714285,0.31578949093818665,0.2744360864162445,0.223308265209198,0.18646617233753204
4,0.2413517993537573,11.615324974060059,18.436294555664062,10.1655912399292,0.46652352809906006,0.6943016052246094,87.32635498046875,18356.0,11.960038185119629,2514.0,0.004757374059408903,1.0,0.7088487148284912,149.0,0.0,0.0,6.732741355895996,10.210165977478027,5.915704250335693,0.8368092775344849,0.9148173928260803,96.13700866699219,5052.0,3.5204567909240723,185.0,0.0,0.0,0.34253090620040894,18.0,0.0,0.0,10.97995376586914,16.758480072021484,9.581496238708496,0.5596081018447876,0.7518336772918701,88.14462280273438,4632.0,11.208373069763184,589.0,0.0,0.0,0.6470028758049011,34.0,0.0,0.0,13.532950401306152,20.68718910217285,11.813424110412598,0.32748568058013916,0.5992801785469055,84.22454833984375,4426.0,14.90009593963623,783.0,0.0,0.0,0.8753567934036255,46.0,0.0,0.0,15.215651512145996,23.37806510925293,13.35173511505127,0.14020609855651855,0.46952077746391296,80.79924011230469,4246.0,18.211227416992188,957.0,0.019029496237635612,1.0,0.9705042243003845,51.0,0.0,0.0,0.3616146147251129,0.45527738332748413,0.18310806155204773,0.011974337510764599,0.11920291930437088,0.9870657324790955,0.9942169189453125,0.21428571428571427,0.30701756477355957,0.26998746395111084,0.22662906348705292,0.19636592268943787
5,0.23699750061717367,11.480571746826172,18.245838165283203,10.054351806640625,0.47748875617980957,0.7008794546127319,87.45956420898438,18384.0,11.822073936462402,2485.0,0.004757374059408903,1.0,0.713606059551239,150.0,0.0,0.0,6.39837121963501,9.743549346923828,5.624083995819092,0.8513844013214111,0.9227179884910583,96.61275482177734,5077.0,3.0256898403167725,159.0,0.0,0.0,0.3615604341030121,19.0,0.0,0.0,10.820960998535156,16.536724090576172,9.44322395324707,0.5711859464645386,0.7589017748832703,88.39200592041016,4645.0,10.960988998413086,576.0,0.0,0.0,0.6470028758049011,34.0,0.0,0.0,13.482209205627441,20.54950523376465,11.785682678222656,0.3364076614379883,0.6040811538696289,84.01522827148438,4415.0,15.109419822692871,794.0,0.0,0.0,0.8753567934036255,46.0,0.0,0.0,15.22075080871582,23.2585506439209,13.364415168762207,0.14897459745407104,0.47152817249298096,80.81826782226562,4247.0,18.192197799682617,956.0,0.019029496237635612,1.0,0.9705042243003845,51.0,0.0,0.0,0.3201325833797455,0.4575828015804291,0.22228461503982544,0.03942841291427612,0.11920291930437088,0.9963364005088806,0.9893523454666138,0.2857142857142857,0.2982456088066101,0.2655388414859772,0.22994986176490784,0.2062656730413437
6,0.2286742886558908,11.288023948669434,17.939043045043945,9.892434120178223,0.4949125647544861,0.7114455103874207,87.78306579589844,18452.0,11.531874656677246,2424.0,0.0,0.0,0.6850618124008179,144.0,0.0,0.0,5.931611061096191,8.90557861328125,5.248410224914551,0.8758478760719299,0.9359362721443176,97.39295959472656,5118.0,2.340627908706665,123.0,0.0,0.0,0.2664129436016083,14.0,0.0,0.0,10.62374210357666,16.075847625732422,9.29788589477539,0.5947548151016235,0.7733649015426636,88.7916259765625,4666.0,10.561369895935059,555.0,0.0,0.0,0.6470028758049011,34.0,0.0,0.0,13.389605522155762,20.340808868408203,11.7032470703125,0.3498178720474243,0.6113231778144836,83.9961929321289,4414.0,15.147479057312012,796.0,0.0,0.0,0.8563272953033447,45.0,0.0,0.0,15.207139015197754,23.146194458007812,13.320192337036133,0.15717685222625732,0.4722382724285126,80.95147705078125,4254.0,18.078020095825195,950.0,0.0,0.0,0.9705042243003845,51.0,0.0,0.0,0.34319719672203064,0.4265578091144562,0.23024499416351318,0.06601765751838684,0.11920291930437088,0.9964292049407959,0.9768930077552795,0.35714285714285715,0.28947368264198303,0.2610902190208435,0.23327067494392395,0.2161654233932495
7,0.22363949850223813,11.215559005737305,17.810405731201172,9.832242012023926,0.502130389213562,0.7163774967193604,87.74500274658203,18444.0,11.579447746276855,2434.0,0.0,0.0,0.6755470633506775,142.0,0.0,0.0,5.6838860511779785,8.404810905456543,5.056146621704102,0.8894176483154297,0.9432922601699829,97.69743347167969,5134.0,2.036156177520752,107.0,0.0,0.0,0.2664129436016083,14.0,0.0,0.0,10.544983863830566,15.831696510314941,9.24624252319336,0.6069706678390503,0.7812703847885132,88.84871673583984,4669.0,10.523310661315918,553.0,0.0,0.0,0.6279733777046204,33.0,0.0,0.0,13.399418830871582,20.296459197998047,11.701690673828125,0.352649986743927,0.6128197908401489,83.80590057373047,4404.0,15.356802940368652,807.0,0.0,0.0,0.8372978568077087,44.0,0.0,0.0,15.2339448928833,23.14330291748047,13.324883460998535,0.15738755464553833,0.46909165382385254,80.62797546386719,4237.0,18.40152359008789,967.0,0.0,0.0,0.9705042243003845,51.0,0.0,0.0,0.32373151183128357,0.44207000732421875,0.23419852554798126,0.09525785595178604,0.11920291930437088,0.9961848258972168,0.9641153216362,0.42857142857142855,0.28070175647735596,0.25664159655570984,0.23659147322177887,0.22606515884399414
8,0.22121146774327524,11.271939277648926,17.87175750732422,9.894139289855957,0.49869441986083984,0.7150835394859314,87.6213150024414,18418.0,11.707897186279297,2461.0,0.0,0.0,0.6707897186279297,141.0,0.0,0.0,5.599188327789307,8.211714744567871,4.999639987945557,0.8944404125213623,0.9461617469787598,97.90675354003906,5145.0,1.8458610773086548,97.0,0.0,0.0,0.24738344550132751,13.0,0.0,0.0,10.554816246032715,15.779874801635742,9.284133911132812,0.6095394492149353,0.7834359407424927,88.7916259765625,4666.0,10.580399513244629,556.0,0.0,0.0,0.6279733777046204,33.0,0.0,0.0,13.554571151733398,20.43375015258789,11.850671768188477,0.34386271238327026,0.6076434254646301,83.42530822753906,4384.0,15.737393379211426,827.0,0.0,0.0,0.8372978568077087,44.0,0.0,0.0,15.379183769226074,23.315746307373047,13.442108154296875,0.1447838544845581,0.4615170955657959,80.36156463623047,4223.0,18.66793441772461,981.0,0.0,0.0,0.9705042243003845,51.0,0.0,0.0,0.3672451078891754,0.33908167481422424,0.2936732769012451,0.10842219740152359,0.11920291930437088,0.9928742051124573,0.959828794002533,0.5,0.2719298303127289,0.25219297409057617,0.2399122714996338,0.23596492409706116
9,0.2171755183471475,11.335724830627441,17.878276824951172,9.953973770141602,0.49832862615585327,0.7148182988166809,87.45004272460938,18382.0,11.883920669555664,2498.0,0.0,0.0,0.6660323739051819,140.0,0.0,0.0,5.577878952026367,8.104432106018066,4.988138198852539,0.8971805572509766,0.9477589130401611,98.03996276855469,5152.0,1.7126545906066895,90.0,0.0,0.0,0.24738344550132751,13.0,0.0,0.0,10.60633373260498,15.720664978027344,9.342338562011719,0.612464189529419,0.7855135202407837,89.09609985351562,4682.0,10.294957160949707,541.0,0.0,0.0,0.6089438796043396,32.0,0.0,0.0,13.658612251281738,20.477022171020508,11.947896003723145,0.3410807251930237,0.6050735712051392,82.87345123291016,4355.0,16.289249420166016,856.0,0.0,0.0,0.8372978568077087,44.0,0.0,0.0,15.500080108642578,23.375234603881836,13.537521362304688,0.14041441679000854,0.4570196568965912,79.7906723022461,4193.0,19.238821029663086,1011.0,0.0,0.0,0.9705042243003845,51.0,0.0,0.0,0.3951736092567444,0.32069551944732666,0.28413093090057373,0.1205141544342041,0.11920291930437088,0.9971265196800232,0.9508417248725891,0.5714285714285714,0.2631579041481018,0.2477443516254425,0.2432330846786499,0.24586467444896698
10,0.213277421169949,11.360060691833496,17.880002975463867,9.95081901550293,0.49823176860809326,0.7143462300300598,87.17887878417969,18325.0,12.169363021850586,2558.0,0.0,0.0,0.6517602205276489,137.0,0.0,0.0,5.527737617492676,7.996450424194336,4.944243431091309,0.8999022245407104,0.9489745497703552,98.1351089477539,5157.0,1.6365365982055664,86.0,0.0,0.0,0.22835393249988556,12.0,0.0,0.0,10.613472938537598,15.698647499084473,9.320561408996582,0.6135488748550415,0.7856038212776184,88.620361328125,4657.0,10.770694732666016,566.0,0.0,0.0,0.6089438796043396,32.0,0.0,0.0,13.721580505371094,20.50113296508789,11.960029602050781,0.3395282030105591,0.6034482717514038,82.62606811523438,4342.0,16.555660247802734,870.0,0.0,0.0,0.8182682991027832,43.0,0.0,0.0,15.577446937561035,23.41133689880371,13.578444480895996,0.1377570629119873,0.4552174210548401,79.33396911621094,4169.0,19.714557647705078,1036.0,0.0,0.0,0.9514747858047485,50.0,0.0,0.0,0.40140965580940247,0.31965065002441406,0.27893975377082825,0.1297680139541626,0.11920291930437088,0.99772709608078,0.9477527737617493,0.6428571428571429,0.25438597798347473,0.24329572916030884,0.24655388295650482,0.2557644248008728
11,0.2097832407530303,11.391472816467285,17.94139289855957,9.951504707336426,0.4947802424430847,0.7117118835449219,87.06470489501953,18301.0,12.293054580688477,2584.0,0.0,0.0,0.6422454714775085,135.0,0.0,0.0,5.520371437072754,7.983653545379639,4.930360794067383,0.9002223014831543,0.949028730392456,98.05899047851562,5153.0,1.7126545906066895,90.0,0.0,0.0,0.22835393249988556,12.0,0.0,0.0,10.63314151763916,15.720489501953125,9.314004898071289,0.6124727725982666,0.7843711376190186,88.73453521728516,4663.0,10.65651798248291,560.0,0.0,0.0,0.6089438796043396,32.0,0.0,0.0,13.76992416381836,20.599714279174805,11.962966918945312,0.3331611156463623,0.5987067222595215,82.77830505371094,4350.0,16.441484451293945,864.0,0.0,0.0,0.7802093625068665,41.0,0.0,0.0,15.64245319366455,23.5022029876709,13.598686218261719,0.13105076551437378,0.45080050826072693,78.68696594238281,4135.0,20.361560821533203,1070.0,0.0,0.0,0.9514747858047485,50.0,0.0,0.0,0.40180087089538574,0.3282816708087921,0.26991748809814453,0.13622212409973145,0.11920291930437088,0.9977104663848877,0.9438618421554565,0.7142857142857143,0.24561403691768646,0.23884710669517517,0.24987469613552094,0.26566416025161743
12,0.20476525617782831,11.47598648071289,18.06674575805664,10.0106201171875,0.4876958131790161,0.708048403263092,86.71741485595703,18228.0,12.645099639892578,2658.0,0.0,0.0,0.6374881267547607,134.0,0.0,0.0,5.5055251121521,7.987255096435547,4.906583309173584,0.9001322984695435,0.9488593935966492,98.05899047851562,5153.0,1.6936252117156982,89.0,0.0,0.0,0.24738344550132751,13.0,0.0,0.0,10.677621841430664,15.786986351013184,9.341703414916992,0.6091874241828918,0.7824869751930237,88.84871673583984,4669.0,10.5994291305542,557.0,0.0,0.0,0.5518553853034973,29.0,0.0,0.0,13.90084457397461,20.749164581298828,12.063484191894531,0.32345014810562134,0.594079315662384,82.01712036132812,4310.0,17.18363380432129,903.0,0.0,0.0,0.7992388010025024,42.0,0.0,0.0,15.819950103759766,23.708145141601562,13.730706214904785,0.11575543880462646,0.44473162293434143,77.94481658935547,4096.0,21.10371208190918,1109.0,0.0,0.0,0.9514747858047485,50.0,0.0,0.0,0.415325790643692,0.3290728032588959,0.2556014060974121,0.1430869847536087,0.11920291930437088,0.998358964920044,0.9353781938552856,0.7857142857142857,0.23684212565422058,0.2343984991312027,0.25319552421569824,0.27556392550468445
13,0.19990338944731456,11.545339584350586,18.214658737182617,10.061503410339355,0.4792730212211609,0.7043195962905884,86.22740173339844,18125.0,13.13986587524414,2762.0,0.0,0.0,0.6327307224273682,133.0,0.0,0.0,5.524358749389648,8.035989761352539,4.919961452484131,0.898909866809845,0.9481929540634155,97.94481658935547,5147.0,1.8268314599990845,96.0,0.0,0.0,0.22835393249988556,12.0,0.0,0.0,10.730220794677734,15.885653495788574,9.375443458557129,0.6042870283126831,0.7801100611686707,88.4490966796875,4648.0,10.980018615722656,577.0,0.0,0.0,0.5708848834037781,30.0,0.0,0.0,13.989053726196289,20.932554244995117,12.128209114074707,0.31143802404403687,0.5893211364746094,81.27497100830078,4271.0,17.925785064697266,942.0,0.0,0.0,0.7992388010025024,42.0,0.0,0.0,15.937726020812988,23.916357040405273,13.822399139404297,0.10015588998794556,0.43938902020454407,77.24072265625,4059.0,21.826831817626953,1147.0,0.0,0.0,0.9324452877044678,49.0,0.0,0.0,0.414213091135025,0.330069899559021,0.25571703910827637,0.1510368436574936,0.11920291930437088,0.998624324798584,0.94593745470047,0.8571428571428571,0.22807016968727112,0.22994986176490784,0.25651630759239197,0.2854636609554291
14,0.19582798826090447,11.729510307312012,18.376962661743164,10.23289680480957,0.46995168924331665,0.6977304816246033,85.98001861572266,18073.0,13.377735137939453,2812.0,0.0,0.0,0.6422454714775085,135.0,0.0,0.0,5.580242156982422,8.09752368927002,4.971796035766602,0.8973557949066162,0.9474311470985413,98.05899047851562,5153.0,1.7316840887069702,91.0,0.0,0.0,0.20932446420192719,11.0,0.0,0.0,10.919353485107422,16.085927963256836,9.541008949279785,0.5942464470863342,0.7734121680259705,88.2397689819336,4637.0,11.170313835144043,587.0,0.0,0.0,0.5899143815040588,31.0,0.0,0.0,14.244307518005371,21.127023696899414,12.362607955932617,0.29858481884002686,0.5788862109184265,80.43767547607422,4227.0,18.74405288696289,985.0,0.0,0.0,0.8182682991027832,43.0,0.0,0.0,16.174142837524414,24.086776733398438,14.056173324584961,0.08728623390197754,0.42920947074890137,77.18363189697266,4056.0,21.864891052246094,1149.0,0.0,0.0,0.9514747858047485,50.0,0.0,0.0,0.41005939245224,0.3348701000213623,0.2550705373287201,0.15408091247081757,0.11920291930437088,0.9985515475273132,0.9430044293403625,0.9285714285714286,0.21929824352264404,0.22550123929977417,0.2598370909690857,0.2953633964061737
15,0.1874221072555832,11.858314514160156,18.5411319732666,10.346233367919922,0.4604390859603882,0.6927066445350647,85.58991241455078,17991.0,13.763083457946777,2893.0,0.0,0.0,0.6422454714775085,135.0,0.004757374059408903,1.0,5.596222877502441,8.123041152954102,4.981540679931641,0.8967078328132629,0.9470866918563843,97.92578125,5146.0,1.8458610773086548,97.0,0.0,0.0,0.22835393249988556,12.0,0.0,0.0,11.030993461608887,16.213275909423828,9.635357856750488,0.5877965688705444,0.7698416709899902,87.93529510498047,4621.0,11.474785804748535,603.0,0.0,0.0,0.5899143815040588,31.0,0.0,0.0,14.450887680053711,21.3607177734375,12.547256469726562,0.2829816937446594,0.5705649852752686,80.09514617919922,4209.0,19.105613708496094,1004.0,0.0,0.0,0.7992388010025024,42.0,0.0,0.0,16.35515594482422,24.28908920288086,14.220778465270996,0.07188940048217773,0.4217994511127472,76.40342712402344,4015.0,22.626070022583008,1189.0,0.0,0.0,0.9514747858047485,50.0,0.019029496237635612,1.0,0.3907873034477234,0.35501256585121155,0.25420016050338745,0.15638740360736847,0.11920291930437088,0.998386561870575,0.943558394908905,1.0,0.21052631735801697,0.2210526168346405,0.2631579041481018,0.3052631616592407
step,fold15/test_loss,fold15/test_mae,fold15/test_rmse,fold15/test_mard,fold15/test_r2,fold15/test_pearson,fold15/test_ega_zone_a_pct,fold15/test_ega_zone_a_count,fold15/test_ega_zone_b_pct,fold15/test_ega_zone_b_count,fold15/test_ega_zone_c_pct,fold15/test_ega_zone_c_count,fold15/test_ega_zone_d_pct,fold15/test_ega_zone_d_count,fold15/test_ega_zone_e_pct,fold15/test_ega_zone_e_count,fold15/test_horizon_15_mae,fold15/test_horizon_15_rmse,fold15/test_horizon_15_mard,fold15/test_horizon_15_r2,fold15/test_horizon_15_pearson,fold15/test_horizon_15_ega_zone_a_pct,fold15/test_horizon_15_ega_zone_a_count,fold15/test_horizon_15_ega_zone_b_pct,fold15/test_horizon_15_ega_zone_b_count,fold15/test_horizon_15_ega_zone_c_pct,fold15/test_horizon_15_ega_zone_c_count,fold15/test_horizon_15_ega_zone_d_pct,fold15/test_horizon_15_ega_zone_d_count,fold15/test_horizon_15_ega_zone_e_pct,fold15/test_horizon_15_ega_zone_e_count,fold15/test_horizon_30_mae,fold15/test_horizon_30_rmse,fold15/test_horizon_30_mard,fold15/test_horizon_30_r2,fold15/test_horizon_30_pearson,fold15/test_horizon_30_ega_zone_a_pct,fold15/test_horizon_30_ega_zone_a_count,fold15/test_horizon_30_ega_zone_b_pct,fold15/test_horizon_30_ega_zone_b_count,fold15/test_horizon_30_ega_zone_c_pct,fold15/test_horizon_30_ega_zone_c_count,fold15/test_horizon_30_ega_zone_d_pct,fold15/test_horizon_30_ega_zone_d_count,fold15/test_horizon_30_ega_zone_e_pct,fold15/test_horizon_30_ega_zone_e_count,fold15/test_horizon_45_mae,fold15/test_horizon_45_rmse,fold15/test_horizon_45_mard,fold15/test_horizon_45_r2,fold15/test_horizon_45_pearson,fold15/test_horizon_45_ega_zone_a_pct,fold15/test_horizon_45_ega_zone_a_count,fold15/test_horizon_45_ega_zone_b_pct,fold15/test_horizon_45_ega_zone_b_count,fold15/test_horizon_45_ega_zone_c_pct,fold15/test_horizon_45_ega_zone_c_count,fold15/test_horizon_45_ega_zone_d_pct,fold15/test_horizon_45_ega_zone_d_count,fold15/test_horizon_45_ega_zone_e_pct,fold15/test_horizon_45_ega_zone_e_count,fold15/test_horizon_60_mae,fold15/test_horizon_60_rmse,fold15/test_horizon_60_mard,fold15/test_horizon_60_r2,fold15/test_horizon_60_pearson,fold15/test_horizon_60_ega_zone_a_pct,fold15/test_horizon_60_ega_zone_a_count,fold15/test_horizon_60_ega_zone_b_pct,fold15/test_horizon_60_ega_zone_b_count,fold15/test_horizon_60_ega_zone_c_pct,fold15/test_horizon_60_ega_zone_c_count,fold15/test_horizon_60_ega_zone_d_pct,fold15/test_horizon_60_ega_zone_d_count,fold15/test_horizon_60_ega_zone_e_pct,fold15/test_horizon_60_ega_zone_e_count
0,0.19760602066784552,7.98124885559082,11.808357238769531,7.364902019500732,0.3466435670852661,0.6537628173828125,93.47257995605469,1432.0,6.331592559814453,97.0,0.0,0.0,0.19582244753837585,3.0,0.0,0.0,4.902352809906006,7.2672905921936035,4.6605401039123535,0.7596626877784729,0.8827016949653625,97.65013122558594,374.0,1.8276761770248413,7.0,0.0,0.0,0.522193193435669,2.0,0.0,0.0,7.397791862487793,10.74006462097168,6.855465412139893,0.46529150009155273,0.7205408215522766,94.25587463378906,361.0,5.483028888702393,21.0,0.0,0.0,0.2610965967178345,1.0,0.0,0.0,9.078803062438965,13.04348087310791,8.330782890319824,0.18201953172683716,0.5531529188156128,92.16710662841797,353.0,7.832898139953613,30.0,0.0,0.0,0.0,0.0,0.0,0.0,10.54604721069336,14.81398868560791,9.612817764282227,-0.046027541160583496,0.40081003308296204,89.81723022460938,344.0,10.182766914367676,39.0,0.0,0.0,0.0,0.0,0.0,0.0
step,fold16/train_loss,fold16/val_mae,fold16/val_rmse,fold16/val_mard,fold16/val_r2,fold16/val_pearson,fold16/val_ega_zone_a_pct,fold16/val_ega_zone_a_count,fold16/val_ega_zone_b_pct,fold16/val_ega_zone_b_count,fold16/val_ega_zone_c_pct,fold16/val_ega_zone_c_count,fold16/val_ega_zone_d_pct,fold16/val_ega_zone_d_count,fold16/val_ega_zone_e_pct,fold16/val_ega_zone_e_count,fold16/val_horizon_15_mae,fold16/val_horizon_15_rmse,fold16/val_horizon_15_mard,fold16/val_horizon_15_r2,fold16/val_horizon_15_pearson,fold16/val_horizon_15_ega_zone_a_pct,fold16/val_horizon_15_ega_zone_a_count,fold16/val_horizon_15_ega_zone_b_pct,fold16/val_horizon_15_ega_zone_b_count,fold16/val_horizon_15_ega_zone_c_pct,fold16/val_horizon_15_ega_zone_c_count,fold16/val_horizon_15_ega_zone_d_pct,fold16/val_horizon_15_ega_zone_d_count,fold16/val_horizon_15_ega_zone_e_pct,fold16/val_horizon_15_ega_zone_e_count,fold16/val_horizon_30_mae,fold16/val_horizon_30_rmse,fold16/val_horizon_30_mard,fold16/val_horizon_30_r2,fold16/val_horizon_30_pearson,fold16/val_horizon_30_ega_zone_a_pct,fold16/val_horizon_30_ega_zone_a_count,fold16/val_horizon_30_ega_zone_b_pct,fold16/val_horizon_30_ega_zone_b_count,fold16/val_horizon_30_ega_zone_c_pct,fold16/val_horizon_30_ega_zone_c_count,fold16/val_horizon_30_ega_zone_d_pct,fold16/val_horizon_30_ega_zone_d_count,fold16/val_horizon_30_ega_zone_e_pct,fold16/val_horizon_30_ega_zone_e_count,fold16/val_horizon_45_mae,fold16/val_horizon_45_rmse,fold16/val_horizon_45_mard,fold16/val_horizon_45_r2,fold16/val_horizon_45_pearson,fold16/val_horizon_45_ega_zone_a_pct,fold16/val_horizon_45_ega_zone_a_count,fold16/val_horizon_45_ega_zone_b_pct,fold16/val_horizon_45_ega_zone_b_count,fold16/val_horizon_45_ega_zone_c_pct,fold16/val_horizon_45_ega_zone_c_count,fold16/val_horizon_45_ega_zone_d_pct,fold16/val_horizon_45_ega_zone_d_count,fold16/val_horizon_45_ega_zone_e_pct,fold16/val_horizon_45_ega_zone_e_count,fold16/val_horizon_60_mae,fold16/val_horizon_60_rmse,fold16/val_horizon_60_mard,fold16/val_horizon_60_r2,fold16/val_horizon_60_pearson,fold16/val_horizon_60_ega_zone_a_pct,fold16/val_horizon_60_ega_zone_a_count,fold16/val_horizon_60_ega_zone_b_pct,fold16/val_horizon_60_ega_zone_b_count,fold16/val_horizon_60_ega_zone_c_pct,fold16/val_horizon_60_ega_zone_c_count,fold16/val_horizon_60_ega_zone_d_pct,fold16/val_horizon_60_ega_zone_d_count,fold16/val_horizon_60_ega_zone_e_pct,fold16/val_horizon_60_ega_zone_e_count,fold16/diag_fusion_gate_cgm,fold16/diag_fusion_gate_cgm_guided,fold16/diag_fusion_gate_physio,fold16/diag_horizon_query_similarity,fold16/diag_horizon_progressive_gate,fold16/diag_horizon_attention_similarity,fold16/diag_horizon_attention_entropy,fold16/diag_horizon_curriculum_progress,fold16/diag_loss_horizon_weight_0,fold16/diag_loss_horizon_weight_1,fold16/diag_loss_horizon_weight_2,fold16/diag_loss_horizon_weight_3
1,0.2264366511444821,12.970799446105957,20.540800094604492,11.22912311553955,0.31476104259490967,0.630301296710968,82.87633514404297,15173.0,16.348045349121094,2993.0,0.005462092813104391,1.0,0.764693021774292,140.0,0.005462092813104391,1.0,7.395224094390869,11.225327491760254,6.392323970794678,0.7948864102363586,0.8939858078956604,94.9530258178711,4346.0,4.762945175170898,218.0,0.0,0.0,0.2840288579463959,13.0,0.0,0.0,12.146719932556152,18.471492767333984,10.452850341796875,0.44434839487075806,0.7007414698600769,84.02883911132812,3846.0,15.272012710571289,699.0,0.0,0.0,0.6991478800773621,32.0,0.0,0.0,15.160630226135254,23.071752548217773,13.078498840332031,0.13519620895385742,0.5260184407234192,78.10792541503906,3575.0,20.930740356445312,958.0,0.0,0.0,0.961328387260437,44.0,0.0,0.0,17.180620193481445,26.23333740234375,14.992820739746094,-0.1117168664932251,0.38209351897239685,74.41555786132812,3406.0,24.42647933959961,1118.0,0.021848371252417564,1.0,1.1142669916152954,51.0,0.021848371252417564,1.0,0.2210446298122406,0.3417905569076538,0.437164843082428,0.05404312536120415,0.11920291930437088,0.9996588826179504,0.9998973608016968,0.0,0.3333333432674408,0.28333333134651184,0.21666665375232697,0.1666666716337204
2,0.22253165879919126,12.656530380249023,20.07562828063965,10.993767738342285,0.34544581174850464,0.6349871158599854,83.55363464355469,15297.0,15.637972831726074,2863.0,0.005462092813104391,1.0,0.7974656224250793,146.0,0.005462092813104391,1.0,7.294427394866943,11.057476043701172,6.32626485824585,0.8009746670722961,0.895879328250885,95.149658203125,4355.0,4.522613048553467,207.0,0.0,0.0,0.3277255892753601,15.0,0.0,0.0,11.9158296585083,18.169626235961914,10.28919792175293,0.46236133575439453,0.7034934163093567,84.77169036865234,3880.0,14.48547077178955,663.0,0.0,0.0,0.7428447008132935,34.0,0.0,0.0,14.75154972076416,22.550018310546875,12.779434204101562,0.17386651039123535,0.5281762480735779,78.80708312988281,3607.0,20.187896728515625,924.0,0.0,0.0,1.0050251483917236,46.0,0.0,0.0,16.66431427001953,25.518953323364258,14.580172538757324,-0.05199289321899414,0.38104942440986633,75.48612213134766,3455.0,23.35590934753418,1069.0,0.021848371252417564,1.0,1.1142669916152954,51.0,0.021848371252417564,1.0,0.1337820440530777,0.3629781901836395,0.5032398104667664,0.06409550458192825,0.11920291930437088,0.9940509796142578,0.9977603554725647,0.07142857142857142,0.3245614171028137,0.2788847088813782,0.21998745203018188,0.17656642198562622
3,0.22284040563200763,12.583460807800293,19.91305923461914,10.961139678955078,0.3560038208961487,0.6364344954490662,83.85405731201172,15352.0,15.337557792663574,2808.0,0.005462092813104391,1.0,0.7974656224250793,146.0,0.005462092813104391,1.0,7.269636154174805,10.997289657592773,6.315954685211182,0.8031353950500488,0.8967635035514832,95.30259704589844,4362.0,4.3696746826171875,200.0,0.0,0.0,0.3277255892753601,15.0,0.0,0.0,11.858022689819336,18.033376693725586,10.266141891479492,0.4703943133354187,0.7046241760253906,85.05571746826172,3893.0,14.201441764831543,650.0,0.0,0.0,0.7428447008132935,34.0,0.0,0.0,14.667230606079102,22.35776710510254,12.74714183807373,0.18789303302764893,0.5281190872192383,79.04740905761719,3618.0,19.94756507873535,913.0,0.0,0.0,1.0050251483917236,46.0,0.0,0.0,16.53895378112793,25.300338745117188,14.51531982421875,-0.03404569625854492,0.3795362412929535,76.01049041748047,3479.0,22.8315486907959,1045.0,0.021848371252417564,1.0,1.1142669916152954,51.0,0.021848371252417564,1.0,0.10034728795289993,0.3880309760570526,0.5116218328475952,0.07700883597135544,0.11920291930437088,0.9803557991981506,0.9885604381561279,0.14285714285714285,0.31578949093818665,0.2744360864162445,0.223308265209198,0.18646617233753204
4,0.2235097308866198,12.540620803833008,19.84944725036621,10.930434226989746,0.36011171340942383,0.6375913023948669,83.98514556884766,15376.0,15.201004981994629,2783.0,0.005462092813104391,1.0,0.8029276728630066,147.0,0.005462092813104391,1.0,7.222472667694092,10.88679027557373,6.281790256500244,0.8070716261863708,0.8988109230995178,95.4118423461914,4367.0,4.260432720184326,195.0,0.0,0.0,0.3277255892753601,15.0,0.0,0.0,11.813076972961426,17.954944610595703,10.236928939819336,0.4749910831451416,0.7061344385147095,84.96832275390625,3889.0,14.266986846923828,653.0,0.0,0.0,0.764693021774292,35.0,0.0,0.0,14.636789321899414,22.314048767089844,12.731078147888184,0.19106590747833252,0.5282438397407532,79.37513732910156,3633.0,19.61983871459961,898.0,0.0,0.0,1.0050251483917236,46.0,0.0,0.0,16.490144729614258,25.242483139038086,14.471940994262695,-0.029322028160095215,0.3791363537311554,76.18527221679688,3487.0,22.656763076782227,1037.0,0.021848371252417564,1.0,1.1142669916152954,51.0,0.021848371252417564,1.0,0.09673342853784561,0.38925793766975403,0.514008641242981,0.09189814329147339,0.11920291930437088,0.9894654154777527,0.983884871006012,0.21428571428571427,0.30701756477355957,0.26998746395111084,0.22662906348705292,0.19636592268943787
5,0.22098434886795848,12.347821235656738,19.545717239379883,10.742106437683105,0.37954461574554443,0.6444637775421143,84.54227447509766,15478.0,14.643871307373047,2681.0,0.005462092813104391,1.0,0.8083897829055786,148.0,0.0,0.0,7.043747901916504,10.541121482849121,6.12567663192749,0.8191285133361816,0.9052513241767883,96.00174713134766,4394.0,3.6486783027648926,167.0,0.0,0.0,0.34957394003868103,16.0,0.0,0.0,11.645247459411621,17.668426513671875,10.076178550720215,0.4916132092475891,0.71298748254776,85.68931579589844,3922.0,13.567839622497559,621.0,0.0,0.0,0.7428447008132935,34.0,0.0,0.0,14.439218521118164,22.009521484375,12.531474113464355,0.21299487352371216,0.5326889157295227,79.85579681396484,3655.0,19.13917350769043,876.0,0.0,0.0,1.0050251483917236,46.0,0.0,0.0,16.26306915283203,24.908489227294922,14.235098838806152,-0.002263307571411133,0.38279545307159424,76.62223815917969,3507.0,22.21979522705078,1017.0,0.021848371252417564,1.0,1.1361154317855835,52.0,0.0,0.0,0.10656402260065079,0.37809598445892334,0.5153399705886841,0.13281475007534027,0.11920291930437088,0.9971020221710205,0.9539192914962769,0.2857142857142857,0.2982456088066101,0.2655388414859772,0.22994986176490784,0.2062656730413437
6,0.21435494295587515,12.047757148742676,19.11675262451172,10.495094299316406,0.40647971630096436,0.658858060836792,85.1977310180664,15598.0,14.015730857849121,2566.0,0.0,0.0,0.7865414023399353,144.0,0.0,0.0,6.581068515777588,9.818148612976074,5.764573097229004,0.8430882096290588,0.9183507561683655,96.67904663085938,4425.0,3.058772087097168,140.0,0.0,0.0,0.2621804475784302,12.0,0.0,0.0,11.361916542053223,17.201988220214844,9.852251052856445,0.5181012153625488,0.7286666631698608,86.41031646728516,3955.0,12.846842765808105,588.0,0.0,0.0,0.7428447008132935,34.0,0.0,0.0,14.20406436920166,21.64862060546875,12.331950187683105,0.2385929822921753,0.5423978567123413,80.55494689941406,3687.0,18.440025329589844,844.0,0.0,0.0,1.0050251483917236,46.0,0.0,0.0,16.04397964477539,24.51190948486328,14.031603813171387,0.02939760684967041,0.38730746507644653,77.14659881591797,3531.0,21.717281341552734,994.0,0.0,0.0,1.1361154317855835,52.0,0.0,0.0,0.11576919257640839,0.3832418918609619,0.5009889006614685,0.1883920580148697,0.11920291930437088,0.9951390624046326,0.9188230633735657,0.35714285714285715,0.28947368264198303,0.2610902190208435,0.23327067494392395,0.2161654233932495
7,0.2121791888603861,11.877359390258789,18.83991813659668,10.354536056518555,0.42354506254196167,0.6687564253807068,85.38890075683594,15633.0,13.82455825805664,2531.0,0.0,0.0,0.7865414023399353,144.0,0.0,0.0,6.345966339111328,9.406061172485352,5.575321674346924,0.8559836149215698,0.9253119826316833,96.96308135986328,4438.0,2.7747433185577393,127.0,0.0,0.0,0.2621804475784302,12.0,0.0,0.0,11.244866371154785,16.94222640991211,9.763568878173828,0.5325453281402588,0.7374023199081421,86.5195541381836,3960.0,12.737600326538086,583.0,0.0,0.0,0.7428447008132935,34.0,0.0,0.0,14.065435409545898,21.40672492980957,12.218365669250488,0.25551342964172363,0.5508530735969543,80.7515869140625,3696.0,18.243391036987305,835.0,0.0,0.0,1.0050251483917236,46.0,0.0,0.0,15.853168487548828,24.207624435424805,13.86089038848877,0.053345561027526855,0.3967674970626831,77.32139587402344,3539.0,21.542495727539062,986.0,0.0,0.0,1.1361154317855835,52.0,0.0,0.0,0.1242884173989296,0.38706615567207336,0.4886454641819,0.22558902204036713,0.11920291930437088,0.9965493679046631,0.9061243534088135,0.42857142857142855,0.28070175647735596,0.25664159655570984,0.23659147322177887,0.22606515884399414
8,0.20978863236838116,11.736624717712402,18.613811492919922,10.236894607543945,0.43729865550994873,0.6768779754638672,85.44898986816406,15644.0,13.775399208068848,2522.0,0.0,0.0,0.775617241859436,142.0,0.0,0.0,6.168050765991211,9.04864501953125,5.431899070739746,0.86672043800354,0.9310215711593628,97.3781967163086,4457.0,2.359624147415161,108.0,0.0,0.0,0.2621804475784302,12.0,0.0,0.0,11.095463752746582,16.67482566833496,9.647693634033203,0.5471847057342529,0.7460272908210754,86.82543182373047,3974.0,12.475420951843262,571.0,0.0,0.0,0.6991478800773621,32.0,0.0,0.0,13.963627815246582,21.208038330078125,12.133282661437988,0.2692691683769226,0.5586716532707214,80.53309631347656,3686.0,18.46187400817871,845.0,0.0,0.0,1.0050251483917236,46.0,0.0,0.0,15.719355583190918,24.0039005279541,13.734705924987793,0.06921219825744629,0.40675681829452515,77.05921173095703,3527.0,21.804676055908203,998.0,0.0,0.0,1.1361154317855835,52.0,0.0,0.0,0.14387737214565277,0.36918967962265015,0.48693299293518066,0.24182476103305817,0.11920291930437088,0.9985474944114685,0.8948730826377869,0.5,0.2719298303127289,0.25219297409057617,0.2399122714996338,0.23596492409706116
9,0.2078862545255159,11.738677978515625,18.610883712768555,10.247912406921387,0.43747562170028687,0.6768270134925842,85.58553314208984,15669.0,13.633383750915527,2496.0,0.0,0.0,0.7810792922973633,143.0,0.0,0.0,6.1193461418151855,8.975400924682617,5.384952545166016,0.868869423866272,0.9322554469108582,97.48743438720703,4462.0,2.250382423400879,103.0,0.0,0.0,0.2621804475784302,12.0,0.0,0.0,11.12173080444336,16.6895809173584,9.675027847290039,0.5463829636573792,0.7457442879676819,87.0002212524414,3982.0,12.278785705566406,562.0,0.0,0.0,0.7209962606430054,33.0,0.0,0.0,13.990659713745117,21.226499557495117,12.170153617858887,0.26799649000167847,0.5566990971565247,80.62049102783203,3690.0,18.374481201171875,841.0,0.0,0.0,1.0050251483917236,46.0,0.0,0.0,15.722976684570312,23.995750427246094,13.761514663696289,0.06984412670135498,0.40229955315589905,77.23399353027344,3535.0,21.6298885345459,990.0,0.0,0.0,1.1361154317855835,52.0,0.0,0.0,0.13985422253608704,0.36078402400016785,0.4993617832660675,0.2500342130661011,0.11920291930437088,0.9991095662117004,0.8911457061767578,0.5714285714285714,0.2631579041481018,0.2477443516254425,0.2432330846786499,0.24586467444896698
10,0.20486952580450316,11.729303359985352,18.58686637878418,10.223031997680664,0.4389265775680542,0.6764291524887085,85.65108489990234,15681.0,13.573301315307617,2485.0,0.0,0.0,0.775617241859436,142.0,0.0,0.0,6.032614231109619,8.79763126373291,5.302793025970459,0.8740123510360718,0.9349486231803894,97.66222381591797,4470.0,2.0974435806274414,96.0,0.0,0.0,0.24033209681510925,11.0,0.0,0.0,11.106334686279297,16.610126495361328,9.656505584716797,0.5506917238235474,0.7474840879440308,87.02206420898438,3983.0,12.256937026977539,561.0,0.0,0.0,0.7209962606430054,33.0,0.0,0.0,14.016220092773438,21.242578506469727,12.168968200683594,0.2668870687484741,0.5525401830673218,80.46755981445312,3683.0,18.527420043945312,848.0,0.0,0.0,1.0050251483917236,46.0,0.0,0.0,15.762043952941895,24.02799415588379,13.763856887817383,0.06734257936477661,0.3958953619003296,77.45248413085938,3545.0,21.411405563354492,980.0,0.0,0.0,1.1361154317855835,52.0,0.0,0.0,0.17930887639522552,0.3612514138221741,0.4594397246837616,0.2626589834690094,0.11920291930437088,0.9977729916572571,0.8892468214035034,0.6428571428571429,0.25438597798347473,0.24329572916030884,0.24655388295650482,0.2557644248008728
11,0.20224642763846115,11.74853229522705,18.610689163208008,10.22099494934082,0.4374874234199524,0.6761686205863953,85.69477844238281,15689.0,13.524142265319824,2476.0,0.0,0.0,0.7810792922973633,143.0,0.0,0.0,6.00663948059082,8.800881385803223,5.275126934051514,0.8739193081855774,0.9349970817565918,97.5748291015625,4466.0,2.2066855430603027,101.0,0.0,0.0,0.21848371624946594,10.0,0.0,0.0,11.120355606079102,16.658191680908203,9.657148361206055,0.5480876564979553,0.7464295029640198,87.13130950927734,3988.0,12.103998184204102,554.0,0.0,0.0,0.764693021774292,35.0,0.0,0.0,14.06406307220459,21.28085708618164,12.190088272094727,0.26424258947372437,0.5510756373405457,80.62049102783203,3690.0,18.374481201171875,841.0,0.0,0.0,1.0050251483917236,46.0,0.0,0.0,15.803074836730957,24.033418655395508,13.761618614196777,0.06692153215408325,0.3957279622554779,77.45248413085938,3545.0,21.411405563354492,980.0,0.0,0.0,1.1361154317855835,52.0,0.0,0.0,0.17888325452804565,0.3359906077384949,0.48512619733810425,0.2677231729030609,0.11920291930437088,0.9972140789031982,0.8909939527511597,0.7142857142857143,0.24561403691768646,0.23884710669517517,0.24987469613552094,0.26566416025161743
12,0.19804352079353582,11.854837417602539,18.699934005737305,10.314538955688477,0.43207961320877075,0.6729913949966431,85.44898986816406,15644.0,13.753549575805664,2518.0,0.0,0.0,0.7974656224250793,146.0,0.0,0.0,6.0447587966918945,8.817824363708496,5.30887508392334,0.8734333515167236,0.9346761107444763,97.53113555908203,4464.0,2.228533983230591,102.0,0.0,0.0,0.24033209681510925,11.0,0.0,0.0,11.186055183410645,16.728055953979492,9.715386390686035,0.5442889928817749,0.7441446185112,87.15315246582031,3989.0,12.060301780700684,552.0,0.0,0.0,0.7865414023399353,36.0,0.0,0.0,14.21221923828125,21.39581298828125,12.329415321350098,0.2562723159790039,0.5463958382606506,80.22722625732422,3672.0,18.74590301513672,858.0,0.0,0.0,1.0268734693527222,47.0,0.0,0.0,15.976316452026367,24.153413772583008,13.904479026794434,0.05758082866668701,0.39206168055534363,76.8844223022461,3519.0,21.979463577270508,1006.0,0.0,0.0,1.1361154317855835,52.0,0.0,0.0,0.1892075538635254,0.32591381669044495,0.4848787188529968,0.27517467737197876,0.11920291930437088,0.9954449534416199,0.8836432099342346,0.7857142857142857,0.23684212565422058,0.2343984991312027,0.25319552421569824,0.27556392550468445
13,0.1934103037709026,11.947530746459961,18.84851837158203,10.400565147399902,0.4230186939239502,0.6683046221733093,85.26326751708984,15610.0,13.961109161376953,2556.0,0.0,0.0,0.775617241859436,142.0,0.0,0.0,6.030758380889893,8.856241226196289,5.29477071762085,0.8723281025886536,0.9341634511947632,97.53113555908203,4464.0,2.228533983230591,102.0,0.0,0.0,0.24033209681510925,11.0,0.0,0.0,11.21667766571045,16.815265655517578,9.738761901855469,0.539525032043457,0.7415811419487,87.19685363769531,3991.0,12.082149505615234,553.0,0.0,0.0,0.7209962606430054,33.0,0.0,0.0,14.326744079589844,21.56063461303711,12.428275108337402,0.24476951360702515,0.540410578250885,80.11798095703125,3667.0,18.87699317932129,864.0,0.0,0.0,1.0050251483917236,46.0,0.0,0.0,16.215938568115234,24.39301872253418,14.14045238494873,0.038790225982666016,0.3824266791343689,76.20712280273438,3488.0,22.656763076782227,1037.0,0.0,0.0,1.1361154317855835,52.0,0.0,0.0,0.17260387539863586,0.32405295968055725,0.5033431649208069,0.2741362750530243,0.11920291930437088,0.994035005569458,0.8842018246650696,0.8571428571428571,0.22807016968727112,0.22994986176490784,0.25651630759239197,0.2854636609554291
14,0.1864889874883131,12.011219024658203,18.96171760559082,10.455146789550781,0.4160674214363098,0.6655044555664062,85.06664276123047,15574.0,14.1632080078125,2593.0,0.005462092813104391,1.0,0.764693021774292,140.0,0.0,0.0,6.010088920593262,8.80685806274414,5.279094696044922,0.8737479448318481,0.9350101947784424,97.53113555908203,4464.0,2.228533983230591,102.0,0.0,0.0,0.24033209681510925,11.0,0.0,0.0,11.235190391540527,16.8432559967041,9.753344535827637,0.5379908084869385,0.7415043115615845,86.69434356689453,3968.0,12.606510162353516,577.0,0.0,0.0,0.6991478800773621,32.0,0.0,0.0,14.439691543579102,21.70151138305664,12.524494171142578,0.23486799001693726,0.536392331123352,79.7684097290039,3651.0,19.248414993286133,881.0,0.0,0.0,0.9831767678260803,45.0,0.0,0.0,16.35990333557129,24.616565704345703,14.263653755187988,0.021091699600219727,0.37526071071624756,76.27266693115234,3491.0,22.569368362426758,1033.0,0.021848371252417564,1.0,1.1361154317855835,52.0,0.0,0.0,0.18667617440223694,0.31662705540657043,0.4966968297958374,0.2770056426525116,0.11920291930437088,0.9940536022186279,0.8913754224777222,0.9285714285714286,0.21929824352264404,0.22550123929977417,0.2598370909690857,0.2953633964061737
15,0.18194826721967405,12.009411811828613,19.001907348632812,10.429783821105957,0.4135894775390625,0.6652356386184692,85.23049926757812,15604.0,13.999344825744629,2563.0,0.005462092813104391,1.0,0.764693021774292,140.0,0.0,0.0,6.013061046600342,8.83642292022705,5.278229236602783,0.8728988766670227,0.9345595240592957,97.48743438720703,4462.0,2.272230863571167,104.0,0.0,0.0,0.24033209681510925,11.0,0.0,0.0,11.24737548828125,16.905485153198242,9.749784469604492,0.5345706343650818,0.7400723099708557,86.84728240966797,3975.0,12.453572273254395,570.0,0.0,0.0,0.6991478800773621,32.0,0.0,0.0,14.446688652038574,21.762893676757812,12.49950885772705,0.23053359985351562,0.5368634462356567,79.92134857177734,3658.0,19.095478057861328,874.0,0.0,0.0,0.9831767678260803,45.0,0.0,0.0,16.330522537231445,24.633081436157227,14.191609382629395,0.019777655601501465,0.379599004983902,76.66593933105469,3509.0,22.176097869873047,1015.0,0.021848371252417564,1.0,1.1361154317855835,52.0,0.0,0.0,0.18691278994083405,0.3188692331314087,0.49421799182891846,0.2718137800693512,0.11920291930437088,0.9932532906532288,0.8964157700538635,1.0,0.21052631735801697,0.2210526168346405,0.2631579041481018,0.3052631616592407
16,0.17281282134578002,12.121371269226074,19.12500762939453,10.544312477111816,0.4059670567512512,0.6610554456710815,85.0393295288086,15569.0,14.179593086242676,2596.0,0.010924185626208782,2.0,0.770155131816864,141.0,0.0,0.0,6.03380012512207,8.858049392700195,5.30165958404541,0.8722759485244751,0.9342586994171143,97.46558380126953,4461.0,2.294079065322876,105.0,0.0,0.0,0.24033209681510925,11.0,0.0,0.0,11.378863334655762,17.030803680419922,9.883739471435547,0.5276447534561157,0.7360246777534485,86.7161865234375,3969.0,12.562814712524414,575.0,0.0,0.0,0.7209962606430054,33.0,0.0,0.0,14.608748435974121,21.97922706604004,12.665300369262695,0.2151598334312439,0.5277770161628723,79.7247085571289,3649.0,19.270265579223633,882.0,0.021848371252417564,1.0,0.9831767678260803,45.0,0.0,0.0,16.464075088500977,24.72779655456543,14.32655143737793,0.012225210666656494,0.37696823477745056,76.25082397460938,3490.0,22.591217041015625,1034.0,0.021848371252417564,1.0,1.1361154317855835,52.0,0.0,0.0,0.1915750950574875,0.3106312155723572,0.49779370427131653,0.26958927512168884,0.11920291930437088,0.9938092231750488,0.896390974521637,1.0,0.21052631735801697,0.2210526168346405,0.2631579041481018,0.3052631616592407
17,0.16517096448674834,12.132786750793457,19.141090393066406,10.535030364990234,0.4049675464630127,0.65995854139328,85.07756042480469,15576.0,14.141358375549316,2589.0,0.005462092813104391,1.0,0.775617241859436,142.0,0.0,0.0,6.020920753479004,8.8699312210083,5.282036304473877,0.871933102607727,0.9340113997459412,97.46558380126953,4461.0,2.294079065322876,105.0,0.0,0.0,0.24033209681510925,11.0,0.0,0.0,11.387696266174316,17.059734344482422,9.873000144958496,0.5260385274887085,0.7346057891845703,86.82543182373047,3974.0,12.431723594665527,569.0,0.0,0.0,0.7428447008132935,34.0,0.0,0.0,14.618199348449707,21.985593795776367,12.653109550476074,0.21470504999160767,0.5263949632644653,79.7247085571289,3649.0,19.292112350463867,883.0,0.0,0.0,0.9831767678260803,45.0,0.0,0.0,16.50432777404785,24.747699737548828,14.331982612609863,0.01063448190689087,0.37550368905067444,76.29451751708984,3492.0,22.547521591186523,1032.0,0.021848371252417564,1.0,1.1361154317855835,52.0,0.0,0.0,0.20889237523078918,0.3016854226589203,0.4894222021102905,0.2705306112766266,0.11920291930437088,0.9940066933631897,0.8954867124557495,1.0,0.21052631735801697,0.2210526168346405,0.2631579041481018,0.3052631616592407
18,0.1582525456980207,12.08762264251709,19.11610984802246,10.498165130615234,0.4065195918083191,0.6612913608551025,85.16495513916016,15592.0,14.064889907836914,2575.0,0.0,0.0,0.770155131816864,141.0,0.0,0.0,5.995341777801514,8.828542709350586,5.259139537811279,0.8731254935264587,0.9346231818199158,97.53113555908203,4464.0,2.250382423400879,103.0,0.0,0.0,0.21848371624946594,10.0,0.0,0.0,11.321226119995117,17.018999099731445,9.822240829467773,0.5282992720603943,0.7362154126167297,86.8035888671875,3973.0,12.475420951843262,571.0,0.0,0.0,0.7209962606430054,33.0,0.0,0.0,14.582842826843262,21.954357147216797,12.630529403686523,0.21693497896194458,0.5290147066116333,80.03059387207031,3663.0,18.964387893676758,868.0,0.0,0.0,1.0050251483917236,46.0,0.0,0.0,16.451086044311523,24.74104881286621,14.28075122833252,0.011166214942932129,0.37707626819610596,76.29451751708984,3492.0,22.569368362426758,1033.0,0.0,0.0,1.1361154317855835,52.0,0.0,0.0,0.2297728955745697,0.2755284309387207,0.49469873309135437,0.26270946860313416,0.11920291930437088,0.9925664067268372,0.9013684988021851,1.0,0.21052631735801697,0.2210526168346405,0.2631579041481018,0.3052631616592407
step,fold16/test_loss,fold16/test_mae,fold16/test_rmse,fold16/test_mard,fold16/test_r2,fold16/test_pearson,fold16/test_ega_zone_a_pct,fold16/test_ega_zone_a_count,fold16/test_ega_zone_b_pct,fold16/test_ega_zone_b_count,fold16/test_ega_zone_c_pct,fold16/test_ega_zone_c_count,fold16/test_ega_zone_d_pct,fold16/test_ega_zone_d_count,fold16/test_ega_zone_e_pct,fold16/test_ega_zone_e_count,fold16/test_horizon_15_mae,fold16/test_horizon_15_rmse,fold16/test_horizon_15_mard,fold16/test_horizon_15_r2,fold16/test_horizon_15_pearson,fold16/test_horizon_15_ega_zone_a_pct,fold16/test_horizon_15_ega_zone_a_count,fold16/test_horizon_15_ega_zone_b_pct,fold16/test_horizon_15_ega_zone_b_count,fold16/test_horizon_15_ega_zone_c_pct,fold16/test_horizon_15_ega_zone_c_count,fold16/test_horizon_15_ega_zone_d_pct,fold16/test_horizon_15_ega_zone_d_count,fold16/test_horizon_15_ega_zone_e_pct,fold16/test_horizon_15_ega_zone_e_count,fold16/test_horizon_30_mae,fold16/test_horizon_30_rmse,fold16/test_horizon_30_mard,fold16/test_horizon_30_r2,fold16/test_horizon_30_pearson,fold16/test_horizon_30_ega_zone_a_pct,fold16/test_horizon_30_ega_zone_a_count,fold16/test_horizon_30_ega_zone_b_pct,fold16/test_horizon_30_ega_zone_b_count,fold16/test_horizon_30_ega_zone_c_pct,fold16/test_horizon_30_ega_zone_c_count,fold16/test_horizon_30_ega_zone_d_pct,fold16/test_horizon_30_ega_zone_d_count,fold16/test_horizon_30_ega_zone_e_pct,fold16/test_horizon_30_ega_zone_e_count,fold16/test_horizon_45_mae,fold16/test_horizon_45_rmse,fold16/test_horizon_45_mard,fold16/test_horizon_45_r2,fold16/test_horizon_45_pearson,fold16/test_horizon_45_ega_zone_a_pct,fold16/test_horizon_45_ega_zone_a_count,fold16/test_horizon_45_ega_zone_b_pct,fold16/test_horizon_45_ega_zone_b_count,fold16/test_horizon_45_ega_zone_c_pct,fold16/test_horizon_45_ega_zone_c_count,fold16/test_horizon_45_ega_zone_d_pct,fold16/test_horizon_45_ega_zone_d_count,fold16/test_horizon_45_ega_zone_e_pct,fold16/test_horizon_45_ega_zone_e_count,fold16/test_horizon_60_mae,fold16/test_horizon_60_rmse,fold16/test_horizon_60_mard,fold16/test_horizon_60_r2,fold16/test_horizon_60_pearson,fold16/test_horizon_60_ega_zone_a_pct,fold16/test_horizon_60_ega_zone_a_count,fold16/test_horizon_60_ega_zone_b_pct,fold16/test_horizon_60_ega_zone_b_count,fold16/test_horizon_60_ega_zone_c_pct,fold16/test_horizon_60_ega_zone_c_count,fold16/test_horizon_60_ega_zone_d_pct,fold16/test_horizon_60_ega_zone_d_count,fold16/test_horizon_60_ega_zone_e_pct,fold16/test_horizon_60_ega_zone_e_count
0,0.31855098354912686,11.299348831176758,15.85909652709961,10.49124813079834,0.11723589897155762,0.490307480096817,84.45790100097656,5858.0,15.441176414489746,1071.0,0.0,0.0,0.10092272609472275,7.0,0.0,0.0,6.713283538818359,9.335755348205566,6.329452991485596,0.7009314298629761,0.8461788296699524,96.48212432861328,1673.0,3.344867467880249,58.0,0.0,0.0,0.17301037907600403,3.0,0.0,0.0,11.412651062011719,15.669184684753418,10.583187103271484,0.14411544799804688,0.5164364576339722,85.46713256835938,1482.0,14.359861373901367,249.0,0.0,0.0,0.17301037907600403,3.0,0.0,0.0,13.197484016418457,17.866146087646484,12.193206787109375,-0.13068926334381104,0.3054620027542114,79.18108367919922,1373.0,20.761245727539062,360.0,0.0,0.0,0.057670123875141144,1.0,0.0,0.0,13.873977661132812,18.81926918029785,12.859146118164062,-0.2696411609649658,0.17705272138118744,76.7012710571289,1330.0,23.298730850219727,404.0,0.0,0.0,0.0,0.0,0.0,0.0
step,summary/loss,summary/mae,summary/rmse,summary/mard,summary/r2,summary/pearson,summary/ega_zone_a_pct,summary/ega_zone_a_count,summary/ega_zone_b_pct,summary/ega_zone_b_count,summary/ega_zone_c_pct,summary/ega_zone_c_count,summary/ega_zone_d_pct,summary/ega_zone_d_count,summary/ega_zone_e_pct,summary/ega_zone_e_count,summary/horizon_15_mae,summary/horizon_15_rmse,summary/horizon_15_mard,summary/horizon_15_r2,summary/horizon_15_pearson,summary/horizon_15_ega_zone_a_pct,summary/horizon_15_ega_zone_a_count,summary/horizon_15_ega_zone_b_pct,summary/horizon_15_ega_zone_b_count,summary/horizon_15_ega_zone_c_pct,summary/horizon_15_ega_zone_c_count,summary/horizon_15_ega_zone_d_pct,summary/horizon_15_ega_zone_d_count,summary/horizon_15_ega_zone_e_pct,summary/horizon_15_ega_zone_e_count,summary/horizon_30_mae,summary/horizon_30_rmse,summary/horizon_30_mard,summary/horizon_30_r2,summary/horizon_30_pearson,summary/horizon_30_ega_zone_a_pct,summary/horizon_30_ega_zone_a_count,summary/horizon_30_ega_zone_b_pct,summary/horizon_30_ega_zone_b_count,summary/horizon_30_ega_zone_c_pct,summary/horizon_30_ega_zone_c_count,summary/horizon_30_ega_zone_d_pct,summary/horizon_30_ega_zone_d_count,summary/horizon_30_ega_zone_e_pct,summary/horizon_30_ega_zone_e_count,summary/horizon_45_mae,summary/horizon_45_rmse,summary/horizon_45_mard,summary/horizon_45_r2,summary/horizon_45_pearson,summary/horizon_45_ega_zone_a_pct,summary/horizon_45_ega_zone_a_count,summary/horizon_45_ega_zone_b_pct,summary/horizon_45_ega_zone_b_count,summary/horizon_45_ega_zone_c_pct,summary/horizon_45_ega_zone_c_count,summary/horizon_45_ega_zone_d_pct,summary/horizon_45_ega_zone_d_count,summary/horizon_45_ega_zone_e_pct,summary/horizon_45_ega_zone_e_count,summary/horizon_60_mae,summary/horizon_60_rmse,summary/horizon_60_mard,summary/horizon_60_r2,summary/horizon_60_pearson,summary/horizon_60_ega_zone_a_pct,summary/horizon_60_ega_zone_a_count,summary/horizon_60_ega_zone_b_pct,summary/horizon_60_ega_zone_b_count,summary/horizon_60_ega_zone_c_pct,summary/horizon_60_ega_zone_c_count,summary/horizon_60_ega_zone_d_pct,summary/horizon_60_ega_zone_d_count,summary/horizon_60_ega_zone_e_pct,summary/horizon_60_ega_zone_e_count
0,0.28300744250035714,10.34624445438385,15.628643214702606,8.917824894189835,0.38563161715865135,0.6560644675046206,89.01113700866699,6015.25,10.652550786733627,738.125,0.0008197795832529664,0.0625,0.3338525173603557,23.9375,0.0016395591665059328,0.125,5.414273649454117,7.757883429527283,4.73481984436512,0.840607475489378,0.9192717410624027,98.35519170761108,1666.875,1.5127839744091034,25.5625,0.0,0.0,0.1320255515165627,1.9375,0.0,0.0,9.812286883592606,14.25086361169815,8.462834477424622,0.48146748542785645,0.715492743998766,90.54996728897095,1531.375,9.136546611785889,157.5,0.0,0.0,0.31348612252622843,5.5,0.0,0.0,12.33137172460556,17.848666608333588,10.586460411548615,0.1990140751004219,0.5270988512784243,85.18110370635986,1437.0,14.402416348457336,249.6875,0.0,0.0,0.4164796690456569,7.6875,0.0,0.0,13.82704484462738,19.83462691307068,11.887185037136078,0.0187002494931221,0.39195612631738186,81.95828771591187,1380.0,17.558456122875214,305.375,0.0032791183330118656,0.0625,0.4734186853747815,8.8125,0.006558236666023731,0.125
